target_id,q_sampled,position_xyz,rotation_matrix,quaternion_wxyz,transform_row_major,within_joint_limits,fk_verified
0,"[-0.00341632954095262, -1.5648497035521296, 1.5810478646897865, -0.005551720131488077, 1.5743985466928614, -0.014389250756701945]","[0.6673816894956951, 0.16132982623790373, 0.6133443570035731]","[0.006864375878545084, 0.010746059839612496, 0.9999186979658503, 0.9998723731750505, 0.014352033011480216, -0.007018298207528447, -0.014426285214512547, 0.9998392577541456, -0.010646170604902364]","[0.5026356131147899, 0.5007890058377797, 0.504513088962476, 0.4919698721733558]","[0.006864375878545084, 0.010746059839612496, 0.9999186979658503, 0.6673816894956951, 0.9998723731750505, 0.014352033011480216, -0.007018298207528447, 0.16132982623790373, -0.014426285214512547, 0.9998392577541456, -0.010646170604902364, 0.6133443570035731, 0.0, 0.0, 0.0, 1.0]",True,True
1,"[0.003299881971288503, -1.5802221250139667, 1.568054455571046, -0.006354841462446, 1.569718700088739, 0.004179601067597066]","[0.6602712843350995, 0.16622007559873497, 0.6322637224779026]","[-0.004454683241334984, -0.018502894029526262, 0.9998188829531837, 0.9999814294495764, -0.004240666406241551, 0.004376928650677307, 0.00415891250226724, 0.9998198135969117, 0.01852144124617168]","[0.5024505178618575, 0.49529398893958304, 0.4954020023145149, 0.5067585201291016]","[-0.004454683241334984, -0.018502894029526262, 0.9998188829531837, 0.6602712843350995, 0.9999814294495764, -0.004240666406241551, 0.004376928650677307, 0.16622007559873497, 0.00415891250226724, 0.9998198135969117, 0.01852144124617168, 0.6322637224779026, 0.0, 0.0, 0.0, 1.0]",True,True
2,"[-0.009458029932889049, -1.5728917271827076, 1.56776461870527, 0.008740488794972965, 1.5729568428590341, -0.0059431533773426385]","[0.6643102167520737, 0.15746587136136994, 0.6262004909128793]","[0.011596591572317697, 0.003682195584605631, 0.9999259775101266, 0.9999150493979376, 0.00590854340448769, -0.011618222857101007, -0.005950886608298744, 0.9999757649815889, -0.003613363815224653]","[0.503460964515021, 0.5023199707315683, 0.4994810596127232, 0.4946922025886324]","[0.011596591572317697, 0.003682195584605631, 0.9999259775101266, 0.6643102167520737, 0.9999150493979376, 0.00590854340448769, -0.011618222857101007, 0.15746587136136994, -0.005950886608298744, 0.9999757649815889, -0.003613363815224653, 0.6262004909128793, 0.0, 0.0, 0.0, 1.0]",True,True
3,"[-0.002739548174180593, -1.5636815881067638, 1.5733295746329952, -0.0027250997386932202, 1.569464796797665, -0.001303044073251904]","[0.6684712381630414, 0.16223306902624707, 0.6174275414845124]","[0.0013990277044767492, 0.006924634180220739, 0.9999750457701192, 0.9999981844064162, 0.001284077432686607, -0.0014079520652509547, -0.0012937949425183165, 0.9999751999857882, -0.00692282514799633]","[0.49893894415779155, 0.5017563590578067, 0.5016990818399527, 0.49759272244347585]","[0.0013990277044767492, 0.006924634180220739, 0.9999750457701192, 0.6684712381630414, 0.9999981844064162, 0.001284077432686607, -0.0014079520652509547, 0.16223306902624707, -0.0012937949425183165, 0.9999751999857882, -0.00692282514799633, 0.6174275414845124, 0.0, 0.0, 0.0, 1.0]",True,True
4,"[-0.003366104170864963, -1.5805226064957334, 1.5655749507707217, 0.010239921954281883, 1.568897352063367, -0.0007413243082644126]","[0.6595758687187597, 0.16189680575268728, 0.6325606100507624]","[0.001470639478567968, -0.004706600986930107, 0.9999878424894344, 0.999998637166604, 0.0007571704824424268, -0.0014670916111731982, -0.0007502562623092219, 0.9999886372354491, 0.0047077080974205834]","[0.5017308835567208, 0.49900044110669506, 0.4986428639082419, 0.5006195906415396]","[0.001470639478567968, -0.004706600986930107, 0.9999878424894344, 0.6595758687187597, 0.999998637166604, 0.0007571704824424268, -0.0014670916111731982, 0.16189680575268728, -0.0007502562623092219, 0.9999886372354491, 0.0047077080974205834, 0.6325606100507624, 0.0, 0.0, 0.0, 1.0]",True,True
5,"[-0.0003463789127962488, -1.5615287831000495, 1.56799668083988, 0.01057972268386339, 1.567815893912597, -0.001646134758744763]","[0.6682304047731389, 0.16398434450270377, 0.618317271118991]","[-0.002661675587829834, 0.01704243509008379, 0.9998512243775398, 0.9999951855762069, 0.0016402240719650375, 0.0026341012511691634, -0.0015950885470139976, 0.9998534217930117, -0.01704671878494972]","[0.495462367314407, 0.5031761170616992, 0.5053089694545172, 0.4959775026981857]","[-0.002661675587829834, 0.01704243509008379, 0.9998512243775398, 0.6682304047731389, 0.9999951855762069, 0.0016402240719650375, 0.0026341012511691634, 0.16398434450270377, -0.0015950885470139976, 0.9998534217930117, -0.01704671878494972, 0.618317271118991, 0.0, 0.0, 0.0, 1.0]",True,True
6,"[-0.0014369392640498824, -1.577273459178575, 1.5657118125892862, 0.01174571071084157, 1.566809469432455, -0.0004986972482212606]","[0.6607111619410219, 0.16335935452207262, 0.6301867766527444]","[-0.0025500067425870384, 0.0001827920674099441, 0.9999967320209966, 0.9999966247431399, 0.0004984315271112672, 0.0025499153593998387, -0.000497963793947237, 0.9999998590765263, -0.00018406245419461592]","[0.499440777853173, 0.4992833925198433, 0.5008074731680561, 0.5004666604183742]","[-0.0025500067425870384, 0.0001827920674099441, 0.9999967320209966, 0.6607111619410219, 0.9999966247431399, 0.0004984315271112672, 0.0025499153593998387, 0.16335935452207262, -0.000497963793947237, 0.9999998590765263, -0.00018406245419461592, 0.6301867766527444, 0.0, 0.0, 0.0, 1.0]",True,True
7,"[0.0015171972609439996, -1.578440641237523, 1.5707793223770687, 0.01023590015646866, 1.5699909360029547, -0.01071520419639315]","[0.6592571127411327, 0.16501566972759335, 0.6277296560878185]","[-0.002350036534848097, 0.0025495410055035657, 0.9999939885664042, 0.9999398538425605, 0.01071887657895561, 0.0023225809358507717, -0.010712890627806284, 0.9999393009205839, -0.0025745774119819236]","[0.5014464733728131, 0.49736949652601786, 0.5038956961826984, 0.4972566194994065]","[-0.002350036534848097, 0.0025495410055035657, 0.9999939885664042, 0.6592571127411327, 0.9999398538425605, 0.01071887657895561, 0.0023225809358507717, 0.16501566972759335, -0.010712890627806284, 0.9999393009205839, -0.0025745774119819236, 0.6277296560878185, 0.0, 0.0, 0.0, 1.0]",True,True
8,"[-0.004495560974972719, -1.5735049296574577, 1.5723994983796918, 0.015638698850383253, 1.5764536276027474, -0.006920026788410699]","[0.6618773138634116, 0.16044552123061734, 0.6229027131648222]","[0.01005128160267502, 0.014602513126618775, 0.999842856827277, 0.9999249728688767, 0.0068542842291561, -0.010152212610181809, -0.00700145494308999, 0.9998698842339901, -0.014532523200979669]","[0.5005929091164925, 0.5044129064007231, 0.5028258957699625, 0.49207771514446513]","[0.01005128160267502, 0.014602513126618775, 0.999842856827277, 0.6618773138634116, 0.9999249728688767, 0.0068542842291561, -0.010152212610181809, 0.16044552123061734, -0.00700145494308999, 0.9998698842339901, -0.014532523200979669, 0.6229027131648222, 0.0, 0.0, 0.0, 1.0]",True,True
9,"[-0.003935088925213303, -1.570429656584039, 1.5574082038931623, 0.020906057127849022, 1.5744958563593239, 0.0002749624094720456]","[0.6643987870477394, 0.16098668910208763, 0.6303285739444116]","[0.0076365969705795705, 0.007882362015416724, 0.9999397735642717, 0.9999708105623347, -0.000305980197868447, -0.00763442200994568, 0.0002457844917108686, 0.9999688868885752, -0.007884468581154122]","[0.499861517870589, 0.503941228158007, 0.49998547264213256, 0.49618164885607546]","[0.0076365969705795705, 0.007882362015416724, 0.9999397735642717, 0.6643987870477394, 0.9999708105623347, -0.000305980197868447, -0.00763442200994568, 0.16098668910208763, 0.0002457844917108686, 0.9999688868885752, -0.007884468581154122, 0.6303285739444116, 0.0, 0.0, 0.0, 1.0]",True,True
10,"[-0.00568860543378324, -1.582758130031, 1.5687063555007634, 0.022864045041476024, 1.572539773146221, -0.003410566816842306]","[0.6570208248640842, 0.16004533187585143, 0.6307897952842864]","[0.007401818544694694, 0.00883730941851796, 0.9999335553147882, 0.9999667379638381, 0.0033603381073604656, -0.00743176249386365, -0.003425791615435927, 0.9999553040461587, -0.008812142858693006]","[0.5004872660201661, 0.5032031456817484, 0.5011912465370277, 0.49508224076643365]","[0.007401818544694694, 0.00883730941851796, 0.9999335553147882, 0.6570208248640842, 0.9999667379638381, 0.0033603381073604656, -0.00743176249386365, 0.16004533187585143, -0.003425791615435927, 0.9999553040461587, -0.008812142858693006, 0.6307897952842864, 0.0, 0.0, 0.0, 1.0]",True,True
11,"[-0.004668676965058131, -1.578415953867878, 1.5596248244024071, 0.02733649691727083, 1.5669324471999386, -0.008949872647908835]","[0.6595029221741987, 0.1612200109928329, 0.6335521215774423]","[0.0007284289543621497, 0.008552031885605918, 0.9999631653925487, 0.9999599827082206, 0.008909857341419192, -0.000804626826801471, -0.008916410344600395, 0.9999237356882688, -0.008545199458383923]","[0.5002731970727088, 0.5000909344987486, 0.5041643154382907, 0.495433273571183]","[0.0007284289543621497, 0.008552031885605918, 0.9999631653925487, 0.6595029221741987, 0.9999599827082206, 0.008909857341419192, -0.000804626826801471, 0.1612200109928329, -0.008916410344600395, 0.9999237356882688, -0.008545199458383923, 0.6335521215774423, 0.0, 0.0, 0.0, 1.0]",True,True
12,"[-0.005316589369933168, -1.5895049854532584, 1.5536214380534759, 0.025405360884059428, 1.5733123268422349, 0.00800322293971538]","[0.6547506322464225, 0.1602302658095291, 0.6449970656487337]","[0.007748264730698315, -0.01054019488066505, 0.9999144306817164, 0.999937747360758, -0.00794718645558371, -0.00783221747227387, 0.008029059518761948, 0.9999128694637938, 0.010477961821193524]","[0.5025631900806873, 0.5013026753781313, 0.49341326162571997, 0.5026621339294614]","[0.007748264730698315, -0.01054019488066505, 0.9999144306817164, 0.6547506322464225, 0.999937747360758, -0.00794718645558371, -0.00783221747227387, 0.1602302658095291, 0.008029059518761948, 0.9999128694637938, 0.010477961821193524, 0.6449970656487337, 0.0, 0.0, 0.0, 1.0]",True,True
13,"[-0.01640610973213724, -1.5710406568454462, 1.5515118849215717, 0.034294496528308877, 1.5637888568165559, 0.0027600193525626755]","[0.6651316494853892, 0.1536960341950632, 0.6334268832088383]","[0.009439976033158127, 0.014737202449115437, 0.9998468391291074, 0.9999513433428373, -0.00300212100657337, -0.009396713059185718, 0.002863179936396012, 0.9998868946703101, -0.014764825336459033]","[0.4979139056328227, 0.5067560858973946, 0.5005803452735453, 0.49467093093210873]","[0.009439976033158127, 0.014737202449115437, 0.9998468391291074, 0.6651316494853892, 0.9999513433428373, -0.00300212100657337, -0.009396713059185718, 0.1536960341950632, 0.002863179936396012, 0.9998868946703101, -0.014764825336459033, 0.6334268832088383, 0.0, 0.0, 0.0, 1.0]",True,True
14,"[-0.007484350154843898, -1.5844717790570608, 1.540255984008197, 0.03783738577810039, 1.5751022235444343, -0.0037414069514588658]","[0.6575124157518809, 0.15862743319814365, 0.6494296618775878]","[0.01181366698123097, -0.006334032279641828, 0.9999101546176722, 0.9999233193248374, 0.003788875739940421, -0.011789821501050707, -0.003713858216992102, 0.9999727618568954, 0.0063783070979950415]","[0.505465342486299, 0.5004114517432868, 0.4963861656162253, 0.49768859851739217]","[0.01181366698123097, -0.006334032279641828, 0.9999101546176722, 0.6575124157518809, 0.9999233193248374, 0.003788875739940421, -0.011789821501050707, 0.15862743319814365, -0.003713858216992102, 0.9999727618568954, 0.0063783070979950415, 0.6494296618775878, 0.0, 0.0, 0.0, 1.0]",True,True
15,"[-0.0028908543346673225, -1.5803598550116023, 1.5438361232491806, 0.0506569020883259, 1.5711102355906763, -0.00266745898120982]","[0.6570922685994358, 0.16201317927914408, 0.6431784181214123]","[0.0031670166957119307, 0.01414113875099612, 0.9998949935868638, 0.9999914161725392, 0.002626587156645982, -0.003204468933799511, -0.002671626187965989, 0.9998965592673742, -0.014132698920523155]","[0.49791086173426535, 0.5036549236480243, 0.5033865982973368, 0.4949933578410723]","[0.0031670166957119307, 0.01414113875099612, 0.9998949935868638, 0.6570922685994358, 0.9999914161725392, 0.002626587156645982, -0.003204468933799511, 0.16201317927914408, -0.002671626187965989, 0.9998965592673742, -0.014132698920523155, 0.6431784181214123, 0.0, 0.0, 0.0, 1.0]",True,True
16,"[-0.009396853943100606, -1.5876415219443318, 1.530827576212198, 0.04725789136839328, 1.564075303703254, 0.004839428458180482]","[0.6558846006524964, 0.15840450623165458, 0.656896620964908]","[0.0026298602639168184, -0.009568326247130488, 0.9999507642718317, 0.9999851416667598, -0.0047495987108541375, -0.0026753986237844254, 0.004774963947776596, 0.9999429425946834, 0.009555693296831326]","[0.5018555456627669, 0.49945564509722473, 0.49574813356390895, 0.5029103875800759]","[0.0026298602639168184, -0.009568326247130488, 0.9999507642718317, 0.6558846006524964, 0.9999851416667598, -0.0047495987108541375, -0.0026753986237844254, 0.15840450623165458, 0.004774963947776596, 0.9999429425946834, 0.009555693296831326, 0.656896620964908, 0.0, 0.0, 0.0, 1.0]",True,True
17,"[-0.003149213622313239, -1.5857929119149579, 1.5395654114316395, 0.048931775706322476, 1.567618984722313, 0.006025604133829639]","[0.6549113206016095, 0.162172302461441, 0.6497288499384906]","[-1.1821630891844633e-05, 0.0027043786402763267, 0.9999963430915231, 0.9999817943569914, -0.00603408341956645, 2.8139964890250686e-05, 0.0060341374545956296, 0.999978137847751, -0.0027042580726172943]","[0.4978076528331311, 0.5021768911104163, 0.49916980985530945, 0.5008347149953368]","[-1.1821630891844633e-05, 0.0027043786402763267, 0.9999963430915231, 0.6549113206016095, 0.9999817943569914, -0.00603408341956645, 2.8139964890250686e-05, 0.162172302461441, 0.0060341374545956296, 0.999978137847751, -0.0027042580726172943, 0.6497288499384906, 0.0, 0.0, 0.0, 1.0]",True,True
18,"[-0.015784632334540985, -1.6039926683697645, 1.5425358551116475, 0.06753430643789456, 1.5792153821320514, 0.0010900915788789696]","[0.6448943693471155, 0.15300483507608076, 0.6578542331682548]","[0.02420777889463821, 0.006050313375048243, 0.9996886401020328, 0.999706408960825, -0.0011856980325723103, -0.02420103309420609, 0.0010389050195340089, 0.9999809937335006, -0.00607724017306545]","[0.5042184151459069, 0.5078067341765654, 0.4951473930169315, 0.4926714622760456]","[0.02420777889463821, 0.006050313375048243, 0.9996886401020328, 0.6448943693471155, 0.999706408960825, -0.0011856980325723103, -0.02420103309420609, 0.15300483507608076, 0.0010389050195340089, 0.9999809937335006, -0.00607724017306545, 0.6578542331682548, 0.0, 0.0, 0.0, 1.0]",True,True
19,"[-0.007614400897644332, -1.5942065464827455, 1.5234835122684967, 0.06649582699370314, 1.57404012375204, -0.005210126638941413]","[0.6504585804438069, 0.15869371843015834, 0.6642641470643419]","[0.01087983162201847, -0.0041704438491097715, 0.9999321160268719, 0.9999273109895369, 0.005241983153626287, -0.010857916459932873, -0.005196344976068273, 0.9999775642536778, 0.004227172597750098]","[0.5050616267777118, 0.5003525446799092, 0.4975276321305827, 0.49701744381412444]","[0.01087983162201847, -0.0041704438491097715, 0.9999321160268719, 0.6504585804438069, 0.9999273109895369, 0.005241983153626287, -0.010857916459932873, 0.15869371843015834, -0.005196344976068273, 0.9999775642536778, 0.004227172597750098, 0.6642641470643419, 0.0, 0.0, 0.0, 1.0]",True,True
20,"[-0.015877059584886652, -1.6016396216300453, 1.5251938538899823, 0.08212766269783416, 1.580317472085057, -0.004996621966769331]","[0.6458001792670383, 0.15282944890134184, 0.6664942592640173]","[0.02536661725263586, 0.005807967427902645, 0.9996613437777387, 0.999665457037553, 0.004904783730757455, -0.02539521810212802, -0.005050617294789832, 0.9999711048879917, -0.005681606641668452]","[0.5061101150791507, 0.5064936920050306, 0.4962911879934475, 0.4909294736453848]","[0.02536661725263586, 0.005807967427902645, 0.9996613437777387, 0.6458001792670383, 0.999665457037553, 0.004904783730757455, -0.02539521810212802, 0.15282944890134184, -0.005050617294789832, 0.9999711048879917, -0.005681606641668452, 0.6664942592640173, 0.0, 0.0, 0.0, 1.0]",True,True
21,"[-0.014966855263225732, -1.6041592777210214, 1.5296154840178853, 0.08856270872674721, 1.5633135727594296, -0.0031304589781524852]","[0.6432548873488568, 0.15502112277297278, 0.6646002448569882]","[0.007440850662234486, 0.014040247589853515, 0.9998737446243089, 0.9999677402770402, 0.0029205632332952826, -0.00748256076687158, -0.0030252515022600353, 0.9998971655915502, -0.014018063180487424]","[0.4990850004545925, 0.5046133050686997, 0.5023688325701416, 0.49386752346251284]","[0.007440850662234486, 0.014040247589853515, 0.9998737446243089, 0.6432548873488568, 0.9999677402770402, 0.0029205632332952826, -0.00748256076687158, 0.15502112277297278, -0.0030252515022600353, 0.9998971655915502, -0.014018063180487424, 0.6646002448569882, 0.0, 0.0, 0.0, 1.0]",True,True
22,"[-0.015129859727736554, -1.5991379043733955, 1.530684175748539, 0.09701031806654482, 1.5698067826968634, -0.0025667726647161113]","[0.644883897534194, 0.15429326487567882, 0.6599143173983242]","[0.0140669213859859, 0.028585640925079515, 0.9994923625799361, 0.9998978362664375, 0.0021345330687004573, -0.014133676035460615, -0.0025374696879415003, 0.9995890680181937, -0.028552694200403145]","[0.4969025961529792, 0.5100208531319305, 0.5041379538090536, 0.4886833973404739]","[0.0140669213859859, 0.028585640925079515, 0.9994923625799361, 0.644883897534194, 0.9998978362664375, 0.0021345330687004573, -0.014133676035460615, 0.15429326487567882, -0.0025374696879415003, 0.9995890680181937, -0.028552694200403145, 0.6599143173983242, 0.0, 0.0, 0.0, 1.0]",True,True
23,"[-0.018901392184010626, -1.6075393085278493, 1.5197639618518788, 0.09748288716301254, 1.5720737888697554, -0.010836986175480567]","[0.641669775711437, 0.15172258979292805, 0.6724667144780816]","[0.02007106189211789, 0.009923742112076795, 0.999749304484387, 0.9997396956032781, 0.010651106819954995, -0.020176594325467652, -0.010848663954024848, 0.9998940310182887, -0.009707379894170219]","[0.5052263821342623, 0.5047591839100931, 0.5000718510429295, 0.48978833474107897]","[0.02007106189211789, 0.009923742112076795, 0.999749304484387, 0.641669775711437, 0.9997396956032781, 0.010651106819954995, -0.020176594325467652, 0.15172258979292805, -0.010848663954024848, 0.9998940310182887, -0.009707379894170219, 0.6724667144780816, 0.0, 0.0, 0.0, 1.0]",True,True
24,"[-0.02318323456764441, -1.6093397619748173, 1.5100147115058706, 0.10320882530664012, 1.5730951021357433, -0.0020470019508955287]","[0.6412703655402591, 0.14890367683456215, 0.6795385616662721]","[0.025471233633160943, 0.003934869109018498, 0.9996678113565026, 0.9996734414184559, 0.0019563063981648, -0.02547907745302613, -0.00205591337019233, 0.9999903447885742, -0.0038837546064179954]","[0.5058517039174889, 0.5068033844207768, 0.49506788104547406, 0.492109923025907]","[0.025471233633160943, 0.003934869109018498, 0.9996678113565026, 0.6412703655402591, 0.9996734414184559, 0.0019563063981648, -0.02547907745302613, 0.14890367683456215, -0.00205591337019233, 0.9999903447885742, -0.0038837546064179954, 0.6795385616662721, 0.0, 0.0, 0.0, 1.0]",True,True
25,"[-0.026739883413578365, -1.6127046609035456, 1.517698965845909, 0.10854613830509476, 1.5711710267931003, -0.008348086285331558]","[0.6388591126449307, 0.14687797759160798, 0.6761148660749147]","[0.026997290446522118, 0.013761041478329064, 0.9995407845835895, 0.9996006129604948, 0.00798291815913893, -0.027108810130054305, -0.008352297740680135, 0.9998734453695108, -0.01354002833655944]","[0.5053316189071048, 0.5080734200447664, 0.49862953584028097, 0.4877191207697776]","[0.026997290446522118, 0.013761041478329064, 0.9995407845835895, 0.6388591126449307, 0.9996006129604948, 0.00798291815913893, -0.027108810130054305, 0.14687797759160798, -0.008352297740680135, 0.9998734453695108, -0.01354002833655944, 0.6761148660749147, 0.0, 0.0, 0.0, 1.0]",True,True
26,"[-0.018414616296898445, -1.6067876685471294, 1.5110784040254095, 0.11743187524331065, 1.5666744374587123, 0.0016116549206700598]","[0.640240884433678, 0.15255777858462233, 0.6759191297378581]","[0.014328194718233931, 0.02169415560790475, 0.9996619760942079, 0.9998958996318679, -0.002011448126275378, -0.014287896129695762, 0.001700804366776236, 0.9997626306723488, -0.021720717658738536]","[0.49764345392389614, 0.5094262361969709, 0.5013434638085523, 0.49141696545533076]","[0.014328194718233931, 0.02169415560790475, 0.9996619760942079, 0.640240884433678, 0.9998958996318679, -0.002011448126275378, -0.014287896129695762, 0.15255777858462233, 0.001700804366776236, 0.9997626306723488, -0.021720717658738536, 0.6759191297378581, 0.0, 0.0, 0.0, 1.0]",True,True
27,"[-0.021466071401420952, -1.6178287053079956, 1.5081096708616881, 0.12274551849097587, 1.5781067776939592, -0.001178092548738574]","[0.6341272023941399, 0.14969029483124136, 0.6843983740559084]","[0.028756568386792532, 0.013057001343352699, 0.9995011628260045, 0.9995856334947091, 0.0008980070989548222, -0.028770729817499275, -0.0012732185975076772, 0.9999143504816649, -0.013025767356783562]","[0.5041400619195433, 0.5101186941890634, 0.4962779478449918, 0.4892135671558663]","[0.028756568386792532, 0.013057001343352699, 0.9995011628260045, 0.6341272023941399, 0.9995856334947091, 0.0008980070989548222, -0.028770729817499275, 0.14969029483124136, -0.0012732185975076772, 0.9999143504816649, -0.013025767356783562, 0.6843983740559084, 0.0, 0.0, 0.0, 1.0]",True,True
28,"[-0.03206091198289427, -1.6156014234004645, 1.500276621957367, 0.1468079182511051, 1.5673587779800429, -0.00197456354699944]","[0.6345405027285345, 0.14399147757551323, 0.685995079815284]","[0.02855897846437366, 0.03151819213553976, 0.9990950847209581, 0.9995903686585877, 0.0009647179055262059, -0.028603569783351004, -0.0018653777257475062, 0.9995027127946524, -0.03147772993832824]","[0.4995112527340027, 0.5145561170798516, 0.5009699265872853, 0.48450969383794884]","[0.02855897846437366, 0.03151819213553976, 0.9990950847209581, 0.6345405027285345, 0.9995903686585877, 0.0009647179055262059, -0.028603569783351004, 0.14399147757551323, -0.0018653777257475062, 0.9995027127946524, -0.03147772993832824, 0.685995079815284, 0.0, 0.0, 0.0, 1.0]",True,True
29,"[-0.029108874579848426, -1.627744798504395, 1.491042613642882, 0.1422319655351967, 1.565793216976963, -0.008156232853802058]","[0.6282055885782254, 0.14618043642804443, 0.7000910227918846]","[0.024057622625894313, 0.005723817492312366, 0.9996941875928382, 0.9996775283398637, 0.007992836428956833, -0.02410298525329257, -0.00812835320901819, 0.9999516750719182, -0.005529683080864953]","[0.5065868079544675, 0.5053697827526401, 0.4973592506639259, 0.4905149992263956]","[0.024057622625894313, 0.005723817492312366, 0.9996941875928382, 0.6282055885782254, 0.9996775283398637, 0.007992836428956833, -0.02410298525329257, 0.14618043642804443, -0.00812835320901819, 0.9999516750719182, -0.005529683080864953, 0.7000910227918846, 0.0, 0.0, 0.0, 1.0]",True,True
30,"[-0.026183078409925405, -1.6234345472356728, 1.4841169098813507, 0.15013118814027954, 1.5710826789428236, -0.009221767577539966]","[0.6295756666007601, 0.14748280358363386, 0.7012359215758016]","[0.02636551517683178, 0.011053236692058543, 0.9995912592495443, 0.9996098107995381, 0.008935324855899783, -0.02646480914404807, -0.009224194423991935, 0.9998989878624485, -0.010813339395372996]","[0.506084849762705, 0.5070117182364489, 0.49834304175799454, 0.48833539206468923]","[0.02636551517683178, 0.011053236692058543, 0.9995912592495443, 0.6295756666007601, 0.9996098107995381, 0.008935324855899783, -0.02646480914404807, 0.14748280358363386, -0.009224194423991935, 0.9998989878624485, -0.010813339395372996, 0.7012359215758016, 0.0, 0.0, 0.0, 1.0]",True,True
31,"[-0.02723209313013334, -1.6264100869992912, 1.474907838340807, 0.1568746641365474, 1.571953554101243, -0.005289878978865346]","[0.6275334119714717, 0.1468017973160997, 0.7085335845532889]","[0.028356684710204208, 0.005520477486465347, 0.9995826242790377, 0.999583838837609, 0.0051414418947678025, -0.0283851142310785, -0.005295995365813604, 0.9999715445469257, -0.005372385831371851]","[0.5069826774095936, 0.507096546193821, 0.495519208259361, 0.49018605844201035]","[0.028356684710204208, 0.005520477486465347, 0.9995826242790377, 0.6275334119714717, 0.999583838837609, 0.0051414418947678025, -0.0283851142310785, 0.1468017973160997, -0.005295995365813604, 0.9999715445469257, -0.005372385831371851, 0.7085335845532889, 0.0, 0.0, 0.0, 1.0]",True,True
32,"[-0.028131927988717158, -1.6220941087514527, 1.4775861054848716, 0.17246552763520903, 1.5638695015562254, -0.009373467319335237]","[0.6282643414772797, 0.1469658431675352, 0.7026772694799063]","[0.020943370534419768, 0.028140366927563165, 0.9993845581055573, 0.9997385535290478, 0.008584964104924236, -0.02119252176982226, -0.009176045897074948, 0.9995671153757006, -0.027953211643664544]","[0.5003936258076435, 0.5099783373029584, 0.5038836188084925, 0.48541694802432256]","[0.020943370534419768, 0.028140366927563165, 0.9993845581055573, 0.6282643414772797, 0.9997385535290478, 0.008584964104924236, -0.02119252176982226, 0.1469658431675352, -0.009176045897074948, 0.9995671153757006, -0.027953211643664544, 0.7026772694799063, 0.0, 0.0, 0.0, 1.0]",True,True
33,"[-0.04186637372456004, -1.6345283476564423, 1.4870153688494743, 0.17927063343235253, 1.566841392701124, -0.01010594920068671]","[0.6219235377718223, 0.13839683939364664, 0.7036041581072053]","[0.03758181495645147, 0.03210592588483122, 0.998777661297877, 0.9992437662342302, 0.008769617041703816, -0.03788125471750798, -0.009975110355775668, 0.9994459982110185, -0.03175206817469551]","[0.5036366159800784, 0.5149185047387215, 0.5007344281802351, 0.4800772072873146]","[0.03758181495645147, 0.03210592588483122, 0.998777661297877, 0.6219235377718223, 0.9992437662342302, 0.008769617041703816, -0.03788125471750798, 0.13839683939364664, -0.009975110355775668, 0.9994459982110185, -0.03175206817469551, 0.7036041581072053, 0.0, 0.0, 0.0, 1.0]",True,True
34,"[-0.04097149070148588, -1.6423147070790245, 1.4772413599131282, 0.19232314809440484, 1.5729070626038877, -0.014735072161885198]","[0.6159968388066434, 0.1386314836546128, 0.71360936818817]","[0.04266231536418536, 0.027855196366151358, 0.9987011639540477, 0.9989801219800303, 0.013604974378460316, -0.04305369392891917, -0.01478657284601154, 0.9995193808564017, -0.027246367756180105]","[0.5072033423555256, 0.5138831843770296, 0.49954705153029744, 0.47866646595024126]","[0.04266231536418536, 0.027855196366151358, 0.9987011639540477, 0.6159968388066434, 0.9989801219800303, 0.013604974378460316, -0.04305369392891917, 0.1386314836546128, -0.01478657284601154, 0.9995193808564017, -0.027246367756180105, 0.71360936818817, 0.0, 0.0, 0.0, 1.0]",True,True
35,"[-0.041861481029749195, -1.6331379827240557, 1.4630492877462902, 0.18093481016343355, 1.583303245777978, -0.012500145011805814]","[0.6231178388610608, 0.13683074682406868, 0.7182910993021939]","[0.054201185717420164, 0.011514805283711122, 0.9984636401622766, 0.9984500965664103, 0.012027493097187342, -0.05433915785438058, -0.012634719361818359, 0.9998613647246678, -0.010845054060389136]","[0.5136593289219564, 0.513083508476111, 0.49210551750619413, 0.4803452578939974]","[0.054201185717420164, 0.011514805283711122, 0.9984636401622766, 0.6231178388610608, 0.9984500965664103, 0.012027493097187342, -0.05433915785438058, 0.13683074682406868, -0.012634719361818359, 0.9998613647246678, -0.010845054060389136, 0.7182910993021939, 0.0, 0.0, 0.0, 1.0]",True,True
36,"[-0.04053565349226711, -1.6387972463377936, 1.4585703150148506, 0.20955782607077292, 1.5690993445483192, -0.02021177127937824]","[0.6163618077694561, 0.13923404956265234, 0.7221178076530358]","[0.038229488881191084, 0.030081375780077937, 0.9988161077050473, 0.9990657662296714, 0.019006945549038066, -0.03881147728205791, -0.02015194600535352, 0.9993667229060981, -0.029326646929433896]","[0.5069294298767816, 0.5119934546118697, 0.5025196771264984, 0.47786946926967855]","[0.038229488881191084, 0.030081375780077937, 0.9988161077050473, 0.6163618077694561, 0.9990657662296714, 0.019006945549038066, -0.03881147728205791, 0.13923404956265234, -0.02015194600535352, 0.9993667229060981, -0.029326646929433896, 0.7221178076530358, 0.0, 0.0, 0.0, 1.0]",True,True
37,"[-0.04281803434397024, -1.6404907503841186, 1.447672262453042, 0.21176348628647476, 1.577342683762982, -0.017003592496000964]","[0.6154987777720082, 0.13711670931810488, 0.7300559466967579]","[0.04901423525689005, 0.019762736660840524, 0.9986025430479619, 0.9986512820109277, 0.016171288077087325, -0.04933666364741698, -0.01712371688952895, 0.9996739086730243, -0.018943458984175467]","[0.5114298740662795, 0.5127831915546711, 0.4965129685628495, 0.47850575171095044]","[0.04901423525689005, 0.019762736660840524, 0.9986025430479619, 0.6154987777720082, 0.9986512820109277, 0.016171288077087325, -0.04933666364741698, 0.13711670931810488, -0.01712371688952895, 0.9996739086730243, -0.018943458984175467, 0.7300559466967579, 0.0, 0.0, 0.0, 1.0]",True,True
38,"[-0.048258621139883474, -1.6529672752367592, 1.445200328790814, 0.21721279221929063, 1.5685607112905846, -0.014226729304227055]","[0.6080817465199206, 0.13497046151734282, 0.7387207038736209]","[0.04586798362976384, 0.010088258519690368, 0.9988965687786598, 0.9988465148599698, 0.013755572283764454, -0.04600460828263325, -0.014204500337291438, 0.9998544950497477, -0.009445681499069398]","[0.5123909333737422, 0.5102837673405526, 0.49430083708028205, 0.4824237666687356]","[0.04586798362976384, 0.010088258519690368, 0.9988965687786598, 0.6080817465199206, 0.9988465148599698, 0.013755572283764454, -0.04600460828263325, 0.13497046151734282, -0.014204500337291438, 0.9998544950497477, -0.009445681499069398, 0.7387207038736209, 0.0, 0.0, 0.0, 1.0]",True,True
39,"[-0.04709436756283094, -1.6487957979138603, 1.4492870478794986, 0.24240900651566136, 1.5758506789079385, -0.01678947357328365]","[0.6074427641610721, 0.1350281417645807, 0.7313144836659795]","[0.0513938758462264, 0.04370854378124088, 0.9977215206288906, 0.9985339304850603, 0.014747156026786461, -0.05208177281140082, -0.016989973383128652, 0.9989354756888181, -0.04288655051173522]","[0.5057802095182447, 0.519502952429333, 0.5015575317678658, 0.4719566764055923]","[0.0513938758462264, 0.04370854378124088, 0.9977215206288906, 0.6074427641610721, 0.9985339304850603, 0.014747156026786461, -0.05208177281140082, 0.1350281417645807, -0.016989973383128652, 0.9989354756888181, -0.04288655051173522, 0.7313144836659795, 0.0, 0.0, 0.0, 1.0]",True,True
40,"[-0.05334693938473963, -1.6580089114893206, 1.4375386388499016, 0.24880129198788634, 1.5744130134572827, -0.017324334656752413]","[0.601904540463027, 0.13170036361723408, 0.7438641542767789]","[0.05643280428732198, 0.029268934789787638, 0.9979772883470543, 0.9982544358630313, 0.01578514369918039, -0.05691142695607802, -0.017418951749447853, 0.9994469264021315, -0.028327044061868284]","[0.5108548971881923, 0.5169561646430986, 0.49691029961999333, 0.474198009261856]","[0.05643280428732198, 0.029268934789787638, 0.9979772883470543, 0.601904540463027, 0.9982544358630313, 0.01578514369918039, -0.05691142695607802, 0.13170036361723408, -0.017418951749447853, 0.9994469264021315, -0.028327044061868284, 0.7438641542767789, 0.0, 0.0, 0.0, 1.0]",True,True
41,"[-0.04833280950988878, -1.6553316648641045, 1.433492920851447, 0.25444713555140874, 1.5671486537229609, -0.021683773759150662]","[0.6022218150533053, 0.1353396238693841, 0.7443896748589103]","[0.04395563536333863, 0.0335254701049835, 0.9984708032656963, 0.9988009953762481, 0.020085637443702377, -0.044644583141701034, -0.021551653189983613, 0.9992360131734245, -0.0326023959557986]","[0.5077988964273265, 0.5139242147134718, 0.502178354281664, 0.4752252968953674]","[0.04395563536333863, 0.0335254701049835, 0.9984708032656963, 0.6022218150533053, 0.9988009953762481, 0.020085637443702377, -0.044644583141701034, 0.1353396238693841, -0.021551653189983613, 0.9992360131734245, -0.0326023959557986, 0.7443896748589103, 0.0, 0.0, 0.0, 1.0]",True,True
42,"[-0.05772141414873871, -1.6639104104885425, 1.4261381378643245, 0.25751189816979114, 1.5688183605589059, -0.016861208400945363]","[0.5976799402953437, 0.12985986195276167, 0.7539499843512132]","[0.05537480618712102, 0.02064204696406786, 0.9982522410377407, 0.9983239868521591, 0.015695690163133717, -0.055703344476910444, -0.01681808893273029, 0.9996637190612832, -0.019738304821201095]","[0.5126724567228704, 0.5146400248827301, 0.49498969403342463, 0.47675759008864876]","[0.05537480618712102, 0.02064204696406786, 0.9982522410377407, 0.5976799402953437, 0.9983239868521591, 0.015695690163133717, -0.055703344476910444, 0.12985986195276167, -0.01681808893273029, 0.9996637190612832, -0.019738304821201095, 0.7539499843512132, 0.0, 0.0, 0.0, 1.0]",True,True
43,"[-0.06087279831511455, -1.66660491225593, 1.4164195145805698, 0.27099775542063737, 1.5716249106234406, -0.016801550168774115]","[0.594593213357087, 0.12792934869113692, 0.7605916716331397]","[0.06130436659293271, 0.0218053473195521, 0.997880905451604, 0.9979774806299699, 0.015502935597740021, -0.061649064415529135, -0.01681436267293677, 0.9996420288363861, -0.020810847935077616]","[0.5138084405339199, 0.5163846141516686, 0.4937128256739653, 0.4749689068439769]","[0.06130436659293271, 0.0218053473195521, 0.997880905451604, 0.594593213357087, 0.9979774806299699, 0.015502935597740021, -0.061649064415529135, 0.12792934869113692, -0.01681436267293677, 0.9996420288363861, -0.020810847935077616, 0.7605916716331397, 0.0, 0.0, 0.0, 1.0]",True,True
44,"[-0.0626851722466341, -1.6735818809987062, 1.4146880321712691, 0.2808788179545279, 1.5630907369905813, -0.027134151279261564]","[0.5892400202622888, 0.12799040390329672, 0.7648865007495198]","[0.05433826703159755, 0.023422885372805388, 0.9982478255307221, 0.9981586968748052, 0.025713213099902182, -0.05493675022486924, -0.02695493626765699, 0.9993949164934207, -0.021982545301104547]","[0.5143123892223468, 0.512495755892866, 0.4983366059626287, 0.4738053330660694]","[0.05433826703159755, 0.023422885372805388, 0.9982478255307221, 0.5892400202622888, 0.9981586968748052, 0.025713213099902182, -0.05493675022486924, 0.12799040390329672, -0.02695493626765699, 0.9993949164934207, -0.021982545301104547, 0.7648865007495198, 0.0, 0.0, 0.0, 1.0]",True,True
45,"[-0.06260815584767458, -1.682567888190847, 1.404984372907213, 0.30312368727722766, 1.5645072392825885, -0.021555047858301184]","[0.5805183953436971, 0.128451071352899, 0.7742931700588817]","[0.05572893232028003, 0.026694709101213573, 0.99808901336927, 0.9982168774662131, 0.019921769784123206, -0.056268895761971416, -0.021385781352217602, 0.999445103842462, -0.025536890203882685]","[0.5123753048060866, 0.515107768515492, 0.49742580543929504, 0.474028587664213]","[0.05572893232028003, 0.026694709101213573, 0.99808901336927, 0.5805183953436971, 0.9982168774662131, 0.019921769784123206, -0.056268895761971416, 0.128451071352899, -0.021385781352217602, 0.999445103842462, -0.025536890203882685, 0.7742931700588817, 0.0, 0.0, 0.0, 1.0]",True,True
46,"[-0.051937186314223595, -1.6775515678275865, 1.3992429764306615, 0.30415073304261403, 1.5735678080139492, -0.012355713984842897]","[0.5819710366671061, 0.13365334131798667, 0.7750000029484748]","[0.054357458874684274, 0.026478051970999436, 0.998170416025494, 0.9984442591669768, 0.010995602052081888, -0.05466404734392309, -0.012422882161294928, 0.9995889202563887, -0.02583916599802081]","[0.5097827711213732, 0.5170108854803308, 0.4955999670034841, 0.4766570499518529]","[0.054357458874684274, 0.026478051970999436, 0.998170416025494, 0.5819710366671061, 0.9984442591669768, 0.010995602052081888, -0.05466404734392309, 0.13365334131798667, -0.012422882161294928, 0.9995889202563887, -0.02583916599802081, 0.7750000029484748, 0.0, 0.0, 0.0, 1.0]",True,True
47,"[-0.06733740715188118, -1.6870029869056886, 1.388536338613474, 0.31560444560066747, 1.564413359022257, -0.02384724245713485]","[0.5760284198826313, 0.1260562340461556, 0.7861970952052212]","[0.06049261090428575, 0.018545839041978766, 0.9979963406146398, 0.9978864815775698, 0.022647938909554112, -0.06090682020831067, -0.023732128238340987, 0.9995714695395111, -0.017136609113264433]","[0.5162373341546928, 0.5135614084771157, 0.4947959016398916, 0.47426860561102274]","[0.06049261090428575, 0.018545839041978766, 0.9979963406146398, 0.5760284198826313, 0.9978864815775698, 0.022647938909554112, -0.06090682020831067, 0.1260562340461556, -0.023732128238340987, 0.9995714695395111, -0.017136609113264433, 0.7861970952052212, 0.0, 0.0, 0.0, 1.0]",True,True
48,"[-0.07131279758432303, -1.681470183096678, 1.3872322792120713, 0.3272362593155858, 1.5634421543364743, -0.0215651530847966]","[0.5787251015938331, 0.12369791460751008, 0.7828499548957807]","[0.06319453697274667, 0.034279175726107884, 0.9974123463284073, 0.9977737066944425, 0.019169148274092204, -0.06387623958623673, -0.021309169998679028, 0.9992284432831086, -0.03299147477732562]","[0.5121943504348504, 0.5188971149168157, 0.4972338700447383, 0.4702778008730147]","[0.06319453697274667, 0.034279175726107884, 0.9974123463284073, 0.5787251015938331, 0.9977737066944425, 0.019169148274092204, -0.06387623958623673, 0.12369791460751008, -0.021309169998679028, 0.9992284432831086, -0.03299147477732562, 0.7828499548957807, 0.0, 0.0, 0.0, 1.0]",True,True
49,"[-0.07487142317235129, -1.6925949083040994, 1.3951741528917168, 0.3400751217992014, 1.5708413699043309, -0.0069223368321797984]","[0.5706932792432243, 0.12158877654088905, 0.7829553067710884]","[0.07455022493932026, 0.043039059671472105, 0.9962880624117163, 0.9971932643839513, 0.0037132991187681665, -0.07477837171892344, -0.006917906386738939, 0.9990664896553432, -0.04264143312523978]","[0.5088275962771793, 0.5276074200922954, 0.49290072715118993, 0.4688003420478358]","[0.07455022493932026, 0.043039059671472105, 0.9962880624117163, 0.5706932792432243, 0.9971932643839513, 0.0037132991187681665, -0.07477837171892344, 0.12158877654088905, -0.006917906386738939, 0.9990664896553432, -0.04264143312523978, 0.7829553067710884, 0.0, 0.0, 0.0, 1.0]",True,True
50,"[-0.07551592512382861, -1.6882633011428554, 1.3708035571455353, 0.34434845534766545, 1.5647652844669484, -0.022324422500687186]","[0.5718441785399709, 0.121701594482221, 0.7955914184989443]","[0.06881541309436093, 0.028352049835746088, 0.9972264538161649, 0.9973834319787945, 0.020240851591225954, -0.069401711369846, -0.02215239343398148, 0.9993930504045812, -0.0268849822051784]","[0.5153084713257702, 0.5185218278212388, 0.4945478795581989, 0.4701219929734289]","[0.06881541309436093, 0.028352049835746088, 0.9972264538161649, 0.5718441785399709, 0.9973834319787945, 0.020240851591225954, -0.069401711369846, 0.121701594482221, -0.02215239343398148, 0.9993930504045812, -0.0268849822051784, 0.7955914184989443, 0.0, 0.0, 0.0, 1.0]",True,True
51,"[-0.07274100796225902, -1.6992441284822934, 1.3782858250403478, 0.35286874746473723, 1.5731592562078385, -0.020200577411852286]","[0.5635781062949724, 0.12308954732822938, 0.7962225158519042]","[0.07437409193465166, 0.03332975443696763, 0.9966732774174633, 0.9970244996060839, 0.017823979979475307, -0.07499635273084591, -0.020264294562954203, 0.9992854613206693, -0.03190493941387636]","[0.5148526809924007, 0.5216452461608974, 0.4938002702152714, 0.4679468422459961]","[0.07437409193465166, 0.03332975443696763, 0.9966732774174633, 0.5635781062949724, 0.9970244996060839, 0.017823979979475307, -0.07499635273084591, 0.12308954732822938, -0.020264294562954203, 0.9992854613206693, -0.03190493941387636, 0.7962225158519042, 0.0, 0.0, 0.0, 1.0]",True,True
52,"[-0.08251233912673897, -1.7050548539044328, 1.367468186849656, 0.3689647135771452, 1.5786518963267404, -0.026073492656948465]","[0.5581923195863571, 0.11761135346147271, 0.8048090063041734]","[0.08939531095117814, 0.03360816743009386, 0.9954290378836318, 0.9956488207242253, 0.02337933305720458, -0.09020439333125356, -0.026304071365500954, 0.9991615974744981, -0.031371929519995366]","[0.5199525734354017, 0.5237814208746738, 0.4912626465613944, 0.4625617327642933]","[0.08939531095117814, 0.03360816743009386, 0.9954290378836318, 0.5581923195863571, 0.9956488207242253, 0.02337933305720458, -0.09020439333125356, 0.11761135346147271, -0.026304071365500954, 0.9991615974744981, -0.031371929519995366, 0.8048090063041734, 0.0, 0.0, 0.0, 1.0]",True,True
53,"[-0.07874671720616541, -1.709270148425537, 1.3632417867235431, 0.3744027707036412, 1.5701961839145093, -0.026151866426894578]","[0.5540019329958557, 0.12078989170426958, 0.8092763317856808]","[0.0773010456833935, 0.030314385242662344, 0.9965468310037486, 0.9966655527032469, 0.02383806159077584, -0.07803539500973729, -0.026121339762448348, 0.9992561157515896, -0.028370596434705093]","[0.5178726945011352, 0.5200561461340792, 0.4936870497445948, 0.4665003473447596]","[0.0773010456833935, 0.030314385242662344, 0.9965468310037486, 0.5540019329958557, 0.9966655527032469, 0.02383806159077584, -0.07803539500973729, 0.12078989170426958, -0.026121339762448348, 0.9992561157515896, -0.028370596434705093, 0.8092763317856808, 0.0, 0.0, 0.0, 1.0]",True,True
54,"[-0.07646529441631304, -1.7113044675796762, 1.3521486127567197, 0.3880772765222747, 1.5564582680796972, -0.029386130854957754]","[0.5499315891411497, 0.12361441602889567, 0.816105528048048]","[0.06121928199174879, 0.030644861432060248, 0.9976537936479892, 0.9977042630765007, 0.027117133956852446, -0.06205533405713358, -0.02895518867821563, 0.9991624259917785, -0.028914417421642604]","[0.5146411367465097, 0.5155134735039762, 0.4987013809352111, 0.469773660029422]","[0.06121928199174879, 0.030644861432060248, 0.9976537936479892, 0.5499315891411497, 0.9977042630765007, 0.027117133956852446, -0.06205533405713358, 0.12361441602889567, -0.02895518867821563, 0.9991624259917785, -0.028914417421642604, 0.816105528048048, 0.0, 0.0, 0.0, 1.0]",True,True
55,"[-0.08702818754547925, -1.706029282791091, 1.3482517395539866, 0.39309243394755355, 1.571364219078077, -0.030026301244236105]","[0.5538025516917535, 0.1161927631374225, 0.8152448621772437]","[0.08638833017671133, 0.03778449074016629, 0.995544769796309, 0.9958090525243447, 0.0268391933734919, -0.08742990683757405, -0.03002311309384953, 0.9989254176156328, -0.03530754482525408]","[0.5191146257631712, 0.5231769972075591, 0.4939024215424628, 0.46137428721823626]","[0.08638833017671133, 0.03778449074016629, 0.995544769796309, 0.5538025516917535, 0.9958090525243447, 0.0268391933734919, -0.08742990683757405, 0.1161927631374225, -0.03002311309384953, 0.9989254176156328, -0.03530754482525408, 0.8152448621772437, 0.0, 0.0, 0.0, 1.0]",True,True
56,"[-0.08532040751335496, -1.7150977455917185, 1.3428275751242418, 0.40366552509309717, 1.566576855531574, -0.03349583711685216]","[0.5456779790065036, 0.11825920968279632, 0.8225653818812445]","[0.07992126834975495, 0.03397159785306042, 0.9962221245308078, 0.9962434385668685, 0.030706016491371096, -0.08097006646714468, -0.03334069552106914, 0.9989509853293813, -0.03138991767478489]","[0.5194317489252898, 0.5197608030462593, 0.49552362855276666, 0.4631368041637614]","[0.07992126834975495, 0.03397159785306042, 0.9962221245308078, 0.5456779790065036, 0.9962434385668685, 0.030706016491371096, -0.08097006646714468, 0.11825920968279632, -0.03334069552106914, 0.9989509853293813, -0.03138991767478489, 0.8225653818812445, 0.0, 0.0, 0.0, 1.0]",True,True
57,"[-0.08502501902588605, -1.7175628355700094, 1.3323176523103661, 0.4194563331456803, 1.5754680499013887, -0.023526129403280933]","[0.541017207848816, 0.11799191454918521, 0.8289970755424375]","[0.08874728531281142, 0.0361786137884309, 0.9953969194517098, 0.9957728923353415, 0.020525467828463588, -0.08952682313436083, -0.023669943804641033, 0.9991345320199729, -0.034204103343237514]","[0.5184275865051062, 0.5249823618055147, 0.4914219891953578, 0.4627426778230768]","[0.08874728531281142, 0.0361786137884309, 0.9953969194517098, 0.541017207848816, 0.9957728923353415, 0.020525467828463588, -0.08952682313436083, 0.11799191454918521, -0.023669943804641033, 0.9991345320199729, -0.034204103343237514, 0.8289970755424375, 0.0, 0.0, 0.0, 1.0]",True,True
58,"[-0.08583349376312807, -1.7193946369222237, 1.3449484178249358, 0.42391462464792806, 1.5664393593320933, -0.036737105730303296]","[0.5405463577168602, 0.11843870279054752, 0.8217607833957761]","[0.07952731276938692, 0.05222237385607802, 0.9954638266619821, 0.9961653711662493, 0.03237073844314822, -0.08128153899782113, -0.03646861407963205, 0.9981106947435648, -0.04944776259477832]","[0.5153761462800148, 0.5235943890362599, 0.500572469345983, 0.45789032152707887]","[0.07952731276938692, 0.05222237385607802, 0.9954638266619821, 0.5405463577168602, 0.9961653711662493, 0.03237073844314822, -0.08128153899782113, 0.11843870279054752, -0.03646861407963205, 0.9981106947435648, -0.04944776259477832, 0.8217607833957761, 0.0, 0.0, 0.0, 1.0]",True,True
59,"[-0.08054119285504471, -1.7171888413567122, 1.324014248343182, 0.4314630050271489, 1.5700676860410956, -0.023606724883096224]","[0.5385495760782927, 0.12107211367029713, 0.8328704814613359]","[0.07880553189879642, 0.04002628866382308, 0.9960861330015333, 0.9966115819239887, 0.020450539994525247, -0.07966887842123051, -0.023559348826151048, 0.9989893250829723, -0.038279047181912815]","[0.5150186949789806, 0.5236014799172611, 0.4949555675203689, 0.4643449366916703]","[0.07880553189879642, 0.04002628866382308, 0.9960861330015333, 0.5385495760782927, 0.9966115819239887, 0.020450539994525247, -0.07966887842123051, 0.12107211367029713, -0.023559348826151048, 0.9989893250829723, -0.038279047181912815, 0.8328704814613359, 0.0, 0.0, 0.0, 1.0]",True,True
60,"[-0.0977227732290029, -1.7392839785151735, 1.3341427938023287, 0.44624179880352693, 1.5739793333342826, -0.03140811108057532]","[0.5242408733774531, 0.11303806851147227, 0.8368142925567156]","[0.09939811366147885, 0.04403611663108646, 0.9940728521756307, 0.994548799465115, 0.027236249476924757, -0.10065223393909006, -0.03150714971301479, 0.9986586039014954, -0.041088835107333]","[0.5209475808637254, 0.5275534805334636, 0.4921704407323694, 0.4561460297301357]","[0.09939811366147885, 0.04403611663108646, 0.9940728521756307, 0.5242408733774531, 0.994548799465115, 0.027236249476924757, -0.10065223393909006, 0.11303806851147227, -0.03150714971301479, 0.9986586039014954, -0.041088835107333, 0.8368142925567156, 0.0, 0.0, 0.0, 1.0]",True,True
61,"[-0.09090230252406421, -1.7404022386541256, 1.313827519405542, 0.45468016889555085, 1.560372221025649, -0.03254250698652556]","[0.5194981791139459, 0.11823166566671946, 0.8490654166834706]","[0.07944232078812193, 0.030586714266782066, 0.9963700971918815, 0.9963182580664788, 0.0298817960403965, -0.08035550328868131, -0.03223113884389221, 0.9990853472930941, -0.028100222651491]","[0.5199095820854399, 0.519052200505695, 0.4946058273776619, 0.4643747572058559]","[0.07944232078812193, 0.030586714266782066, 0.9963700971918815, 0.5194981791139459, 0.9963182580664788, 0.0298817960403965, -0.08035550328868131, 0.11823166566671946, -0.03223113884389221, 0.9990853472930941, -0.028100222651491, 0.8490654166834706, 0.0, 0.0, 0.0, 1.0]",True,True
62,"[-0.09697346784067545, -1.737684065942212, 1.3100674510125299, 0.4585346677586718, 1.5626356899595706, -0.0309456847676371]","[0.5212432570549088, 0.11476501537314336, 0.8496370425612445]","[0.08770555453629525, 0.03349760285670801, 0.9955830685112795, 0.9956740696522365, 0.02782716493402066, -0.08864985005000342, -0.0306738117232635, 0.9990513297596819, -0.03091209762822166]","[0.5207256047675431, 0.5222045785012077, 0.49270521309043075, 0.46194025125048976]","[0.08770555453629525, 0.03349760285670801, 0.9955830685112795, 0.5212432570549088, 0.9956740696522365, 0.02782716493402066, -0.08864985005000342, 0.11476501537314336, -0.0306738117232635, 0.9990513297596819, -0.03091209762822166, 0.8496370425612445, 0.0, 0.0, 0.0, 1.0]",True,True
63,"[-0.09854932747426802, -1.746342357350872, 1.3079950124568658, 0.47127560212435154, 1.5694596501344975, -0.043084955917682674]","[0.5133670612272877, 0.11410777190025875, 0.8541307515773979]","[0.09555911914787504, 0.03691270822872737, 0.9947391149034519, 0.9944943859893336, 0.03963204896142459, -0.09700627263645202, -0.04300431354388349, 0.9985322992604395, -0.03292227741635246]","[0.5249449710905294, 0.5217397214135615, 0.49421533951049673, 0.4560390757584124]","[0.09555911914787504, 0.03691270822872737, 0.9947391149034519, 0.5133670612272877, 0.9944943859893336, 0.03963204896142459, -0.09700627263645202, 0.11410777190025875, -0.04300431354388349, 0.9985322992604395, -0.03292227741635246, 0.8541307515773979, 0.0, 0.0, 0.0, 1.0]",True,True
64,"[-0.09550376299960314, -1.7488793210368523, 1.3029318400750414, 0.4778128913762554, 1.5698397868738534, -0.027161038070229453]","[0.509765303930349, 0.11594703574051535, 0.8578828850715892]","[0.09351078429147487, 0.034267007785521233, 0.9950283942675306, 0.9952490111300157, 0.023999396803854014, -0.09435801395629763, -0.027113448063994936, 0.9991245173302865, -0.03186000319527381]","[0.5209726907190182, 0.5247312146906487, 0.4904968439520414, 0.4611479740033011]","[0.09351078429147487, 0.034267007785521233, 0.9950283942675306, 0.509765303930349, 0.9952490111300157, 0.023999396803854014, -0.09435801395629763, 0.11594703574051535, -0.027113448063994936, 0.9991245173302865, -0.03186000319527381, 0.8578828850715892, 0.0, 0.0, 0.0, 1.0]",True,True
65,"[-0.09809942281219215, -1.7402616157980277, 1.2992791282869627, 0.4927976637763284, 1.562896084841943, -0.0351224992798185]","[0.5141357659131826, 0.114866093481086, 0.8544871234395517]","[0.08822196799056464, 0.05467464185420977, 0.9945991996286673, 0.9954976753321744, 0.02990300127592862, -0.08994547750125247, -0.03465923790432049, 0.9980563581545913, -0.051790377244098164]","[0.5163173907642457, 0.5268086331768715, 0.49836517999591984, 0.4555449081839814]","[0.08822196799056464, 0.05467464185420977, 0.9945991996286673, 0.5141357659131826, 0.9954976753321744, 0.02990300127592862, -0.08994547750125247, 0.114866093481086, -0.03465923790432049, 0.9980563581545913, -0.051790377244098164, 0.8544871234395517, 0.0, 0.0, 0.0, 1.0]",True,True
66,"[-0.10369118072936727, -1.7429377266879542, 1.2901912453300257, 0.5009539644140817, 1.5729486196784668, -0.028348624197772815]","[0.5106088965339479, 0.11149057461616074, 0.8605913591512107]","[0.10424245845352331, 0.050905173276004516, 0.9932482938265261, 0.9941458972840578, 0.023200410350979157, -0.10552571190388672, -0.02841557264672641, 0.9984339759309506, -0.04818870135075727]","[0.519435791858278, 0.5313263473265045, 0.491718072997173, 0.4539736858686691]","[0.10424245845352331, 0.050905173276004516, 0.9932482938265261, 0.5106088965339479, 0.9941458972840578, 0.023200410350979157, -0.10552571190388672, 0.11149057461616074, -0.02841557264672641, 0.9984339759309506, -0.04818870135075727, 0.8605913591512107, 0.0, 0.0, 0.0, 1.0]",True,True
67,"[-0.105011876499057, -1.7480046889657392, 1.2793816471350694, 0.5002134764566974, 1.5604208390241718, -0.03079834989039528]","[0.5057892493681075, 0.11250102213143308, 0.8696455825213869]","[0.0934882638801481, 0.03430628592697356, 0.9950291569911771, 0.9951546148559984, 0.027346517545944034, -0.09444289549203244, -0.030450567276906072, 0.9990371598314082, -0.031583480310258844]","[0.5218360137811096, 0.5238619156429638, 0.4912844730846006, 0.46032101251834273]","[0.0934882638801481, 0.03430628592697356, 0.9950291569911771, 0.5057892493681075, 0.9951546148559984, 0.027346517545944034, -0.09444289549203244, 0.11250102213143308, -0.030450567276906072, 0.9990371598314082, -0.031583480310258844, 0.8696455825213869, 0.0, 0.0, 0.0, 1.0]",True,True
68,"[-0.10271692794410985, -1.7506872485106313, 1.2797960446817191, 0.5139521048102687, 1.5712497069083102, -0.028089599267414788]","[0.5018822066563762, 0.11303377649153959, 0.86950400114389]","[0.10174367613400467, 0.04569629138412686, 0.9937605714257713, 0.9944142862898377, 0.02352436080066111, -0.10289233047993848, -0.02807938014649414, 0.9986783533263635, -0.043047590036277]","[0.5201491245062296, 0.5294494558901776, 0.4911283627278447, 0.4559836545943991]","[0.10174367613400467, 0.04569629138412686, 0.9937605714257713, 0.5018822066563762, 0.9944142862898377, 0.02352436080066111, -0.10289233047993848, 0.11303377649153959, -0.02807938014649414, 0.9986783533263635, -0.043047590036277, 0.86950400114389, 0.0, 0.0, 0.0, 1.0]",True,True
69,"[-0.09932200383323374, -1.7541671484454566, 1.280213044294862, 0.5317565657723448, 1.5705927557260702, -0.0378305678708721]","[0.49686033262296436, 0.11525974606313157, 0.8694087524561058]","[0.09671155780447638, 0.06118712494099976, 0.9934299222031144, 0.9945964340768307, 0.03191157591197959, -0.09879061010271463, -0.037746627778969054, 0.9976160519279291, -0.05777027805928855]","[0.5174101022538039, 0.5297570811116605, 0.49823947459198575, 0.45100071735648484]","[0.09671155780447638, 0.06118712494099976, 0.9934299222031144, 0.49686033262296436, 0.9945964340768307, 0.03191157591197959, -0.09879061010271463, 0.11525974606313157, -0.037746627778969054, 0.9976160519279291, -0.05777027805928855, 0.8694087524561058, 0.0, 0.0, 0.0, 1.0]",True,True
70,"[-0.11010410097010491, -1.7659284611920902, 1.273161111953487, 0.5276171379456728, 1.5770136504381744, -0.03371252829083035]","[0.4887412661505602, 0.11033210811819831, 0.8795788742848205]","[0.1148222848770767, 0.03852385640375081, 0.9926387839407601, 0.992807375582669, 0.029651974747344774, -0.11599256606453723, -0.03390218111361925, 0.9988176374500833, -0.03484206128192397]","[0.5266954049406776, 0.5291531846761522, 0.4872555159134149, 0.45295796689473705]","[0.1148222848770767, 0.03852385640375081, 0.9926387839407601, 0.4887412661505602, 0.992807375582669, 0.029651974747344774, -0.11599256606453723, 0.11033210811819831, -0.03390218111361925, 0.9988176374500833, -0.03484206128192397, 0.8795788742848205, 0.0, 0.0, 0.0, 1.0]",True,True
71,"[-0.10393917709702817, -1.7720107478378662, 1.2791308884461678, 0.5332722206566888, 1.5659133166675756, -0.04007691577008379]","[0.48384207482070485, 0.11481118094163899, 0.8784161885118356]","[0.09720960712218614, 0.04409367193901258, 0.9942866992865212, 0.994466362812655, 0.03568347581219044, -0.09880962902536322, -0.03983648475103315, 0.9983899226499112, -0.04038089689178714]","[0.5226165386884033, 0.5248587972497419, 0.4946854469210186, 0.4546223763118783]","[0.09720960712218614, 0.04409367193901258, 0.9942866992865212, 0.48384207482070485, 0.994466362812655, 0.03568347581219044, -0.09880962902536322, 0.11481118094163899, -0.03983648475103315, 0.9983899226499112, -0.04038089689178714, 0.8784161885118356, 0.0, 0.0, 0.0, 1.0]",True,True
72,"[-0.10613472592932718, -1.76549350893561, 1.2641024447646785, 0.5448989507792779, 1.5650410112822526, -0.031837649140325094]","[0.485309689232126, 0.1136998647392896, 0.8832100685285447]","[0.09878882568871976, 0.04641761555436976, 0.9940252375494751, 0.9946080847047413, 0.02706677193483207, -0.10011067723771348, -0.031551953331126696, 0.9985553539104753, -0.043493441088466235]","[0.5201831784417595, 0.5280188194663031, 0.4928923278299679, 0.45570027465648444]","[0.09878882568871976, 0.04641761555436976, 0.9940252375494751, 0.485309689232126, 0.9946080847047413, 0.02706677193483207, -0.10011067723771348, 0.1136998647392896, -0.031551953331126696, 0.9985553539104753, -0.043493441088466235, 0.8832100685285447, 0.0, 0.0, 0.0, 1.0]",True,True
73,"[-0.1102230037396584, -1.7625406173470843, 1.2631227218652423, 0.5431673135378264, 1.5657131685837562, -0.035689939056838135]","[0.48803654902270366, 0.11140169826813792, 0.8825452528491526]","[0.10333312827412708, 0.04718727834745114, 0.9935268619233417, 0.994015724061103, 0.030677467082976674, -0.1048409907080916, -0.03542604861347169, 0.9984148705701118, -0.04373489801180392]","[0.5220813388125695, 0.5282969238986146, 0.4927167636737798, 0.45339125119235935]","[0.10333312827412708, 0.04718727834745114, 0.9935268619233417, 0.48803654902270366, 0.994015724061103, 0.030677467082976674, -0.1048409907080916, 0.11140169826813792, -0.03542604861347169, 0.9984148705701118, -0.04373489801180392, 0.8825452528491526, 0.0, 0.0, 0.0, 1.0]",True,True
74,"[-0.11756237494276087, -1.7746998741824958, 1.2515623010640662, 0.568410936182499, 1.5742319907906785, -0.036006778574083145]","[0.4747264448025946, 0.10869298627349311, 0.8927887472117753]","[0.11900328558255426, 0.04926143495944301, 0.991671079061144, 0.9922367379132262, 0.030430875421319253, -0.12058282529619178, -0.03611750207138914, 0.9983222289655923, -0.04525763137079196]","[0.5253990220853769, 0.5324072786720769, 0.4890514342095208, 0.448694831601985]","[0.11900328558255426, 0.04926143495944301, 0.991671079061144, 0.4747264448025946, 0.9922367379132262, 0.030430875421319253, -0.12058282529619178, 0.10869298627349311, -0.03611750207138914, 0.9983222289655923, -0.04525763137079196, 0.8927887472117753, 0.0, 0.0, 0.0, 1.0]",True,True
75,"[-0.12033229871277745, -1.7735451750653612, 1.24645708789864, 0.5700896125782082, 1.559325854137715, -0.046836080933129985]","[0.47501697428881884, 0.10876300171020305, 0.895085606356518]","[0.10654019471375713, 0.0477178459914859, 0.9931627228628186, 0.9932306168891413, 0.0413870065950864, -0.1085359726501498, -0.046283134988573414, 0.9980030675599305, -0.04298544586948441]","[0.525581048802028, 0.5263408197138417, 0.4944270061775585, 0.4497464154447681]","[0.10654019471375713, 0.0477178459914859, 0.9931627228628186, 0.47501697428881884, 0.9932306168891413, 0.0413870065950864, -0.1085359726501498, 0.10876300171020305, -0.046283134988573414, 0.9980030675599305, -0.04298544586948441, 0.895085606356518, 0.0, 0.0, 0.0, 1.0]",True,True
76,"[-0.120177440987614, -1.7649869791293684, 1.2403422593243438, 0.5713483922644123, 1.5730633624376416, -0.030614874873509827]","[0.4802086426315585, 0.10693180669584279, 0.8945868536756135]","[0.12066028097764588, 0.05006684572985791, 0.991430485487035, 0.992219572684903, 0.02478635651290758, -0.12200801658826838, -0.030682506015377486, 0.9984382542197978, -0.04668657553450101]","[0.5241087821139931, 0.5344531083264553, 0.4875481132846692, 0.44940705017137444]","[0.12066028097764588, 0.05006684572985791, 0.991430485487035, 0.4802086426315585, 0.992219572684903, 0.02478635651290758, -0.12200801658826838, 0.10693180669584279, -0.030682506015377486, 0.9984382542197978, -0.04668657553450101, 0.8945868536756135, 0.0, 0.0, 0.0, 1.0]",True,True
77,"[-0.1189058989887839, -1.7756996751811631, 1.2439955131584735, 0.5815936856202154, 1.57240389056023, -0.04320304631114201]","[0.47129762713559703, 0.10865186502553127, 0.8965012167864904]","[0.11796919047053678, 0.05466275684190948, 0.9915116000905732, 0.9920764338648194, 0.036966150805299185, -0.12007436472745822, -0.04321596313619542, 0.997820367956619, -0.04986876598762833]","[0.5256107341198921, 0.5317122825487639, 0.49215488576320937, 0.4458687847160125]","[0.11796919047053678, 0.05466275684190948, 0.9915116000905732, 0.47129762713559703, 0.9920764338648194, 0.036966150805299185, -0.12007436472745822, 0.10865186502553127, -0.04321596313619542, 0.997820367956619, -0.04986876598762833, 0.8965012167864904, 0.0, 0.0, 0.0, 1.0]",True,True
78,"[-0.11759376866201263, -1.7894982691925907, 1.2466134298914242, 0.5906679895428242, 1.5709323206506107, -0.0485586500726861]","[0.4599705874911867, 0.11072807015569339, 0.9004051025876745]","[0.11501690389881344, 0.05308053431256499, 0.9919443374981399, 0.9921793024527445, 0.0426062516650436, -0.11732407725373345, -0.04849065478951752, 0.997680892969364, -0.047764968354812774]","[0.5267490358816626, 0.5291917470512421, 0.49380014077586165, 0.44570502467476464]","[0.11501690389881344, 0.05308053431256499, 0.9919443374981399, 0.4599705874911867, 0.9921793024527445, 0.0426062516650436, -0.11732407725373345, 0.11072807015569339, -0.04849065478951752, 0.997680892969364, -0.047764968354812774, 0.9004051025876745, 0.0, 0.0, 0.0, 1.0]",True,True
79,"[-0.12735807553661263, -1.7776357403527956, 1.2377477786893096, 0.5979233572911385, 1.5676206788945661, -0.04090304349694838]","[0.46775895998126726, 0.10567772169782291, 0.8995871364428918]","[0.12141257526551032, 0.06255012993890757, 0.99062932917011, 0.9917698716639852, 0.033215703834957644, -0.12364966105230658, -0.040638752773660795, 0.9974889464366881, -0.05800253020021722]","[0.523599500787637, 0.5353035124186021, 0.4923935567129367, 0.44366913085634957]","[0.12141257526551032, 0.06255012993890757, 0.99062932917011, 0.46775895998126726, 0.9917698716639852, 0.033215703834957644, -0.12364966105230658, 0.10567772169782291, -0.040638752773660795, 0.9974889464366881, -0.05800253020021722, 0.8995871364428918, 0.0, 0.0, 0.0, 1.0]",True,True
80,"[-0.13050776094202815, -1.78519408932522, 1.2374234837886713, 0.6039208656276985, 1.567512268475817, -0.042863380581726264]","[0.46151715217341416, 0.10507663186338644, 0.9026415541520859]","[0.1243850251424759, 0.061029490328405205, 0.9903553740100373, 0.9913191845382967, 0.035207198353263615, -0.12667567860659082, -0.04259859019535706, 0.997514839235171, -0.0561204563327757]","[0.5252313221721844, 0.5350930487125553, 0.491666205250972, 0.44279998875662946]","[0.1243850251424759, 0.061029490328405205, 0.9903553740100373, 0.46151715217341416, 0.9913191845382967, 0.035207198353263615, -0.12667567860659082, 0.10507663186338644, -0.04259859019535706, 0.997514839235171, -0.0561204563327757, 0.9026415541520859, 0.0, 0.0, 0.0, 1.0]",True,True
81,"[-0.1220909389647463, -1.7887144584010284, 1.2310703952232251, 0.6173392205999043, 1.5672865223264525, -0.036127098138527776]","[0.45516059406866977, 0.10964777601928155, 0.9066861503580972]","[0.11609360910535446, 0.06345022688136506, 0.9912095351809306, 0.9925912368726164, 0.02860447876743482, -0.11808649490154603, -0.035845646996290115, 0.9975749859048926, -0.0596593420033333]","[0.5208259656232243, 0.5355250863267876, 0.49299346133225075, 0.44599399382835797]","[0.11609360910535446, 0.06345022688136506, 0.9912095351809306, 0.45516059406866977, 0.9925912368726164, 0.02860447876743482, -0.11808649490154603, 0.10964777601928155, -0.035845646996290115, 0.9975749859048926, -0.0596593420033333, 0.9066861503580972, 0.0, 0.0, 0.0, 1.0]",True,True
82,"[-0.1316204512384647, -1.7862432538657202, 1.2331463755057184, 0.610482987866967, 1.565964762500172, -0.05173752795909583]","[0.459301511390583, 0.10501572483450082, 0.9049969927370047]","[0.12334772838633694, 0.06332212067972727, 0.9903411770367587, 0.9910339299850753, 0.04378209577364982, -0.1262334254783727, -0.051352580463569344, 0.9970323149839674, -0.05735394805454669]","[0.5267295027111734, 0.5331321554425399, 0.49441589665024416, 0.4403169959771786]","[0.12334772838633694, 0.06332212067972727, 0.9903411770367587, 0.459301511390583, 0.9910339299850753, 0.04378209577364982, -0.1262334254783727, 0.10501572483450082, -0.051352580463569344, 0.9970323149839674, -0.05735394805454669, 0.9049969927370047, 0.0, 0.0, 0.0, 1.0]",True,True
83,"[-0.12993117168954976, -1.788638926058897, 1.2214831207951458, 0.6184325051382881, 1.5646800620956052, -0.04339047817607255]","[0.45420986957308757, 0.10655296281292494, 0.9120222881221892]","[0.12118601612431244, 0.05613170248005476, 0.9910414630441092, 0.9916977242795243, 0.036410207237308735, -0.12332850630632414, -0.043006664073497805, 0.9977592539213189, -0.05125327364805551]","[0.5259141920773687, 0.5329233252858846, 0.491547928680676, 0.4447332073812128]","[0.12118601612431244, 0.05613170248005476, 0.9910414630441092, 0.45420986957308757, 0.9916977242795243, 0.036410207237308735, -0.12332850630632414, 0.10655296281292494, -0.043006664073497805, 0.9977592539213189, -0.05125327364805551, 0.9120222881221892, 0.0, 0.0, 0.0, 1.0]",True,True
84,"[-0.13353598665223554, -1.7933026050385346, 1.2218033819213288, 0.6166000746353092, 1.5687772754191627, -0.04720639778761546]","[0.4511882760102545, 0.10499088777053808, 0.9140268349521019]","[0.12888547497238337, 0.050822757193413365, 0.9903562902775963, 0.9905426978138548, 0.04078535530219253, -0.13100274272137893, -0.047049953759732935, 0.9978745422868214, -0.0450854711306617]","[0.5302323450959764, 0.5322559513055849, 0.48912814053693304, 0.44306988686739984]","[0.12888547497238337, 0.050822757193413365, 0.9903562902775963, 0.4511882760102545, 0.9905426978138548, 0.04078535530219253, -0.13100274272137893, 0.10499088777053808, -0.047049953759732935, 0.9978745422868214, -0.0450854711306617, 0.9140268349521019, 0.0, 0.0, 0.0, 1.0]",True,True
85,"[-0.1352503491457216, -1.7890283319515217, 1.2201222019968165, 0.6158272926308359, 1.5689640198226464, -0.03825492932455653]","[0.4544722499260246, 0.10377737358649046, 0.9131914233276123]","[0.1311497652250802, 0.051529203890640515, 0.9900224645066409, 0.9906294895507659, 0.031585875985505864, -0.13287417683890665, -0.038117627336904686, 0.9981718657549036, -0.04690386872721498]","[0.5281646931789769, 0.5353661732792775, 0.48665695810489557, 0.4445111050531243]","[0.1311497652250802, 0.051529203890640515, 0.9900224645066409, 0.4544722499260246, 0.9906294895507659, 0.031585875985505864, -0.13287417683890665, 0.10377737358649046, -0.038117627336904686, 0.9981718657549036, -0.04690386872721498, 0.9131914233276123, 0.0, 0.0, 0.0, 1.0]",True,True
86,"[-0.13330046161572603, -1.788366227646891, 1.2154357529927557, 0.6333155231773419, 1.5772717290899452, -0.04084808777673344]","[0.4517163066113116, 0.10423283236354197, 0.9140609608285262]","[0.1367506964812206, 0.06545203468270658, 0.988440831900319, 0.9897503211007038, 0.0324245522762272, -0.13907893546737998, -0.04115275073375426, 0.9973287720534189, -0.060347092237037395]","[0.5265045480621251, 0.5396001381676137, 0.48888161860312457, 0.43888428401046514]","[0.1367506964812206, 0.06545203468270658, 0.988440831900319, 0.4517163066113116, 0.9897503211007038, 0.0324245522762272, -0.13907893546737998, 0.10423283236354197, -0.04115275073375426, 0.9973287720534189, -0.060347092237037395, 0.9140609608285262, 0.0, 0.0, 0.0, 1.0]",True,True
87,"[-0.13711025418379919, -1.8018605553846214, 1.2235520056045814, 0.6304002140864721, 1.5769743442230229, -0.04549814349041933]","[0.4434699362751121, 0.10373095211305638, 0.9155153083532132]","[0.14029642398367106, 0.05802052281622805, 0.9884080798685962, 0.9890523616659587, 0.03790702676247505, -0.1426130541185438, -0.045742095496202374, 0.9975954471899721, -0.05206711481785533]","[0.5305978552369701, 0.5372281898874657, 0.4872570465361838, 0.438671128077743]","[0.14029642398367106, 0.05802052281622805, 0.9884080798685962, 0.4434699362751121, 0.9890523616659587, 0.03790702676247505, -0.1426130541185438, 0.10373095211305638, -0.045742095496202374, 0.9975954471899721, -0.05206711481785533, 0.9155153083532132, 0.0, 0.0, 0.0, 1.0]",True,True
88,"[-0.13020407539654144, -1.8052492459426175, 1.2128344111385685, 0.6333274303690917, 1.573230680498769, -0.04310488389524124]","[0.43769441739610004, 0.10780032939098003, 0.9227352392590198]","[0.13037741698012797, 0.04621606347313442, 0.9903866944878839, 0.9905247998609122, 0.03740751687600954, -0.13214120682690472, -0.04315495338995962, 0.9982308115652502, -0.04090106159615105]","[0.5307739331061734, 0.532416885931567, 0.48680878214449674, 0.4447791599624783]","[0.13037741698012797, 0.04621606347313442, 0.9903866944878839, 0.43769441739610004, 0.9905247998609122, 0.03740751687600954, -0.13214120682690472, 0.10780032939098003, -0.04315495338995962, 0.9982308115652502, -0.04090106159615105, 0.9227352392590198, 0.0, 0.0, 0.0, 1.0]",True,True
89,"[-0.1291990407789787, -1.8018159028177012, 1.2095951185273437, 0.6415453780209249, 1.5669607353551478, -0.03837879791461664]","[0.43875006929868243, 0.10867186123977132, 0.9223968513026556]","[0.12307186898192123, 0.053655363310160464, 0.9909462230884941, 0.9916648289453592, 0.03172052117129923, -0.12487864336784023, -0.038133739628679, 0.9980555648483083, -0.04930423285333892]","[0.525710984596071, 0.5340073924263503, 0.4893753378141151, 0.44606708491925295]","[0.12307186898192123, 0.053655363310160464, 0.9909462230884941, 0.43875006929868243, 0.9916648289453592, 0.03172052117129923, -0.12487864336784023, 0.10867186123977132, -0.038133739628679, 0.9980555648483083, -0.04930423285333892, 0.9223968513026556, 0.0, 0.0, 0.0, 1.0]",True,True
90,"[-0.1326116698108868, -1.8019094823748936, 1.2151289989192606, 0.6428159368221816, 1.5638236778677435, -0.04925338280802938]","[0.4400146830954916, 0.10734617124082642, 0.9192188478436301]","[0.12243444898759004, 0.06161699228456045, 0.9905620384220817, 0.9912777951585318, 0.0414489952146215, -0.12510121350865572, -0.04876616169789457, 0.997238851558393, -0.056004771365947885]","[0.5262790782551269, 0.5331487187312083, 0.49371533235078363, 0.4416196849190037]","[0.12243444898759004, 0.06161699228456045, 0.9905620384220817, 0.4400146830954916, 0.9912777951585318, 0.0414489952146215, -0.12510121350865572, 0.10734617124082642, -0.04876616169789457, 0.997238851558393, -0.056004771365947885, 0.9192188478436301, 0.0, 0.0, 0.0, 1.0]",True,True
91,"[-0.12720121009115537, -1.800642689482864, 1.203188376303198, 0.6471537797687456, 1.5693221398176322, -0.04846873702043327]","[0.4374889106853819, 0.10946211160689034, 0.9250091382022957]","[0.12286310180636466, 0.05529526946259576, 0.9908819765186863, 0.9912467635202604, 0.041772524116122284, -0.12523941088801588, -0.04831678823274731, 0.9975958547448094, -0.04967895500959079]","[0.5279575434902167, 0.5316882387028683, 0.4920844382114082, 0.4431944886468926]","[0.12286310180636466, 0.05529526946259576, 0.9908819765186863, 0.4374889106853819, 0.9912467635202604, 0.041772524116122284, -0.12523941088801588, 0.10946211160689034, -0.04831678823274731, 0.9975958547448094, -0.04967895500959079, 0.9250091382022957, 0.0, 0.0, 0.0, 1.0]",True,True
92,"[-0.13858692985062582, -1.7967104082249785, 1.2007579710901122, 0.643021629553963, 1.572722788020717, -0.036328504213644364]","[0.4417763307852849, 0.10372928637515168, 0.9250693305786603]","[0.1382643844555063, 0.05165660697778107, 0.989047296617651, 0.9897272956328275, 0.029466933820817286, -0.13989846350310398, -0.036370871181065856, 0.9982300810768742, -0.04705172645916072]","[0.5293107763443804, 0.5375521316797678, 0.484317632299422, 0.4430623419070153]","[0.1382643844555063, 0.05165660697778107, 0.989047296617651, 0.4417763307852849, 0.9897272956328275, 0.029466933820817286, -0.13989846350310398, 0.10372928637515168, -0.036370871181065856, 0.9982300810768742, -0.04705172645916072, 0.9250693305786603, 0.0, 0.0, 0.0, 1.0]",True,True
93,"[-0.13038639349676234, -1.8064496150746694, 1.2174375415192196, 0.6418615307792567, 1.5734517600270292, -0.04187895415414942]","[0.4366594082406401, 0.10783826738982874, 0.9199121150816175]","[0.13033688769340937, 0.05788399641761906, 0.9897786311418936, 0.9905819636314296, 0.03463463566765763, -0.13246816727149813, -0.041948409201024356, 0.9977223486375825, -0.05282467221488215]","[0.5272918667934735, 0.5358467421382335, 0.48916316812213345, 0.44221143258176027]","[0.13033688769340937, 0.05788399641761906, 0.9897786311418936, 0.4366594082406401, 0.9905819636314296, 0.03463463566765763, -0.13246816727149813, 0.10783826738982874, -0.041948409201024356, 0.9977223486375825, -0.05282467221488215, 0.9199121150816175, 0.0, 0.0, 0.0, 1.0]",True,True
94,"[-0.1377728750592908, -1.799099307301126, 1.2066476091037555, 0.6531436821130917, 1.5629292134071202, -0.04271342745200176]","[0.4398872015171229, 0.10525068204787927, 0.9219109343676013]","[0.12687143996549355, 0.065557245656375, 0.9897504156417576, 0.9910234253705967, 0.03401799932728106, -0.129287841997994, -0.04214508379172254, 0.9972687818555832, -0.060652853588845076]","[0.5244608149575928, 0.5370070516825308, 0.4918839835140581, 0.44115125159019447]","[0.12687143996549355, 0.065557245656375, 0.9897504156417576, 0.4398872015171229, 0.9910234253705967, 0.03401799932728106, -0.129287841997994, 0.10525068204787927, -0.04214508379172254, 0.9972687818555832, -0.060652853588845076, 0.9219109343676013, 0.0, 0.0, 0.0, 1.0]",True,True
95,"[-0.13555612634488678, -1.7970617304495997, 1.208649326338413, 0.6565390811733907, 1.5746665349515132, -0.04506855058512037]","[0.4410933870884706, 0.1049368654673376, 0.9196427889961429]","[0.13578621285408082, 0.07364189540075998, 0.9879974573046886, 0.9897060076448405, 0.03542587783300036, -0.13866155058801352, -0.04521197662630058, 0.9966553458550981, -0.0680734805045107]","[0.525152028031543, 0.5404705855838946, 0.4918620603084341, 0.4360947227404869]","[0.13578621285408082, 0.07364189540075998, 0.9879974573046886, 0.4410933870884706, 0.9897060076448405, 0.03542587783300036, -0.13866155058801352, 0.1049368654673376, -0.04521197662630058, 0.9966553458550981, -0.0680734805045107, 0.9196427889961429, 0.0, 0.0, 0.0, 1.0]",True,True
96,"[-0.12960041420947105, -1.7989149821781647, 1.21111174552537, 0.6390417084779895, 1.5672160994411153, -0.037524846481592045]","[0.44167168600379714, 0.10809690950502038, 0.9205350045203541]","[0.12369776120334679, 0.055466233992322644, 0.9907685707368742, 0.9916192814507804, 0.030604117841707662, -0.12551728417301253, -0.03728356914671275, 0.997991425242642, -0.05121572623562524]","[0.5251395416480816, 0.5348619844402068, 0.4894185537129712, 0.44566870955882704]","[0.12369776120334679, 0.055466233992322644, 0.9907685707368742, 0.44167168600379714, 0.9916192814507804, 0.030604117841707662, -0.12551728417301253, 0.10809690950502038, -0.03728356914671275, 0.997991425242642, -0.05121572623562524, 0.9205350045203541, 0.0, 0.0, 0.0, 1.0]",True,True
97,"[-0.13983391191099348, -1.7984434608486315, 1.2123478866607669, 0.6467428582945055, 1.5621481311416492, -0.047284860659846766]","[0.4425070696696563, 0.10407820684097539, 0.918981381984806]","[0.12784237072132318, 0.06613518436873017, 0.9895870177184352, 0.9906964592385707, 0.0384226800664278, -0.1305535266037341, -0.04665676693161171, 0.9970706269091608, -0.06060784647603192]","[0.5257511779139726, 0.5361966843264996, 0.49274439515359725, 0.43963823273693375]","[0.12784237072132318, 0.06613518436873017, 0.9895870177184352, 0.4425070696696563, 0.9906964592385707, 0.0384226800664278, -0.1305535266037341, 0.10407820684097539, -0.04665676693161171, 0.9970706269091608, -0.06060784647603192, 0.918981381984806, 0.0, 0.0, 0.0, 1.0]",True,True
98,"[-0.12320994166332146, -1.8070844547503429, 1.205032846069471, 0.6449926032907448, 1.5781845028311388, -0.045639784139378296]","[0.4324690648028843, 0.11095113438321223, 0.9268568076180914]","[0.12814114261013967, 0.048499181024298885, 0.9905693701152588, 0.9906932704121326, 0.0399651886516885, -0.13011390262438513, -0.04589870946639861, 0.9980233530013249, -0.04292662732281561]","[0.5303724408231947, 0.5317665327193097, 0.4885567196765297, 0.4441190835280996]","[0.12814114261013967, 0.048499181024298885, 0.9905693701152588, 0.4324690648028843, 0.9906932704121326, 0.0399651886516885, -0.13011390262438513, 0.11095113438321223, -0.04589870946639861, 0.9980233530013249, -0.04292662732281561, 0.9268568076180914, 0.0, 0.0, 0.0, 1.0]",True,True
99,"[-0.13680514757356452, -1.7955560475796144, 1.2122125328799918, 0.6447389713411654, 1.5659700493895108, -0.03860946268794251]","[0.44462155549181615, 0.10472751497123141, 0.918000644816486]","[0.12916074903699917, 0.06581826046427391, 0.989436939626603, 0.9908864077615805, 0.029902592558931636, -0.13133911021323857, -0.038231241433571456, 0.9973834726662115, -0.06135617842350055]","[0.5238576054550583, 0.5386590607475121, 0.4904329775681466, 0.4414692741235137]","[0.12916074903699917, 0.06581826046427391, 0.989436939626603, 0.44462155549181615, 0.9908864077615805, 0.029902592558931636, -0.13133911021323857, 0.10472751497123141, -0.038231241433571456, 0.9973834726662115, -0.06135617842350055, 0.918000644816486, 0.0, 0.0, 0.0, 1.0]",True,True
100,"[-0.13369639338537362, -1.8101683729209093, 1.2008301725765445, 0.6428616696276516, 1.5658592253624097, -0.054596216382667]","[0.43070273251689484, 0.10794752169339766, 0.9306663697557658]","[0.12640254663204326, 0.04017561575173122, 0.9911651305932343, 0.9904877336636939, 0.049656220481892895, -0.12832891034062766, -0.05437320725038523, 0.9979580049613427, -0.03351678186944217]","[0.5344487780050802, 0.526845116713535, 0.48907321939544285, 0.44452909100997584]","[0.12640254663204326, 0.04017561575173122, 0.9911651305932343, 0.43070273251689484, 0.9904877336636939, 0.049656220481892895, -0.12832891034062766, 0.10794752169339766, -0.05437320725038523, 0.9979580049613427, -0.03351678186944217, 0.9306663697557658, 0.0, 0.0, 0.0, 1.0]",True,True
101,"[-0.13941105806878737, -1.806763614659412, 1.2079801307532416, 0.6557699090086998, 1.5706825956986228, -0.04515984988220997]","[0.4338725734682921, 0.10467615939544347, 0.9241472091394125]","[0.13615961996793136, 0.0626136987103703, 0.9887062671107105, 0.9896614200516133, 0.03680074824828502, -0.13862171038401883, -0.04506474843614403, 0.997359127727908, -0.05695558608436692]","[0.528205637543715, 0.5376603151163413, 0.4892843535115139, 0.4387721634571343]","[0.13615961996793136, 0.0626136987103703, 0.9887062671107105, 0.4338725734682921, 0.9896614200516133, 0.03680074824828502, -0.13862171038401883, 0.10467615939544347, -0.04506474843614403, 0.997359127727908, -0.05695558608436692, 0.9241472091394125, 0.0, 0.0, 0.0, 1.0]",True,True
102,"[-0.1315282593324804, -1.8030467232033989, 1.2129565245028082, 0.6473345051516747, 1.5725815965777916, -0.030436627651018643]","[0.43793577880837375, 0.10726791733717046, 0.9205311335904782]","[0.13112846911437745, 0.060737499866121154, 0.9895030473413071, 0.9908965837512972, 0.022661936259844504, -0.1327041708273079, -0.030484174545627928, 0.9978964839876769, -0.05721295611401321]","[0.523587969986947, 0.539833189274369, 0.48701807544984427, 0.4441274137316241]","[0.13112846911437745, 0.060737499866121154, 0.9895030473413071, 0.43793577880837375, 0.9908965837512972, 0.022661936259844504, -0.1327041708273079, 0.10726791733717046, -0.030484174545627928, 0.9978964839876769, -0.05721295611401321, 0.9205311335904782, 0.0, 0.0, 0.0, 1.0]",True,True
103,"[-0.12970709695991928, -1.8069086638295666, 1.2135808680971918, 0.6403669166008824, 1.5741436207316741, -0.05108292881735861]","[0.43563406075472966, 0.10819471142213374, 0.9223986691158044]","[0.13010463618722792, 0.05333959881160568, 0.99006447812312, 0.9901794242308265, 0.04453539344450131, -0.13251907998719403, -0.05116142563003802, 0.9975828215889447, -0.047021512078427155]","[0.5309469176747573, 0.5321162360850198, 0.4902683625667938, 0.4411174611965173]","[0.13010463618722792, 0.05333959881160568, 0.99006447812312, 0.43563406075472966, 0.9901794242308265, 0.04453539344450131, -0.13251907998719403, 0.10819471142213374, -0.05116142563003802, 0.9975828215889447, -0.047021512078427155, 0.9223986691158044, 0.0, 0.0, 0.0, 1.0]",True,True
104,"[-0.1400163433902308, -1.7993696753064257, 1.2176012139023715, 0.6450066116075875, 1.576118731752936, -0.04226719694056499]","[0.44284264745881347, 0.10265204983141604, 0.9165671400595105]","[0.14204355014880363, 0.06864085554432961, 0.9874776264864269, 0.98894734562394, 0.032997467799231454, -0.14454865859703414, -0.04250620477633302, 0.9970955822131504, -0.06319511441979746]","[0.5272205192156878, 0.5413504402809168, 0.4884027620904251, 0.4363954249394027]","[0.14204355014880363, 0.06864085554432961, 0.9874776264864269, 0.44284264745881347, 0.98894734562394, 0.032997467799231454, -0.14454865859703414, 0.10265204983141604, -0.04250620477633302, 0.9970955822131504, -0.06319511441979746, 0.9165671400595105, 0.0, 0.0, 0.0, 1.0]",True,True
105,"[-0.1338555684935912, -1.8031473149516721, 1.2176674409219688, 0.6455647160989402, 1.5714606033362095, -0.044641695354491404]","[0.43924842012658266, 0.1062094006139662, 0.9180791042180954]","[0.1313238937255579, 0.0654373104072925, 0.9891774326901206, 0.9903363604514526, 0.03621782359903079, -0.13387368083951567, -0.04458618737377513, 0.9971991915662634, -0.060048682209199844]","[0.5261874749353572, 0.5373906289506096, 0.49115746255215165, 0.43943418177988036]","[0.1313238937255579, 0.0654373104072925, 0.9891774326901206, 0.43924842012658266, 0.9903363604514526, 0.03621782359903079, -0.13387368083951567, 0.1062094006139662, -0.04458618737377513, 0.9971991915662634, -0.060048682209199844, 0.9180791042180954, 0.0, 0.0, 0.0, 1.0]",True,True
106,"[-0.12702685856662393, -1.8002223072834085, 1.2150742158406886, 0.6405930418648655, 1.571207639305806, -0.04807123264395826]","[0.4409046151201086, 0.10892445841990318, 0.9187265748368243]","[0.12430460294290738, 0.06101370944034274, 0.9903664437709586, 0.9910823414857763, 0.04065068881506144, -0.12689883330406274, -0.04800164666214487, 0.997308803109243, -0.0554165422823558]","[0.526673226364226, 0.5336362188818808, 0.49289010645236875, 0.44148277598329805]","[0.12430460294290738, 0.06101370944034274, 0.9903664437709586, 0.4409046151201086, 0.9910823414857763, 0.04065068881506144, -0.12689883330406274, 0.10892445841990318, -0.04800164666214487, 0.997308803109243, -0.0554165422823558, 0.9187265748368243, 0.0, 0.0, 0.0, 1.0]",True,True
107,"[-0.13338448710990827, -1.799758275674613, 1.22510151963878, 0.6396359312681328, 1.5686323935626074, -0.040228599357150174]","[0.4440106352493506, 0.10603368856992124, 0.9129574494764258]","[0.12815468095789306, 0.06956706138931222, 0.9893112764535923, 0.9909475160539543, 0.031243500867919625, -0.13056363996156867, -0.03999247648093899, 0.9970878936298302, -0.06493330579717613]","[0.523083376726081, 0.5389444511930588, 0.4919405771297999, 0.44036022537719366]","[0.12815468095789306, 0.06956706138931222, 0.9893112764535923, 0.4440106352493506, 0.9909475160539543, 0.031243500867919625, -0.13056363996156867, 0.10603368856992124, -0.03999247648093899, 0.9970878936298302, -0.06493330579717613, 0.9129574494764258, 0.0, 0.0, 0.0, 1.0]",True,True
108,"[-0.1340493548302384, -1.792415861884959, 1.214560952607488, 0.6339545507272807, 1.57102031031154, -0.04347798936366825]","[0.4484695219693669, 0.10492447512188778, 0.916251005232356]","[0.1313281775131352, 0.06133325208866034, 0.989439812206537, 0.9903881133751052, 0.03558646204127275, -0.1336599738316777, -0.04340846318839399, 0.997482749679218, -0.05607021861922731]","[0.5269830217699571, 0.5366125077956834, 0.48998176066751836, 0.44074231185193824]","[0.1313281775131352, 0.06133325208866034, 0.989439812206537, 0.4484695219693669, 0.9903881133751052, 0.03558646204127275, -0.1336599738316777, 0.10492447512188778, -0.04340846318839399, 0.997482749679218, -0.05607021861922731, 0.916251005232356, 0.0, 0.0, 0.0, 1.0]",True,True
109,"[-0.14035234234762536, -1.7954373564491, 1.2206618050043878, 0.6365559962961128, 1.5713646555485903, -0.04571839971384036]","[0.4476025978557395, 0.10227830346775166, 0.9138800160539855]","[0.13751290768357075, 0.06748923626094053, 0.9881980586953835, 0.9894474452962472, 0.03662136998085382, -0.1401878320591889, -0.045650336440596795, 0.9970476810311734, -0.06174114133395935]","[0.5273502480160754, 0.5391272296584259, 0.4901146813836641, 0.4370710986217277]","[0.13751290768357075, 0.06748923626094053, 0.9881980586953835, 0.4476025978557395, 0.9894474452962472, 0.03662136998085382, -0.1401878320591889, 0.10227830346775166, -0.045650336440596795, 0.9970476810311734, -0.06174114133395935, 0.9138800160539855, 0.0, 0.0, 0.0, 1.0]",True,True
110,"[-0.13234018682221088, -1.8015985248082211, 1.2254788120829512, 0.6324695446607684, 1.5775934117914672, -0.04165744567540823]","[0.4432857923707705, 0.10574553927824364, 0.9141369944306996]","[0.13623281158653425, 0.06155441333778985, 0.9887626991578254, 0.989787770435582, 0.03381778092609617, -0.13847933849276672, -0.04196177478834236, 0.9975306571188053, -0.0563187141609017]","[0.527667480131126, 0.5382224783538262, 0.48833996444599526, 0.43978139266187344]","[0.13623281158653425, 0.06155441333778985, 0.9887626991578254, 0.4432857923707705, 0.989787770435582, 0.03381778092609617, -0.13847933849276672, 0.10574553927824364, -0.04196177478834236, 0.9975306571188053, -0.0563187141609017, 0.9141369944306996, 0.0, 0.0, 0.0, 1.0]",True,True
111,"[-0.13910145217312664, -1.7963500571916142, 1.2235266241848064, 0.6209923526250981, 1.5778582509698478, -0.04051425398451892]","[0.44907596652979065, 0.1020093405261919, 0.9139837238645976]","[0.1435844783056978, 0.05354477488601602, 0.9881884712301023, 0.9887968388514886, 0.033400619285077676, -0.14548267975493434, -0.040795944246751904, 0.9980066912169374, -0.04814909364917213]","[0.5312334712585426, 0.5381293879425729, 0.48424302644141204, 0.44013231214035303]","[0.1435844783056978, 0.05354477488601602, 0.9881884712301023, 0.44907596652979065, 0.9887968388514886, 0.033400619285077676, -0.14548267975493434, 0.1020093405261919, -0.040795944246751904, 0.9980066912169374, -0.04814909364917213, 0.9139837238645976, 0.0, 0.0, 0.0, 1.0]",True,True
112,"[-0.14153374995210402, -1.7867092632688748, 1.2237734395972306, 0.6148780630082332, 1.5669206644494749, -0.03584283992222456]","[0.4577301715978849, 0.10073743508658471, 0.9101793450589585]","[0.13529885143719847, 0.05628434615309252, 0.9892048792731936, 0.9901655798597347, 0.02817707994006055, -0.13703348724704656, -0.03558574519115688, 0.9980170963185803, -0.05191849569295867]","[0.5271521212335915, 0.5382936622305005, 0.4860032726730913, 0.4428898206466768]","[0.13529885143719847, 0.05628434615309252, 0.9892048792731936, 0.4577301715978849, 0.9901655798597347, 0.02817707994006055, -0.13703348724704656, 0.10073743508658471, -0.03558574519115688, 0.9980170963185803, -0.05191849569295867, 0.9101793450589585, 0.0, 0.0, 0.0, 1.0]",True,True
113,"[-0.1283720818051838, -1.79026422321079, 1.2316284118769791, 0.6228104855609962, 1.5737295881999918, -0.04149681398160386]","[0.4540096931436448, 0.10642402630706299, 0.9065816733663438]","[0.12817110290285372, 0.06897949054498702, 0.9893502909813191, 0.9908797361920457, 0.0329249064297904, -0.13066483436859122, -0.04158745946373635, 0.9970746112607338, -0.06413035782379888]","[0.523680640158877, 0.5383717475631643, 0.49215956796315974, 0.4401061328939751]","[0.12817110290285372, 0.06897949054498702, 0.9893502909813191, 0.4540096931436448, 0.9908797361920457, 0.0329249064297904, -0.13066483436859122, 0.10642402630706299, -0.04158745946373635, 0.9970746112607338, -0.06413035782379888, 0.9065816733663438, 0.0, 0.0, 0.0, 1.0]",True,True
114,"[-0.13524212084834464, -1.7907812071821807, 1.2231517546053727, 0.6165948661101246, 1.5781051644169943, -0.044027545066612245]","[0.45346450623019763, 0.10306754909581556, 0.9121656234294364]","[0.13978771545412158, 0.05470444401130446, 0.9886692158722914, 0.9891892201509164, 0.03697395449542584, -0.14190705911332333, -0.0443179573687641, 0.9978177942361943, -0.04894454168011145]","[0.5309936742253706, 0.5366000145915968, 0.48634627086095145, 0.4399698252068945]","[0.13978771545412158, 0.05470444401130446, 0.9886692158722914, 0.45346450623019763, 0.9891892201509164, 0.03697395449542584, -0.14190705911332333, 0.10306754909581556, -0.0443179573687641, 0.9978177942361943, -0.04894454168011145, 0.9121656234294364, 0.0, 0.0, 0.0, 1.0]",True,True
115,"[-0.13997151833375052, -1.7911910459579015, 1.2255191721718257, 0.6023929992079945, 1.5764119420331577, -0.04509770728587806]","[0.455772195178344, 0.10082227042594227, 0.912232758060448]","[0.14328321340442973, 0.04285694836112753, 0.988753357887432, 0.9886463652550442, 0.039488729356440565, -0.1449793251529446, -0.04525798520139949, 0.9983005169942492, -0.036712294187703276]","[0.5352708773539728, 0.5339725597434039, 0.4829383527272694, 0.4417340158544014]","[0.14328321340442973, 0.04285694836112753, 0.988753357887432, 0.455772195178344, 0.9886463652550442, 0.039488729356440565, -0.1449793251529446, 0.10082227042594227, -0.04525798520139949, 0.9983005169942492, -0.036712294187703276, 0.912232758060448, 0.0, 0.0, 0.0, 1.0]",True,True
116,"[-0.13879564418017665, -1.7957009910956114, 1.2371361272567973, 0.6091248700200941, 1.5693253032231773, -0.04858352699163749]","[0.45358658775853894, 0.10230657162277138, 0.9069768911797115]","[0.13430297907002028, 0.056641636203625584, 0.9893201882409424, 0.9897562471400835, 0.04112343955204354, -0.13671661920405914, -0.04842810196668866, 0.9975472859807626, -0.050538412839329014]","[0.5303036879427521, 0.5347237493223266, 0.4892235872587685, 0.4398963424883774]","[0.13430297907002028, 0.056641636203625584, 0.9893201882409424, 0.45358658775853894, 0.9897562471400835, 0.04112343955204354, -0.13671661920405914, 0.10230657162277138, -0.04842810196668866, 0.9975472859807626, -0.050538412839329014, 0.9069768911797115, 0.0, 0.0, 0.0, 1.0]",True,True
117,"[-0.14112326177319529, -1.7888415241513609, 1.2337549416241045, 0.6011317749774157, 1.5714377298032083, -0.03872518237844863]","[0.45942894614754193, 0.10025744391617122, 0.9065997011774602]","[0.13941937703727816, 0.05100726580519605, 0.9889188521519929, 0.9894767505698244, 0.03185776428213281, -0.14114121629320578, -0.038703971221551746, 0.9981900328544772, -0.046028913974361256]","[0.530388590409204, 0.5370266582604413, 0.4843726099861593, 0.44234995894264184]","[0.13941937703727816, 0.05100726580519605, 0.9889188521519929, 0.45942894614754193, 0.9894767505698244, 0.03185776428213281, -0.14114121629320578, 0.10025744391617122, -0.038703971221551746, 0.9981900328544772, -0.046028913974361256, 0.9065997011774602, 0.0, 0.0, 0.0, 1.0]",True,True
118,"[-0.14011610538111477, -1.7884507136271959, 1.2300084323401643, 0.6089337542344209, 1.5688049490031972, -0.04133056911547192]","[0.4580594172460608, 0.10114413890561957, 0.9078971711731236]","[0.13550595061860737, 0.05562184888804715, 0.9892140047902792, 0.9899209666789113, 0.03388273891571755, -0.1375079624351235, -0.0411657269635501, 0.9978768310417097, -0.0504699216733875]","[0.52889478345436, 0.5366780071365598, 0.487043814756562, 0.44162806432344387]","[0.13550595061860737, 0.05562184888804715, 0.9892140047902792, 0.4580594172460608, 0.9899209666789113, 0.03388273891571755, -0.1375079624351235, 0.10114413890561957, -0.0411657269635501, 0.9978768310417097, -0.0504699216733875, 0.9078971711731236, 0.0, 0.0, 0.0, 1.0]",True,True
119,"[-0.13760950221377066, -1.7917310362315093, 1.237182611669635, 0.5915775338640896, 1.5654940327842448, -0.039979417961766524]","[0.458665408260078, 0.10248094118779738, 0.9067401726146707]","[0.13035403613920024, 0.04191426473039816, 0.990581152492985, 0.9906705515189314, 0.03454515657851511, -0.13182750285938838, -0.039745233870191854, 0.9985238237363573, -0.0370201271679039]","[0.5310082545379619, 0.5321722011549901, 0.48508021182254457, 0.4466768071308327]","[0.13035403613920024, 0.04191426473039816, 0.990581152492985, 0.458665408260078, 0.9906705515189314, 0.03454515657851511, -0.13182750285938838, 0.10248094118779738, -0.039745233870191854, 0.9985238237363573, -0.0370201271679039, 0.9067401726146707, 0.0, 0.0, 0.0, 1.0]",True,True
120,"[-0.14923913629920257, -1.7798588919028493, 1.2433753341776952, 0.5900913894461735, 1.561216151922099, -0.04595351277090706]","[0.47024264768640295, 0.09597267378554306, 0.8980125215304234]","[0.13663798169924563, 0.059325980701736385, 0.9888430057248391, 0.9895820642085673, 0.037531485695297885, -0.1389918191053513, -0.04535857310220046, 0.9975328644186523, -0.05357969998844234]","[0.5292895633313822, 0.5368161221480757, 0.48848572240765004, 0.43938901687940907]","[0.13663798169924563, 0.059325980701736385, 0.9888430057248391, 0.47024264768640295, 0.9895820642085673, 0.037531485695297885, -0.1389918191053513, 0.09597267378554306, -0.04535857310220046, 0.9975328644186523, -0.05357969998844234, 0.8980125215304234, 0.0, 0.0, 0.0, 1.0]",True,True
121,"[-0.13461302849565412, -1.7667818633243562, 1.247714805558024, 0.587244599381068, 1.5723547279882175, -0.04604174614315822]","[0.47964944334998044, 0.10033275085277951, 0.8897727427276748]","[0.13249643756754026, 0.0736847339842611, 0.9884408196799542, 0.9901143516937665, 0.03646632792976098, -0.13543920221764288, -0.046024608656058515, 0.9966146531659004, -0.06812465407669124]","[0.5246041630173673, 0.5394800190263006, 0.4929742753021988, 0.4367243353724427]","[0.13249643756754026, 0.0736847339842611, 0.9884408196799542, 0.47964944334998044, 0.9901143516937665, 0.03646632792976098, -0.13543920221764288, 0.10033275085277951, -0.046024608656058515, 0.9966146531659004, -0.06812465407669124, 0.8897727427276748, 0.0, 0.0, 0.0, 1.0]",True,True
122,"[-0.1371654933252797, -1.7919312670326404, 1.2380804910030994, 0.5707293463582996, 1.574434513106171, -0.04189982070938228]","[0.46095577558957973, 0.1015300260652946, 0.9081681073687972]","[0.1395148734979091, 0.022583003550571502, 0.9899624275817225, 0.9893312839114563, 0.03916725678602016, -0.14031940945559615, -0.04194294633155503, 0.9989774441630266, -0.016877657021502193]","[0.5389351707910764, 0.5284943882704412, 0.4786778771547765, 0.4484529553628141]","[0.1395148734979091, 0.022583003550571502, 0.9899624275817225, 0.46095577558957973, 0.9893312839114563, 0.03916725678602016, -0.14031940945559615, 0.1015300260652946, -0.04194294633155503, 0.9989774441630266, -0.016877657021502193, 0.9081681073687972, 0.0, 0.0, 0.0, 1.0]",True,True
123,"[-0.14223291846146102, -1.7853621720067738, 1.2409554565255945, 0.5686589765738226, 1.5662755540674542, -0.0484429105157648]","[0.4673906226443741, 0.0991041598541365, 0.9037646654133289]","[0.13595513448067856, 0.030624419962333338, 0.9902415595753954, 0.989536906585651, 0.0445320294702942, -0.13723559617008096, -0.04830022684461535, 0.9985384535676267, -0.024249635740175773]","[0.5376424295502534, 0.528127054019807, 0.48291472609814656, 0.44588765409821884]","[0.13595513448067856, 0.030624419962333338, 0.9902415595753954, 0.4673906226443741, 0.989536906585651, 0.0445320294702942, -0.13723559617008096, 0.0991041598541365, -0.04830022684461535, 0.9985384535676267, -0.024249635740175773, 0.9037646654133289, 0.0, 0.0, 0.0, 1.0]",True,True
124,"[-0.14586769316355414, -1.7895256066084129, 1.251978927276038, 0.5701171734838664, 1.5627272104460295, -0.04269904058531088]","[0.46635818449611044, 0.09793945500854856, 0.8991123531969603]","[0.13586662428503207, 0.038053199302536464, 0.9899960678852374, 0.9898193895626808, 0.03755240913996484, -0.13728580630766837, -0.04240090153701797, 0.9985698626488917, -0.032563675440926164]","[0.5340541540855362, 0.5317137130510162, 0.48328290376751876, 0.44553823941780707]","[0.13586662428503207, 0.038053199302536464, 0.9899960678852374, 0.46635818449611044, 0.9898193895626808, 0.03755240913996484, -0.13728580630766837, 0.09793945500854856, -0.04240090153701797, 0.9985698626488917, -0.032563675440926164, 0.8991123531969603, 0.0, 0.0, 0.0, 1.0]",True,True
125,"[-0.1346887184411744, -1.7878320489440642, 1.25378347430873, 0.5620291853148409, 1.5744736940807977, -0.03953361474604018]","[0.46764541078336064, 0.10172697736563183, 0.8980218214390665]","[0.13672008008960185, 0.03315311267004818, 0.9900547918274927, 0.9898174661216599, 0.03539172589558608, -0.13787243922781606, -0.039610648325784356, 0.9988234563016726, -0.027976770378159245]","[0.5348212401370734, 0.5313438445517591, 0.48131289619751083, 0.4471888369684144]","[0.13672008008960185, 0.03315311267004818, 0.9900547918274927, 0.46764541078336064, 0.9898174661216599, 0.03539172589558608, -0.13787243922781606, 0.10172697736563183, -0.039610648325784356, 0.9988234563016726, -0.027976770378159245, 0.8980218214390665, 0.0, 0.0, 0.0, 1.0]",True,True
126,"[-0.14676016476098638, -1.7813800501956631, 1.2546674359061116, 0.5556274491138443, 1.562223872055601, -0.03458652487270139]","[0.4748106020638837, 0.09633354695364532, 0.8951551433875439]","[0.13668051165306702, 0.03334632018572873, 0.990053766552265, 0.9900205793766376, 0.030024762077279797, -0.13768720373712925, -0.034317490365742435, 0.9989927610309663, -0.02890974338736984]","[0.5333374940745721, 0.5328145767908281, 0.48017028068477513, 0.4484375605595175]","[0.13668051165306702, 0.03334632018572873, 0.990053766552265, 0.4748106020638837, 0.9900205793766376, 0.030024762077279797, -0.13768720373712925, 0.09633354695364532, -0.034317490365742435, 0.9989927610309663, -0.02890974338736984, 0.8951551433875439, 0.0, 0.0, 0.0, 1.0]",True,True
127,"[-0.13991783624682821, -1.7856981665966287, 1.255415162561153, 0.5494454594375239, 1.562843524715022, -0.04992313304125696]","[0.47169312540830327, 0.09986704485565599, 0.8972334570445604]","[0.13047300002774917, 0.02551673502752226, 0.9911234496758183, 0.9902033250615029, 0.046799562602282824, -0.13155674052430244, -0.04974104241873708, 0.9985783380255002, -0.01916067653625957]","[0.5380780347899765, 0.5250795449171787, 0.4836029464113078, 0.4482094267286522]","[0.13047300002774917, 0.02551673502752226, 0.9911234496758183, 0.47169312540830327, 0.9902033250615029, 0.046799562602282824, -0.13155674052430244, 0.09986704485565599, -0.04974104241873708, 0.9985783380255002, -0.01916067653625957, 0.8972334570445604, 0.0, 0.0, 0.0, 1.0]",True,True
128,"[-0.14926028447993436, -1.781001536228468, 1.2524160708507244, 0.5458468742213295, 1.574243799500478, -0.036162132662049]","[0.47593579791441315, 0.09389226558590995, 0.897172516734006]","[0.1513978724984709, 0.02255706158187337, 0.9882154943005743, 0.9878095164951697, 0.03316843971483259, -0.15209278000109852, -0.036208332252615175, 0.9991951929326297, -0.01726044888782262]","[0.5402096498873101, 0.5327968378452197, 0.4740862305805202, 0.44670270843673926]","[0.1513978724984709, 0.02255706158187337, 0.9882154943005743, 0.47593579791441315, 0.9878095164951697, 0.03316843971483259, -0.15209278000109852, 0.09389226558590995, -0.036208332252615175, 0.9991951929326297, -0.01726044888782262, 0.897172516734006, 0.0, 0.0, 0.0, 1.0]",True,True
129,"[-0.14720841966809797, -1.7871440765742148, 1.2659467769666595, 0.5399967001993694, 1.5703515762138482, -0.03047235204525127]","[0.474078406509439, 0.09547810974221306, 0.8925792198217056]","[0.14560300758546235, 0.02304185476022077, 0.9890747378794369, 0.9888742712699252, 0.027384091805062776, -0.1462114466667574, -0.030453896342536094, 0.9993593870301217, -0.018798291207907224]","[0.5371658980665606, 0.5331550447544097, 0.4744943032923334, 0.449503784578497]","[0.14560300758546235, 0.02304185476022077, 0.9890747378794369, 0.474078406509439, 0.9888742712699252, 0.027384091805062776, -0.1462114466667574, 0.09547810974221306, -0.030453896342536094, 0.9993593870301217, -0.018798291207907224, 0.8925792198217056, 0.0, 0.0, 0.0, 1.0]",True,True
130,"[-0.15137642580786637, -1.791020019914863, 1.2598869397610857, 0.5359148964640338, 1.5681618498142524, -0.04600800337688835]","[0.4710082176337266, 0.09423396616856787, 0.8982558336157772]","[0.14781989500135287, 0.011537823768304182, 0.9889469941632265, 0.9879449585202265, 0.04476361950562193, -0.14819236587362966, -0.04597866435920918, 0.9989309770907335, -0.0047817812889894154]","[0.5449315858935838, 0.5262694311815767, 0.474796141989712, 0.44794941237935443]","[0.14781989500135287, 0.011537823768304182, 0.9889469941632265, 0.4710082176337266, 0.9879449585202265, 0.04476361950562193, -0.14819236587362966, 0.09423396616856787, -0.04597866435920918, 0.9989309770907335, -0.0047817812889894154, 0.8982558336157772, 0.0, 0.0, 0.0, 1.0]",True,True
131,"[-0.15503738983824925, -1.7771055741730148, 1.2617469450190495, 0.5302304692770855, 1.565764775990435, -0.042839385925711036]","[0.482900725508316, 0.090927411532044, 0.8913196755678728]","[0.14867810219065472, 0.021079592334483636, 0.9886609493228694, 0.9879613017354723, 0.04005107623742883, -0.14942683013894972, -0.04274679171746219, 0.9989752559894742, -0.014871103477155312]","[0.5417236553241256, 0.5299759733776572, 0.47598426379554015, 0.4462061513736562]","[0.14867810219065472, 0.021079592334483636, 0.9886609493228694, 0.482900725508316, 0.9879613017354723, 0.04005107623742883, -0.14942683013894972, 0.090927411532044, -0.04274679171746219, 0.9989752559894742, -0.014871103477155312, 0.8913196755678728, 0.0, 0.0, 0.0, 1.0]",True,True
132,"[-0.1524250321316495, -1.772687409086515, 1.2710482672277394, 0.5227079403716803, 1.5685147318073556, -0.03983597812000379]","[0.48830070884240184, 0.09106582175915753, 0.8844511389125176]","[0.14863250416903043, 0.02676356957866833, 0.9885302676437635, 0.9880925255667551, 0.036181172478163506, -0.1495462593220459, -0.03976857583009929, 0.9989868037674536, -0.021067184788966877]","[0.5393854122652528, 0.5323341329653382, 0.4766067176137207, 0.44556681276881444]","[0.14863250416903043, 0.02676356957866833, 0.9885302676437635, 0.48830070884240184, 0.9880925255667551, 0.036181172478163506, -0.1495462593220459, 0.09106582175915753, -0.03976857583009929, 0.9989868037674536, -0.021067184788966877, 0.8844511389125176, 0.0, 0.0, 0.0, 1.0]",True,True
133,"[-0.15450191508977398, -1.7763105598531623, 1.2717515850364858, 0.5260287243017666, 1.5606597547041168, -0.0413385301091666]","[0.48560746192011073, 0.09123317317921202, 0.8854306646081707]","[0.14286716570725316, 0.02713980110276782, 0.9893697004451262, 0.9888881527124646, 0.03759597775965883, -0.14382893965132582, -0.04109981006897428, 0.9989244083775297, -0.021466996992984468]","[0.5382834166296431, 0.530739621881714, 0.4785905893990683, 0.4466737790435274]","[0.14286716570725316, 0.02713980110276782, 0.9893697004451262, 0.48560746192011073, 0.9888881527124646, 0.03759597775965883, -0.14382893965132582, 0.09123317317921202, -0.04109981006897428, 0.9989244083775297, -0.021466996992984468, 0.8854306646081707, 0.0, 0.0, 0.0, 1.0]",True,True
134,"[-0.14955465671642992, -1.7728173404543375, 1.2820138201259736, 0.5081041162791374, 1.5660189521278434, -0.034936808467440336]","[0.4913508507118248, 0.0922004737608273, 0.8793209458496247]","[0.14358718374118876, 0.02213559030831391, 0.9893900829839446, 0.9890241474220396, 0.03198821727906462, -0.1442497479076306, -0.034841878270003054, 0.9992430983484498, -0.01729953530036166]","[0.5381161272717748, 0.5312481768821625, 0.4758415095486725, 0.4492006967045423]","[0.14358718374118876, 0.02213559030831391, 0.9893900829839446, 0.4913508507118248, 0.9890241474220396, 0.03198821727906462, -0.1442497479076306, 0.0922004737608273, -0.034841878270003054, 0.9992430983484498, -0.01729953530036166, 0.8793209458496247, 0.0, 0.0, 0.0, 1.0]",True,True
135,"[-0.14170863426420738, -1.7628928213488677, 1.2789063289488112, 0.5032876779036524, 1.5672110428008408, -0.038039126788310514]","[0.4980701374185267, 0.09487775583860436, 0.8768828269639748]","[0.13685902066905398, 0.024328868032070346, 0.9902917320879671, 0.9898631840924307, 0.03494389971715194, -0.137658274909112, -0.03795372498059285, 0.9990931037960556, -0.01929986288194262]","[0.536773475849977, 0.5294371973694909, 0.4789010184605063, 0.4496935669797411]","[0.13685902066905398, 0.024328868032070346, 0.9902917320879671, 0.4980701374185267, 0.9898631840924307, 0.03494389971715194, -0.137658274909112, 0.09487775583860436, -0.03795372498059285, 0.9990931037960556, -0.01929986288194262, 0.8768828269639748, 0.0, 0.0, 0.0, 1.0]",True,True
136,"[-0.1557209573579414, -1.7638658379109153, 1.2835922217431124, 0.4971499177382026, 1.5604057653197834, -0.03822494800021746]","[0.5001206584135882, 0.08840378099184996, 0.8751047280410766]","[0.14407791821169477, 0.022193548224836396, 0.9893174414215976, 0.9888351194693767, 0.03519741709258538, -0.14479726632085943, -0.038034983735601845, 0.9991339190755174, -0.01687458932922705]","[0.5390734518539781, 0.5305080325613214, 0.4764436189650665, 0.4482884326431178]","[0.14407791821169477, 0.022193548224836396, 0.9893174414215976, 0.5001206584135882, 0.9888351194693767, 0.03519741709258538, -0.14479726632085943, 0.08840378099184996, -0.038034983735601845, 0.9991339190755174, -0.01687458932922705, 0.8751047280410766, 0.0, 0.0, 0.0, 1.0]",True,True
137,"[-0.1616774790835639, -1.7700656425616685, 1.2827345557824184, 0.4926039525359507, 1.5759432396617068, -0.03543739240811981]","[0.4962208875198519, 0.08469228083566006, 0.8789954312102476]","[0.16576296582230052, 0.011084013008783457, 0.986103333235121, 0.9855280149740825, 0.034089846517440306, -0.1660494325966278, -0.035456605351323695, 0.999357306982862, -0.005272771275335383]","[0.5464842269142828, 0.5331383241195936, 0.46733276473260343, 0.4457786492153152]","[0.16576296582230052, 0.011084013008783457, 0.986103333235121, 0.4962208875198519, 0.9855280149740825, 0.034089846517440306, -0.1660494325966278, 0.08469228083566006, -0.035456605351323695, 0.999357306982862, -0.005272771275335383, 0.8789954312102476, 0.0, 0.0, 0.0, 1.0]",True,True
138,"[-0.14570113748766197, -1.76253125725582, 1.2941848091393444, 0.49421074087069666, 1.5626659479550207, -0.042041511147394205]","[0.5020129725835907, 0.09278842342405759, 0.868382266904195]","[0.13594332759919805, 0.03132865255960368, 0.9902211506577996, 0.98983420530861, 0.03788062135457344, -0.1370886739554519, -0.04180499590156527, 0.9987910562548059, -0.02586055419125892]","[0.535715268300828, 0.5300762351860068, 0.4816113183747434, 0.4473017708591622]","[0.13594332759919805, 0.03132865255960368, 0.9902211506577996, 0.5020129725835907, 0.98983420530861, 0.03788062135457344, -0.1370886739554519, 0.09278842342405759, -0.04180499590156527, 0.9987910562548059, -0.02586055419125892, 0.868382266904195, 0.0, 0.0, 0.0, 1.0]",True,True
139,"[-0.15033470606222438, -1.7643682041087785, 1.2926867760874134, 0.47740476830711415, 1.5631238198925164, -0.029709946484448295]","[0.5028186006569546, 0.09036090344034485, 0.871688530710013]","[0.14194805219361364, 0.009879764385770423, 0.9898248030505805, 0.9894296154051438, 0.02854700035317223, -0.14217631634722222, -0.029661197509010886, 0.9995436253743595, -0.005723140380403075]","[0.5396229962127224, 0.528943331610496, 0.4723140079809091, 0.45381213268069726]","[0.14194805219361364, 0.009879764385770423, 0.9898248030505805, 0.5028186006569546, 0.9894296154051438, 0.02854700035317223, -0.14217631634722222, 0.09036090344034485, -0.029661197509010886, 0.9995436253743595, -0.005723140380403075, 0.871688530710013, 0.0, 0.0, 0.0, 1.0]",True,True
140,"[-0.15991691420614054, -1.7595041537904719, 1.297244920131487, 0.46444842754663745, 1.5617302255067447, -0.04088393816074035]","[0.5093675527277047, 0.08474848600105482, 0.8677632953514696]","[0.1500654445597787, 0.008301753570018963, 0.9886412105697088, 0.9878316788150433, 0.040060076555365316, -0.15027895593139953, -0.04085262144011379, 0.9991627851126368, -0.0021891019688010257]","[0.5449624801640804, 0.5273031552089401, 0.47227739040853634, 0.4493565891683506]","[0.1500654445597787, 0.008301753570018963, 0.9886412105697088, 0.5093675527277047, 0.9878316788150433, 0.040060076555365316, -0.15027895593139953, 0.08474848600105482, -0.04085262144011379, 0.9991627851126368, -0.0021891019688010257, 0.8677632953514696, 0.0, 0.0, 0.0, 1.0]",True,True
141,"[-0.1523361244298152, -1.7633526414894105, 1.2972452466868232, 0.4587285626005371, 1.5772919252737327, -0.036970370530825816]","[0.5063261307862832, 0.08752189454158706, 0.8701713050343624]","[0.15832606543865904, -0.0014422594705179614, 0.9873858298002526, 0.9866966524549298, 0.037615645773255796, -0.15816061212355162, -0.036913046974600426, 0.999291240370234, 0.007378609785745409]","[0.5484797901923234, 0.5275726987533703, 0.46688086557194963, 0.45039896163674453]","[0.15832606543865904, -0.0014422594705179614, 0.9873858298002526, 0.5063261307862832, 0.9866966524549298, 0.037615645773255796, -0.15816061212355162, 0.08752189454158706, -0.036913046974600426, 0.999291240370234, 0.007378609785745409, 0.8701713050343624, 0.0, 0.0, 0.0, 1.0]",True,True
142,"[-0.15340741808446606, -1.7627982299943115, 1.2974674600297706, 0.4692369635743012, 1.5558564175793455, -0.03568833735655024]","[0.5059511814458462, 0.08905163221693575, 0.8687963325942765]","[0.13779993866858206, 0.00878270917433107, 0.99042114321257, 0.9898192955267598, 0.03474274009564887, -0.13802428849139206, -0.03562217154868362, 0.9993576967383627, -0.0039057475533939416]","[0.5405175601242843, 0.5260615330278215, 0.47456520863324475, 0.4537487117564013]","[0.13779993866858206, 0.00878270917433107, 0.99042114321257, 0.5059511814458462, 0.9898192955267598, 0.03474274009564887, -0.13802428849139206, 0.08905163221693575, -0.03562217154868362, 0.9993576967383627, -0.0039057475533939416, 0.8687963325942765, 0.0, 0.0, 0.0, 1.0]",True,True
143,"[-0.16270461374450645, -1.7606952687276312, 1.3006028478907663, 0.44838934983857726, 1.565394506114318, -0.04967651637984761]","[0.5109676352477367, 0.0827616302609568, 0.8678040701308906]","[0.15703542589381658, -0.0037551100492177517, 0.987585831289041, 0.9863408192491843, 0.050936372782475564, -0.15664378127015577, -0.04971582542003458, 0.9986948408178961, 0.011702633315698575]","[0.5521943570863412, 0.5230670176458371, 0.4696270630971347, 0.44825518252425317]","[0.15703542589381658, -0.0037551100492177517, 0.987585831289041, 0.5109676352477367, 0.9863408192491843, 0.050936372782475564, -0.15664378127015577, 0.0827616302609568, -0.04971582542003458, 0.9986948408178961, 0.011702633315698575, 0.8678040701308906, 0.0, 0.0, 0.0, 1.0]",True,True
144,"[-0.15896985548830847, -1.7576956351427728, 1.3000623223705288, 0.4545255083400939, 1.5620220839068004, -0.037778376735470805]","[0.5121219620709948, 0.08474909836107061, 0.8660863004520497]","[0.1496407223441176, 0.00258507051240451, 0.9887370588921893, 0.988017753881574, 0.03783579411846491, -0.14963078125250306, -0.037796457917905285, 0.9992806262976737, 0.0031076800010590255]","[0.5455694723093572, 0.5264734675709198, 0.4703954165840927, 0.45156150288152225]","[0.1496407223441176, 0.00258507051240451, 0.9887370588921893, 0.5121219620709948, 0.988017753881574, 0.03783579411846491, -0.14963078125250306, 0.08474909836107061, -0.037796457917905285, 0.9992806262976737, 0.0031076800010590255, 0.8660863004520497, 0.0, 0.0, 0.0, 1.0]",True,True
145,"[-0.1610988276880365, -1.756225938178553, 1.316464810443512, 0.45296467022963793, 1.568499650114291, -0.030905571568117098]","[0.5155903548073596, 0.08251905161243986, 0.8555427866323486]","[0.15765752152578885, 0.017912473356350912, 0.9873313776056161, 0.987011293802712, 0.028395027549171236, -0.1581215618325925, -0.030867649930663554, 0.9994362739608462, -0.013203123835599658]","[0.5414908644749605, 0.5344309164457594, 0.4700905843183264, 0.4474215928767409]","[0.15765752152578885, 0.017912473356350912, 0.9873313776056161, 0.5155903548073596, 0.987011293802712, 0.028395027549171236, -0.1581215618325925, 0.08251905161243986, -0.030867649930663554, 0.9994362739608462, -0.013203123835599658, 0.8555427866323486, 0.0, 0.0, 0.0, 1.0]",True,True
146,"[-0.15030026617909376, -1.7531489125967283, 1.3208380679080671, 0.4382072948281125, 1.5652686627437533, -0.034348633175331766]","[0.5191659211310473, 0.08770206733009014, 0.8526879065110831]","[0.1439822012311668, 0.010780919164887126, 0.9895215497959546, 0.988985357947564, 0.033100240671530265, -0.14426481148504383, -0.03430870871886965, 0.9993938892395965, -0.0058963256861213394]","[0.5411067630829834, 0.5283886557842054, 0.4730259942980102, 0.45194613407218714]","[0.1439822012311668, 0.010780919164887126, 0.9895215497959546, 0.5191659211310473, 0.988985357947564, 0.033100240671530265, -0.14426481148504383, 0.08770206733009014, -0.03430870871886965, 0.9993938892395965, -0.0058963256861213394, 0.8526879065110831, 0.0, 0.0, 0.0, 1.0]",True,True
147,"[-0.16873286597787088, -1.7515103082700576, 1.308325476883009, 0.4197756843221777, 1.565290778316544, -0.04142595539777019]","[0.5223846215466881, 0.07782809919565636, 0.8612367402027785]","[0.16332114964618585, -0.01632479703663808, 0.9864378860728945, 0.9856983996275459, 0.04479106530161655, -0.16245745732603623, -0.041531518753143766, 0.9988629843331162, 0.0234066545921961]","[0.5548690993243358, 0.5232407260889516, 0.4631585206663143, 0.4514682822869158]","[0.16332114964618585, -0.01632479703663808, 0.9864378860728945, 0.5223846215466881, 0.9856983996275459, 0.04479106530161655, -0.16245745732603623, 0.07782809919565636, -0.041531518753143766, 0.9988629843331162, 0.0234066545921961, 0.8612367402027785, 0.0, 0.0, 0.0, 1.0]",True,True
148,"[-0.16040278627690585, -1.7508600828486172, 1.3200088795063687, 0.41705472839599483, 1.5685980363172676, -0.036057601872632614]","[0.5239247469940735, 0.0815109572948128, 0.8540062266216828]","[0.1579341409955026, -0.007930600594731694, 0.9874178004685855, 0.986790393772376, 0.037801602758479776, -0.15753017992578155, -0.03607666651135772, 0.9992537937896941, 0.01379600414364046]","[0.5498935687698172, 0.5259126672018326, 0.46531480140312986, 0.4522334188197667]","[0.1579341409955026, -0.007930600594731694, 0.9874178004685855, 0.5239247469940735, 0.986790393772376, 0.037801602758479776, -0.15753017992578155, 0.0815109572948128, -0.03607666651135772, 0.9992537937896941, 0.01379600414364046, 0.8540062266216828, 0.0, 0.0, 0.0, 1.0]",True,True
149,"[-0.15890068719196312, -1.7561207567633135, 1.3212407654977592, 0.4207571991143937, 1.5687345262429773, -0.039354604632591786]","[0.5197555658624105, 0.08293350992137533, 0.855544930707477]","[0.15662457439614233, -0.007788130420256028, 0.9876275045379124, 0.9868732319001458, 0.04109441610067133, -0.1561808987178205, -0.039369618415581446, 0.9991249141072912, 0.014122292870123586]","[0.5504183144134417, 0.524739903529679, 0.4664620962185473, 0.4517751936453876]","[0.15662457439614233, -0.007788130420256028, 0.9876275045379124, 0.5197555658624105, 0.9868732319001458, 0.04109441610067133, -0.1561808987178205, 0.08293350992137533, -0.039369618415581446, 0.9991249141072912, 0.014122292870123586, 0.855544930707477, 0.0, 0.0, 0.0, 1.0]",True,True
150,"[-0.16456946925946414, -1.7536744860610272, 1.321875803922907, 0.40199838765618023, 1.5629727400829996, -0.03196023007864233]","[0.5242418015240241, 0.07985596997540846, 0.8557034148127082]","[0.15696777688210634, -0.024389894586821535, 0.9873025119297192, 0.9870795191107371, 0.03644191800190368, -0.15603207863916488, -0.03217359123264448, 0.9990380971986936, 0.029794972274000176]","[0.5529929174858413, 0.5221903117174338, 0.46089021709236716, 0.4572705100348125]","[0.15696777688210634, -0.024389894586821535, 0.9873025119297192, 0.5242418015240241, 0.9870795191107371, 0.03644191800190368, -0.15603207863916488, 0.07985596997540846, -0.03217359123264448, 0.9990380971986936, 0.029794972274000176, 0.8557034148127082, 0.0, 0.0, 0.0, 1.0]",True,True
151,"[-0.16649867290897544, -1.7477840061038448, 1.3270648738521469, 0.40802544655317247, 1.5603868028405714, -0.037761061848100484]","[0.5285970745892283, 0.07838001258575816, 0.8489562773422474]","[0.15581868004767202, -0.006640062639051671, 0.9877633565365495, 0.9870590471323257, 0.039395298451307174, -0.1554427480912426, -0.03788108264591012, 0.9992016413257545, 0.01269265730616816]","[0.5495240294575724, 0.5252929478610474, 0.4666058189461064, 0.4520726376389055]","[0.15581868004767202, -0.006640062639051671, 0.9877633565365495, 0.5285970745892283, 0.9870590471323257, 0.039395298451307174, -0.1554427480912426, 0.07838001258575816, -0.03788108264591012, 0.9992016413257545, 0.01269265730616816, 0.8489562773422474, 0.0, 0.0, 0.0, 1.0]",True,True
152,"[-0.1675307150126894, -1.751627111227246, 1.333804159057854, 0.3958690768017625, 1.5635013086581115, -0.02827232622264572]","[0.5280572400979111, 0.07764814015716119, 0.8478960335559562]","[0.16010072550500665, -0.017125799066739535, 0.9869521086147474, 0.9866914196541687, 0.03156543457955319, -0.15951070722884036, -0.02842182389663624, 0.9993549571329146, 0.0219515279709406]","[0.5508215881879315, 0.525971425781504, 0.4608451966505688, 0.45559998021465614]","[0.16010072550500665, -0.017125799066739535, 0.9869521086147474, 0.5280572400979111, 0.9866914196541687, 0.03156543457955319, -0.15951070722884036, 0.07764814015716119, -0.02842182389663624, 0.9993549571329146, 0.0219515279709406, 0.8478960335559562, 0.0, 0.0, 0.0, 1.0]",True,True
153,"[-0.15736222994899135, -1.7527892288526108, 1.3373669852012386, 0.3915118151319355, 1.5607033499889245, -0.03276936878053007]","[0.527356254745212, 0.08325637991800616, 0.8466967953481326]","[0.14743520050157002, -0.0187923387216229, 0.9888931740377389, 0.9885212041981442, 0.03615356058400352, -0.146692702298887, -0.03299531032909005, 0.9991695391986639, 0.02390693275634623]","[0.5494305447101389, 0.5213863028410941, 0.4649761895318102, 0.4583443497172113]","[0.14743520050157002, -0.0187923387216229, 0.9888931740377389, 0.527356254745212, 0.9885212041981442, 0.03615356058400352, -0.146692702298887, 0.08325637991800616, -0.03299531032909005, 0.9991695391986639, 0.02390693275634623, 0.8466967953481326, 0.0, 0.0, 0.0, 1.0]",True,True
154,"[-0.17337075031655153, -1.7358744821301888, 1.3396481582716921, 0.37994623480987894, 1.5598700413288802, -0.04268769238850851]","[0.5420936331318293, 0.07252250418106268, 0.8376697187552541]","[0.16226936475391282, -0.009118830247295913, 0.9867043631186002, 0.9858158076209026, 0.044918591870502886, -0.1617081121932934, -0.04284678175906755, 0.9989490312519914, 0.01627839837326275]","[0.5530520669425435, 0.5246599790602832, 0.46539521611833506, 0.44974727396306885]","[0.16226936475391282, -0.009118830247295913, 0.9867043631186002, 0.5420936331318293, 0.9858158076209026, 0.044918591870502886, -0.1617081121932934, 0.07252250418106268, -0.04284678175906755, 0.9989490312519914, 0.01627839837326275, 0.8376697187552541, 0.0, 0.0, 0.0, 1.0]",True,True
155,"[-0.16701835023412773, -1.7442433711987433, 1.3333668987073184, 0.38209959252291803, 1.5689688012038456, -0.03407506590393348]","[0.5346627624546686, 0.07628714091655743, 0.8457022127567835]","[0.1653124577517055, -0.02275379424739409, 0.9859787300745578, 0.9856513122402027, 0.038385209954527016, -0.16437173216801346, -0.034106919990771076, 0.999003924168516, 0.028772860557285618]","[0.5550834460384129, 0.5239643087176579, 0.45942896394479077, 0.4541682487941701]","[0.1653124577517055, -0.02275379424739409, 0.9859787300745578, 0.5346627624546686, 0.9856513122402027, 0.038385209954527016, -0.16437173216801346, 0.07628714091655743, -0.034106919990771076, 0.999003924168516, 0.028772860557285618, 0.8457022127567835, 0.0, 0.0, 0.0, 1.0]",True,True
156,"[-0.1676794104546273, -1.7383104248019692, 1.3427839942837034, 0.3668097793621707, 1.559111277040311, -0.03518909064301312]","[0.5417786118510352, 0.07565947256424112, 0.8382320085584865]","[0.15626702674091544, -0.02282637214860223, 0.9874510484515613, 0.9870765828797333, 0.039543640029784055, -0.15529365751267496, -0.03550261798829951, 0.9989570847978048, 0.028710744473950698]","[0.5532904777882613, 0.5215392224553157, 0.4622136596896824, 0.4563167972207608]","[0.15626702674091544, -0.02282637214860223, 0.9874510484515613, 0.5417786118510352, 0.9870765828797333, 0.039543640029784055, -0.15529365751267496, 0.07565947256424112, -0.03550261798829951, 0.9989570847978048, 0.028710744473950698, 0.8382320085584865, 0.0, 0.0, 0.0, 1.0]",True,True
157,"[-0.1656050902626794, -1.7391091578487357, 1.346791838736595, 0.3586673873634616, 1.5654929298484324, -0.033461035122198196]","[0.5422970510954499, 0.07607352874904003, 0.8369269612480394]","[0.1606397910656492, -0.027824701522017308, 0.9866208205342085, 0.9864405428618509, 0.03856886929000878, -0.1595227185077634, -0.03361417743752581, 0.9988684739778809, 0.033643108778733014]","[0.5551692915531241, 0.5216387190855629, 0.45942517602043376, 0.45673691782662895]","[0.1606397910656492, -0.027824701522017308, 0.9866208205342085, 0.5422970510954499, 0.9864405428618509, 0.03856886929000878, -0.1595227185077634, 0.07607352874904003, -0.03361417743752581, 0.9988684739778809, 0.033643108778733014, 0.8369269612480394, 0.0, 0.0, 0.0, 1.0]",True,True
158,"[-0.15476891322646608, -1.739780602133675, 1.35018049003053, 0.3745802541540419, 1.5629319894035771, -0.033590241013778374]","[0.53957322320505, 0.08247573000714453, 0.833650662134065]","[0.1467934382404155, -0.00991546397147296, 0.9891174703056194, 0.9885929995478577, 0.035536129956923894, -0.1463593683802105, -0.033698185923382765, 0.9993192017778477, 0.015018828967602342]","[0.5471170800580397, 0.5235070389488304, 0.4673659868745548, 0.456259043957011]","[0.1467934382404155, -0.00991546397147296, 0.9891174703056194, 0.53957322320505, 0.9885929995478577, 0.035536129956923894, -0.1463593683802105, 0.08247573000714453, -0.033698185923382765, 0.9993192017778477, 0.015018828967602342, 0.833650662134065, 0.0, 0.0, 0.0, 1.0]",True,True
159,"[-0.17314444422887884, -1.7289050206043926, 1.3455536370108705, 0.356789694695888, 1.5593911542872736, -0.033975726312419505]","[0.5501406686981543, 0.07127973758784556, 0.8325135418819243]","[0.16183472897418807, -0.020675997638572596, 0.986601248539399, 0.9862229857250627, 0.038098710238822116, -0.16097425479150648, -0.03425993177742251, 0.999060053950606, 0.026556838569723393]","[0.5537351076513782, 0.5237316059217838, 0.46089780393675955, 0.4545941594864349]","[0.16183472897418807, -0.020675997638572596, 0.986601248539399, 0.5501406686981543, 0.9862229857250627, 0.038098710238822116, -0.16097425479150648, 0.07127973758784556, -0.03425993177742251, 0.999060053950606, 0.026556838569723393, 0.8325135418819243, 0.0, 0.0, 0.0, 1.0]",True,True
160,"[-0.17599716628010756, -1.7285532098961645, 1.3527061861579819, 0.3428813957703267, 1.567822686562878, -0.035329881718604406]","[0.5526991962040966, 0.0685012518527474, 0.8291707743407343]","[0.17320190147855197, -0.026349024102879568, 0.9845338136666714, 0.9842498920337596, 0.04056241750428202, -0.17206638346214279, -0.035401290311891216, 0.9988295246011876, 0.032959511968762664]","[0.5582839400680438, 0.5243281348558142, 0.45672776466319837, 0.4525470121948461]","[0.17320190147855197, -0.026349024102879568, 0.9845338136666714, 0.5526991962040966, 0.9842498920337596, 0.04056241750428202, -0.17206638346214279, 0.0685012518527474, -0.035401290311891216, 0.9988295246011876, 0.032959511968762664, 0.8291707743407343, 0.0, 0.0, 0.0, 1.0]",True,True
161,"[-0.1678617855126265, -1.7298040671590944, 1.3591687911359174, 0.33236476392890396, 1.564839416348943, -0.03309582815717325]","[0.5530829500232163, 0.07311176654714985, 0.8267833187317181]","[0.16236274284632632, -0.0323685589235692, 0.9862000892966037, 0.9861693021878917, 0.03904598323421962, -0.1610761267709157, -0.03329335005169639, 0.9987130156288564, 0.03826049210152345]","[0.556702168619377, 0.5208301708596055, 0.4578271366701547, 0.457398012135213]","[0.16236274284632632, -0.0323685589235692, 0.9862000892966037, 0.5530829500232163, 0.9861693021878917, 0.03904598323421962, -0.1610761267709157, 0.07311176654714985, -0.03329335005169639, 0.9987130156288564, 0.03826049210152345, 0.8267833187317181, 0.0, 0.0, 0.0, 1.0]",True,True
162,"[-0.17182628227007898, -1.7333198744738945, 1.3514066600490693, 0.33879375901374453, 1.5543473653608062, -0.03380914168338553]","[0.549628140438668, 0.07254934610192598, 0.8329107291494395]","[0.1561151485309228, -0.0372154749338901, 0.9870375214877157, 0.9871368685367997, 0.04076155435930654, -0.15459397938333236, -0.03447989522212601, 0.9984755901431234, 0.043100263500504436]","[0.5567712650610513, 0.5177483294688433, 0.4586791204992547, 0.45995205201473854]","[0.1561151485309228, -0.0372154749338901, 0.9870375214877157, 0.549628140438668, 0.9871368685367997, 0.04076155435930654, -0.15459397938333236, 0.07254934610192598, -0.03447989522212601, 0.9984755901431234, 0.043100263500504436, 0.8329107291494395, 0.0, 0.0, 0.0, 1.0]",True,True
163,"[-0.17003448615198102, -1.726189950636435, 1.3579690591860645, 0.33967519068009755, 1.5657137615375565, -0.0343180108059187]","[0.5547932887100897, 0.07156151544960958, 0.8249073826947718]","[0.16507544331037172, -0.022479507811512547, 0.9860247307975781, 0.9856793736289932, 0.038672429977377645, -0.16413596669225294, -0.034442276612323325, 0.9989990565001534, 0.028541455701544666]","[0.5550426400262628, 0.5238944449102912, 0.459634509954774, 0.4540907349896591]","[0.16507544331037172, -0.022479507811512547, 0.9860247307975781, 0.5547932887100897, 0.9856793736289932, 0.038672429977377645, -0.16413596669225294, 0.07156151544960958, -0.034442276612323325, 0.9989990565001534, 0.028541455701544666, 0.8249073826947718, 0.0, 0.0, 0.0, 1.0]",True,True
164,"[-0.17698192980239058, -1.7375883771167666, 1.3659856303310804, 0.3234200905539577, 1.5667901295287534, -0.03536364843136371]","[0.5499597851857888, 0.06855562213304085, 0.8274893109105274]","[0.1736876956297212, -0.04129654031832188, 0.9839345405790847, 0.9841604344473537, 0.04330305484566654, -0.17191010647844027, -0.0355080787319279, 0.99820811517377, 0.048163628870723604]","[0.5623954079084642, 0.5201492602881722, 0.45316987166658096, 0.4558434156580896]","[0.1736876956297212, -0.04129654031832188, 0.9839345405790847, 0.5499597851857888, 0.9841604344473537, 0.04330305484566654, -0.17191010647844027, 0.06855562213304085, -0.0355080787319279, 0.99820811517377, 0.048163628870723604, 0.8274893109105274, 0.0, 0.0, 0.0, 1.0]",True,True
165,"[-0.17655097209670687, -1.7280350864543041, 1.363703136687735, 0.32194894832862836, 1.5655410131131449, -0.03117921110831161]","[0.5564676931545778, 0.0677432646554776, 0.8239853094238088]","[0.1716813096044185, -0.036377340765746564, 0.9844806839198645, 0.9846530003171482, 0.03815599422328194, -0.1703014652646032, -0.03136872485374259, 0.9986094377601513, 0.04236972878606338]","[0.5595102842249112, 0.5222919649475456, 0.45390113346212296, 0.45621607406972264]","[0.1716813096044185, -0.036377340765746564, 0.9844806839198645, 0.5564676931545778, 0.9846530003171482, 0.03815599422328194, -0.1703014652646032, 0.0677432646554776, -0.03136872485374259, 0.9986094377601513, 0.04236972878606338, 0.8239853094238088, 0.0, 0.0, 0.0, 1.0]",True,True
166,"[-0.172038640112635, -1.7270374066403482, 1.3611184984248923, 0.3187810252298544, 1.5612325095715405, -0.02710467397663135]","[0.5570182895119203, 0.07050695056309025, 0.8253913980831233]","[0.16297015091202613, -0.04202355177952157, 0.9857356395137316, 0.9862470705914287, 0.03480802298552545, -0.16157078103934705, -0.02752173071478085, 0.9985101014169424, 0.0471182735973007]","[0.5578746381345123, 0.519866293947107, 0.45407036857633604, 0.4607982475280666]","[0.16297015091202613, -0.04202355177952157, 0.9857356395137316, 0.5570182895119203, 0.9862470705914287, 0.03480802298552545, -0.16157078103934705, 0.07050695056309025, -0.02752173071478085, 0.9985101014169424, 0.0471182735973007, 0.8253913980831233, 0.0, 0.0, 0.0, 1.0]",True,True
167,"[-0.17019601805206497, -1.7279600433805193, 1.3771380314299322, 0.3103957936478173, 1.5614946802343157, -0.03293339803408264]","[0.5585826256819378, 0.07121734443226838, 0.8165601283699075]","[0.16143324859344063, -0.034534414407455305, 0.9862792101986648, 0.9863224607946542, 0.03934376102234332, -0.16006271208683914, -0.03327626151697368, 0.9986287812246104, 0.040413459754184554]","[0.5570436404290889, 0.5200182755963757, 0.45757432529445907, 0.45815839240878276]","[0.16143324859344063, -0.034534414407455305, 0.9862792101986648, 0.5585826256819378, 0.9863224607946542, 0.03934376102234332, -0.16006271208683914, 0.07121734443226838, -0.03327626151697368, 0.9986287812246104, 0.040413459754184554, 0.8165601283699075, 0.0, 0.0, 0.0, 1.0]",True,True
168,"[-0.17148301002490496, -1.7277483853303022, 1.3825446884970225, 0.3171098654939156, 1.5644590803482388, -0.023484558394781127]","[0.5584690804933704, 0.07025647415492961, 0.8123726484976566]","[0.16500319326055268, -0.023810026619340445, 0.986005592705339, 0.9860094176993327, 0.02795498368495702, -0.1643287774414351, -0.023651097692149896, 0.9993255733341161, 0.028089572057906076]","[0.5525051468093795, 0.526535525277661, 0.4568539751294986, 0.45692761875170024]","[0.16500319326055268, -0.023810026619340445, 0.986005592705339, 0.5584690804933704, 0.9860094176993327, 0.02795498368495702, -0.1643287774414351, 0.07025647415492961, -0.023651097692149896, 0.9993255733341161, 0.028089572057906076, 0.8123726484976566, 0.0, 0.0, 0.0, 1.0]",True,True
169,"[-0.18203906872402348, -1.7319181755789144, 1.3749661196735738, 0.3025258268011827, 1.5589334912239636, -0.039220222204993285]","[0.5574102921234986, 0.06520111920506232, 0.8208330130424881]","[0.17134082739733547, -0.04681820133297747, 0.9840987637888491, 0.9844077028434874, 0.04848428330359727, -0.1690879914569465, -0.039796927635238316, 0.9977260797916836, 0.05439553524246542]","[0.5644069112669065, 0.5168319380735077, 0.4535272650744925, 0.45677413032633873]","[0.17134082739733547, -0.04681820133297747, 0.9840987637888491, 0.5574102921234986, 0.9844077028434874, 0.04848428330359727, -0.1690879914569465, 0.06520111920506232, -0.039796927635238316, 0.9977260797916836, 0.05439553524246542, 0.8208330130424881, 0.0, 0.0, 0.0, 1.0]",True,True
170,"[-0.16912005826502216, -1.7130165984857677, 1.385179320222091, 0.3031819454600821, 1.5608951039875232, -0.0350483637450371]","[0.5699932849556277, 0.069912872127808, 0.8040075799019584]","[0.15930410708403903, -0.01873041704508156, 0.9870518592979167, 0.9865991651307209, 0.03874484492079742, -0.15849581810075472, -0.03527447844435402, 0.9990735751031455, 0.02465162674344485]","[0.5528789602499541, 0.5234280359848421, 0.462274028876086, 0.45458846079135357]","[0.15930410708403903, -0.01873041704508156, 0.9870518592979167, 0.5699932849556277, 0.9865991651307209, 0.03874484492079742, -0.15849581810075472, 0.069912872127808, -0.03527447844435402, 0.9990735751031455, 0.02465162674344485, 0.8040075799019584, 0.0, 0.0, 0.0, 1.0]",True,True
171,"[-0.17503357314534584, -1.7122681426967288, 1.3791457065388768, 0.2910577584714185, 1.5651460338512342, -0.024794317256625828]","[0.5717411544876277, 0.06590525141332648, 0.8086048121256846]","[0.16955421509876306, -0.03721763324136574, 0.9848178592603577, 0.9852035318037347, 0.031757741087764746, -0.16842044650947302, -0.025007380184460574, 0.9988024297411947, 0.042051602578215296]","[0.5575310661220465, 0.5233891648268961, 0.45281119779958684, 0.45845928019609544]","[0.16955421509876306, -0.03721763324136574, 0.9848178592603577, 0.5717411544876277, 0.9852035318037347, 0.031757741087764746, -0.16842044650947302, 0.06590525141332648, -0.025007380184460574, 0.9988024297411947, 0.042051602578215296, 0.8086048121256846, 0.0, 0.0, 0.0, 1.0]",True,True
172,"[-0.1801364481125263, -1.723145427707662, 1.3804555295433778, 0.2894082871323256, 1.5649781839873855, -0.034518008484109956]","[0.5650351469658961, 0.06428373581921688, 0.81389101538442]","[0.17514981919254316, -0.04637768017383404, 0.9834488556190978, 0.9839275682538297, 0.04352402376881832, -0.17318256201210527, -0.0347718458947002, 0.997975335435032, 0.05325550296833481]","[0.5638992254671256, 0.5192230475564884, 0.4514196223049958, 0.456777204993576]","[0.17514981919254316, -0.04637768017383404, 0.9834488556190978, 0.5650351469658961, 0.9839275682538297, 0.04352402376881832, -0.17318256201210527, 0.06428373581921688, -0.0347718458947002, 0.997975335435032, 0.05325550296833481, 0.81389101538442, 0.0, 0.0, 0.0, 1.0]",True,True
173,"[-0.17093122268910374, -1.7204063367833444, 1.3965809109628227, 0.28653589159641635, 1.558830811880796, -0.02746538642495238]","[0.5678685081681931, 0.06946200286855644, 0.8023842776292989]","[0.1592544172377957, -0.03237636742060395, 0.9867065427080618, 0.98684357841288, 0.033454733258139226, -0.1581787993629011, -0.02788874926403569, 0.9989156879613379, 0.03727822433022985]","[0.554523979379198, 0.521661159098851, 0.45741723067952794, 0.4595021963588137]","[0.1592544172377957, -0.03237636742060395, 0.9867065427080618, 0.5678685081681931, 0.98684357841288, 0.033454733258139226, -0.1581787993629011, 0.06946200286855644, -0.02788874926403569, 0.9989156879613379, 0.03727822433022985, 0.8023842776292989, 0.0, 0.0, 0.0, 1.0]",True,True
174,"[-0.1785291205261383, -1.729003451750908, 1.3856550596957575, 0.27970228895678395, 1.5512150840783157, -0.030551404070298608]","[0.5626533230389887, 0.06689221145675409, 0.8147144591617959]","[0.16015655151783517, -0.057726923466530196, 0.9854021926670371, 0.9865815289798507, 0.041450896023234374, -0.15791994774141438, -0.03172957109220144, 0.9974715161476845, 0.06359094898131773]","[0.5624051912372403, 0.5135938829740097, 0.45213476849388656, 0.46421533296527606]","[0.16015655151783517, -0.057726923466530196, 0.9854021926670371, 0.5626533230389887, 0.9865815289798507, 0.041450896023234374, -0.15791994774141438, 0.06689221145675409, -0.03172957109220144, 0.9974715161476845, 0.06359094898131773, 0.8147144591617959, 0.0, 0.0, 0.0, 1.0]",True,True
175,"[-0.18762337089420902, -1.7209151562296288, 1.3899035215312976, 0.27767640208438216, 1.5569883967609683, -0.030467540135375094]","[0.5691326108716526, 0.06011181669933199, 0.8077937098021009]","[0.17447603889403346, -0.04708119356841154, 0.9835351915737541, 0.9841684117051411, 0.039942701462153306, -0.17267633885881636, -0.03115524440005566, 0.9980921509620636, 0.05330486782924936]","[0.5629661642109223, 0.5199106821374778, 0.4506000984073545, 0.4579536350639282]","[0.17447603889403346, -0.04708119356841154, 0.9835351915737541, 0.5691326108716526, 0.9841684117051411, 0.039942701462153306, -0.17267633885881636, 0.06011181669933199, -0.03115524440005566, 0.9980921509620636, 0.05330486782924936, 0.8077937098021009, 0.0, 0.0, 0.0, 1.0]",True,True
176,"[-0.1816325131693251, -1.7183106562837296, 1.3907213490166968, 0.26906900135370343, 1.560255312500908, -0.028592889862839678]","[0.5714476740407697, 0.06272089493738847, 0.8066877016770464]","[0.17185073630617753, -0.05263328117463865, 0.9837159458623287, 0.9846914412273817, 0.0387319803596577, -0.16994881367918105, -0.029156302998949207, 0.9978625012546621, 0.05848366083978453]","[0.5632642314015731, 0.5183230399824842, 0.4495546638657238, 0.4604076846051631]","[0.17185073630617753, -0.05263328117463865, 0.9837159458623287, 0.5714476740407697, 0.9846914412273817, 0.0387319803596577, -0.16994881367918105, 0.06272089493738847, -0.029156302998949207, 0.9978625012546621, 0.05848366083978453, 0.8066877016770464, 0.0, 0.0, 0.0, 1.0]",True,True
177,"[-0.1789469054651975, -1.7054871395274709, 1.3913876185622858, 0.26872959738779145, 1.5566841164903136, -0.0346219323393136]","[0.5799402317445324, 0.0630229429697988, 0.799175275887028]","[0.1655500873858987, -0.038922934125304696, 0.9854329879629556, 0.9855723147842022, 0.04221367613039544, -0.16390612520118783, -0.0352190416881363, 0.9983501443615037, 0.045349844056336554]","[0.5597127851792897, 0.5191306596607367, 0.45588204194949383, 0.45759864525041005]","[0.1655500873858987, -0.038922934125304696, 0.9854329879629556, 0.5799402317445324, 0.9855723147842022, 0.04221367613039544, -0.16390612520118783, 0.0630229429697988, -0.0352190416881363, 0.9983501443615037, 0.045349844056336554, 0.799175275887028, 0.0, 0.0, 0.0, 1.0]",True,True
178,"[-0.17506868064628187, -1.7202921024719204, 1.3908237800625975, 0.2641722869943011, 1.5537570166965362, -0.03839676711021114]","[0.5703297076235345, 0.06720153697333739, 0.8081975793160039]","[0.15975864735304962, -0.05816243916366749, 0.9854411729101117, 0.9863688543910029, 0.04926528915120499, -0.15700131965123287, -0.039416464622088906, 0.9970907992531978, 0.06524017444270645]","[0.5644165374408693, 0.5111881218688327, 0.45394561000065003, 0.46265976644248313]","[0.15975864735304962, -0.05816243916366749, 0.9854411729101117, 0.5703297076235345, 0.9863688543910029, 0.04926528915120499, -0.15700131965123287, 0.06720153697333739, -0.039416464622088906, 0.9970907992531978, 0.06524017444270645, 0.8081975793160039, 0.0, 0.0, 0.0, 1.0]",True,True
179,"[-0.1811731778906203, -1.7118047791798185, 1.3961303256073037, 0.2715918276051308, 1.5623287482779955, -0.02690288482232332]","[0.575808356910853, 0.061984945169401576, 0.7993760397434583]","[0.17296024829107104, -0.03870852128422709, 0.9841678733280617, 0.9845518674200895, 0.03443694950401167, -0.1716732852498397, -0.02724652034124241, 0.9986569715817574, 0.044066770252057]","[0.5593442517911352, 0.5230813819414248, 0.4520536281684076, 0.45734821866302666]","[0.17296024829107104, -0.03870852128422709, 0.9841678733280617, 0.575808356910853, 0.9845518674200895, 0.03443694950401167, -0.1716732852498397, 0.061984945169401576, -0.02724652034124241, 0.9986569715817574, 0.044066770252057, 0.7993760397434583, 0.0, 0.0, 0.0, 1.0]",True,True
180,"[-0.16978289704027308, -1.7160111051123754, 1.396849564901009, 0.2608503373719103, 1.566191906660489, -0.029398947985038032]","[0.5734361371473975, 0.06845727044213597, 0.8022993313401882]","[0.1660534771817085, -0.05258183676543682, 0.984713863596038, 0.9856720116125339, 0.03883749536345354, -0.16414120286385842, -0.029612974176269704, 0.9978611122777893, 0.05827754596899996]","[0.5619538500878346, 0.516947394772731, 0.45125006155477276, 0.461894623649117]","[0.1660534771817085, -0.05258183676543682, 0.984713863596038, 0.5734361371473975, 0.9856720116125339, 0.03883749536345354, -0.16414120286385842, 0.06845727044213597, -0.029612974176269704, 0.9978611122777893, 0.05827754596899996, 0.8022993313401882, 0.0, 0.0, 0.0, 1.0]",True,True
181,"[-0.18275189804028966, -1.7119854922177302, 1.3937458402934253, 0.2608924985120928, 1.5604481512374606, -0.03025502393222366]","[0.5768240250727061, 0.0610823906132803, 0.802054491546625]","[0.17319409166272243, -0.05114547869394859, 0.9835588170629611, 0.9844061998319498, 0.04021344325156064, -0.1712521903926278, -0.030793511419515335, 0.9978812649764601, 0.057312657096280306]","[0.5636311276026554, 0.5185720758281537, 0.44991851887107237, 0.45932154374196227]","[0.17319409166272243, -0.05114547869394859, 0.9835588170629611, 0.5768240250727061, 0.9844061998319498, 0.04021344325156064, -0.1712521903926278, 0.0610823906132803, -0.030793511419515335, 0.9978812649764601, 0.057312657096280306, 0.802054491546625, 0.0, 0.0, 0.0, 1.0]",True,True
182,"[-0.17697188067176073, -1.7218071217992605, 1.399836434322884, 0.25343309021625937, 1.5726033988624197, -0.028433254667849406]","[0.5709615382007317, 0.0642605255738589, 0.8043176588413963]","[0.1796686185644966, -0.06233164090044077, 0.9817504540593723, 0.983321792663266, 0.0400280211782408, -0.17741479530764998, -0.028238972655294438, 0.9972524876194657, 0.0684838401388293]","[0.5674901937217872, 0.5174835159808056, 0.4449369512849306, 0.4606482390056681]","[0.1796686185644966, -0.06233164090044077, 0.9817504540593723, 0.5709615382007317, 0.983321792663266, 0.0400280211782408, -0.17741479530764998, 0.0642605255738589, -0.028238972655294438, 0.9972524876194657, 0.0684838401388293, 0.8043176588413963, 0.0, 0.0, 0.0, 1.0]",True,True
183,"[-0.18304873741759428, -1.7207510306319316, 1.4066420093107044, 0.25172834593326815, 1.5542558094333383, -0.02744334983064982]","[0.5729865118682239, 0.062205500872865, 0.799527144121761]","[0.16739112347102464, -0.056726890564285405, 0.9842572182463359, 0.9854809345499259, 0.03840364474842307, -0.16538587517875164, -0.028417238108459794, 0.9976508507273195, 0.062331698367223985]","[0.563055607064407, 0.5163951443312034, 0.44963341260135853, 0.4627464019708247]","[0.16739112347102464, -0.056726890564285405, 0.9842572182463359, 0.5729865118682239, 0.9854809345499259, 0.03840364474842307, -0.16538587517875164, 0.062205500872865, -0.028417238108459794, 0.9976508507273195, 0.062331698367223985, 0.799527144121761, 0.0, 0.0, 0.0, 1.0]",True,True
184,"[-0.17705878585059076, -1.7102293927471222, 1.4012032939860333, 0.25222139028630514, 1.5593007918597175, -0.027363639983764645]","[0.579074431182231, 0.06400620035787219, 0.7971355382452581]","[0.16629352173786013, -0.051355954418383615, 0.9847380517547785, 0.9856795769627432, 0.03698218393070762, -0.16452382693781165, -0.02796848559660559, 0.9979954328640447, 0.056770413033024984]","[0.5612588793733229, 0.5178177586695263, 0.4510870894738129, 0.46192388641540755]","[0.16629352173786013, -0.051355954418383615, 0.9847380517547785, 0.579074431182231, 0.9856795769627432, 0.03698218393070762, -0.16452382693781165, 0.06400620035787219, -0.02796848559660559, 0.9979954328640447, 0.056770413033024984, 0.7971355382452581, 0.0, 0.0, 0.0, 1.0]",True,True
185,"[-0.1783976739977815, -1.7075160528694855, 1.402269727349001, 0.24550921250236124, 1.5573549261346789, -0.02520601522080098]","[0.581769344734448, 0.06294254173542374, 0.7955916772351601]","[0.16566142287334082, -0.05459620473601394, 0.9846702734418274, 0.9858409308908023, 0.035451972952648604, -0.1638926984161311, -0.025960584583871904, 0.9978789566085599, 0.05969619758305975]","[0.5614288898447088, 0.5173280517083994, 0.4500262082635432, 0.4632987162072302]","[0.16566142287334082, -0.05459620473601394, 0.9846702734418274, 0.581769344734448, 0.9858409308908023, 0.035451972952648604, -0.1638926984161311, 0.06294254173542374, -0.025960584583871904, 0.9978789566085599, 0.05969619758305975, 0.7955916772351601, 0.0, 0.0, 0.0, 1.0]",True,True
186,"[-0.18964292979787906, -1.7215319986608397, 1.4073530311287046, 0.2555880127830346, 1.551694097636681, -0.028410656619015325]","[0.5725393184067142, 0.05882843945268756, 0.7991181509729298]","[0.17131252594644863, -0.052662402727557546, 0.9838082586524713, 0.9847756978774462, 0.039028670625555026, -0.1693918172143811, -0.0294761483887516, 0.9978494045737375, 0.05854675454712943]","[0.5632246334987341, 0.5181064323027084, 0.4497692158574153, 0.4604903793715796]","[0.17131252594644863, -0.052662402727557546, 0.9838082586524713, 0.5725393184067142, 0.9847756978774462, 0.039028670625555026, -0.1693918172143811, 0.05882843945268756, -0.0294761483887516, 0.9978494045737375, 0.05854675454712943, 0.7991181509729298, 0.0, 0.0, 0.0, 1.0]",True,True
187,"[-0.18286902858647014, -1.7136243092420613, 1.4049515280537352, 0.24014911953757892, 1.5524358519999975, -0.030366191217410462]","[0.5788441922675919, 0.061393730133128724, 0.7978132009486562]","[0.1657785806978229, -0.06232382151875547, 0.9841916497578679, 0.9856582895960162, 0.04239701629470272, -0.16334083739213043, -0.031546764215543484, 0.9971550703278829, 0.06845850850642224]","[0.5649411707202238, 0.5135472363611495, 0.4494885780224169, 0.4637571863362055]","[0.1657785806978229, -0.06232382151875547, 0.9841916497578679, 0.5788441922675919, 0.9856582895960162, 0.04239701629470272, -0.16334083739213043, 0.061393730133128724, -0.031546764215543484, 0.9971550703278829, 0.06845850850642224, 0.7978132009486562, 0.0, 0.0, 0.0, 1.0]",True,True
188,"[-0.18173136994281858, -1.7176950932388382, 1.4079198975680514, 0.2433891613964885, 1.5558230152283148, -0.027402785566983907]","[0.5758795488215166, 0.062266612058532525, 0.7978416157074276]","[0.1677440335661209, -0.06067155733782936, 0.9839618393683622, 0.9854233829610365, 0.039003926480538624, -0.16558819412243034, -0.028331881628212492, 0.9973954360479615, 0.06632984723412028]","[0.5641537483879682, 0.5153664375595928, 0.448589468690555, 0.46356819541127425]","[0.1677440335661209, -0.06067155733782936, 0.9839618393683622, 0.5758795488215166, 0.9854233829610365, 0.039003926480538624, -0.16558819412243034, 0.062266612058532525, -0.028331881628212492, 0.9973954360479615, 0.06632984723412028, 0.7978416157074276, 0.0, 0.0, 0.0, 1.0]",True,True
189,"[-0.18175375110894865, -1.707677568801926, 1.3997352350758, 0.23759647393065997, 1.5563518447977611, -0.028480417669275778]","[0.5825805767848395, 0.06097288210543522, 0.7981048229404067]","[0.1684659705653368, -0.06435885649637876, 0.9836041654811948, 0.9852683003624458, 0.04077845837531324, -0.16608279150300334, -0.029420962974999847, 0.9970933030178326, 0.07028052372181295]","[0.5655804435848324, 0.5141514826556981, 0.44778118654320537, 0.46396015313310124]","[0.1684659705653368, -0.06435885649637876, 0.9836041654811948, 0.5825805767848395, 0.9852683003624458, 0.04077845837531324, -0.16608279150300334, 0.06097288210543522, -0.029420962974999847, 0.9970933030178326, 0.07028052372181295, 0.7981048229404067, 0.0, 0.0, 0.0, 1.0]",True,True
190,"[-0.18738858899643104, -1.7186590700512512, 1.4056247663243402, 0.24014941128682527, 1.550615612528148, -0.02392999900347015]","[0.5758649307348097, 0.059564173980969526, 0.8001798388983814]","[0.16814671104162918, -0.06754156274053263, 0.9834453827582139, 0.985436406227543, 0.037155868086825056, -0.16593532097796201, -0.025333236019657923, 0.997024362174406, 0.07280555187271887]","[0.5652672224269626, 0.5143406680115051, 0.44615120900107325, 0.46569919818061334]","[0.16814671104162918, -0.06754156274053263, 0.9834453827582139, 0.5758649307348097, 0.985436406227543, 0.037155868086825056, -0.16593532097796201, 0.059564173980969526, -0.025333236019657923, 0.997024362174406, 0.07280555187271887, 0.8001798388983814, 0.0, 0.0, 0.0, 1.0]",True,True
191,"[-0.18438961688824823, -1.705883545913759, 1.4050441407837966, 0.2450210036735549, 1.5568069635538566, -0.04201742459891458]","[0.5834331683647909, 0.05926496876889383, 0.792932995768194]","[0.1717522621791176, -0.04767130792362682, 0.9839860806115127, 0.9842135004445769, 0.05161630325670019, -0.1692912956437664, -0.042719386453791953, 0.9975285477814473, 0.055783961691945695]","[0.5654981271250514, 0.5158371829440157, 0.45389428267649423, 0.4561840079003559]","[0.1717522621791176, -0.04767130792362682, 0.9839860806115127, 0.5834331683647909, 0.9842135004445769, 0.05161630325670019, -0.1692912956437664, 0.05926496876889383, -0.042719386453791953, 0.9975285477814473, 0.055783961691945695, 0.792932995768194, 0.0, 0.0, 0.0, 1.0]",True,True
192,"[-0.18692999785515593, -1.7122316433298392, 1.4067888603886674, 0.23446724400263796, 1.5575918411273342, -0.034347855768241724]","[0.580648351630259, 0.058263829508073336, 0.7964176459628856]","[0.17517657385701624, -0.0637023823948781, 0.9824740070093122, 0.9839079218619566, 0.046995455928307145, -0.1723851165831224, -0.03519047128134975, 0.9968617926268953, 0.07090978163616943]","[0.5685687758357587, 0.5141185019751136, 0.447467624648734, 0.4606348206146726]","[0.17517657385701624, -0.0637023823948781, 0.9824740070093122, 0.580648351630259, 0.9839079218619566, 0.046995455928307145, -0.1723851165831224, 0.058263829508073336, -0.03519047128134975, 0.9968617926268953, 0.07090978163616943, 0.7964176459628856, 0.0, 0.0, 0.0, 1.0]",True,True
193,"[-0.1801001128713397, -1.7116420526514773, 1.4087634706832581, 0.2486223736391431, 1.5601566513698828, -0.02436945422364446]","[0.5791766515826595, 0.062180893484604, 0.7934090310902366]","[0.16991590422303868, -0.04922673926120256, 0.9842282832929444, 0.985143734464051, 0.033729096497854036, -0.16838696652550522, -0.02490798944696905, 0.998217950244909, 0.05422652368132823]","[0.560774358454945, 0.5200865995302744, 0.4498851710696539, 0.46113488345614106]","[0.16991590422303868, -0.04922673926120256, 0.9842282832929444, 0.5791766515826595, 0.985143734464051, 0.033729096497854036, -0.16838696652550522, 0.062180893484604, -0.02490798944696905, 0.998217950244909, 0.05422652368132823, 0.7934090310902366, 0.0, 0.0, 0.0, 1.0]",True,True
194,"[-0.1831056115741885, -1.6972569434427702, 1.39919185241091, 0.24027097710069711, 1.562373999597893, -0.02471429750040529]","[0.5890904494622626, 0.058430282518072585, 0.7922995231883398]","[0.17516053748349256, -0.05248383536327856, 0.9831399865400932, 0.9842184303157024, 0.03484996828495631, -0.17349225094347118, -0.025156858615272882, 0.9980134902575707, 0.0577598972342694]","[0.5629765543525588, 0.5202284767206298, 0.4477525917198008, 0.46036653643206427]","[0.17516053748349256, -0.05248383536327856, 0.9831399865400932, 0.5890904494622626, 0.9842184303157024, 0.03484996828495631, -0.17349225094347118, 0.058430282518072585, -0.025156858615272882, 0.9980134902575707, 0.0577598972342694, 0.7922995231883398, 0.0, 0.0, 0.0, 1.0]",True,True
195,"[-0.1790500377081393, -1.7077113836210596, 1.3952639965693288, 0.25023194216511824, 1.5568568315892666, -0.02192924201030954]","[0.5807366022701407, 0.0628039927236347, 0.7997470290038975]","[0.165689936728561, -0.057562015537648746, 0.9844965511540043, 0.98591541896845, 0.03269961293453721, -0.1640168343621988, -0.022751516590129913, 0.9978062686118859, 0.06216927546364131]","[0.5613730544670673, 0.5174024179326915, 0.44856448832423607, 0.4646987534415557]","[0.165689936728561, -0.057562015537648746, 0.9844965511540043, 0.5807366022701407, 0.98591541896845, 0.03269961293453721, -0.1640168343621988, 0.0628039927236347, -0.022751516590129913, 0.9978062686118859, 0.06216927546364131, 0.7997470290038975, 0.0, 0.0, 0.0, 1.0]",True,True
196,"[-0.19183895833009246, -1.7094109809927256, 1.403412566595642, 0.24428128142440395, 1.5594742155192074, -0.025886341892715548]","[0.5814867260361726, 0.05512733172941209, 0.7960392610773087]","[0.1810662005022673, -0.05587859800715919, 0.9818821789402367, 0.983112949190717, 0.03721861937407044, -0.17917506384935064, -0.026532247722414644, 0.9977436327316964, 0.06167400728146381]","[0.5656763268773499, 0.5201378600541237, 0.44566759237977444, 0.4591811155211868]","[0.1810662005022673, -0.05587859800715919, 0.9818821789402367, 0.5814867260361726, 0.983112949190717, 0.03721861937407044, -0.17917506384935064, 0.05512733172941209, -0.026532247722414644, 0.9977436327316964, 0.06167400728146381, 0.7960392610773087, 0.0, 0.0, 0.0, 1.0]",True,True
197,"[-0.18720049644055128, -1.710477351451914, 1.4060266115740927, 0.24279734569272202, 1.5628513445661425, -0.026401860311163563]","[0.5807893849178706, 0.05758950899290898, 0.7950978134394366]","[0.1798478813952147, -0.05580956779413319, 0.9821099896143428, 0.9833282575400221, 0.037438713243981236, -0.17794347606456082, -0.02683798578427195, 0.9977392619784323, 0.061612398312159686]","[0.5654420821249856, 0.5198068799657891, 0.4460881172864299, 0.45943601395432737]","[0.1798478813952147, -0.05580956779413319, 0.9821099896143428, 0.5807893849178706, 0.9833282575400221, 0.037438713243981236, -0.17794347606456082, 0.05758950899290898, -0.02683798578427195, 0.9977392619784323, 0.061612398312159686, 0.7950978134394366, 0.0, 0.0, 0.0, 1.0]",True,True
198,"[-0.188570092848837, -1.709048565427655, 1.4208258819248574, 0.24722116335216618, 1.5430521998511724, -0.026157706297028634]","[0.5824445013855789, 0.05835119688277303, 0.7843111043723007]","[0.16115475939656554, -0.0360607923587234, 0.9862701266784349, 0.9865523408127582, 0.03349823085511641, -0.15997608373267738, -0.0272694400511333, 0.9987880094314502, 0.04097425844672829]","[0.5557938576258311, 0.5212202677598793, 0.45589725076266435, 0.4599786049902338]","[0.16115475939656554, -0.0360607923587234, 0.9862701266784349, 0.5824445013855789, 0.9865523408127582, 0.03349823085511641, -0.15997608373267738, 0.05835119688277303, -0.0272694400511333, 0.9987880094314502, 0.04097425844672829, 0.7843111043723007, 0.0, 0.0, 0.0, 1.0]",True,True
199,"[-0.17785991894209605, -1.7097897550073717, 1.4064553972711933, 0.23610222686194302, 1.560707747197021, -0.031422209205828604]","[0.5814590357240622, 0.06299100040048587, 0.7951013497708989]","[0.16900273522168413, -0.0608421444897087, 0.9837358938970778, 0.9850952097033734, 0.04285592547660179, -0.16658570608251727, -0.03202348055811875, 0.9972269566680583, 0.0671780737108949]","[0.5654725312535483, 0.5145310330860005, 0.4490754715368071, 0.46241740154664623]","[0.16900273522168413, -0.0608421444897087, 0.9837358938970778, 0.5814590357240622, 0.9850952097033734, 0.04285592547660179, -0.16658570608251727, 0.06299100040048587, -0.03202348055811875, 0.9972269566680583, 0.0671780737108949, 0.7951013497708989, 0.0, 0.0, 0.0, 1.0]",True,True
200,"[-0.17695506113640283, -1.7083498877648353, 1.4052049906838207, 0.24128562352331398, 1.5502469336631028, -0.027549334232420133]","[0.5818688706679502, 0.06441325578249145, 0.7945839973438493]","[0.157424615827131, -0.056539527342479794, 0.9859111380746083, 0.9871120417205095, 0.038087623224834416, -0.15543213968626346, -0.028762952248461753, 0.9976736013371166, 0.06180677772688586]","[0.5606511876333741, 0.514181440465185, 0.45245337596011415, 0.46537472499989735]","[0.157424615827131, -0.056539527342479794, 0.9859111380746083, 0.5818688706679502, 0.9871120417205095, 0.038087623224834416, -0.15543213968626346, 0.06441325578249145, -0.028762952248461753, 0.9976736013371166, 0.06180677772688586, 0.7945839973438493, 0.0, 0.0, 0.0, 1.0]",True,True
201,"[-0.18618043112217011, -1.696444593921144, 1.4077147894603428, 0.22290212852334276, 1.5550924096300314, -0.021479675589708393]","[0.5922534526863212, 0.05673930767531203, 0.7880439003502293]","[0.17103466678687249, -0.06098394158066244, 0.983375869963459, 0.9850088837546296, 0.033340080748087, -0.16925110912537536, -0.022464231158937812, 0.9975817750365118, 0.06577203382472227]","[0.5635039443871892, 0.5176684634527352, 0.4462435938297861, 0.46405745503379286]","[0.17103466678687249, -0.06098394158066244, 0.983375869963459, 0.5922534526863212, 0.9850088837546296, 0.033340080748087, -0.16925110912537536, 0.05673930767531203, -0.022464231158937812, 0.9975817750365118, 0.06577203382472227, 0.7880439003502293, 0.0, 0.0, 0.0, 1.0]",True,True
202,"[-0.17986960894995818, -1.694780999446653, 1.4195662954476593, 0.2324212502072405, 1.5535763357702985, -0.014514884936030443]","[0.5925129477165899, 0.06050337485131097, 0.7784763871670709]","[0.16254278290871882, -0.03973519782270193, 0.9859010892469283, 0.9865838320655059, 0.02197543082375084, -0.16176965953803618, -0.015237651762351468, 0.9989685653182994, 0.04277405141751268]","[0.5539161184579264, 0.523878158703781, 0.45184582450696587, 0.46321049148444465]","[0.16254278290871882, -0.03973519782270193, 0.9859010892469283, 0.5925129477165899, 0.9865838320655059, 0.02197543082375084, -0.16176965953803618, 0.06050337485131097, -0.015237651762351468, 0.9989685653182994, 0.04277405141751268, 0.7784763871670709, 0.0, 0.0, 0.0, 1.0]",True,True
203,"[-0.1861441107180961, -1.7083613274434393, 1.411967097884511, 0.2228218229290367, 1.555743193723068, -0.022574341716262603]","[0.5847225442521362, 0.05811763339179517, 0.7920615313342595]","[0.17188467347795597, -0.0683738126635191, 0.9827414109343466, 0.9848339307281259, 0.03584306084267432, -0.1697568964019334, -0.02361753395180919, 0.9970156953284548, 0.07349772349367562]","[0.5659561506455923, 0.5153988477726755, 0.4445392738192664, 0.465233809275789]","[0.17188467347795597, -0.0683738126635191, 0.9827414109343466, 0.5847225442521362, 0.9848339307281259, 0.03584306084267432, -0.1697568964019334, 0.05811763339179517, -0.02361753395180919, 0.9970156953284548, 0.07349772349367562, 0.7920615313342595, 0.0, 0.0, 0.0, 1.0]",True,True
204,"[-0.18120141752806943, -1.7058277108847253, 1.4093611869753337, 0.21846831807886383, 1.5591538994413199, -0.0197183640010495]","[0.5863465991916772, 0.060335861386487596, 0.7927577252900465]","[0.1702608704061137, -0.07330064438750261, 0.982668943002133, 0.9851844260466744, 0.03347339584981964, -0.1681998170194189, -0.020564111545050823, 0.996747985853324, 0.07791386278259183]","[0.5660494962983638, 0.5145079231104469, 0.4430853931978333, 0.4674878598762374]","[0.1702608704061137, -0.07330064438750261, 0.982668943002133, 0.5863465991916772, 0.9851844260466744, 0.03347339584981964, -0.1681998170194189, 0.060335861386487596, -0.020564111545050823, 0.996747985853324, 0.07791386278259183, 0.7927577252900465, 0.0, 0.0, 0.0, 1.0]",True,True
205,"[-0.18822067892155686, -1.7049535996082839, 1.4194089030977934, 0.2306514562727271, 1.5542458820468241, -0.018211319538618837]","[0.5866352827555715, 0.05670222721023059, 0.784538551128961]","[0.1718059018104045, -0.05077645909008319, 0.9838213675791896, 0.9849458237003248, 0.02820683721446792, -0.17054647082143135, -0.019090743264798923, 0.9983116374843225, 0.05485816242791876]","[0.5601051020685295, 0.5217137390772878, 0.44764460595882993, 0.46228925560817613]","[0.1718059018104045, -0.05077645909008319, 0.9838213675791896, 0.5866352827555715, 0.9849458237003248, 0.02820683721446792, -0.17054647082143135, 0.05670222721023059, -0.019090743264798923, 0.9983116374843225, 0.05485816242791876, 0.784538551128961, 0.0, 0.0, 0.0, 1.0]",True,True
206,"[-0.18129204628214096, -1.7051406925545587, 1.4192748740436114, 0.2205332681272175, 1.5516334030802497, -0.016292059467296997]","[0.5872339938323536, 0.060825916986119055, 0.785732464905321]","[0.16248472097891556, -0.06157722468567862, 0.984787774522213, 0.9865557287606881, 0.02784712935477118, -0.16103518695044897, -0.017507412654969242, 0.9977137779878095, 0.06527409681811411]","[0.5602691199664231, 0.5170501655560198, 0.4472382786495754, 0.4676917378157399]","[0.16248472097891556, -0.06157722468567862, 0.984787774522213, 0.5872339938323536, 0.9865557287606881, 0.02784712935477118, -0.16103518695044897, 0.060825916986119055, -0.017507412654969242, 0.9977137779878095, 0.06527409681811411, 0.785732464905321, 0.0, 0.0, 0.0, 1.0]",True,True
207,"[-0.186598686884757, -1.6970456949058828, 1.4154203613324465, 0.21761593776831573, 1.5651444661707794, -0.005132885293974996]","[0.59268467223103, 0.05547153334217331, 0.7839157370032667]","[0.18029265243004028, -0.061930707856381294, 0.9816614217255093, 0.9835977260286846, 0.0169156643194506, -0.17958110605470706, -0.005483870069663464, 0.9979370960762202, 0.06396467340665334]","[0.5615097929146348, 0.5242643213837692, 0.43950493128142404, 0.46549875312860994]","[0.18029265243004028, -0.061930707856381294, 0.9816614217255093, 0.59268467223103, 0.9835977260286846, 0.0169156643194506, -0.17958110605470706, 0.05547153334217331, -0.005483870069663464, 0.9979370960762202, 0.06396467340665334, 0.7839157370032667, 0.0, 0.0, 0.0, 1.0]",True,True
208,"[-0.18106636585808733, -1.7041870955363418, 1.4257236210853144, 0.21181685479927204, 1.5597037800093194, -0.01767714230666803]","[0.5889678815447911, 0.05988213506281037, 0.7818731783983633]","[0.17031228044470062, -0.0625078632220624, 0.9834055593523648, 0.9852187904660625, 0.029412289236501247, -0.1687567840249903, -0.018375582774825844, 0.9976109884505484, 0.066593195451226]","[0.5626539267463678, 0.5182438604935357, 0.44511425874166693, 0.4655288996856221]","[0.17031228044470062, -0.0625078632220624, 0.9834055593523648, 0.5889678815447911, 0.9852187904660625, 0.029412289236501247, -0.1687567840249903, 0.05988213506281037, -0.018375582774825844, 0.9976109884505484, 0.066593195451226, 0.7818731783983633, 0.0, 0.0, 0.0, 1.0]",True,True
209,"[-0.19678143219754723, -1.6984270084111504, 1.4293033519808493, 0.21216809398796488, 1.5603499844135729, -0.010942556819822636]","[0.5936268503883741, 0.049802988079877666, 0.7762249179939658]","[0.18587506589846325, -0.05379549186620949, 0.9810996406747453, 0.9825058614574237, 0.02188180653067897, -0.18494166308530838, -0.011519204792334465, 0.9983121914500627, 0.05692166830940332]","[0.5622896363838092, 0.5260873480369921, 0.44132897942544297, 0.460750690688647]","[0.18587506589846325, -0.05379549186620949, 0.9810996406747453, 0.5936268503883741, 0.9825058614574237, 0.02188180653067897, -0.18494166308530838, 0.049802988079877666, -0.011519204792334465, 0.9983121914500627, 0.05692166830940332, 0.7762249179939658, 0.0, 0.0, 0.0, 1.0]",True,True
210,"[-0.18697379217019128, -1.6923840455385073, 1.4266439410024185, 0.20747240483039822, 1.5671049142228697, -0.00943771030019254]","[0.5972489286934397, 0.054205699331055866, 0.7749467646649871]","[0.18279600565507645, -0.055497098015821825, 0.9815832580216372, 0.9831036354019971, 0.020104043803361234, -0.18194248949085431, -0.009636512643396445, 0.9982564297486768, 0.058234337718384564]","[0.5615011992811819, 0.525465894262732, 0.4413257584907946, 0.46242142258440694]","[0.18279600565507645, -0.055497098015821825, 0.9815832580216372, 0.5972489286934397, 0.9831036354019971, 0.020104043803361234, -0.18194248949085431, 0.054205699331055866, -0.009636512643396445, 0.9982564297486768, 0.058234337718384564, 0.7749467646649871, 0.0, 0.0, 0.0, 1.0]",True,True
211,"[-0.1896001492996976, -1.6927712973722233, 1.429356456005025, 0.20105072186532252, 1.5594877236540832, -0.010718037839868768]","[0.5980694121241433, 0.05322149343943467, 0.7740387738294127]","[0.17801586804083985, -0.059302302915964056, 0.9822390684525482, 0.9839615597891526, 0.022293129063848456, -0.17698210433216321, -0.011401735962756227, 0.9979911088107978, 0.0623197171979283]","[0.5618337641826576, 0.5228295663452535, 0.44214181656598606, 0.46422266211734003]","[0.17801586804083985, -0.059302302915964056, 0.9822390684525482, 0.5980694121241433, 0.9839615597891526, 0.022293129063848456, -0.17698210433216321, 0.05322149343943467, -0.011401735962756227, 0.9979911088107978, 0.0623197171979283, 0.7740387738294127, 0.0, 0.0, 0.0, 1.0]",True,True
212,"[-0.1913901122589335, -1.6954217780249217, 1.4335129608420467, 0.20216306248509103, 1.557442719150677, -0.01619372179464389]","[0.596554226781773, 0.052654786169840484, 0.7727473677687758]","[0.1780468578552478, -0.05574414682314401, 0.9824418082018055, 0.9838758200759121, 0.027293798861866315, -0.17675808104196972, -0.016961340684767578, 0.9980719606514592, 0.05970489329634125]","[0.562371218594412, 0.5222662552992104, 0.4442808930480461, 0.46215912751433014]","[0.1780468578552478, -0.05574414682314401, 0.9824418082018055, 0.596554226781773, 0.9838758200759121, 0.027293798861866315, -0.17675808104196972, 0.052654786169840484, -0.016961340684767578, 0.9980719606514592, 0.05970489329634125, 0.7727473677687758, 0.0, 0.0, 0.0, 1.0]",True,True
213,"[-0.18859214522350265, -1.6889835744233428, 1.4306285125387639, 0.19897340504750552, 1.551570305883895, 0.0011893372701977448]","[0.6008137282689352, 0.05403331880088941, 0.7712226296168323]","[0.16852141022862824, -0.058494966103906205, 0.9839608087901961, 0.9856979923637909, 0.009953785641134767, -0.16822719756746388, 4.6309249488718794e-05, 0.9982380783620274, 0.05933579664536589]","[0.5562847725120491, 0.5242212862766371, 0.4421811220436543, 0.46927087081332963]","[0.16852141022862824, -0.058494966103906205, 0.9839608087901961, 0.6008137282689352, 0.9856979923637909, 0.009953785641134767, -0.16822719756746388, 0.05403331880088941, 4.6309249488718794e-05, 0.9982380783620274, 0.05933579664536589, 0.7712226296168323, 0.0, 0.0, 0.0, 1.0]",True,True
214,"[-0.19274305678752063, -1.6989783482711918, 1.4391995624146232, 0.18879678163024263, 1.555840422169894, -0.005538436246889433]","[0.5960472768336461, 0.05211087355466345, 0.7724136246419923]","[0.17727181382545723, -0.06862835537359438, 0.9817661905269238, 0.9841398987373621, 0.019036181724098378, -0.17636973521152, -0.006585114748203382, 0.9974606621937943, 0.0709144811704228]","[0.5628548828783443, 0.5213734628198234, 0.4389902865463592, 0.46760199037773215]","[0.17727181382545723, -0.06862835537359438, 0.9817661905269238, 0.5960472768336461, 0.9841398987373621, 0.019036181724098378, -0.17636973521152, 0.05211087355466345, -0.006585114748203382, 0.9974606621937943, 0.0709144811704228, 0.7724136246419923, 0.0, 0.0, 0.0, 1.0]",True,True
215,"[-0.19403413971298003, -1.6880461712210129, 1.4318257966451935, 0.19276983967375722, 1.5574671376800557, -0.0032505566099933197]","[0.6023052628292292, 0.049971836210481325, 0.7705123692454686]","[0.17995070183734732, -0.06163346439878374, 0.9817428690723706, 0.983667130537184, 0.015423796068544179, -0.17933511316967096, -0.004089157491324957, 0.9979796704247236, 0.06340233599774793]","[0.5609761211280831, 0.5246724144099476, 0.43933778526136613, 0.46584005787712607]","[0.17995070183734732, -0.06163346439878374, 0.9817428690723706, 0.6023052628292292, 0.983667130537184, 0.015423796068544179, -0.17933511316967096, 0.049971836210481325, -0.004089157491324957, 0.9979796704247236, 0.06340233599774793, 0.7705123692454686, 0.0, 0.0, 0.0, 1.0]",True,True
216,"[-0.20001049347531447, -1.6796918836138885, 1.4375031220651662, 0.18252760422593667, 1.555836881155698, 0.00010924659692929236]","[0.6091330419713773, 0.04519895532329255, 0.7629313080431134]","[0.18401640917427284, -0.058457203781400555, 0.9811833246038512, 0.9829228597648054, 0.01173904458499703, -0.18364325902141962, -0.0007828833778845599, 0.9982208924673391, 0.05961909874633609]","[0.5602174918068887, 0.5274130890115781, 0.43820758113717867, 0.46472132643850833]","[0.18401640917427284, -0.058457203781400555, 0.9811833246038512, 0.6091330419713773, 0.9829228597648054, 0.01173904458499703, -0.18364325902141962, 0.04519895532329255, -0.0007828833778845599, 0.9982208924673391, 0.05961909874633609, 0.7629313080431134, 0.0, 0.0, 0.0, 1.0]",True,True
217,"[-0.20088382516650505, -1.684514004016237, 1.4470066905577141, 0.17835415060300508, 1.5548952291232232, 0.004674467818379981]","[0.6068832898246824, 0.04522166300163459, 0.7599506910038317]","[0.18368400701560733, -0.05878909538894797, 0.9812257782131691, 0.9829782807663874, 0.007201466915658432, -0.18358060468311915, 0.0037262727016833044, 0.9982444495901852, 0.059111198212697724]","[0.5590162502432204, 0.5285289353212488, 0.43715165037071324, 0.4658931541355356]","[0.18368400701560733, -0.05878909538894797, 0.9812257782131691, 0.6068832898246824, 0.9829782807663874, 0.007201466915658432, -0.18358060468311915, 0.04522166300163459, 0.0037262727016833044, 0.9982444495901852, 0.059111198212697724, 0.7599506910038317, 0.0, 0.0, 0.0, 1.0]",True,True
218,"[-0.1919476068615614, -1.6875363948587452, 1.4499765550351016, 0.16762068934893606, 1.5536296234780258, 0.008889828806013345]","[0.6058241919915802, 0.05088446477009581, 0.7608398654453095]","[0.17331688298059952, -0.07014223850053192, 0.982365168586521, 0.9848362570120134, 0.004576764436250638, -0.1734260652320243, 0.007668438462715301, 0.9975265007033295, 0.06987185016953522]","[0.5585171209520764, 0.524134588720973, 0.43628775804682973, 0.47222298830972986]","[0.17331688298059952, -0.07014223850053192, 0.982365168586521, 0.6058241919915802, 0.9848362570120134, 0.004576764436250638, -0.1734260652320243, 0.05088446477009581, 0.007668438462715301, 0.9975265007033295, 0.06987185016953522, 0.7608398654453095, 0.0, 0.0, 0.0, 1.0]",True,True
219,"[-0.200165047830909, -1.6830645307948382, 1.4597491237529747, 0.17205451767410243, 1.549303077095207, 0.0027283664702445155]","[0.6087711637010138, 0.04579423153080199, 0.7513660493352009]","[0.17761267210142978, -0.05070018517507633, 0.9827935846006541, 0.9840991325440793, 0.0075028438409458905, -0.17746155826062493, 0.0016235870721291279, 0.998685735633343, 0.05122660839356697]","[0.5559546124316136, 0.5288863819070493, 0.44120957699996416, 0.46532544859785807]","[0.17761267210142978, -0.05070018517507633, 0.9827935846006541, 0.6087711637010138, 0.9840991325440793, 0.0075028438409458905, -0.17746155826062493, 0.04579423153080199, 0.0016235870721291279, 0.998685735633343, 0.05122660839356697, 0.7513660493352009, 0.0, 0.0, 0.0, 1.0]",True,True
220,"[-0.19554433747912478, -1.6761110008392002, 1.463821537463979, 0.16550299811519012, 1.5605351290491176, 0.007564301958282431]","[0.6133678989535357, 0.046597410906580095, 0.7452305165049058]","[0.18388354587497902, -0.047270359105868985, 0.98181075300001, 0.9829225660618152, 0.0016523142291109123, -0.18401222509427154, 0.0070760640826001905, 0.9988807651605323, 0.04676693607035281]","[0.5550456729347691, 0.5327908350317963, 0.4390335500516387, 0.4640126819296707]","[0.18388354587497902, -0.047270359105868985, 0.98181075300001, 0.6133678989535357, 0.9829225660618152, 0.0016523142291109123, -0.18401222509427154, 0.046597410906580095, 0.0070760640826001905, 0.9988807651605323, 0.04676693607035281, 0.7452305165049058, 0.0, 0.0, 0.0, 1.0]",True,True
221,"[-0.19715003549715168, -1.6787228569301982, 1.4661036038921818, 0.15939238365289943, 1.554988397398381, 0.01932475128229525]","[0.6126386493305059, 0.04629438456826412, 0.7458748292217553]","[0.17932997684391697, -0.05564684027310593, 0.9822139220010985, 0.9836158594321857, -0.008587641122231692, -0.18007246733867532, 0.018455364494984455, 0.9984135824334398, 0.05319509313632297]","[0.5531585281042877, 0.5326167770615722, 0.43557068568073104, 0.46969478318761365]","[0.17932997684391697, -0.05564684027310593, 0.9822139220010985, 0.6126386493305059, 0.9836158594321857, -0.008587641122231692, -0.18007246733867532, 0.04629438456826412, 0.018455364494984455, 0.9984135824334398, 0.05319509313632297, 0.7458748292217553, 0.0, 0.0, 0.0, 1.0]",True,True
222,"[-0.18951686935977663, -1.6710432526614054, 1.4656525366631958, 0.14988139083169363, 1.559615536807084, 0.010444848461916345]","[0.6178742093855396, 0.04945951727721573, 0.7425410639781557]","[0.1768304209978953, -0.05633746547280034, 0.9826276467685041, 0.9841924605979075, 0.0001721791941796594, -0.17710214808567637, 0.009808298116536303, 0.9984117689302476, 0.05547735528691888]","[0.555085568961893, 0.5294291469396063, 0.438139362220905, 0.46863492056579703]","[0.1768304209978953, -0.05633746547280034, 0.9826276467685041, 0.6178742093855396, 0.9841924605979075, 0.0001721791941796594, -0.17710214808567637, 0.04945951727721573, 0.009808298116536303, 0.9984117689302476, 0.05547735528691888, 0.7425410639781557, 0.0, 0.0, 0.0, 1.0]",True,True
223,"[-0.2018649018158198, -1.667304570593992, 1.4752795335685842, 0.13772818429772557, 1.557861982729806, 0.02715044084703101]","[0.6220471760473354, 0.0412527628721877, 0.7351477723569144]","[0.1863146780528001, -0.05824755907244754, 0.980761980607009, 0.9821352219352195, -0.01578695401486081, -0.1875131406520349, 0.02640542702435623, 0.9981773359203435, 0.054265638102089904]","[0.5533519138260997, 0.5356855406779174, 0.43117071150248865, 0.4700366778412486]","[0.1863146780528001, -0.05824755907244754, 0.980761980607009, 0.6220471760473354, 0.9821352219352195, -0.01578695401486081, -0.1875131406520349, 0.0412527628721877, 0.02640542702435623, 0.9981773359203435, 0.054265638102089904, 0.7351477723569144, 0.0, 0.0, 0.0, 1.0]",True,True
224,"[-0.20422823668958404, -1.665905050615128, 1.4655599199829166, 0.13661199467151136, 1.5502160766570867, 0.020339056369966215]","[0.6232173005212978, 0.0402798358242388, 0.7408320197610528]","[0.18135216963867398, -0.06606832276832847, 0.9811963958830696, 0.9832349279288457, -0.007081092176011458, -0.18220574808263346, 0.018985970296586423, 0.9977899753255565, 0.06367651114596605]","[0.5563154654979108, 0.5302727483731177, 0.43240323398401764, 0.4715414705207017]","[0.18135216963867398, -0.06606832276832847, 0.9811963958830696, 0.6232173005212978, 0.9832349279288457, -0.007081092176011458, -0.18220574808263346, 0.0402798358242388, 0.018985970296586423, 0.9977899753255565, 0.06367651114596605, 0.7408320197610528, 0.0, 0.0, 0.0, 1.0]",True,True
225,"[-0.20914150487853772, -1.6619450656666421, 1.469283752944854, 0.13336339121139057, 1.5571645074214528, 0.026063296880701706]","[0.6260092352192258, 0.036010342375295684, 0.7363056171295123]","[0.1927132204465359, -0.06301537851104505, 0.979229634322938, 0.9809313039172993, -0.0132636817681641, -0.19390165481774532, 0.025206976419873364, 0.9979244143806998, 0.05925767058116065]","[0.5564861205051598, 0.5354248854025976, 0.42859229671219573, 0.4689904401751673]","[0.1927132204465359, -0.06301537851104505, 0.979229634322938, 0.6260092352192258, 0.9809313039172993, -0.0132636817681641, -0.19390165481774532, 0.036010342375295684, 0.025206976419873364, 0.9979244143806998, 0.05925767058116065, 0.7363056171295123, 0.0, 0.0, 0.0, 1.0]",True,True
226,"[-0.20802977761809477, -1.6652945738983997, 1.4771976254263681, 0.1355049332057251, 1.560149219990791, 0.026114991097729013]","[0.6236776962549241, 0.03690865539358292, 0.7328901570136842]","[0.19470797196394285, -0.056537896162900246, 0.9792304488480543, 0.980529304855442, -0.014751676211053081, -0.19581795211029096, 0.025516425560654064, 0.998291467631792, 0.05256479506447486]","[0.5550948321722525, 0.5377952335951205, 0.4295275185481512, 0.46706758057897385]","[0.19470797196394285, -0.056537896162900246, 0.9792304488480543, 0.6236776962549241, 0.980529304855442, -0.014751676211053081, -0.19581795211029096, 0.03690865539358292, 0.025516425560654064, 0.998291467631792, 0.05256479506447486, 0.7328901570136842, 0.0, 0.0, 0.0, 1.0]",True,True
227,"[-0.2072112823459584, -1.6676550931947418, 1.4796659110819346, 0.12249710626241567, 1.5549220298565343, 0.028301820315979328]","[0.6237335711101232, 0.037893416903213, 0.7339664495406343]","[0.18831642597774267, -0.06940207144751989, 0.9796531407522575, 0.9817317054634195, -0.014322658297261212, -0.18973065104823095, 0.02719893738466711, 0.9974859467371422, 0.06543702214382713]","[0.5566486301573706, 0.5331983829052691, 0.4277627536325389, 0.4720813633430538]","[0.18831642597774267, -0.06940207144751989, 0.9796531407522575, 0.6237335711101232, 0.9817317054634195, -0.014322658297261212, -0.18973065104823095, 0.037893416903213, 0.02719893738466711, 0.9974859467371422, 0.06543702214382713, 0.7339664495406343, 0.0, 0.0, 0.0, 1.0]",True,True
228,"[-0.2098699149745539, -1.6498242616890255, 1.4894614028832054, 0.11412014685097772, 1.5570823977097388, 0.0325330973510084]","[0.63502691118483, 0.033646809713644435, 0.717458054493699]","[0.19334105563782558, -0.05152807832900918, 0.9797775734056023, 0.9806142158950863, -0.022278144021251344, -0.1946777950446155, 0.031858998561099916, 0.9984230272998955, 0.04622188624446165]","[0.5516531514142369, 0.5406933773902302, 0.4295808754170923, 0.4677496591735496]","[0.19334105563782558, -0.05152807832900918, 0.9797775734056023, 0.63502691118483, 0.9806142158950863, -0.022278144021251344, -0.1946777950446155, 0.033646809713644435, 0.031858998561099916, 0.9984230272998955, 0.04622188624446165, 0.717458054493699, 0.0, 0.0, 0.0, 1.0]",True,True
229,"[-0.20500787610803584, -1.6514144174152487, 1.4881438824021953, 0.11563985741594038, 1.5567751030429762, 0.044781999319275255]","[0.6338001227854808, 0.03698236999118326, 0.7191581121908845]","[0.1875660978899302, -0.055067616699521954, 0.9807071512502493, 0.9812637833036685, -0.03426988172216751, -0.18959684275672922, 0.044049364341796994, 0.9978943495169131, 0.04760798991031276]","[0.5479288745079227, 0.5418090045629051, 0.42736285240928146, 0.4728402937944666]","[0.1875660978899302, -0.055067616699521954, 0.9807071512502493, 0.6338001227854808, 0.9812637833036685, -0.03426988172216751, -0.18959684275672922, 0.03698236999118326, 0.044049364341796994, 0.9978943495169131, 0.04760798991031276, 0.7191581121908845, 0.0, 0.0, 0.0, 1.0]",True,True
230,"[-0.21031371817500305, -1.6537501184533612, 1.490247832453027, 0.11325717837084619, 1.557716699778899, 0.045706926982170895]","[0.6328400117729182, 0.03377519716127915, 0.7194277928890955]","[0.19352505127632166, -0.05802025860963221, 0.9793782232209214, 0.9800638300559172, -0.03433087121057666, -0.19569435428251114, 0.04497714469175713, 0.9977249324702647, 0.05021967326240331]","[0.5498667687104186, 0.5425947496116451, 0.42483067340138553, 0.47197073351974334]","[0.19352505127632166, -0.05802025860963221, 0.9793782232209214, 0.6328400117729182, 0.9800638300559172, -0.03433087121057666, -0.19569435428251114, 0.03377519716127915, 0.04497714469175713, 0.9977249324702647, 0.05021967326240331, 0.7194277928890955, 0.0, 0.0, 0.0, 1.0]",True,True
231,"[-0.21469250594767966, -1.6506031252363245, 1.4984440015746878, 0.09681323063019118, 1.5640411292331515, 0.045741159730039935]","[0.6362872425978452, 0.029686272895652576, 0.7136744453362303]","[0.20376490959007457, -0.06343119572286851, 0.976962816605072, 0.9779720907944999, -0.03296720384342323, -0.20611587298842535, 0.04528190860358303, 0.9974415506083119, 0.05531637979209615]","[0.5536501796122593, 0.5434647490043402, 0.42069927108755656, 0.47024426472989667]","[0.20376490959007457, -0.06343119572286851, 0.976962816605072, 0.6362872425978452, 0.9779720907944999, -0.03296720384342323, -0.20611587298842535, 0.029686272895652576, 0.04528190860358303, 0.9974415506083119, 0.05531637979209615, 0.7136744453362303, 0.0, 0.0, 0.0, 1.0]",True,True
232,"[-0.21720478055650408, -1.6444143510398832, 1.4961826161586256, 0.09696544075475487, 1.56945413616541, 0.045177986656143684]","[0.639829608911336, 0.026810833581040184, 0.7113417302490472]","[0.2117133215338283, -0.05966220129554624, 0.9755090421014475, 0.976293683566556, -0.033082640829114295, -0.21390694776892338, 0.04503457464170093, 0.9976702664770268, 0.05124379449747577]","[0.554498529123881, 0.5462490658723058, 0.4195116932636031, 0.4670688155381285]","[0.2117133215338283, -0.05966220129554624, 0.9755090421014475, 0.639829608911336, 0.976293683566556, -0.033082640829114295, -0.21390694776892338, 0.026810833581040184, 0.04503457464170093, 0.9976702664770268, 0.05124379449747577, 0.7113417302490472, 0.0, 0.0, 0.0, 1.0]",True,True
233,"[-0.21144807613026115, -1.6411977802678808, 1.5028543534297854, 0.08838924833185414, 1.5558153963869554, 0.051777545519478406]","[0.6424861054057326, 0.03117412162944226, 0.7057532864109798]","[0.19243558881745554, -0.05885956160109226, 0.9795427995573274, 0.9799864141245158, -0.04029279978374474, -0.19494388530282303, 0.05094283352790997, 0.9974527769742859, 0.049927802058906644]","[0.548194899441024, 0.5437831798019993, 0.4234807579276457, 0.47375758912792]","[0.19243558881745554, -0.05885956160109226, 0.9795427995573274, 0.6424861054057326, 0.9799864141245158, -0.04029279978374474, -0.19494388530282303, 0.03117412162944226, 0.05094283352790997, 0.9974527769742859, 0.049927802058906644, 0.7057532864109798, 0.0, 0.0, 0.0, 1.0]",True,True
234,"[-0.2168487864902013, -1.643089781191448, 1.511636224715429, 0.08366763301097423, 1.5590498715148942, 0.05989158909525721]","[0.6417396368129906, 0.027597944229719066, 0.7015517841000538]","[0.20052303528600815, -0.05875684635061166, 0.977925429328135, 0.9778970445684759, -0.048342089779671124, -0.20342176034036788, 0.059227380019094084, 0.9971011359750148, 0.047764443819738815]","[0.5477100942392051, 0.5479736949083278, 0.4193359128176902, 0.4731763673075298]","[0.20052303528600815, -0.05875684635061166, 0.977925429328135, 0.6417396368129906, 0.9778970445684759, -0.048342089779671124, -0.20342176034036788, 0.027597944229719066, 0.059227380019094084, 0.9971011359750148, 0.047764443819738815, 0.7015517841000538, 0.0, 0.0, 0.0, 1.0]",True,True
235,"[-0.22588044019560266, -1.6294328607422701, 1.5060160403082286, 0.07815549712607522, 1.5573383965037466, 0.051682153192843965]","[0.6504201984591285, 0.020019277771178307, 0.6972902576534696]","[0.20828249801331686, -0.054929543812285604, 0.9765250361551961, 0.9767382396630268, -0.04037790913459631, -0.21059922989861576, 0.050998158803082505, 0.9976734784840642, 0.045241774149596486]","[0.5507146182525748, 0.5485021953006014, 0.42014813420461916, 0.46833139582748345]","[0.20828249801331686, -0.054929543812285604, 0.9765250361551961, 0.6504201984591285, 0.9767382396630268, -0.04037790913459631, -0.21059922989861576, 0.020019277771178307, 0.050998158803082505, 0.9976734784840642, 0.045241774149596486, 0.6972902576534696, 0.0, 0.0, 0.0, 1.0]",True,True
236,"[-0.21143125011233105, -1.6237348881551208, 1.5131794135837133, 0.07267373961282456, 1.5606524090802718, 0.06806920505971806]","[0.6534401966034286, 0.028377548981739283, 0.6894594138598555]","[0.19695632385512843, -0.05054266701738888, 0.9791085972987078, 0.9780800232836354, -0.058713757566171663, -0.1997802861293986, 0.06758457329122759, 0.9969945503778996, 0.037870727083230325]","[0.5422437858962026, 0.551769733298699, 0.4202556339585079, 0.47424365066763774]","[0.19695632385512843, -0.05054266701738888, 0.9791085972987078, 0.6534401966034286, 0.9780800232836354, -0.058713757566171663, -0.1997802861293986, 0.028377548981739283, 0.06758457329122759, 0.9969945503778996, 0.037870727083230325, 0.6894594138598555, 0.0, 0.0, 0.0, 1.0]",True,True
237,"[-0.2298716415611982, -1.6283396178113447, 1.5145320241559779, 0.05309370338040893, 1.5586538507423173, 0.0717873553887681]","[0.653417711315015, 0.016614659290995194, 0.6933857692669186]","[0.2112407304046969, -0.07442361631798308, 0.9745965725120541, 0.9748622453220904, -0.05624222991847579, -0.21559316830402955, 0.07085870774761886, 0.9956394613051207, 0.060672123981171056]","[0.5512872718618198, 0.5492747118569181, 0.40983073203935555, 0.47583443115619267]","[0.2112407304046969, -0.07442361631798308, 0.9745965725120541, 0.653417711315015, 0.9748622453220904, -0.05624222991847579, -0.21559316830402955, 0.016614659290995194, 0.07085870774761886, 0.9956394613051207, 0.060672123981171056, 0.6933857692669186, 0.0, 0.0, 0.0, 1.0]",True,True
238,"[-0.22389475912583115, -1.6234733648562838, 1.5280532946817458, 0.058671166145371184, 1.561148060873946, 0.05710425852533173]","[0.6546336129696806, 0.019981754856416643, 0.6807426062430987]","[0.21022642524746366, -0.04789996861711399, 0.9764785932800327, 0.9760082672360406, -0.04762408953685087, -0.2124613103195203, 0.056680794053842416, 0.9977161615921961, 0.03673892327165286]","[0.547572200486444, 0.5525195904926498, 0.41994361584146994, 0.46747635971272394]","[0.21022642524746366, -0.04789996861711399, 0.9764785932800327, 0.6546336129696806, 0.9760082672360406, -0.04762408953685087, -0.2124613103195203, 0.019981754856416643, 0.056680794053842416, 0.9977161615921961, 0.03673892327165286, 0.6807426062430987, 0.0, 0.0, 0.0, 1.0]",True,True
239,"[-0.22550623451835194, -1.620089240536076, 1.5262623832046802, 0.05442179689291927, 1.561301007662678, 0.07978986844504832]","[0.6570521640927437, 0.018364692609191546, 0.6801968507394892]","[0.21059973357545334, -0.05535945468777241, 0.9760036285765645, 0.9743530889750849, -0.06907210986584032, -0.21416139157978814, 0.07927048771553084, 0.9960744823633189, 0.03939308774376688]","[0.5433508791410436, 0.5568390152677717, 0.41259394954814216, 0.47377881549151013]","[0.21059973357545334, -0.05535945468777241, 0.9760036285765645, 0.6570521640927437, 0.9743530889750849, -0.06907210986584032, -0.21416139157978814, 0.018364692609191546, 0.07927048771553084, 0.9960744823633189, 0.03939308774376688, 0.6801968507394892, 0.0, 0.0, 0.0, 1.0]",True,True
240,"[-0.22539005547647165, -1.6137918791600177, 1.5305289458802616, 0.054901180514100985, 1.5545998440153195, 0.0728999424481028]","[0.6602429055728829, 0.018342772463053256, 0.6732915379476666]","[0.2051126529313003, -0.04269354842841538, 0.9778067603213194, 0.9760607363215784, -0.06492658914519316, -0.20758125405091238, 0.07234803811342848, 0.9969763281766331, 0.028354231369868952]","[0.5404952116244824, 0.5571546039266444, 0.4188097797788506, 0.4712133719409291]","[0.2051126529313003, -0.04269354842841538, 0.9778067603213194, 0.6602429055728829, 0.9760607363215784, -0.06492658914519316, -0.20758125405091238, 0.018342772463053256, 0.07234803811342848, 0.9969763281766331, 0.028354231369868952, 0.6732915379476666, 0.0, 0.0, 0.0, 1.0]",True,True
241,"[-0.22651793135818596, -1.6183162184129223, 1.5398757531322917, 0.04216932962348289, 1.5669161626090924, 0.0717724086299611]","[0.6584093780176284, 0.01686007177968976, 0.6711741352246496]","[0.21770303521971623, -0.05107998269339562, 0.9746774973416412, 0.9733908808520443, -0.06181759917161279, -0.2206553364565176, 0.07152329361966057, 0.996779524168058, 0.03626291037817561]","[0.5459277302048045, 0.5575073371743984, 0.41358688785746556, 0.46914216244387796]","[0.21770303521971623, -0.05107998269339562, 0.9746774973416412, 0.6584093780176284, 0.9733908808520443, -0.06181759917161279, -0.2206553364565176, 0.01686007177968976, 0.07152329361966057, 0.996779524168058, 0.03626291037817561, 0.6711741352246496, 0.0, 0.0, 0.0, 1.0]",True,True
242,"[-0.22997457175484667, -1.6161301409951054, 1.5374696649500716, 0.03319642427980429, 1.5561105275129776, 0.08426087271111914]","[0.6609744859782578, 0.01501944974049451, 0.6722516551785803]","[0.20916205324717443, -0.062075398374104154, 0.9759087459379194, 0.9743172706560941, -0.07189469608589112, -0.21339402235296295, 0.0834091816449825, 0.9954786776176641, 0.04544349046784033]","[0.5437625510342552, 0.555790711254071, 0.4103351557565761, 0.4764913780192032]","[0.20916205324717443, -0.062075398374104154, 0.9759087459379194, 0.6609744859782578, 0.9743172706560941, -0.07189469608589112, -0.21339402235296295, 0.01501944974049451, 0.0834091816449825, 0.9954786776176641, 0.04544349046784033, 0.6722516551785803, 0.0, 0.0, 0.0, 1.0]",True,True
243,"[-0.22898320932029417, -1.6062822331211393, 1.5416189206377784, 0.031228992448699387, 1.5637815159085753, 0.0772848776839274]","[0.6659177339233961, 0.0137928566637038, 0.6633423954804535]","[0.2169832676675457, -0.04945600324098827, 0.9749217226504605, 0.9731391879121191, -0.06774856868923025, -0.22002329965324527, 0.07693102431435125, 0.9964759079797103, 0.0334272690173261]","[0.5437513144801679, 0.5593086284287615, 0.41286828850914964, 0.4701575720008692]","[0.2169832676675457, -0.04945600324098827, 0.9749217226504605, 0.6659177339233961, 0.9731391879121191, -0.06774856868923025, -0.22002329965324527, 0.0137928566637038, 0.07693102431435125, 0.9964759079797103, 0.0334272690173261, 0.6633423954804535, 0.0, 0.0, 0.0, 1.0]",True,True
244,"[-0.2266382152911216, -1.6009802230354655, 1.5466953789669888, 0.026370388878339323, 1.564548375324222, 0.08607194023876813]","[0.6687654718625157, 0.014617262737119788, 0.656991597672886]","[0.2154655365089278, -0.04588960039351713, 0.9754325948791354, 0.9727384472282322, -0.0776379061714402, -0.218522925134464, 0.08575847398903373, 0.9959249470221326, 0.027910285524054775]","[0.5398467180277987, 0.5624040267361874, 0.41200311643104637, 0.47172095967493516]","[0.2154655365089278, -0.04588960039351713, 0.9754325948791354, 0.6687654718625157, 0.9727384472282322, -0.0776379061714402, -0.218522925134464, 0.014617262737119788, 0.08575847398903373, 0.9959249470221326, 0.027910285524054775, 0.656991597672886, 0.0, 0.0, 0.0, 1.0]",True,True
245,"[-0.22884248653449585, -1.6051043161933762, 1.5531222922169243, 0.009001716568141038, 1.5624072680943524, 0.0867358150210543]","[0.6680993939812755, 0.0135080479615041, 0.65704405324428]","[0.21423250960727183, -0.060633181542515575, 0.9748989943185923, 0.9729727947620698, -0.07481998035912808, -0.21846260822380253, 0.08618800659173607, 0.9953519919280275, 0.04296556393963453]","[0.5436860521449346, 0.5581413185804213, 0.4086508124591109, 0.4752770336055306]","[0.21423250960727183, -0.060633181542515575, 0.9748989943185923, 0.6680993939812755, 0.9729727947620698, -0.07481998035912808, -0.21846260822380253, 0.0135080479615041, 0.08618800659173607, 0.9953519919280275, 0.04296556393963453, 0.65704405324428, 0.0, 0.0, 0.0, 1.0]",True,True
246,"[-0.23302746911871144, -1.598592256082001, 1.5494917698939492, 0.002713941083381484, 1.5652376837485393, 0.08366008751560183]","[0.6724178468798468, 0.009430837193411465, 0.6558522081064253]","[0.22095929444254772, -0.06380368308016067, 0.9731937526643181, 0.9717263614696409, -0.07073938757279441, -0.22526388407997955, 0.0832157955223885, 0.9954521731711838, 0.046369195640464045]","[0.5469435762741476, 0.5579716584144033, 0.40679605527346063, 0.4733258097681528]","[0.22095929444254772, -0.06380368308016067, 0.9731937526643181, 0.6724178468798468, 0.9717263614696409, -0.07073938757279441, -0.22526388407997955, 0.009430837193411465, 0.0832157955223885, 0.9954521731711838, 0.046369195640464045, 0.6558522081064253, 0.0, 0.0, 0.0, 1.0]",True,True
247,"[-0.24199767053129642, -1.5977765368237302, 1.5577824058767988, 0.006008695483726097, 1.559134847430609, 0.08692948638878575]","[0.6719680686798143, 0.0041035868037801425, 0.6494592580285599]","[0.22458519683478034, -0.05268622828046587, 0.9730291109274489, 0.9706187816637141, -0.07641491748818889, -0.2281664766501002, 0.08637517029986357, 0.9956831432412883, 0.03397658341884369]","[0.5436328868743674, 0.5628106988375677, 0.407744804460519, 0.47058641716273863]","[0.22458519683478034, -0.05268622828046587, 0.9730291109274489, 0.6719680686798143, 0.9706187816637141, -0.07641491748818889, -0.2281664766501002, 0.0041035868037801425, 0.08637517029986357, 0.9956831432412883, 0.03397658341884369, 0.6494592580285599, 0.0, 0.0, 0.0, 1.0]",True,True
248,"[-0.23956703782497948, -1.6009416659271434, 1.5544343576374424, -0.0008249221537872454, 1.5591220342924155, 0.0978470333861427]","[0.6713691268355972, 0.005881471763120285, 0.654420169469588]","[0.22036705080953867, -0.06781554099644556, 0.9730567379741357, 0.9705787870084174, -0.08399164214496108, -0.22565952729513014, 0.0970318562471882, 0.9941561529504068, 0.04731133504851451]","[0.5439868435249817, 0.5605906166504185, 0.4025947006596665, 0.4772148170331514]","[0.22036705080953867, -0.06781554099644556, 0.9730567379741357, 0.6713691268355972, 0.9705787870084174, -0.08399164214496108, -0.22565952729513014, 0.005881471763120285, 0.0970318562471882, 0.9941561529504068, 0.04731133504851451, 0.654420169469588, 0.0, 0.0, 0.0, 1.0]",True,True
249,"[-0.23413339501610306, -1.5949290542253378, 1.5670742576531844, -0.010042225104922116, 1.5624408872740465, 0.10115037372707467]","[0.6741983692505672, 0.00852999975854966, 0.64293725692607]","[0.21900473533822945, -0.059271820742125905, 0.9739218537261319, 0.9705248436648133, -0.08966995950355035, -0.22369806926306104, 0.10059052504496475, 0.994206291283929, 0.03788662881061579]","[0.5401901065007797, 0.5636461802476719, 0.4041777691646351, 0.4765899319582655]","[0.21900473533822945, -0.059271820742125905, 0.9739218537261319, 0.6741983692505672, 0.9705248436648133, -0.08966995950355035, -0.22369806926306104, 0.00852999975854966, 0.10059052504496475, 0.994206291283929, 0.03788662881061579, 0.64293725692607, 0.0, 0.0, 0.0, 1.0]",True,True
250,"[-0.24831436929862205, -1.5909346737981993, 1.5690765368475408, -0.01141692114119493, 1.5551728404871663, 0.10141535895713827]","[0.676356782517451, -0.0008738388714364179, 0.6391153878245274]","[0.2261553315195696, -0.05542962960280274, 0.9725128904993341, 0.968875443020359, -0.09037836503296826, -0.23046068438254488, 0.10066847539014878, 0.9943637701043133, 0.03326485783164229]","[0.5406111875271922, 0.5664072825098773, 0.40317534820962825, 0.473679187674802]","[0.2261553315195696, -0.05542962960280274, 0.9725128904993341, 0.676356782517451, 0.968875443020359, -0.09037836503296826, -0.23046068438254488, -0.0008738388714364179, 0.10066847539014878, 0.9943637701043133, 0.03326485783164229, 0.6391153878245274, 0.0, 0.0, 0.0, 1.0]",True,True
251,"[-0.2428769562380987, -1.5877729016904272, 1.5650173437391235, -0.024741446976051955, 1.5643638694795494, 0.10284392371100576]","[0.6795680653209842, 0.0011338533888130727, 0.641041663558278]","[0.22828555312653892, -0.0698913472379799, 0.9710823372994539, 0.9682107435535197, -0.08844794037397469, -0.23397631912469768, 0.10224315283309071, 0.9936257652782873, 0.04747816628606581]","[0.5448201031163016, 0.5633061616950519, 0.3986816838699204, 0.47635085638988345]","[0.22828555312653892, -0.0698913472379799, 0.9710823372994539, 0.6795680653209842, 0.9682107435535197, -0.08844794037397469, -0.23397631912469768, 0.0011338533888130727, 0.10224315283309071, 0.9936257652782873, 0.04747816628606581, 0.641041663558278, 0.0, 0.0, 0.0, 1.0]",True,True
252,"[-0.2432981234581469, -1.5843177085331395, 1.5804603175221101, -0.022290045413667806, 1.5660202327169659, 0.10779941928775542]","[0.6793988583881291, 0.0007323964163017602, 0.6282016755143066]","[0.2321668098733433, -0.05064746712229315, 0.9713564775443313, 0.9667250916558294, -0.09828286058520759, -0.23618441201361445, 0.10742983550328553, 0.9938688612635396, 0.026144159088640255]","[0.5385230051670904, 0.5710309780059901, 0.40106301576336123, 0.47229763121375706]","[0.2321668098733433, -0.05064746712229315, 0.9713564775443313, 0.6793988583881291, 0.9667250916558294, -0.09828286058520759, -0.23618441201361445, 0.0007323964163017602, 0.10742983550328553, 0.9938688612635396, 0.026144159088640255, 0.6282016755143066, 0.0, 0.0, 0.0, 1.0]",True,True
253,"[-0.24090232719375007, -1.5894763357996073, 1.5801985805474068, -0.034277998462103235, 1.559694806247019, 0.1148905529121723]","[0.6783449574619862, 0.0032186255187598226, 0.6329268633551329]","[0.22144460450626077, -0.06811967427674756, 0.9727908290642422, 0.9684808208013753, -0.10130433128763278, -0.22755731630132167, 0.11404905468683178, 0.9925206005110399, 0.04353930047950575]","[0.5393699040774647, 0.5655107504093948, 0.3980300754109546, 0.4804682682708812]","[0.22144460450626077, -0.06811967427674756, 0.9727908290642422, 0.6783449574619862, 0.9684808208013753, -0.10130433128763278, -0.22755731630132167, 0.0032186255187598226, 0.11404905468683178, 0.9925206005110399, 0.04353930047950575, 0.6329268633551329, 0.0, 0.0, 0.0, 1.0]",True,True
254,"[-0.23516505007741478, -1.5816609140298339, 1.5919256456580395, -0.04083472370217176, 1.552752706715337, 0.11836240897892261]","[0.6816839396232478, 0.006961396741118085, 0.6205611911557184]","[0.21041046863312765, -0.05495503151044703, 0.976067302598173, 0.9705282457822418, -0.10824154731196185, -0.21531068615922574, 0.11748344065625536, 0.9926045093324927, 0.030560255633257236]","[0.5321487519844482, 0.5674706512921688, 0.40335707766867474, 0.48176533040270014]","[0.21041046863312765, -0.05495503151044703, 0.976067302598173, 0.6816839396232478, 0.9705282457822418, -0.10824154731196185, -0.21531068615922574, 0.006961396741118085, 0.11748344065625536, 0.9926045093324927, 0.030560255633257236, 0.6205611911557184, 0.0, 0.0, 0.0, 1.0]",True,True
255,"[-0.24613935080131383, -1.5824710601238479, 1.5776517830308776, -0.047397026090968235, 1.554512797453583, 0.1154777237106419]","[0.6835711890685845, -0.0011524359761991565, 0.6312855668193158]","[0.22050864824261027, -0.07653653674760527, 0.9723775473512845, 0.9686742090359155, -0.09955759307545049, -0.22750508216228157, 0.11422001925608419, 0.9920838897007176, 0.05218565892497936]","[0.5415571793661633, 0.5630010174042942, 0.39615277979491703, 0.48250248801374573]","[0.22050864824261027, -0.07653653674760527, 0.9723775473512845, 0.6835711890685845, 0.9686742090359155, -0.09955759307545049, -0.22750508216228157, -0.0011524359761991565, 0.11422001925608419, 0.9920838897007176, 0.05218565892497936, 0.6312855668193158, 0.0, 0.0, 0.0, 1.0]",True,True
256,"[-0.24542829089988175, -1.5781397137419544, 1.5961952592529043, -0.04503011896594205, 1.5539932752559156, 0.12350830738977431]","[0.6833285888164009, -0.0005560747909988534, 0.6157793653737373]","[0.22169507625026222, -0.05388515414377983, 0.9736260490194844, 0.9673654965502128, -0.11348535237030923, -0.22655037162085354, 0.12269999694600849, 0.992077348274966, 0.026967495047958753]","[0.5327234786753611, 0.5718856821018982, 0.39932820972586874, 0.4792592646908367]","[0.22169507625026222, -0.05388515414377983, 0.9736260490194844, 0.6833285888164009, 0.9673654965502128, -0.11348535237030923, -0.22655037162085354, -0.0005560747909988534, 0.12269999694600849, 0.992077348274966, 0.026967495047958753, 0.6157793653737373, 0.0, 0.0, 0.0, 1.0]",True,True
257,"[-0.24405388490555943, -1.5766045336669339, 1.5933248172044092, -0.052820066438417, 1.5587236349428077, 0.12233175377439794]","[0.6851522461997255, -0.0005204079031708997, 0.6174239208211068]","[0.22392186195348648, -0.0628163296153797, 0.9725806436861344, 0.9670021347585709, -0.11010185434284334, -0.22974867364716983, 0.1215149007803165, 0.9919333094537752, 0.03608931260678918]","[0.5361691244881209, 0.5696346205440687, 0.3968270943045853, 0.4801742665418841]","[0.22392186195348648, -0.0628163296153797, 0.9725806436861344, 0.6851522461997255, 0.9670021347585709, -0.11010185434284334, -0.22974867364716983, -0.0005204079031708997, 0.1215149007803165, 0.9919333094537752, 0.03608931260678918, 0.6174239208211068, 0.0, 0.0, 0.0, 1.0]",True,True
258,"[-0.2398307232161398, -1.5772022205096679, 1.5916729489428407, -0.05948870288712389, 1.5566078609204461, 0.11735842595055172]","[0.6858254665988806, 0.002408317612623636, 0.61957219215066]","[0.21708876507162533, -0.06961229828444625, 0.9736665733233497, 0.9691946612632908, -0.10350432965208181, -0.2234917500088262, 0.11633648034220019, 0.9921899927286258, 0.044998240751816194]","[0.5381873921254937, 0.5647111770568852, 0.39824887461375097, 0.4825489108194816]","[0.21708876507162533, -0.06961229828444625, 0.9736665733233497, 0.6858254665988806, 0.9691946612632908, -0.10350432965208181, -0.2234917500088262, 0.002408317612623636, 0.11633648034220019, 0.9921899927286258, 0.044998240751816194, 0.61957219215066, 0.0, 0.0, 0.0, 1.0]",True,True
259,"[-0.24859001155495727, -1.564050712170633, 1.59995245783394, -0.06352843395317312, 1.551686176850296, 0.13084262614046804]","[0.6915338646928606, -0.004581282268897858, 0.6056344624524652]","[0.22204050698031988, -0.05622417180095098, 0.9734150480474502, 0.966346167770032, -0.12031085128132177, -0.22737718245271854, 0.12989648685047528, 0.9911428461978933, 0.027618130542154323]","[0.5313538807238432, 0.573309084988082, 0.3968723066668308, 0.48111549414957433]","[0.22204050698031988, -0.05622417180095098, 0.9734150480474502, 0.6915338646928606, 0.966346167770032, -0.12031085128132177, -0.22737718245271854, -0.004581282268897858, 0.12989648685047528, 0.9911428461978933, 0.027618130542154323, 0.6056344624524652, 0.0, 0.0, 0.0, 1.0]",True,True
260,"[-0.2474964604987901, -1.5722758012160825, 1.6043044476532633, -0.06871033675430123, 1.557114227851583, 0.1329390160363869]","[0.6876056581294006, -0.003347449225453457, 0.6087312776991289]","[0.22494146148770944, -0.06595340623446067, 0.9721375865122412, 0.9653950245858269, -0.12003593164718643, -0.2315249913476354, 0.13196130269402476, 0.990576359156458, 0.03667003233747927]","[0.5342226975190221, 0.5719063211745032, 0.39317698766828435, 0.4826397472486483]","[0.22494146148770944, -0.06595340623446067, 0.9721375865122412, 0.6876056581294006, 0.9653950245858269, -0.12003593164718643, -0.2315249913476354, -0.003347449225453457, 0.13196130269402476, 0.990576359156458, 0.03667003233747927, 0.6087312776991289, 0.0, 0.0, 0.0, 1.0]",True,True
261,"[-0.24305044504085027, -1.5677970509636037, 1.6022571807336454, -0.0754815991690579, 1.5667579280215396, 0.12772126151315577]","[0.6904948473373419, -0.0019207312293611153, 0.6077580400946284]","[0.22974772263921336, -0.0696357729590102, 0.9707558102151624, 0.9649149406096436, -0.1139639869082059, -0.23654041319883148, 0.12710287695556985, 0.9910414062047997, 0.041009631274004525]","[0.5377716446143781, 0.5706798748583601, 0.392198501775114, 0.48094331670764406]","[0.22974772263921336, -0.0696357729590102, 0.9707558102151624, 0.6904948473373419, 0.9649149406096436, -0.1139639869082059, -0.23654041319883148, -0.0019207312293611153, 0.12710287695556985, 0.9910414062047997, 0.041009631274004525, 0.6077580400946284, 0.0, 0.0, 0.0, 1.0]",True,True
262,"[-0.24719224233072284, -1.567804678968501, 1.6109252750422935, -0.0823358941687807, 1.5597213398092042, 0.14398406616004936]","[0.6902480805573934, -0.004052734191183682, 0.6026304458651739]","[0.22606244886916815, -0.07118720881922255, 0.971508183450764, 0.9635672805835543, -0.13001195808806645, -0.2337412812126279, 0.14294707062437026, 0.988953624825065, 0.039202843586607944]","[0.5327413383546723, 0.5737751221886991, 0.3888196077412241, 0.4855801563093127]","[0.22606244886916815, -0.07118720881922255, 0.971508183450764, 0.6902480805573934, 0.9635672805835543, -0.13001195808806645, -0.2337412812126279, -0.004052734191183682, 0.14294707062437026, 0.988953624825065, 0.039202843586607944, 0.6026304458651739, 0.0, 0.0, 0.0, 1.0]",True,True
263,"[-0.25815431808209915, -1.559798621008542, 1.6214168529928825, -0.08088960855650194, 1.5559707922983863, 0.13241632044475288]","[0.6922694990929233, -0.011817697891858001, 0.590119186269633]","[0.23636818847657332, -0.05027940155331775, 0.9703618197640215, 0.9626938220213467, -0.12326363889454332, -0.24088727730705703, 0.13172199709325125, 0.9910994183763383, 0.019268066219775812]","[0.532064990344649, 0.5788704002519348, 0.39404952303267266, 0.4759631069310271]","[0.23636818847657332, -0.05027940155331775, 0.9703618197640215, 0.6922694990929233, 0.9626938220213467, -0.12326363889454332, -0.24088727730705703, -0.011817697891858001, 0.13172199709325125, 0.9910994183763383, 0.019268066219775812, 0.590119186269633, 0.0, 0.0, 0.0, 1.0]",True,True
264,"[-0.2558646644617015, -1.5593027752411461, 1.6168572910982524, -0.0953557792057513, 1.5583305554659197, 0.13715960548525594]","[0.6946961869319949, -0.01108569541011088, 0.5942061396029813]","[0.2337487335850426, -0.0691720196457241, 0.9698333677727943, 0.9627151493624758, -0.12322473589862008, -0.24082193764418766, 0.13616560041131698, 0.9899650984559238, 0.037789325262283624]","[0.5357969118399027, 0.5742787093871274, 0.38898496283727135, 0.4814730853266517]","[0.2337487335850426, -0.0691720196457241, 0.9698333677727943, 0.6946961869319949, 0.9627151493624758, -0.12322473589862008, -0.24082193764418766, -0.01108569541011088, 0.13616560041131698, 0.9899650984559238, 0.037789325262283624, 0.5942061396029813, 0.0, 0.0, 0.0, 1.0]",True,True
265,"[-0.2539805859229511, -1.548094153648266, 1.613947676349203, -0.09843391812365615, 1.557094841487636, 0.14672196720671013]","[0.700530230292635, -0.011168451917408864, 0.5888460614864932]","[0.23081429206072837, -0.06598273057966922, 0.9707579728468655, 0.9620306492965948, -0.1338991378630942, -0.23784038911314553, 0.14567701395373667, 0.9887958839643148, 0.032571574428509505]","[0.5313865656530431, 0.5770922490155522, 0.38817360666577655, 0.4836466737792362]","[0.23081429206072837, -0.06598273057966922, 0.9707579728468655, 0.700530230292635, 0.9620306492965948, -0.1338991378630942, -0.23784038911314553, -0.011168451917408864, 0.14567701395373667, 0.9887958839643148, 0.032571574428509505, 0.5888460614864932, 0.0, 0.0, 0.0, 1.0]",True,True
266,"[-0.2542253969335482, -1.560484968596443, 1.619600967141257, -0.10192492369309179, 1.5643042567001566, 0.159225053293487]","[0.6943716338306765, -0.01042711376307325, 0.5938067754632523]","[0.23554372070628507, -0.07977563928729794, 0.9685840195936244, 0.9589123743073327, -0.1430855307356215, -0.24497671173884963, 0.15813353229506216, 0.9864899281140218, 0.042794949392166395]","[0.532741292599614, 0.577891491123061, 0.380320851113217, 0.4874260865560805]","[0.23554372070628507, -0.07977563928729794, 0.9685840195936244, 0.6943716338306765, 0.9589123743073327, -0.1430855307356215, -0.24497671173884963, -0.01042711376307325, 0.15813353229506216, 0.9864899281140218, 0.042794949392166395, 0.5938067754632523, 0.0, 0.0, 0.0, 1.0]",True,True
267,"[-0.25217658766881607, -1.5545183076882934, 1.620803312312185, -0.10896368296291942, 1.5665554856927613, 0.15138783451815319]","[0.6976135815273448, -0.010048994165966135, 0.5896508849517812]","[0.23636938778696742, -0.07785363283764027, 0.9685392735306072, 0.9599380478414143, -0.13567461034604844, -0.24517614976555602, 0.15049404248550388, 0.987689835910763, 0.0426653397377958]","[0.5346400932353266, 0.576493421123611, 0.38252145761028505, 0.48527583967700183]","[0.23636938778696742, -0.07785363283764027, 0.9685392735306072, 0.6976135815273448, 0.9599380478414143, -0.13567461034604844, -0.24517614976555602, -0.010048994165966135, 0.15049404248550388, 0.987689835910763, 0.0426653397377958, 0.5896508849517812, 0.0, 0.0, 0.0, 1.0]",True,True
268,"[-0.2581428800129639, -1.5461019843428951, 1.6268554924135064, -0.10250791280484117, 1.5644281604831538, 0.1492195130307061]","[0.6997018970168261, -0.014578593748881263, 0.5792813215645186]","[0.24322940839062626, -0.057834654256213924, 0.9682430519559695, 0.9585347812278713, -0.1384876930668292, -0.24906270705479905, 0.14849420214399928, 0.9886740168711283, 0.021752248010842096]","[0.5306820995979229, 0.583087654955628, 0.3861769835618452, 0.47880333454536567]","[0.24322940839062626, -0.057834654256213924, 0.9682430519559695, 0.6997018970168261, 0.9585347812278713, -0.1384876930668292, -0.24906270705479905, -0.014578593748881263, 0.14849420214399928, 0.9886740168711283, 0.021752248010842096, 0.5792813215645186, 0.0, 0.0, 0.0, 1.0]",True,True
269,"[-0.2614363689156275, -1.5510798218033566, 1.633487114286324, -0.11290780596102959, 1.5652038448689802, 0.14672914523984992]","[0.6975721728317567, -0.016401036172514136, 0.5792381964731736]","[0.24603806803307235, -0.06614180693707941, 0.9670007913407578, 0.9582061627923603, -0.13364671283086466, -0.25294170422499535, 0.1459664984347226, 0.9888194059203139, 0.030495308001455213]","[0.5345293872191834, 0.580773078074062, 0.3839986689868235, 0.47908870598231795]","[0.24603806803307235, -0.06614180693707941, 0.9670007913407578, 0.6975721728317567, 0.9582061627923603, -0.13364671283086466, -0.25294170422499535, -0.016401036172514136, 0.1459664984347226, 0.9888194059203139, 0.030495308001455213, 0.5792381964731736, 0.0, 0.0, 0.0, 1.0]",True,True
270,"[-0.25357819141598564, -1.5470415477335078, 1.6256949575970816, -0.1153176533585142, 1.567718051121291, 0.1478060655618291]","[0.7008529284663297, -0.011980817471947226, 0.5819178131824867]","[0.23996180143088455, -0.07160333688447791, 0.9681380562714454, 0.9595792355274143, -0.13357633973258368, -0.24771970492528056, 0.14705789539724617, 0.9884484425657484, 0.03665585615804461]","[0.534565552073912, 0.578118129149533, 0.3839941414522125, 0.4822526294536255]","[0.23996180143088455, -0.07160333688447791, 0.9681380562714454, 0.7008529284663297, 0.9595792355274143, -0.13357633973258368, -0.24771970492528056, -0.011980817471947226, 0.14705789539724617, 0.9884484425657484, 0.03665585615804461, 0.5819178131824867, 0.0, 0.0, 0.0, 1.0]",True,True
271,"[-0.2636155988458962, -1.5472809213061796, 1.6446991746928175, -0.12123061434839925, 1.5655905938071468, 0.15727834829262327]","[0.6982943841233934, -0.018163115899947124, 0.5699945376604588]","[0.2487902712992511, -0.0627300346835954, 0.9665238453630827, 0.9558359936207627, -0.14530245341963752, -0.2554696661626259, 0.15646390703882626, 0.9873966476441112, 0.02380978822494093]","[0.5308713606196314, 0.5852954246562045, 0.38147656777847133, 0.47966706431266654]","[0.2487902712992511, -0.0627300346835954, 0.9665238453630827, 0.6982943841233934, 0.9558359936207627, -0.14530245341963752, -0.2554696661626259, -0.018163115899947124, 0.15646390703882626, 0.9873966476441112, 0.02380978822494093, 0.5699945376604588, 0.0, 0.0, 0.0, 1.0]",True,True
272,"[-0.2619554999394396, -1.5445304539828832, 1.6340153285528847, -0.12316124034226611, 1.5548588323656851, 0.1576472404233488]","[0.7016809103446652, -0.016879657099091144, 0.5754146113149096]","[0.23542663824325494, -0.07035462197456128, 0.9693423157854484, 0.9592292801184701, -0.14365616717688284, -0.2433969880574719, 0.1563761048526314, 0.9871236664161508, 0.03366572488830096]","[0.5304328882984805, 0.5799605763609793, 0.3831616726956002, 0.48525644092117126]","[0.23542663824325494, -0.07035462197456128, 0.9693423157854484, 0.7016809103446652, 0.9592292801184701, -0.14365616717688284, -0.2433969880574719, -0.016879657099091144, 0.1563761048526314, 0.9871236664161508, 0.03366572488830096, 0.5754146113149096, 0.0, 0.0, 0.0, 1.0]",True,True
273,"[-0.25522303483016534, -1.543529613722137, 1.643820604636818, -0.12180407732989051, 1.5629159665390688, 0.15633411950839932]","[0.7002939380115727, -0.012535568180705005, 0.5680822117784715]","[0.2386035635645909, -0.05868035119220737, 0.9693425379287951, 0.9585873803764273, -0.14559499574921958, -0.24476995607272375, 0.15549460967292925, 0.9876025078931016, 0.02151075930597155]","[0.5278539871785907, 0.5836710974529745, 0.3854512554721472, 0.4817940928162673]","[0.2386035635645909, -0.05868035119220737, 0.9693425379287951, 0.7002939380115727, 0.9585873803764273, -0.14559499574921958, -0.24476995607272375, -0.012535568180705005, 0.15549460967292925, 0.9876025078931016, 0.02151075930597155, 0.5680822117784715, 0.0, 0.0, 0.0, 1.0]",True,True
274,"[-0.2628228329156967, -1.5497302900160115, 1.639034430471536, -0.12713288106744108, 1.5718366951567495, 0.1637295178774165]","[0.6986577634090588, -0.018299844514925043, 0.5759931067879357]","[0.2513703504483775, -0.07854455109832928, 0.9646987614837192, 0.9540805188436009, -0.14766310840986074, -0.26062611146595266, 0.16292117872942521, 0.9859139718593605, 0.03781969875494826]","[0.5342113207321296, 0.5833553291312444, 0.3752155521786155, 0.48324746681085445]","[0.2513703504483775, -0.07854455109832928, 0.9646987614837192, 0.6986577634090588, 0.9540805188436009, -0.14766310840986074, -0.26062611146595266, -0.018299844514925043, 0.16292117872942521, 0.9859139718593605, 0.03781969875494826, 0.5759931067879357, 0.0, 0.0, 0.0, 1.0]",True,True
275,"[-0.26535006717625614, -1.548218382821669, 1.6412236306686352, -0.12677953148774762, 1.5621997822722045, 0.16531911741462094]","[0.6991062040083962, -0.0192797593993019, 0.5734730829549114]","[0.24512164885936968, -0.07393298418669499, 0.9666691735592449, 0.9554883725135133, -0.15043751333332442, -0.25379228627671807, 0.16418692777423438, 0.9858511390830442, 0.03376661541704462]","[0.5311428129380764, 0.5834793369896765, 0.3777149131257135, 0.4845313405474922]","[0.24512164885936968, -0.07393298418669499, 0.9666691735592449, 0.6991062040083962, 0.9554883725135133, -0.15043751333332442, -0.25379228627671807, -0.0192797593993019, 0.16418692777423438, 0.9858511390830442, 0.03376661541704462, 0.5734730829549114, 0.0, 0.0, 0.0, 1.0]",True,True
276,"[-0.26252583933018814, -1.5361655873671003, 1.6360380862404011, -0.12560589697202282, 1.5577810009783974, 0.1680035177369415]","[0.7051377454046452, -0.01849036979289089, 0.5685814580924602]","[0.23930203180913828, -0.06578997575646293, 0.9687136917902947, 0.9565054602326232, -0.15545247083579242, -0.24684374380612664, 0.16682878084190325, 0.9856501450317, 0.02572837891887277]","[0.5266825276891712, 0.5850269488933947, 0.3806301086475545, 0.4852522070906857]","[0.23930203180913828, -0.06578997575646293, 0.9687136917902947, 0.7051377454046452, 0.9565054602326232, -0.15545247083579242, -0.24684374380612664, -0.01849036979289089, 0.16682878084190325, 0.9856501450317, 0.02572837891887277, 0.5685814580924602, 0.0, 0.0, 0.0, 1.0]",True,True
277,"[-0.2635345396479371, -1.5391464569893665, 1.644464883113324, -0.1349448699158693, 1.565668797460702, 0.17065397044538286]","[0.7032922619828238, -0.01946206052822535, 0.5659130250941793]","[0.24697396239133748, -0.07158203331773667, 0.9663746035605552, 0.9540643601342842, -0.1565838991445013, -0.25542646544605246, 0.16960264921952445, 0.9850672540668494, 0.029621720795994403]","[0.5291530459240574, 0.5860751105318848, 0.3764373844572848, 0.4845698240576785]","[0.24697396239133748, -0.07158203331773667, 0.9663746035605552, 0.7032922619828238, 0.9540643601342842, -0.1565838991445013, -0.25542646544605246, -0.01946206052822535, 0.16960264921952445, 0.9850672540668494, 0.029621720795994403, 0.5659130250941793, 0.0, 0.0, 0.0, 1.0]",True,True
278,"[-0.25564513654519416, -1.5358150531021484, 1.6557594231415673, -0.1381564032411583, 1.568803257626313, 0.16873198327719494]","[0.7031600969509101, -0.0141427062057305, 0.55644414148312]","[0.2444185824251142, -0.05951012538156065, 0.9678419817007158, 0.9550285897396029, -0.15801941177348253, -0.25089890052120123, 0.16786884566614113, 0.985641116471829, 0.01821099049705381]","[0.5255021791459779, 0.5882658845499931, 0.3805755560018107, 0.48265200192411456]","[0.2444185824251142, -0.05951012538156065, 0.9678419817007158, 0.7031600969509101, 0.9550285897396029, -0.15801941177348253, -0.25089890052120123, -0.0141427062057305, 0.16786884566614113, 0.985641116471829, 0.01821099049705381, 0.55644414148312, 0.0, 0.0, 0.0, 1.0]",True,True
279,"[-0.2658988800024398, -1.5355673843656745, 1.6510988256224615, -0.14097757400046232, 1.565512266306781, 0.17203760494326373]","[0.704282511141787, -0.02139262889414103, 0.5596319175892198]","[0.24966990315528265, -0.0682984925000643, 0.965919383479103, 0.9531123417988882, -0.15882212426368164, -0.25758958976443735, 0.1710023490162379, 0.9849420535070021, 0.025443031744240435]","[0.5282733219262168, 0.5880155175832361, 0.3761864367693217, 0.48337233393436985]","[0.24966990315528265, -0.0682984925000643, 0.965919383479103, 0.704282511141787, 0.9531123417988882, -0.15882212426368164, -0.25758958976443735, -0.02139262889414103, 0.1710023490162379, 0.9849420535070021, 0.025443031744240435, 0.5596319175892198, 0.0, 0.0, 0.0, 1.0]",True,True
280,"[-0.26369327395658704, -1.5502873742869658, 1.6582340982415442, -0.14429145858502815, 1.559360479630398, 0.1631060950890451]","[0.697431571578842, -0.01738983400782553, 0.5652397291765643]","[0.2405885784301195, -0.07514577607903998, 0.9677139289410136, 0.9570351821568305, -0.14789893149885758, -0.24941845596414575, 0.16186659952879887, 0.9861435080144142, 0.03633435781747667]","[0.5312777062772206, 0.5814106019224925, 0.37920249611966766, 0.4857068845729425]","[0.2405885784301195, -0.07514577607903998, 0.9677139289410136, 0.697431571578842, 0.9570351821568305, -0.14789893149885758, -0.24941845596414575, -0.01738983400782553, 0.16186659952879887, 0.9861435080144142, 0.03633435781747667, 0.5652397291765643, 0.0, 0.0, 0.0, 1.0]",True,True
281,"[-0.26563662558435275, -1.5375734779619517, 1.6472819603471196, -0.14798730800418933, 1.5661513832736718, 0.17978503935886608]","[0.7048458704685447, -0.021420745970157383, 0.5642151527464685]","[0.24727972740771306, -0.08247459733355492, 0.9654277172361664, 0.9523581955358396, -0.16287745694494832, -0.257846468687989, 0.1785121951265144, 0.9831932031975275, 0.03826906553992097]","[0.5297809301972575, 0.5856381388734728, 0.3713400564534541, 0.48833052205375116]","[0.24727972740771306, -0.08247459733355492, 0.9654277172361664, 0.7048458704685447, 0.9523581955358396, -0.16287745694494832, -0.257846468687989, -0.021420745970157383, 0.1785121951265144, 0.9831932031975275, 0.03826906553992097, 0.5642151527464685, 0.0, 0.0, 0.0, 1.0]",True,True
282,"[-0.2601828232440888, -1.5284384083506368, 1.6500653085984112, -0.14560743860708036, 1.565657683279411, 0.167129995417186]","[0.708043432215297, -0.018352188771828072, 0.5558595049922467]","[0.24491965025767395, -0.06481747768057439, 0.9673743119934429, 0.9551949248318667, -0.15488917296809585, -0.25221419403495793, 0.16618369502783006, 0.9858032454219187, 0.02397792364884107]","[0.5277329819469357, 0.5864790916087564, 0.3795435591356377, 0.4832047822505647]","[0.24491965025767395, -0.06481747768057439, 0.9673743119934429, 0.708043432215297, 0.9551949248318667, -0.15488917296809585, -0.25221419403495793, -0.018352188771828072, 0.16618369502783006, 0.9858032454219187, 0.02397792364884107, 0.5558595049922467, 0.0, 0.0, 0.0, 1.0]",True,True
283,"[-0.266697774994409, -1.5291725931104123, 1.658246876500217, -0.14712337285421462, 1.5575688234303517, 0.16962964282501536]","[0.7065009290879294, -0.021806893681851257, 0.5510883852387025]","[0.24422864509096429, -0.05949396554680187, 0.9678909220467706, 0.9549564081793545, -0.15873491340065923, -0.2507219291264151, 0.16855452350565303, 0.9855271154723251, 0.018046530818445622]","[0.5252476231523449, 0.5884124887511265, 0.38045693274335624, 0.4828438668783472]","[0.24422864509096429, -0.05949396554680187, 0.9678909220467706, 0.7065009290879294, 0.9549564081793545, -0.15873491340065923, -0.2507219291264151, -0.021806893681851257, 0.16855452350565303, 0.9855271154723251, 0.018046530818445622, 0.5510883852387025, 0.0, 0.0, 0.0, 1.0]",True,True
284,"[-0.2720102428783339, -1.5325680231905934, 1.6547697971034465, -0.1499138614892924, 1.564769161778273, 0.17375444989552763]","[0.7057346239737482, -0.026070362868002264, 0.5559898270442486]","[0.254287983179941, -0.07173154414610605, 0.9644647257337582, 0.9515930794078501, -0.1594696013652068, -0.26275474774684315, 0.17265060913116753, 0.9845933332167334, 0.027708037675005626]","[0.5297467365377865, 0.5886530274427674, 0.37367578787628414, 0.48293106543798553]","[0.254287983179941, -0.07173154414610605, 0.9644647257337582, 0.7057346239737482, 0.9515930794078501, -0.1594696013652068, -0.26275474774684315, -0.026070362868002264, 0.17265060913116753, 0.9845933332167334, 0.027708037675005626, 0.5559898270442486, 0.0, 0.0, 0.0, 1.0]",True,True
285,"[-0.2637036196226706, -1.5385575333003578, 1.6527747555685335, -0.14737586251870372, 1.5714667413961507, 0.1707524469903673]","[0.7033444266916317, -0.020149657470543886, 0.5611777702456828]","[0.25206596731847336, -0.0759429778958041, 0.9647255631671214, 0.9526872054095459, -0.15550431799671802, -0.2611618190573141, 0.16985239700620056, 0.9849117073081693, 0.03315255704399034]","[0.5314400733774566, 0.58617781608297, 0.37392417601728367, 0.4838881347280161]","[0.25206596731847336, -0.0759429778958041, 0.9647255631671214, 0.7033444266916317, 0.9526872054095459, -0.15550431799671802, -0.2611618190573141, -0.020149657470543886, 0.16985239700620056, 0.9849117073081693, 0.03315255704399034, 0.5611777702456828, 0.0, 0.0, 0.0, 1.0]",True,True
286,"[-0.26236681244424737, -1.5278745686911734, 1.6534537731532089, -0.14430734597041303, 1.5695931313962166, 0.1793331905149132]","[0.7073955129455946, -0.020111420236776107, 0.5531030416959433]","[0.2508381200975913, -0.06385307899920395, 0.9659208154958809, 0.9514631884392437, -0.1675455897137825, -0.2581594011700702, 0.17832004528637474, 0.9837943177665656, 0.018727033381797927]","[0.5248855979557847, 0.5915354335180555, 0.3751297298291713, 0.48358931517300646]","[0.2508381200975913, -0.06385307899920395, 0.9659208154958809, 0.7073955129455946, 0.9514631884392437, -0.1675455897137825, -0.2581594011700702, -0.020111420236776107, 0.17832004528637474, 0.9837943177665656, 0.018727033381797927, 0.5531030416959433, 0.0, 0.0, 0.0, 1.0]",True,True
287,"[-0.2629095380993416, -1.5202921237786324, 1.6516004813035239, -0.1398074997749168, 1.567429264493, 0.17932672165352792]","[0.7103761345649391, -0.02109389992999553, 0.548675434406087]","[0.2510591841918142, -0.05385126035263688, 0.9664726213356346, 0.9514025405300839, -0.17021975951253138, -0.256628991628767, 0.17833253182143297, 0.9839335725697791, 0.008498991953702722]","[0.5218568809149176, 0.5943021015760089, 0.3775652474546457, 0.48157542692563216]","[0.2510591841918142, -0.05385126035263688, 0.9664726213356346, 0.7103761345649391, 0.9514025405300839, -0.17021975951253138, -0.256628991628767, -0.02109389992999553, 0.17833253182143297, 0.9839335725697791, 0.008498991953702722, 0.548675434406087, 0.0, 0.0, 0.0, 1.0]",True,True
288,"[-0.2668290360138784, -1.527812389203834, 1.6618925156545739, -0.15599203605080394, 1.5627729878475067, 0.16198363471091262]","[0.7072403378128055, -0.022599927318601214, 0.5485781927632122]","[0.24916925049268476, -0.062133230458089675, 0.9664647672221454, 0.9549728149898581, -0.15020350516425737, -0.25586291186242194, 0.16106398492295004, 0.9867007493202856, 0.021909451191823387]","[0.5293569675843162, 0.5868269132514967, 0.38036751739312413, 0.480349795946505]","[0.24916925049268476, -0.062133230458089675, 0.9664647672221454, 0.7072403378128055, 0.9549728149898581, -0.15020350516425737, -0.25586291186242194, -0.022599927318601214, 0.16106398492295004, 0.9867007493202856, 0.021909451191823387, 0.5485781927632122, 0.0, 0.0, 0.0, 1.0]",True,True
289,"[-0.26579486603494684, -1.5362125201300905, 1.6535382034387276, -0.13571683269541227, 1.5721980516100162, 0.16542653038993654]","[0.7028544927929157, -0.021568871967389495, 0.55795763327647]","[0.2575018469564499, -0.06098043344820118, 0.9643516918378309, 0.9521430471247321, -0.1540649179693543, -0.2639841261574761, 0.16467063073313093, 0.9861771584190976, 0.01839009479005454]","[0.5295816801441375, 0.5901645258179599, 0.3775060066688149, 0.4782659212726113]","[0.2575018469564499, -0.06098043344820118, 0.9643516918378309, 0.7028544927929157, 0.9521430471247321, -0.1540649179693543, -0.2639841261574761, -0.021568871967389495, 0.16467063073313093, 0.9861771584190976, 0.01839009479005454, 0.55795763327647, 0.0, 0.0, 0.0, 1.0]",True,True
290,"[-0.261156680352849, -1.5284282397327964, 1.6525494008015524, -0.1487890906759062, 1.5650466464995711, 0.16569417076565301]","[0.707951778287776, -0.018963769870275943, 0.5545078234082996]","[0.24525047513785636, -0.06517255486359087, 0.9672666346655445, 0.9553589050973964, -0.15330514740343734, -0.25256067435512286, 0.1647469784116228, 0.9860274184180491, 0.024665020415108044]","[0.5283489254625032, 0.5860653978282171, 0.3797299557065515, 0.4828870708252317]","[0.24525047513785636, -0.06517255486359087, 0.9672666346655445, 0.707951778287776, 0.9553589050973964, -0.15330514740343734, -0.25256067435512286, -0.018963769870275943, 0.1647469784116228, 0.9860274184180491, 0.024665020415108044, 0.5545078234082996, 0.0, 0.0, 0.0, 1.0]",True,True
291,"[-0.26749566961436305, -1.5320404271516925, 1.6540956703900815, -0.15214403291582687, 1.5597900281089037, 0.17165415526189418]","[0.7065427112338153, -0.022599212560840194, 0.5562875011661033]","[0.2450067790098988, -0.07192152190400328, 0.9668500260775744, 0.9544278369794506, -0.15738941956193822, -0.2535667064278819, 0.17040886783827314, 0.9849141410787887, 0.03008242784599996]","[0.5286066087588105, 0.58572898398616, 0.3766700723385662, 0.48540320054518576]","[0.2450067790098988, -0.07192152190400328, 0.9668500260775744, 0.7065427112338153, 0.9544278369794506, -0.15738941956193822, -0.2535667064278819, -0.022599212560840194, 0.17040886783827314, 0.9849141410787887, 0.03008242784599996, 0.5562875011661033, 0.0, 0.0, 0.0, 1.0]",True,True
292,"[-0.25569706280737076, -1.533947854754276, 1.66082549042141, -0.15058516304463865, 1.5648592885125259, 0.16988253725739713]","[0.704486982048643, -0.014150433503632667, 0.5529852505625792]","[0.2397374329560082, -0.0643931318442194, 0.9686998956389729, 0.9560362904082994, -0.15791143403482658, -0.24710036508148323, 0.16888035605718374, 0.9853514619527175, 0.02370488906620872]","[0.5257211447115738, 0.5860767820696846, 0.38034400348334557, 0.48525222568913245]","[0.2397374329560082, -0.0643931318442194, 0.9686998956389729, 0.704486982048643, 0.9560362904082994, -0.15791143403482658, -0.24710036508148323, -0.014150433503632667, 0.16888035605718374, 0.9853514619527175, 0.02370488906620872, 0.5529852505625792, 0.0, 0.0, 0.0, 1.0]",True,True
293,"[-0.25437561478617243, -1.5383172800554878, 1.6612208904035997, -0.15365745249160076, 1.5726388141443248, 0.17153283334212116]","[0.7027853103526687, -0.013513445815845482, 0.5560062039626017]","[0.24462418783753204, -0.07258028735976796, 0.966897672254723, 0.9544796708417658, -0.15749655243855826, -0.2533049425490215, 0.17066799546084335, 0.9848486877976445, 0.030748942561258458]","[0.5286484129268317, 0.5855279236968192, 0.37654027578821225, 0.4857008614266308]","[0.24462418783753204, -0.07258028735976796, 0.966897672254723, 0.7027853103526687, 0.9544796708417658, -0.15749655243855826, -0.2533049425490215, -0.013513445815845482, 0.17066799546084335, 0.9848486877976445, 0.030748942561258458, 0.5560062039626017, 0.0, 0.0, 0.0, 1.0]",True,True
294,"[-0.2511533692453776, -1.528756930472236, 1.65450864116658, -0.1465555831691561, 1.5672645622986925, 0.1797298258430166]","[0.7073237569681488, -0.011891475402851565, 0.5532241087205442]","[0.23754944719152596, -0.06364007171182598, 0.9692885026716834, 0.9548054467985428, -0.168224532874236, -0.24504502709314502, 0.17865278867914572, 0.9836922525931365, 0.020802242316773873]","[0.52204577304918, 0.5884241110264323, 0.3786237504493954, 0.48771849667597295]","[0.23754944719152596, -0.06364007171182598, 0.9692885026716834, 0.7073237569681488, 0.9548054467985428, -0.168224532874236, -0.24504502709314502, -0.011891475402851565, 0.17865278867914572, 0.9836922525931365, 0.020802242316773873, 0.5532241087205442, 0.0, 0.0, 0.0, 1.0]",True,True
295,"[-0.25437815751304116, -1.5260298263829093, 1.6505551247138086, -0.142384612809603, 1.560034582703769, 0.16846904866928916]","[0.7088188239694085, -0.01388328989687198, 0.5535699734693283]","[0.2349024946322425, -0.05748437969531235, 0.9703176614421662, 0.9574857434191438, -0.15829181764284767, -0.24117369594632984, 0.1674570666309384, 0.9857176302361484, 0.017857331183377585]","[0.5230841252066374, 0.5863738101867512, 0.3837148539415474, 0.4850893356367419]","[0.2349024946322425, -0.05748437969531235, 0.9703176614421662, 0.7088188239694085, 0.9574857434191438, -0.15829181764284767, -0.24117369594632984, -0.01388328989687198, 0.1674570666309384, 0.9857176302361484, 0.017857331183377585, 0.5535699734693283, 0.0, 0.0, 0.0, 1.0]",True,True
296,"[-0.25518409504029244, -1.5400587048525434, 1.6454935810383802, -0.14252477326298138, 1.5685105696259294, 0.16757091843070485]","[0.7036312065353402, -0.01391184734651144, 0.5665807359376684]","[0.2407234553370047, -0.07711041325786644, 0.9675258147552518, 0.9561904384604057, -0.15225330936547077, -0.25003754754868207, 0.16658950581447282, 0.9853288354424949, 0.037081297145952326]","[0.5304600463553986, 0.5822146227029434, 0.37747249507466496, 0.48698335473977405]","[0.2407234553370047, -0.07711041325786644, 0.9675258147552518, 0.7036312065353402, 0.9561904384604057, -0.15225330936547077, -0.25003754754868207, -0.01391184734651144, 0.16658950581447282, 0.9853288354424949, 0.037081297145952326, 0.5665807359376684, 0.0, 0.0, 0.0, 1.0]",True,True
297,"[-0.24350614164762047, -1.5411336653774863, 1.646546165822785, -0.1333512747618741, 1.5615693665479244, 0.1682612955236233]","[0.7022591611946081, -0.004665385738227869, 0.5657355305648374]","[0.22432668510437956, -0.0656051700670293, 0.9723031934589936, 0.9600722657834665, -0.15625316025921876, -0.23204782779075414, 0.16714898391399546, 0.985535849966648, 0.02793395079532855]","[0.5234518783136826, 0.5815165291219739, 0.3845407013051653, 0.48986233422007647]","[0.22432668510437956, -0.0656051700670293, 0.9723031934589936, 0.7022591611946081, 0.9600722657834665, -0.15625316025921876, -0.23204782779075414, -0.004665385738227869, 0.16714898391399546, 0.985535849966648, 0.02793395079532855, 0.5657355305648374, 0.0, 0.0, 0.0, 1.0]",True,True
298,"[-0.2349671388312208, -1.5468887296486429, 1.6410768022564506, -0.12702504887003244, 1.5682696013293478, 0.1653432719192353]","[0.6998690084684904, 0.0012716843324148963, 0.5726903255986014]","[0.22195750907297862, -0.06940772455253663, 0.9725828663607834, 0.9610935455627196, -0.15262536244217548, -0.2302274862328017, 0.16442037843223375, 0.9858438347486046, 0.03283097081061226]","[0.5249197837387669, 0.5791700744825612, 0.38489808965303834, 0.49078987972955623]","[0.22195750907297862, -0.06940772455253663, 0.9725828663607834, 0.6998690084684904, 0.9610935455627196, -0.15262536244217548, -0.2302274862328017, 0.0012716843324148963, 0.16442037843223375, 0.9858438347486046, 0.03283097081061226, 0.5726903255986014, 0.0, 0.0, 0.0, 1.0]",True,True
299,"[-0.22519727323986094, -1.5479313984937741, 1.6353148497144137, -0.1270312969394367, 1.5732623638485428, 0.16606397897445013]","[0.7001881543643087, 0.007553275702446561, 0.5772395877062764]","[0.21620821218085826, -0.07541367897308604, 0.9734304217607445, 0.9622579750111533, -0.15230723608524993, -0.2255262631347101, 0.1652682622677189, 0.9854518166099326, 0.03963733880058318]","[0.5252471596534796, 0.5763848778085536, 0.38465803414634026, 0.49389684214038426]","[0.21620821218085826, -0.07541367897308604, 0.9734304217607445, 0.7001881543643087, 0.9622579750111533, -0.15230723608524993, -0.2255262631347101, 0.007553275702446561, 0.1652682622677189, 0.9854518166099326, 0.03963733880058318, 0.5772395877062764, 0.0, 0.0, 0.0, 1.0]",True,True
300,"[-0.22331979595640847, -1.537302843133305, 1.6359628056687465, -0.11011279921203916, 1.5636138811771763, 0.15884104097729893]","[0.703008493448682, 0.009136064205850166, 0.5679487051769397]","[0.20999263027422863, -0.04494940994981729, 0.9766691588125809, 0.9648383627773481, -0.15198925771353194, -0.21444393032402553, 0.15808234861500853, 0.987359517138946, 0.011452291103097385]","[0.5170724474538829, 0.5810614418640818, 0.39577955382673, 0.48822354473703955]","[0.20999263027422863, -0.04494940994981729, 0.9766691588125809, 0.703008493448682, 0.9648383627773481, -0.15198925771353194, -0.21444393032402553, 0.009136064205850166, 0.15808234861500853, 0.987359517138946, 0.011452291103097385, 0.5679487051769397, 0.0, 0.0, 0.0, 1.0]",True,True
301,"[-0.21564472147284275, -1.5484084662378816, 1.6304993325047712, -0.10345543853961281, 1.5681885191426002, 0.16477300748361287]","[0.6981342488323297, 0.015147419702099083, 0.5785148413604467]","[0.2051430553390156, -0.055265986776571484, 0.9771704035385974, 0.9649048169476498, -0.15581098867976978, -0.21138029718461127, 0.16393602739299099, 0.9862396293559922, 0.021362874580918206]","[0.5173719506409687, 0.5787035444504093, 0.39296408277357114, 0.49295811381943805]","[0.2051430553390156, -0.055265986776571484, 0.9771704035385974, 0.6981342488323297, 0.9649048169476498, -0.15581098867976978, -0.21138029718461127, 0.015147419702099083, 0.16393602739299099, 0.9862396293559922, 0.021362874580918206, 0.5785148413604467, 0.0, 0.0, 0.0, 1.0]",True,True
302,"[-0.2095140310933139, -1.552334403324989, 1.636614364153608, -0.11970000046349043, 1.5613346647212292, 0.15967017797743385]","[0.6972585230579498, 0.02023686708868668, 0.5786568329956872]","[0.19069139282369824, -0.06579366250406642, 0.9794426918800604, 0.9687594453768681, -0.14854987734872233, -0.19859020855214002, 0.15856206890697705, 0.9867138024341102, 0.035411048981334806]","[0.5190261468501155, 0.5709269264080749, 0.3953946385720995, 0.49831454260997615]","[0.19069139282369824, -0.06579366250406642, 0.9794426918800604, 0.6972585230579498, 0.9687594453768681, -0.14854987734872233, -0.19859020855214002, 0.02023686708868668, 0.15856206890697705, 0.9867138024341102, 0.035411048981334806, 0.5786568329956872, 0.0, 0.0, 0.0, 1.0]",True,True
303,"[-0.1923765633293733, -1.553741052416223, 1.630329655441019, -0.1057235088937042, 1.5740115765969755, 0.1513437268917545]","[0.69539670442597, 0.03126695340940861, 0.5824571199497386]","[0.18781333588430474, -0.05756741380542255, 0.980516263879271, 0.9705601195017224, -0.142386066709776, -0.19426595800531216, 0.15079524295153285, 0.9881357198657855, 0.029130633850187843]","[0.5183044238246275, 0.5703220074536606, 0.4002093088484235, 0.49590910575317615]","[0.18781333588430474, -0.05756741380542255, 0.980516263879271, 0.69539670442597, 0.9705601195017224, -0.142386066709776, -0.19426595800531216, 0.03126695340940861, 0.15079524295153285, 0.9881357198657855, 0.029130633850187843, 0.5824571199497386, 0.0, 0.0, 0.0, 1.0]",True,True
304,"[-0.18692825435204355, -1.5554206730420828, 1.6294548090393788, -0.10419504041298142, 1.568160429386411, 0.15702386518134778]","[0.6945284669710072, 0.03573428967602954, 0.5840296433637701]","[0.17636388085857665, -0.05792330220944548, 0.982619291785814, 0.9718477486971933, -0.1481958973283795, -0.18316639802985993, 0.1562297503060747, 0.9872602833479069, 0.030156227269204573]","[0.5143744285050049, 0.568859286405204, 0.40164785401637554, 0.5004968141104913]","[0.17636388085857665, -0.05792330220944548, 0.982619291785814, 0.6945284669710072, 0.9718477486971933, -0.1481958973283795, -0.18316639802985993, 0.03573428967602954, 0.1562297503060747, 0.9872602833479069, 0.030156227269204573, 0.5840296433637701, 0.0, 0.0, 0.0, 1.0]",True,True
305,"[-0.18665928712589636, -1.5635171540013175, 1.6183344666554835, -0.09338980761283784, 1.5647881498702656, 0.15406629763822274]","[0.6913318652053425, 0.03683939433995595, 0.5958690463920694]","[0.1717313386147365, -0.06501665255062615, 0.9829960235060474, 0.9731722964826418, -0.14388853168020527, -0.17953209130853343, 0.15311443007205996, 0.9874557839934028, 0.038562234915556305]","[0.516334446325753, 0.5650348740076548, 0.4018139789720804, 0.502672713597283]","[0.1717313386147365, -0.06501665255062615, 0.9829960235060474, 0.6913318652053425, 0.9731722964826418, -0.14388853168020527, -0.17953209130853343, 0.03683939433995595, 0.15311443007205996, 0.9874557839934028, 0.038562234915556305, 0.5958690463920694, 0.0, 0.0, 0.0, 1.0]",True,True
306,"[-0.18169156829820074, -1.5617843487927707, 1.6225907169172045, -0.08416798966855893, 1.5686976011034202, 0.15502918044885547]","[0.6902374621513659, 0.04007265963805362, 0.5909824163130265]","[0.17293969999653486, -0.050281444535369195, 0.9836481263645783, 0.9727680629772444, -0.14775518887641817, -0.1785796735678337, 0.15431835865057847, 0.9877449977071667, 0.023359445367149727]","[0.5119921768170063, 0.569503170207551, 0.4049523631737126, 0.49954352519250844]","[0.17293969999653486, -0.050281444535369195, 0.9836481263645783, 0.6902374621513659, 0.9727680629772444, -0.14775518887641817, -0.1785796735678337, 0.04007265963805362, 0.15431835865057847, 0.9877449977071667, 0.023359445367149727, 0.5909824163130265, 0.0, 0.0, 0.0, 1.0]",True,True
307,"[-0.16660945109042136, -1.554747915747557, 1.6238834611045707, -0.08024703473250522, 1.5826695779998994, 0.14842101567811683]","[0.6918975860033283, 0.048777655005899985, 0.5850179585046879]","[0.17396365350272794, -0.03709034838961849, 0.9840533284920687, 0.9735672695359571, -0.1437051415935881, -0.17752634724983182, 0.14799803697442707, 0.9889252440583683, 0.011110477749070846]","[0.5102374421919198, 0.5715239096807859, 0.40964030781730115, 0.49518985395500853]","[0.17396365350272794, -0.03709034838961849, 0.9840533284920687, 0.6918975860033283, 0.9735672695359571, -0.1437051415935881, -0.17752634724983182, 0.048777655005899985, 0.14799803697442707, 0.9889252440583683, 0.011110477749070846, 0.5850179585046879, 0.0, 0.0, 0.0, 1.0]",True,True
308,"[-0.15853287220196943, -1.5694761376373765, 1.6083601466475672, -0.06262015414644093, 1.5689179148400572, 0.14545419321398217]","[0.6851322195142155, 0.056663166171430426, 0.6035726102409232]","[0.15097064492982987, -0.04580191572368871, 0.9874766067535533, 0.9778672417414183, -0.13945968314288737, -0.15597004297850356, 0.1448569014527856, 0.98916792370847, 0.023733874689404934]","[0.508734910458371, 0.5627380503803062, 0.41407601875678524, 0.5030464473839524]","[0.15097064492982987, -0.04580191572368871, 0.9874766067535533, 0.6851322195142155, 0.9778672417414183, -0.13945968314288737, -0.15597004297850356, 0.056663166171430426, 0.1448569014527856, 0.98916792370847, 0.023733874689404934, 0.6035726102409232, 0.0, 0.0, 0.0, 1.0]",True,True
309,"[-0.14619651996351976, -1.5634006177481479, 1.6102036204728274, -0.069458523161205, 1.561575160572846, 0.14196235801547824]","[0.6878410926164564, 0.06528548673179298, 0.5989259454298896]","[0.1320051400846274, -0.04150634398013933, 0.9903796577074068, 0.9811345904656565, -0.13689383829351803, -0.13651004515806286, 0.1412429056024624, 0.9897157675043227, 0.022652619502022492]","[0.5044214312688181, 0.558177023639482, 0.4208468848999099, 0.5068385634772952]","[0.1320051400846274, -0.04150634398013933, 0.9903796577074068, 0.6878410926164564, 0.9811345904656565, -0.13689383829351803, -0.13651004515806286, 0.06528548673179298, 0.1412429056024624, 0.9897157675043227, 0.022652619502022492, 0.5989259454298896, 0.0, 0.0, 0.0, 1.0]",True,True
310,"[-0.12215584238930391, -1.568940098074979, 1.6011559765691905, -0.05028816188298918, 1.5813980776042755, 0.14520356459766798]","[0.682293770325796, 0.08042379284439971, 0.6068499613314298]","[0.12837797114318333, -0.03690046358408387, 0.991038572565387, 0.9810885467767333, -0.14124181700235056, -0.1323480733270877, 0.14485979396878096, 0.9892871700963043, 0.018070284285758076]","[0.501299919815122, 0.559363366663338, 0.42199227705276426, 0.5076746325514317]","[0.12837797114318333, -0.03690046358408387, 0.991038572565387, 0.682293770325796, 0.9810885467767333, -0.14124181700235056, -0.1323480733270877, 0.08042379284439971, 0.14485979396878096, 0.9892871700963043, 0.018070284285758076, 0.6068499613314298, 0.0, 0.0, 0.0, 1.0]",True,True
311,"[-0.11955250601011755, -1.578684379854889, 1.594874735260246, -0.05942493722114457, 1.5648280592493162, 0.13447576322743604]","[0.6793857669023409, 0.08406237240054953, 0.618408658521095]","[0.10656905943630651, -0.05772153239829272, 0.9926284603357161, 0.9852766322643802, -0.1280984634655034, -0.11322871354713078, 0.1336899154185613, 0.9900803039932516, 0.04322034428377439]","[0.5053936436715883, 0.5457671615758031, 0.4248859061013956, 0.5159335587827591]","[0.10656905943630651, -0.05772153239829272, 0.9926284603357161, 0.6793857669023409, 0.9852766322643802, -0.1280984634655034, -0.11322871354713078, 0.08406237240054953, 0.1336899154185613, 0.9900803039932516, 0.04322034428377439, 0.618408658521095, 0.0, 0.0, 0.0, 1.0]",True,True
312,"[-0.10240396099533547, -1.5870736662720715, 1.6013796490880092, -0.04777521434739816, 1.581660650749391, 0.1389002136067843]","[0.6715026117472604, 0.09479150763553895, 0.6184817937168678]","[0.10732286263688595, -0.04861518015243123, 0.993034927590249, 0.984496817917445, -0.13417906699712856, -0.11296899349027227, 0.13873650804978913, 0.9897638820640642, 0.03346100858647352]","[0.5016484835585151, 0.5495545744163042, 0.42574554072224646, 0.5148585274001771]","[0.10732286263688595, -0.04861518015243123, 0.993034927590249, 0.6715026117472604, 0.984496817917445, -0.13417906699712856, -0.11296899349027227, 0.09479150763553895, 0.13873650804978913, 0.9897638820640642, 0.03346100858647352, 0.6184817937168678, 0.0, 0.0, 0.0, 1.0]",True,True
313,"[-0.10368965537115184, -1.5764386691562753, 1.5938397353643643, -0.04056185927961675, 1.5720291005551474, 0.13376634086072173]","[0.6770074570079954, 0.09426066155972611, 0.6157983937962037]","[0.10072206698173047, -0.03679612999015148, 0.9942339312458994, 0.9859361519867308, -0.1302587419982916, -0.10470226520290994, 0.1333602992967764, 0.9907970049161282, 0.023158705073985614]","[0.4984029569679097, 0.5495048006855893, 0.43181607367778474, 0.513004722222551]","[0.10072206698173047, -0.03679612999015148, 0.9942339312458994, 0.6770074570079954, 0.9859361519867308, -0.1302587419982916, -0.10470226520290994, 0.09426066155972611, 0.1333602992967764, 0.9907970049161282, 0.023158705073985614, 0.6157983937962037, 0.0, 0.0, 0.0, 1.0]",True,True
314,"[-0.08418017061192537, -1.5860036261837436, 1.5801480251416327, -0.03682184636150555, 1.5715151619649461, 0.1393189317455944]","[0.6714774750819887, 0.10779808975221906, 0.6309193917361788]","[0.07807100982968798, -0.053877059313323865, 0.9954909240690851, 0.9872421598282143, -0.13481600733743757, -0.08472049352614953, 0.13877260277841272, 0.9894048244502047, 0.04266448256763829]","[0.49646739194530404, 0.5408841222016707, 0.43140714535842933, 0.5242636455246986]","[0.07807100982968798, -0.053877059313323865, 0.9954909240690851, 0.6714774750819887, 0.9872421598282143, -0.13481600733743757, -0.08472049352614953, 0.10779808975221906, 0.13877260277841272, 0.9894048244502047, 0.04266448256763829, 0.6309193917361788, 0.0, 0.0, 0.0, 1.0]",True,True
315,"[-0.0720402540845017, -1.5919553831276902, 1.5722050343467378, -0.022270175937963706, 1.5822144170973638, 0.12754742587860768]","[0.6662352536773491, 0.11523291049781134, 0.6387404289211935]","[0.07734470681241225, -0.052161306077491754, 0.995638988025475, 0.9888098306365182, -0.12376012586819332, -0.08329795964889458, 0.12756533684618998, 0.9909402753917004, 0.04200542157792156]","[0.4988962824380786, 0.5383073961740364, 0.43499705336400624, 0.5216370482993186]","[0.07734470681241225, -0.052161306077491754, 0.995638988025475, 0.6662352536773491, 0.9888098306365182, -0.12376012586819332, -0.08329795964889458, 0.11523291049781134, 0.12756533684618998, 0.9909402753917004, 0.04200542157792156, 0.6387404289211935, 0.0, 0.0, 0.0, 1.0]",True,True
316,"[-0.054522927201106686, -1.5939444117582222, 1.572921870290229, -0.014180213687393542, 1.5741780145222601, 0.13060441703566272]","[0.662167591206982, 0.1277335916860763, 0.6387830438934664]","[0.05280049277911707, -0.04238051350706481, 0.9977053673490784, 0.9900715319190486, -0.1281135032861133, -0.05783849893649559, 0.13027075514385555, 0.9908535827006109, 0.03519528382628978]","[0.48986790906306904, 0.535191253721261, 0.4426880165840497, 0.5269032867456052]","[0.05280049277911707, -0.04238051350706481, 0.9977053673490784, 0.662167591206982, 0.9900715319190486, -0.1281135032861133, -0.05783849893649559, 0.1277335916860763, 0.13027075514385555, 0.9908535827006109, 0.03519528382628978, 0.6387830438934664, 0.0, 0.0, 0.0, 1.0]",True,True
317,"[-0.0475883943740422, -1.5964660350286777, 1.5687143150703957, 0.009231365280748204, 1.578111368443536, 0.11840301666055661]","[0.6577259006522871, 0.1321278361334134, 0.6410059236299696]","[0.0523052578001501, -0.024850962978488194, 0.9983218867907794, 0.9916064083567336, -0.11707376533392387, -0.05486769884363448, 0.11824081745454182, 0.9928122496774398, 0.018518800665879673]","[0.48830069965445105, 0.5363907676471031, 0.4505835594537505, 0.5204054448695876]","[0.0523052578001501, -0.024850962978488194, 0.9983218867907794, 0.6577259006522871, 0.9916064083567336, -0.11707376533392387, -0.05486769884363448, 0.1321278361334134, 0.11824081745454182, 0.9928122496774398, 0.018518800665879673, 0.6410059236299696, 0.0, 0.0, 0.0, 1.0]",True,True
318,"[-0.025768375039046297, -1.6031639562657605, 1.5711119327764287, 0.014784257623692391, 1.57499307587076, 0.1288522367754728]","[0.6503832128342478, 0.14684534769737984, 0.6432289192876667]","[0.027493655254784335, -0.020967822334457428, 0.9994020458990875, 0.991322013395981, -0.12799709357147535, -0.029956798790808602, 0.12854868601922417, 0.9915528702312377, 0.017266755888855047]","[0.47873879035758216, 0.5334379047596367, 0.4547643607641447, 0.5286232576716489]","[0.027493655254784335, -0.020967822334457428, 0.9994020458990875, 0.6503832128342478, 0.991322013395981, -0.12799709357147535, -0.029956798790808602, 0.14684534769737984, 0.12854868601922417, 0.9915528702312377, 0.017266755888855047, 0.6432289192876667, 0.0, 0.0, 0.0, 1.0]",True,True
319,"[-0.020905714572330036, -1.6062263562661607, 1.558958778806663, 0.022222739461698088, 1.5828090993669037, 0.12284621953859881]","[0.6483069229134943, 0.14931374434343878, 0.6526020952105219]","[0.029592831910926917, -0.028880626326815637, 0.9991447211102417, 0.9919904310890222, -0.1219515503997287, -0.03290598703759567, 0.12279759332864633, 0.992115783957736, 0.0250404132278027]","[0.48287723458944537, 0.5306844564057941, 0.4537111428159832, 0.5285355077278642]","[0.029592831910926917, -0.028880626326815637, 0.9991447211102417, 0.6483069229134943, 0.9919904310890222, -0.1219515503997287, -0.03290598703759567, 0.14931374434343878, 0.12279759332864633, 0.992115783957736, 0.0250404132278027, 0.6526020952105219, 0.0, 0.0, 0.0, 1.0]",True,True
320,"[0.008360991306029741, -1.6122298196127973, 1.541976242995109, 0.0189694060157354, 1.5865306146389908, 0.11926938559628386]","[0.6421555286228795, 0.16786522021577222, 0.6681256702541757]","[0.0012010585765865763, -0.05177059894183393, 0.9986582811670364, 0.9928176761535858, -0.11940910853095886, -0.007384220800804412, 0.11963118061479186, 0.9914944628615157, 0.05125534840058718]","[0.4829718673085977, 0.5170480680524197, 0.45500947366287536, 0.5407086549970694]","[0.0012010585765865763, -0.05177059894183393, 0.9986582811670364, 0.6421555286228795, 0.9928176761535858, -0.11940910853095886, -0.007384220800804412, 0.16786522021577222, 0.11963118061479186, 0.9914944628615157, 0.05125534840058718, 0.6681256702541757, 0.0, 0.0, 0.0, 1.0]",True,True
321,"[0.010837585492346221, -1.6173478440123203, 1.5420944476657636, 0.031640409355603104, 1.582356869545879, 0.11630273440649479]","[0.6375489461244884, 0.16979446909987309, 0.6700934782556497]","[-0.004351825594786475, -0.0433847003530447, 0.9990489624584317, 0.9931892498106851, -0.11650998406898425, -0.000733261708590638, 0.1164309910396747, 0.9922414985211622, 0.04359624912762139]","[0.48029533608599895, 0.51685634110132, 0.459414190137337, 0.5395502893130982]","[-0.004351825594786475, -0.0433847003530447, 0.9990489624584317, 0.6375489461244884, 0.9931892498106851, -0.11650998406898425, -0.000733261708590638, 0.16979446909987309, 0.1164309910396747, 0.9922414985211622, 0.04359624912762139, 0.6700934782556497, 0.0, 0.0, 0.0, 1.0]",True,True
322,"[0.026520703172455345, -1.617230039578595, 1.53649208263707, 0.037953804928888626, 1.5731248761072154, 0.12901825542211104]","[0.6345261164353062, 0.18061592840486912, 0.673145866068232]","[-0.02949187871197681, -0.03928815309428078, 0.9987926061582948, 0.9912525184602882, -0.1297477240918158, 0.024165527909197723, 0.1286416485286714, 0.9907683730920335, 0.04277098484243002]","[0.4699817501878762, 0.5141704144876018, 0.4628642267927311, 0.5481812172188644]","[-0.02949187871197681, -0.03928815309428078, 0.9987926061582948, 0.6345261164353062, 0.9912525184602882, -0.1297477240918158, 0.024165527909197723, 0.18061592840486912, 0.1286416485286714, 0.9907683730920335, 0.04277098484243002, 0.673145866068232, 0.0, 0.0, 0.0, 1.0]",True,True
323,"[0.04623121039950049, -1.6165757254324928, 1.529435240691974, 0.05509592046399079, 1.577641223242605, 0.10438110481666854]","[0.6297497390084065, 0.19261943680082275, 0.675779552294004]","[-0.042499946018085835, -0.027727622600679735, 0.998711636826854, 0.9936314816566472, -0.10558345886204805, 0.0393524062230293, 0.104356280353776, 0.9940237985881626, 0.0320383300295696]","[0.47009438550929206, 0.5077019752803785, 0.475625419086929, 0.5431670403544622]","[-0.042499946018085835, -0.027727622600679735, 0.998711636826854, 0.6297497390084065, 0.9936314816566472, -0.10558345886204805, 0.0393524062230293, 0.19261943680082275, 0.104356280353776, 0.9940237985881626, 0.0320383300295696, 0.675779552294004, 0.0, 0.0, 0.0, 1.0]",True,True
324,"[0.05056876760970689, -1.6210484200901882, 1.5311275620062803, 0.06011915098979179, 1.581018709972558, 0.11170757802906377]","[0.6257976055021375, 0.1948799611844775, 0.6770183553637676]","[-0.0434059604153767, -0.025076807635613946, 0.9987427478180884, 0.9927903323509848, -0.11288143509675234, 0.04031299543471191, 0.11172859343444796, 0.99329196882352, 0.02979573929030343]","[0.4673083414027014, 0.5098234339923658, 0.47453366214324605, 0.5445372197569309]","[-0.0434059604153767, -0.025076807635613946, 0.9987427478180884, 0.6257976055021375, 0.9927903323509848, -0.11288143509675234, 0.04031299543471191, 0.1948799611844775, 0.11172859343444796, 0.99329196882352, 0.02979573929030343, 0.6770183553637676, 0.0, 0.0, 0.0, 1.0]",True,True
325,"[0.0654940319377785, -1.6317333202115163, 1.5229828747191931, 0.07695592954103754, 1.5847480456743284, 0.1016806269139856]","[0.6154806350773243, 0.20337221302442524, 0.6875685016578991]","[-0.054480251604728955, -0.026326938471333085, 0.9981677186203789, 0.9933021831840156, -0.1034404241893474, 0.05148642078642049, 0.10189541239405189, 0.9942871672481015, 0.03178606579606194]","[0.4674038377040741, 0.5042752489436093, 0.47938861105039804, 0.5453683942048114]","[-0.054480251604728955, -0.026326938471333085, 0.9981677186203789, 0.6154806350773243, 0.9933021831840156, -0.1034404241893474, 0.05148642078642049, 0.20337221302442524, 0.10189541239405189, 0.9942871672481015, 0.03178606579606194, 0.6875685016578991, 0.0, 0.0, 0.0, 1.0]",True,True
326,"[0.08058056787385187, -1.6422965071189215, 1.507156478540401, 0.08456104655670334, 1.5884521056072431, 0.09500432985089394]","[0.6061973348603342, 0.21179534701135747, 0.703950383165518]","[-0.06740249108352443, -0.04419878313515675, 0.9967463929029827, 0.9931324439479181, -0.09872475122727256, 0.06278034941881419, 0.09562872462691668, 0.994132733121933, 0.05054953967886168]","[0.4702186452513512, 0.4951698497649283, 0.4790950323728555, 0.5515153628843124]","[-0.06740249108352443, -0.04419878313515675, 0.9967463929029827, 0.6061973348603342, 0.9931324439479181, -0.09872475122727256, 0.06278034941881419, 0.21179534701135747, 0.09562872462691668, 0.994132733121933, 0.05054953967886168, 0.703950383165518, 0.0, 0.0, 0.0, 1.0]",True,True
327,"[0.0998234936530717, -1.6372431081266703, 1.4997142182440628, 0.09400778706546795, 1.5935034936131183, 0.10159432906307808]","[0.6041507501409137, 0.22316688398983295, 0.704829256582213]","[-0.081054494578408, -0.035252026064807686, 0.9960860723687309, 0.9914451954809445, -0.1054315083138921, 0.076945574352327, 0.10230636962765616, 0.9938015353746359, 0.043496149491944365]","[0.46287421255662003, 0.49519714868008363, 0.48273357993114885, 0.554522802142582]","[-0.081054494578408, -0.035252026064807686, 0.9960860723687309, 0.6041507501409137, 0.9914451954809445, -0.1054315083138921, 0.076945574352327, 0.22316688398983295, 0.10230636962765616, 0.9938015353746359, 0.043496149491944365, 0.704829256582213, 0.0, 0.0, 0.0, 1.0]",True,True
328,"[0.10435249955908962, -1.6424494731297663, 1.4990446100978776, 0.10912627945349862, 1.5827310003246222, 0.09547337170733472]","[0.5983880500292745, 0.22640225006935083, 0.7070468206219209]","[-0.09512229270997441, -0.025132038509566728, 0.9951482955167795, 0.9908567878829896, -0.09847512293676389, 0.09222513794401838, 0.09567954502296676, 0.9948221101297172, 0.03426943041918246]","[0.4584408399053371, 0.492210168476741, 0.49050426587187507, 0.55404576662626]","[-0.09512229270997441, -0.025132038509566728, 0.9951482955167795, 0.5983880500292745, 0.9908567878829896, -0.09847512293676389, 0.09222513794401838, 0.22640225006935083, 0.09567954502296676, 0.9948221101297172, 0.03426943041918246, 0.7070468206219209, 0.0, 0.0, 0.0, 1.0]",True,True
329,"[0.12637253711215604, -1.6503330880016738, 1.4937884614252848, 0.1149350168862738, 1.5812188675253442, 0.09507354435265748]","[0.5881701482857408, 0.23901694685840583, 0.7148254874275874]","[-0.11909418559700388, -0.030096149060474888, 0.9924267211077681, 0.9883007308673082, -0.09951198339528962, 0.1155812723925454, 0.09527980018939256, 0.9945811113089092, 0.04159534473236339]","[0.45359375429454213, 0.48446425385830116, 0.4944660902097713, 0.5612934868953712]","[-0.11909418559700388, -0.030096149060474888, 0.9924267211077681, 0.5881701482857408, 0.9883007308673082, -0.09951198339528962, 0.1155812723925454, 0.23901694685840583, 0.09527980018939256, 0.9945811113089092, 0.04159534473236339, 0.7148254874275874, 0.0, 0.0, 0.0, 1.0]",True,True
330,"[0.14538778695505153, -1.66306794359407, 1.4953926549110197, 0.12561890375914486, 1.5888268902120106, 0.09330534436162982]","[0.574959967950437, 0.24819515969357994, 0.7204862244834622]","[-0.1303523533541043, -0.02958416955270894, 0.99102625640642, 0.9870166529082632, -0.09847989700440381, 0.1268851321777725, 0.093842372395499, 0.9946991941274902, 0.04203715434357915]","[0.4508893722369909, 0.4811679512672057, 0.49745233490408935, 0.5636642184630153]","[-0.1303523533541043, -0.02958416955270894, 0.99102625640642, 0.574959967950437, 0.9870166529082632, -0.09847989700440381, 0.1268851321777725, 0.24819515969357994, 0.093842372395499, 0.9946991941274902, 0.04203715434357915, 0.7204862244834622, 0.0, 0.0, 0.0, 1.0]",True,True
331,"[0.16168566291445713, -1.653820272983407, 1.4827319242478814, 0.14217555924251785, 1.5895587746306552, 0.08886634461823095]","[0.5746301902172901, 0.25808247150741903, 0.7216421199031483]","[-0.14441495110759595, -0.01577722743992645, 0.9893914296126177, 0.9854837911639487, -0.09247983931177105, 0.14236985872718932, 0.08925255878528923, 0.9955895531870439, 0.028903673384202362]","[0.4449744045911055, 0.47936447897710693, 0.505725083027237, 0.5625385461911853]","[-0.14441495110759595, -0.01577722743992645, 0.9893914296126177, 0.5746301902172901, 0.9854837911639487, -0.09247983931177105, 0.14236985872718932, 0.25808247150741903, 0.08925255878528923, 0.9955895531870439, 0.028903673384202362, 0.7216421199031483, 0.0, 0.0, 0.0, 1.0]",True,True
332,"[0.17766400571910893, -1.6581241431546414, 1.4815483947537103, 0.14533794807262723, 1.5866679626714513, 0.08291117480886792]","[0.5675313118787768, 0.2669804593122391, 0.7247336113262736]","[-0.1630875203541827, -0.017294210407544263, 0.9864600199658898, 0.9830913490808633, -0.08723535676493438, 0.16100121705273776, 0.08326980285248795, 0.9960376011057385, 0.03122878666284661]","[0.44184440404505787, 0.4724719700013709, 0.5110340930227655, 0.566028193595947]","[-0.1630875203541827, -0.017294210407544263, 0.9864600199658898, 0.5675313118787768, 0.9830913490808633, -0.08723535676493438, 0.16100121705273776, 0.2669804593122391, 0.08326980285248795, 0.9960376011057385, 0.03122878666284661, 0.7247336113262736, 0.0, 0.0, 0.0, 1.0]",True,True
333,"[0.18750141469149484, -1.6742866617559504, 1.4610220821889146, 0.15039258037488948, 1.6007347344780756, 0.0766981135953826]","[0.5548779337171974, 0.2693335341637616, 0.7474728064264626]","[-0.16123839182772656, -0.04952038164951356, 0.9856723151240958, 0.9838007737245453, -0.08735041928750951, 0.15654373787948977, 0.07834678436154624, 0.9949460468043395, 0.06280243091332188]","[0.4511689317201723, 0.4645722754713364, 0.5027637471086434, 0.5725799599244977]","[-0.16123839182772656, -0.04952038164951356, 0.9856723151240958, 0.5548779337171974, 0.9838007737245453, -0.08735041928750951, 0.15654373787948977, 0.2693335341637616, 0.07834678436154624, 0.9949460468043395, 0.06280243091332188, 0.7474728064264626, 0.0, 0.0, 0.0, 1.0]",True,True
334,"[0.21651627585475056, -1.67172013368366, 1.4651181265435793, 0.1612498039150805, 1.591766895754893, 0.08625387890922065]","[0.5470843540460388, 0.2862197143948317, 0.7421829009875203]","[-0.19741494750620614, -0.027373190209157874, 0.9799377770853082, 0.9764514212425881, -0.09420816162830423, 0.1940810249250169, 0.08700551967807307, 0.9951761305117746, 0.04532668976618376]","[0.4340805169066199, 0.46137471873627683, 0.5142664912551951, 0.5781327267377047]","[-0.19741494750620614, -0.027373190209157874, 0.9799377770853082, 0.5470843540460388, 0.9764514212425881, -0.09420816162830423, 0.1940810249250169, 0.2862197143948317, 0.08700551967807307, 0.9951761305117746, 0.04532668976618376, 0.7421829009875203, 0.0, 0.0, 0.0, 1.0]",True,True
335,"[0.23051153747913697, -1.6770831193473954, 1.4533171872498323, 0.174599415871626, 1.5884180698801627, 0.07999053056481342]","[0.5381532909182003, 0.2930217628796019, 0.7518120642971959]","[-0.21445361284256895, -0.030809305731246517, 0.9762481419286432, 0.973396983474447, -0.08929387620516686, 0.21100927997389976, 0.08067193131205434, 0.9955286989095868, 0.04913907961865251]","[0.4316803188040071, 0.4543405065982852, 0.518657077706154, 0.5815682609690775]","[-0.21445361284256895, -0.030809305731246517, 0.9762481419286432, 0.5381532909182003, 0.973396983474447, -0.08929387620516686, 0.21100927997389976, 0.2930217628796019, 0.08067193131205434, 0.9955286989095868, 0.04913907961865251, 0.7518120642971959, 0.0, 0.0, 0.0, 1.0]",True,True
336,"[0.24661999881533286, -1.6821973543481537, 1.4512332594849606, 0.19777044706162736, 1.5887264538207215, 0.07066289373100836]","[0.5277204441263855, 0.30020225710499493, 0.7539382405901702]","[-0.22841778120482192, -0.016096338170260637, 0.9734301336649563, 0.9709591905161031, -0.07684747936301345, 0.22656724226565708, 0.07115874915834178, 0.9969129213793247, 0.03318221820735261]","[0.42659024767319675, 0.45145528016372755, 0.5287693456589688, 0.5784564544490769]","[-0.22841778120482192, -0.016096338170260637, 0.9734301336649563, 0.5277204441263855, 0.9709591905161031, -0.07684747936301345, 0.22656724226565708, 0.30020225710499493, 0.07115874915834178, 0.9969129213793247, 0.03318221820735261, 0.7539382405901702, 0.0, 0.0, 0.0, 1.0]",True,True
337,"[0.25651426950825545, -1.6922133274709819, 1.4432572231388392, 0.19709985866283514, 1.601641248232908, 0.07677963464329858]","[0.518758153970026, 0.3026133416940078, 0.7650370779243006]","[-0.22698527542674402, -0.03282301535885186, 0.9733449205714271, 0.9707539529837841, -0.0878703738510453, 0.22341790475616466, 0.0781949327373732, 0.9955910039077442, 0.05180835291888339]","[0.4292297472336622, 0.4497434672970298, 0.5213699618928999, 0.5845220274285376]","[-0.22698527542674402, -0.03282301535885186, 0.9733449205714271, 0.518758153970026, 0.9707539529837841, -0.0878703738510453, 0.22341790475616466, 0.3026133416940078, 0.0781949327373732, 0.9955910039077442, 0.05180835291888339, 0.7650370779243006, 0.0, 0.0, 0.0, 1.0]",True,True
338,"[0.2704977815651161, -1.6939588232917593, 1.437131201298427, 0.2113096912247098, 1.592743983015896, 0.06352944289985744]","[0.5114913857914309, 0.3098609536628167, 0.7686502130782716]","[-0.24830824473651628, -0.02814015556987149, 0.9682722485129757, 0.9665368058866121, -0.07366956270459961, 0.24572219760823125, 0.064417532259284, 0.9968856138872787, 0.045491255887341785]","[0.4252979686191276, 0.4415512603539768, 0.5313067442976267, 0.5846941643561311]","[-0.24830824473651628, -0.02814015556987149, 0.9682722485129757, 0.5114913857914309, 0.9665368058866121, -0.07366956270459961, 0.24572219760823125, 0.3098609536628167, 0.064417532259284, 0.9968856138872787, 0.045491255887341785, 0.7686502130782716, 0.0, 0.0, 0.0, 1.0]",True,True
339,"[0.28768703548770674, -1.6993545010106164, 1.4328870384766779, 0.22098762256725032, 1.5948431232039437, 0.05861969995740048]","[0.5016265684177019, 0.3170844652381981, 0.7735608831039833]","[-0.2627270233022514, -0.028252075926888397, 0.9644564953550572, 0.9630266579274932, -0.06943905739296116, 0.26030342569658965, 0.05961683778716479, 0.9971860596268873, 0.04545101910915202]","[0.4222809901043201, 0.4362513653220921, 0.5356857630178672, 0.5868596722821318]","[-0.2627270233022514, -0.028252075926888397, 0.9644564953550572, 0.5016265684177019, 0.9630266579274932, -0.06943905739296116, 0.26030342569658965, 0.3170844652381981, 0.05961683778716479, 0.9971860596268873, 0.04545101910915202, 0.7735608831039833, 0.0, 0.0, 0.0, 1.0]",True,True
340,"[0.3050879164291426, -1.7108795224096764, 1.4354273897342456, 0.23317876099848336, 1.6004144330385748, 0.06127299755491534]","[0.48785364322088065, 0.3226504612049625, 0.7772585115469448]","[-0.2739821378217234, -0.023576241666919726, 0.9614457597719701, 0.9597064104757675, -0.07159582489888082, 0.2717308292203269, 0.0624291105683545, 0.9971550524797594, 0.04224224742757394]","[0.41733208740371547, 0.43456053653362936, 0.5385499200388179, 0.5890289063679681]","[-0.2739821378217234, -0.023576241666919726, 0.9614457597719701, 0.48785364322088065, 0.9597064104757675, -0.07159582489888082, 0.2717308292203269, 0.3226504612049625, 0.0624291105683545, 0.9971550524797594, 0.04224224742757394, 0.7772585115469448, 0.0, 0.0, 0.0, 1.0]",True,True
341,"[0.31333804576676794, -1.7112791410511679, 1.4161375750429752, 0.2418150366961192, 1.6017905149662293, 0.05156056656421143]","[0.483132207920679, 0.3258690416062952, 0.7891153053931184]","[-0.280892332762675, -0.036277678624919346, 0.9590534017606787, 0.9582684368593971, -0.06590391654332609, 0.2781695107363456, 0.053114031236484546, 0.997166286944077, 0.0532756592448405]","[0.42026164764906854, 0.42770782215661274, 0.53891389780152, 0.5916231715692941]","[-0.280892332762675, -0.036277678624919346, 0.9590534017606787, 0.483132207920679, 0.9582684368593971, -0.06590391654332609, 0.2781695107363456, 0.3258690416062952, 0.053114031236484546, 0.997166286944077, 0.0532756592448405, 0.7891153053931184, 0.0, 0.0, 0.0, 1.0]",True,True
342,"[0.3354510905586378, -1.7232079604167398, 1.4131414157052666, 0.2593891324372854, 1.5983657083740967, 0.04717930000369829]","[0.4662132494590021, 0.3334610484732444, 0.795944128436743]","[-0.3049926654012168, -0.03348552813495219, 0.9517658291076564, 0.9511191331643982, -0.06160065320292808, 0.3026181654388516, 0.048496067676307764, 0.9975390112323906, 0.050636473904084885]","[0.4135345074174403, 0.4201105550618867, 0.546066740036006, 0.59523730404525]","[-0.3049926654012168, -0.03348552813495219, 0.9517658291076564, 0.4662132494590021, 0.9511191331643982, -0.06160065320292808, 0.3026181654388516, 0.3334610484732444, 0.048496067676307764, 0.9975390112323906, 0.050636473904084885, 0.795944128436743, 0.0, 0.0, 0.0, 1.0]",True,True
343,"[0.34457832620391937, -1.731144873245958, 1.4038134511782536, 0.26928728792516166, 1.597228736648714, 0.04586458600041938]","[0.4564539037365958, 0.3354103617694243, 0.8052950666633648]","[-0.31502236025769725, -0.04020048046429972, 0.9482324788300119, 0.9479047152862486, -0.0631226860722365, 0.3122373732292817, 0.047302888661957476, 0.9971957921458879, 0.05799128254116405]","[0.41226394343042855, 0.4153640100181331, 0.5463305756692316, 0.5991945278603389]","[-0.31502236025769725, -0.04020048046429972, 0.9482324788300119, 0.4564539037365958, 0.9479047152862486, -0.0631226860722365, 0.3122373732292817, 0.3354103617694243, 0.047302888661957476, 0.9971957921458879, 0.05799128254116405, 0.8052950666633648, 0.0, 0.0, 0.0, 1.0]",True,True
344,"[0.35155894702999485, -1.7287666555697216, 1.4086642751491327, 0.27747051475691775, 1.594570038735269, 0.04191615829875239]","[0.45500260989271296, 0.33918006451943683, 0.8000952930423432]","[-0.3233611193821537, -0.026485427277107464, 0.9459049152075856, 0.9453036869050964, -0.054335963385414084, 0.3216341751223128, 0.042878036283768135, 0.99817139070649, 0.042606909997321696]","[0.4077100155839178, 0.414839708202439, 0.5537188469790916, 0.5958825372430563]","[-0.3233611193821537, -0.026485427277107464, 0.9459049152075856, 0.45500260989271296, 0.9453036869050964, -0.054335963385414084, 0.3216341751223128, 0.33918006451943683, 0.042878036283768135, 0.99817139070649, 0.042606909997321696, 0.8000952930423432, 0.0, 0.0, 0.0, 1.0]",True,True
345,"[0.3783183041221338, -1.7311680115131796, 1.3865787168194152, 0.2838970446532987, 1.6048292432501323, 0.04493221681037158]","[0.4423505467758765, 0.34885836655231334, 0.814877741079281]","[-0.33977338347869446, -0.041145798815394256, 0.9396068705151549, 0.939337423923361, -0.06466099444525551, 0.33684441484812294, 0.046896182109674264, 0.9970586637892445, 0.060619873526282876]","[0.40502638667200824, 0.4075131094333893, 0.5510200802845473, 0.6051971272755334]","[-0.33977338347869446, -0.041145798815394256, 0.9396068705151549, 0.4423505467758765, 0.939337423923361, -0.06466099444525551, 0.33684441484812294, 0.34885836655231334, 0.046896182109674264, 0.9970586637892445, 0.060619873526282876, 0.814877741079281, 0.0, 0.0, 0.0, 1.0]",True,True
346,"[0.3979635393858429, -1.7374931654935641, 1.3908236713663753, 0.29357674207034473, 1.6024317320882995, 0.03784290419617868]","[0.4306680808312119, 0.3557258181556597, 0.8146188700133404]","[-0.3598250882676569, -0.03533239548296224, 0.9323505390584642, 0.9321850566938549, -0.05587417092018369, 0.3576438131726262, 0.03945790072782812, 0.9978124567539823, 0.05304125956965219]","[0.39916851090166516, 0.40093884293083737, 0.5592203630452447, 0.6059580263428922]","[-0.3598250882676569, -0.03533239548296224, 0.9323505390584642, 0.4306680808312119, 0.9321850566938549, -0.05587417092018369, 0.3576438131726262, 0.3557258181556597, 0.03945790072782812, 0.9978124567539823, 0.05304125956965219, 0.8146188700133404, 0.0, 0.0, 0.0, 1.0]",True,True
347,"[0.40527166345282517, -1.7493113378813812, 1.3903328309441378, 0.30670246320220335, 1.596339875576533, 0.03822409966807868]","[0.4189821779086413, 0.3555813390989253, 0.8199078336036133]","[-0.3722643088800043, -0.03381826125967123, 0.9275104363506997, 0.9272860057715123, -0.05607841197852162, 0.3701295384190268, 0.03949617493387673, 0.997853464650667, 0.052235191683890514]","[0.39493432075009777, 0.39735969580929653, 0.5621278113600127, 0.6083950017345673]","[-0.3722643088800043, -0.03381826125967123, 0.9275104363506997, 0.4189821779086413, 0.9272860057715123, -0.05607841197852162, 0.3701295384190268, 0.3555813390989253, 0.03949617493387673, 0.997853464650667, 0.052235191683890514, 0.8199078336036133, 0.0, 0.0, 0.0, 1.0]",True,True
348,"[0.42117363402298535, -1.740769153720736, 1.3747314151460475, 0.3177690505220043, 1.6006467349691662, 0.027361418586179166]","[0.4164128348684614, 0.3631694837422264, 0.8241988556470082]","[-0.382505560207724, -0.03358135299470065, 0.9233427257206398, 0.9235052965509656, -0.04500822141617665, 0.3809359883855365, 0.028765667947890764, 0.9984220313755091, 0.04822845230270161]","[0.39392723651672046, 0.3918782364796976, 0.5677298843835962, 0.6074006572943847]","[-0.382505560207724, -0.03358135299470065, 0.9233427257206398, 0.4164128348684614, 0.9235052965509656, -0.04500822141617665, 0.3809359883855365, 0.3631694837422264, 0.028765667947890764, 0.9984220313755091, 0.04822845230270161, 0.8241988556470082, 0.0, 0.0, 0.0, 1.0]",True,True
349,"[0.4437411741452241, -1.7439714058278681, 1.3719516166482835, 0.328467737962853, 1.6021826723413408, 0.027525273030280625]","[0.4048348971778091, 0.37075926161468364, 0.8265978450009067]","[-0.4017251418856043, -0.02827619416772034, 0.9153236406978574, 0.9153053731876104, -0.043899391021247784, 0.4003609837157623, 0.028861465501260945, 0.9986357195250694, 0.04351684154171306]","[0.3866174817034471, 0.38686477210839787, 0.57321656233108, 0.6101519020802453]","[-0.4017251418856043, -0.02827619416772034, 0.9153236406978574, 0.4048348971778091, 0.9153053731876104, -0.043899391021247784, 0.4003609837157623, 0.37075926161468364, 0.028861465501260945, 0.9986357195250694, 0.04351684154171306, 0.8265978450009067, 0.0, 0.0, 0.0, 1.0]",True,True
350,"[0.454105693334754, -1.7551332935531199, 1.3679813422537597, 0.33102777380533543, 1.6106621319251562, 0.029655873356626873]","[0.3936173241040099, 0.3704764834249258, 0.8346548981043429]","[-0.40386833989354026, -0.038451319317749456, 0.9140086761482957, 0.9142628772562562, -0.05173848185358803, 0.4018040825658663, 0.031839524223005136, 0.9979201498808461, 0.05605014860856531]","[0.3874413913295264, 0.38464918866139647, 0.5692274829607639, 0.6147472997817262]","[-0.40386833989354026, -0.038451319317749456, 0.9140086761482957, 0.3936173241040099, 0.9142628772562562, -0.05173848185358803, 0.4018040825658663, 0.3704764834249258, 0.031839524223005136, 0.9979201498808461, 0.05605014860856531, 0.8346548981043429, 0.0, 0.0, 0.0, 1.0]",True,True
351,"[0.46895323705237757, -1.7597532056760572, 1.3606223862870244, 0.3385915676942239, 1.6070532080559785, 0.01244152180738405]","[0.38354713570319465, 0.37435915781764856, 0.8408992980255758]","[-0.4200184168658415, -0.04874880560314597, 0.9062053207997505, 0.9073979485289277, -0.03863628310760105, 0.4184927724980716, 0.014611382515203476, 0.9980635208141293, 0.060462516661965275]","[0.38788136610583746, 0.3735489758986746, 0.5746563357991181, 0.6162623663334083]","[-0.4200184168658415, -0.04874880560314597, 0.9062053207997505, 0.38354713570319465, 0.9073979485289277, -0.03863628310760105, 0.4184927724980716, 0.37435915781764856, 0.014611382515203476, 0.9980635208141293, 0.060462516661965275, 0.8408992980255758, 0.0, 0.0, 0.0, 1.0]",True,True
352,"[0.47327476012207825, -1.7500037514216205, 1.3573303430515804, 0.35224180742746447, 1.6035343504482822, 0.015733634402559697]","[0.38629264769781985, 0.3786137044068826, 0.8366144805157446]","[-0.42696207934463376, -0.02926380643084631, 0.9037958909150255, 0.9041089084666567, -0.032652218880135205, 0.42605271297508984, 0.017043017131284265, 0.9990382686541, 0.0403989273580506]","[0.3810461353738159, 0.37592925271168076, 0.5817883921810506, 0.612375135350632]","[-0.42696207934463376, -0.02926380643084631, 0.9037958909150255, 0.38629264769781985, 0.9041089084666567, -0.032652218880135205, 0.42605271297508984, 0.3786137044068826, 0.017043017131284265, 0.9990382686541, 0.0403989273580506, 0.8366144805157446, 0.0, 0.0, 0.0, 1.0]",True,True
353,"[0.4958595108786112, -1.7618319881957105, 1.3576517045068464, 0.36247223212512747, 1.6091991752888424, 0.011393765466701516]","[0.36949612333677606, 0.38223981054664785, 0.8414744064717135]","[-0.4420862544859125, -0.03163923852643772, 0.8964143585307435, 0.8968785592743825, -0.030058983666145064, 0.44125424350918874, 0.012984356299983435, 0.9990472541809148, 0.04166521816874931]","[0.3773327377848004, 0.36956309035517987, 0.5853123210413006, 0.6151850242652219]","[-0.4420862544859125, -0.03163923852643772, 0.8964143585307435, 0.36949612333677606, 0.8968785592743825, -0.030058983666145064, 0.44125424350918874, 0.38223981054664785, 0.012984356299983435, 0.9990472541809148, 0.04166521816874931, 0.8414744064717135, 0.0, 0.0, 0.0, 1.0]",True,True
354,"[0.5067027675869321, -1.7633240769630638, 1.3425810888073428, 0.37019601112760786, 1.6113537783888512, 0.02313894773770105]","[0.3621735778160812, 0.3842449774643746, 0.8508444012299725]","[-0.4503932848864895, -0.03376524356108005, 0.8921915698191831, 0.8924758229350042, -0.04518105275576466, 0.44882689084809513, 0.025155405098000797, 0.9984080232045123, 0.05048390629907433]","[0.37246126263573376, 0.3688847589594211, 0.5819639863925539, 0.6217029523698051]","[-0.4503932848864895, -0.03376524356108005, 0.8921915698191831, 0.3621735778160812, 0.8924758229350042, -0.04518105275576466, 0.44882689084809513, 0.3842449774643746, 0.025155405098000797, 0.9984080232045123, 0.05048390629907433, 0.8508444012299725, 0.0, 0.0, 0.0, 1.0]",True,True
355,"[0.5226326996721135, -1.7625095100797572, 1.3421782152229669, 0.38710772386733544, 1.6074696251366354, 0.011808686772940231]","[0.3546702943098219, 0.3896084007660907, 0.8490465534041598]","[-0.46738175434419804, -0.023265781485728915, 0.8837493983692426, 0.8839597175800192, -0.027020975141242718, 0.46678162410089485, 0.013019731256538427, 0.9993640829618976, 0.033195124397008426]","[0.3670123958777032, 0.3627823370838348, 0.5931200668511281, 0.6179801481201579]","[-0.46738175434419804, -0.023265781485728915, 0.8837493983692426, 0.3546702943098219, 0.8839597175800192, -0.027020975141242718, 0.46678162410089485, 0.3896084007660907, 0.013019731256538427, 0.9993640829618976, 0.033195124397008426, 0.8490465534041598, 0.0, 0.0, 0.0, 1.0]",True,True
356,"[0.5340359681002876, -1.7694425630004231, 1.3377615704615904, 0.3911975023945248, 1.615685274584472, 0.007357878864583673]","[0.3453712401448407, 0.3898899322094407, 0.8548366686221784]","[-0.4701483572656655, -0.03137862684558889, 0.8820294235101692, 0.8825397849210656, -0.027095228240737373, 0.4694564693750225, 0.00916788917228758, 0.9991402456031222, 0.04043166363454538]","[0.3685064714927482, 0.35934496216745776, 0.5921616049252059, 0.6200151710121592]","[-0.4701483572656655, -0.03137862684558889, 0.8820294235101692, 0.3453712401448407, 0.8825397849210656, -0.027095228240737373, 0.4694564693750225, 0.3898899322094407, 0.00916788917228758, 0.9991402456031222, 0.04043166363454538, 0.8548366686221784, 0.0, 0.0, 0.0, 1.0]",True,True
357,"[0.5523454374055958, -1.7709564098451722, 1.3320258879828848, 0.39994455716602656, 1.6156355831476632, 0.0030912196972023333]","[0.3357676764848156, 0.39466940158190766, 0.858270425172953]","[-0.48612850442876493, -0.03167762298566185, 0.8733130053902957, 0.8738739559905723, -0.023151624981683012, 0.48560097951105397, 0.004835930442003367, 0.9992299687572856, 0.03893691454229942]","[0.3638876149073542, 0.3528761135337084, 0.5966657282148822, 0.6221368506913787]","[-0.48612850442876493, -0.03167762298566185, 0.8733130053902957, 0.3357676764848156, 0.8738739559905723, -0.023151624981683012, 0.48560097951105397, 0.39466940158190766, 0.004835930442003367, 0.9992299687572856, 0.03893691454229942, 0.858270425172953, 0.0, 0.0, 0.0, 1.0]",True,True
358,"[0.5614921417310159, -1.7783083127409094, 1.3169448045721859, 0.41015409980589373, 1.6065749908812872, 0.002866624768641677]","[0.3244228139073747, 0.39385342230022086, 0.8701090649958418]","[-0.5019921017341858, -0.04188900434883431, 0.8638571879142746, 0.8648594668506948, -0.02973387121221371, 0.5011327164549002, 0.004693867832265654, 0.9986797325556371, 0.051154270470552085]","[0.3603568708669756, 0.34517658488354763, 0.5960503250673176, 0.6290628433266727]","[-0.5019921017341858, -0.04188900434883431, 0.8638571879142746, 0.3244228139073747, 0.8648594668506948, -0.02973387121221371, 0.5011327164549002, 0.39385342230022086, 0.004693867832265654, 0.9986797325556371, 0.051154270470552085, 0.8701090649958418, 0.0, 0.0, 0.0, 1.0]",True,True
359,"[0.5729803195825088, -1.7871497553225446, 1.3190796862920564, 0.4164181783871076, 1.6094503729651637, 0.005352105936608079]","[0.31416294833219527, 0.39355259620234356, 0.8724448287214207]","[-0.5095295411897833, -0.040656756762880435, 0.8594921028051699, 0.8604218557364515, -0.032595556916962, 0.5085388479165717, 0.007340083512445772, 0.9986413559425612, 0.051590361262868256]","[0.35688417699448466, 0.3433204241172924, 0.5969387788982119, 0.6312122185465071]","[-0.5095295411897833, -0.040656756762880435, 0.8594921028051699, 0.31416294833219527, 0.8604218557364515, -0.032595556916962, 0.5085388479165717, 0.39355259620234356, 0.007340083512445772, 0.9986413559425612, 0.051590361262868256, 0.8724448287214207, 0.0, 0.0, 0.0, 1.0]",True,True
360,"[0.5809276567829796, -1.775647110014801, 1.3133200916140217, 0.4183206433230959, 1.6093430330035452, 0.005819971188392863]","[0.3172970842644376, 0.4001660836011013, 0.8702331159795464]","[-0.5164131710429073, -0.03377050859875569, 0.8556734128874114, 0.8563066288178577, -0.029127033997777763, 0.5156457828132487, 0.007509608245759242, 0.999005089396182, 0.04395949436153187]","[0.3529940825710989, 0.34232819362175626, 0.6006926507548593, 0.6303768117963685]","[-0.5164131710429073, -0.03377050859875569, 0.8556734128874114, 0.3172970842644376, 0.8563066288178577, -0.029127033997777763, 0.5156457828132487, 0.4001660836011013, 0.007509608245759242, 0.999005089396182, 0.04395949436153187, 0.8702331159795464, 0.0, 0.0, 0.0, 1.0]",True,True
361,"[0.594341682228445, -1.7973983096408042, 1.3134681353631206, 0.4299692320598984, 1.6182257494754528, 0.002396326742328111]","[0.2978051182523713, 0.39387182719135133, 0.8793593292900348]","[-0.5202151310422843, -0.043439402399004214, 0.8529297953254279, 0.8540209103345197, -0.03224809713609486, 0.5192382352470775, 0.004949964248077266, 0.9985354668464804, 0.05387410605870301]","[0.35405185985965526, 0.33843716552526687, 0.5987680953105899, 0.6337068198775129]","[-0.5202151310422843, -0.043439402399004214, 0.8529297953254279, 0.2978051182523713, 0.8540209103345197, -0.03224809713609486, 0.5192382352470775, 0.39387182719135133, 0.004949964248077266, 0.9985354668464804, 0.05387410605870301, 0.8793593292900348, 0.0, 0.0, 0.0, 1.0]",True,True
362,"[0.6090571725404225, -1.7819899625698303, 1.296044941169088, 0.4355963665290303, 1.6143524467868546, 0.006730159221579154]","[0.2985669696561044, 0.4032428977741893, 0.8820740032747719]","[-0.5361498567394513, -0.03767041279115332, 0.8432818455999217, 0.8440757615812796, -0.03447351818570331, 0.5351146468326976, 0.008912902403182396, 0.9986954072909539, 0.050279654202343656]","[0.3462861097695044, 0.33468044730903707, 0.6023696299514536, 0.6365734500290399]","[-0.5361498567394513, -0.03767041279115332, 0.8432818455999217, 0.2985669696561044, 0.8440757615812796, -0.03447351818570331, 0.5351146468326976, 0.4032428977741893, 0.008912902403182396, 0.9986954072909539, 0.050279654202343656, 0.8820740032747719, 0.0, 0.0, 0.0, 1.0]",True,True
363,"[0.6276170312857219, -1.7908094544006494, 1.2963095918901415, 0.4436973476872297, 1.6121417617211584, -0.010714905993215444]","[0.2848264227376007, 0.4044642203318451, 0.8852834421792427]","[-0.5528300737482645, -0.047029458305571946, 0.8319658283913904, 0.8332496110637646, -0.02089247802151968, 0.5525021176649055, -0.008602047522139309, 0.9986749893802309, 0.0507372680070781]","[0.34533125989305313, 0.3230035356873732, 0.6085228688635428, 0.6372714923360495]","[-0.5528300737482645, -0.047029458305571946, 0.8319658283913904, 0.2848264227376007, 0.8332496110637646, -0.02089247802151968, 0.5525021176649055, 0.4044642203318451, -0.008602047522139309, 0.9986749893802309, 0.0507372680070781, 0.8852834421792427, 0.0, 0.0, 0.0, 1.0]",True,True
364,"[0.6366637923075826, -1.8016444537960565, 1.2954822345289911, 0.4581062099937177, 1.6085972927028358, -0.008681688985643537]","[0.27295536195810277, 0.4013673858496576, 0.8893896764856899]","[-0.5633820593614655, -0.04351886747820647, 0.8250495520652371, 0.8261680505756505, -0.021387440893334237, 0.5630176991712282, -0.006856194109250259, 0.9988236508740911, 0.048003198402688144]","[0.34030636864004193, 0.32015706423924983, 0.6111447087362867, 0.6388999723465105]","[-0.5633820593614655, -0.04351886747820647, 0.8250495520652371, 0.27295536195810277, 0.8261680505756505, -0.021387440893334237, 0.5630176991712282, 0.4013673858496576, -0.006856194109250259, 0.9988236508740911, 0.048003198402688144, 0.8893896764856899, 0.0, 0.0, 0.0, 1.0]",True,True
365,"[0.6339065837386639, -1.8049556024847606, 1.2890205712833562, 0.4579350383125236, 1.6186504032640323, -0.009908306337817916]","[0.27167129156665093, 0.39770723624404125, 0.8947746860868687]","[-0.5526514569632982, -0.05218385873611083, 0.8317771408278503, 0.8333820799911926, -0.026077967488423393, 0.5520817406518949, -0.0071186983288422335, 0.9982969420463444, 0.057901119462585256]","[0.34611114364133944, 0.32230629495192137, 0.6059439681217004, 0.6396543097475205]","[-0.5526514569632982, -0.05218385873611083, 0.8317771408278503, 0.27167129156665093, 0.8333820799911926, -0.026077967488423393, 0.5520817406518949, 0.39770723624404125, -0.0071186983288422335, 0.9982969420463444, 0.057901119462585256, 0.8947746860868687, 0.0, 0.0, 0.0, 1.0]",True,True
366,"[0.6480862718491911, -1.8045691161406754, 1.283681466936806, 0.47115560980025134, 1.6170754371507485, -0.015421680448461107]","[0.2642575911901709, 0.4003783100793225, 0.8964799967018613]","[-0.5655001721314781, -0.04835842259954302, 0.8233292283667283, 0.8246440929425204, -0.01729412196862307, 0.5653875072199084, -0.01310249191093597, 0.9986803173733915, 0.04965831649085044]","[0.3416372426971147, 0.31707082542639203, 0.6120759212859146, 0.6388373444373285]","[-0.5655001721314781, -0.04835842259954302, 0.8233292283667283, 0.2642575911901709, 0.8246440929425204, -0.01729412196862307, 0.5653875072199084, 0.4003783100793225, -0.01310249191093597, 0.9986803173733915, 0.04965831649085044, 0.8964799967018613, 0.0, 0.0, 0.0, 1.0]",True,True
367,"[0.6545961089803574, -1.8104455354117337, 1.2936139961445836, 0.4737766835639447, 1.6129439143775874, -0.010315015933423526]","[0.25897744283089424, 0.40052202914878854, 0.8929714161834698]","[-0.5745208622068936, -0.04007282192805022, 0.81750837783583, 0.8184458858388887, -0.01776418469920242, 0.5743089462087192, -0.008491810316087124, 0.9990388394275246, 0.04300333095075541]","[0.3356777785483645, 0.3163226167781689, 0.6151734199713393, 0.639391972474016]","[-0.5745208622068936, -0.04007282192805022, 0.81750837783583, 0.25897744283089424, 0.8184458858388887, -0.01776418469920242, 0.5743089462087192, 0.40052202914878854, -0.008491810316087124, 0.9990388394275246, 0.04300333095075541, 0.8929714161834698, 0.0, 0.0, 0.0, 1.0]",True,True
368,"[0.6651712214612767, -1.8105086636308512, 1.2776386325032387, 0.48655628561984055, 1.6162463802297657, -0.009739554657010494]","[0.2515422464842839, 0.40035310900777676, 0.9012216348307114]","[-0.5804642075662831, -0.04208251407855166, 0.8131976178908026, 0.8142500564238955, -0.020645013106265868, 0.5801470753589345, -0.007625571987083144, 0.9989008186214838, 0.046249380635844196]","[0.3335941246347481, 0.31381978303802754, 0.6151361259559084, 0.6417473415037247]","[-0.5804642075662831, -0.04208251407855166, 0.8131976178908026, 0.2515422464842839, 0.8142500564238955, -0.020645013106265868, 0.5801470753589345, 0.40035310900777676, -0.007625571987083144, 0.9989008186214838, 0.046249380635844196, 0.9012216348307114, 0.0, 0.0, 0.0, 1.0]",True,True
369,"[0.6708082902044791, -1.815949701423185, 1.284248404600039, 0.48675681257119624, 1.631065688226829, -0.019805490042996147]","[0.24768743466741638, 0.3987578999486719, 0.8997094572107969]","[-0.5725473166572114, -0.046542005429628254, 0.8185495781681249, 0.8196937811909292, -0.011697873932719401, 0.5726825166026732, -0.017078503024083435, 0.99884783699823, 0.044847778745593515]","[0.3393385434030677, 0.3139676649473296, 0.6156300967258869, 0.6381796317134236]","[-0.5725473166572114, -0.046542005429628254, 0.8185495781681249, 0.24768743466741638, 0.8196937811909292, -0.011697873932719401, 0.5726825166026732, 0.3987578999486719, -0.017078503024083435, 0.99884783699823, 0.044847778745593515, 0.8997094572107969, 0.0, 0.0, 0.0, 1.0]",True,True
370,"[0.6854126422920108, -1.8073818342844756, 1.2664411348664222, 0.4831858305912789, 1.6162121150788644, -0.016032302872091966]","[0.2439773611423329, 0.40584865423751415, 0.9067632136222498]","[-0.5964583671725127, -0.054255700774592866, 0.8008081762590574, 0.8025324097727295, -0.023675229857002295, 0.5961385868701955, -0.01338459914511797, 0.9982463635920121, 0.05766324722948364]","[0.3307301204154108, 0.3039546082291753, 0.6154510317819823, 0.6476489875424416]","[-0.5964583671725127, -0.054255700774592866, 0.8008081762590574, 0.2439773611423329, 0.8025324097727295, -0.023675229857002295, 0.5961385868701955, 0.40584865423751415, -0.01338459914511797, 0.9982463635920121, 0.05766324722948364, 0.9067632136222498, 0.0, 0.0, 0.0, 1.0]",True,True
371,"[0.6836864489515018, -1.8162053468294765, 1.2735929244110797, 0.5065910492530596, 1.6258706813740802, -0.019823954241753067]","[0.23888240293609697, 0.3995578957181701, 0.9041751225297111]","[-0.5873814242660403, -0.03957074564071512, 0.8083422656997686, 0.8091138567849434, -0.00671070132215998, 0.5876135917815031, -0.01782776446422364, 0.999194236661322, 0.035958979921649405]","[0.33236533150038716, 0.309584518804829, 0.6214321650474472, 0.6383672738929075]","[-0.5873814242660403, -0.03957074564071512, 0.8083422656997686, 0.23888240293609697, 0.8091138567849434, -0.00671070132215998, 0.5876135917815031, 0.3995578957181701, -0.01782776446422364, 0.999194236661322, 0.035958979921649405, 0.9041751225297111, 0.0, 0.0, 0.0, 1.0]",True,True
372,"[0.7056614248534225, -1.8186355842010709, 1.2657994752072528, 0.4956172256698698, 1.618221518236347, -0.023292499810277974]","[0.22799429913361408, 0.4038883840618688, 0.9108727350762422]","[-0.6106018056341961, -0.057767092058778155, 0.7898280813134794, 0.791671311558318, -0.018655065942873438, 0.6106623641343878, -0.02054189406534612, 0.9981557752123363, 0.05712336648402658]","[0.3270575235745835, 0.29619668035979524, 0.6194399432566682, 0.6493035187916927]","[-0.6106018056341961, -0.057767092058778155, 0.7898280813134794, 0.22799429913361408, 0.791671311558318, -0.018655065942873438, 0.6106623641343878, 0.4038883840618688, -0.02054189406534612, 0.9981557752123363, 0.05712336648402658, 0.9108727350762422, 0.0, 0.0, 0.0, 1.0]",True,True
373,"[0.706379022510117, -1.833997994027566, 1.2643397327451529, 0.5059717201273605, 1.6242017971063845, -0.01630616224321434]","[0.21776384492880677, 0.39484618346646816, 0.9172847775630555]","[-0.6067630431053108, -0.05831599329507443, 0.7927407233437623, 0.7947784785631352, -0.028354500804021392, 0.6062369110315065, -0.01287554016150872, 0.9978954189744351, 0.06355275962053726]","[0.3272748140749625, 0.29918167477227503, 0.6153973884167758, 0.6516652329858232]","[-0.6067630431053108, -0.05831599329507443, 0.7927407233437623, 0.21776384492880677, 0.7947784785631352, -0.028354500804021392, 0.6062369110315065, 0.39484618346646816, -0.01287554016150872, 0.9978954189744351, 0.06355275962053726, 0.9172847775630555, 0.0, 0.0, 0.0, 1.0]",True,True
374,"[0.7125648199901938, -1.8297100428943232, 1.2538876006831587, 0.5134105841693437, 1.6174842962228406, -0.02135135450943249]","[0.21530224906951986, 0.3969901780129044, 0.920802404147467]","[-0.6166692284202684, -0.06037510687731417, 0.7849037579150093, 0.7870073571380473, -0.023980002309130048, 0.616477395611421, -0.018397894720241028, 0.9978876720146448, 0.06230338282192958]","[0.324674510892267, 0.2936866489419173, 0.6185438228794321, 0.6524861327168816]","[-0.6166692284202684, -0.06037510687731417, 0.7849037579150093, 0.21530224906951986, 0.7870073571380473, -0.023980002309130048, 0.616477395611421, 0.3969901780129044, -0.018397894720241028, 0.9978876720146448, 0.06230338282192958, 0.920802404147467, 0.0, 0.0, 0.0, 1.0]",True,True
375,"[0.7242370629549394, -1.8345670151737354, 1.2634961576627424, 0.5202342820225506, 1.6272595976881317, -0.03730737115196034]","[0.20921344753707893, 0.397000203733237, 0.9166075336855991]","[-0.6174435713322439, -0.06113284985942019, 0.7842360683420204, 0.7858632932546192, -0.004359328782979075, 0.6183848967815805, -0.03438488818490772, 0.9981201184830549, 0.05073370224893818]","[0.3274640446422001, 0.2899060430561069, 0.6249701073452086, 0.6466329334259432]","[-0.6174435713322439, -0.06113284985942019, 0.7842360683420204, 0.20921344753707893, 0.7858632932546192, -0.004359328782979075, 0.6183848967815805, 0.397000203733237, -0.03438488818490772, 0.9981201184830549, 0.05073370224893818, 0.9166075336855991, 0.0, 0.0, 0.0, 1.0]",True,True
376,"[0.7180622364305497, -1.834772057067486, 1.2613064698432301, 0.5192731272914917, 1.6089778400089818, -0.029361353790277947]","[0.2102427140406996, 0.3966975408639636, 0.9180601451548644]","[-0.6272739599196218, -0.05923189239392689, 0.7765429557533768, 0.7783218898204708, -0.012793425224270504, 0.62773510663123, -0.027247294050006438, 0.9981622669658801, 0.05412646092704773]","[0.321737111545729, 0.28783372126003626, 0.6245706672924016, 0.6508060091284767]","[-0.6272739599196218, -0.05923189239392689, 0.7765429557533768, 0.2102427140406996, 0.7783218898204708, -0.012793425224270504, 0.62773510663123, 0.3966975408639636, -0.027247294050006438, 0.9981622669658801, 0.05412646092704773, 0.9180601451548644, 0.0, 0.0, 0.0, 1.0]",True,True
377,"[0.7308680913735208, -1.8289917881509834, 1.2576020456386865, 0.5184472946730531, 1.617442908717909, -0.028863208974769912]","[0.2085624370334307, 0.4013731974557923, 0.9178501627862032]","[-0.6307181849940077, -0.05762830729594051, 0.7738692068535027, 0.7755643942162164, -0.012946661293484624, 0.6311356861922681, -0.026352258762732426, 0.9982541570960557, 0.05286015795044087]","[0.3198418795525957, 0.286953096493589, 0.6254820872235436, 0.6512535996518433]","[-0.6307181849940077, -0.05762830729594051, 0.7738692068535027, 0.2085624370334307, 0.7755643942162164, -0.012946661293484624, 0.6311356861922681, 0.4013731974557923, -0.026352258762732426, 0.9982541570960557, 0.05286015795044087, 0.9178501627862032, 0.0, 0.0, 0.0, 1.0]",True,True
378,"[0.7310987526798659, -1.8278478094566226, 1.2587594892558809, 0.5233885449826519, 1.6284490703506371, -0.031459525134509364]","[0.20954185859227165, 0.4010215092383588, 0.9162098742997317]","[-0.6223497800759116, -0.053611083026512706, 0.7809011480438408, 0.7822096015773723, -0.00590160766561851, 0.6229874077596828, -0.028790457440490448, 0.9985444520919864, 0.04560796812709199]","[0.3230157041018136, 0.2906646949074719, 0.626665820889252, 0.6468885831170276]","[-0.6223497800759116, -0.053611083026512706, 0.7809011480438408, 0.20954185859227165, 0.7822096015773723, -0.00590160766561851, 0.6229874077596828, 0.4010215092383588, -0.028790457440490448, 0.9985444520919864, 0.04560796812709199, 0.9162098742997317, 0.0, 0.0, 0.0, 1.0]",True,True
379,"[0.7270180899384175, -1.82955902805453, 1.2545453194634681, 0.527742837211265, 1.6168549733627544, -0.021321356367508787]","[0.2085107857414515, 0.3992205356027191, 0.9189494914099132]","[-0.628681392757951, -0.04872013331165167, 0.7761353329220477, 0.7774278761533376, -0.014835442111922456, 0.6287971111869507, -0.01912076828042698, 0.9987022871043393, 0.047203156175488294]","[0.31768157064331526, 0.29109744638972845, 0.6258280104131125, 0.6501384450725403]","[-0.628681392757951, -0.04872013331165167, 0.7761353329220477, 0.2085107857414515, 0.7774278761533376, -0.014835442111922456, 0.6287971111869507, 0.3992205356027191, -0.01912076828042698, 0.9987022871043393, 0.047203156175488294, 0.9189494914099132, 0.0, 0.0, 0.0, 1.0]",True,True
380,"[0.7406031229101836, -1.8342281956014372, 1.2481082213270982, 0.532545616515132, 1.6178360546345214, -0.01953963609294382]","[0.19903149490927774, 0.3982033899830995, 0.9241428568296632]","[-0.6384369381149039, -0.052006231162829826, 0.7679151176860007, 0.7694865294696746, -0.02110060454678265, 0.6383143782279039, -0.016992851884889984, 0.9984238160260395, 0.05348949968750493]","[0.3138279612406367, 0.2868685094012472, 0.6252693087543592, 0.6544132949347055]","[-0.6384369381149039, -0.052006231162829826, 0.7679151176860007, 0.19903149490927774, 0.7694865294696746, -0.02110060454678265, 0.6383143782279039, 0.3982033899830995, -0.016992851884889984, 0.9984238160260395, 0.05348949968750493, 0.9241428568296632, 0.0, 0.0, 0.0, 1.0]",True,True
381,"[0.7361957914140138, -1.8248492002290577, 1.2509762966496167, 0.536558742039487, 1.619802391707787, -0.03120131543150369]","[0.2065156777842218, 0.40227112731597253, 0.918167001912933]","[-0.6332213523417651, -0.047421650248439834, 0.7725166056637105, 0.7734141296793814, -0.0009224919379920229, 0.6339004125419934, -0.029347963315218387, 0.9988745347121121, 0.0372607159473568]","[0.31745742693611684, 0.2874197382091521, 0.6314740977380654, 0.6464140623909558]","[-0.6332213523417651, -0.047421650248439834, 0.7725166056637105, 0.2065156777842218, 0.7734141296793814, -0.0009224919379920229, 0.6339004125419934, 0.40227112731597253, -0.029347963315218387, 0.9988745347121121, 0.0372607159473568, 0.918167001912933, 0.0, 0.0, 0.0, 1.0]",True,True
382,"[0.7448819117812769, -1.8306203561944117, 1.2567622462583672, 0.5272970572743361, 1.6239959494518457, -0.025377730563958943]","[0.2015126480237685, 0.40214036355721017, 0.9181570751231091]","[-0.6368024346197216, -0.050392920051432546, 0.7693784588036534, 0.770687660326602, -0.0119992950878513, 0.6371001076265042, -0.02287333562696021, 0.998657383954119, 0.04647838197712828]","[0.315308044723551, 0.2866698791689673, 0.6281569783013523, 0.6510146142147466]","[-0.6368024346197216, -0.050392920051432546, 0.7693784588036534, 0.2015126480237685, 0.770687660326602, -0.0119992950878513, 0.6371001076265042, 0.40214036355721017, -0.02287333562696021, 0.998657383954119, 0.04647838197712828, 0.9181570751231091, 0.0, 0.0, 0.0, 1.0]",True,True
383,"[0.7382997169116843, -1.8313584525776012, 1.2497744802477029, 0.5314182091729935, 1.6240523600561347, -0.035757629641351485]","[0.20234599998392938, 0.39915188738542606, 0.9220964406581622]","[-0.631026002019981, -0.05968507811901085, 0.7734622655466822, 0.7750578744190573, -0.006044507605880728, 0.6318613417742971, -0.033037494997223325, 0.9981989558087756, 0.050073631250174146]","[0.3213265946137638, 0.28501968104664516, 0.6274766655350472, 0.6494505641070835]","[-0.631026002019981, -0.05968507811901085, 0.7734622655466822, 0.20234599998392938, 0.7750578744190573, -0.006044507605880728, 0.6318613417742971, 0.39915188738542606, -0.033037494997223325, 0.9981989558087756, 0.050073631250174146, 0.9220964406581622, 0.0, 0.0, 0.0, 1.0]",True,True
384,"[0.7408481745501357, -1.833594213066947, 1.2502260584953404, 0.5384727117378006, 1.6286988015775905, -0.030432441473588052]","[0.1997770841969715, 0.39766793503480374, 0.9220804472790048]","[-0.6298239091832698, -0.052305397273680485, 0.774974831099144, 0.7762402622604843, -0.006674235831127902, 0.6304018637518809, -0.02780105513966654, 0.9986088323223028, 0.04480514859933259]","[0.3194945240473359, 0.28811680706291914, 0.6281609118595349, 0.6483253993199962]","[-0.6298239091832698, -0.052305397273680485, 0.774974831099144, 0.1997770841969715, 0.7762402622604843, -0.006674235831127902, 0.6304018637518809, 0.39766793503480374, -0.02780105513966654, 0.9986088323223028, 0.04480514859933259, 0.9220804472790048, 0.0, 0.0, 0.0, 1.0]",True,True
385,"[0.7381231184623915, -1.838192418365601, 1.2607110112661977, 0.5252392940436226, 1.6242096482747024, -0.030082505883217887]","[0.20056036535244354, 0.397408143264192, 0.9192438020068809]","[-0.6310541137844755, -0.05763453197269373, 0.773594833359155, 0.7752600357712398, -0.011824869194632649, 0.6315315110146966, -0.027250365349224467, 0.998267716192815, 0.05214388166904543]","[0.3198690742670887, 0.2866299329017783, 0.6259164007518891, 0.6509652188573813]","[-0.6310541137844755, -0.05763453197269373, 0.773594833359155, 0.20056036535244354, 0.7752600357712398, -0.011824869194632649, 0.6315315110146966, 0.397408143264192, -0.027250365349224467, 0.998267716192815, 0.05214388166904543, 0.9192438020068809, 0.0, 0.0, 0.0, 1.0]",True,True
386,"[0.7397498099138694, -1.8383505045680317, 1.2472214447855339, 0.5266042236595994, 1.6200671076282338, -0.02526322673930097]","[0.19741882726924104, 0.3959734328986255, 0.9269460310082032]","[-0.6355759089539608, -0.06370269969229335, 0.7694057642162943, 0.7717239131880423, -0.02397970722381281, 0.6355054488005549, -0.02203328779553718, 0.9976807804570427, 0.06440182090240403]","[0.31813762930712475, 0.2846058578839549, 0.621931342840137, 0.656497798374103]","[-0.6355759089539608, -0.06370269969229335, 0.7694057642162943, 0.19741882726924104, 0.7717239131880423, -0.02397970722381281, 0.6355054488005549, 0.3959734328986255, -0.02203328779553718, 0.9976807804570427, 0.06440182090240403, 0.9269460310082032, 0.0, 0.0, 0.0, 1.0]",True,True
387,"[0.740217675228636, -1.8347497740042065, 1.2521820930126788, 0.5311063334692232, 1.621848954560213, -0.027415969416199653]","[0.1998486146726785, 0.3982323599720949, 0.9221559012366842]","[-0.6346628207352683, -0.05539680005307773, 0.7708010758426797, 0.7723926643004462, -0.013524559876803769, 0.6350013058372376, -0.02475229506956966, 0.9983728165490177, 0.05137161730733111]","[0.3174839510492063, 0.28613376322718564, 0.6264516428965474, 0.6518356767467172]","[-0.6346628207352683, -0.05539680005307773, 0.7708010758426797, 0.1998486146726785, 0.7723926643004462, -0.013524559876803769, 0.6350013058372376, 0.3982323599720949, -0.02475229506956966, 0.9983728165490177, 0.05137161730733111, 0.9221559012366842, 0.0, 0.0, 0.0, 1.0]",True,True
388,"[0.7324626748777062, -1.8245999786595373, 1.2522970274613952, 0.5253515148926231, 1.6200480858396338, -0.03809843584343984]","[0.20930279614372682, 0.4026242805668905, 0.9183839956979213]","[-0.6295395130191965, -0.05891839423693063, 0.7747313239879322, 0.7761461060545073, -0.0018235431340993694, 0.6305504712129423, -0.035738265262576625, 0.9982611369331071, 0.0468772747185885]","[0.3223019618949334, 0.28522217453956583, 0.6286570398807502, 0.6477345773678993]","[-0.6295395130191965, -0.05891839423693063, 0.7747313239879322, 0.20930279614372682, 0.7761461060545073, -0.0018235431340993694, 0.6305504712129423, 0.4026242805668905, -0.035738265262576625, 0.9982611369331071, 0.0468772747185885, 0.9183839956979213, 0.0, 0.0, 0.0, 1.0]",True,True
389,"[0.7286473074520394, -1.8321408997088837, 1.2561634618164483, 0.5180188642980068, 1.6156960080871472, -0.03654687733106584]","[0.20731210695098026, 0.39921372347868733, 0.9200542035119472]","[-0.6297579126773803, -0.06627209962354562, 0.7739592884846822, 0.7760523021472271, -0.010221603299221543, 0.6305857143624346, -0.033879134466773785, 0.9977492308378294, 0.05786775103891703]","[0.323221377333831, 0.28398764919575464, 0.6248336895405132, 0.651507342056772]","[-0.6297579126773803, -0.06627209962354562, 0.7739592884846822, 0.20731210695098026, 0.7760523021472271, -0.010221603299221543, 0.6305857143624346, 0.39921372347868733, -0.033879134466773785, 0.9977492308378294, 0.05786775103891703, 0.9200542035119472, 0.0, 0.0, 0.0, 1.0]",True,True
390,"[0.7328348420527201, -1.8274801788978632, 1.2536484665438, 0.5246440645599638, 1.6295939638700634, -0.02202545429843572]","[0.2082699921731388, 0.40072508271860474, 0.9188898736706352]","[-0.6232419278135551, -0.050283773965368005, 0.7804108158470404, 0.7817956040318129, -0.015678047595290068, 0.623337655159812, -0.019108451841429463, 0.9986119070486789, 0.04908285004789529]","[0.3202197974200885, 0.2929817697971324, 0.6241956885004832, 0.6496158144351053]","[-0.6232419278135551, -0.050283773965368005, 0.7804108158470404, 0.2082699921731388, 0.7817956040318129, -0.015678047595290068, 0.623337655159812, 0.40072508271860474, -0.019108451841429463, 0.9986119070486789, 0.04908285004789529, 0.9188898736706352, 0.0, 0.0, 0.0, 1.0]",True,True
391,"[0.7240378249927324, -1.8270232313370889, 1.2590334296924173, 0.5133021894467908, 1.62754578173039, -0.03107706036110554]","[0.21368285748524424, 0.40080542836412386, 0.9166868762450161]","[-0.6173506050084351, -0.06015950541010295, 0.7843845131085461, 0.7861922939634703, -0.011784914899346462, 0.6178695596104987, -0.027926822378776205, 0.9981192061520643, 0.05457236390516106]","[0.3261275992603891, 0.29148839856234, 0.6226944126543789, 0.6487888492824423]","[-0.6173506050084351, -0.06015950541010295, 0.7843845131085461, 0.21368285748524424, 0.7861922939634703, -0.011784914899346462, 0.6178695596104987, 0.40080542836412386, -0.027926822378776205, 0.9981192061520643, 0.05457236390516106, 0.9166868762450161, 0.0, 0.0, 0.0, 1.0]",True,True
392,"[0.7370956752886116, -1.8140971983010756, 1.2622701059446761, 0.5090532760627072, 1.6226337818182146, -0.03370719429889642]","[0.21647846676446303, 0.411477366910879, 0.9096433249390592]","[-0.6314815338840545, -0.05297262568688065, 0.7735793257910137, 0.7747526158583938, -0.002632943810307399, 0.6322590069168392, -0.03145562881294136, 0.9985924937304151, 0.04270333571576176]","[0.3196047786021823, 0.2865519473893395, 0.6297112938398806, 0.6474600013533893]","[-0.6314815338840545, -0.05297262568688065, 0.7735793257910137, 0.21647846676446303, 0.7747526158583938, -0.002632943810307399, 0.6322590069168392, 0.411477366910879, -0.03145562881294136, 0.9985924937304151, 0.04270333571576176, 0.9096433249390592, 0.0, 0.0, 0.0, 1.0]",True,True
393,"[0.71835035420796, -1.808105073567106, 1.2622876329756478, 0.5043902025670899, 1.629508728145316, -0.03540929773254865]","[0.22846270436502675, 0.41027384658596844, 0.9074500037028398]","[-0.6113806507367312, -0.0528585045771646, 0.7895692993009521, 0.7906506615889756, 0.0007337228793836159, 0.6122670928440066, -0.03294284798929816, 0.9986017425102973, 0.041344027643080976]","[0.328137585391301, 0.2943389197595197, 0.6266518862121605, 0.642649001302505]","[-0.6113806507367312, -0.0528585045771646, 0.7895692993009521, 0.22846270436502675, 0.7906506615889756, 0.0007337228793836159, 0.6122670928440066, 0.41027384658596844, -0.03294284798929816, 0.9986017425102973, 0.041344027643080976, 0.9074500037028398, 0.0, 0.0, 0.0, 1.0]",True,True
394,"[0.713021099596655, -1.8061767315465105, 1.2539309322323204, 0.49961502005276365, 1.6238668671926175, -0.030414692426536247]","[0.23068647886785804, 0.40977221914661804, 0.9119570935495221]","[-0.611639738650208, -0.05841795977228925, 0.7889766613024423, 0.7906555815292104, -0.010372010515671978, 0.6121733192442878, -0.027578642109632904, 0.9982383299462639, 0.05253241975659215]","[0.32807036996302796, 0.2941937508296496, 0.6222409718866846, 0.6470208978314519]","[-0.611639738650208, -0.05841795977228925, 0.7889766613024423, 0.23068647886785804, 0.7906555815292104, -0.010372010515671978, 0.6121733192442878, 0.40977221914661804, -0.027578642109632904, 0.9982383299462639, 0.05253241975659215, 0.9119570935495221, 0.0, 0.0, 0.0, 1.0]",True,True
395,"[0.7224464588569726, -1.8036658487926234, 1.2649993049762283, 0.49060799238857145, 1.6241441269041152, -0.039962149990852375]","[0.23059542203810207, 0.4152271931487371, 0.9052228139213522]","[-0.6183903543223289, -0.06079335148774124, 0.7835161377380764, 0.7849832225354453, -0.0004041926008343594, 0.6195168899765439, -0.037345816619428256, 0.9981502918114232, 0.047971709765221575]","[0.3275580722719477, 0.28898188892787197, 0.6265010877796369, 0.6455165096045927]","[-0.6183903543223289, -0.06079335148774124, 0.7835161377380764, 0.23059542203810207, 0.7849832225354453, -0.0004041926008343594, 0.6195168899765439, 0.4152271931487371, -0.037345816619428256, 0.9981502918114232, 0.047971709765221575, 0.9052228139213522, 0.0, 0.0, 0.0, 1.0]",True,True
396,"[0.7216774766289009, -1.8085566664566592, 1.2626025327063328, 0.48143796835878255, 1.6188452694935964, -0.03246725456805866]","[0.22817305636315388, 0.4132869917940533, 0.9097187546682771]","[-0.6220011307673217, -0.06862589015854738, 0.7800032567394317, 0.7824679920503476, -0.017201653356935007, 0.6224531665422587, -0.029299056996256966, 0.9974941555326198, 0.0643970103141074]","[0.32603459409618263, 0.2875776035592418, 0.620564756309984, 0.6526101045874106]","[-0.6220011307673217, -0.06862589015854738, 0.7800032567394317, 0.22817305636315388, 0.7824679920503476, -0.017201653356935007, 0.6224531665422587, 0.4132869917940533, -0.029299056996256966, 0.9974941555326198, 0.0643970103141074, 0.9097187546682771, 0.0, 0.0, 0.0, 1.0]",True,True
397,"[0.7065639134277614, -1.7904239039151086, 1.2677086157799342, 0.4787045531124392, 1.6216382816819452, -0.026543300554092254]","[0.24619851444779764, 0.41953011121806977, 0.898774218225453]","[-0.6086661373047971, -0.049635230153704704, 0.7918723869576755, 0.7930548818691532, -0.007518433946804965, 0.6091037904121851, -0.0242793665889627, 0.9987391136220591, 0.043939677735077544]","[0.3270149486198893, 0.2978727156466878, 0.6239407074440075, 0.6442290448642237]","[-0.6086661373047971, -0.049635230153704704, 0.7918723869576755, 0.24619851444779764, 0.7930548818691532, -0.007518433946804965, 0.6091037904121851, 0.41953011121806977, -0.0242793665889627, 0.9987391136220591, 0.043939677735077544, 0.898774218225453, 0.0, 0.0, 0.0, 1.0]",True,True
398,"[0.7087804836428503, -1.7960781846528815, 1.2655604288048676, 0.4759094266187841, 1.6238703772022591, -0.03800832060534537]","[0.2420207887066284, 0.417019886679774, 0.9029056065286565]","[-0.6077644386801399, -0.06457683627486892, 0.791487346261798, 0.793343522942501, -0.005384852956052685, 0.6087504069516696, -0.035049132385781646, 0.9978982090250341, 0.054504336924996]","[0.33217278835299086, 0.2928805547279115, 0.6220681732734546, 0.6456883204304513]","[-0.6077644386801399, -0.06457683627486892, 0.791487346261798, 0.2420207887066284, 0.793343522942501, -0.005384852956052685, 0.6087504069516696, 0.417019886679774, -0.035049132385781646, 0.9978982090250341, 0.054504336924996, 0.9029056065286565, 0.0, 0.0, 0.0, 1.0]",True,True
399,"[0.7027066253007902, -1.7887261436234403, 1.2780183044278624, 0.4682421522480157, 1.6162289014182945, -0.035523404504765536]","[0.25074424328518297, 0.42171107025124216, 0.8928761874043916]","[-0.6094563122411072, -0.054075171621570516, 0.7909733745731065, 0.7921091641256278, 0.0006962277271394702, 0.6103790522086673, -0.033557049597202064, 0.9985366248070471, 0.04240911861004969]","[0.32926016844437844, 0.2947195028419835, 0.6260478059537858, 0.6424891444849511]","[-0.6094563122411072, -0.054075171621570516, 0.7909733745731065, 0.25074424328518297, 0.7921091641256278, 0.0006962277271394702, 0.6103790522086673, 0.42171107025124216, -0.033557049597202064, 0.9985366248070471, 0.04240911861004969, 0.8928761874043916, 0.0, 0.0, 0.0, 1.0]",True,True
400,"[0.6906589185305461, -1.777018425472474, 1.2731563843912337, 0.4514833836284004, 1.6146901977265742, -0.03026130463996404]","[0.2634373078555211, 0.4251498865484047, 0.891926611910885]","[-0.6011573688318007, -0.05857224098593193, 0.796981248515366, 0.798642818318136, -0.009192241840445547, 0.6017351173388598, -0.02791892992381625, 0.9982408503341429, 0.05230428353468154]","[0.33239835772098636, 0.29821577317186077, 0.6204153535045441, 0.6447196860277589]","[-0.6011573688318007, -0.05857224098593193, 0.796981248515366, 0.2634373078555211, 0.798642818318136, -0.009192241840445547, 0.6017351173388598, 0.4251498865484047, -0.02791892992381625, 0.9982408503341429, 0.05230428353468154, 0.891926611910885, 0.0, 0.0, 0.0, 1.0]",True,True
401,"[0.6889669295954057, -1.7705050965202482, 1.2783443502706442, 0.4453020865858731, 1.6223427793471652, -0.02044888019223549]","[0.2695884138709267, 0.42826443552422533, 0.8863058354628642]","[-0.5943043345448836, -0.04831922739570293, 0.8027874003776128, 0.8040385085584499, -0.01334127576654436, 0.5944275289015677, -0.018012070848915616, 0.9987428410881368, 0.04677929754635361]","[0.3313358142560677, 0.3050646012221458, 0.6193108591878527, 0.6431222488488836]","[-0.5943043345448836, -0.04831922739570293, 0.8027874003776128, 0.2695884138709267, 0.8040385085584499, -0.01334127576654436, 0.5944275289015677, 0.42826443552422533, -0.018012070848915616, 0.9987428410881368, 0.04677929754635361, 0.8863058354628642, 0.0, 0.0, 0.0, 1.0]",True,True
402,"[0.6872763272655402, -1.765369086513208, 1.2773212867388422, 0.42486371147638785, 1.6265163306659278, -0.029349748519475544]","[0.2751728745897461, 0.43130055928774935, 0.8864482213634377]","[-0.5888009114121973, -0.0661145006428575, 0.8055695870158652, 0.8078671232513903, -0.016359232112650616, 0.5891375787489771, -0.025772036972046095, 0.9976779281558905, 0.06304406221747978]","[0.33833560213663294, 0.30187508115235917, 0.6142877210806975, 0.6457948988925059]","[-0.5888009114121973, -0.0661145006428575, 0.8055695870158652, 0.2751728745897461, 0.8078671232513903, -0.016359232112650616, 0.5891375787489771, 0.43130055928774935, -0.025772036972046095, 0.9976779281558905, 0.06304406221747978, 0.8864482213634377, 0.0, 0.0, 0.0, 1.0]",True,True
403,"[0.6722842492238263, -1.7636694730038147, 1.2772380037929971, 0.4317539355412596, 1.6204652807451925, -0.029972357212785933]","[0.28168861703128406, 0.42790323901438587, 0.884993001605575]","[-0.5816764297173634, -0.06021710136333743, 0.8111882838248213, 0.812965000952394, -0.009676342561174403, 0.5822321492507202, -0.027210996632524305, 0.9981384017750426, 0.05458289626090207]","[0.3403050557890539, 0.3055392841284525, 0.6159174439190871, 0.6414701217787622]","[-0.5816764297173634, -0.06021710136333743, 0.8111882838248213, 0.28168861703128406, 0.812965000952394, -0.009676342561174403, 0.5822321492507202, 0.42790323901438587, -0.027210996632524305, 0.9981384017750426, 0.05458289626090207, 0.884993001605575, 0.0, 0.0, 0.0, 1.0]",True,True
404,"[0.668776581488999, -1.7439610067927886, 1.288062861913726, 0.42365221213186316, 1.6101921379688564, -0.03975555608235299]","[0.29619844336176937, 0.4384004193452003, 0.8694434826118833]","[-0.5871898675971944, -0.048671524782136016, 0.8079846174690278, 0.8085352340073978, 0.012155035006240876, 0.5883222165553496, -0.03845562065279506, 0.9987408762033219, 0.0322153292832674]","[0.3380756190160398, 0.3034961977164201, 0.6259252298238522, 0.6338868514715817]","[-0.5871898675971944, -0.048671524782136016, 0.8079846174690278, 0.29619844336176937, 0.8085352340073978, 0.012155035006240876, 0.5883222165553496, 0.4384004193452003, -0.03845562065279506, 0.9987408762033219, 0.0322153292832674, 0.8694434826118833, 0.0, 0.0, 0.0, 1.0]",True,True
405,"[0.6596135917925748, -1.7353911450797712, 1.2989384383452738, 0.4082870361710139, 1.61730103533912, -0.04351794497205936]","[0.3080985248571101, 0.44096218567133827, 0.8598952029203236]","[-0.5739144988304069, -0.04726683715943766, 0.8175499948854418, 0.8178282702527495, 0.01833836924863409, 0.5751700831829627, -0.04217900434621744, 0.9987139481944987, 0.028131499677724443]","[0.3437133144409566, 0.3080647790007949, 0.6253241896011453, 0.6292272302712862]","[-0.5739144988304069, -0.04726683715943766, 0.8175499948854418, 0.3080985248571101, 0.8178282702527495, 0.01833836924863409, 0.5751700831829627, 0.44096218567133827, -0.04217900434621744, 0.9987139481944987, 0.028131499677724443, 0.8598952029203236, 0.0, 0.0, 0.0, 1.0]",True,True
406,"[0.6586030892244998, -1.7352547972721424, 1.3077641334973784, 0.39464830579686677, 1.630593865730766, -0.030166096620889614]","[0.31142213676239583, 0.4413304295219716, 0.8556959342703787]","[-0.5626420282063853, -0.04295832641136148, 0.8255837512256037, 0.8262200812121069, 0.004825923519078898, 0.5633268037862634, -0.02818378075532835, 0.9990652094103382, 0.0327777645395878]","[0.3445873110883079, 0.31613062321410257, 0.619413066375314, 0.6305937418867424]","[-0.5626420282063853, -0.04295832641136148, 0.8255837512256037, 0.31142213676239583, 0.8262200812121069, 0.004825923519078898, 0.5633268037862634, 0.4413304295219716, -0.02818378075532835, 0.9990652094103382, 0.0327777645395878, 0.8556959342703787, 0.0, 0.0, 0.0, 1.0]",True,True
407,"[0.6417617328862746, -1.7227889938398833, 1.3003776087836048, 0.38610674482326096, 1.6239564962676076, -0.029998330472582893]","[0.32577883485119075, 0.44199360499129753, 0.8545832441618552]","[-0.5541046271500896, -0.04571545804356711, 0.831190807857454, 0.8319744388048882, 0.0032280940040237543, 0.5548045715244176, -0.028046307174948062, 0.9989492861526897, 0.03624539072600015]","[0.34834209391772275, 0.318756132537041, 0.6166618462391107, 0.6299051364832775]","[-0.5541046271500896, -0.04571545804356711, 0.831190807857454, 0.32577883485119075, 0.8319744388048882, 0.0032280940040237543, 0.5548045715244176, 0.44199360499129753, -0.028046307174948062, 0.9989492861526897, 0.03624539072600015, 0.8545832441618552, 0.0, 0.0, 0.0, 1.0]",True,True
408,"[0.6422793243805869, -1.7152193066593406, 1.2943015359013288, 0.3754007689844967, 1.6203369003099641, -0.04363369897274785]","[0.3301380310943956, 0.44601065169724924, 0.8553792434034281]","[-0.5565547335976058, -0.06076903446372942, 0.8285855133662694, 0.8297826160702744, 0.008947235974853628, 0.5580150150631987, -0.04132358379508725, 0.9981117529709567, 0.045445461858958536]","[0.35278816740226926, 0.31187039317983606, 0.6164528586423905, 0.6310810089603613]","[-0.5565547335976058, -0.06076903446372942, 0.8285855133662694, 0.3301380310943956, 0.8297826160702744, 0.008947235974853628, 0.5580150150631987, 0.44601065169724924, -0.04132358379508725, 0.9981117529709567, 0.045445461858958536, 0.8553792434034281, 0.0, 0.0, 0.0, 1.0]",True,True
409,"[0.6323241062676553, -1.7065598774822635, 1.2974516290198146, 0.36234880328417857, 1.6175786052695806, -0.02478324009134813]","[0.3409642657856605, 0.4477079246982296, 0.8500559181616502]","[-0.5515881790457922, -0.051389572313424475, 0.8325320369777912, 0.8338112192848292, -0.00696545993146179, 0.5520057363494419, -0.022568370160327693, 0.9986543917819551, 0.046691267308993825]","[0.3493342340552024, 0.3196427746628554, 0.6119500493923783, 0.6334912995231757]","[-0.5515881790457922, -0.051389572313424475, 0.8325320369777912, 0.3409642657856605, 0.8338112192848292, -0.00696545993146179, 0.5520057363494419, 0.4477079246982296, -0.022568370160327693, 0.9986543917819551, 0.046691267308993825, 0.8500559181616502, 0.0, 0.0, 0.0, 1.0]",True,True
410,"[0.6245534683433759, -1.6915966261978945, 1.3072029073381695, 0.342564280941473, 1.6221724359237304, -0.037909648516324064]","[0.3560188983779312, 0.4528746845899865, 0.8377026042470809]","[-0.5406654116871499, -0.05445381337194956, 0.8394734628410938, 0.8404789629815611, 0.007407945341191191, 0.5417935355199999, -0.035721497597442115, 0.9984888104305798, 0.041762064775596644]","[0.3565475418614037, 0.3202204624145926, 0.6136593705494816, 0.6274989105810375]","[-0.5406654116871499, -0.05445381337194956, 0.8394734628410938, 0.3560188983779312, 0.8404789629815611, 0.007407945341191191, 0.5417935355199999, 0.4528746845899865, -0.035721497597442115, 0.9984888104305798, 0.041762064775596644, 0.8377026042470809, 0.0, 0.0, 0.0, 1.0]",True,True
411,"[0.6135534003014088, -1.6925150856074818, 1.3121074577602458, 0.34488411214652925, 1.6231393004890422, -0.026877297582636968]","[0.3606884561685502, 0.4486177030915295, 0.8349095646654618]","[-0.5312657323310065, -0.043331093212536836, 0.8460964117710263, 0.8468363130225975, 0.0023094661274695285, 0.5318485924701684, -0.02499961193884008, 0.9990580977737044, 0.035467403001839426]","[0.3558479790578775, 0.32823672804078646, 0.6119860691749112, 0.6253846154978103]","[-0.5312657323310065, -0.043331093212536836, 0.8460964117710263, 0.3606884561685502, 0.8468363130225975, 0.0023094661274695285, 0.5318485924701684, 0.4486177030915295, -0.02499961193884008, 0.9990580977737044, 0.035467403001839426, 0.8349095646654618, 0.0, 0.0, 0.0, 1.0]",True,True
412,"[0.6154622282934074, -1.6877357186858521, 1.309817268941274, 0.31785938739682146, 1.6212925027845142, -0.03846750661263096]","[0.3647692782494764, 0.45300507386031785, 0.8363269756164159]","[-0.5331805306206328, -0.06956568096727409, 0.8431364882382094, 0.8452621496637449, -0.0021478966968739876, 0.5343475319355413, -0.03536127985417739, 0.9975750611213869, 0.059946453737777905]","[0.3621526012678465, 0.3197737138737577, 0.6064417078718243, 0.6315209578975358]","[-0.5331805306206328, -0.06956568096727409, 0.8431364882382094, 0.3647692782494764, 0.8452621496637449, -0.0021478966968739876, 0.5343475319355413, 0.45300507386031785, -0.03536127985417739, 0.9975750611213869, 0.059946453737777905, 0.8363269756164159, 0.0, 0.0, 0.0, 1.0]",True,True
413,"[0.5957889934094952, -1.668638539786111, 1.3218258058490475, 0.3065470727482386, 1.6114884956518167, -0.0351935857272387]","[0.3861610270654987, 0.4553417564801674, 0.819001104838576]","[-0.5255541372103624, -0.05184354441508317, 0.8491790716707239, 0.8500995101443013, 0.007326958633503009, 0.5265711144086823, -0.03352121288811422, 0.9986283405650294, 0.04022145828839981]","[0.3612458580079294, 0.3266869471939974, 0.6108722529210723, 0.6241892014576308]","[-0.5255541372103624, -0.05184354441508317, 0.8491790716707239, 0.3861610270654987, 0.8500995101443013, 0.007326958633503009, 0.5265711144086823, 0.4553417564801674, -0.03352121288811422, 0.9986283405650294, 0.04022145828839981, 0.819001104838576, 0.0, 0.0, 0.0, 1.0]",True,True
414,"[0.5954714511267154, -1.6575351773079359, 1.3201637705288822, 0.29005061464869003, 1.6221892384969074, -0.03908160474258298]","[0.39457473487258155, 0.4596310731530893, 0.815220098087797]","[-0.5157521138574804, -0.05935812990043607, 0.8546791032114122, 0.8559557300095176, 0.006916604053317396, 0.5170028518801841, -0.03659979939035759, 0.9982127894407546, 0.04724067824971387]","[0.36688048750429303, 0.32790646678568586, 0.6073359942529926, 0.6237139143978345]","[-0.5157521138574804, -0.05935812990043607, 0.8546791032114122, 0.39457473487258155, 0.8559557300095176, 0.006916604053317396, 0.5170028518801841, 0.4596310731530893, -0.03659979939035759, 0.9982127894407546, 0.04724067824971387, 0.815220098087797, 0.0, 0.0, 0.0, 1.0]",True,True
415,"[0.5748226538559235, -1.6556512323165118, 1.3212129262789358, 0.2825616539850179, 1.615868113799126, -0.04165123959993819]","[0.40554073678562835, 0.45309030660390953, 0.8141806688629778]","[-0.5031188076589891, -0.0645253895133326, 0.8618050472629815, 0.863325541887579, 0.007762957728150638, 0.504587698236718, -0.039248873924169536, 0.9978858705260155, 0.051800726831010696]","[0.372976164419448, 0.3306499311136513, 0.6039621342758437, 0.6219237446749097]","[-0.5031188076589891, -0.0645253895133326, 0.8618050472629815, 0.40554073678562835, 0.863325541887579, 0.007762957728150638, 0.504587698236718, 0.45309030660390953, -0.039248873924169536, 0.9978858705260155, 0.051800726831010696, 0.8141806688629778, 0.0, 0.0, 0.0, 1.0]",True,True
416,"[0.5724187145220305, -1.637797384657714, 1.3438777063082066, 0.2651931031295455, 1.6175000647696944, -0.034946589731493075]","[0.4197086047264905, 0.46036376072845114, 0.7907186692009387]","[-0.5006977608630273, -0.04166360244651244, 0.864618931378402, 0.8649704074605807, 0.014672480791988652, 0.5016083258129649, -0.03358491453357139, 0.9990239549373117, 0.02869130490558104]","[0.36832934475634105, 0.33761607390622084, 0.6096472210937723, 0.615369113820441]","[-0.5006977608630273, -0.04166360244651244, 0.864618931378402, 0.4197086047264905, 0.8649704074605807, 0.014672480791988652, 0.5016083258129649, 0.46036376072845114, -0.03358491453357139, 0.9990239549373117, 0.02869130490558104, 0.7907186692009387, 0.0, 0.0, 0.0, 1.0]",True,True
417,"[0.5571248704245186, -1.6254138932801971, 1.3410436931078709, 0.26033033594834337, 1.6232394693374874, -0.04691742956308683]","[0.4342501074774443, 0.45797189328205146, 0.7854945330166014]","[-0.48205274392693687, -0.04305832445375325, 0.875083500454526, 0.8749532760095029, 0.028356897980877874, 0.48337630386391583, -0.045628027272167006, 0.9986700491314123, 0.024004501559353117]","[0.37759391401785536, 0.3411692602407316, 0.6095910802227305, 0.6078034936361859]","[-0.48205274392693687, -0.04305832445375325, 0.875083500454526, 0.4342501074774443, 0.8749532760095029, 0.028356897980877874, 0.48337630386391583, 0.45797189328205146, -0.045628027272167006, 0.9986700491314123, 0.024004501559353117, 0.7854945330166014, 0.0, 0.0, 0.0, 1.0]",True,True
418,"[0.5487200489995551, -1.6076846995300331, 1.3462481998737554, 0.2484814027282656, 1.6221022603261337, -0.045827245032671236]","[0.44922169776037923, 0.461237737661612, 0.7723077464291684]","[-0.4761509756251478, -0.0329004793202445, 0.8787478630823053, 0.8782040167705168, 0.03350963405341719, 0.47711089838080195, -0.045143696562751245, 0.9988967228327983, 0.012937688145337781]","[0.37758983916864314, 0.3454713092921384, 0.6117031390987844, 0.6032368999234605]","[-0.4761509756251478, -0.0329004793202445, 0.8787478630823053, 0.44922169776037923, 0.8782040167705168, 0.03350963405341719, 0.47711089838080195, 0.461237737661612, -0.045143696562751245, 0.9988967228327983, 0.012937688145337781, 0.7723077464291684, 0.0, 0.0, 0.0, 1.0]",True,True
419,"[0.54743783180557, -1.5987631142963237, 1.3429469934583322, 0.24466784082261608, 1.6165318615065623, -0.04742664656418799]","[0.4547522623978377, 0.4642732063725318, 0.7692066072752247]","[-0.47992913238871054, -0.03230810977169548, 0.87671216138913, 0.8760529189895337, 0.03577032685061134, 0.4808864386182229, -0.04689681241339235, 0.9988376593621111, 0.011136391941853584]","[0.3764895703747166, 0.3439346408908328, 0.6133031606182762, 0.6031780826339667]","[-0.47992913238871054, -0.03230810977169548, 0.87671216138913, 0.4547522623978377, 0.8760529189895337, 0.03577032685061134, 0.4808864386182229, 0.4642732063725318, -0.04689681241339235, 0.9988376593621111, 0.011136391941853584, 0.7692066072752247, 0.0, 0.0, 0.0, 1.0]",True,True
420,"[0.5357786330183251, -1.5965747570981172, 1.3566736845229395, 0.21982947149869878, 1.6121697086578268, -0.02917156319403502]","[0.4638933731121725, 0.4616388061122956, 0.7612510838540013]","[-0.4738101168822681, -0.031090886498119318, 0.8800780249027769, 0.8801711675097317, 0.01543281418458559, 0.47440546385017524, -0.02833176705691508, 0.9993974109547739, 0.020053078375341402]","[0.3747251578416036, 0.3502513349574149, 0.6060507100671345, 0.6079536127602632]","[-0.4738101168822681, -0.031090886498119318, 0.8800780249027769, 0.4638933731121725, 0.8801711675097317, 0.01543281418458559, 0.47440546385017524, 0.4616388061122956, -0.02833176705691508, 0.9993974109547739, 0.020053078375341402, 0.7612510838540013, 0.0, 0.0, 0.0, 1.0]",True,True
421,"[0.528874884502927, -1.5858814008778843, 1.3547481930290048, 0.20508115603401292, 1.6129428379062152, -0.038579311134801966]","[0.4743489000392285, 0.46259696497555847, 0.757072133297116]","[-0.4665335686228398, -0.04051438001191882, 0.8835751322667967, 0.8837098980827873, 0.020956661152791645, 0.46756564713827764, -0.03745991695862724, 0.9989591600088447, 0.02602597271718859]","[0.3809360396599212, 0.3487419524186829, 0.6044551796987189, 0.6065482009261994]","[-0.4665335686228398, -0.04051438001191882, 0.8835751322667967, 0.4743489000392285, 0.8837098980827873, 0.020956661152791645, 0.46756564713827764, 0.46259696497555847, -0.03745991695862724, 0.9989591600088447, 0.02602597271718859, 0.757072133297116, 0.0, 0.0, 0.0, 1.0]",True,True
422,"[0.5145683967657615, -1.5757233356565552, 1.3490515070640081, 0.1889512314026817, 1.604420486470061, -0.04209826303330814]","[0.4876182465383649, 0.4604535670312577, 0.7557661854929942]","[-0.46084582121077083, -0.05226958043272682, 0.8859396255016234, 0.8865423665148892, 0.018767362670972808, 0.46226660973139266, -0.04078923199509379, 0.9984566475615069, 0.03769033687150514]","[0.3858794754621275, 0.34738180696704274, 0.600400459487299, 0.6082287389237916]","[-0.46084582121077083, -0.05226958043272682, 0.8859396255016234, 0.4876182465383649, 0.8865423665148892, 0.018767362670972808, 0.46226660973139266, 0.4604535670312577, -0.04078923199509379, 0.9984566475615069, 0.03769033687150514, 0.7557661854929942, 0.0, 0.0, 0.0, 1.0]",True,True
423,"[0.4956447204874996, -1.5671856502316976, 1.3670969386312706, 0.17176860515143988, 1.612670176658917, -0.043940392084816746]","[0.5030792618940484, 0.4539757043160333, 0.7399990963691412]","[-0.4368553911545172, -0.04414082596958079, 0.8984480812500837, 0.8985165504133656, 0.026026376789552004, 0.4381673611127076, -0.0427244175208912, 0.9986862446203669, 0.028291499669849847]","[0.3928939059418219, 0.3566604591155575, 0.5988719120718177, 0.5998167457721597]","[-0.4368553911545172, -0.04414082596958079, 0.8984480812500837, 0.5030792618940484, 0.8985165504133656, 0.026026376789552004, 0.4381673611127076, 0.4539757043160333, -0.0427244175208912, 0.9986862446203669, 0.028291499669849847, 0.7399990963691412, 0.0, 0.0, 0.0, 1.0]",True,True
424,"[0.49126089280160845, -1.5455171265670284, 1.3694931777487496, 0.16199714865506976, 1.6183815563675437, -0.0388516485294839]","[0.5178203200582155, 0.4579937554954984, 0.7249267017066808]","[-0.42846195176643714, -0.029031741911774475, 0.9030933029593696, 0.9027531793988636, 0.028469352157094285, 0.42921578847125286, -0.03817136326801992, 0.999172984997755, 0.014010463123586997]","[0.3917964597575648, 0.3636819465387586, 0.6006082002437081, 0.5945593037563475]","[-0.42846195176643714, -0.029031741911774475, 0.9030933029593696, 0.5178203200582155, 0.9027531793988636, 0.028469352157094285, 0.42921578847125286, 0.4579937554954984, -0.03817136326801992, 0.999172984997755, 0.014010463123586997, 0.7249267017066808, 0.0, 0.0, 0.0, 1.0]",True,True
425,"[0.47524497138487337, -1.5395558359963015, 1.3740879499284848, 0.1388974585628706, 1.6078739811995117, -0.037473100486246226]","[0.5301071468978663, 0.45331291863451595, 0.7200557717504719]","[-0.4231093694952806, -0.03950237227581985, 0.9052171143045675, 0.905344476676766, 0.02177737819675689, 0.4241192336475067, -0.036466971305266695, 0.998982136168339, 0.026549041797452808]","[0.3953533389573589, 0.3635121079518912, 0.5954699207127477, 0.597469880641689]","[-0.4231093694952806, -0.03950237227581985, 0.9052171143045675, 0.5301071468978663, 0.905344476676766, 0.02177737819675689, 0.4241192336475067, 0.45331291863451595, -0.036466971305266695, 0.998982136168339, 0.026549041797452808, 0.7200557717504719, 0.0, 0.0, 0.0, 1.0]",True,True
426,"[0.48656131480129333, -1.5265143413707831, 1.3794151889030433, 0.12102175262219061, 1.6189525659869377, -0.033680900132742664]","[0.5338292162794059, 0.46282851840841344, 0.7093222511065639]","[-0.42349347634292506, -0.037330517257020274, 0.9051296636263267, 0.9053192563720606, 0.01830445978149919, 0.4243371192743416, -0.032408633678755065, 0.9991353157773128, 0.02604421681766361]","[0.3939718264851682, 0.3647457494810296, 0.5949272475073656, 0.5981708019828219]","[-0.42349347634292506, -0.037330517257020274, 0.9051296636263267, 0.5338292162794059, 0.9053192563720606, 0.01830445978149919, 0.4243371192743416, 0.46282851840841344, -0.032408633678755065, 0.9991353157773128, 0.02604421681766361, 0.7093222511065639, 0.0, 0.0, 0.0, 1.0]",True,True
427,"[0.46828848166194453, -1.5055131376394852, 1.3821710814319, 0.11079124341950557, 1.62087122826067, -0.03512496322516911]","[0.5539811607128631, 0.4587599134125102, 0.6938709541802328]","[-0.40548835630839447, -0.025454861151081257, 0.913745721162127, 0.9134494121706079, 0.026429800346024525, 0.40609313840403655, -0.03448716142983079, 0.9993265310685233, 0.012534751655471115]","[0.39795608918984426, 0.37267515737237894, 0.595689391587375, 0.5898290658355692]","[-0.40548835630839447, -0.025454861151081257, 0.913745721162127, 0.5539811607128631, 0.9134494121706079, 0.026429800346024525, 0.40609313840403655, 0.4587599134125102, -0.03448716142983079, 0.9993265310685233, 0.012534751655471115, 0.6938709541802328, 0.0, 0.0, 0.0, 1.0]",True,True
428,"[0.4429690720380795, -1.4982249991830456, 1.386299324780747, 0.10144839408985001, 1.6139472431994757, -0.047226335073944664]","[0.5696697302586602, 0.44731084312460995, 0.6868819741058657]","[-0.3883721129613196, -0.02783147745917165, 0.9210822497130208, 0.9203157589684883, 0.0389997391971573, 0.3892273424835532, -0.04675473952676303, 0.9988515551396981, 0.010467336184111534]","[0.4065387319862491, 0.37488692016973985, 0.5951689919624437, 0.5830608265756401]","[-0.3883721129613196, -0.02783147745917165, 0.9210822497130208, 0.5696697302586602, 0.9203157589684883, 0.0389997391971573, 0.3892273424835532, 0.44731084312460995, -0.04675473952676303, 0.9988515551396981, 0.010467336184111534, 0.6868819741058657, 0.0, 0.0, 0.0, 1.0]",True,True
429,"[0.44517898898002106, -1.487591570174046, 1.395942319867618, 0.08443562322392223, 1.618969120191926, -0.03669001711853529]","[0.575441260960913, 0.4512822267706185, 0.67452757281001]","[-0.3861612157819228, -0.02068949188872037, 0.9221992519793178, 0.9217154536434827, 0.030724545906626027, 0.3866479339057956, -0.03633370254482919, 0.999313738124428, 0.007205196400214846]","[0.40366091169597956, 0.37944335608600277, 0.5936498474034029, 0.5836612601234366]","[-0.3861612157819228, -0.02068949188872037, 0.9221992519793178, 0.575441260960913, 0.9217154536434827, 0.030724545906626027, 0.3866479339057956, 0.4512822267706185, -0.03633370254482919, 0.999313738124428, 0.007205196400214846, 0.67452757281001, 0.0, 0.0, 0.0, 1.0]",True,True
430,"[0.4336922025145778, -1.4710194388263247, 1.4102687775075515, 0.07069345789545203, 1.6121022287842792, -0.03683326760466629]","[0.5889297878584572, 0.4492031909052666, 0.6543921774507405]","[-0.38246916651391283, -0.005065692569254967, 0.9239543686919537, 0.9232177476364665, 0.03820148224594229, 0.38237368790655923, -0.037233413961153344, 0.9992572168931312, -0.00993415179019522]","[0.4018078408710544, 0.3838175031933602, 0.5980394636957602, 0.5775667780607224]","[-0.38246916651391283, -0.005065692569254967, 0.9239543686919537, 0.5889297878584572, 0.9232177476364665, 0.03820148224594229, 0.38237368790655923, 0.4492031909052666, -0.037233413961153344, 0.9992572168931312, -0.00993415179019522, 0.6543921774507405, 0.0, 0.0, 0.0, 1.0]",True,True
431,"[0.4245829444951375, -1.4647605609997865, 1.414819577237182, 0.04690608318826331, 1.616426907193526, -0.039862075003336515]","[0.5983011521307245, 0.4457805523381946, 0.6490120905705918]","[-0.3695434668230822, -0.017506204977795373, 0.9290485234451714, 0.9283644235788177, 0.035774954631257135, 0.36994546848731785, -0.03971300997843295, 0.9992065279052207, 0.00303173713339039]","[0.4090425481968733, 0.3845938901660654, 0.5920909314288112, 0.5781003912222373]","[-0.3695434668230822, -0.017506204977795373, 0.9290485234451714, 0.5983011521307245, 0.9283644235788177, 0.035774954631257135, 0.36994546848731785, 0.4457805523381946, -0.03971300997843295, 0.9992065279052207, 0.00303173713339039, 0.6490120905705918, 0.0, 0.0, 0.0, 1.0]",True,True
432,"[0.40561671703403285, -1.4538782726189357, 1.406202784468798, 0.038059042974656586, 1.6106896951400054, -0.044580000369105595]","[0.6132958919957011, 0.4377835795422171, 0.6475874082112546]","[-0.35687750273538654, -0.024764958091774338, 0.9338228659076984, 0.9331058743975253, 0.03782721424025211, 0.35760666804137153, -0.04418003175852034, 0.9989773764773329, 0.00960864612114552]","[0.4154992050612165, 0.3859036916457317, 0.5884505227405472, 0.5763373436226998]","[-0.35687750273538654, -0.024764958091774338, 0.9338228659076984, 0.6132958919957011, 0.9331058743975253, 0.03782721424025211, 0.35760666804137153, 0.4377835795422171, -0.04418003175852034, 0.9989773764773329, 0.00960864612114552, 0.6475874082112546, 0.0, 0.0, 0.0, 1.0]",True,True
433,"[0.41008993963875534, -1.4355695447034746, 1.4218098818559672, 0.020875786025631775, 1.6096353446597087, -0.036189139398804734]","[0.6202634575975329, 0.44451159782690297, 0.6252346490199424]","[-0.3627809052461497, -0.0066041531968992675, 0.9318510610335408, 0.9311610718016037, 0.036551611644287024, 0.362771330244679, -0.03645645553359359, 0.9993099443349681, -0.007110696391353425]","[0.40824625228126216, 0.38980064760750366, 0.5929677928188406, 0.5742644419626096]","[-0.3627809052461497, -0.0066041531968992675, 0.9318510610335408, 0.6202634575975329, 0.9311610718016037, 0.036551611644287024, 0.362771330244679, 0.44451159782690297, -0.03645645553359359, 0.9993099443349681, -0.007110696391353425, 0.6252346490199424, 0.0, 0.0, 0.0, 1.0]",True,True
434,"[0.38957254045264295, -1.4284637934311413, 1.4179398638889265, -0.0030809629454245473, 1.6100324674273814, -0.04214864620693712]","[0.6354820587517056, 0.4342107716934469, 0.6246981502140704]","[-0.3423820437748272, -0.02703578860258683, 0.9391717639682362, 0.9386394683796622, 0.03441435076889182, 0.34317867192047496, -0.041599092544400224, 0.9990419003203979, 0.013594002489720022]","[0.42000783013051807, 0.39038750074975537, 0.5837812929629552, 0.5747959845666233]","[-0.3423820437748272, -0.02703578860258683, 0.9391717639682362, 0.6354820587517056, 0.9386394683796622, 0.03441435076889182, 0.34317867192047496, 0.4342107716934469, -0.041599092544400224, 0.9990419003203979, 0.013594002489720022, 0.6246981502140704, 0.0, 0.0, 0.0, 1.0]",True,True
435,"[0.3809900268218177, -1.4154097342634524, 1.4301109855097747, -0.01545951665195899, 1.6072943065849605, -0.044005683516923765]","[0.6450346338645364, 0.4313556216339233, 0.607883161873305]","[-0.3373607125692666, -0.015559956980696675, 0.9412468525065649, 0.940348303278008, 0.04112517570493528, 0.33771850474235154, -0.043963827596425975, 0.999032836128021, 0.0007577605655236519]","[0.41967911066110736, 0.3939404622402586, 0.5868833205392445, 0.5694280677640184]","[-0.3373607125692666, -0.015559956980696675, 0.9412468525065649, 0.6450346338645364, 0.940348303278008, 0.04112517570493528, 0.33771850474235154, 0.4313556216339233, -0.043963827596425975, 0.999032836128021, 0.0007577605655236519, 0.607883161873305, 0.0, 0.0, 0.0, 1.0]",True,True
436,"[0.3678215416856577, -1.4083471084590242, 1.427683260776465, -0.023685863917042485, 1.6101623260249742, -0.04570039584331706]","[0.6550717165278712, 0.42424169673366674, 0.6048789155536174]","[-0.32205964359337996, -0.018791509888831798, 0.9465328653166795, 0.9456247396194953, 0.0416798214142714, 0.3225781212457474, -0.045513050744448044, 0.9989542890658073, 0.004346328215967755]","[0.4254311066544321, 0.39746515783662745, 0.5829650797414206, 0.5667288042783507]","[-0.32205964359337996, -0.018791509888831798, 0.9465328653166795, 0.6550717165278712, 0.9456247396194953, 0.0416798214142714, 0.3225781212457474, 0.42424169673366674, -0.045513050744448044, 0.9989542890658073, 0.004346328215967755, 0.6048789155536174, 0.0, 0.0, 0.0, 1.0]",True,True
437,"[0.3682486164244238, -1.3888391895736123, 1.429059610816713, -0.0358404652939992, 1.609779244515169, -0.041433404876465824]","[0.6645782862215891, 0.42829729091254554, 0.5900823954388101]","[-0.32324035997101414, -0.009310800960037157, 0.9462710915331249, 0.945402453761935, 0.040771728481034795, 0.3233448106550983, -0.04159170718691152, 0.9991251048503141, -0.0043766141167420215]","[0.4222424523876296, 0.40011389805425823, 0.5848907382085972, 0.5652636591390865]","[-0.32324035997101414, -0.009310800960037157, 0.9462710915331249, 0.6645782862215891, 0.945402453761935, 0.040771728481034795, 0.3233448106550983, 0.42829729091254554, -0.04159170718691152, 0.9991251048503141, -0.0043766141167420215, 0.5900823954388101, 0.0, 0.0, 0.0, 1.0]",True,True
438,"[0.3534182267042225, -1.3819288207195324, 1.4411695023820406, -0.05630304162755311, 1.6060436970803338, -0.051014250548038625]","[0.6742987632298234, 0.42003122092401557, 0.578563304261876]","[-0.31256345388675016, -0.013199371539473334, 0.9498051715406419, 0.9485216698444711, 0.049448202260129595, 0.31282825500376016, -0.05109529459589848, 0.9986894671939843, -0.0029358109533978447]","[0.42835409926250895, 0.40028869419661295, 0.5841548311664206, 0.5612885712076326]","[-0.31256345388675016, -0.013199371539473334, 0.9498051715406419, 0.6742987632298234, 0.9485216698444711, 0.049448202260129595, 0.31282825500376016, 0.42003122092401557, -0.05109529459589848, 0.9986894671939843, -0.0029358109533978447, 0.578563304261876, 0.0, 0.0, 0.0, 1.0]",True,True
439,"[0.34416732065813666, -1.3719690326929692, 1.4471866639905135, -0.070029205746376, 1.6055809647414645, -0.03600292923898116]","[0.6829488262423113, 0.41553883215671694, 0.5680599226237858]","[-0.30444962420086835, -0.006078512450572519, 0.9525090435320487, 0.9518412663571253, 0.036035657717986794, 0.3044661475968979, -0.03617499113495347, 0.9993320184299211, -0.005185263461551697]","[0.4261457409313059, 0.4076456738218549, 0.5800152035465119, 0.5619672372615083]","[-0.30444962420086835, -0.006078512450572519, 0.9525090435320487, 0.6829488262423113, 0.9518412663571253, 0.036035657717986794, 0.3044661475968979, 0.41553883215671694, -0.03617499113495347, 0.9993320184299211, -0.005185263461551697, 0.5680599226237858, 0.0, 0.0, 0.0, 1.0]",True,True
440,"[0.33252169583283464, -1.3576557512020362, 1.4474291597660376, -0.07912368702352413, 1.6033439581010323, -0.04296255555083392]","[0.6945358440138145, 0.4101219015254015, 0.5574681583720422]","[-0.2956568391767696, -0.002634534581317423, 0.955290580229671, 0.9543127042089398, 0.04450446535803769, 0.2954769282847915, -0.04329314072023884, 0.999005711590647, -0.010643879736380469]","[0.42959392059388113, 0.40941500192395647, 0.5811207241768245, 0.5568905848733554]","[-0.2956568391767696, -0.002634534581317423, 0.955290580229671, 0.6945358440138145, 0.9543127042089398, 0.04450446535803769, 0.2954769282847915, 0.4101219015254015, -0.04329314072023884, 0.999005711590647, -0.010643879736380469, 0.5574681583720422, 0.0, 0.0, 0.0, 1.0]",True,True
441,"[0.3153483177618105, -1.3432962844224923, 1.4499974194826732, -0.10488801112023526, 1.6039195259563814, -0.04126523935472286]","[0.7097171539413134, 0.4007671612563912, 0.5467146296888725]","[-0.2783275075717301, -0.009766591496687588, 0.9604365737618729, 0.9595973097482099, 0.0401833193254833, 0.2784929154789834, -0.04131345607555121, 0.9991445914073313, -0.0018121281881895678]","[0.4359024212956278, 0.4133102047164382, 0.5745265344362701, 0.5559523495898855]","[-0.2783275075717301, -0.009766591496687588, 0.9604365737618729, 0.7097171539413134, 0.9595973097482099, 0.0401833193254833, 0.2784929154789834, 0.4007671612563912, -0.04131345607555121, 0.9991445914073313, -0.0018121281881895678, 0.5467146296888725, 0.0, 0.0, 0.0, 1.0]",True,True
442,"[0.3053990562217182, -1.3466952513961492, 1.4599465137052066, -0.1279810328569034, 1.6103720907567747, -0.034014023836471216]","[0.7133174974402654, 0.3929519931528014, 0.5449907784425305]","[-0.2620781444662234, -0.022973574677062892, 0.9647731655988875, 0.9644677598998672, 0.028386828107610885, 0.2626711405992691, -0.03342134507875783, 0.9993329789697457, 0.014717704867954894]","[0.44187848683471287, 0.41677851508871316, 0.5647449131479361, 0.5586611274347284]","[-0.2620781444662234, -0.022973574677062892, 0.9647731655988875, 0.7133174974402654, 0.9644677598998672, 0.028386828107610885, 0.2626711405992691, 0.3929519931528014, -0.03342134507875783, 0.9993329789697457, 0.014717704867954894, 0.5449907784425305, 0.0, 0.0, 0.0, 1.0]",True,True
443,"[0.3010388787767474, -1.3176341021289302, 1.4622436267456105, -0.12415805351966643, 1.6034211445727804, -0.053856827033321404]","[0.7252602950975616, 0.3936867902358671, 0.5197604593416141]","[-0.2658759366147534, 0.005225649173116077, 0.963993090701353, 0.9624662603344396, 0.05795805394995493, 0.2651406451304149, -0.05448563156526761, 0.9983053423542586, -0.020439162895781463]","[0.43921605003671593, 0.4173143815911072, 0.5797139711660592, 0.5448574859009044]","[-0.2658759366147534, 0.005225649173116077, 0.963993090701353, 0.7252602950975616, 0.9624662603344396, 0.05795805394995493, 0.2651406451304149, 0.3936867902358671, -0.05448563156526761, 0.9983053423542586, -0.020439162895781463, 0.5197604593416141, 0.0, 0.0, 0.0, 1.0]",True,True
444,"[0.29176579402026415, -1.3043580948867821, 1.4696994606515459, -0.14932405470929494, 1.6069515748806407, -0.03740028512411923]","[0.7352273802642418, 0.38851131848861564, 0.5063502274299357]","[-0.2532373678013799, 0.0058748888447571045, 0.9673863350441182, 0.9666589210626312, 0.040780493790523765, 0.2527992912494633, -0.03796532469318021, 0.9991508579825485, -0.01600615861718855]","[0.43918588529572417, 0.42484947246798044, 0.5722814037274608, 0.546911947984698]","[-0.2532373678013799, 0.0058748888447571045, 0.9673863350441182, 0.7352273802642418, 0.9666589210626312, 0.040780493790523765, 0.2527992912494633, 0.38851131848861564, -0.03796532469318021, 0.9991508579825485, -0.01600615861718855, 0.5063502274299357, 0.0, 0.0, 0.0, 1.0]",True,True
445,"[0.2821497650829247, -1.2886564522668738, 1.4690457432033275, -0.15616678885779955, 1.608725957549582, -0.04597606787357649]","[0.7455043623551398, 0.38315929147503314, 0.4945273072974756]","[-0.24262397338260158, 0.01212429281118385, 0.9700446428200443, 0.9689878152718605, 0.05133219496920536, 0.2417180581055342, -0.04686386021984943, 0.998608034858258, -0.02420271310870435]","[0.44286157783157803, 0.4272723208788798, 0.5740555028611152, 0.5401594823070062]","[-0.24262397338260158, 0.01212429281118385, 0.9700446428200443, 0.7455043623551398, 0.9689878152718605, 0.05133219496920536, 0.2417180581055342, 0.38315929147503314, -0.04686386021984943, 0.998608034858258, -0.02420271310870435, 0.4945273072974756, 0.0, 0.0, 0.0, 1.0]",True,True
446,"[0.2709842083691459, -1.2857228947984218, 1.4769091985057206, -0.17374617277316112, 1.5963503679913664, -0.03941528318675859]","[0.7507950230585878, 0.37628946861389706, 0.4885599427249422]","[-0.2434507691029555, 0.00721525933121463, 0.9698864176056714, 0.9690945010716525, 0.0428886910189598, 0.24293292937633035, -0.03984433480263359, 0.9990538024628423, -0.0174335529560708]","[0.44215505452271314, 0.42752020210574715, 0.5709144010002695, 0.5438585581582599]","[-0.2434507691029555, 0.00721525933121463, 0.9698864176056714, 0.7507950230585878, 0.9690945010716525, 0.0428886910189598, 0.24293292937633035, 0.37628946861389706, -0.03984433480263359, 0.9990538024628423, -0.0174335529560708, 0.4885599427249422, 0.0, 0.0, 0.0, 1.0]",True,True
447,"[0.26519645254573126, -1.2803027626477774, 1.4824820653145936, -0.19155165430603885, 1.6011897206206194, -0.04412016828731691]","[0.7557173068670071, 0.37222438492139115, 0.48206540030195005]","[-0.23287905191062613, -1.542152440328795e-05, 0.9725057053526135, 0.9714904411328772, 0.04567831087085255, 0.23263665812471016, -0.04442600554467478, 0.9989562010809894, -0.010622539864937539]","[0.44782159368862745, 0.4278040372306749, 0.5677102920166271, 0.5423509475364718]","[-0.23287905191062613, -1.542152440328795e-05, 0.9725057053526135, 0.7557173068670071, 0.9714904411328772, 0.04567831087085255, 0.23263665812471016, 0.37222438492139115, -0.04442600554467478, 0.9989562010809894, -0.010622539864937539, 0.48206540030195005, 0.0, 0.0, 0.0, 1.0]",True,True
448,"[0.25222643554356905, -1.2584055740386664, 1.4896649360570697, -0.20821535056623072, 1.6139552004465962, -0.04528740048221518]","[0.7682498600609149, 0.3631791379922991, 0.46071517639447995]","[-0.20835628689754584, 0.012893435206473102, 0.9779680040977028, 0.9769587063992399, 0.05003046217605462, 0.20748165905731092, -0.04625303991081475, 0.9986644642636621, -0.02302051511112923]","[0.45239740830584446, 0.4372166985710658, 0.5659963039156549, 0.5327535334491837]","[-0.20835628689754584, 0.012893435206473102, 0.9779680040977028, 0.7682498600609149, 0.9769587063992399, 0.05003046217605462, 0.20748165905731092, 0.3631791379922991, -0.04625303991081475, 0.9986644642636621, -0.02302051511112923, 0.46071517639447995, 0.0, 0.0, 0.0, 1.0]",True,True
449,"[0.24562506417209232, -1.2543116756431316, 1.479614954221002, -0.21821054155685538, 1.6005373613184923, -0.04230680062787591]","[0.7752444624112357, 0.36053094659384416, 0.46470153938826936]","[-0.2143110452097661, -0.002186272209971685, 0.9767630194243236, 0.9758402529919171, 0.04303554743814202, 0.2142049072672489, -0.04250384149425625, 0.9990711495536857, -0.007089540726154672]","[0.4532204103695633, 0.43293849103488324, 0.5622357453448826, 0.5394872466160505]","[-0.2143110452097661, -0.002186272209971685, 0.9767630194243236, 0.7752444624112357, 0.9758402529919171, 0.04303554743814202, 0.2142049072672489, 0.36053094659384416, -0.04250384149425625, 0.9990711495536857, -0.007089540726154672, 0.46470153938826936, 0.0, 0.0, 0.0, 1.0]",True,True
450,"[0.23841015273983704, -1.2488514743369872, 1.4931330217234484, -0.2251236884220644, 1.6045479571334889, -0.043330660555841186]","[0.7771586473838866, 0.3543858853795054, 0.4519964986057004]","[-0.20385441330118464, 0.009793643376232493, 0.9789522269891668, 0.9780139757097069, 0.046932790265043024, 0.20318950886901166, -0.04395499396112442, 0.9988500376669947, -0.019145776519140144]","[0.453853665966443, 0.4382803249499435, 0.5634565156437025, 0.5333328806938968]","[-0.20385441330118464, 0.009793643376232493, 0.9789522269891668, 0.7771586473838866, 0.9780139757097069, 0.046932790265043024, 0.20318950886901166, 0.3543858853795054, -0.04395499396112442, 0.9988500376669947, -0.019145776519140144, 0.4519964986057004, 0.0, 0.0, 0.0, 1.0]",True,True
451,"[0.22854208365803885, -1.2291383701878813, 1.4988237447514623, -0.24620360774796274, 1.5931385796453825, -0.05090935221201202]","[0.7874235243478525, 0.34936233667548294, 0.43361744333897767]","[-0.20564619547015345, 0.012420384567476008, 0.9785475851157406, 0.9772757902084833, 0.05512189299556314, 0.20467927785921677, -0.0513971999338118, 0.9984023792839144, -0.02347374872452383]","[0.4544232467647551, 0.4366651063053949, 0.5666219721274142, 0.5308131860056949]","[-0.20564619547015345, 0.012420384567476008, 0.9785475851157406, 0.7874235243478525, 0.9772757902084833, 0.05512189299556314, 0.20467927785921677, 0.34936233667548294, -0.0513971999338118, 0.9984023792839144, -0.02347374872452383, 0.43361744333897767, 0.0, 0.0, 0.0, 1.0]",True,True
452,"[0.21688006529041745, -1.228908904487216, 1.499309848231165, -0.2548023126380884, 1.599490997098317, -0.048510080758773444]","[0.7924824810199032, 0.3397850842681796, 0.43388461235028025]","[-0.18759861054278978, 0.0061429642297274375, 0.9822265651634997, 0.9810262004829485, 0.05098741568593819, 0.18705046754194207, -0.04893214984449867, 0.9986804030480129, -0.01559157719584179]","[0.4603795249430915, 0.4407395917566046, 0.5599503557067738, 0.5293910694517356]","[-0.18759861054278978, 0.0061429642297274375, 0.9822265651634997, 0.7924824810199032, 0.9810262004829485, 0.05098741568593819, 0.18705046754194207, 0.3397850842681796, -0.04893214984449867, 0.9986804030480129, -0.01559157719584179, 0.43388461235028025, 0.0, 0.0, 0.0, 1.0]",True,True
453,"[0.21386944399489163, -1.2117761659557116, 1.500593870845764, -0.2679973282547413, 1.5924657548159866, -0.0515041776338045]","[0.7995624327949508, 0.3393766041956248, 0.41968388334417084]","[-0.19181751070026853, 0.010483420775620355, 0.9813746178078961, 0.9800562627183868, 0.05494619491397033, 0.19097287129575383, -0.05192075206717398, 0.9984342810387257, -0.020813984516708357]","[0.45888852123827256, 0.439900636195968, 0.5629337638947737, 0.5282180731642921]","[-0.19181751070026853, 0.010483420775620355, 0.9813746178078961, 0.7995624327949508, 0.9800562627183868, 0.05494619491397033, 0.19097287129575383, 0.3393766041956248, -0.05192075206717398, 0.9984342810387257, -0.020813984516708357, 0.41968388334417084, 0.0, 0.0, 0.0, 1.0]",True,True
454,"[0.19964092001707798, -1.2034219631856526, 1.5061878132659856, -0.28567205313433947, 1.6018360977832746, -0.04413559917759588]","[0.8072916908620581, 0.3276881690225354, 0.4105673713626527]","[-0.1683837114773696, 0.009333246652128752, 0.9856773387960364, 0.9847099922274838, 0.04688214421167384, 0.16777453847787724, -0.04464478599405357, 0.9988568241049596, -0.017084730682653843]","[0.46406187681484096, 0.44772169787536836, 0.5550564355026651, 0.52545619146201]","[-0.1683837114773696, 0.009333246652128752, 0.9856773387960364, 0.8072916908620581, 0.9847099922274838, 0.04688214421167384, 0.16777453847787724, 0.3276881690225354, -0.04464478599405357, 0.9988568241049596, -0.017084730682653843, 0.4105673713626527, 0.0, 0.0, 0.0, 1.0]",True,True
455,"[0.19063403871798099, -1.1898663888074772, 1.5126117510358195, -0.29310359756041027, 1.5993196533611205, -0.042306161532160366]","[0.8128493608478007, 0.3211492559730739, 0.3955336051827314]","[-0.16250023947401274, 0.022247716830127096, 0.9864576581215916, 0.9857658875733528, 0.04734964228430511, 0.1613184002904446, -0.04311945115151979, 0.9986305875905237, -0.029625368537739262]","[0.4623916181854276, 0.4527072693196514, 0.556658614030192, 0.5209427100584018]","[-0.16250023947401274, 0.022247716830127096, 0.9864576581215916, 0.8128493608478007, 0.9857658875733528, 0.04734964228430511, 0.1613184002904446, 0.3211492559730739, -0.04311945115151979, 0.9986305875905237, -0.029625368537739262, 0.3955336051827314, 0.0, 0.0, 0.0, 1.0]",True,True
456,"[0.19291478169035725, -1.18241810949813, 1.5138857625509567, -0.2999384072152302, 1.6037582151597949, -0.039813604436872374]","[0.8145341714810181, 0.32305815883191, 0.3889292744329751]","[-0.16039302537870795, 0.024574574931100022, 0.9867472663639971, 0.9862087466356171, 0.04533387676174991, 0.15917646709597433, -0.04082138495042125, 0.9986695799335765, -0.03150689838786578]","[0.46190744554379515, 0.4543621892959976, 0.5561550594322423, 0.5204690793479215]","[-0.16039302537870795, 0.024574574931100022, 0.9867472663639971, 0.8145341714810181, 0.9862087466356171, 0.04533387676174991, 0.15917646709597433, 0.32305815883191, -0.04082138495042125, 0.9986695799335765, -0.03150689838786578, 0.3889292744329751, 0.0, 0.0, 0.0, 1.0]",True,True
457,"[0.17867517452310738, -1.182858858885316, 1.5260311943528533, -0.3121172304904258, 1.6085284081578881, -0.043868878055152855]","[0.8167424396934804, 0.310563457155553, 0.38275274826402306]","[-0.14169966845148596, 0.024365025204866178, 0.9896097965903053, 0.9888861703864535, 0.04893290407410901, 0.14039128504749906, -0.045003844048626056, 0.9985048404718126, -0.031028012749879152]","[0.46802917186665405, 0.4583654219681836, 0.5526437788656167, 0.5152035402701289]","[-0.14169966845148596, 0.024365025204866178, 0.9896097965903053, 0.8167424396934804, 0.9888861703864535, 0.04893290407410901, 0.14039128504749906, 0.310563457155553, -0.045003844048626056, 0.9985048404718126, -0.031028012749879152, 0.38275274826402306, 0.0, 0.0, 0.0, 1.0]",True,True
458,"[0.17121778222714518, -1.185668791305807, 1.5168445644345714, -0.32997427065781965, 1.594893603150731, -0.04096114573573831]","[0.8229751603024251, 0.30642044810406205, 0.3925743763631682]","[-0.14651589661145523, -0.004819890234033903, 0.9891965733352865, 0.9883591691629243, 0.04071186803272202, 0.14659023341566832, -0.04097858918649194, 0.9991593028438549, -0.0012011531403752647]","[0.47249201535075996, 0.45110236878567755, 0.545075434638306, 0.525500446107888]","[-0.14651589661145523, -0.004819890234033903, 0.9891965733352865, 0.8229751603024251, 0.9883591691629243, 0.04071186803272202, 0.14659023341566832, 0.30642044810406205, -0.04097858918649194, 0.9991593028438549, -0.0012011531403752647, 0.3925743763631682, 0.0, 0.0, 0.0, 1.0]",True,True
459,"[0.15805217081954515, -1.1675909004394853, 1.5260274050945082, -0.3327421869008145, 1.5970662586497657, -0.0429345692607212]","[0.8290165528884743, 0.29568774472137493, 0.3714238878261778]","[-0.1323775676564558, 0.01970759844349936, 0.991003425899704, 0.9902407984025, 0.046589146802989874, 0.13134920090868077, -0.0435814267841244, 0.9987197114124458, -0.025682625950256083]","[0.4713090687638733, 0.4600858375050276, 0.5487825936583862, 0.514807195681842]","[-0.1323775676564558, 0.01970759844349936, 0.991003425899704, 0.8290165528884743, 0.9902407984025, 0.046589146802989874, 0.13134920090868077, 0.29568774472137493, -0.0435814267841244, 0.9987197114124458, -0.025682625950256083, 0.3714238878261778, 0.0, 0.0, 0.0, 1.0]",True,True
460,"[0.15867179060990844, -1.1525621244213988, 1.5359094163239535, -0.34933312303027075, 1.5913443604669228, -0.04651460830509394]","[0.8310138501292591, 0.29708443060852613, 0.3537267045956087]","[-0.1391092018561812, 0.02714148672688978, 0.9899050306252568, 0.9891530328259953, 0.051422530279152126, 0.13759360824843897, -0.0471689263188324, 0.998308100276635, -0.0340004310558677]","[0.4685917459172492, 0.4592027599330535, 0.5532929068746502, 0.5132461009401731]","[-0.1391092018561812, 0.02714148672688978, 0.9899050306252568, 0.8310138501292591, 0.9891530328259953, 0.051422530279152126, 0.13759360824843897, 0.29708443060852613, -0.0471689263188324, 0.998308100276635, -0.0340004310558677, 0.3537267045956087, 0.0, 0.0, 0.0, 1.0]",True,True
461,"[0.15093445847658343, -1.1479323870468134, 1.5311712105400859, -0.3534851278716827, 1.5996225007314946, -0.05011190153996978]","[0.8364632187527512, 0.2903569723086547, 0.3530048883967672]","[-0.12313798092505529, 0.02327220413165792, 0.992116647460648, 0.9910820699661643, 0.05418541073378071, 0.12173853890693259, -0.05092512391034481, 0.9982596584949559, -0.029736946316831214]","[0.47468686612647465, 0.4616312258334556, 0.5493314887150715, 0.5097096290718971]","[-0.12313798092505529, 0.02327220413165792, 0.992116647460648, 0.8364632187527512, 0.9910820699661643, 0.05418541073378071, 0.12173853890693259, 0.2903569723086547, -0.05092512391034481, 0.9982596584949559, -0.029736946316831214, 0.3530048883967672, 0.0, 0.0, 0.0, 1.0]",True,True
462,"[0.14234299491393992, -1.1323036102737631, 1.5412570712655198, -0.36358131292088713, 1.5940855933038536, -0.04910110527430089]","[0.8400097156568378, 0.2838306238358171, 0.3340639298976223]","[-0.1208568839714872, 0.0390130572850964, 0.9919030169114178, 0.9914055801014158, 0.05516044436107408, 0.11862673021568194, -0.0500858197544757, 0.997715042855002, -0.045344282113222736]","[0.47142318522649174, 0.4661885224296769, 0.5525761509615177, 0.5050624113654644]","[-0.1208568839714872, 0.0390130572850964, 0.9919030169114178, 0.8400097156568378, 0.9914055801014158, 0.05516044436107408, 0.11862673021568194, 0.2838306238358171, -0.0500858197544757, 0.997715042855002, -0.045344282113222736, 0.3340639298976223, 0.0, 0.0, 0.0, 1.0]",True,True
463,"[0.13509476896746184, -1.1339186148077898, 1.5400126271438659, -0.38050184161464673, 1.5972232225326182, -0.04976850001795001]","[0.8441626682689642, 0.27773063465506576, 0.3377263359241753]","[-0.10958982435469064, 0.019929027289193452, 0.9937770898291097, 0.9926979424029854, 0.052896676895722104, 0.10841003976693576, -0.05040699898612362, 0.9984011094969277, -0.02558044191402431]","[0.4789901905642241, 0.4645142464617235, 0.5449924181042424, 0.5077185996063528]","[-0.10958982435469064, 0.019929027289193452, 0.9937770898291097, 0.8441626682689642, 0.9926979424029854, 0.052896676895722104, 0.10841003976693576, 0.27773063465506576, -0.05040699898612362, 0.9984011094969277, -0.02558044191402431, 0.3377263359241753, 0.0, 0.0, 0.0, 1.0]",True,True
464,"[0.13174720773175666, -1.122489480803852, 1.5361313616360905, -0.3851361182619965, 1.605705358070136, -0.04684924628260598]","[0.8493847650530029, 0.27468411178576196, 0.3305101734616546]","[-0.09791808564069693, 0.023695189481559, 0.9949123511646107, 0.9940455531507787, 0.05035269214979734, 0.0966335586348238, -0.04780676485209323, 0.9984503715201376, -0.02848453695737237]","[0.4806116076292082, 0.46909853953270786, 0.5423917667949677, 0.5047476737275585]","[-0.09791808564069693, 0.023695189481559, 0.9949123511646107, 0.8493847650530029, 0.9940455531507787, 0.05035269214979734, 0.0966335586348238, 0.27468411178576196, -0.04780676485209323, 0.9984503715201376, -0.02848453695737237, 0.3305101734616546, 0.0, 0.0, 0.0, 1.0]",True,True
465,"[0.12443225326946628, -1.1169804374497447, 1.5414530473322108, -0.3953660513513247, 1.593378643879973, -0.05541221595440442]","[0.8517004413168914, 0.2696496711691944, 0.32332410037887654]","[-0.10312670309685218, 0.023201492921233052, 0.994397593437655, 0.9930896385786877, 0.05870318783787199, 0.10162138301225279, -0.056016540914493824, 0.9980058248647137, -0.02909502844262827]","[0.48126953370704645, 0.4656353555916647, 0.5456475326108771, 0.503817548031118]","[-0.10312670309685218, 0.023201492921233052, 0.994397593437655, 0.8517004413168914, 0.9930896385786877, 0.05870318783787199, 0.10162138301225279, 0.2696496711691944, -0.056016540914493824, 0.9980058248647137, -0.02909502844262827, 0.32332410037887654, 0.0, 0.0, 0.0, 1.0]",True,True
466,"[0.12104157521905086, -1.1218060129355367, 1.5488512873329243, -0.3976180166383222, 1.607634120814699, -0.04571567278366389]","[0.8494504139467591, 0.26505253732680584, 0.3232441847307176]","[-0.08536703964992069, 0.025332949280263563, 0.9960274645923036, 0.9952515964448729, 0.0490867526427643, 0.08405207010490624, -0.04676246695097333, 0.9984732006397325, -0.029403048972979993]","[0.4833002855419868, 0.4730087886816416, 0.5394109846085972, 0.5017163636045212]","[-0.08536703964992069, 0.025332949280263563, 0.9960274645923036, 0.8494504139467591, 0.9952515964448729, 0.0490867526427643, 0.08405207010490624, 0.26505253732680584, -0.04676246695097333, 0.9984732006397325, -0.029403048972979993, 0.3232441847307176, 0.0, 0.0, 0.0, 1.0]",True,True
467,"[0.12192600100898951, -1.107733419345636, 1.5493836485056403, -0.42030067076310007, 1.6062926583570198, -0.05154344020876518]","[0.854334787504617, 0.26655550165017755, 0.31258940971067517]","[-0.08730717251214767, 0.01671353114132499, 0.9960412217899028, 0.9948094171312061, 0.05392123420883934, 0.08629440357558353, -0.05226548780030925, 0.9984053076672739, -0.021334488670044807]","[0.48612744548797265, 0.4690698460648099, 0.5391110496435386, 0.5030038393574306]","[-0.08730717251214767, 0.01671353114132499, 0.9960412217899028, 0.854334787504617, 0.9948094171312061, 0.05392123420883934, 0.08629440357558353, 0.26655550165017755, -0.05226548780030925, 0.9984053076672739, -0.021334488670044807, 0.31258940971067517, 0.0, 0.0, 0.0, 1.0]",True,True
468,"[0.11908469218990497, -1.1016454873181267, 1.5486585314487844, -0.41613003497968504, 1.6086348424369268, -0.03872707255219372]","[0.8559837254361252, 0.2640167465538239, 0.30729479067526294]","[-0.08230092130327127, 0.027493552427286686, 0.9962282182951661, 0.9958098451983713, 0.042255268657091054, 0.08110021255651993, -0.03986615806205061, 0.9987284900540513, -0.030855997726965533]","[0.48194873939736954, 0.4759988990970996, 0.5374505064857897, 0.5022921597335597]","[-0.08230092130327127, 0.027493552427286686, 0.9962282182951661, 0.8559837254361252, 0.9958098451983713, 0.042255268657091054, 0.08110021255651993, 0.2640167465538239, -0.03986615806205061, 0.9987284900540513, -0.030855997726965533, 0.30729479067526294, 0.0, 0.0, 0.0, 1.0]",True,True
469,"[0.10526960691282704, -1.1028631656689685, 1.556124525118298, -0.4250470071785665, 1.6037921658638616, -0.04280738627902063]","[0.8576238652567247, 0.25241169250923495, 0.30464781961117976]","[-0.0733583277456099, 0.02493796881395877, 0.9969938081361397, 0.9963474523262251, 0.04564405790625412, 0.07216906692545566, -0.04370709317042327, 0.9986464427860766, -0.028195253453505344]","[0.48582159192113394, 0.4767580276727496, 0.5355365625018914, 0.499879739633907]","[-0.0733583277456099, 0.02493796881395877, 0.9969938081361397, 0.8576238652567247, 0.9963474523262251, 0.04564405790625412, 0.07216906692545566, 0.25241169250923495, -0.04370709317042327, 0.9986464427860766, -0.028195253453505344, 0.30464781961117976, 0.0, 0.0, 0.0, 1.0]",True,True
470,"[0.09536464582287947, -1.092366411213908, 1.5566541390728983, -0.4300660439356066, 1.5988748511360293, -0.04060406792511842]","[0.8622540628140344, 0.24456773116040126, 0.29553035342266104]","[-0.06857886898646998, 0.0313015233205984, 0.997154528328657, 0.9967809621018172, 0.043756265527031706, 0.06717963097921395, -0.04152893352726572, 0.9985517532231055, -0.03420151773167403]","[0.48501955599977803, 0.4800693656176605, 0.5353822588219505, 0.49764974774628495]","[-0.06857886898646998, 0.0313015233205984, 0.997154528328657, 0.8622540628140344, 0.9967809621018172, 0.043756265527031706, 0.06717963097921395, 0.24456773116040126, -0.04152893352726572, 0.9985517532231055, -0.03420151773167403, 0.29553035342266104, 0.0, 0.0, 0.0, 1.0]",True,True
471,"[0.10504677566097342, -1.0941581616608589, 1.5590195710052557, -0.43801563238664404, 1.5890713926008755, -0.04722912514092407]","[0.8595259505259578, 0.2537795166865237, 0.29639365438272386]","[-0.08783305969395158, 0.02257302127085808, 0.9958794165638248, 0.9949932356269421, 0.049845314642118166, 0.086625086810097, -0.04768453293707867, 0.9985018294018964, -0.02683806996859183]","[0.4835220225024851, 0.4714763238044203, 0.5395638155734365, 0.5027796920827357]","[-0.08783305969395158, 0.02257302127085808, 0.9958794165638248, 0.8595259505259578, 0.9949932356269421, 0.049845314642118166, 0.086625086810097, 0.2537795166865237, -0.04768453293707867, 0.9985018294018964, -0.02683806996859183, 0.29639365438272386, 0.0, 0.0, 0.0, 1.0]",True,True
472,"[0.10606174366882068, -1.0951228059000158, 1.5607879954949542, -0.44105101206808744, 1.5987839793641903, -0.051572429877641504]","[0.8588770691895575, 0.2537098491154246, 0.29645266781940993]","[-0.07916110944260206, 0.020419820171961936, 0.9966526725474434, 0.9954930461788732, 0.053994497234123015, 0.07796274288364986, -0.05222177478144719, 0.9983324221984273, -0.024602053290259905]","[0.48739904967625386, 0.47208220857535366, 0.5379957388230378, 0.5001411198147526]","[-0.07916110944260206, 0.020419820171961936, 0.9966526725474434, 0.8588770691895575, 0.9954930461788732, 0.053994497234123015, 0.07796274288364986, 0.2537098491154246, -0.05222177478144719, 0.9983324221984273, -0.024602053290259905, 0.29645266781940993, 0.0, 0.0, 0.0, 1.0]",True,True
473,"[0.0867497112392279, -1.0900225443505722, 1.5689869921596746, -0.4501434626310887, 1.5947267277140151, -0.036303941596986945]","[0.8624096063396228, 0.2373473321145474, 0.2878635298530737]","[-0.0637885370380679, 0.026410767539975885, 0.9976139002141522, 0.9972784181887029, 0.038719430032865536, 0.06274203019482899, -0.03696997643469418, 0.9989010346855585, -0.028808744272161065]","[0.486344052272318, 0.4812226036880509, 0.5318168649410938, 0.49906421498967474]","[-0.0637885370380679, 0.026410767539975885, 0.9976139002141522, 0.8624096063396228, 0.9972784181887029, 0.038719430032865536, 0.06274203019482899, 0.2373473321145474, -0.03696997643469418, 0.9989010346855585, -0.028808744272161065, 0.2878635298530737, 0.0, 0.0, 0.0, 1.0]",True,True
474,"[0.08760733884532897, -1.0784086970277, 1.5688994545732495, -0.4440601191296717, 1.5904608145886003, -0.050453727514856654]","[0.8632875296565066, 0.23857662480813865, 0.2771576540455937]","[-0.07015706758201061, 0.042752175643736436, 0.9966194044599075, 0.9962165312539436, 0.054371708833712465, 0.06779631357870904, -0.051289460171207196, 0.9976051166449725, -0.046404983774558616]","[0.4842028648916546, 0.4800719236111491, 0.5410484636773035, 0.4922855814904951]","[-0.07015706758201061, 0.042752175643736436, 0.9966194044599075, 0.8632875296565066, 0.9962165312539436, 0.054371708833712465, 0.06779631357870904, 0.23857662480813865, -0.051289460171207196, 0.9976051166449725, -0.046404983774558616, 0.2771576540455937, 0.0, 0.0, 0.0, 1.0]",True,True
475,"[0.09056877851959634, -1.067901264150955, 1.5608406782684934, -0.45495100856494897, 1.599126011144661, -0.04383989018811269]","[0.868603454540652, 0.24087744965987354, 0.2735897193878075]","[-0.06381714252805552, 0.03506045525774555, 0.9973455453335486, 0.9969524290472885, 0.04717264621306959, 0.062133691874599585, -0.044868993038232496, 0.9982712586899295, -0.03796402951951818]","[0.48615621824818206, 0.4813975074661254, 0.5359463168687334, 0.49464140212771]","[-0.06381714252805552, 0.03506045525774555, 0.9973455453335486, 0.868603454540652, 0.9969524290472885, 0.04717264621306959, 0.062133691874599585, 0.24087744965987354, -0.044868993038232496, 0.9982712586899295, -0.03796402951951818, 0.2735897193878075, 0.0, 0.0, 0.0, 1.0]",True,True
476,"[0.09062048704147743, -1.0796486503060607, 1.5628712974302075, -0.45417175788723546, 1.6032647871546077, -0.04817296732145086]","[0.8659741180226339, 0.24030157925331389, 0.2827181618693868]","[-0.05945844922925929, 0.026094707321525138, 0.9978896527497696, 0.997023696969638, 0.050698465179049426, 0.05808109253005098, -0.049075864701981824, 0.9983730424437014, -0.02903149368289756]","[0.490461140730561, 0.4792897295150891, 0.5336638474009661, 0.49490617554424204]","[-0.05945844922925929, 0.026094707321525138, 0.9978896527497696, 0.8659741180226339, 0.997023696969638, 0.050698465179049426, 0.05808109253005098, 0.24030157925331389, -0.049075864701981824, 0.9983730424437014, -0.02903149368289756, 0.2827181618693868, 0.0, 0.0, 0.0, 1.0]",True,True
477,"[0.08566281107303471, -1.0788722414892347, 1.5755421586412541, -0.4566529264419035, 1.6022831088607077, -0.04686437016931426]","[0.8626609864952081, 0.23571032424325902, 0.2747371870190987]","[-0.05598247421044921, 0.037277920830978535, 0.9977355958367906, 0.9972740094427145, 0.05019748969887658, 0.0540810698672276, -0.04806779245325465, 0.9980433701229873, -0.03998648124329469]","[0.48842310915975623, 0.48316832401709886, 0.5352958166174616, 0.49137523932028704]","[-0.05598247421044921, 0.037277920830978535, 0.9977355958367906, 0.8626609864952081, 0.9972740094427145, 0.05019748969887658, 0.0540810698672276, 0.23571032424325902, -0.04806779245325465, 0.9980433701229873, -0.03998648124329469, 0.2747371870190987, 0.0, 0.0, 0.0, 1.0]",True,True
478,"[0.08515753292438402, -1.0800354265111216, 1.5559735899461067, -0.4527349098468032, 1.5972421071510141, -0.046005762781592775]","[0.869639540695346, 0.23632624474370895, 0.28704899178590215]","[-0.05968617103823146, 0.020393735846320062, 0.9980088459152181, 0.9971293456978304, 0.04788154593838681, 0.058655140497374435, -0.046590008961273674, 0.998644808276086, -0.023193058621228946]","[0.49117265708682484, 0.47844156948487737, 0.5316861799026393, 0.4971447391048747]","[-0.05968617103823146, 0.020393735846320062, 0.9980088459152181, 0.869639540695346, 0.9971293456978304, 0.04788154593838681, 0.058655140497374435, 0.23632624474370895, -0.046590008961273674, 0.998644808276086, -0.023193058621228946, 0.28704899178590215, 0.0, 0.0, 0.0, 1.0]",True,True
479,"[0.07785350763246184, -1.0763163857848632, 1.572342881191015, -0.4512456896046396, 1.5937196678006122, -0.04369506620495493]","[0.8654162612677527, 0.22983147454103328, 0.27390421103962953]","[-0.056822531781674034, 0.04218843589871784, 0.9974925241616303, 0.9973848114596682, 0.04709353705224091, 0.05482459883548189, -0.04466248707229539, 0.9979991656531226, -0.04475407919048333]","[0.48618847324882253, 0.484984023024617, 0.5358801517187397, 0.49116568374097297]","[-0.056822531781674034, 0.04218843589871784, 0.9974925241616303, 0.8654162612677527, 0.9973848114596682, 0.04709353705224091, 0.05482459883548189, 0.22983147454103328, -0.04466248707229539, 0.9979991656531226, -0.04475407919048333, 0.27390421103962953, 0.0, 0.0, 0.0, 1.0]",True,True
480,"[0.08483610992211292, -1.0721571381750643, 1.5763934438871263, -0.46253272745380664, 1.6030209274450036, -0.04515027155046571]","[0.8641910805737473, 0.23504241668205975, 0.26883752997575844]","[-0.05443650908690538, 0.03912443389037429, 0.9977504423207184, 0.9974368238759415, 0.04860147712449535, 0.05251360583307344, -0.04643758019864424, 0.9980516895903111, -0.04166984582668382]","[0.4879792829134517, 0.484415075017098, 0.5349550990592773, 0.49095956710703936]","[-0.05443650908690538, 0.03912443389037429, 0.9977504423207184, 0.8641910805737473, 0.9974368238759415, 0.04860147712449535, 0.05251360583307344, 0.23504241668205975, -0.04643758019864424, 0.9980516895903111, -0.04166984582668382, 0.26883752997575844, 0.0, 0.0, 0.0, 1.0]",True,True
481,"[0.08389425635878964, -1.0649244612890039, 1.5687371007431095, -0.4606924927441547, 1.6036984381584107, -0.04082401427232252]","[0.8682293576657799, 0.23448671910163355, 0.26679557716210756]","[-0.052711142843677616, 0.04083791876581643, 0.9977744233096928, 0.9977180983486609, 0.044368683843199384, 0.050892200989484535, -0.042191606364836175, 0.9981801862814643, -0.04308345468339228]","[0.4869738407543391, 0.4863135891573757, 0.5338921429863595, 0.4912379780506303]","[-0.052711142843677616, 0.04083791876581643, 0.9977744233096928, 0.8682293576657799, 0.9977180983486609, 0.044368683843199384, 0.050892200989484535, 0.23448671910163355, -0.042191606364836175, 0.9981801862814643, -0.04308345468339228, 0.26679557716210756, 0.0, 0.0, 0.0, 1.0]",True,True
482,"[0.09026407920967858, -1.0919072948327897, 1.5699413762225034, -0.45898225336094034, 1.5965789515075024, -0.04405987770236795]","[0.8619532690542699, 0.2402399402783988, 0.28974187749480135]","[-0.06521458293136885, 0.016116342858809165, 0.9977411095399171, 0.9968772696791719, 0.045669660509067726, 0.06442042615495526, -0.04452827607360472, 0.9988265843487767, -0.019044343729019118]","[0.4902577724648228, 0.47648717199117296, 0.5314904954863858, 0.5001251290160499]","[-0.06521458293136885, 0.016116342858809165, 0.9977411095399171, 0.8619532690542699, 0.9968772696791719, 0.045669660509067726, 0.06442042615495526, 0.2402399402783988, -0.04452827607360472, 0.9988265843487767, -0.019044343729019118, 0.28974187749480135, 0.0, 0.0, 0.0, 1.0]",True,True
483,"[0.08601155826746743, -1.0702069816976698, 1.5671496239487177, -0.45227563369639484, 1.600568883747582, -0.04445956334804682]","[0.8665884247931989, 0.2365154570994621, 0.27166938424443476]","[-0.05816059329431929, 0.041943595034755754, 0.9974257266700179, 0.9972593698691431, 0.048206615198453255, 0.05612371565842713, -0.04572848779319631, 0.9979563402707897, -0.04463236849505997]","[0.48616192091963406, 0.48432044144406294, 0.5364232417102731, 0.49125390827982374]","[-0.05816059329431929, 0.041943595034755754, 0.9974257266700179, 0.8665884247931989, 0.9972593698691431, 0.048206615198453255, 0.05612371565842713, 0.2365154570994621, -0.04572848779319631, 0.9979563402707897, -0.04463236849505997, 0.27166938424443476, 0.0, 0.0, 0.0, 1.0]",True,True
484,"[0.08780687278860831, -1.0693717249936074, 1.5746352765395235, -0.4599476728537798, 1.6015161413054948, -0.04638978279793772]","[0.8642578330408803, 0.23781557310003243, 0.2671910540709778]","[-0.05911867850463496, 0.042429976258973996, 0.9973488251191398, 0.9971099329070326, 0.05026577599999629, 0.05696607289651474, -0.047715443516732056, 0.997834179048694, -0.045278997031962365]","[0.48627875248241076, 0.48370821331855923, 0.537276337543492, 0.4908090019225086]","[-0.05911867850463496, 0.042429976258973996, 0.9973488251191398, 0.8642578330408803, 0.9971099329070326, 0.05026577599999629, 0.05696607289651474, 0.23781557310003243, -0.047715443516732056, 0.997834179048694, -0.045278997031962365, 0.2671910540709778, 0.0, 0.0, 0.0, 1.0]",True,True
485,"[0.09572372445315189, -1.0716563197078286, 1.5677182500258706, -0.44724347802384573, 1.5859150255114762, -0.044185002433263836]","[0.863120258586215, 0.2461690424902741, 0.27217648684863394]","[-0.08260271367751736, 0.04497093826229692, 0.9955673791386087, 0.995572607949626, 0.04868668211676697, 0.08040391336770414, -0.04485503308983818, 0.9978011934730633, -0.04879348635053618]","[0.47887641466476316, 0.47893216914200165, 0.5431580990247731, 0.496266698764438]","[-0.08260271367751736, 0.04497093826229692, 0.9955673791386087, 0.863120258586215, 0.995572607949626, 0.04868668211676697, 0.08040391336770414, 0.2461690424902741, -0.04485503308983818, 0.9978011934730633, -0.04879348635053618, 0.27217648684863394, 0.0, 0.0, 0.0, 1.0]",True,True
486,"[0.08362587863080062, -1.0701359464099682, 1.573705430028275, -0.46227753575635266, 1.594924272173275, -0.05107650718112928]","[0.8657480766581019, 0.2348519229844666, 0.2686141200247274]","[-0.0615059223189128, 0.03804543047408249, 0.9973813547183151, 0.9967509520259616, 0.05440745042875191, 0.05939165743757235, -0.05200539544161648, 0.9977937535171707, -0.041268199464920226]","[0.48775847728279387, 0.4809768255117016, 0.537861871722793, 0.49138332094843234]","[-0.0615059223189128, 0.03804543047408249, 0.9973813547183151, 0.8657480766581019, 0.9967509520259616, 0.05440745042875191, 0.05939165743757235, 0.2348519229844666, -0.05200539544161648, 0.9977937535171707, -0.041268199464920226, 0.2686141200247274, 0.0, 0.0, 0.0, 1.0]",True,True
487,"[0.08670964582070748, -1.083997384354396, 1.5705499571835064, -0.45627043933608896, 1.5980159504227691, -0.052646254379901516]","[0.8635089003352339, 0.23710320125847226, 0.28217262354398837]","[-0.06097225308789635, 0.02699267498285437, 0.9977744133072644, 0.9967088902302927, 0.05514722361851251, 0.0594152494151804, -0.05342071217499663, 0.9981133098122876, -0.030266289602070555]","[0.49089425565200534, 0.47805512571660125, 0.5353470291102024, 0.4938518856568519]","[-0.06097225308789635, 0.02699267498285437, 0.9977744133072644, 0.8635089003352339, 0.9967088902302927, 0.05514722361851251, 0.0594152494151804, 0.23710320125847226, -0.05342071217499663, 0.9981133098122876, -0.030266289602070555, 0.28217262354398837, 0.0, 0.0, 0.0, 1.0]",True,True
488,"[0.08123810273337619, -1.0840024190902235, 1.5790924995227236, -0.4531849124790395, 1.5985910252889965, -0.03998126703688215]","[0.8611200012855721, 0.23202270320264815, 0.27684292141557926]","[-0.055068538872265774, 0.03958525233572823, 0.9976975813461665, 0.9976363770437676, 0.04331031021771163, 0.053346754613858766, -0.041098847008881285, 0.9982771282696816, -0.04187672322637319]","[0.4864064781946969, 0.4856690936575015, 0.5339137505993713, 0.49241281091889283]","[-0.055068538872265774, 0.03958525233572823, 0.9976975813461665, 0.8611200012855721, 0.9976363770437676, 0.04331031021771163, 0.053346754613858766, 0.23202270320264815, -0.041098847008881285, 0.9982771282696816, -0.04187672322637319, 0.27684292141557926, 0.0, 0.0, 0.0, 1.0]",True,True
489,"[0.09596131196415181, -1.0757472195223878, 1.5943197060791132, -0.4647471499821654, 1.58459770097958, -0.04808364902496808]","[0.8540319487876116, 0.24562692712081216, 0.26167907160796655]","[-0.08456652965108363, 0.04954439491972049, 0.99518533700754, 0.9952251974123494, 0.05305167488802551, 0.08192878753603892, -0.04873713674727472, 0.9973619567256483, -0.053794226252112096]","[0.47819737530250767, 0.4785854212449965, 0.5457592030353728, 0.49439878350147315]","[-0.08456652965108363, 0.04954439491972049, 0.99518533700754, 0.8540319487876116, 0.9952251974123494, 0.05305167488802551, 0.08192878753603892, 0.24562692712081216, -0.04873713674727472, 0.9973619567256483, -0.053794226252112096, 0.26167907160796655, 0.0, 0.0, 0.0, 1.0]",True,True
490,"[0.09509538055201085, -1.0934913961785238, 1.5849679484135757, -0.4563362559647757, 1.5918354751283776, -0.05098415875507609]","[0.8544333073299408, 0.2442350794290062, 0.28194894695151407]","[-0.07568769432493602, 0.031157612258276134, 0.9966446589061408, 0.9957920020904083, 0.054153952960742734, 0.07392995300621993, -0.051668767166938266, 0.9980463679494499, -0.03512528892920503]","[0.4856287084045283, 0.4757319732905091, 0.5396681703173913, 0.4965904883389805]","[-0.07568769432493602, 0.031157612258276134, 0.9966446589061408, 0.8544333073299408, 0.9957920020904083, 0.054153952960742734, 0.07392995300621993, 0.2442350794290062, -0.051668767166938266, 0.9980463679494499, -0.03512528892920503, 0.28194894695151407, 0.0, 0.0, 0.0, 1.0]",True,True
491,"[0.09331945206896988, -1.0932268189158212, 1.5818935112216193, -0.45536843036344926, 1.59785241910583, -0.04950732583534907]","[0.8560187676158836, 0.24226817469745054, 0.2834562041907202]","[-0.06778902386512116, 0.029829116556478002, 0.9972536648460479, 0.9964279190392114, 0.05247692396392246, 0.06616324213996523, -0.05035921368132157, 0.9981765356171945, -0.033279923988107994]","[0.4877007217830144, 0.47775882413595044, 0.5370162641431709, 0.4954876829733233]","[-0.06778902386512116, 0.029829116556478002, 0.9972536648460479, 0.8560187676158836, 0.9964279190392114, 0.05247692396392246, 0.06616324213996523, 0.24226817469745054, -0.05035921368132157, 0.9981765356171945, -0.033279923988107994, 0.2834562041907202, 0.0, 0.0, 0.0, 1.0]",True,True
492,"[0.10179386156412093, -1.1067314675715851, 1.5817597465504125, -0.4512514805855893, 1.5966938313430759, -0.053101865353355295]","[0.8513182391212515, 0.24935369066941443, 0.2949674323907425]","[-0.07697925455336609, 0.019593285340715985, 0.9968401564633947, 0.9955867661056417, 0.055336599950004645, 0.07579480101750673, -0.05367667578863612, 0.9982754949789814, -0.02376658580341771]","[0.48851580312033427, 0.47208334309209815, 0.5376063709413209, 0.49946873495744043]","[-0.07697925455336609, 0.019593285340715985, 0.9968401564633947, 0.8513182391212515, 0.9955867661056417, 0.055336599950004645, 0.07579480101750673, 0.24935369066941443, -0.05367667578863612, 0.9982754949789814, -0.02376658580341771, 0.2949674323907425, 0.0, 0.0, 0.0, 1.0]",True,True
493,"[0.10495834984540903, -1.0975463018055707, 1.5876474166752657, -0.44410402387306747, 1.58240840759939, -0.043679772399973005]","[0.8487919573126235, 0.25318802665943163, 0.28282908405946267]","[-0.09513080902574828, 0.04161355730734825, 0.9945946113981988, 0.9944851089092925, 0.04828835037161318, 0.09309996442566851, -0.04415311236797505, 0.9979662053730156, -0.045977772908271645]","[0.47622992567603123, 0.4750154243577018, 0.5452973804048652, 0.5002161247265683]","[-0.09513080902574828, 0.04161355730734825, 0.9945946113981988, 0.8487919573126235, 0.9944851089092925, 0.04828835037161318, 0.09309996442566851, 0.25318802665943163, -0.04415311236797505, 0.9979662053730156, -0.045977772908271645, 0.28282908405946267, 0.0, 0.0, 0.0, 1.0]",True,True
494,"[0.09611778188863612, -1.1076655129563608, 1.5895497916681598, -0.4505660938936207, 1.5898914722613386, -0.05043200206020518]","[0.8494793936685124, 0.24483504478423596, 0.29106874632689494]","[-0.07842920477931085, 0.02724951195203145, 0.9965472010577628, 0.9956151815137854, 0.0532624150351332, 0.07689945047851238, -0.050983038129920034, 0.9982086852171751, -0.031307356644114964]","[0.4856762948744017, 0.47424037597764446, 0.5392121513046974, 0.49846249435139617]","[-0.07842920477931085, 0.02724951195203145, 0.9965472010577628, 0.8494793936685124, 0.9956151815137854, 0.0532624150351332, 0.07689945047851238, 0.24483504478423596, -0.050983038129920034, 0.9982086852171751, -0.031307356644114964, 0.29106874632689494, 0.0, 0.0, 0.0, 1.0]",True,True
495,"[0.11185470741841856, -1.1187886443268389, 1.6086951147005986, -0.4507554404409287, 1.6010008349802618, -0.05781178260049415]","[0.8364858105999701, 0.2561270534494946, 0.28932761201398505]","[-0.08369362832429356, 0.034117642870483696, 0.9959073064411554, 0.9947483870058627, 0.06194862744457738, 0.08147400878174277, -0.05891538956121354, 0.9974960420987621, -0.039123175614402296]","[0.48454407010763273, 0.4726205983253194, 0.544234653293796, 0.49563641544617015]","[-0.08369362832429356, 0.034117642870483696, 0.9959073064411554, 0.8364858105999701, 0.9947483870058627, 0.06194862744457738, 0.08147400878174277, 0.2561270534494946, -0.05891538956121354, 0.9974960420987621, -0.039123175614402296, 0.28932761201398505, 0.0, 0.0, 0.0, 1.0]",True,True
496,"[0.1036994118966988, -1.126951120112063, 1.6098311103653407, -0.4464248124799702, 1.5826792133382102, -0.05657260216888395]","[0.8361178005373007, 0.2507420114173748, 0.29528117958321976]","[-0.09359846850983587, 0.03100863350028375, 0.9951270227167275, 0.9939806212656638, 0.06007095530793613, 0.09161880198254718, -0.05693725705492421, 0.9977123558304953, -0.036444530209956895]","[0.4821897854030463, 0.4697805621756251, 0.545461720478103, 0.4992702131591526]","[-0.09359846850983587, 0.03100863350028375, 0.9951270227167275, 0.8361178005373007, 0.9939806212656638, 0.06007095530793613, 0.09161880198254718, 0.2507420114173748, -0.05693725705492421, 0.9977123558304953, -0.036444530209956895, 0.29528117958321976, 0.0, 0.0, 0.0, 1.0]",True,True
497,"[0.10262000394320497, -1.1259308168184168, 1.6103717260301884, -0.447302054637844, 1.5899330315271336, -0.046796017520849456]","[0.8365128149336697, 0.2491799536970807, 0.2941622118050994]","[-0.08503596561915305, 0.032993208131003975, 0.9958314780967925, 0.9952470916026134, 0.05041542493449378, 0.08331573431959818, -0.04745641376840089, 0.9981832162213001, -0.037123518776426036]","[0.48173019952534496, 0.47478208902157926, 0.5414274903738433, 0.49937386343005413]","[-0.08503596561915305, 0.032993208131003975, 0.9958314780967925, 0.8365128149336697, 0.9952470916026134, 0.05041542493449378, 0.08331573431959818, 0.2491799536970807, -0.04745641376840089, 0.9981832162213001, -0.037123518776426036, 0.2941622118050994, 0.0, 0.0, 0.0, 1.0]",True,True
498,"[0.10470765560749662, -1.1349424521628075, 1.6126121049897848, -0.44554869371795575, 1.594198932288292, -0.05024031946385445]","[0.8334382023659017, 0.25026210781220465, 0.3003909381263724]","[-0.08272899313684891, 0.027820064557316778, 0.9961836967661083, 0.995269128314761, 0.05340558358836009, 0.08116160339201284, -0.050943850641062834, 0.9981852972517745, -0.03210664155977185]","[0.4843990991144954, 0.4732790046142346, 0.5404260398715491, 0.49930370717347894]","[-0.08272899313684891, 0.027820064557316778, 0.9961836967661083, 0.8334382023659017, 0.995269128314761, 0.05340558358836009, 0.08116160339201284, 0.25026210781220465, -0.050943850641062834, 0.9981852972517745, -0.03210664155977185, 0.3003909381263724, 0.0, 0.0, 0.0, 1.0]",True,True
499,"[0.11563103203238931, -1.150820615416645, 1.6184171611173845, -0.43734747952988334, 1.593329949268309, -0.04813382932449003]","[0.824692477071476, 0.2587390711576352, 0.30972186661136636]","[-0.09431104448666458, 0.025534261046375135, 0.995215267367141, 0.9943472900112432, 0.05139219597993453, 0.09291022031863129, -0.0487739042432629, 0.9983520640060679, -0.030236774955233723]","[0.48136378564917937, 0.47024821490587154, 0.5422038397645835, 0.5031605294415235]","[-0.09431104448666458, 0.025534261046375135, 0.995215267367141, 0.824692477071476, 0.9943472900112432, 0.05139219597993453, 0.09291022031863129, 0.2587390711576352, -0.0487739042432629, 0.9983520640060679, -0.030236774955233723, 0.30972186661136636, 0.0, 0.0, 0.0, 1.0]",True,True
500,"[0.1154958188162572, -1.1468926733207814, 1.6204519225525367, -0.44645635008812357, 1.5953212874524223, -0.05971549918509449]","[0.8257555700813413, 0.2585620517517069, 0.30597542092934377]","[-0.09229896769428415, 0.021448864719616396, 0.9955002997311498, 0.9939025212404465, 0.06255054512627127, 0.09080312536631115, -0.06032146246944947, 0.9978112925331353, -0.02709143146644157]","[0.4855821624518207, 0.4669694633072611, 0.5435855370332707, 0.5006638071354796]","[-0.09229896769428415, 0.021448864719616396, 0.9955002997311498, 0.8257555700813413, 0.9939025212404465, 0.06255054512627127, 0.09080312536631115, 0.2585620517517069, -0.06032146246944947, 0.9978112925331353, -0.02709143146644157, 0.30597542092934377, 0.0, 0.0, 0.0, 1.0]",True,True
501,"[0.12046972207155002, -1.1607399555344133, 1.622845583023406, -0.4380266394268518, 1.5871498221220446, -0.04940379643470995]","[0.819980679728871, 0.26288265032365354, 0.315527433088088]","[-0.10498649474348602, 0.018740404275092173, 0.9942970547925214, 0.9932278273054223, 0.05200621913994564, 0.10389338880274446, -0.04976262641406964, 0.9984709061451784, -0.02407344167333949]","[0.48035046651458563, 0.4655858480962206, 0.5433843380970718, 0.5071752246340018]","[-0.10498649474348602, 0.018740404275092173, 0.9942970547925214, 0.819980679728871, 0.9932278273054223, 0.05200621913994564, 0.10389338880274446, 0.26288265032365354, -0.04976262641406964, 0.9984709061451784, -0.02407344167333949, 0.315527433088088, 0.0, 0.0, 0.0, 1.0]",True,True
502,"[0.12245525130847633, -1.1696354364256143, 1.6369107133156562, -0.4359687565562881, 1.5933080431025095, -0.04531659777715284]","[0.8123867509668796, 0.263068108342233, 0.3143881304209998]","[-0.1010931058397247, 0.02651460539497322, 0.9945235842615432, 0.9938137501595862, 0.048894490968044865, 0.09971739440396268, -0.04598275704454765, 0.9984519540036588, -0.03129347537199197]","[0.47867209803693594, 0.4693894647742487, 0.5434337752154722, 0.5051992526468363]","[-0.1010931058397247, 0.02651460539497322, 0.9945235842615432, 0.8123867509668796, 0.9938137501595862, 0.048894490968044865, 0.09971739440396268, 0.263068108342233, -0.04598275704454765, 0.9984519540036588, -0.03129347537199197, 0.3143881304209998, 0.0, 0.0, 0.0, 1.0]",True,True
503,"[0.13238875221440605, -1.171631132434004, 1.6340067966608813, -0.44218578683593845, 1.590627663333676, -0.04737544829809316]","[0.8111376878960506, 0.2715610868634669, 0.31836160267105745]","[-0.1131455914508994, 0.014669985602287246, 0.9934701136207645, 0.9924304544014908, 0.049719969013368115, 0.11229300003900741, -0.047747966571121826, 0.9986554542001651, -0.020184535778279195]","[0.4786412648801264, 0.46295760478525777, 0.5438405318295398, 0.5106958700291327]","[-0.1131455914508994, 0.014669985602287246, 0.9934701136207645, 0.8111376878960506, 0.9924304544014908, 0.049719969013368115, 0.11229300003900741, 0.2715610868634669, -0.047747966571121826, 0.9986554542001651, -0.020184535778279195, 0.31836160267105745, 0.0, 0.0, 0.0, 1.0]",True,True
504,"[0.1304732813636316, -1.1999753880352755, 1.6453309288203861, -0.4283652472024983, 1.587511343370687, -0.04836896065854387]","[0.8002912245886539, 0.2688052989034559, 0.33391826176022704]","[-0.11419715782462292, 0.011336887417772367, 0.9933934186053656, 0.9922673266301333, 0.05024538075341723, 0.11349429155350799, -0.04862675854986343, 0.9986725572962446, -0.016987102646196035]","[0.4793383774231411, 0.4616666990557571, 0.5434679478185066, 0.5116064587221827]","[-0.11419715782462292, 0.011336887417772367, 0.9933934186053656, 0.8002912245886539, 0.9922673266301333, 0.05024538075341723, 0.11349429155350799, 0.2688052989034559, -0.04862675854986343, 0.9986725572962446, -0.016987102646196035, 0.33391826176022704, 0.0, 0.0, 0.0, 1.0]",True,True
505,"[0.1352487481573796, -1.1946340722774802, 1.6529515018602907, -0.43728884438618354, 1.5881382256798309, -0.054571207633176494]","[0.7983418128012891, 0.27247630811178103, 0.32568862769476004]","[-0.11859895498024473, 0.014387554046290876, 0.9928379959319441, 0.9914235724807875, 0.056996397691716785, 0.11760404151048674, -0.05489615475628982, 0.9982707092461107, -0.02102387343571016]","[0.4788981022294205, 0.45973593528343765, 0.5469504607612264, 0.5100437931817271]","[-0.11859895498024473, 0.014387554046290876, 0.9928379959319441, 0.7983418128012891, 0.9914235724807875, 0.056996397691716785, 0.11760404151048674, 0.27247630811178103, -0.05489615475628982, 0.9982707092461107, -0.02102387343571016, 0.32568862769476004, 0.0, 0.0, 0.0, 1.0]",True,True
506,"[0.13147841997708645, -1.1983636493520053, 1.6589086565354485, -0.42258707385026706, 1.5914341920676212, -0.06275372068689229]","[0.7947444311307945, 0.2685470630698089, 0.32387853021440083]","[-0.11277004185084166, 0.030609443197920264, 0.9931495253223821, 0.9915932371023589, 0.06729287733430449, 0.11051932316538751, -0.06344895423743825, 0.9972636214397793, -0.03794073745977973]","[0.47869147110212945, 0.46310846954969237, 0.551816014774156, 0.5018805702198376]","[-0.11277004185084166, 0.030609443197920264, 0.9931495253223821, 0.7947444311307945, 0.9915932371023589, 0.06729287733430449, 0.11051932316538751, 0.2685470630698089, -0.06344895423743825, 0.9972636214397793, -0.03794073745977973, 0.32387853021440083, 0.0, 0.0, 0.0, 1.0]",True,True
507,"[0.1325081244664859, -1.2079402107082458, 1.6580884797887863, -0.42913847735912547, 1.5967190132787656, -0.054244661690276946]","[0.7936815770024803, 0.2687690833359478, 0.3328328113240905]","[-0.10736196814111228, 0.015025222251255839, 0.9941064583298748, 0.9927113701047707, 0.05668188459101018, 0.10635459380732104, -0.05474982613283481, 0.9982792227906537, -0.02100118765481098]","[0.4817464916309943, 0.4628599504501034, 0.5442988701960839, 0.5073654737699667]","[-0.10736196814111228, 0.015025222251255839, 0.9941064583298748, 0.7936815770024803, 0.9927113701047707, 0.05668188459101018, 0.10635459380732104, 0.2687690833359478, -0.05474982613283481, 0.9982792227906537, -0.02100118765481098, 0.3328328113240905, 0.0, 0.0, 0.0, 1.0]",True,True
508,"[0.14556392023624373, -1.212922729159759, 1.6645719070702334, -0.41146539889576444, 1.5818528434910997, -0.05831557410150914]","[0.7844902975859671, 0.2796699636051098, 0.3314353743666602]","[-0.1361996597808166, 0.03186421133435141, 0.9901688364676146, 0.9889420816305908, 0.06357321568132941, 0.13398509405187084, -0.05867888764916487, 0.9974683545275883, -0.04017050983348021]","[0.47095728205088644, 0.45836602032964163, 0.5567637257615716, 0.5080491940417795]","[-0.1361996597808166, 0.03186421133435141, 0.9901688364676146, 0.7844902975859671, 0.9889420816305908, 0.06357321568132941, 0.13398509405187084, 0.2796699636051098, -0.05867888764916487, 0.9974683545275883, -0.04017050983348021, 0.3314353743666602, 0.0, 0.0, 0.0, 1.0]",True,True
509,"[0.14187950357122575, -1.2193331014285622, 1.674473210564486, -0.4248668022427378, 1.581584089330012, -0.0488828739089924]","[0.7821701107584813, 0.27632487462047284, 0.3318745194600178]","[-0.13202950612644931, 0.023541251321473465, 0.9909662047709927, 0.9900256564530844, 0.05271911514554223, 0.13065180619842406, -0.0491671544493414, 0.9983318608481301, -0.030266921529358087]","[0.47181105526728995, 0.45976034524993753, 0.5511387172938745, 0.5121141155669185]","[-0.13202950612644931, 0.023541251321473465, 0.9909662047709927, 0.7821701107584813, 0.9900256564530844, 0.05271911514554223, 0.13065180619842406, 0.27632487462047284, -0.0491671544493414, 0.9983318608481301, -0.030266921529358087, 0.3318745194600178, 0.0, 0.0, 0.0, 1.0]",True,True
510,"[0.15221776119096522, -1.2295618967506134, 1.6764494970276682, -0.4172687653694153, 1.5867405112477493, -0.0594603070797006]","[0.7756286708657426, 0.2833564516599078, 0.3383084403394918]","[-0.13735850771352895, 0.021146882892357628, 0.9902956375258095, 0.98871035150624, 0.06335681852984826, 0.13578569280370897, -0.05987053685344542, 0.9977668680056042, -0.029610740064501023]","[0.4733887331654131, 0.4552184678319642, 0.5546003214721116, 0.5109772375358759]","[-0.13735850771352895, 0.021146882892357628, 0.9902956375258095, 0.7756286708657426, 0.98871035150624, 0.06335681852984826, 0.13578569280370897, 0.2833564516599078, -0.05987053685344542, 0.9977668680056042, -0.029610740064501023, 0.3383084403394918, 0.0, 0.0, 0.0, 1.0]",True,True
511,"[0.1535743168374959, -1.2521768438830454, 1.685623626377864, -0.41365802883940106, 1.5895138933795478, -0.05354922084545496]","[0.7667234956469178, 0.2828308127463565, 0.35062910110930673]","[-0.13530589082455943, 0.01233018735183999, 0.9907271483047391, 0.989337627421983, 0.05606021623964984, 0.13441841809144142, -0.05388297388984989, 0.9983512501294484, -0.01978399579846116]","[0.474597284446674, 0.4550873236902595, 0.5502613249317706, 0.5146507745030723]","[-0.13530589082455943, 0.01233018735183999, 0.9907271483047391, 0.7667234956469178, 0.989337627421983, 0.05606021623964984, 0.13441841809144142, 0.2828308127463565, -0.05388297388984989, 0.9983512501294484, -0.01978399579846116, 0.35062910110930673, 0.0, 0.0, 0.0, 1.0]",True,True
512,"[0.1576058362782868, -1.2483009087369525, 1.6941264587378033, -0.40811916786800906, 1.591131725025128, -0.05806136657077602]","[0.7627497182362004, 0.28531923200183246, 0.341879706124402]","[-0.13878382874271608, 0.02922601740521364, 0.9898913520109883, 0.9885783545333612, 0.06338955517311684, 0.13672820207647737, -0.058752751660021085, 0.9975608273191087, -0.037689653365232265]","[0.47088110841941, 0.4570328952737973, 0.5567456863957423, 0.5093389392645057]","[-0.13878382874271608, 0.02922601740521364, 0.9898913520109883, 0.7627497182362004, 0.9885783545333612, 0.06338955517311684, 0.13672820207647737, 0.28531923200183246, -0.058752751660021085, 0.9975608273191087, -0.037689653365232265, 0.341879706124402, 0.0, 0.0, 0.0, 1.0]",True,True
513,"[0.16420037763287348, -1.2621478124766226, 1.6905335966364947, -0.41825655318744887, 1.5766801041883332, -0.058533976971021404]","[0.7600785341347288, 0.29156536376183445, 0.3560168487835359]","[-0.15797096040978864, 0.0007527152347095295, 0.9874434713374656, 0.9857059639534383, 0.05942184757105933, 0.1576476979148907, -0.058557051614915145, 0.9982326770102333, -0.010128882226136133]","[0.4720492572113462, 0.4451786366856816, 0.5539678894590786, 0.5216369021198062]","[-0.15797096040978864, 0.0007527152347095295, 0.9874434713374656, 0.7600785341347288, 0.9857059639534383, 0.05942184757105933, 0.1576476979148907, 0.29156536376183445, -0.058557051614915145, 0.9982326770102333, -0.010128882226136133, 0.3560168487835359, 0.0, 0.0, 0.0, 1.0]",True,True
514,"[0.16466684224465253, -1.2833036569964105, 1.703736640895562, -0.4106240959309927, 1.5883790780515166, -0.048496831789985796]","[0.7497836243951242, 0.28913842041258386, 0.3639959926029294]","[-0.14685193197068935, 0.0025599957465895213, 0.9891551731140334, 0.9879614906449073, 0.04956037684819246, 0.146546450142464, -0.04864774485182805, 0.9987678486357291, -0.009807214303197654]","[0.47246725563109276, 0.45094204325065873, 0.5491401285469127, 0.5214125863506028]","[-0.14685193197068935, 0.0025599957465895213, 0.9891551731140334, 0.7497836243951242, 0.9879614906449073, 0.04956037684819246, 0.146546450142464, 0.28913842041258386, -0.04864774485182805, 0.9987678486357291, -0.009807214303197654, 0.3639959926029294, 0.0, 0.0, 0.0, 1.0]",True,True
515,"[0.1727425899861362, -1.2898482583497046, 1.713023760407404, -0.4075906917537506, 1.5805489866578522, -0.06344558304361599]","[0.7422244999046765, 0.29500951023079575, 0.36316305430229157]","[-0.1629172885581423, 0.005032917821849013, 0.9866268934237815, 0.9845911512305261, 0.06523599687269996, 0.16224835786710384, -0.0635470062820404, 0.9978571713678382, -0.015583438079150688]","[0.4708331100919432, 0.4436863060339783, 0.5576147244087966, 0.5201196625792693]","[-0.1629172885581423, 0.005032917821849013, 0.9866268934237815, 0.7422244999046765, 0.9845911512305261, 0.06523599687269996, 0.16224835786710384, 0.29500951023079575, -0.0635470062820404, 0.9978571713678382, -0.015583438079150688, 0.36316305430229157, 0.0, 0.0, 0.0, 1.0]",True,True
516,"[0.1723167221287144, -1.29761934651236, 1.7206942434986008, -0.40254253942083884, 1.5901504273853486, -0.056348794087193045]","[0.7374336960895181, 0.29293927329262326, 0.36407097310230613]","[-0.15326816259792317, 0.011613381370439498, 0.9881163897573003, 0.9865564090336257, 0.0591761107854028, 0.15233069194023716, -0.05670381052922533, 0.9981800024471829, -0.020527069591328606]","[0.4704733995127011, 0.4494671278881257, 0.5551962137331843, 0.5180649047709155]","[-0.15326816259792317, 0.011613381370439498, 0.9881163897573003, 0.7374336960895181, 0.9865564090336257, 0.0591761107854028, 0.15233069194023716, 0.29293927329262326, -0.05670381052922533, 0.9981800024471829, -0.020527069591328606, 0.36407097310230613, 0.0, 0.0, 0.0, 1.0]",True,True
517,"[0.18098346403215393, -1.3087426602197125, 1.7184469935719577, -0.4053792163427449, 1.576788162194676, -0.07311443950322952]","[0.7331099419288538, 0.3002501324801463, 0.3743397018926627]","[-0.1739455971056871, -0.008474786637324226, 0.9847187960219902, 0.982040248590486, 0.07271013158043245, 0.17409821054190272, -0.07307447841676647, 0.9973171084249018, -0.00432502567732223]","[0.47287406061165566, 0.4352210062115576, 0.5592362547178611, 0.5236674612404164]","[-0.1739455971056871, -0.008474786637324226, 0.9847187960219902, 0.7331099419288538, 0.982040248590486, 0.07271013158043245, 0.17409821054190272, 0.3002501324801463, -0.07307447841676647, 0.9973171084249018, -0.00432502567732223, 0.3743397018926627, 0.0, 0.0, 0.0, 1.0]",True,True
518,"[0.1780857903711007, -1.3097877551431831, 1.732508370088524, -0.401818436007375, 1.5815371156263116, -0.07067232010959598]","[0.7285722753766029, 0.2967068972070408, 0.3661878996970079]","[-0.167604072492033, 0.008756852473185443, 0.9858154961344685, 0.9833072350201598, 0.0733202634612424, 0.1665263358240432, -0.07082200534504336, 0.9972700018052969, -0.02089945114518041]","[0.47032348969194315, 0.441580999136032, 0.5616546508083182, 0.5180213214447863]","[-0.167604072492033, 0.008756852473185443, 0.9858154961344685, 0.7285722753766029, 0.9833072350201598, 0.0733202634612424, 0.1665263358240432, 0.2967068972070408, -0.07082200534504336, 0.9972700018052969, -0.02089945114518041, 0.3661878996970079, 0.0, 0.0, 0.0, 1.0]",True,True
519,"[0.18884530027737834, -1.3220951642113068, 1.7371549531027464, -0.4061781826741257, 1.5767256040937145, -0.05510980785544264]","[0.7212325758367392, 0.304195696294703, 0.3731793553763543]","[-0.18210231042365288, -0.0013089404472635476, 0.9832787169532724, 0.9817327412696317, 0.055827753049192096, 0.1818903150491881, -0.0551323249789271, 0.9984395568407654, -0.008881333122568245]","[0.4649849754301129, 0.43901915381043544, 0.5583035457068614, 0.528534110595497]","[-0.18210231042365288, -0.0013089404472635476, 0.9832787169532724, 0.7212325758367392, 0.9817327412696317, 0.055827753049192096, 0.1818903150491881, 0.304195696294703, -0.0551323249789271, 0.9984395568407654, -0.008881333122568245, 0.3731793553763543, 0.0, 0.0, 0.0, 1.0]",True,True
520,"[0.19306883467346794, -1.3463448709954744, 1.7567515354933114, -0.4009484115798988, 1.576825180431893, -0.06729875363685583]","[0.7067663958806386, 0.304654009852772, 0.37904441082907236]","[-0.18615486670920192, -0.003243497950064839, 0.9825150611168906, 0.9802126436210397, 0.06788572185897442, 0.1859427386405249, -0.06730184905284448, 0.9976878311820456, -0.009457939803902889]","[0.466977760537338, 0.43457374265932314, 0.5620272520910528, 0.5265005235150115]","[-0.18615486670920192, -0.003243497950064839, 0.9825150611168906, 0.7067663958806386, 0.9802126436210397, 0.06788572185897442, 0.1859427386405249, 0.304654009852772, -0.06730184905284448, 0.9976878311820456, -0.009457939803902889, 0.37904441082907236, 0.0, 0.0, 0.0, 1.0]",True,True
521,"[0.1909676730374972, -1.352361991910139, 1.755298279773363, -0.3855689263004158, 1.5753480424480462, -0.06777258983338043]","[0.7046049745567061, 0.30276571639367417, 0.3830629467862889]","[-0.18606803060153312, 0.004460361702350899, 0.9825267391585589, 0.9801955360151133, 0.06983618692995416, 0.18530951991500275, -0.06778937353384554, 0.9975485011610056, -0.017366308396434264]","[0.46540354745424606, 0.43630897620406184, 0.564196447597803, 0.5241339369081018]","[-0.18606803060153312, 0.004460361702350899, 0.9825267391585589, 0.7046049745567061, 0.9801955360151133, 0.06983618692995416, 0.18530951991500275, 0.30276571639367417, -0.06778937353384554, 0.9975485011610056, -0.017366308396434264, 0.3830629467862889, 0.0, 0.0, 0.0, 1.0]",True,True
522,"[0.2029401081939755, -1.3584769024603314, 1.7605684223189897, -0.38796854449036505, 1.5759503915161421, -0.06284496601595872]","[0.6979175575825634, 0.31050313280466213, 0.3846007467994473]","[-0.19698035821430585, 0.0014645009688437883, 0.9804063411232488, 0.9783895456721428, 0.06441995422673477, 0.19647892104977416, -0.06286998804852542, 0.997921802915608, -0.014122318097274888]","[0.4618758702062584, 0.43379776557061533, 0.5646951900225279, 0.5287811659586356]","[-0.19698035821430585, 0.0014645009688437883, 0.9804063411232488, 0.6979175575825634, 0.9783895456721428, 0.06441995422673477, 0.19647892104977416, 0.31050313280466213, -0.06286998804852542, 0.997921802915608, -0.014122318097274888, 0.3846007467994473, 0.0, 0.0, 0.0, 1.0]",True,True
523,"[0.20406122598804902, -1.3666389013549265, 1.7777963117749975, -0.3857604482537854, 1.5757106404945722, -0.06267351865578841]","[0.6894721395751058, 0.30963237900997465, 0.3798546185603346]","[-0.19900381430953645, 0.012427637475547355, 0.9799199129097398, 0.977988532495206, 0.06653057539525101, 0.19776782560732686, -0.0627368488061741, 0.9977069892329877, -0.025393925208956183]","[0.45883897934808204, 0.4358496115359542, 0.5680951317591411, 0.526089182958871]","[-0.19900381430953645, 0.012427637475547355, 0.9799199129097398, 0.6894721395751058, 0.977988532495206, 0.06653057539525101, 0.19776782560732686, 0.30963237900997465, -0.0627368488061741, 0.9977069892329877, -0.025393925208956183, 0.3798546185603346, 0.0, 0.0, 0.0, 1.0]",True,True
524,"[0.20612189391497346, -1.3791868907794067, 1.7761794215830833, -0.3860607108674891, 1.57948072843864, -0.06447769597902771]","[0.6863127471310445, 0.31017049751866194, 0.3901210448977337]","[-0.19643959813656336, -0.0019610717282809494, 0.9805139664898312, 0.9783905910385713, 0.06541391869223004, 0.19614502442968468, -0.06452391534261381, 0.9978562889710135, -0.0109311897731377]","[0.4631530877535334, 0.43274636709750214, 0.564088802096339, 0.5291725828288903]","[-0.19643959813656336, -0.0019610717282809494, 0.9805139664898312, 0.6863127471310445, 0.9783905910385713, 0.06541391869223004, 0.19614502442968468, 0.31017049751866194, -0.06452391534261381, 0.9978562889710135, -0.0109311897731377, 0.3901210448977337, 0.0, 0.0, 0.0, 1.0]",True,True
525,"[0.20901880203082715, -1.392314033460382, 1.7825036686296545, -0.37644645519770203, 1.5783523134007449, -0.06574076712322652]","[0.6788051509269691, 0.31086244658733564, 0.3949396119708487]","[-0.20055437799773115, 0.00026911354015621985, 0.9796825348263821, 0.9774709752667503, 0.06721022148024813, 0.20008317930211908, -0.06579083505330437, 0.997738800341291, -0.013742354838614882]","[0.46176657757028655, 0.43185001891878955, 0.5660183200031149, 0.5290561883389298]","[-0.20055437799773115, 0.00026911354015621985, 0.9796825348263821, 0.6788051509269691, 0.9774709752667503, 0.06721022148024813, 0.20008317930211908, 0.31086244658733564, -0.06579083505330437, 0.997738800341291, -0.013742354838614882, 0.3949396119708487, 0.0, 0.0, 0.0, 1.0]",True,True
526,"[0.2159779036053801, -1.405152567795584, 1.7904996480675595, -0.3761128653549284, 1.5749237927714523, -0.06627206432137879]","[0.6705359885576971, 0.31456635929924115, 0.39926017903849775]","[-0.2104052243749128, -0.00492504460113846, 0.9776018542798594, 0.9753662988252001, 0.06671757978578992, 0.21026019039170749, -0.06625877052717571, 0.9977597448700781, -0.009234004820418832]","[0.4601842974804926, 0.4278174846414403, 0.5670883548842106, 0.5325536686026826]","[-0.2104052243749128, -0.00492504460113846, 0.9776018542798594, 0.6705359885576971, 0.9753662988252001, 0.06671757978578992, 0.21026019039170749, 0.31456635929924115, -0.06625877052717571, 0.9977597448700781, -0.009234004820418832, 0.39926017903849775, 0.0, 0.0, 0.0, 1.0]",True,True
527,"[0.2277994569591056, -1.4196413320785894, 1.8084573391409342, -0.3719946468014958, 1.5670001036442949, -0.0655168127396812]","[0.6564818473091918, 0.3208357441024678, 0.3981324283554212]","[-0.23011071348919715, 0.0013235216203904326, 0.9731635565659111, 0.9709646211826136, 0.06751251461076277, 0.2294989428791238, -0.06539697201856064, 0.9977175495406763, -0.01682044557530193]","[0.45292972841994594, 0.4240274806764716, 0.5732459493261295, 0.5352050432551838]","[-0.23011071348919715, 0.0013235216203904326, 0.9731635565659111, 0.6564818473091918, 0.9709646211826136, 0.06751251461076277, 0.2294989428791238, 0.3208357441024678, -0.06539697201856064, 0.9977175495406763, -0.01682044557530193, 0.3981324283554212, 0.0, 0.0, 0.0, 1.0]",True,True
528,"[0.2311597132743384, -1.429134856799908, 1.795968230180413, -0.37828131494027645, 1.5745681172357318, -0.0758412893757515]","[0.6576728762062496, 0.3228579874555929, 0.4132706572443743]","[-0.2239413674173537, -0.0281919635360543, 0.9741947839889245, 0.9716566557918398, 0.07120300687405504, 0.2254184443818013, -0.07572058646539778, 0.9970633605764856, 0.01144761028604498]","[0.4633328311653368, 0.4163556218614522, 0.5665017131495199, 0.5394872498097947]","[-0.2239413674173537, -0.0281919635360543, 0.9741947839889245, 0.6576728762062496, 0.9716566557918398, 0.07120300687405504, 0.2254184443818013, 0.3228579874555929, -0.07572058646539778, 0.9970633605764856, 0.01144761028604498, 0.4132706572443743, 0.0, 0.0, 0.0, 1.0]",True,True
529,"[0.22453049665013589, -1.4358220262018262, 1.8097148328721986, -0.3738408937103233, 1.5686041136312505, -0.07504752369567763]","[0.6530081486936146, 0.31750427119065266, 0.40900091820593387]","[-0.22415639906052875, -0.016803283491615115, 0.9744083119637873, 0.9716647367348241, 0.07306983307140781, 0.22478531731623694, -0.07497698411020359, 0.9971852632078038, -5.191263107984746e-05]","[0.46066840606335246, 0.41917349644841073, 0.5694905935928654, 0.5364314153174757]","[-0.22415639906052875, -0.016803283491615115, 0.9744083119637873, 0.6530081486936146, 0.9716647367348241, 0.07306983307140781, 0.22478531731623694, 0.31750427119065266, -0.07497698411020359, 0.9971852632078038, -5.191263107984746e-05, 0.40900091820593387, 0.0, 0.0, 0.0, 1.0]",True,True
530,"[0.2386765202331825, -1.4536474537738329, 1.8155260362444574, -0.3659064275378745, 1.5690154356199655, -0.07184142596997103]","[0.6408055445721064, 0.32481025325702395, 0.4171652221592834]","[-0.2372516715585471, -0.02099765597684339, 0.9712212635574622, 0.96879222923103, 0.06876469127443792, 0.23814498486321822, -0.07178621681246683, 0.997411908730495, 0.0040278279933644925]","[0.4570396174592678, 0.4153178930571287, 0.570523561047136, 0.5414136145955035]","[-0.2372516715585471, -0.02099765597684339, 0.9712212635574622, 0.6408055445721064, 0.96879222923103, 0.06876469127443792, 0.23814498486321822, 0.32481025325702395, -0.07178621681246683, 0.997411908730495, 0.0040278279933644925, 0.4171652221592834, 0.0, 0.0, 0.0, 1.0]",True,True
531,"[0.23077631402153687, -1.458866837627783, 1.8259641595619769, -0.3675103818247257, 1.5643337308503031, -0.06887796616246895]","[0.6387190615511303, 0.31909260834519104, 0.414405604080535]","[-0.23443483001863066, -0.016576043509793626, 0.9719905067724156, 0.9696923574422618, 0.06680155526086935, 0.2350197526438957, -0.06882617519668406, 0.9976285816857345, 0.0004130514555152264]","[0.4562838416758131, 0.4178368590924528, 0.5702682118582415, 0.5403809596509846]","[-0.23443483001863066, -0.016576043509793626, 0.9719905067724156, 0.6387190615511303, 0.9696923574422618, 0.06680155526086935, 0.2350197526438957, 0.31909260834519104, -0.06882617519668406, 0.9976285816857345, 0.0004130514555152264, 0.414405604080535, 0.0, 0.0, 0.0, 1.0]",True,True
532,"[0.24758344725109444, -1.4712754455030663, 1.8411046889013762, -0.3586897581242632, 1.56820849523621, -0.06587237542458184]","[0.624186488182438, 0.3271185455369132, 0.41269049708605965]","[-0.2477437050269552, -0.00552004824941911, 0.9688098810844371, 0.9665890970630618, 0.06649951345520183, 0.24755470536638235, -0.06579189964070016, 0.9977711880875021, -0.011139217392730962]","[0.44933745421328825, 0.4174014850568257, 0.5756262754328733, 0.5408569529411225]","[-0.2477437050269552, -0.00552004824941911, 0.9688098810844371, 0.624186488182438, 0.9665890970630618, 0.06649951345520183, 0.24755470536638235, 0.3271185455369132, -0.06579189964070016, 0.9977711880875021, -0.011139217392730962, 0.41269049708605965, 0.0, 0.0, 0.0, 1.0]",True,True
533,"[0.24986642112914398, -1.4825599387818933, 1.8467157055516796, -0.36400356584294524, 1.5680883515338537, -0.0642350385283325]","[0.6191392657418948, 0.3274570750024461, 0.4173744195401288]","[-0.24939158895163732, -0.015893969026657993, 0.9682722845918689, 0.9662729531152386, 0.062191802929349074, 0.24989749843956582, -0.06419046220532591, 0.9979376540631066, -0.000152200164206455]","[0.4507349592092634, 0.41490023146631894, 0.5726551300838038, 0.5447585671327442]","[-0.24939158895163732, -0.015893969026657993, 0.9682722845918689, 0.6191392657418948, 0.9662729531152386, 0.062191802929349074, 0.24989749843956582, 0.3274570750024461, -0.06419046220532591, 0.9979376540631066, -0.000152200164206455, 0.4173744195401288, 0.0, 0.0, 0.0, 1.0]",True,True
534,"[0.2555906325485535, -1.4956045671164853, 1.8389905613684996, -0.3681764816206338, 1.5775829872289513, -0.06925813463082711]","[0.6165246724014573, 0.3299002215581261, 0.43151125956019276]","[-0.24399693598123995, -0.04096616866710049, 0.9689103509904852, 0.9673172206438905, 0.06082003772447729, 0.2461672554524097, -0.06901369340605848, 0.9973077238425118, 0.024787377564452675]","[0.45869665338535276, 0.40938846122290445, 0.5656919647964925, 0.5495371406513885]","[-0.24399693598123995, -0.04096616866710049, 0.9689103509904852, 0.6165246724014573, 0.9673172206438905, 0.06082003772447729, 0.2461672554524097, 0.3299002215581261, -0.06901369340605848, 0.9973077238425118, 0.024787377564452675, 0.43151125956019276, 0.0, 0.0, 0.0, 1.0]",True,True
535,"[0.255524542560859, -1.5029275017675063, 1.8500320011709432, -0.3558064133250315, 1.5617317197548346, -0.07848090988618601]","[0.6093769227520603, 0.32949705249955286, 0.4283147396540243]","[-0.26004738465014793, -0.028896018856119737, 0.9651633943695154, 0.9624016153861809, 0.07347941010514618, 0.2615031682268292, -0.07847603735337005, 0.9968780248279459, 0.008701446801880265]","[0.45335788077877237, 0.405515646567067, 0.5755052884104137, 0.5466418894822465]","[-0.26004738465014793, -0.028896018856119737, 0.9651633943695154, 0.6093769227520603, 0.9624016153861809, 0.07347941010514618, 0.2615031682268292, 0.32949705249955286, -0.07847603735337005, 0.9968780248279459, 0.008701446801880265, 0.4283147396540243, 0.0, 0.0, 0.0, 1.0]",True,True
536,"[0.25229198025018623, -1.5235109889842562, 1.8670809500588879, -0.35642703127194103, 1.5683499622470634, -0.06724135344299839]","[0.5995412788761639, 0.32408611672777404, 0.43133131548921105]","[-0.25058604180306104, -0.0293530926677815, 0.9676492296304026, 0.9657580311844843, 0.06182031194314653, 0.2519715742577334, -0.06721652219613093, 0.9976555743251719, 0.012856677711148762]","[0.4538972757825372, 0.4107118724065094, 0.5699889639359386, 0.5480926946172205]","[-0.25058604180306104, -0.0293530926677815, 0.9676492296304026, 0.5995412788761639, 0.9657580311844843, 0.06182031194314653, 0.2519715742577334, 0.32408611672777404, -0.06721652219613093, 0.9976555743251719, 0.012856677711148762, 0.43133131548921105, 0.0, 0.0, 0.0, 1.0]",True,True
537,"[0.2672406780993266, -1.52778623307918, 1.869792482601038, -0.3509368572543016, 1.5709395445706933, -0.06324762682473858]","[0.5920279011527698, 0.3320520127916659, 0.4319253056475127]","[-0.2628607953554397, -0.025278268195641405, 0.9645025720142661, 0.9627615234637111, 0.058610698649338454, 0.26392240325836347, -0.06320167088724316, 0.9979608184497355, 0.00893048913525687]","[0.44851989711415124, 0.40914484503045023, 0.5728309097957096, 0.5507223860170745]","[-0.2628607953554397, -0.025278268195641405, 0.9645025720142661, 0.5920279011527698, 0.9627615234637111, 0.058610698649338454, 0.26392240325836347, 0.3320520127916659, -0.06320167088724316, 0.9979608184497355, 0.00893048913525687, 0.4319253056475127, 0.0, 0.0, 0.0, 1.0]",True,True
538,"[0.2787127012362387, -1.5477350347684735, 1.8740373980185636, -0.34621537804000874, 1.5664858783145095, -0.08186768923338042]","[0.5803762476943728, 0.3370158303934043, 0.44184946195287905]","[-0.27675818657862744, -0.04191595511279523, 0.9600249782524888, 0.9574477553980612, 0.07306314353221752, 0.27920525199287527, -0.08184559759036564, 0.9964460997786949, 0.01991151402840123]","[0.4517234970039723, 0.3969468339276539, 0.5766085795586213, 0.5530837542983005]","[-0.27675818657862744, -0.04191595511279523, 0.9600249782524888, 0.5803762476943728, 0.9574477553980612, 0.07306314353221752, 0.27920525199287527, 0.3370158303934043, -0.08184559759036564, 0.9964460997786949, 0.01991151402840123, 0.44184946195287905, 0.0, 0.0, 0.0, 1.0]",True,True
539,"[0.2670133836571685, -1.541030565404142, 1.8804579957623526, -0.35107927302335107, 1.5579097454809077, -0.07187413539568774]","[0.5847428259691865, 0.3311494487557779, 0.4338652359600648]","[-0.27473833477176335, -0.03104842999678429, 0.96101760774794, 0.958822723810264, 0.06595122031724879, 0.27624159868443376, -0.07195715191629319, 0.9973396771077548, 0.011650611773422376]","[0.44801325240413026, 0.40238657816133894, 0.5764197566261045, 0.5523671166506785]","[-0.27473833477176335, -0.03104842999678429, 0.96101760774794, 0.5847428259691865, 0.958822723810264, 0.06595122031724879, 0.27624159868443376, 0.3311494487557779, -0.07195715191629319, 0.9973396771077548, 0.011650611773422376, 0.4338652359600648, 0.0, 0.0, 0.0, 1.0]",True,True
540,"[0.2758420306112136, -1.5568375028777077, 1.8853205024850868, -0.3497953237786059, 1.5698146591734086, -0.072424980012949]","[0.5758335481365855, 0.3334703870235171, 0.4409032214982283]","[-0.2711011892098608, -0.04022788215086953, 0.9617098640996956, 0.9598266983756026, 0.06381784827454544, 0.27323980553169214, -0.07236611288710351, 0.9971504398731732, 0.021310700747468176]","[0.45111732393362836, 0.4011764766808135, 0.5730637697361739, 0.5542098072216838]","[-0.2711011892098608, -0.04022788215086953, 0.9617098640996956, 0.5758335481365855, 0.9598266983756026, 0.06381784827454544, 0.27323980553169214, 0.3334703870235171, -0.07236611288710351, 0.9971504398731732, 0.021310700747468176, 0.4409032214982283, 0.0, 0.0, 0.0, 1.0]",True,True
541,"[0.2824634987780999, -1.5710177254101534, 1.9044222641613004, -0.3355771338665674, 1.5676997572594273, -0.07791729997554837]","[0.5622384466206439, 0.3341778257987265, 0.43650853788873817]","[-0.28067779928242453, -0.024006869004342703, 0.9595017682269185, 0.956640019998541, 0.07408262607054827, 0.28169422544965733, -0.07784500707923439, 0.9969631060150118, 0.0021725831938725197]","[0.445975730836891, 0.40095728932554486, 0.5815040503210404, 0.5497198733004268]","[-0.28067779928242453, -0.024006869004342703, 0.9595017682269185, 0.5622384466206439, 0.956640019998541, 0.07408262607054827, 0.28169422544965733, 0.3341778257987265, -0.07784500707923439, 0.9969631060150118, 0.0021725831938725197, 0.43650853788873817, 0.0, 0.0, 0.0, 1.0]",True,True
542,"[0.2885124965285429, -1.5766397241097019, 1.9011477055329549, -0.3365036496621724, 1.5583293761274601, -0.07357939085266012]","[0.5593162639123158, 0.33820955190402224, 0.44223020955091014]","[-0.2948074064133917, -0.03326176937112872, 0.9549776163984743, 0.9527136292316339, 0.06680460534281853, 0.29643529712448047, -0.07365686526114208, 0.9972115118686166, 0.011994448574647112]","[0.44271651412164265, 0.39572513809118276, 0.5808652088009668, 0.5567758188097837]","[-0.2948074064133917, -0.03326176937112872, 0.9549776163984743, 0.5593162639123158, 0.9527136292316339, 0.06680460534281853, 0.29643529712448047, 0.33820955190402224, -0.07365686526114208, 0.9972115118686166, 0.011994448574647112, 0.44223020955091014, 0.0, 0.0, 0.0, 1.0]",True,True
543,"[0.2857246402006954, -1.5858955340542735, 1.9121621612711406, -0.33456684578154566, 1.5627862283379599, -0.07796763981606222]","[0.5542266431761973, 0.3344491993780461, 0.44087225523901635]","[-0.28802890257968916, -0.030490433398102722, 0.9571361892384678, 0.9544437096654061, 0.07222033965175287, 0.2895193044008008, -0.07795226974808418, 0.9969225426339707, 0.008299857187964428]","[0.4451099005470525, 0.39731942457567865, 0.581366791501604, 0.5531971665048322]","[-0.28802890257968916, -0.030490433398102722, 0.9571361892384678, 0.5542266431761973, 0.9544437096654061, 0.07222033965175287, 0.2895193044008008, 0.3344491993780461, -0.07795226974808418, 0.9969225426339707, 0.008299857187964428, 0.44087225523901635, 0.0, 0.0, 0.0, 1.0]",True,True
544,"[0.29299505070091714, -1.595996629808338, 1.920158054563209, -0.3336464422823145, 1.5568747520640163, -0.07761791315038001]","[0.5461989598892842, 0.3373552396983125, 0.44199974796422553]","[-0.30050646510333584, -0.03247972025841265, 0.9532265901678533, 0.9506121827150421, 0.07118536159601407, 0.3021077992508437, -0.07766815631158627, 0.9969341563344994, 0.009483956388502645]","[0.4416341395547848, 0.39332690503960804, 0.5835683058372103, 0.5565080996481149]","[-0.30050646510333584, -0.03247972025841265, 0.9532265901678533, 0.5461989598892842, 0.9506121827150421, 0.07118536159601407, 0.3021077992508437, 0.3373552396983125, -0.07766815631158627, 0.9969341563344994, 0.009483956388502645, 0.44199974796422553, 0.0, 0.0, 0.0, 1.0]",True,True
545,"[0.2975375254727444, -1.6008950998336535, 1.925317187148336, -0.32863471672569255, 1.5544885927805416, -0.0735595214793261]","[0.5411027299285738, 0.3389718554798189, 0.44128522052413605]","[-0.3075873470753882, -0.026705317783454616, 0.9511450204470447, 0.9486721217396169, 0.06867165921603649, 0.3087157408597272, -0.07356105867358315, 0.9972818203610258, 0.0042120570058348395]","[0.4374060953926233, 0.3935508025346729, 0.5856720390469375, 0.5574781934894822]","[-0.3075873470753882, -0.026705317783454616, 0.9511450204470447, 0.5411027299285738, 0.9486721217396169, 0.06867165921603649, 0.3087157408597272, 0.3389718554798189, -0.07356105867358315, 0.9972818203610258, 0.0042120570058348395, 0.44128522052413605, 0.0, 0.0, 0.0, 1.0]",True,True
546,"[0.3011252442543625, -1.6214257725063286, 1.9340007303703999, -0.3244089348780211, 1.545958694010801, -0.07858551743681058]","[0.5305093262342464, 0.3388231157440354, 0.44792673519910997]","[-0.3183439711514693, -0.03640506338693173, 0.947275982695279, 0.9446951435264037, 0.07087187944754131, 0.3202003474407871, -0.07879214319423043, 0.9968208705998118, 0.01183005103510678]","[0.4371378384820912, 0.38696062408398957, 0.586810403700357, 0.5610931613241769]","[-0.3183439711514693, -0.03640506338693173, 0.947275982695279, 0.5305093262342464, 0.9446951435264037, 0.07087187944754131, 0.3202003474407871, 0.3388231157440354, -0.07879214319423043, 0.9968208705998118, 0.01183005103510678, 0.44792673519910997, 0.0, 0.0, 0.0, 1.0]",True,True
547,"[0.3086265573084553, -1.6293276104628256, 1.9372269379716491, -0.3330743877999641, 1.5436567308265186, -0.08320642880566523]","[0.5255095378536693, 0.3422368057144928, 0.45146890987379573]","[-0.3263512984125581, -0.05128367477829071, 0.9438563528025183, 0.9415297562812983, 0.07084995374275586, 0.3293964208845149, -0.0837648378576391, 0.9961677914668209, 0.02516313141879537]","[0.4386518513436918, 0.3800117157489657, 0.5856701547664261, 0.5658322357573395]","[-0.3263512984125581, -0.05128367477829071, 0.9438563528025183, 0.5255095378536693, 0.9415297562812983, 0.07084995374275586, 0.3293964208845149, 0.3422368057144928, -0.0837648378576391, 0.9961677914668209, 0.02516313141879537, 0.45146890987379573, 0.0, 0.0, 0.0, 1.0]",True,True
548,"[0.31315197044690163, -1.653038605122722, 1.9383730556785244, -0.3313650855752346, 1.555947479162073, -0.0690617015840015]","[0.5163760770268159, 0.3409663426726974, 0.46480597077925795]","[-0.31834731445395653, -0.06590181067972975, 0.9456806748205691, 0.9454145615803525, 0.051186931988397105, 0.3218248044285041, -0.06961532971827027, 0.9965123427949842, 0.04600930911748458]","[0.44126208953747803, 0.38224875553759546, 0.5752227693087412, 0.5729680819171002]","[-0.31834731445395653, -0.06590181067972975, 0.9456806748205691, 0.5163760770268159, 0.9454145615803525, 0.051186931988397105, 0.3218248044285041, 0.3409663426726974, -0.06961532971827027, 0.9965123427949842, 0.04600930911748458, 0.46480597077925795, 0.0, 0.0, 0.0, 1.0]",True,True
549,"[0.31431882542416356, -1.6465424804642337, 1.95282440054633, -0.31941737945387716, 1.55544794888557, -0.07472922194896163]","[0.5128761148233997, 0.34060870260054243, 0.45050863784869494]","[-0.32189079689995514, -0.03662604456095701, 0.9460680988866131, 0.943813091558381, 0.0665896813977971, 0.32370150221206945, -0.07485427892994717, 0.9971079917396904, 0.013133534738180802]","[0.4352678540956197, 0.3867770633595232, 0.5863759339279647, 0.563124020585239]","[-0.32189079689995514, -0.03662604456095701, 0.9460680988866131, 0.5128761148233997, 0.943813091558381, 0.0665896813977971, 0.32370150221206945, 0.34060870260054243, -0.07485427892994717, 0.9971079917396904, 0.013133534738180802, 0.45050863784869494, 0.0, 0.0, 0.0, 1.0]",True,True
550,"[0.3213464163828842, -1.6534502750465363, 1.953837188036172, -0.3190765307786253, 1.5604852884602545, -0.08154461897272436]","[0.5081816274128973, 0.3429533862090072, 0.453916152557052]","[-0.32308258613918406, -0.04419519885733112, 0.945338260588017, 0.9428434874346701, 0.07113233550404716, 0.3255554469637526, -0.08163210603460953, 0.9964873181549782, 0.018687536505747167]","[0.4378176806247692, 0.3831114530560987, 0.5864143980875394, 0.5636128518630683]","[-0.32308258613918406, -0.04419519885733112, 0.945338260588017, 0.5081816274128973, 0.9428434874346701, 0.07113233550404716, 0.3255554469637526, 0.3429533862090072, -0.08163210603460953, 0.9964873181549782, 0.018687536505747167, 0.453916152557052, 0.0, 0.0, 0.0, 1.0]",True,True
551,"[0.3286399346797228, -1.6688052160599949, 1.9674618243299191, -0.3128603302784689, 1.5504481813777224, -0.07780532478374169]","[0.49628858051705904, 0.344430265513672, 0.45359235665698827]","[-0.3398657391749801, -0.0399807646976745, 0.9396237639551446, 0.9372332517243378, 0.06847114935594695, 0.3419145120758977, -0.07800712273419644, 0.9968516640704698, 0.014200304316007767]","[0.43093088613401065, 0.3799548680939175, 0.590367805739549, 0.5669203855337716]","[-0.3398657391749801, -0.0399807646976745, 0.9396237639551446, 0.49628858051705904, 0.9372332517243378, 0.06847114935594695, 0.3419145120758977, 0.344430265513672, -0.07800712273419644, 0.9968516640704698, 0.014200304316007767, 0.45359235665698827, 0.0, 0.0, 0.0, 1.0]",True,True
552,"[0.322639369610104, -1.6718564144864452, 1.9634741471046127, -0.31381380830885236, 1.5594050046577386, -0.07823308673027439]","[0.49883383494348, 0.34073839169905146, 0.4580147013474078]","[-0.32520309480158366, -0.0466073242265927, 0.9444949467625062, 0.9423898165651973, 0.06681810429616408, 0.3277754941609883, -0.07838610058986996, 0.9966760247275462, 0.022192813422605845]","[0.436980498110953, 0.38268328532862717, 0.5851983393848494, 0.5658130883799053]","[-0.32520309480158366, -0.0466073242265927, 0.9444949467625062, 0.49883383494348, 0.9423898165651973, 0.06681810429616408, 0.3277754941609883, 0.34073839169905146, -0.07838610058986996, 0.9966760247275462, 0.022192813422605845, 0.4580147013474078, 0.0, 0.0, 0.0, 1.0]",True,True
553,"[0.32357790487407595, -1.6855864450496258, 1.9727216912219891, -0.30941878693183267, 1.5507488702997954, -0.073331466733729]","[0.4910313662398238, 0.3395387359189862, 0.4595762681928717]","[-0.33444480581352337, -0.04575167582189149, 0.9413041251497007, 0.9395296742337111, 0.06191705552877065, 0.33682379587692984, -0.07369303290441515, 0.9970321270621803, 0.022277219467723222]","[0.4329403738342529, 0.381235137149628, 0.5861067824796458, 0.5689474865381856]","[-0.33444480581352337, -0.04575167582189149, 0.9413041251497007, 0.4910313662398238, 0.9395296742337111, 0.06191705552877065, 0.33682379587692984, 0.3395387359189862, -0.07369303290441515, 0.9970321270621803, 0.022277219467723222, 0.4595762681928717, 0.0, 0.0, 0.0, 1.0]",True,True
554,"[0.33648879790933717, -1.6913549377029895, 1.9730568087920881, -0.3103183869253446, 1.55190199453725, -0.07545608513253545]","[0.4848355614013119, 0.34511773237874155, 0.4627486887963217]","[-0.3449162376532838, -0.05316061485909313, 0.9371268526890619, 0.9355603077616698, 0.06125388003965828, 0.3478144228190904, -0.07589268439048176, 0.9967055288338127, 0.028607503353428265]","[0.4315510241384566, 0.375906364322829, 0.5868480668664406, 0.5727717392135925]","[-0.3449162376532838, -0.05316061485909313, 0.9371268526890619, 0.4848355614013119, 0.9355603077616698, 0.06125388003965828, 0.3478144228190904, 0.34511773237874155, -0.07589268439048176, 0.9967055288338127, 0.028607503353428265, 0.4627486887963217, 0.0, 0.0, 0.0, 1.0]",True,True
555,"[0.34045938288322186, -1.6957818336929336, 1.9851912168691093, -0.30317053115635834, 1.553310345593206, -0.08015849412362473]","[0.4782088730510225, 0.34504161716819376, 0.4567790428945272]","[-0.3481854302421382, -0.040982602444637736, 0.9365294082216329, 0.9339796698942745, 0.07041738451674165, 0.35031895207368313, -0.08030493379163707, 0.9966753825868713, 0.013758610178163324]","[0.4289494621901182, 0.3767089642757911, 0.5926306194799414, 0.5682267716113788]","[-0.3481854302421382, -0.040982602444637736, 0.9365294082216329, 0.4782088730510225, 0.9339796698942745, 0.07041738451674165, 0.35031895207368313, 0.34504161716819376, -0.08030493379163707, 0.9966753825868713, 0.013758610178163324, 0.4567790428945272, 0.0, 0.0, 0.0, 1.0]",True,True
556,"[0.3415181137355109, -1.7009886577742779, 1.9828681947815765, -0.3088438955754438, 1.551052125041572, -0.08612496747349813]","[0.4773516575333979, 0.34559389747625796, 0.46175617018968823]","[-0.3499533265881601, -0.055712986433721204, 0.9351089414354437, 0.9327633016480601, 0.0714700816077392, 0.35333362496880033, -0.08651758381098208, 0.9958855810672324, 0.0269558363604357]","[0.4325715522835542, 0.3713558789906472, 0.590437882388034, 0.5712790651994997]","[-0.3499533265881601, -0.055712986433721204, 0.9351089414354437, 0.4773516575333979, 0.9327633016480601, 0.0714700816077392, 0.35333362496880033, 0.34559389747625796, -0.08651758381098208, 0.9958855810672324, 0.0269558363604357, 0.46175617018968823, 0.0, 0.0, 0.0, 1.0]",True,True
557,"[0.33408315394657057, -1.7072461588656291, 1.9932752902561965, -0.310388337168632, 1.5507855293038837, -0.08391793453263491]","[0.4754062862435851, 0.3404988146817496, 0.45871958980974425]","[-0.34358618741342756, -0.051992319508913996, 0.9376808255108923, 0.9353316896655891, 0.07066099966807542, 0.34664340962035073, -0.08428025940882646, 0.9961444783955744, 0.02435192058113019]","[0.43342436849921645, 0.37463345163551753, 0.5894690972604868, 0.5694903661007976]","[-0.34358618741342756, -0.051992319508913996, 0.9376808255108923, 0.4754062862435851, 0.9353316896655891, 0.07066099966807542, 0.34664340962035073, 0.3404988146817496, -0.08428025940882646, 0.9961444783955744, 0.02435192058113019, 0.45871958980974425, 0.0, 0.0, 0.0, 1.0]",True,True
558,"[0.3451470424412488, -1.722954837735298, 1.9893684146511872, -0.29939762223177246, 1.5438349525036017, -0.08454894026186474]","[0.46622466498609044, 0.3444822805168774, 0.4689602112349438]","[-0.35964715497046695, -0.06162490997717358, 0.9310511771067981, 0.9291823575703542, 0.06755148537712871, 0.3633963995464762, -0.08528816038376892, 0.9958108089861489, 0.032966079607737606]","[0.43036914678401356, 0.3673674182765351, 0.5903881267310214, 0.5755566325743009]","[-0.35964715497046695, -0.06162490997717358, 0.9310511771067981, 0.46622466498609044, 0.9291823575703542, 0.06755148537712871, 0.3633963995464762, 0.3444822805168774, -0.08528816038376892, 0.9958108089861489, 0.032966079607737606, 0.4689602112349438, 0.0, 0.0, 0.0, 1.0]",True,True
559,"[0.3452788902494624, -1.724791375846775, 2.0018048003305746, -0.29237907990246853, 1.543042263529832, -0.07937554738705581]","[0.46169476217027317, 0.3430083779227561, 0.46127248796547066]","[-0.36214449743104377, -0.043309829587956594, 0.9311152569051153, 0.9287077109234659, 0.06865502383336446, 0.36440153042178103, -0.07970790833858786, 0.9966999279439637, 0.01535913359486642]","[0.4248145654274306, 0.3721025883881773, 0.5948614098404649, 0.5720246076858375]","[-0.36214449743104377, -0.043309829587956594, 0.9311152569051153, 0.46169476217027317, 0.9287077109234659, 0.06865502383336446, 0.36440153042178103, 0.3430083779227561, -0.07970790833858786, 0.9966999279439637, 0.01535913359486642, 0.46127248796547066, 0.0, 0.0, 0.0, 1.0]",True,True
560,"[0.3368998446641089, -1.723536896615096, 1.9945309717725521, -0.28663896086423946, 1.5486468366941746, -0.07766254482668798]","[0.4663614584847346, 0.33921402681215596, 0.46473256678064473]","[-0.3491771307138656, -0.041982066484141725, 0.9361158248209209, 0.9338114027245831, 0.06748128671493646, 0.3513439057175219, -0.07792044358176081, 0.9968368883809514, 0.015640410320831844]","[0.4283528237101697, 0.376729734773606, 0.5918230324826776, 0.5695033481727216]","[-0.3491771307138656, -0.041982066484141725, 0.9361158248209209, 0.4663614584847346, 0.9338114027245831, 0.06748128671493646, 0.3513439057175219, 0.33921402681215596, -0.07792044358176081, 0.9968368883809514, 0.015640410320831844, 0.46473256678064473, 0.0, 0.0, 0.0, 1.0]",True,True
561,"[0.3573082842116435, -1.738709512657269, 2.0069455481646856, -0.30153140764476083, 1.5541101443990017, -0.08657043497898151]","[0.4532089334518286, 0.34583318985559197, 0.46644837487879515]","[-0.36126343653306414, -0.06265705514731565, 0.9303562881308358, 0.9283993394859109, 0.06888652275090106, 0.3651428671430049, -0.0869677863719969, 0.9956549303968499, 0.03328458667309653]","[0.4303799695881922, 0.3662531412981117, 0.5909452962438378, 0.5756868724522167]","[-0.36126343653306414, -0.06265705514731565, 0.9303562881308358, 0.4532089334518286, 0.9283993394859109, 0.06888652275090106, 0.3651428671430049, 0.34583318985559197, -0.0869677863719969, 0.9956549303968499, 0.03328458667309653, 0.46644837487879515, 0.0, 0.0, 0.0, 1.0]",True,True
562,"[0.35009107798382366, -1.7395437661186164, 2.0080458470316214, -0.2975932457028372, 1.5503087841083214, -0.08798596290083086]","[0.4546106699146918, 0.3425311484295198, 0.4658132838920321]","[-0.35834490036896405, -0.05903972132648956, 0.9317205824093656, 0.9293918796085874, 0.07196999303406416, 0.362009743267075, -0.0884288781856584, 0.9956578887390826, 0.029080957591846535]","[0.43090197558637, 0.367628939627012, 0.5918686374127248, 0.5734666217241302]","[-0.35834490036896405, -0.05903972132648956, 0.9317205824093656, 0.4546106699146918, 0.9293918796085874, 0.07196999303406416, 0.362009743267075, 0.3425311484295198, -0.0884288781856584, 0.9956578887390826, 0.029080957591846535, 0.4658132838920321, 0.0, 0.0, 0.0, 1.0]",True,True
563,"[0.35389447512498384, -1.7399301206844995, 2.0150800370956983, -0.2964295980267585, 1.5485206108782705, -0.08280380534976083]","[0.45123684972287903, 0.34366952527782335, 0.4613660008291383]","[-0.3644469218946329, -0.050274851652444164, 0.9298660550922654, 0.9275033089568961, 0.06957746887349975, 0.3672827081406985, -0.08316281017098769, 0.9963088954317739, 0.021272796900792538]","[0.4261464959024242, 0.3690199223385761, 0.5942961370115365, 0.5736162153221275]","[-0.3644469218946329, -0.050274851652444164, 0.9298660550922654, 0.45123684972287903, 0.9275033089568961, 0.06957746887349975, 0.3672827081406985, 0.34366952527782335, -0.08316281017098769, 0.9963088954317739, 0.021272796900792538, 0.4613660008291383, 0.0, 0.0, 0.0, 1.0]",True,True
564,"[0.3532129641440922, -1.750506009131917, 2.0207254364541494, -0.30234064162925356, 1.5580141940133, -0.07805527833906503]","[0.44767187303084516, 0.3410285457133478, 0.4639932050782394]","[-0.35443317944304936, -0.05794679702156744, 0.9332841421693784, 0.9317935243681472, 0.06173627039547932, 0.35770023883587615, -0.07834506529117044, 0.9964089530070459, 0.03211306761934644]","[0.42994655440292123, 0.3713884363244649, 0.5882296282531131, 0.5755019497505885]","[-0.35443317944304936, -0.05794679702156744, 0.9332841421693784, 0.44767187303084516, 0.9317935243681472, 0.06173627039547932, 0.35770023883587615, 0.3410285457133478, -0.07834506529117044, 0.9964089530070459, 0.03211306761934644, 0.4639932050782394, 0.0, 0.0, 0.0, 1.0]",True,True
565,"[0.35626948279034043, -1.7629437745969834, 2.0237009436167703, -0.29937772005485463, 1.5555353849109113, -0.08796533885695813]","[0.4415498770581267, 0.3407494958607669, 0.4684368698932675]","[-0.3584485141084783, -0.06793943794060722, 0.9310740547914214, 0.9293572029307755, 0.06844372319277456, 0.36278181613222615, -0.08837336756121442, 0.9953389822205424, 0.03860645513466973]","[0.43260884879385153, 0.3655479816535982, 0.5891276988409608, 0.576327000506304]","[-0.3584485141084783, -0.06793943794060722, 0.9310740547914214, 0.4415498770581267, 0.9293572029307755, 0.06844372319277456, 0.36278181613222615, 0.3407494958607669, -0.08837336756121442, 0.9953389822205424, 0.03860645513466973, 0.4684368698932675, 0.0, 0.0, 0.0, 1.0]",True,True
566,"[0.37012740760729035, -1.7657860682630553, 2.024876844225472, -0.28485088184389334, 1.5467938786843654, -0.08450625085411972]","[0.4337655296876587, 0.34652809023306386, 0.4677906322976054]","[-0.3806003386615038, -0.05633889570221264, 0.9230218367090801, 0.920825421824718, 0.06865062065636181, 0.38388492390927076, -0.08499367465922963, 0.9960487041879788, 0.025749837928994934]","[0.42243346219370836, 0.36228414357833116, 0.5965528311450862, 0.5782948114790019]","[-0.3806003386615038, -0.05633889570221264, 0.9230218367090801, 0.4337655296876587, 0.920825421824718, 0.06865062065636181, 0.38388492390927076, 0.34652809023306386, -0.08499367465922963, 0.9960487041879788, 0.025749837928994934, 0.4677906322976054, 0.0, 0.0, 0.0, 1.0]",True,True
567,"[0.3690799126170501, -1.7684098992943238, 2.021762735288906, -0.2975089064021601, 1.5510490746394383, -0.0841458295550967]","[0.4355136293631325, 0.3461888385973655, 0.4724233783645048]","[-0.3742840375152745, -0.07288437019639356, 0.9244454163672076, 0.9234255739774816, 0.061905324147787766, 0.3787518186973046, -0.0848331809236403, 0.9954172991380209, 0.044133116716866136]","[0.4277132226589971, 0.3604433109450331, 0.5899271660438677, 0.5823469391360172]","[-0.3742840375152745, -0.07288437019639356, 0.9244454163672076, 0.4355136293631325, 0.9234255739774816, 0.061905324147787766, 0.3787518186973046, 0.3461888385973655, -0.0848331809236403, 0.9954172991380209, 0.044133116716866136, 0.4724233783645048, 0.0, 0.0, 0.0, 1.0]",True,True
568,"[0.3703714606851648, -1.7705890447885604, 2.0233013177814643, -0.30109975570712616, 1.5622199643187404, -0.08365694801756468]","[0.4347583686634345, 0.3455267714217453, 0.4729280351318789]","[-0.3648724550198177, -0.07584263297104342, 0.92796335412118, 0.9272718482014826, 0.060185179379126236, 0.36951950383722554, -0.08387497303020763, 0.9953017829819869, 0.04836682429165627]","[0.4311842844570535, 0.36282762481287173, 0.5866623411527468, 0.5816042683673212]","[-0.3648724550198177, -0.07584263297104342, 0.92796335412118, 0.4347583686634345, 0.9272718482014826, 0.060185179379126236, 0.36951950383722554, 0.3455267714217453, -0.08387497303020763, 0.9953017829819869, 0.04836682429165627, 0.4729280351318789, 0.0, 0.0, 0.0, 1.0]",True,True
569,"[0.36703801943520914, -1.7710286774681012, 2.025425469568419, -0.2925255920253771, 1.5563721260622287, -0.08317995517303653]","[0.4341679869055446, 0.3439843527878018, 0.47094486099824073]","[-0.3680249179489767, -0.06638712267165532, 0.9274429414859048, 0.9260526152686345, 0.06348040782168729, 0.37201719258243254, -0.0835716071568053, 0.9957725582512158, 0.03811559669030203]","[0.4282438226533491, 0.36413564695695266, 0.5902096511156781, 0.5793660558786629]","[-0.3680249179489767, -0.06638712267165532, 0.9274429414859048, 0.4341679869055446, 0.9260526152686345, 0.06348040782168729, 0.37201719258243254, 0.3439843527878018, -0.0835716071568053, 0.9957725582512158, 0.03811559669030203, 0.47094486099824073, 0.0, 0.0, 0.0, 1.0]",True,True
570,"[0.36366748780218877, -1.7813632513067015, 2.031868030590071, -0.2894405852697613, 1.5577042894728683, -0.08757090101784776]","[0.4301878499750083, 0.340432466266148, 0.47188968066128983]","[-0.3633084178138885, -0.06841691853158899, 0.9291534420127877, 0.9275130810881311, 0.0675320264212019, 0.36763964668931937, -0.08790038655188362, 0.9953685501692767, 0.038922633234937255]","[0.43102965148648725, 0.36408684490447196, 0.5898978324676556, 0.5776458743528824]","[-0.3633084178138885, -0.06841691853158899, 0.9291534420127877, 0.4301878499750083, 0.9275130810881311, 0.0675320264212019, 0.36763964668931937, 0.340432466266148, -0.08790038655188362, 0.9953685501692767, 0.038922633234937255, 0.47188968066128983, 0.0, 0.0, 0.0, 1.0]",True,True
571,"[0.3625057419520403, -1.7779240755996057, 2.037363296559804, -0.2936776918814037, 1.5493009080088456, -0.08072005812785239]","[0.4305222149153354, 0.3407379109238396, 0.46692510585203506]","[-0.37082083524173215, -0.062109517948720876, 0.9266252294918381, 0.9251373964167804, 0.06266089072312342, 0.37442544054185906, -0.08131854586626959, 0.9961004068636667, 0.03422387389284147]","[0.42604692504882397, 0.36479254383221116, 0.5914511501535892, 0.5793064427424078]","[-0.37082083524173215, -0.062109517948720876, 0.9266252294918381, 0.4305222149153354, 0.9251373964167804, 0.06266089072312342, 0.37442544054185906, 0.3407379109238396, -0.08131854586626959, 0.9961004068636667, 0.03422387389284147, 0.46692510585203506, 0.0, 0.0, 0.0, 1.0]",True,True
572,"[0.3699476011645354, -1.7836032167727918, 2.034716711043896, -0.29508235776182484, 1.546481539456117, -0.0853224702435218]","[0.4268436796356291, 0.3437724952110207, 0.4717510727148687]","[-0.3792157235632358, -0.07356498991646976, 0.922379329376478, 0.9212842977233318, 0.06284698474916296, 0.38377792963687457, -0.08620137917016699, 0.9953082179739743, 0.04394170527679734]","[0.42648943904354897, 0.3584674275338011, 0.5912108344397119, 0.5831617365900454]","[-0.3792157235632358, -0.07356498991646976, 0.922379329376478, 0.4268436796356291, 0.9212842977233318, 0.06284698474916296, 0.38377792963687457, 0.3437724952110207, -0.08620137917016699, 0.9953082179739743, 0.04394170527679734, 0.4717510727148687, 0.0, 0.0, 0.0, 1.0]",True,True
573,"[0.3654006545390833, -1.771481503005175, 2.0423598653263557, -0.2953693403120288, 1.5381798294467524, -0.09188433673871735]","[0.43011752512657114, 0.34330348394042254, 0.46047381884178656]","[-0.3838485393557372, -0.0583379671761937, 0.9215513986860505, 0.9187490570519712, 0.07586963122039732, 0.38748415351417187, -0.09252280259795698, 0.9954097049176436, 0.024475505208048833]","[0.4232306100321398, 0.35909828884854644, 0.5990080686785625, 0.5771599460598831]","[-0.3838485393557372, -0.0583379671761937, 0.9215513986860505, 0.43011752512657114, 0.9187490570519712, 0.07586963122039732, 0.38748415351417187, 0.34330348394042254, -0.09252280259795698, 0.9954097049176436, 0.024475505208048833, 0.46047381884178656, 0.0, 0.0, 0.0, 1.0]",True,True
574,"[0.37820425579824263, -1.7778531408671656, 2.047265968720573, -0.28607810470545997, 1.545914590610267, -0.09326518558389106]","[0.4218008667052264, 0.34647115754814684, 0.4597533585186347]","[-0.3891086113292136, -0.051950288978643275, 0.9197258591909258, 0.9164314739095489, 0.07953957221725329, 0.39220761094026224, -0.0935299001251619, 0.9954770835767801, 0.016659347407549936]","[0.42044331017855124, 0.35871035287749337, 0.6024924970775397, 0.5758099483595933]","[-0.3891086113292136, -0.051950288978643275, 0.9197258591909258, 0.4218008667052264, 0.9164314739095489, 0.07953957221725329, 0.39220761094026224, 0.34647115754814684, -0.0935299001251619, 0.9954770835767801, 0.016659347407549936, 0.4597533585186347, 0.0, 0.0, 0.0, 1.0]",True,True
575,"[0.3723623080223258, -1.7839723162250347, 2.038428111633189, -0.2778713811647065, 1.5462823497201845, -0.08041118126439889]","[0.42319965395615017, 0.3437233219617402, 0.46787785635306994]","[-0.3835322832214014, -0.05278655986488386, 0.9220176607986474, 0.9199795053114596, 0.06559067568486981, 0.38643961115559117, -0.08087457903359344, 0.9964494178636631, 0.02340641162813695]","[0.41995976119492845, 0.36313586626275013, 0.5970168647697764, 0.5790828997571653]","[-0.3835322832214014, -0.05278655986488386, 0.9220176607986474, 0.42319965395615017, 0.9199795053114596, 0.06559067568486981, 0.38643961115559117, 0.3437233219617402, -0.08087457903359344, 0.9964494178636631, 0.02340641162813695, 0.46787785635306994, 0.0, 0.0, 0.0, 1.0]",True,True
576,"[0.36276623280393755, -1.7697809679056284, 2.0378878997415812, -0.28236935112450096, 1.5512293053278243, -0.08956580954202052]","[0.4317358846577379, 0.3411542725516095, 0.4612443795593976]","[-0.370396308021336, -0.046651253726283606, 0.9277015875430685, 0.9245311270601825, 0.07794713322109043, 0.37305018364751175, -0.0897149380036134, 0.9958654050364334, 0.014259205820392348]","[0.4247970194752274, 0.3665369534362058, 0.5987662806600823, 0.5715567296035972]","[-0.370396308021336, -0.046651253726283606, 0.9277015875430685, 0.4317358846577379, 0.9245311270601825, 0.07794713322109043, 0.37305018364751175, 0.3411542725516095, -0.0897149380036134, 0.9958654050364334, 0.014259205820392348, 0.4612443795593976, 0.0, 0.0, 0.0, 1.0]",True,True
577,"[0.37457735011964044, -1.7788323335460998, 2.035761848640012, -0.2890135474734642, 1.547123989889778, -0.08760791610276705]","[0.4259094196372842, 0.3459415683468928, 0.46799235168669084]","[-0.38369490035207987, -0.06367018885990758, 0.9212623570375331, 0.9192375666228624, 0.06895710294350114, 0.3876173552137699, -0.08820725340404828, 0.9955857697879089, 0.03206954073152472]","[0.42347719635269204, 0.3589144939859959, 0.5959409497936974, 0.5802601438450049]","[-0.38369490035207987, -0.06367018885990758, 0.9212623570375331, 0.4259094196372842, 0.9192375666228624, 0.06895710294350114, 0.3876173552137699, 0.3459415683468928, -0.08820725340404828, 0.9955857697879089, 0.03206954073152472, 0.46799235168669084, 0.0, 0.0, 0.0, 1.0]",True,True
578,"[0.37678090793090174, -1.7795724256553416, 2.0377073457127866, -0.2812931210517826, 1.5366627489624727, -0.08996262152294478]","[0.42325123623716315, 0.3471663313790648, 0.46637995487559436]","[-0.395889603222659, -0.057330904161525205, 0.9165067318291926, 0.9138174246722067, 0.07387750521772277, 0.3993492564012871, -0.09060428480850778, 0.9956180400388631, 0.02314264296728993]","[0.4186676918996598, 0.35605134762851565, 0.60137851339092, 0.5799040310629481]","[-0.395889603222659, -0.057330904161525205, 0.9165067318291926, 0.42325123623716315, 0.9138174246722067, 0.07387750521772277, 0.3993492564012871, 0.3471663313790648, -0.09060428480850778, 0.9956180400388631, 0.02314264296728993, 0.46637995487559436, 0.0, 0.0, 0.0, 1.0]",True,True
579,"[0.37015430015300976, -1.777341387124472, 2.0369666786635396, -0.2750801784558541, 1.5512333361449944, -0.08908957218361911]","[0.4262859223446555, 0.34320202948771256, 0.4651105961932994]","[-0.37713614877754753, -0.04815301599299212, 0.9249051909985252, 0.9218462858080854, 0.07673187606411007, 0.3798837250232229, -0.08926225757327155, 0.9958883000851354, 0.015451314716302499]","[0.42280227116314817, 0.36423915922167116, 0.5996700572242529, 0.5735537436521838]","[-0.37713614877754753, -0.04815301599299212, 0.9249051909985252, 0.4262859223446555, 0.9218462858080854, 0.07673187606411007, 0.3798837250232229, 0.34320202948771256, -0.08926225757327155, 0.9958883000851354, 0.015451314716302499, 0.4651105961932994, 0.0, 0.0, 0.0, 1.0]",True,True
580,"[0.36649127507369805, -1.7806440192702242, 2.0308274013667553, -0.2720108920308088, 1.541346712960601, -0.08473752763942938]","[0.42729663837252224, 0.3425208321098032, 0.47052239843231813]","[-0.38256151929263166, -0.05294484248510901, 0.9224117993666061, 0.9199880638852622, 0.07029538701486483, 0.3855911317355171, -0.08525635615694532, 0.9961201745867098, 0.02181631307491538]","[0.42117400821903417, 0.3623971511400124, 0.5981305445370143, 0.5775124339251672]","[-0.38256151929263166, -0.05294484248510901, 0.9224117993666061, 0.42729663837252224, 0.9199880638852622, 0.07029538701486483, 0.3855911317355171, 0.3425208321098032, -0.08525635615694532, 0.9961201745867098, 0.02181631307491538, 0.47052239843231813, 0.0, 0.0, 0.0, 1.0]",True,True
581,"[0.3689306067506722, -1.783958174840629, 2.0266916110145043, -0.2766085344580918, 1.5509461475964366, -0.08839774942907397]","[0.42719058927896564, 0.3428960347513023, 0.4753807861365099]","[-0.3747810103534335, -0.0649299091188715, 0.9248369051785696, 0.9228410973266659, 0.06952871182589747, 0.3788536225466857, -0.08890164994742719, 0.995464647857294, 0.033861947713897486]","[0.42679317273896306, 0.36118843077636487, 0.5938113704000272, 0.5786005198410717]","[-0.3747810103534335, -0.0649299091188715, 0.9248369051785696, 0.42719058927896564, 0.9228410973266659, 0.06952871182589747, 0.3788536225466857, 0.3428960347513023, -0.08890164994742719, 0.995464647857294, 0.033861947713897486, 0.4753807861365099, 0.0, 0.0, 0.0, 1.0]",True,True
582,"[0.35756583796924674, -1.7762811614354972, 2.0269273026903996, -0.2670311502062176, 1.5506777500620212, -0.07449186547328475]","[0.43246289808095817, 0.33856970004702597, 0.4703031577948217]","[-0.3666016246350497, -0.042750141840038135, 0.9293953271819259, 0.9273709764612486, 0.06345929455385568, 0.3687221039645405, -0.07474169406865631, 0.9970683744394783, 0.016380960300415377]","[0.4222672821268603, 0.3720074328930402, 0.5944913706035795, 0.5743525246705218]","[-0.3666016246350497, -0.042750141840038135, 0.9293953271819259, 0.43246289808095817, 0.9273709764612486, 0.06345929455385568, 0.3687221039645405, 0.33856970004702597, -0.07474169406865631, 0.9970683744394783, 0.016380960300415377, 0.4703031577948217, 0.0, 0.0, 0.0, 1.0]",True,True
583,"[0.3657469177997766, -1.7852373959030159, 2.0220754596064263, -0.2699984234106524, 1.5446045422818648, -0.09186100791618933]","[0.42801718798789873, 0.342059510802768, 0.47842299571705343]","[-0.3775167623808094, -0.06586939594475522, 0.9236570341849751, 0.9213665519351292, 0.07296880403091123, 0.38178427234954226, -0.09254604852008838, 0.9951566591829507, 0.03314291156711953]","[0.42678886853373443, 0.3592949770109373, 0.5952610046955455, 0.5782929339696745]","[-0.3775167623808094, -0.06586939594475522, 0.9236570341849751, 0.42801718798789873, 0.9213665519351292, 0.07296880403091123, 0.38178427234954226, 0.342059510802768, -0.09254604852008838, 0.9951566591829507, 0.03314291156711953, 0.47842299571705343, 0.0, 0.0, 0.0, 1.0]",True,True
584,"[0.3556170635820041, -1.7784159408809972, 2.0134533001810424, -0.2671633060689664, 1.5392533238057506, -0.0735628997610686]","[0.4352184343611689, 0.3396282181676741, 0.4801998038728668]","[-0.37431083497699263, -0.05777752878395025, 0.9255015699535287, 0.9243082709422668, 0.05690405546456771, 0.37738064171258523, -0.0744689135582346, 0.9967064189816907, 0.03210444321509066]","[0.4226989660806689, 0.3662924604545353, 0.5914199961166492, 0.5808423242859279]","[-0.37431083497699263, -0.05777752878395025, 0.9255015699535287, 0.4352184343611689, 0.9243082709422668, 0.05690405546456771, 0.37738064171258523, 0.3396282181676741, -0.0744689135582346, 0.9967064189816907, 0.03210444321509066, 0.4801998038728668, 0.0, 0.0, 0.0, 1.0]",True,True
585,"[0.3551723789326176, -1.784728207969357, 2.009435507128884, -0.24450766844807229, 1.5499631656544997, -0.09729956023769498]","[0.432149097729835, 0.3371874148040238, 0.4839759580010987]","[-0.3636639933266993, -0.05414800157324363, 0.9299551031546108, 0.9264096955743472, 0.08350690459491675, 0.3671398545933431, -0.09753756150080878, 0.995034969642072, 0.01979477925808881]","[0.43001095640876014, 0.36504599806746796, 0.5973642353421251, 0.5700771588105137]","[-0.3636639933266993, -0.05414800157324363, 0.9299551031546108, 0.432149097729835, 0.9264096955743472, 0.08350690459491675, 0.3671398545933431, 0.3371874148040238, -0.09753756150080878, 0.995034969642072, 0.01979477925808881, 0.4839759580010987, 0.0, 0.0, 0.0, 1.0]",True,True
586,"[0.3629397687447365, -1.7892649139989627, 1.9987415061096794, -0.254256114395311, 1.5431524830651935, -0.08110477015222424]","[0.43113075879299473, 0.3418182201921286, 0.4942861471014748]","[-0.37606040516502387, -0.07255383252412667, 0.9237502438717833, 0.9229447472454319, 0.059074879309646576, 0.38037238617783015, -0.08216790857253091, 0.9956134290077708, 0.04474745557240691]","[0.42654481878140005, 0.36059577782917895, 0.5895735384373741, 0.5834665760409469]","[-0.37606040516502387, -0.07255383252412667, 0.9237502438717833, 0.43113075879299473, 0.9229447472454319, 0.059074879309646576, 0.38037238617783015, 0.3418182201921286, -0.08216790857253091, 0.9956134290077708, 0.04474745557240691, 0.4942861471014748, 0.0, 0.0, 0.0, 1.0]",True,True
587,"[0.3350971330143566, -1.779826232790387, 1.9974729515343188, -0.2453058565863654, 1.5398919347942208, -0.0823084863047874]","[0.44295212378735, 0.330862688044828, 0.4892931373877419]","[-0.35451469194179547, -0.055451721237036844, 0.9334047566887924, 0.9313562107623677, 0.06770635927289045, 0.35775893781759566, -0.08303578669331597, 0.9961631169270724, 0.027642405871448485]","[0.4303585926882788, 0.3708559501052483, 0.5904613969903616, 0.5732474898637483]","[-0.35451469194179547, -0.055451721237036844, 0.9334047566887924, 0.44295212378735, 0.9313562107623677, 0.06770635927289045, 0.35775893781759566, 0.330862688044828, -0.08303578669331597, 0.9961631169270724, 0.027642405871448485, 0.4892931373877419, 0.0, 0.0, 0.0, 1.0]",True,True
588,"[0.33918610413263495, -1.781654404380123, 1.977096782897247, -0.23037607087258763, 1.549809791199566, -0.08594991951723051]","[0.4441211729114496, 0.33259289166081324, 0.502194389045695]","[-0.34829536260295973, -0.06306859929062182, 0.9352607615915424, 0.9333832470809648, 0.0687585309347968, 0.35223284698091856, -0.08652198829122813, 0.9956377936816218, 0.03491889653074693]","[0.4345635928326786, 0.37014429954123856, 0.5878211881616316, 0.5732485778872264]","[-0.34829536260295973, -0.06306859929062182, 0.9352607615915424, 0.4441211729114496, 0.9333832470809648, 0.0687585309347968, 0.35223284698091856, 0.33259289166081324, -0.08652198829122813, 0.9956377936816218, 0.03491889653074693, 0.502194389045695, 0.0, 0.0, 0.0, 1.0]",True,True
589,"[0.3313281408102475, -1.777247439234826, 1.9688714318131135, -0.22335950816350716, 1.5541630872528895, -0.07985714543787907]","[0.449410678357287, 0.3295936835319046, 0.5045907965209087]","[-0.33749398533482233, -0.05710909035283061, 0.9395937215956114, 0.9379000114859597, 0.06470283216378142, 0.34081829757896226, -0.08025819782087847, 0.9962690878016128, 0.03172579980846783]","[0.4355842761847089, 0.37619057095205355, 0.5853355912829272, 0.5710772611870282]","[-0.33749398533482233, -0.05710909035283061, 0.9395937215956114, 0.449410678357287, 0.9379000114859597, 0.06470283216378142, 0.34081829757896226, 0.3295936835319046, -0.08025819782087847, 0.9962690878016128, 0.03172579980846783, 0.5045907965209087, 0.0, 0.0, 0.0, 1.0]",True,True
590,"[0.32465337672711486, -1.7751708210163508, 1.9628391989454848, -0.2156996217828757, 1.5491881377101526, -0.0749678506422673]","[0.4526333092034149, 0.32741810372343505, 0.5067188454154219]","[-0.3364328225667869, -0.05190727377397483, 0.9402758057235646, 0.9386782823154107, 0.06153739738565074, 0.3392583544032344, -0.0754721021910408, 0.996754123970578, 0.028021030289961998]","[0.4339140482597982, 0.37881682570788755, 0.5852241428851163, 0.5707268294620242]","[-0.3364328225667869, -0.05190727377397483, 0.9402758057235646, 0.4526333092034149, 0.9386782823154107, 0.06153739738565074, 0.3392583544032344, 0.32741810372343505, -0.0754721021910408, 0.996754123970578, 0.028021030289961998, 0.5067188454154219, 0.0, 0.0, 0.0, 1.0]",True,True
591,"[0.3253358866582306, -1.7765874196171199, 1.963467670894114, -0.19907398807583837, 1.5509672307900022, -0.07656271129059332]","[0.4500325913055934, 0.32675201468773407, 0.5054890728557716]","[-0.3364756145590702, -0.03739969561976841, 0.9409492141314774, 0.9385615029366431, 0.06809074959570299, 0.3383281765162411, -0.07672330814299862, 0.9969778897182443, 0.012191037714260881]","[0.43122099112603907, 0.38185160669131857, 0.589994772527798, 0.5658126683535877]","[-0.3364756145590702, -0.03739969561976841, 0.9409492141314774, 0.4500325913055934, 0.9385615029366431, 0.06809074959570299, 0.3383281765162411, 0.32675201468773407, -0.07672330814299862, 0.9969778897182443, 0.012191037714260881, 0.5054890728557716, 0.0, 0.0, 0.0, 1.0]",True,True
592,"[0.31425586030828856, -1.769752439977835, 1.942703136078454, -0.19753913630754677, 1.545571103253096, -0.08077809325621632]","[0.4600581493298417, 0.3243595383657905, 0.5153414438034304]","[-0.330018085421327, -0.05017476485369697, 0.9426402050977446, 0.9404684883201155, 0.06851031865064673, 0.3329044288009152, -0.0812839822579977, 0.996387890939198, 0.024578141061082154]","[0.4367694970720832, 0.3797675127189476, 0.5860781225679073, 0.5670286385694646]","[-0.330018085421327, -0.05017476485369697, 0.9426402050977446, 0.4600581493298417, 0.9404684883201155, 0.06851031865064673, 0.3329044288009152, 0.3243595383657905, -0.0812839822579977, 0.996387890939198, 0.024578141061082154, 0.5153414438034304, 0.0, 0.0, 0.0, 1.0]",True,True
593,"[0.3183961214047763, -1.771033648819954, 1.9311486433053946, -0.1839090727042869, 1.5433701152730555, -0.08526075739182726]","[0.458983686962253, 0.3265648992756678, 0.5223546267412841]","[-0.33580756454119043, -0.05137919156007751, 0.9405282868003211, 0.9380162459818717, 0.07269529696457358, 0.33888186152892363, -0.08578345919226124, 0.9960299054114115, 0.023782885761495388]","[0.4360821649026932, 0.3767340748899482, 0.5883706263368924, 0.5672070065985858]","[-0.33580756454119043, -0.05137919156007751, 0.9405282868003211, 0.458983686962253, 0.9380162459818717, 0.07269529696457358, 0.33888186152892363, 0.3265648992756678, -0.08578345919226124, 0.9960299054114115, 0.023782885761495388, 0.5223546267412841, 0.0, 0.0, 0.0, 1.0]",True,True
594,"[0.2995778561086524, -1.7771770658261525, 1.9134794811856652, -0.17077222447705562, 1.5508169516738246, -0.07385261666030868]","[0.46482222539617407, 0.3170823470399963, 0.5360937564063483]","[-0.3108489976176023, -0.05601688571375279, 0.9488071506871477, 0.9475406742401292, 0.059907454185568115, 0.31397096616337844, -0.07442829663974024, 0.9966309273988722, 0.03445610557463528]","[0.44258178965661266, 0.3856123191179822, 0.5779922893578545, 0.5668768933830935]","[-0.3108489976176023, -0.05601688571375279, 0.9488071506871477, 0.46482222539617407, 0.9475406742401292, 0.059907454185568115, 0.31397096616337844, 0.3170823470399963, -0.07442829663974024, 0.9966309273988722, 0.03445610557463528, 0.5360937564063483, 0.0, 0.0, 0.0, 1.0]",True,True
595,"[0.30693762002452607, -1.7763503092952257, 1.9044333787003864, -0.16049658416331794, 1.552205827428638, -0.07121986249470316]","[0.46335958659618276, 0.3206404572791836, 0.5406627922347738]","[-0.31679084286842435, -0.05357174395915138, 0.9469813251188688, 0.9457797541034978, 0.05765580605634685, 0.3196505353599776, -0.07172320825674622, 0.9968981273315585, 0.0324022394317332]","[0.43967806478708266, 0.3850815211236108, 0.5792332020639523, 0.5682291078965885]","[-0.31679084286842435, -0.05357174395915138, 0.9469813251188688, 0.46335958659618276, 0.9457797541034978, 0.05765580605634685, 0.3196505353599776, 0.3206404572791836, -0.07172320825674622, 0.9968981273315585, 0.0324022394317332, 0.5406627922347738, 0.0, 0.0, 0.0, 1.0]",True,True
596,"[0.29353837068837374, -1.7796404286276206, 1.8872591038621984, -0.1422999542046274, 1.5363530071523142, -0.06351410123059514]","[0.4668306050285479, 0.3156927207684953, 0.5520952883487033]","[-0.3193569604379742, -0.05356921965062859, 0.9461191629630172, 0.9454283446143947, 0.05007593140047118, 0.3219590754957229, -0.06462489473495098, 0.9973077457838166, 0.034653761413423724]","[0.437427917597837, 0.3859771193827851, 0.5776632086313404, 0.5709498205733421]","[-0.3193569604379742, -0.05356921965062859, 0.9461191629630172, 0.4668306050285479, 0.9454283446143947, 0.05007593140047118, 0.3219590754957229, 0.3156927207684953, -0.06462489473495098, 0.9973077457838166, 0.034653761413423724, 0.5520952883487033, 0.0, 0.0, 0.0, 1.0]",True,True
597,"[0.28808270099155475, -1.773994056947049, 1.8737446901313914, -0.12537016175602317, 1.5537710004033296, -0.06924896248820557]","[0.47175098478267935, 0.3124165045211548, 0.5564157069226217]","[-0.2979714266511918, -0.04528733753673029, 0.9534999139791716, 0.9520336312673645, 0.05873735918871847, 0.3003029929444775, -0.06960598993857367, 0.9972456967539994, 0.025613013690338263]","[0.44339005013302474, 0.3929625301697832, 0.5768656195661109, 0.5623271025730513]","[-0.2979714266511918, -0.04528733753673029, 0.9534999139791716, 0.47175098478267935, 0.9520336312673645, 0.05873735918871847, 0.3003029929444775, 0.3124165045211548, -0.06960598993857367, 0.9972456967539994, 0.025613013690338263, 0.5564157069226217, 0.0, 0.0, 0.0, 1.0]",True,True
598,"[0.2787169669446202, -1.7723388733705994, 1.8642417797341042, -0.12483854349279734, 1.546304959714963, -0.05796777172129172]","[0.4766148098664428, 0.30926088617983094, 0.5617884086885292]","[-0.2962352842055351, -0.04890352626691567, 0.9538622025797681, 0.953308929714522, 0.0462482406877202, 0.2984345569129739, -0.05870895092077705, 0.9977322012203234, 0.03291980756064663]","[0.4424174397678146, 0.39515714201634333, 0.5721808536932638, 0.5663273900930587]","[-0.2962352842055351, -0.04890352626691567, 0.9538622025797681, 0.4766148098664428, 0.953308929714522, 0.0462482406877202, 0.2984345569129739, 0.30926088617983094, -0.05870895092077705, 0.9977322012203234, 0.03291980756064663, 0.5617884086885292, 0.0, 0.0, 0.0, 1.0]",True,True
599,"[0.26978076078939306, -1.7731623053522116, 1.841933454358285, -0.10701809590692407, 1.5428763734420121, -0.06410106705349958]","[0.480390378680591, 0.3056024316196959, 0.5753934348672421]","[-0.2903399829985074, -0.05556702536159057, 0.9553088505634659, 0.9547082598375534, 0.051069706446564715, 0.29312799880156815, -0.0650755935076804, 0.997148028517294, 0.038222720385878955]","[0.4469206987357869, 0.3938170864021293, 0.5707860739933993, 0.5651311787845859]","[-0.2903399829985074, -0.05556702536159057, 0.9553088505634659, 0.480390378680591, 0.9547082598375534, 0.051069706446564715, 0.29312799880156815, 0.3056024316196959, -0.0650755935076804, 0.997148028517294, 0.038222720385878955, 0.5753934348672421, 0.0, 0.0, 0.0, 1.0]",True,True
600,"[0.2541407469103396, -1.763249321882546, 1.8282143776094908, -0.09318913962683761, 1.544971998769131, -0.055005844550766195]","[0.48997125953494247, 0.29911496632482265, 0.5777950360354169]","[-0.2743925581466055, -0.04246369916572118, 0.9606797376269185, 0.9600041865110841, 0.045753432666907054, 0.2762219855123532, -0.05568380298572991, 0.9980498272392808, 0.028210927540378454]","[0.44709389451788534, 0.4036220638314106, 0.5683166070231307, 0.5605466200549418]","[-0.2743925581466055, -0.04246369916572118, 0.9606797376269185, 0.48997125953494247, 0.9600041865110841, 0.045753432666907054, 0.2762219855123532, 0.29911496632482265, -0.05568380298572991, 0.9980498272392808, 0.028210927540378454, 0.5777950360354169, 0.0, 0.0, 0.0, 1.0]",True,True
601,"[0.25484916388085527, -1.7557171707650292, 1.8206391366513432, -0.07165952786339466, 1.5456017010787546, -0.06008506147069056]","[0.4917866747053875, 0.29993019325541065, 0.5766607757818978]","[-0.2755068898849778, -0.02310548372679899, 0.9610213786631685, 0.9594112097077891, 0.056014160559388675, 0.2763920123734833, -0.060216976949556536, 0.9981625871763465, 0.0067353729279769035]","[0.44363347585658697, 0.406738114954714, 0.5754966719096622, 0.5536759210615824]","[-0.2755068898849778, -0.02310548372679899, 0.9610213786631685, 0.4917866747053875, 0.9594112097077891, 0.056014160559388675, 0.2763920123734833, 0.29993019325541065, -0.060216976949556536, 0.9981625871763465, 0.0067353729279769035, 0.5766607757818978, 0.0, 0.0, 0.0, 1.0]",True,True
602,"[0.25162183153525386, -1.7596307041642618, 1.8043988517321778, -0.06540786224945604, 1.545833518858529, -0.05429217337512233]","[0.49263168190312856, 0.29828846100140305, 0.589035551434861]","[-0.27157951347854253, -0.03477699095308529, 0.9617874654823729, 0.9608563881272159, 0.04707230748683047, 0.27301867932979607, -0.05476832345324124, 0.9982859103323628, 0.020631819551528617]","[0.4461290770505259, 0.4064223048391593, 0.5696534037056753, 0.557928988658781]","[-0.27157951347854253, -0.03477699095308529, 0.9617874654823729, 0.49263168190312856, 0.9608563881272159, 0.04707230748683047, 0.27301867932979607, 0.29828846100140305, -0.05476832345324124, 0.9982859103323628, 0.020631819551528617, 0.589035551434861, 0.0, 0.0, 0.0, 1.0]",True,True
603,"[0.2435879210038355, -1.7657992405173724, 1.7815396918626731, -0.05290289543282914, 1.5507571659345343, -0.06275092201924591]","[0.4938345334055657, 0.2935607956860602, 0.6064977252397555]","[-0.2577966193517248, -0.05232641566855988, 0.9647812442590823, 0.964116249400454, 0.051600041469123385, 0.2604175365876621, -0.06340946847926951, 0.9972960352591731, 0.03714643136979227]","[0.4557822543405981, 0.40418340756683696, 0.5639703514926685, 0.5575264588457648]","[-0.2577966193517248, -0.05232641566855988, 0.9647812442590823, 0.4938345334055657, 0.964116249400454, 0.051600041469123385, 0.2604175365876621, 0.2935607956860602, -0.06340946847926951, 0.9972960352591731, 0.03714643136979227, 0.6064977252397555, 0.0, 0.0, 0.0, 1.0]",True,True
604,"[0.23207840420870143, -1.7587557817921813, 1.7656716723041004, -0.024826084860155508, 1.5392782025047964, -0.04788614334851391]","[0.4989652748958988, 0.28936663918307, 0.6105322253536825]","[-0.2594166449672364, -0.029881067686063703, 0.9653031265399921, 0.9645507404661994, 0.04210008823243262, 0.2605176608925539, -0.048423892656922124, 0.9986664630219452, 0.01790034232043108]","[0.4473767387743878, 0.41248724964533745, 0.5664839783434387, 0.5557015608794065]","[-0.2594166449672364, -0.029881067686063703, 0.9653031265399921, 0.4989652748958988, 0.9645507404661994, 0.04210008823243262, 0.2605176608925539, 0.28936663918307, -0.048423892656922124, 0.9986664630219452, 0.01790034232043108, 0.6105322253536825, 0.0, 0.0, 0.0, 1.0]",True,True
605,"[0.2205285258214781, -1.7704721897117208, 1.7591371205901258, -0.011713299114791322, 1.5444288658282261, -0.05904690257624824]","[0.49607355706153866, 0.2817080089835864, 0.6200819086081194]","[-0.24263542500759008, -0.03687099526770509, 0.9694166185079328, 0.9682848120283798, 0.05219068001029368, 0.24433717628561574, -0.05960346740375983, 0.9979562428423564, 0.023038316896356353]","[0.4562328275943819, 0.41295749723360137, 0.563867845359515, 0.5507910361229685]","[-0.24263542500759008, -0.03687099526770509, 0.9694166185079328, 0.49607355706153866, 0.9682848120283798, 0.05219068001029368, 0.24433717628561574, 0.2817080089835864, -0.05960346740375983, 0.9979562428423564, 0.023038316896356353, 0.6200819086081194, 0.0, 0.0, 0.0, 1.0]",True,True
606,"[0.20185357466079482, -1.746621003434654, 1.7290012527142251, -0.006503818657493793, 1.5478895604270722, -0.06041353275272446]","[0.5154367392366048, 0.2749733522358287, 0.6265048836126774]","[-0.22103283083834924, -0.03704432242418235, 0.9745625715508055, 0.973362406069342, 0.0540311095823706, 0.22281441974925972, -0.06091070630428713, 0.9978518714586003, 0.024114901701682172]","[0.46290203619278436, 0.4185753091970422, 0.5592291656197479, 0.545691447376093]","[-0.22103283083834924, -0.03704432242418235, 0.9745625715508055, 0.5154367392366048, 0.973362406069342, 0.0540311095823706, 0.22281441974925972, 0.2749733522358287, -0.06091070630428713, 0.9978518714586003, 0.024114901701682172, 0.6265048836126774, 0.0, 0.0, 0.0, 1.0]",True,True
607,"[0.19538649648041628, -1.7522909505936284, 1.7180574062173943, 0.01457151740052483, 1.5466211724395216, -0.052400494306721536]","[0.5130898104876243, 0.27093914725363805, 0.6349704945570187]","[-0.21648811953535094, -0.030667657254841448, 0.9758034581300414, 0.9748542060900854, 0.047307350332762226, 0.21776430256808085, -0.05284099704317623, 0.9984094898402122, 0.0196550153520716]","[0.461105802975164, 0.4232462388432458, 0.5577052210881752, 0.5451687318057272]","[-0.21648811953535094, -0.030667657254841448, 0.9758034581300414, 0.5130898104876243, 0.9748542060900854, 0.047307350332762226, 0.21776430256808085, 0.27093914725363805, -0.05284099704317623, 0.9984094898402122, 0.0196550153520716, 0.6349704945570187, 0.0, 0.0, 0.0, 1.0]",True,True
608,"[0.19041951338620028, -1.7596180359142084, 1.6946490019834903, 0.03042326807994159, 1.542879663144113, -0.04289801178014873]","[0.5108247386437281, 0.2680437224548634, 0.6531302670603942]","[-0.21493556771141661, -0.043171800012249316, 0.9756735608882067, 0.9756445526166012, 0.03533567870724957, 0.21649271756770416, -0.04382246777764506, 0.9984425799684228, 0.034525437345193456]","[0.4623109203612397, 0.42284847056485264, 0.5513043191091179, 0.5509367763975647]","[-0.21493556771141661, -0.043171800012249316, 0.9756735608882067, 0.5108247386437281, 0.9756445526166012, 0.03533567870724957, 0.21649271756770416, 0.2680437224548634, -0.04382246777764506, 0.9984425799684228, 0.034525437345193456, 0.6531302670603942, 0.0, 0.0, 0.0, 1.0]",True,True
609,"[0.1848647028761093, -1.7589910320074076, 1.6731056318311308, 0.049930906905626044, 1.557264408131823, -0.051152905058712415]","[0.5122159794077414, 0.263836311936281, 0.6652748440151142]","[-0.19502460311270844, -0.045365319443288206, 0.9797486371373725, 0.9794409446178014, 0.04352884136677301, 0.1969788719011643, -0.05158333245263961, 0.9980216569599453, 0.035943456316911565]","[0.47022539663734025, 0.42588234854347007, 0.5483178795558672, 0.5448484234314271]","[-0.19502460311270844, -0.045365319443288206, 0.9797486371373725, 0.5122159794077414, 0.9794409446178014, 0.04352884136677301, 0.1969788719011643, 0.263836311936281, -0.05158333245263961, 0.9980216569599453, 0.035943456316911565, 0.6652748440151142, 0.0, 0.0, 0.0, 1.0]",True,True
610,"[0.17035137262795252, -1.7523843385987787, 1.65979325170654, 0.06591750315238279, 1.5522420674962787, -0.041608323676781786]","[0.5184536857702928, 0.25726824704975654, 0.6689515316239997]","[-0.1865217488386949, -0.03407248170140146, 0.9818598185081526, 0.9815494152111933, 0.03633889393652138, 0.18772381384905498, -0.0420759160175891, 0.9987585047338409, 0.026665830440900908]","[0.4681033474401586, 0.4331493757307872, 0.5468534566806531, 0.5424132846232368]","[-0.1865217488386949, -0.03407248170140146, 0.9818598185081526, 0.5184536857702928, 0.9815494152111933, 0.03633889393652138, 0.18772381384905498, 0.25726824704975654, -0.0420759160175891, 0.9987585047338409, 0.026665830440900908, 0.6689515316239997, 0.0, 0.0, 0.0, 1.0]",True,True
611,"[0.1653980806878949, -1.74835968836963, 1.6458144282342435, 0.09385576640256954, 1.553100300071537, -0.03009429851984169]","[0.5195560193551652, 0.2545891916005884, 0.6733667820070784]","[-0.18173183531509324, -0.014045426046481343, 0.9832478151718318, 0.9828829750729158, 0.0281567951715559, 0.18206661472516292, -0.030242310507328615, 0.9995048378536445, 0.008688024075614222]","[0.462361596570281, 0.4419907650160059, 0.547996488677399, 0.5390415253529064]","[-0.18173183531509324, -0.014045426046481343, 0.9832478151718318, 0.5195560193551652, 0.9828829750729158, 0.0281567951715559, 0.18206661472516292, 0.2545891916005884, -0.030242310507328615, 0.9995048378536445, 0.008688024075614222, 0.6733667820070784, 0.0, 0.0, 0.0, 1.0]",True,True
612,"[0.15714491645600828, -1.7531138260106824, 1.626356735843535, 0.10742831142228661, 1.5560247028229366, -0.04436531450435961]","[0.5184951944753954, 0.24952141656699958, 0.6876092002150019]","[-0.17005326702794568, -0.026657646087364203, 0.985074238967908, 0.9844238192907792, 0.04067522536786804, 0.1710417202153578, -0.04462768631777572, 0.998816747930447, 0.019325466813721038]","[0.471685124090649, 0.43873284604371304, 0.5457570488738768, 0.5358879333577589]","[-0.17005326702794568, -0.026657646087364203, 0.985074238967908, 0.5184951944753954, 0.9844238192907792, 0.04067522536786804, 0.1710417202153578, 0.24952141656699958, -0.04462768631777572, 0.998816747930447, 0.019325466813721038, 0.6876092002150019, 0.0, 0.0, 0.0, 1.0]",True,True
613,"[0.143624133577684, -1.7516147385322607, 1.6052435578204638, 0.1209453053329019, 1.548798476183252, -0.0443679568331589]","[0.521780143820566, 0.24315546613051356, 0.6994727420086485]","[-0.16358056995927764, -0.03244866112837188, 0.9859961873774026, 0.9855077835333738, 0.04011126093322263, 0.1648195842170576, -0.04489772518663612, 0.9986681987213386, 0.025416985182005435]","[0.47485462937512524, 0.4390020455321063, 0.5427418460259202, 0.5359305678462604]","[-0.16358056995927764, -0.03244866112837188, 0.9859961873774026, 0.521780143820566, 0.9855077835333738, 0.04011126093322263, 0.1648195842170576, 0.24315546613051356, -0.04489772518663612, 0.9986681987213386, 0.025416985182005435, 0.6994727420086485, 0.0, 0.0, 0.0, 1.0]",True,True
614,"[0.13447310649702787, -1.745606108693982, 1.5838055237257642, 0.1500968793859738, 1.544466395192294, -0.03336926144106412]","[0.5246141517799159, 0.23885880195539175, 0.7075544805497823]","[-0.15963307880787997, -0.01693305736598074, 0.9870311807225532, 0.9866020965434368, 0.03136447599640357, 0.16010175745933072, -0.03366872801892757, 0.9993645687204001, 0.011699382029665167]","[0.4699549923179316, 0.4464591423540489, 0.5429774794534803, 0.5338464163130491]","[-0.15963307880787997, -0.01693305736598074, 0.9870311807225532, 0.5246141517799159, 0.9866020965434368, 0.03136447599640357, 0.16010175745933072, 0.23885880195539175, -0.03366872801892757, 0.9993645687204001, 0.011699382029665167, 0.7075544805497823, 0.0, 0.0, 0.0, 1.0]",True,True
615,"[0.1205867669545938, -1.7440588888221098, 1.574338278903864, 0.1591585599453698, 1.543519889712812, -0.02347001423204073]","[0.5279209242458556, 0.2316438289983066, 0.7120822221162834]","[-0.14703684242918683, -0.013939635069936276, 0.9890327868895812, 0.9888457359355974, 0.021941600782889887, 0.14731828358038662, -0.023754525683360176, 0.9996620692660102, 0.010557925002446891]","[0.470495133703886, 0.45289723773320717, 0.538149727819691, 0.5328351449202521]","[-0.14703684242918683, -0.013939635069936276, 0.9890327868895812, 0.5279209242458556, 0.9888457359355974, 0.021941600782889887, 0.14731828358038662, 0.2316438289983066, -0.023754525683360176, 0.9996620692660102, 0.010557925002446891, 0.7120822221162834, 0.0, 0.0, 0.0, 1.0]",True,True
616,"[0.10804066810880993, -1.751474746715483, 1.5395486166543746, 0.171250752238805, 1.5373337547600574, -0.03236519815943283]","[0.5251029223298123, 0.22495951291827954, 0.7378601912179971]","[-0.1396219312419351, -0.044968714621801034, 0.9891832646287214, 0.9896315116241826, 0.02765367009637829, 0.1409423489609706, -0.03369254393345331, 0.9986055724035711, 0.040641398202185736]","[0.48183844207800325, 0.44499522482255377, 0.5307151314820711, 0.5367982999571959]","[-0.1396219312419351, -0.044968714621801034, 0.9891832646287214, 0.5251029223298123, 0.9896315116241826, 0.02765367009637829, 0.1409423489609706, 0.22495951291827954, -0.03369254393345331, 0.9986055724035711, 0.040641398202185736, 0.7378601912179971, 0.0, 0.0, 0.0, 1.0]",True,True
617,"[0.09864640534754084, -1.7359345148734489, 1.5262801974901414, 0.19918069636796262, 1.541844662651246, -0.023834745341831356]","[0.5334355131163604, 0.22021677229561235, 0.7353538337486356]","[-0.1269659903120186, -0.013452248442315965, 0.9918158469776204, 0.9916134196318853, 0.02260754593967628, 0.12724670869041774, -0.024134276663015996, 0.9996539080493966, 0.01046904062086718]","[0.47594920848986727, 0.4582459555542847, 0.5336441922364629, 0.5279269563569399]","[-0.1269659903120186, -0.013452248442315965, 0.9918158469776204, 0.5334355131163604, 0.9916134196318853, 0.02260754593967628, 0.12724670869041774, 0.22021677229561235, -0.024134276663015996, 0.9996539080493966, 0.01046904062086718, 0.7353538337486356, 0.0, 0.0, 0.0, 1.0]",True,True
618,"[0.09530611300993903, -1.7382425596853586, 1.5050008124873955, 0.20883285960312828, 1.5515598798545653, -0.017050279309431017]","[0.5315190896959832, 0.21728091822887685, 0.7496018952296696]","[-0.1138557137171218, -0.026240694753233523, 0.9931506947049036, 0.9933429137349531, 0.014615512906212538, 0.11426391606733073, -0.01751377133910539, 0.9995488045720211, 0.02440194853132787]","[0.4809266440218349, 0.46019746436864956, 0.5253735047782688, 0.5300099407893774]","[-0.1138557137171218, -0.026240694753233523, 0.9931506947049036, 0.5315190896959832, 0.9933429137349531, 0.014615512906212538, 0.11426391606733073, 0.21728091822887685, -0.01751377133910539, 0.9995488045720211, 0.02440194853132787, 0.7496018952296696, 0.0, 0.0, 0.0, 1.0]",True,True
619,"[0.07926068054818894, -1.7415568555640717, 1.4817258697301237, 0.2320492662203104, 1.5444623185932123, -0.020397307325662348]","[0.529555989759945, 0.20895375639864155, 0.7643375841905371]","[-0.1048017308452047, -0.029834668216417774, 0.9940455169579839, 0.9942688633082029, 0.018083353178314394, 0.10536802073514744, -0.021119296097725084, 0.9993912571712064, 0.027768514942142605]","[0.4850386936305319, 0.4607999568778024, 0.5232390871010537, 0.5278463063736055]","[-0.1048017308452047, -0.029834668216417774, 0.9940455169579839, 0.529555989759945, 0.9942688633082029, 0.018083353178314394, 0.10536802073514744, 0.20895375639864155, -0.021119296097725084, 0.9993912571712064, 0.027768514942142605, 0.7643375841905371, 0.0, 0.0, 0.0, 1.0]",True,True
620,"[0.06829213056212588, -1.731927870617479, 1.4639484624615133, 0.2489095223020912, 1.5437378710348846, -0.02412402709005673]","[0.5354079163873909, 0.20344544948793716, 0.7689865128931873]","[-0.09471466196457066, -0.02131516057463686, 0.9952762414217544, 0.9951996509295918, 0.022711271227571838, 0.09519376528347817, -0.02463305905800937, 0.9995148133414056, 0.019061749986281747]","[0.4865846173198662, 0.4646268171397276, 0.5240143564841189, 0.52227031811201]","[-0.09471466196457066, -0.02131516057463686, 0.9952762414217544, 0.5354079163873909, 0.9951996509295918, 0.022711271227571838, 0.09519376528347817, 0.20344544948793716, -0.02463305905800937, 0.9995148133414056, 0.019061749986281747, 0.7689865128931873, 0.0, 0.0, 0.0, 1.0]",True,True
621,"[0.05517368845214939, -1.7263307332221307, 1.4513549426421408, 0.27655839549711464, 1.546811833035531, -0.025782528698496458]","[0.5379897811035477, 0.19611841133124977, 0.7714597276992713]","[-0.07908996646363806, -0.00045887011852939626, 0.9968673766569928, 0.9965350681984314, 0.025786191824829288, 0.0790754713038179, -0.025741698769281514, 0.9996673755551829, -0.0015821488817877494]","[0.4860848888001465, 0.4734728056059082, 0.5259416096797854, 0.5127673999380764]","[-0.07908996646363806, -0.00045887011852939626, 0.9968673766569928, 0.5379897811035477, 0.9965350681984314, 0.025786191824829288, 0.0790754713038179, 0.19611841133124977, -0.025741698769281514, 0.9996673755551829, -0.0015821488817877494, 0.7714597276992713, 0.0, 0.0, 0.0, 1.0]",True,True
622,"[0.04638906223084554, -1.737606783860831, 1.4291658410270547, 0.28354041457854706, 1.5481170575668306, -0.02100379545873754]","[0.5304263954402529, 0.1908343040352666, 0.7911710486984193]","[-0.06846883634364546, -0.02631497467425981, 0.997306141842935, 0.9974202598219386, 0.019797859458098147, 0.06899905838208144, -0.02156023530677676, 0.9994576363552236, 0.024891552477616978]","[0.4940193760350068, 0.470861378677589, 0.5156004129469173, 0.5180643129388388]","[-0.06846883634364546, -0.02631497467425981, 0.997306141842935, 0.5304263954402529, 0.9974202598219386, 0.019797859458098147, 0.06899905838208144, 0.1908343040352666, -0.02156023530677676, 0.9994576363552236, 0.024891552477616978, 0.7911710486984193, 0.0, 0.0, 0.0, 1.0]",True,True
623,"[0.034405595332055255, -1.7286759839049153, 1.4055200564578179, 0.3104964630286048, 1.5499772998009615, -0.01759920342949352]","[0.5340673866245327, 0.18434075259977803, 0.7989046606349477]","[-0.05496369439819505, -0.013621011333622559, 0.9983954428723877, 0.9983286028486918, 0.017136076470757405, 0.05519380053382109, -0.017860376039733825, 0.9997603827585076, 0.01265638314375886]","[0.49366708549799054, 0.47834188766699304, 0.5146463318933677, 0.5124656088634624]","[-0.05496369439819505, -0.013621011333622559, 0.9983954428723877, 0.5340673866245327, 0.9983286028486918, 0.017136076470757405, 0.05519380053382109, 0.18434075259977803, -0.017860376039733825, 0.9997603827585076, 0.01265638314375886, 0.7989046606349477, 0.0, 0.0, 0.0, 1.0]",True,True
624,"[0.024835598085778208, -1.7253434311512974, 1.3814497891789703, 0.327398875293732, 1.5447525660126393, -0.00686078868785869]","[0.5343521883349345, 0.17966696244332597, 0.8107957373269707]","[-0.0507395452985998, -0.01683743921591469, 0.9985699771090365, 0.9986853180600653, 0.006442270490074907, 0.05085403270340801, -0.007289309580332092, 0.9998374856903411, 0.016488425463305794]","[0.49299877044846196, 0.48123013173221485, 0.5100719043246179, 0.5149722566002538]","[-0.0507395452985998, -0.01683743921591469, 0.9985699771090365, 0.5343521883349345, 0.9986853180600653, 0.006442270490074907, 0.05085403270340801, 0.17966696244332597, -0.007289309580332092, 0.9998374856903411, 0.016488425463305794, 0.8107957373269707, 0.0, 0.0, 0.0, 1.0]",True,True
625,"[0.007303417979710895, -1.7334241872605405, 1.362176314361692, 0.3470955555452253, 1.5388590476691102, -0.0028371917295542236]","[0.527909485400343, 0.1707451797985468, 0.8254022030414295]","[-0.03915264038756853, -0.024260506450594372, 0.9989386860951189, 0.9992267293339372, 0.002658629359737273, 0.03922849824464421, -0.0036075109541411784, 0.9997021353966832, 0.024137654153366647]","[0.4969013088948184, 0.48323158943184985, 0.504399052237893, 0.5149348660707483]","[-0.03915264038756853, -0.024260506450594372, 0.9989386860951189, 0.527909485400343, 0.9992267293339372, 0.002658629359737273, 0.03922849824464421, 0.1707451797985468, -0.0036075109541411784, 0.9997021353966832, 0.024137654153366647, 0.8254022030414295, 0.0, 0.0, 0.0, 1.0]",True,True
626,"[-0.00357120981777039, -1.7280493391349263, 1.3354677488138806, 0.3670318270959964, 1.541677822512476, -0.003674143242243782]","[0.5285975991640444, 0.16473866841818285, 0.837388456472946]","[-0.02544097854241188, -0.025640467492296024, 0.9993474486071303, 0.9996665690269959, 0.003764169161701429, 0.025545680658704054, -0.004416716042370042, 0.9996641423284615, 0.025536154019398988]","[0.5009639070428848, 0.4861220778458039, 0.5009164086164263, 0.5116671191800655]","[-0.02544097854241188, -0.025640467492296024, 0.9993474486071303, 0.5285975991640444, 0.9996665690269959, 0.003764169161701429, 0.025545680658704054, 0.16473866841818285, -0.004416716042370042, 0.9996641423284615, 0.025536154019398988, 0.837388456472946, 0.0, 0.0, 0.0, 1.0]",True,True
627,"[-0.00833610888988288, -1.7204863667917156, 1.3149522978349293, 0.39838090690606137, 1.5365542977220301, -0.012829544939833761]","[0.5289590331618084, 0.16269374206789677, 0.8431961335925572]","[-0.025808249782016974, -0.007484567693356353, 0.9996388925455195, 0.9995814182577327, 0.012884512031949536, 0.02590323577389046, -0.013073733860234108, 0.9998889791352547, 0.0071489080851312205]","[0.49855420225263963, 0.48840514178827543, 0.5078247369242748, 0.5049932291217374]","[-0.025808249782016974, -0.007484567693356353, 0.9996388925455195, 0.5289590331618084, 0.9995814182577327, 0.012884512031949536, 0.02590323577389046, 0.16269374206789677, -0.013073733860234108, 0.9998889791352547, 0.0071489080851312205, 0.8431961335925572, 0.0, 0.0, 0.0, 1.0]",True,True
628,"[-0.010913573441367733, -1.7213911744624057, 1.2991915642541991, 0.40901760191580494, 1.5489102608975336, -0.0010694776729095893]","[0.5257051435817482, 0.16023106866026418, 0.8524086691328874]","[-0.01095626816690924, -0.013192566762104048, 0.9998529473728037, 0.9999390563507952, 0.001213269186468444, 0.010973220227551636, -0.0013578557124943244, 0.99991223822899, 0.013178469856377668]","[0.5008581313296053, 0.4936223234392476, 0.4997477032205852, 0.5056979011318957]","[-0.01095626816690924, -0.013192566762104048, 0.9998529473728037, 0.5257051435817482, 0.9999390563507952, 0.001213269186468444, 0.010973220227551636, 0.16023106866026418, -0.0013578557124943244, 0.99991223822899, 0.013178469856377668, 0.8524086691328874, 0.0, 0.0, 0.0, 1.0]",True,True
629,"[-0.035259628687255976, -1.7180329127493754, 1.280346130624169, 0.4330819734895227, 1.5548521942264046, 0.0014114650411521609]","[0.5267954913487662, 0.1469315482257742, 0.8599707996676805]","[0.019307949305610292, -0.004629187512590438, 0.9998028674276671, 0.9998126888379669, -0.001248871391361244, -0.019313921374041407, 0.0013380329617752205, 0.9999885054055476, 0.004604207268584581]","[0.5056340784556639, 0.5039723736050385, 0.4936696699298134, 0.49662489097767126]","[0.019307949305610292, -0.004629187512590438, 0.9998028674276671, 0.5267954913487662, 0.9998126888379669, -0.001248871391361244, -0.019313921374041407, 0.1469315482257742, 0.0013380329617752205, 0.9999885054055476, 0.004604207268584581, 0.8599707996676805, 0.0, 0.0, 0.0, 1.0]",True,True
630,"[-0.047271881592282065, -1.7116309076478735, 1.25159960909562, 0.4466246874179308, 1.5447241852522695, -7.683269888262081e-05]","[0.5278871676149481, 0.1415577876853293, 0.8728742869024552]","[0.021201521096691437, -0.013389604606725884, 0.9996855575588067, 0.99977513159637, 0.00071031658551284, -0.021193906950102086, -0.00042631519769806704, 0.9999101029286703, 0.013401653499785839]","[0.5087517791570831, 0.5017692574808149, 0.4914537470579088, 0.49786790813869036]","[0.021201521096691437, -0.013389604606725884, 0.9996855575588067, 0.5278871676149481, 0.99977513159637, 0.00071031658551284, -0.021193906950102086, 0.1415577876853293, -0.00042631519769806704, 0.9999101029286703, 0.013401653499785839, 0.8728742869024552, 0.0, 0.0, 0.0, 1.0]",True,True
631,"[-0.04796017224242619, -1.71764948400154, 1.2390116016030503, 0.459751231273061, 1.5451144681968048, 0.0005335987512516591]","[0.5201569769169425, 0.1415340972112416, 0.8823585367155719]","[0.0222709764668077, -0.018875699077170117, 0.999573764957626, 0.9997519698660162, 0.000371940088449827, -0.02226792333359206, 4.854106536791424e-05, 0.9998217689393039, 0.01887930080395586]","[0.5102749791434059, 0.5007543648273078, 0.48969931152128615, 0.49905820909206033]","[0.0222709764668077, -0.018875699077170117, 0.999573764957626, 0.5201569769169425, 0.9997519698660162, 0.000371940088449827, -0.02226792333359206, 0.1415340972112416, 4.854106536791424e-05, 0.9998217689393039, 0.01887930080395586, 0.8823585367155719, 0.0, 0.0, 0.0, 1.0]",True,True
632,"[-0.06335865755206775, -1.717853891591873, 1.225547269256046, 0.481310555269834, 1.5353339819866294, 0.013647442822999296]","[0.5176376491741023, 0.13470533963352613, 0.8885177859775655]","[0.02774247675589759, -0.011353442015282994, 0.9995506262005213, 0.9995272000053813, -0.012945556025461444, -0.027888869259869834, 0.013256373291777663, 0.9998517449770228, 0.010988932320830811]","[0.5064054336821602, 0.5073704515589492, 0.48690939477941125, 0.4990470948694108]","[0.02774247675589759, -0.011353442015282994, 0.9995506262005213, 0.5176376491741023, 0.9995272000053813, -0.012945556025461444, -0.027888869259869834, 0.13470533963352613, 0.013256373291777663, 0.9998517449770228, 0.010988932320830811, 0.8885177859775655, 0.0, 0.0, 0.0, 1.0]",True,True
633,"[-0.07062330426544322, -1.716314903996427, 1.1941632473615853, 0.4965170347876116, 1.555629507476092, 0.00920561465138025]","[0.5128359018446614, 0.1294740125061526, 0.9049651404454667]","[0.05519532053921836, -0.026077124440916956, 0.9981349909563667, 0.9984366753140543, -0.007382706842773934, -0.05540488270442575, 0.008813738048663384, 0.9996326721454069, 0.025628866557906044]","[0.5180351050494432, 0.5091535035782642, 0.4774392909208725, 0.4944229598384013]","[0.05519532053921836, -0.026077124440916956, 0.9981349909563667, 0.5128359018446614, 0.9984366753140543, -0.007382706842773934, -0.05540488270442575, 0.1294740125061526, 0.008813738048663384, 0.9996326721454069, 0.025628866557906044, 0.9049651404454667, 0.0, 0.0, 0.0, 1.0]",True,True
634,"[-0.09197991748283149, -1.712433830010635, 1.1825648827698105, 0.5205276230062272, 1.5414087761563031, 0.006247079133603956]","[0.51385718167161, 0.11995930688379572, 0.9075894843704425]","[0.06249345197012399, -0.00969228987177602, 0.9979983106087401, 0.9980275047032953, -0.005376830012306799, -0.06254749838908392, 0.0059722957538540025, 0.9999385727213748, 0.009337155207464002]","[0.5163462445794684, 0.5144251954305327, 0.48031046282849843, 0.48790893957009207]","[0.06249345197012399, -0.00969228987177602, 0.9979983106087401, 0.51385718167161, 0.9980275047032953, -0.005376830012306799, -0.06254749838908392, 0.11995930688379572, 0.0059722957538540025, 0.9999385727213748, 0.009337155207464002, 0.9075894843704425, 0.0, 0.0, 0.0, 1.0]",True,True
635,"[-0.09820516048549115, -1.704891259653313, 1.156539431000394, 0.5296785268219033, 1.5478150931678374, 0.01414331182942275]","[0.5147600237660387, 0.11614844217824503, 0.9181765637939467]","[0.07488666706265855, -0.01964332415344735, 0.9969985591325844, 0.9970977816306456, -0.012272259691487031, -0.07513591357873053, 0.013711344335705877, 0.9997317297446686, 0.018667286311631198]","[0.5199234784280286, 0.5168393465194272, 0.47280381421214857, 0.4888897828090857]","[0.07488666706265855, -0.01964332415344735, 0.9969985591325844, 0.5147600237660387, 0.9970977816306456, -0.012272259691487031, -0.07513591357873053, 0.11614844217824503, 0.013711344335705877, 0.9997317297446686, 0.018667286311631198, 0.9181765637939467, 0.0, 0.0, 0.0, 1.0]",True,True
636,"[-0.10608687505956478, -1.7160443780993728, 1.1321389334431706, 0.5616482211011652, 1.5471098916831625, 0.01804460224309032]","[0.49849741963963023, 0.11398058419419972, 0.9347369568657706]","[0.08190034651757465, -0.023611890719507936, 0.9963607839818622, 0.9964866573453385, -0.015626194879644083, -0.08228100489357998, 0.017512137876774057, 0.9995990699526653, 0.022249143281291947]","[0.5216615988644416, 0.5184779161439587, 0.4691013524073154, 0.48886986807415356]","[0.08190034651757465, -0.023611890719507936, 0.9963607839818622, 0.49849741963963023, 0.9964866573453385, -0.015626194879644083, -0.08228100489357998, 0.11398058419419972, 0.017512137876774057, 0.9995990699526653, 0.022249143281291947, 0.9347369568657706, 0.0, 0.0, 0.0, 1.0]",True,True
637,"[-0.11272944769744464, -1.707763904804453, 1.1158919236341862, 0.573128303541094, 1.5516750344904422, 0.024913131155720032]","[0.5012807908711501, 0.11001265528738642, 0.9389115172147889]","[0.09298191450147707, -0.020946347663909126, 0.9954474441652773, 0.9953651404250923, -0.022693770437176096, -0.0934517523103844, 0.024547928673855298, 0.9995230078907076, 0.0187391540613741]","[0.5217823536029355, 0.5236736891608359, 0.4651841466021744, 0.4869422476015696]","[0.09298191450147707, -0.020946347663909126, 0.9954474441652773, 0.5012807908711501, 0.9953651404250923, -0.022693770437176096, -0.0934517523103844, 0.11001265528738642, 0.024547928673855298, 0.9995230078907076, 0.0187391540613741, 0.9389115172147889, 0.0, 0.0, 0.0, 1.0]",True,True
638,"[-0.13005214219144715, -1.7089222899451455, 1.1034385477947437, 0.6012930336887954, 1.5547386859722805, 0.016023689715569778]","[0.49637605498390264, 0.10190911194817849, 0.9438887214840064]","[0.11366673020725246, -0.005977356301430895, 0.993500954028549, 0.9933908062062242, -0.01537560434367703, -0.1137466348338026, 0.015955581748699023, 0.9998639217427103, 0.004190156124554069]","[0.5249955433115908, 0.5302952428662677, 0.4655017479356323, 0.4758936410220719]","[0.11366673020725246, -0.005977356301430895, 0.993500954028549, 0.49637605498390264, 0.9933908062062242, -0.01537560434367703, -0.1137466348338026, 0.10190911194817849, 0.015955581748699023, 0.9998639217427103, 0.004190156124554069, 0.9438887214840064, 0.0, 0.0, 0.0, 1.0]",True,True
639,"[-0.12742307300119066, -1.7060865392709856, 1.085723065977076, 0.6133152908340244, 1.5394877653477135, 0.02488611082216878]","[0.4934248525141227, 0.10497453620736827, 0.9513557768811022]","[0.09576369075451378, -0.00937682601764246, 0.9953599302096247, 0.9950985295245537, -0.023873302729876016, -0.09596344072009114, 0.024662361426769266, 0.9996710161601179, 0.0070446702018508636]","[0.519358993911362, 0.527397460005862, 0.4672575136671853, 0.48351687720730413]","[0.09576369075451378, -0.00937682601764246, 0.9953599302096247, 0.4934248525141227, 0.9950985295245537, -0.023873302729876016, -0.09596344072009114, 0.10497453620736827, 0.024662361426769266, 0.9996710161601179, 0.0070446702018508636, 0.9513557768811022, 0.0, 0.0, 0.0, 1.0]",True,True
640,"[-0.13848520715337476, -1.7050007337207027, 1.0607968028588801, 0.6187562092246629, 1.5492046758802756, 0.02528317060010392]","[0.48920275122960094, 0.0993517586017852, 0.9641815911205278]","[0.11596007451003067, -0.028141891374837524, 0.9928551229003527, 0.9929461359608059, -0.02159655358457255, -0.11658284588125868, 0.024723110648394636, 0.9993706133477788, 0.025439044336446785]","[0.5291036205843579, 0.5272849286102715, 0.4574397030125801, 0.48246127394097366]","[0.11596007451003067, -0.028141891374837524, 0.9928551229003527, 0.48920275122960094, 0.9929461359608059, -0.02159655358457255, -0.11658284588125868, 0.0993517586017852, 0.024723110648394636, 0.9993706133477788, 0.025439044336446785, 0.9641815911205278, 0.0, 0.0, 0.0, 1.0]",True,True
641,"[-0.15768934572236515, -1.705072339866925, 1.0446147465788822, 0.6407946414067119, 1.5457793022635975, 0.017560340418507483]","[0.48479432066716366, 0.09124900360379626, 0.9710193173503285]","[0.13192686337582846, -0.021737651134755, 0.9910210781022567, 0.9911125630374781, -0.014317981658322605, -0.13225310125102221, 0.017064293395763375, 0.9996611775618655, 0.0196555327205265]","[0.5332130002255272, 0.530704558185066, 0.4566452732278422, 0.4748806826464467]","[0.13192686337582846, -0.021737651134755, 0.9910210781022567, 0.48479432066716366, 0.9911125630374781, -0.014317981658322605, -0.13225310125102221, 0.09124900360379626, 0.017064293395763375, 0.9996611775618655, 0.0196555327205265, 0.9710193173503285, 0.0, 0.0, 0.0, 1.0]",True,True
642,"[-0.15573598757190277, -1.7019311557784362, 1.020463653959055, 0.6479785191567479, 1.5508912656007583, 0.031136385181340313]","[0.48059607153477635, 0.09234985529675106, 0.9820077296171994]","[0.13432926799212863, -0.037277423860600026, 0.9902353464863873, 0.9904688686923248, -0.025653659073193842, -0.1353266785504719, 0.030447789936960876, 0.9989756170430153, 0.033476090594351054]","[0.5343574879032963, 0.5306851318039189, 0.44903813377605417, 0.4808327364259365]","[0.13432926799212863, -0.037277423860600026, 0.9902353464863873, 0.48059607153477635, 0.9904688686923248, -0.025653659073193842, -0.1353266785504719, 0.09234985529675106, 0.030447789936960876, 0.9989756170430153, 0.033476090594351054, 0.9820077296171994, 0.0, 0.0, 0.0, 1.0]",True,True
643,"[-0.17066485560908112, -1.6962858385122233, 1.0127053531470065, 0.6776377395373558, 1.5444545603693323, 0.028259453755768174]","[0.4815427147051922, 0.08583234583046821, 0.9807865912557803]","[0.14360014730566995, -0.009917857216937132, 0.9895860921627864, 0.9892368062981535, -0.0269530366008986, -0.14381959144365597, 0.028098732334740195, 0.999587499884935, 0.005940649372379878]","[0.5297612103762296, 0.539586076204295, 0.4537362027436901, 0.4715118075583072]","[0.14360014730566995, -0.009917857216937132, 0.9895860921627864, 0.4815427147051922, 0.9892368062981535, -0.0269530366008986, -0.14381959144365597, 0.08583234583046821, 0.028098732334740195, 0.999587499884935, 0.005940649372379878, 0.9807865912557803, 0.0, 0.0, 0.0, 1.0]",True,True
644,"[-0.17866986473524238, -1.6922395460647905, 0.9906669361940319, 0.7001189560101924, 1.5475718210228722, 0.034209123188693236]","[0.47760901783978493, 0.08251461841552526, 0.9886003172262116]","[0.15468061947629705, -0.006724903633373095, 0.9879416387770843, 0.9873734893443712, -0.03353186750748929, -0.15481991603595824, 0.034168677152473764, 0.9994150236676361, 0.0014532615277327353]","[0.5297645735363352, 0.5446923960952762, 0.4500928380591278, 0.4691227210333467]","[0.15468061947629705, -0.006724903633373095, 0.9879416387770843, 0.47760901783978493, 0.9873734893443712, -0.03353186750748929, -0.15481991603595824, 0.08251461841552526, 0.034168677152473764, 0.9994150236676361, 0.0014532615277327353, 0.9886003172262116, 0.0, 0.0, 0.0, 1.0]",True,True
645,"[-0.1776170050997307, -1.6896106184949076, 0.9827131430640337, 0.7044853457508409, 1.5566478053558106, 0.03381432493713676]","[0.47712859147123016, 0.08223799612285783, 0.9912041857210392]","[0.16256816655380316, -0.007874765637253124, 0.9866658904054064, 0.9861191257070782, -0.03293123743235725, -0.16274090916509473, 0.03377367522261723, 0.9994265964378435, 0.0024118861136299082]","[0.5319889132385833, 0.5461427281106401, 0.4477970270949244, 0.4671121270616361]","[0.16256816655380316, -0.007874765637253124, 0.9866658904054064, 0.47712859147123016, 0.9861191257070782, -0.03293123743235725, -0.16274090916509473, 0.08223799612285783, 0.03377367522261723, 0.9994265964378435, 0.0024118861136299082, 0.9912041857210392, 0.0, 0.0, 0.0, 1.0]",True,True
646,"[-0.19945025716510237, -1.7073496746068577, 0.9594661523580547, 0.7184426058462011, 1.5477094235160846, 0.03029451946575387]","[0.4561436376969108, 0.07722437237768781, 1.0098811346457524]","[0.17450584566776478, -0.03415453456255961, 0.9840636044466806, 0.9842112049989803, -0.023990351090377587, -0.17536466864512665, 0.029597530002230123, 0.9991285857302729, 0.029428819113103306]","[0.5431262085580318, 0.5406170959295123, 0.4393389876077339, 0.46875188653906114]","[0.17450584566776478, -0.03415453456255961, 0.9840636044466806, 0.4561436376969108, 0.9842112049989803, -0.023990351090377587, -0.17536466864512665, 0.07722437237768781, 0.029597530002230123, 0.9991285857302729, 0.029428819113103306, 1.0098811346457524, 0.0, 0.0, 0.0, 1.0]",True,True
647,"[-0.19778740650090937, -1.6925065361269878, 0.9531425168042578, 0.7337626248686915, 1.5533957598135835, 0.028920876631781244]","[0.4653247262172011, 0.07558234863992716, 1.0052169949492864]","[0.17917657561161532, -0.010677846231508898, 0.9837589838735663, 0.9833947435945166, -0.027347438960310985, -0.17940706745551296, 0.028818969842275815, 0.9995689576923487, 0.005600517392320102]","[0.5379195232661723, 0.5479332754039505, 0.44381174726333966, 0.4619987501988008]","[0.17917657561161532, -0.010677846231508898, 0.9837589838735663, 0.4653247262172011, 0.9833947435945166, -0.027347438960310985, -0.17940706745551296, 0.07558234863992716, 0.028818969842275815, 0.9995689576923487, 0.005600517392320102, 1.0052169949492864, 0.0, 0.0, 0.0, 1.0]",True,True
648,"[-0.21398207266978664, -1.697166479491258, 0.9238235989318332, 0.7509293313848773, 1.5410584599178252, 0.0334212098277103]","[0.45277657579151503, 0.07218025219825334, 1.020583787093152]","[0.18237676380326215, -0.028010290447104378, 0.9828296595309476, 0.9826834535025365, -0.02809286180166799, -0.18315026980084032, 0.03274059005237035, 0.9992127975285652, 0.022401763728809063]","[0.5423757151943667, 0.544992628820822, 0.43792939233004824, 0.4658642135126971]","[0.18237676380326215, -0.028010290447104378, 0.9828296595309476, 0.45277657579151503, 0.9826834535025365, -0.02809286180166799, -0.18315026980084032, 0.07218025219825334, 0.03274059005237035, 0.9992127975285652, 0.022401763728809063, 1.020583787093152, 0.0, 0.0, 0.0, 1.0]",True,True
649,"[-0.22525515273297833, -1.6922065985146955, 0.916631740761461, 0.7692216242280489, 1.5514474074929085, 0.03406506040242999]","[0.4536455927569978, 0.06606992798472576, 1.0203654304472538]","[0.20412518494135448, -0.013152513706004475, 0.9788564349565624, 0.9783564426998704, -0.03192082721253139, -0.2044498271403583, 0.03393493627977672, 0.9994038583942334, 0.006352001763728843]","[0.5428066781766212, 0.5544578456452206, 0.43520167338901194, 0.4566584183048926]","[0.20412518494135448, -0.013152513706004475, 0.9788564349565624, 0.4536455927569978, 0.9783564426998704, -0.03192082721253139, -0.2044498271403583, 0.06606992798472576, 0.03393493627977672, 0.9994038583942334, 0.006352001763728843, 1.0203654304472538, 0.0, 0.0, 0.0, 1.0]",True,True
650,"[-0.2329930430020778, -1.6880459452852434, 0.8977266775105239, 0.777254337027852, 1.5502682253259084, 0.04048491470915626]","[0.45158460954727114, 0.06327661485770214, 1.027276024869867]","[0.2101844833818384, -0.021235928059414922, 0.9774310811023788, 0.9768348099804586, -0.03654973472032972, -0.2108503519141356, 0.040202449626247944, 0.9991061766655879, 0.013061806640741538]","[0.5446780138995538, 0.555354033806685, 0.43017553837273514, 0.45810126008864915]","[0.2101844833818384, -0.021235928059414922, 0.9774310811023788, 0.45158460954727114, 0.9768348099804586, -0.03654973472032972, -0.2108503519141356, 0.06327661485770214, 0.040202449626247944, 0.9991061766655879, 0.013061806640741538, 1.027276024869867, 0.0, 0.0, 0.0, 1.0]",True,True
651,"[-0.242255384029928, -1.6880177473392597, 0.8817044953897842, 0.7923265641313187, 1.5427972417037445, 0.039424636630257824]","[0.4460553609686425, 0.0613069261878903, 1.0337523964248336]","[0.21192306802408314, -0.021947705679998524, 0.9770398719881619, 0.9765070945496724, -0.0351605904693614, -0.21259733575941844, 0.039019322564812595, 0.9991406463022259, 0.013980750099801384]","[0.5456059080633482, 0.5552258343218647, 0.42980681457102154, 0.4574981618938702]","[0.21192306802408314, -0.021947705679998524, 0.9770398719881619, 0.4460553609686425, 0.9765070945496724, -0.0351605904693614, -0.21259733575941844, 0.0613069261878903, 0.039019322564812595, 0.9991406463022259, 0.013980750099801384, 1.0337523964248336, 0.0, 0.0, 0.0, 1.0]",True,True
652,"[-0.24763345502205314, -1.6838426762169556, 0.8690426984832293, 0.812663873528199, 1.5481461799189857, 0.04328969545669239]","[0.44399766836169086, 0.0590005666733006, 1.0362896433635087]","[0.222791516088254, -0.011723489325264793, 0.9747956196850381, 0.973907235098113, -0.04166243122096284, -0.22308953191108555, 0.04322774320556166, 0.9990629617910969, 0.0021355548588299226]","[0.543889841724894, 0.5617647177534352, 0.4281969458765304, 0.45304703673888513]","[0.222791516088254, -0.011723489325264793, 0.9747956196850381, 0.44399766836169086, 0.973907235098113, -0.04166243122096284, -0.22308953191108555, 0.0590005666733006, 0.04322774320556166, 0.9990629617910969, 0.0021355548588299226, 1.0362896433635087, 0.0, 0.0, 0.0, 1.0]",True,True
653,"[-0.2609229293990156, -1.6929073875732001, 0.8511113401869257, 0.8165899214666685, 1.5504557595507453, 0.052724102238165774]","[0.43092215188459554, 0.056564860563323716, 1.048247538002946]","[0.2366601369872064, -0.036873530221876026, 0.9708925390228175, 0.9701907868712372, -0.0446890464549001, -0.23818632663761705, 0.0521710324928164, 0.9983202050924984, 0.025198243444837926]","[0.5516269876413645, 0.5603906985303352, 0.4163689989399593, 0.4564063849554834]","[0.2366601369872064, -0.036873530221876026, 0.9708925390228175, 0.43092215188459554, 0.9701907868712372, -0.0446890464549001, -0.23818632663761705, 0.056564860563323716, 0.0521710324928164, 0.9983202050924984, 0.025198243444837926, 1.048247538002946, 0.0, 0.0, 0.0, 1.0]",True,True
654,"[-0.24836728006674533, -1.6910637031743796, 0.8496215120111282, 0.8402665511796538, 1.5443747539467605, 0.051700059549307904]","[0.42886875904592914, 0.06288105285027774, 1.0459974257902611]","[0.2197750236810686, -0.012513606195396437, 0.9754703217555992, 0.9741825454883427, -0.050120832558700354, -0.2201278496907552, 0.05164597788636349, 0.9986647644748509, 0.0011752295741667646]","[0.5410243572836012, 0.5631874969016983, 0.42688666944110126, 0.45593887705804337]","[0.2197750236810686, -0.012513606195396437, 0.9754703217555992, 0.42886875904592914, 0.9741825454883427, -0.050120832558700354, -0.2201278496907552, 0.06288105285027774, 0.05164597788636349, 0.9986647644748509, 0.0011752295741667646, 1.0459974257902611, 0.0, 0.0, 0.0, 1.0]",True,True
655,"[-0.2596899976203166, -1.686554725324722, 0.8286561436927146, 0.8406496452817703, 1.5337219034482927, 0.05108461425428026]","[0.4273713952627678, 0.05961661055818696, 1.0540382595115267]","[0.21964751367189023, -0.027921900496601745, 0.9751796435582597, 0.9742757127375935, -0.04537907403885789, -0.22074323366533805, 0.050416319851918995, 0.9985795447094006, 0.017236228721947026]","[0.5457803286018513, 0.5585226850784132, 0.4235968553847233, 0.45906638656323845]","[0.21964751367189023, -0.027921900496601745, 0.9751796435582597, 0.4273713952627678, 0.9742757127375935, -0.04537907403885789, -0.22074323366533805, 0.05961661055818696, 0.050416319851918995, 0.9985795447094006, 0.017236228721947026, 1.0540382595115267, 0.0, 0.0, 0.0, 1.0]",True,True
656,"[-0.27561811080120624, -1.6906963076575525, 0.8197078764823987, 0.8474879175855227, 1.549539149636281, 0.05448703900013139]","[0.42068965714707013, 0.053430141047192015, 1.0591942177657816]","[0.25002774625941354, -0.036281832101279936, 0.9675586570124898, 0.9667346695163737, -0.04632231136717698, -0.2515518281083844, 0.05394631456833859, 0.9982674351740504, 0.023493041853217433]","[0.553894953205356, 0.5641048253147134, 0.4123581272753673, 0.45271061589081957]","[0.25002774625941354, -0.036281832101279936, 0.9675586570124898, 0.42068965714707013, 0.9667346695163737, -0.04632231136717698, -0.2515518281083844, 0.053430141047192015, 0.05394631456833859, 0.9982674351740504, 0.023493041853217433, 1.0591942177657816, 0.0, 0.0, 0.0, 1.0]",True,True
657,"[-0.27994352956552615, -1.6847414696776224, 0.8004775146640227, 0.8689196386383988, 1.5464328767064923, 0.05464985279174526]","[0.41795881180230887, 0.0527583192114766, 1.063703899285613]","[0.25162652928518986, -0.028533506938941685, 0.967403705151916, 0.9663031550867269, -0.048615132068028664, -0.2527741707600778, 0.05424299244442858, 0.9984099398121863, 0.015339160827769172]","[0.5518945909421767, 0.5667676994425161, 0.4136481529691063, 0.45064613712163554]","[0.25162652928518986, -0.028533506938941685, 0.967403705151916, 0.41795881180230887, 0.9663031550867269, -0.048615132068028664, -0.2527741707600778, 0.0527583192114766, 0.05424299244442858, 0.9984099398121863, 0.015339160827769172, 1.063703899285613, 0.0, 0.0, 0.0, 1.0]",True,True
658,"[-0.2809961943421213, -1.6867896750134728, 0.7882558196088532, 0.8798266160211795, 1.548927624423216, 0.051868105638607505]","[0.41102373311732626, 0.05409663516782559, 1.0690080209478285]","[0.25496456103759285, -0.03123309051641542, 0.9664458425963146, 0.9655818490036641, -0.04493341983044999, -0.25618875981784583, 0.05142728351345216, 0.998501618345776, 0.018701675627950626]","[0.554241106567145, 0.5659497118207791, 0.41273488570267663, 0.4496305523484831]","[0.25496456103759285, -0.03123309051641542, 0.9664458425963146, 0.41102373311732626, 0.9655818490036641, -0.04493341983044999, -0.25618875981784583, 0.05409663516782559, 0.05142728351345216, 0.998501618345776, 0.018701675627950626, 1.0690080209478285, 0.0, 0.0, 0.0, 1.0]",True,True
659,"[-0.2867030457137919, -1.6764891700485292, 0.7915757974884083, 0.8815212114460281, 1.5380288958639319, 0.049093818332556965]","[0.4217264919920493, 0.04973094117997964, 1.0633782653494928]","[0.2507531288837922, -0.01557794509634921, 0.9679257182147623, 0.9668120348626695, -0.04654223447652139, -0.25121367330349814, 0.04896281854318093, 0.9987948478223683, 0.003390333877349401]","[0.5494545541454317, 0.5687497317544344, 0.4181250718272993, 0.44698418301716186]","[0.2507531288837922, -0.01557794509634921, 0.9679257182147623, 0.4217264919920493, 0.9668120348626695, -0.04654223447652139, -0.25121367330349814, 0.04973094117997964, 0.04896281854318093, 0.9987948478223683, 0.003390333877349401, 1.0633782653494928, 0.0, 0.0, 0.0, 1.0]",True,True
660,"[-0.2952206293238432, -1.674719084752087, 0.7728978432379988, 0.8900815420646685, 1.5423775265679636, 0.05408489386230796]","[0.41676564515153536, 0.047351004381266854, 1.0703332513238581]","[0.26265696883791007, -0.025467647499742892, 0.96455311707117, 0.9633925959404555, -0.04873525092224485, -0.2636277326167641, 0.053721716353737105, 0.9984869925283827, 0.011734689754481985]","[0.5535468380521533, 0.5700126160896951, 0.4113614865557309, 0.44660188418736446]","[0.26265696883791007, -0.025467647499742892, 0.96455311707117, 0.41676564515153536, 0.9633925959404555, -0.04873525092224485, -0.2636277326167641, 0.047351004381266854, 0.053721716353737105, 0.9984869925283827, 0.011734689754481985, 1.0703332513238581, 0.0, 0.0, 0.0, 1.0]",True,True
661,"[-0.2982925724549586, -1.6877341824567933, 0.7732641439375634, 0.9004567371245765, 1.5578478684806079, 0.05186596780006184]","[0.4037451692449854, 0.04862605071736148, 1.074122173602528]","[0.28041597124193973, -0.027969168195270042, 0.9594710046181201, 0.9584876088042062, -0.045633751973734364, -0.28145881483725926, 0.051656430782957716, 0.9985666158605866, 0.014011668262598717]","[0.5587472343400914, 0.5727211483246177, 0.40618302787097327, 0.44136987011870016]","[0.28041597124193973, -0.027969168195270042, 0.9594710046181201, 0.4037451692449854, 0.9584876088042062, -0.045633751973734364, -0.28145881483725926, 0.04862605071736148, 0.051656430782957716, 0.9985666158605866, 0.014011668262598717, 1.074122173602528, 0.0, 0.0, 0.0, 1.0]",True,True
662,"[-0.29451316712185294, -1.6737335278595304, 0.7577485976957491, 0.9067049773787844, 1.5408365730052038, 0.05409957344974285]","[0.41095455957064553, 0.04954675339770126, 1.075147735117608]","[0.26061674369882215, -0.02300630071040311, 0.9651681838060374, 0.963942526943853, -0.04950217735768425, -0.26146575145886297, 0.05379328631829456, 0.9985090107577751, 0.009275655373454856]","[0.5523563663330479, 0.5702725808074265, 0.41249406770583946, 0.44669930854891565]","[0.26061674369882215, -0.02300630071040311, 0.9651681838060374, 0.41095455957064553, 0.963942526943853, -0.04950217735768425, -0.26146575145886297, 0.04954675339770126, 0.05379328631829456, 0.9985090107577751, 0.009275655373454856, 1.075147735117608, 0.0, 0.0, 0.0, 1.0]",True,True
663,"[-0.3063337925924602, -1.6799975944043843, 0.7444402174114652, 0.9270123130049291, 1.544137117558827, 0.05981414427744147]","[0.3991789498528002, 0.048267287323621566, 1.0814077907529631]","[0.27506313566693025, -0.02463406557823865, 0.9611105213294479, 0.9595802185778493, -0.05488353840201106, -0.2760318846194428, 0.059548933753361795, 0.9981888398622589, 0.008541923862673797]","[0.5542385589995505, 0.5747618529021972, 0.4066667561002451, 0.44394885026254827]","[0.27506313566693025, -0.02463406557823865, 0.9611105213294479, 0.3991789498528002, 0.9595802185778493, -0.05488353840201106, -0.2760318846194428, 0.048267287323621566, 0.059548933753361795, 0.9981888398622589, 0.008541923862673797, 1.0814077907529631, 0.0, 0.0, 0.0, 1.0]",True,True
664,"[-0.31296300433457985, -1.6809028718187622, 0.7440057843136084, 0.9217429994747938, 1.5453541856806798, 0.06426832317998]","[0.399067578765151, 0.04563884485539817, 1.0824198903534406]","[0.282067116423605, -0.032600240978362144, 0.9588406364566663, 0.9572688314717933, -0.05693180672808909, -0.28354039161167605, 0.06383201489142865, 0.9978456762800688, 0.015148604030477531]","[0.5568401731480034, 0.5752934727426551, 0.4018247356801931, 0.44441346017390193]","[0.282067116423605, -0.032600240978362144, 0.9588406364566663, 0.399067578765151, 0.9572688314717933, -0.05693180672808909, -0.28354039161167605, 0.04563884485539817, 0.06383201489142865, 0.9978456762800688, 0.015148604030477531, 1.0824198903534406, 0.0, 0.0, 0.0, 1.0]",True,True
665,"[-0.31182014561242577, -1.6755705232513343, 0.7398054096972452, 0.9284584301321613, 1.5442138541864423, 0.06593592658360431]","[0.40177313393944, 0.045316327668060236, 1.0816523725695206]","[0.28031655206273076, -0.02547917736142917, 0.95956940455636, 0.9576570944604962, -0.060989183876282646, -0.28137734251283475, 0.06569261807191501, 0.9978131743824039, 0.007304037223870385]","[0.5537669648440394, 0.5774949564098251, 0.40354374819748984, 0.4438402497063054]","[0.28031655206273076, -0.02547917736142917, 0.95956940455636, 0.40177313393944, 0.9576570944604962, -0.060989183876282646, -0.28137734251283475, 0.045316327668060236, 0.06569261807191501, 0.9978131743824039, 0.007304037223870385, 1.0816523725695206, 0.0, 0.0, 0.0, 1.0]",True,True
666,"[-0.3140815194323893, -1.6794652253990758, 0.7337082125780626, 0.9316154282036273, 1.5455666839136137, 0.0612313685074032]","[0.3959362937911597, 0.04620550777656925, 1.0854060153613587]","[0.2834974144047783, -0.03085525155182569, 0.9584764835286668, 0.9570416994765557, -0.05429731824902867, -0.28482097305849746, 0.060830925431321604, 0.9980479721349255, 0.014136613050222931]","[0.5575250463445505, 0.5752517100373505, 0.4025135570064597, 0.44298321551004416]","[0.2834974144047783, -0.03085525155182569, 0.9584764835286668, 0.3959362937911597, 0.9570416994765557, -0.05429731824902867, -0.28482097305849746, 0.04620550777656925, 0.060830925431321604, 0.9980479721349255, 0.014136613050222931, 1.0854060153613587, 0.0, 0.0, 0.0, 1.0]",True,True
667,"[-0.32083176863487955, -1.6744934937773088, 0.7343333558615305, 0.9452385997165428, 1.542391252115178, 0.06535256506599849]","[0.3995525572427162, 0.042739132011677616, 1.0820654940340224]","[0.28797643223574126, -0.014017223049158475, 0.9575349037684023, 0.9553983382279367, -0.06413171596933419, -0.28827268049214405, 0.06544913894063611, 0.9978429938947404, -0.0050763911502684205]","[0.5519892039515217, 0.5824913173935179, 0.40403225209913407, 0.4390554898254105]","[0.28797643223574126, -0.014017223049158475, 0.9575349037684023, 0.3995525572427162, 0.9553983382279367, -0.06413171596933419, -0.28827268049214405, 0.042739132011677616, 0.06544913894063611, 0.9978429938947404, -0.0050763911502684205, 1.0820654940340224, 0.0, 0.0, 0.0, 1.0]",True,True
668,"[-0.3295213025610562, -1.6738775934204473, 0.7192250938704674, 0.9348368749537276, 1.5470663387139292, 0.05933242671324298]","[0.3964723765673788, 0.03998547913859617, 1.0892619343902783]","[0.29941080691896893, -0.03656695833916199, 0.9534233195480137, 0.952309702549215, -0.050146218628899376, -0.3009843636932796, 0.058816656915857045, 0.9980722490456514, 0.019808749435483025]","[0.5632657760164274, 0.5765735590781946, 0.39706240851302227, 0.43890322428338735]","[0.29941080691896893, -0.03656695833916199, 0.9534233195480137, 0.3964723765673788, 0.952309702549215, -0.050146218628899376, -0.3009843636932796, 0.03998547913859617, 0.058816656915857045, 0.9980722490456514, 0.019808749435483025, 1.0892619343902783, 0.0, 0.0, 0.0, 1.0]",True,True
669,"[-0.32529115033760564, -1.680214801925531, 0.7272588815458726, 0.9377981090248507, 1.5451311445249318, 0.060876505639368944]","[0.39294520846788916, 0.042981868241407276, 1.0878501021467708]","[0.2937450977233108, -0.03229330349041382, 0.9553381391492742, 0.9539708486239277, -0.0532932495354207, -0.29512615866726977, 0.060443672450188925, 0.99805659764546, 0.015152239342845108]","[0.5602687050716681, 0.5770368506247859, 0.3993148549072595, 0.44008533012216927]","[0.2937450977233108, -0.03229330349041382, 0.9553381391492742, 0.39294520846788916, 0.9539708486239277, -0.0532932495354207, -0.29512615866726977, 0.042981868241407276, 0.060443672450188925, 0.99805659764546, 0.015152239342845108, 1.0878501021467708, 0.0, 0.0, 0.0, 1.0]",True,True
670,"[-0.3184999912711848, -1.6733835610964927, 0.7123427110292584, 0.9496402454903398, 1.5423457618171628, 0.06418938964657267]","[0.39266558410352603, 0.04591268978141291, 1.090605356817615]","[0.2847178419107555, -0.02915034034530668, 0.9581680479725019, 0.9564847491023066, -0.057903332166207036, -0.2859792455034937, 0.06381751509091879, 0.9978965185738461, 0.011395744197623368]","[0.5563744813392711, 0.576893714188181, 0.4018653635626657, 0.4428829513689467]","[0.2847178419107555, -0.02915034034530668, 0.9581680479725019, 0.39266558410352603, 0.9564847491023066, -0.057903332166207036, -0.2859792455034937, 0.04591268978141291, 0.06381751509091879, 0.9978965185738461, 0.011395744197623368, 1.090605356817615, 0.0, 0.0, 0.0, 1.0]",True,True
671,"[-0.32796093104743734, -1.675665914004419, 0.7330077571994055, 0.9462340617101769, 1.5430988613403265, 0.06199150218976588]","[0.39822329051125893, 0.04037320401770366, 1.082970066409842]","[0.29541365202680475, -0.01494480985750803, 0.9552525461125498, 0.9533522648161191, -0.06032962172451084, -0.2957698360424099, 0.06205024871958612, 0.9980666257324211, -0.0035745255541318106]","[0.5548669896353905, 0.5829489255726971, 0.4024398252542908, 0.4362744102464567]","[0.29541365202680475, -0.01494480985750803, 0.9552525461125498, 0.39822329051125893, 0.9533522648161191, -0.06032962172451084, -0.2957698360424099, 0.04037320401770366, 0.06205024871958612, 0.9980666257324211, -0.0035745255541318106, 1.082970066409842, 0.0, 0.0, 0.0, 1.0]",True,True
672,"[-0.3308359435720165, -1.6702425909462082, 0.7213887470641656, 0.9407519692605789, 1.540316023482177, 0.0632772997846907]","[0.4000927326368042, 0.03889654046533816, 1.0864625584387333]","[0.29478423697456263, -0.02635588756986933, 0.9552003040314263, 0.9534856804220857, -0.05777764297855705, -0.2958492879860868, 0.0629865927111241, 0.9979815184472342, 0.008098022993062219]","[0.557921279615025, 0.5797550898784886, 0.3997937271437041, 0.43905905895364933]","[0.29478423697456263, -0.02635588756986933, 0.9552003040314263, 0.4000927326368042, 0.9534856804220857, -0.05777764297855705, -0.2958492879860868, 0.03889654046533816, 0.0629865927111241, 0.9979815184472342, 0.008098022993062219, 1.0864625584387333, 0.0, 0.0, 0.0, 1.0]",True,True
673,"[-0.31867838859316344, -1.6832650557000994, 0.7256145827390407, 0.9453377645274018, 1.5407786259382885, 0.06082073994509955]","[0.38861324365844985, 0.04733438596158854, 1.0889277468578757]","[0.2834336759031923, -0.028974065313939198, 0.9585540438093136, 0.9570872523407425, -0.05441787286480464, -0.28464484277730634, 0.060409790355965234, 0.998097790124822, 0.012306850819555135]","[0.5570733016977978, 0.5756615103401568, 0.403063766795171, 0.4425186571719794]","[0.2834336759031923, -0.028974065313939198, 0.9585540438093136, 0.38861324365844985, 0.9570872523407425, -0.05441787286480464, -0.28464484277730634, 0.04733438596158854, 0.060409790355965234, 0.998097790124822, 0.012306850819555135, 1.0889277468578757, 0.0, 0.0, 0.0, 1.0]",True,True
674,"[-0.31414257522289635, -1.6845186342464016, 0.7170514412779251, 0.9499628798287186, 1.546607910391528, 0.05907906687011891]","[0.3836969363584874, 0.05005792214394144, 1.0925390699842108]","[0.28443009535487346, -0.03349936745403961, 0.9581113261185239, 0.9569033546507073, -0.05118079299801352, -0.2858609737028067, 0.0586130592499643, 0.99812740610018, 0.017498299262684192]","[0.5591841381914244, 0.5740454226562134, 0.40214761356510265, 0.44278917017747393]","[0.28443009535487346, -0.03349936745403961, 0.9581113261185239, 0.3836969363584874, 0.9569033546507073, -0.05118079299801352, -0.2858609737028067, 0.05005792214394144, 0.0586130592499643, 0.99812740610018, 0.017498299262684192, 1.0925390699842108, 0.0, 0.0, 0.0, 1.0]",True,True
675,"[-0.31731416033997006, -1.6726273605366275, 0.7234620297287018, 0.9411549784087295, 1.543392086545596, 0.0642542543403594]","[0.3979223024746743, 0.04453245525323929, 1.0864113092682566]","[0.28478816541677526, -0.025950182202418324, 0.9582391605868593, 0.9564523587266756, -0.05903634956325181, -0.28585589886588664, 0.06398895470880864, 0.9979184823791504, 0.008007259291868105]","[0.5553735398687516, 0.5778878039222144, 0.40254447758232415, 0.4422260291520459]","[0.28478816541677526, -0.025950182202418324, 0.9582391605868593, 0.3979223024746743, 0.9564523587266756, -0.05903634956325181, -0.28585589886588664, 0.04453245525323929, 0.06398895470880864, 0.9979184823791504, 0.008007259291868105, 1.0864113092682566, 0.0, 0.0, 0.0, 1.0]",True,True
676,"[-0.32766275219557167, -1.6712040442708072, 0.7318217272345265, 0.9416755700607996, 1.5476829665161418, 0.06847676092417249]","[0.4022325310871671, 0.03867878288673132, 1.0822634334104675]","[0.29930918961565167, -0.018351475365328038, 0.9539796813158745, 0.9516958825122145, -0.06601087609743937, -0.29986248756079154, 0.06847595359627473, 0.9976501328565863, -0.0022926382873367686]","[0.554753475705848, 0.5847248720553172, 0.3990528074623225, 0.43715244714928997]","[0.29930918961565167, -0.018351475365328038, 0.9539796813158745, 0.4022325310871671, 0.9516958825122145, -0.06601087609743937, -0.29986248756079154, 0.03867878288673132, 0.06847595359627473, 0.9976501328565863, -0.0022926382873367686, 1.0822634334104675, 0.0, 0.0, 0.0, 1.0]",True,True
677,"[-0.310008877108739, -1.670254096911881, 0.7165706694820462, 0.9395457560534738, 1.5486842174384756, 0.05971656403966147]","[0.3974893700788522, 0.04695704688370238, 1.0886310179715601]","[0.2826286639791521, -0.030385037171508356, 0.9587480314521879, 0.9573907569578765, -0.05291964702730835, -0.2839057052088411, 0.059363092818550435, 0.9981363937231179, 0.014133744600247121]","[0.5576384943563552, 0.5747639877389269, 0.4032114657327133, 0.4428387764323499]","[0.2826286639791521, -0.030385037171508356, 0.9587480314521879, 0.3974893700788522, 0.9573907569578765, -0.05291964702730835, -0.2839057052088411, 0.04695704688370238, 0.059363092818550435, 0.9981363937231179, 0.014133744600247121, 1.0886310179715601, 0.0, 0.0, 0.0, 1.0]",True,True
678,"[-0.3092814116227113, -1.6701291156807088, 0.7234990862289719, 0.9382179155019551, 1.542769483124175, 0.06077668071065906]","[0.4001832449089477, 0.046946778695092374, 1.0857557539835367]","[0.2765629153999641, -0.024857010367442485, 0.9606742855208862, 0.9590894029733478, -0.055797010594026086, -0.27755037509071645, 0.06050182583773484, 0.9981326678575163, 0.008408711312526263]","[0.5543407382013485, 0.5753153949533821, 0.4059653195451194, 0.4437462130842888]","[0.2765629153999641, -0.024857010367442485, 0.9606742855208862, 0.4001832449089477, 0.9590894029733478, -0.055797010594026086, -0.27755037509071645, 0.046946778695092374, 0.06050182583773484, 0.9981326678575163, 0.008408711312526263, 1.0857557539835367, 0.0, 0.0, 0.0, 1.0]",True,True
679,"[-0.31746235636507947, -1.673781690572562, 0.7258601329078301, 0.9234991833038445, 1.5388878092941438, 0.056102009342035214]","[0.399709067672783, 0.04432550939228817, 1.0874670926544998]","[0.27995388077915856, -0.03895872865003828, 0.9592226238463423, 0.9584206621142156, -0.046190944794308436, -0.2815958647628864, 0.05527801614780826, 0.9981726374134797, 0.024407516255875276]","[0.5608409873218801, 0.570468515633771, 0.4029415770836567, 0.44459098626462984]","[0.27995388077915856, -0.03895872865003828, 0.9592226238463423, 0.399709067672783, 0.9584206621142156, -0.046190944794308436, -0.2815958647628864, 0.04432550939228817, 0.05527801614780826, 0.9981726374134797, 0.024407516255875276, 1.0874670926544998, 0.0, 0.0, 0.0, 1.0]",True,True
680,"[-0.31749138264796206, -1.6779331449946437, 0.7280111801709733, 0.9277354824247364, 1.542711999572523, 0.05508471341609574]","[0.3960848381024906, 0.045134307300473867, 1.0876558076920773]","[0.28379730713559853, -0.03675664783657714, 0.9581795433541672, 0.9573387128356623, -0.04585190703239, -0.28530718800557775, 0.054421295176978295, 0.9982717823625541, 0.02217591418519836]","[0.5612756262052555, 0.5717239937204818, 0.4025465412988954, 0.44278395241979746]","[0.28379730713559853, -0.03675664783657714, 0.9581795433541672, 0.3960848381024906, 0.9573387128356623, -0.04585190703239, -0.28530718800557775, 0.045134307300473867, 0.054421295176978295, 0.9982717823625541, 0.02217591418519836, 1.0876558076920773, 0.0, 0.0, 0.0, 1.0]",True,True
681,"[-0.3146072999129846, -1.682209586682131, 0.7403377362125657, 0.9257148445178791, 1.546074054309011, 0.05728735705517009]","[0.39629095746558585, 0.045840621965078765, 1.0841063400217985]","[0.2844965560514184, -0.03170447187019627, 0.9581526684502393, 0.9569899719971516, -0.04987580760108147, -0.2858016747904581, 0.05684982930293601, 0.9982520875408033, 0.01615136615445277]","[0.5591896177963227, 0.5740690284055671, 0.40295045296942134, 0.44202110178817133]","[0.2844965560514184, -0.03170447187019627, 0.9581526684502393, 0.39629095746558585, 0.9569899719971516, -0.04987580760108147, -0.2858016747904581, 0.045840621965078765, 0.05684982930293601, 0.9982520875408033, 0.01615136615445277, 1.0841063400217985, 0.0, 0.0, 0.0, 1.0]",True,True
682,"[-0.3051628847937146, -1.6803858222448533, 0.745993481906808, 0.9214440123496785, 1.5481707418119128, 0.056414272893583715]","[0.39978733578999426, 0.04813532754087915, 1.081397314981207]","[0.2776551939070443, -0.02804977673741743, 0.9602712134191166, 0.9590421385360959, -0.05026473772406654, -0.278768062470654, 0.05608716260030731, 0.998341958532502, 0.012944652368250438]","[0.5568516652914015, 0.5733618576568511, 0.40593577570862077, 0.4431574765772526]","[0.2776551939070443, -0.02804977673741743, 0.9602712134191166, 0.39978733578999426, 0.9590421385360959, -0.05026473772406654, -0.278768062470654, 0.04813532754087915, 0.05608716260030731, 0.998341958532502, 0.012944652368250438, 1.081397314981207, 0.0, 0.0, 0.0, 1.0]",True,True
683,"[-0.31246698622949376, -1.6803794482926353, 0.7536080617522161, 0.9191649704203367, 1.5483872217410153, 0.051947347370456885]","[0.40287133568592076, 0.04430686042386925, 1.078293626488437]","[0.2852466646151701, -0.0220789569803623, 0.9581998017034756, 0.9570559242378259, -0.04741988264866895, -0.28599879826822205, 0.051752277314156055, 0.9986310001137788, 0.007604433217072216]","[0.5579944478181601, 0.5755567118118697, 0.4061185231921491, 0.4386848673166681]","[0.2852466646151701, -0.0220789569803623, 0.9581998017034756, 0.40287133568592076, 0.9570559242378259, -0.04741988264866895, -0.28599879826822205, 0.04430686042386925, 0.051752277314156055, 0.9986310001137788, 0.007604433217072216, 1.078293626488437, 0.0, 0.0, 0.0, 1.0]",True,True
684,"[-0.31052570383941724, -1.6844408606218684, 0.7472434458593105, 0.9173139435538716, 1.548551325542755, 0.04941688919488253]","[0.3972047912496964, 0.04686356675804071, 1.0827255036671153]","[0.2830262662700126, -0.0329520709935106, 0.9585459267132141, 0.9578624583208938, -0.04129054754331855, -0.2842439122004674, 0.048945311733709286, 0.9986036509550783, 0.01987724222517876]","[0.5616077280789218, 0.5710603233433734, 0.4049092317919814, 0.44106165201094194]","[0.2830262662700126, -0.0329520709935106, 0.9585459267132141, 0.3972047912496964, 0.9578624583208938, -0.04129054754331855, -0.2842439122004674, 0.04686356675804071, 0.048945311733709286, 0.9986036509550783, 0.01987724222517876, 1.0827255036671153, 0.0, 0.0, 0.0, 1.0]",True,True
685,"[-0.30302186404083253, -1.6784927987637397, 0.7475892215706645, 0.9131755814256627, 1.551851303336758, 0.05283428363314091]","[0.40273999595404597, 0.04768004160697009, 1.080782656983085]","[0.27898964680628063, -0.03169699772176467, 0.9597708462494228, 0.9588597863566339, -0.04541061067169282, -0.28022452880955007, 0.052466056484332585, 0.9984654109050802, 0.01772388623108489]","[0.5593082607931141, 0.5715497290802632, 0.4055477334084551, 0.44275976841186043]","[0.27898964680628063, -0.03169699772176467, 0.9597708462494228, 0.40273999595404597, 0.9588597863566339, -0.04541061067169282, -0.28022452880955007, 0.04768004160697009, 0.052466056484332585, 0.9984654109050802, 0.01772388623108489, 1.080782656983085, 0.0, 0.0, 0.0, 1.0]",True,True
686,"[-0.2946232333593637, -1.68913754855511, 0.7640375636548197, 0.9120952852240234, 1.551418373203641, 0.06139554260911516]","[0.3981696182694435, 0.052363566871351255, 1.077613233942656]","[0.2705089608215592, -0.02909643112677691, 0.9622776625334939, 0.9607765908257111, -0.055278309692220515, -0.27175844236912816, 0.06110028344094608, 0.9980469458764231, 0.013001891792365014]","[0.5541282664965088, 0.5728842332272321, 0.4065743590334538, 0.4465902038398923]","[0.2705089608215592, -0.02909643112677691, 0.9622776625334939, 0.3981696182694435, 0.9607765908257111, -0.055278309692220515, -0.27175844236912816, 0.052363566871351255, 0.06110028344094608, 0.9980469458764231, 0.013001891792365014, 1.077613233942656, 0.0, 0.0, 0.0, 1.0]",True,True
687,"[-0.294198872936592, -1.6851839052234063, 0.7719913236790827, 0.9144990164452077, 1.5484717948137805, 0.054169088390427056]","[0.4041288400943487, 0.05100400267777183, 1.0724322461062221]","[0.2682112282331917, -0.013290845166272696, 0.963268441549088, 0.9618358314753316, -0.05253217770801213, -0.2685371549626068, 0.054171674699975976, 0.9985307825700818, -0.0013061087933183108]","[0.5509929540683486, 0.5749020600794804, 0.41248112164440764, 0.4424406289779177]","[0.2682112282331917, -0.013290845166272696, 0.963268441549088, 0.4041288400943487, 0.9618358314753316, -0.05253217770801213, -0.2685371549626068, 0.05100400267777183, 0.054171674699975976, 0.9985307825700818, -0.0013061087933183108, 1.0724322461062221, 0.0, 0.0, 0.0, 1.0]",True,True
688,"[-0.2833371327576143, -1.6830794862522094, 0.7739438836602166, 0.9039484592132715, 1.5499710209132507, 0.05574279732998773]","[0.40722567970947265, 0.054176560798501194, 1.0717550641078948]","[0.25882686557367396, -0.019430741834722418, 0.965728274375903, 0.9643218862200731, -0.05235737040581218, -0.2595033824849855, 0.05560533620316799, 0.9984393582165824, 0.005185995544898712]","[0.5503761192840675, 0.5714014001633589, 0.4134095331737087, 0.4468547024416987]","[0.25882686557367396, -0.019430741834722418, 0.965728274375903, 0.40722567970947265, 0.9643218862200731, -0.05235737040581218, -0.2595033824849855, 0.054176560798501194, 0.05560533620316799, 0.9984393582165824, 0.005185995544898712, 1.0717550641078948, 0.0, 0.0, 0.0, 1.0]",True,True
689,"[-0.2843988679031562, -1.6893977174749928, 0.7721647039078833, 0.8912663720114664, 1.558311974559239, 0.05730585107480016]","[0.40215107132246575, 0.05444322975090332, 1.0760951523092048]","[0.2667119334480581, -0.040262656344995706, 0.9629349215084286, 0.9620933111803356, -0.047897114042864224, -0.2684815208695426, 0.05693158296109789, 0.9980404726114115, 0.025961700466918435]","[0.5578477659433871, 0.567593020355255, 0.40602624670154003, 0.44920676783128627]","[0.2667119334480581, -0.040262656344995706, 0.9629349215084286, 0.40215107132246575, 0.9620933111803356, -0.047897114042864224, -0.2684815208695426, 0.05444322975090332, 0.05693158296109789, 0.9980404726114115, 0.025961700466918435, 1.0760951523092048, 0.0, 0.0, 0.0, 1.0]",True,True
690,"[-0.2762256355087568, -1.6817669585430357, 0.7856094466409507, 0.8901374496041695, 1.5566361109431952, 0.05367427571961508]","[0.41314238311168133, 0.05464316028905375, 1.0673204506115863]","[0.2583924271027348, -0.019682530042097694, 0.9658395061432824, 0.9645540012064874, -0.050177323883590856, -0.25907106153416026, 0.05356241567100318, 0.9985463605556946, 0.006019422602171181]","[0.5509615517033187, 0.5706466350518845, 0.4139477099862684, 0.4465994624333496]","[0.2583924271027348, -0.019682530042097694, 0.9658395061432824, 0.41314238311168133, 0.9645540012064874, -0.050177323883590856, -0.25907106153416026, 0.05464316028905375, 0.05356241567100318, 0.9985463605556946, 0.006019422602171181, 1.0673204506115863, 0.0, 0.0, 0.0, 1.0]",True,True
691,"[-0.2824127389017343, -1.6886014572305585, 0.7851140116656217, 0.8882541521324464, 1.5638379431706741, 0.03919814149969388]","[0.4071631416040977, 0.05322541073021737, 1.0703119827987109]","[0.2712027487984072, -0.02527661181252737, 0.9621902940372381, 0.9617286554698272, -0.033469078846835226, -0.27195185972767766, 0.03907764440682329, 0.9991200696895359, 0.015232335710282341]","[0.5596798204468905, 0.5677674462169701, 0.41233961628870786, 0.4408794239241355]","[0.2712027487984072, -0.02527661181252737, 0.9621902940372381, 0.4071631416040977, 0.9617286554698272, -0.033469078846835226, -0.27195185972767766, 0.05322541073021737, 0.03907764440682329, 0.9991200696895359, 0.015232335710282341, 1.0703119827987109, 0.0, 0.0, 0.0, 1.0]",True,True
692,"[-0.2627965108793466, -1.6849269435684493, 0.8023071150604852, 0.8789755453192213, 1.5637779493123727, 0.04978727680598969]","[0.4158977432035109, 0.05855569211252917, 1.0620028368566665]","[0.25250971347730616, -0.016105692244378175, 0.9674603099233261, 0.9663150076145196, -0.0472020913134428, -0.25299657830608757, 0.04974083492021107, 0.9987555102491134, 0.0036441855706763806]","[0.549761722870586, 0.5692248279941925, 0.4173260145373682, 0.44674840889666656]","[0.25250971347730616, -0.016105692244378175, 0.9674603099233261, 0.4158977432035109, 0.9663150076145196, -0.0472020913134428, -0.25299657830608757, 0.05855569211252917, 0.04974083492021107, 0.9987555102491134, 0.0036441855706763806, 1.0620028368566665, 0.0, 0.0, 0.0, 1.0]",True,True
693,"[-0.2724887355811528, -1.6866259208877004, 0.8070689186417581, 0.8688526029045904, 1.5609110262308405, 0.047056275945020896]","[0.41760443590974394, 0.054472690594180855, 1.0614249294519462]","[0.25882386272336055, -0.0225089629480358, 0.9656622363290196, 0.9647837759163926, -0.04254866622249491, -0.25958019325671694, 0.046930521129290866, 0.9988408069305593, 0.01070367211953497]","[0.5538453910209059, 0.5680380394010424, 0.414705859295058, 0.44565358621317896]","[0.25882386272336055, -0.0225089629480358, 0.9656622363290196, 0.41760443590974394, 0.9647837759163926, -0.04254866622249491, -0.25958019325671694, 0.054472690594180855, 0.046930521129290866, 0.9988408069305593, 0.01070367211953497, 1.0614249294519462, 0.0, 0.0, 0.0, 1.0]",True,True
694,"[-0.26352720830372267, -1.69229014911924, 0.8100315449910379, 0.8642172956400798, 1.548908312137729, 0.04208334326982901]","[0.4137061996704075, 0.060274419328677956, 1.0626868286789692]","[0.23835331678084612, -0.02746959185415785, 0.9707899453037899, 0.9702841551147092, -0.03615347628466945, -0.23925213580210525, 0.04166958978565551, 0.9989686419882758, 0.01803600873794882]","[0.5523214302455874, 0.5604620380381634, 0.4205523743235008, 0.45161824814819335]","[0.23835331678084612, -0.02746959185415785, 0.9707899453037899, 0.4137061996704075, 0.9702841551147092, -0.03615347628466945, -0.23925213580210525, 0.060274419328677956, 0.04166958978565551, 0.9989686419882758, 0.01803600873794882, 1.0626868286789692, 0.0, 0.0, 0.0, 1.0]",True,True
695,"[-0.26524503501565794, -1.690733104511203, 0.8257206748896456, 0.8503071282751059, 1.563339131169614, 0.05878132705589351]","[0.4213268241971608, 0.05614292831542206, 1.0561512010699594]","[0.25366891728968144, -0.02914326479757797, 0.9668519796318458, 0.9655125107269146, -0.052958100704118584, -0.25491377208699817, 0.05863166406380055, 0.9981713829231685, 0.014704362698157189]","[0.5512293486570994, 0.5683138779089516, 0.41190673073768863, 0.45110795440575924]","[0.25366891728968144, -0.02914326479757797, 0.9668519796318458, 0.4213268241971608, 0.9655125107269146, -0.052958100704118584, -0.25491377208699817, 0.05614292831542206, 0.05863166406380055, 0.9981713829231685, 0.014704362698157189, 1.0561512010699594, 0.0, 0.0, 0.0, 1.0]",True,True
696,"[-0.2425459074716154, -1.6877914462864323, 0.8320038834097971, 0.8422222264760997, 1.55310812597606, 0.04319043119599011]","[0.42565295824488836, 0.06525056364632088, 1.0528139998054953]","[0.22219275112017367, -0.022782734320277366, 0.9747365430548606, 0.9740570366469969, -0.03883512881390248, -0.2229455586650659, 0.042933328640105545, 0.9989858756693707, 0.013562798567457882]","[0.5470192914499746, 0.5584498816739552, 0.4258548231200586, 0.4555779780293343]","[0.22219275112017367, -0.022782734320277366, 0.9747365430548606, 0.42565295824488836, 0.9740570366469969, -0.03883512881390248, -0.2229455586650659, 0.06525056364632088, 0.042933328640105545, 0.9989858756693707, 0.013562798567457882, 1.0528139998054953, 0.0, 0.0, 0.0, 1.0]",True,True
697,"[-0.24221907448905555, -1.6838211322263243, 0.8330702757105898, 0.8426686194264923, 1.5629550771293292, 0.04085772196389213]","[0.4292662804788908, 0.06355655073148563, 1.050685319480096]","[0.23172380872174206, -0.017325748339654605, 0.9726273155304453, 0.9719264012285067, -0.0377926266890894, -0.23223003243108575, 0.040781700142264087, 0.9991353941345537, 0.00808190083435652]","[0.5481817861957403, 0.5615680133733746, 0.42497107659075223, 0.4511515041540103]","[0.23172380872174206, -0.017325748339654605, 0.9726273155304453, 0.4292662804788908, 0.9719264012285067, -0.0377926266890894, -0.23223003243108575, 0.06355655073148563, 0.040781700142264087, 0.9991353941345537, 0.00808190083435652, 1.050685319480096, 0.0, 0.0, 0.0, 1.0]",True,True
698,"[-0.23882593229784327, -1.6944227217357202, 0.8457303988965551, 0.8351143783334328, 1.5611748817000222, 0.043271077747580385]","[0.4242978685017189, 0.06633823053785418, 1.0496551497621767]","[0.22642041537732233, -0.023008082983315383, 0.9737578875766777, 0.9730746095542346, -0.03891734891678499, -0.2271810823861942, 0.04312307666707404, 0.998977511293784, 0.013576899058458353]","[0.5479689693584381, 0.5594105972440211, 0.42458371867260597, 0.4544430196949671]","[0.22642041537732233, -0.023008082983315383, 0.9737578875766777, 0.4242978685017189, 0.9730746095542346, -0.03891734891678499, -0.2271810823861942, 0.06633823053785418, 0.04312307666707404, 0.998977511293784, 0.013576899058458353, 1.0496551497621767, 0.0, 0.0, 0.0, 1.0]",True,True
699,"[-0.2274351276079685, -1.687639316037028, 0.8477434556176889, 0.826889742305419, 1.5600629527576488, 0.0388140056337432]","[0.4311545409892146, 0.0695039828446757, 1.046755473694192]","[0.21435695471826194, -0.02100460961539998, 0.9765295194405633, 0.9759899513415693, -0.03496637396810317, -0.21499062205548392, 0.038661490454898265, 0.9991677331991999, 0.013005002475140399]","[0.5459843365943063, 0.5559492616712484, 0.4294390727561054, 0.4565124373237222]","[0.21435695471826194, -0.02100460961539998, 0.9765295194405633, 0.4311545409892146, 0.9759899513415693, -0.03496637396810317, -0.21499062205548392, 0.0695039828446757, 0.038661490454898265, 0.9991677331991999, 0.013005002475140399, 1.046755473694192, 0.0, 0.0, 0.0, 1.0]",True,True
700,"[-0.23108838928026817, -1.685537379447608, 0.865692809628858, 0.8242321573468562, 1.5711522877031732, 0.035330519862837306]","[0.43870999719631065, 0.06515939512710622, 1.037546419475836]","[0.2293913117020149, -0.003834279633817935, 0.97332673055625, 0.9726931859943914, -0.03538560628197736, -0.22938139590676743, 0.03532126888588975, 0.9993663778453558, -0.004387572967382161]","[0.5453480843582049, 0.5632860043866202, 0.43000309736773706, 0.44766246257994996]","[0.2293913117020149, -0.003834279633817935, 0.97332673055625, 0.43870999719631065, 0.9726931859943914, -0.03538560628197736, -0.22938139590676743, 0.06515939512710622, 0.03532126888588975, 0.9993663778453558, -0.004387572967382161, 1.037546419475836, 0.0, 0.0, 0.0, 1.0]",True,True
701,"[-0.22252726295982717, -1.6841306235351134, 0.8699583385771436, 0.8036017309667086, 1.5722316220179597, 0.03571969378875256]","[0.44294057601648135, 0.06772364955125257, 1.0368071090026412]","[0.22158502009383516, -0.018234619512498725, 0.9749705521302934, 0.9744864207994118, -0.03248885074953684, -0.2220826203342473, 0.03572526483548835, 0.9993057456195318, 0.010570346457212264]","[0.5476464452092953, 0.5575624459166343, 0.4287644407770471, 0.4531760632229248]","[0.22158502009383516, -0.018234619512498725, 0.9749705521302934, 0.44294057601648135, 0.9744864207994118, -0.03248885074953684, -0.2220826203342473, 0.06772364955125257, 0.03572526483548835, 0.9993057456195318, 0.010570346457212264, 1.0368071090026412, 0.0, 0.0, 0.0, 1.0]",True,True
702,"[-0.20659648586120016, -1.6925585363633606, 0.879869653190075, 0.8097528012912615, 1.5608282599182255, 0.030358060934000668]","[0.43674737658438545, 0.07690548495994085, 1.0349091104159023]","[0.19518663334891015, -0.008802274752902808, 0.9807266174225582, 0.980297216332355, -0.029166512798503203, -0.19536294987077416, 0.030324013800187906, 0.9995358095087685, 0.0029359319979954477]","[0.5405913550336341, 0.5525887291081446, 0.4395198863119254, 0.4574155144525567]","[0.19518663334891015, -0.008802274752902808, 0.9807266174225582, 0.43674737658438545, 0.980297216332355, -0.029166512798503203, -0.19536294987077416, 0.07690548495994085, 0.030324013800187906, 0.9995358095087685, 0.0029359319979954477, 1.0349091104159023, 0.0, 0.0, 0.0, 1.0]",True,True
703,"[-0.21217489296106062, -1.705700068854862, 0.8936898405963268, 0.7909312216546929, 1.574398075120908, 0.033482871380210534]","[0.43142032747395875, 0.07442661543850175, 1.0353105194897136]","[0.2132955574787008, -0.02776076199991476, 0.9765932342859203, 0.9764116625239824, -0.028264173452313215, -0.2140593417401128, 0.0335450510061185, 0.9992149301287695, 0.021077309144083494]","[0.5491148999003922, 0.5523772311081736, 0.4293492051712984, 0.4571777348902985]","[0.2132955574787008, -0.02776076199991476, 0.9765932342859203, 0.43142032747395875, 0.9764116625239824, -0.028264173452313215, -0.2140593417401128, 0.07442661543850175, 0.0335450510061185, 0.9992149301287695, 0.021077309144083494, 1.0353105194897136, 0.0, 0.0, 0.0, 1.0]",True,True
704,"[-0.19820551236102102, -1.6979691433126718, 0.8950162243724619, 0.7856202016863315, 1.575840706853105, 0.029508354295667356]","[0.4381643440127391, 0.0787384196891443, 1.0319916088976933]","[0.2012634211262729, -0.022940595524487677, 0.9792684843256881, 0.9790902118671956, -0.025485423026215533, -0.2018238098912641, 0.02958702996920766, 0.9994119382367597, 0.017331629105323928]","[0.5461477884248415, 0.5498675329220585, 0.4347181635100458, 0.4586811613215836]","[0.2012634211262729, -0.022940595524487677, 0.9792684843256881, 0.4381643440127391, 0.9790902118671956, -0.025485423026215533, -0.2018238098912641, 0.0787384196891443, 0.02958702996920766, 0.9994119382367597, 0.017331629105323928, 1.0319916088976933, 0.0, 0.0, 0.0, 1.0]",True,True
705,"[-0.19815172346128201, -1.7026699506533385, 0.909521630387934, 0.773719524029127, 1.5722814295572693, 0.02676120421750472]","[0.4396019861278636, 0.07880719134948591, 1.0279005625982862]","[0.1977324295157287, -0.024347061268758276, 0.9799536248850671, 0.9798901068199638, -0.022403465943988274, -0.1982762297151538, 0.026781801174813703, 0.9994525027840351, 0.019427552716718016]","[0.5465245914614589, 0.5478841900308401, 0.4360150662028679, 0.45937419092309095]","[0.1977324295157287, -0.024347061268758276, 0.9799536248850671, 0.4396019861278636, 0.9798901068199638, -0.022403465943988274, -0.1982762297151538, 0.07880719134948591, 0.026781801174813703, 0.9994525027840351, 0.019427552716718016, 1.0279005625982862, 0.0, 0.0, 0.0, 1.0]",True,True
706,"[-0.19016908002699145, -1.6962028426254938, 0.9210771643098232, 0.7775085153279777, 1.577845520938198, 0.03409210146298073]","[0.44740576922625025, 0.08016542494882728, 1.0190734331706413]","[0.195908167368022, -0.0043402718736618735, 0.9806126411578455, 0.9800302646018183, -0.033874918175675645, -0.19594175252630852, 0.03406861345862116, 0.999416655834119, -0.0023827753467496426]","[0.5384353428791605, 0.5550148333356612, 0.43948825064017694, 0.45705141271549093]","[0.195908167368022, -0.0043402718736618735, 0.9806126411578455, 0.44740576922625025, 0.9800302646018183, -0.033874918175675645, -0.19594175252630852, 0.08016542494882728, 0.03406861345862116, 0.999416655834119, -0.0023827753467496426, 1.0190734331706413, 0.0, 0.0, 0.0, 1.0]",True,True
707,"[-0.18525527205741354, -1.7066869180646005, 0.9281674343232259, 0.7630467239333456, 1.5789959719181743, 0.03032469671989165]","[0.4414150405300223, 0.08330285254679572, 1.0212823638621427]","[0.19170006214478091, -0.021029426566567744, 0.981228235117584, 0.9809812924696634, -0.02690584174278921, -0.19222845654236673, 0.030443225818492424, 0.9994167493585413, 0.015471622519017174]","[0.5432002031758201, 0.5484373896281491, 0.43758498420118713, 0.46116087272150086]","[0.19170006214478091, -0.021029426566567744, 0.981228235117584, 0.4414150405300223, 0.9809812924696634, -0.02690584174278921, -0.19222845654236673, 0.08330285254679572, 0.030443225818492424, 0.9994167493585413, 0.015471622519017174, 1.0212823638621427, 0.0, 0.0, 0.0, 1.0]",True,True
708,"[-0.18697719937345578, -1.693440024670609, 0.9399735883577112, 0.7420016100012793, 1.5805598673948058, 0.023236557615445692]","[0.45874459048196803, 0.07914438894517671, 1.0116187322510544]","[0.195158859045307, -0.0158034332010422, 0.9806443143337926, 0.9804937725881769, -0.020655679853657828, -0.19546177325908917, 0.023344842084245886, 0.9996617399845026, 0.01146402892608999]","[0.544510607820853, 0.5487145227649972, 0.43952287544988633, 0.45742782210269]","[0.195158859045307, -0.0158034332010422, 0.9806443143337926, 0.45874459048196803, 0.9804937725881769, -0.020655679853657828, -0.19546177325908917, 0.07914438894517671, 0.023344842084245886, 0.9996617399845026, 0.01146402892608999, 1.0116187322510544, 0.0, 0.0, 0.0, 1.0]",True,True
709,"[-0.16544378138495408, -1.6957435070835718, 0.950616724378541, 0.7332216758547939, 1.5776953782963554, 0.012401281055008592]","[0.45885617600688405, 0.08895044314745378, 1.0079913998759424]","[0.17133165863401087, -0.01386801370061835, 0.9851158007796436, 0.9851343345999235, -0.010256796321037528, -0.1714792725713358, 0.012482209022623944, 0.9998512270959257, 0.011904542523226794]","[0.5415208686736367, 0.540759630619701, 0.4490286746193735, 0.461202146626144]","[0.17133165863401087, -0.01386801370061835, 0.9851158007796436, 0.45885617600688405, 0.9851343345999235, -0.010256796321037528, -0.1714792725713358, 0.08895044314745378, 0.012482209022623944, 0.9998512270959257, 0.011904542523226794, 1.0079913998759424, 0.0, 0.0, 0.0, 1.0]",True,True
710,"[-0.15708972228545495, -1.6947938216770628, 0.9525301774976142, 0.7280000564701572, 1.5754818239532302, 0.016301098507100247]","[0.4600621386474708, 0.0926759810563045, 1.0070786286084945]","[0.16081899799971897, -0.016711109671792675, 0.986842433570782, 0.9868482249196108, -0.01385645503238857, -0.16105458586128152, 0.016365538652299474, 0.999764340966146, 0.014262947701908744]","[0.5388008655034899, 0.5386122225985496, 0.4502947921267753, 0.4656448229967176]","[0.16081899799971897, -0.016711109671792675, 0.986842433570782, 0.4600621386474708, 0.9868482249196108, -0.01385645503238857, -0.16105458586128152, 0.0926759810563045, 0.016365538652299474, 0.999764340966146, 0.014262947701908744, 1.0070786286084945, 0.0, 0.0, 0.0, 1.0]",True,True
711,"[-0.15119406380865158, -1.7050531625087013, 0.9723658301870995, 0.7273717110538207, 1.5868991499876615, 0.011043342601605943]","[0.45581074869282723, 0.09488522696637583, 1.0013784914247716]","[0.16644917749146215, -0.0070935061771707185, 0.9860245197166904, 0.9859872345582453, -0.010088360136156512, -0.1665154595764212, 0.011128548899082491, 0.9999239506881895, 0.005314907292049524]","[0.5389053081588998, 0.5411151980714385, 0.4522575469465191, 0.46069352337989944]","[0.16644917749146215, -0.0070935061771707185, 0.9860245197166904, 0.45581074869282723, 0.9859872345582453, -0.010088360136156512, -0.1665154595764212, 0.09488522696637583, 0.011128548899082491, 0.9999239506881895, 0.005314907292049524, 1.0013784914247716, 0.0, 0.0, 0.0, 1.0]",True,True
712,"[-0.139190122479571, -1.6965701710540662, 0.987316608008335, 0.7118674517399242, 1.5791399944243796, 0.009760920061436043]","[0.46770429330252944, 0.09924170550938104, 0.9912455506452112]","[0.14701739936632385, 0.0011536585191652818, 0.9891332333692887, 0.9890859607022457, -0.01001736587709356, -0.14699868952681075, 0.009738923209373989, 0.9999491594340713, -0.002613794524502228]","[0.5325378481771808, 0.5384348985178987, 0.4597768560076411, 0.4637850180811869]","[0.14701739936632385, 0.0011536585191652818, 0.9891332333692887, 0.46770429330252944, 0.9890859607022457, -0.01001736587709356, -0.14699868952681075, 0.09924170550938104, 0.009738923209373989, 0.9999491594340713, -0.002613794524502228, 0.9912455506452112, 0.0, 0.0, 0.0, 1.0]",True,True
713,"[-0.14444108951789056, -1.7049124151960777, 0.9943174184545381, 0.7097337220824769, 1.5819910920859175, 0.012522566827124005]","[0.4630719105508478, 0.09726748300721537, 0.9914862683169559]","[0.15498546940750518, -0.0027932900070453985, 0.9879128007083783, 0.9878372620903062, -0.012246923313882264, -0.15500824653956916, 0.012531875297146758, 0.9999211020877001, 0.0008612207941841663]","[0.5346961209153773, 0.5399933267937678, 0.4560445116664678, 0.4631745552976117]","[0.15498546940750518, -0.0027932900070453985, 0.9879128007083783, 0.4630719105508478, 0.9878372620903062, -0.012246923313882264, -0.15500824653956916, 0.09726748300721537, 0.012531875297146758, 0.9999211020877001, 0.0008612207941841663, 0.9914862683169559, 0.0, 0.0, 0.0, 1.0]",True,True
714,"[-0.1322207816057995, -1.709224270004047, 1.0043474142082942, 0.695500679253145, 1.5866571299661474, 0.012529171180087428]","[0.4622761755866749, 0.10242815463619374, 0.9894312257525323]","[0.1474122682119036, -0.011141980856855964, 0.9890123757785881, 0.9889938913917893, -0.011155726512227813, -0.14753519090613518, 0.012676985854183349, 0.9998756952884541, 0.009374860056715562]","[0.535170860977219, 0.5360021302820109, 0.4560858321684508, 0.4672040021117755]","[0.1474122682119036, -0.011141980856855964, 0.9890123757785881, 0.4622761755866749, 0.9889938913917893, -0.011155726512227813, -0.14753519090613518, 0.10242815463619374, 0.012676985854183349, 0.9998756952884541, 0.009374860056715562, 0.9894312257525323, 0.0, 0.0, 0.0, 1.0]",True,True
715,"[-0.12135186781337551, -1.7041033995624155, 1.007122915509831, 0.6886031067091991, 1.5887620944269338, 0.006575701983268857]","[0.4669702655996388, 0.10653941542480581, 0.986308914822633]","[0.1388090848984938, -0.009228632224154574, 0.990276158602697, 0.9902963192897916, -0.005497859753985767, -0.13886314680006637, 0.006725916349020002, 0.999942301278127, 0.008375927642308413]","[0.5342488073891266, 0.5329003229990977, 0.4602491520104116, 0.4677244654969955]","[0.1388090848984938, -0.009228632224154574, 0.990276158602697, 0.4669702655996388, 0.9902963192897916, -0.005497859753985767, -0.13886314680006637, 0.10653941542480581, 0.006725916349020002, 0.999942301278127, 0.008375927642308413, 0.986308914822633, 0.0, 0.0, 0.0, 1.0]",True,True
716,"[-0.11595527786079841, -1.706495675159477, 1.0274178084768297, 0.6692836432709863, 1.5956541964590853, 0.006867006340848375]","[0.47148442627232406, 0.1078247388815688, 0.9783298857702556]","[0.1402769631531283, -0.010691824354998715, 0.9900545734960765, 0.9900867743674053, -0.00566588139939999, -0.14034271270969031, 0.007110051426158361, 0.9999267886600148, 0.009791041251449875]","[0.5348836609500187, 0.5329521093168406, 0.4594197737897287, 0.4677552670728897]","[0.1402769631531283, -0.010691824354998715, 0.9900545734960765, 0.47148442627232406, 0.9900867743674053, -0.00566588139939999, -0.14034271270969031, 0.1078247388815688, 0.007110051426158361, 0.9999267886600148, 0.009791041251449875, 0.9783298857702556, 0.0, 0.0, 0.0, 1.0]",True,True
717,"[-0.11232891247703514, -1.7119931405127737, 1.0277330370955613, 0.6561691496445341, 1.5939656938283346, 0.014651000264191473]","[0.4680147270361562, 0.11003736096207539, 0.9818948873546841]","[0.13465156246243642, -0.02988616339140006, 0.9904422113198563, 0.990774954040777, -0.01136816383051224, -0.13503982855668578, 0.015295331703530705, 0.9994886603102933, 0.028079721138462077]","[0.5365079495614176, 0.5286634102040935, 0.45439535444604545, 0.4756039114921518]","[0.13465156246243642, -0.02988616339140006, 0.9904422113198563, 0.4680147270361562, 0.990774954040777, -0.01136816383051224, -0.13503982855668578, 0.11003736096207539, 0.015295331703530705, 0.9994886603102933, 0.028079721138462077, 0.9818948873546841, 0.0, 0.0, 0.0, 1.0]",True,True
718,"[-0.11053875610303152, -1.7151556342525396, 1.0472568732510381, 0.6549796010713498, 1.5963042670362193, 0.002228110925359893]","[0.4699915085198613, 0.11041677552688403, 0.9728814476841584]","[0.13559634897383369, -0.013142110896833745, 0.9906769983532177, 0.9907608640621862, -0.0007824030014910412, -0.13561820706783187, 0.0025574181739349217, 0.9999133326277425, 0.012914598157319837]","[0.5356604671173855, 0.5299679598376691, 0.4611688004048396, 0.468535124666491]","[0.13559634897383369, -0.013142110896833745, 0.9906769983532177, 0.4699915085198613, 0.9907608640621862, -0.0007824030014910412, -0.13561820706783187, 0.11041677552688403, 0.0025574181739349217, 0.9999133326277425, 0.012914598157319837, 0.9728814476841584, 0.0, 0.0, 0.0, 1.0]",True,True
719,"[-0.09799355881094292, -1.7126287546783285, 1.0423663220599169, 0.6398075980388427, 1.5984297485359624, 0.006682859091847387]","[0.47121705398699126, 0.11584693326989842, 0.9758227541575427]","[0.1250787328638868, -0.031140614537317667, 0.9916579918053415, 0.9921183118774765, -0.0036510756487488703, -0.12525144663433393, 0.007521025365648895, 0.9995083450241151, 0.030438502009855123]","[0.5366251389995145, 0.5239969719623342, 0.4584843752728956, 0.47671030112499074]","[0.1250787328638868, -0.031140614537317667, 0.9916579918053415, 0.47121705398699126, 0.9921183118774765, -0.0036510756487488703, -0.12525144663433393, 0.11584693326989842, 0.007521025365648895, 0.9995083450241151, 0.030438502009855123, 0.9758227541575427, 0.0, 0.0, 0.0, 1.0]",True,True
720,"[-0.08069293740500715, -1.7103921992411355, 1.0537836018895745, 0.6326588075740218, 1.601869163108498, 0.0068235279196333706]","[0.4745212022913774, 0.1232285507366747, 0.9692381909918031]","[0.11135887985187354, -0.02463000538032672, 0.9934749935016487, 0.9937514594339846, -0.004850652960068234, -0.1115101252742843, 0.007565497403449069, 0.9996848673461182, 0.023935940512383156]","[0.5316117397603698, 0.5225594684577916, 0.46364170613623484, 0.47891223455362303]","[0.11135887985187354, -0.02463000538032672, 0.9934749935016487, 0.4745212022913774, 0.9937514594339846, -0.004850652960068234, -0.1115101252742843, 0.1232285507366747, 0.007565497403449069, 0.9996848673461182, 0.023935940512383156, 0.9692381909918031, 0.0, 0.0, 0.0, 1.0]",True,True
721,"[-0.07354387533129028, -1.7148748101456375, 1.0693182440179423, 0.6259395027230376, 1.596877452877792, 0.004520977681935313]","[0.47429833466270976, 0.12702966896498508, 0.9634094147369513]","[0.09936582139962938, -0.02001221493438861, 0.9948497096501546, 0.9950382486248593, -0.003057238971151271, -0.09944615157684979, 0.005031631062534688, 0.9997950612717055, 0.01960913423783489]","[0.5281850330770252, 0.5202917273349986, 0.4684996812676036, 0.48044264793244484]","[0.09936582139962938, -0.02001221493438861, 0.9948497096501546, 0.47429833466270976, 0.9950382486248593, -0.003057238971151271, -0.09944615157684979, 0.12702966896498508, 0.005031631062534688, 0.9997950612717055, 0.01960913423783489, 0.9634094147369513, 0.0, 0.0, 0.0, 1.0]",True,True
722,"[-0.071857899501474, -1.7147061913794595, 1.0869964109574175, 0.6184591889740213, 1.6014917990569741, -0.008942887258762838]","[0.4790165744462874, 0.12704767997366023, 0.954238681426653]","[0.10245081186156378, -0.00831072579912, 0.994703354264777, 0.9947003878660856, 0.009559904246588235, -0.10237063353254584, -0.008658494555360208, 0.999919766815062, 0.009246102127215227]","[0.5294470743698957, 0.5204913076814445, 0.47377816281932233, 0.47361254893083826]","[0.10245081186156378, -0.00831072579912, 0.994703354264777, 0.4790165744462874, 0.9947003878660856, 0.009559904246588235, -0.10237063353254584, 0.12704767997366023, -0.008658494555360208, 0.999919766815062, 0.009246102127215227, 0.954238681426653, 0.0, 0.0, 0.0, 1.0]",True,True
723,"[-0.07093749111077316, -1.7090309493262397, 1.0891828101625591, 0.6149826936726208, 1.5903596815387027, -0.010252760473805545]","[0.48454615488040953, 0.1281159185521546, 0.9506675694900736]","[0.0904221333254738, -0.0039263360118409266, 0.9958957885694631, 0.9958517295899586, 0.010555457324747311, -0.09037651793111634, -0.01015728691916282, 0.9999365810921148, 0.00486449547787266]","[0.5257951326629255, 0.5184115596036737, 0.47834841604248074, 0.47536483484468317]","[0.0904221333254738, -0.0039263360118409266, 0.9958957885694631, 0.48454615488040953, 0.9958517295899586, 0.010555457324747311, -0.09037651793111634, 0.1281159185521546, -0.01015728691916282, 0.9999365810921148, 0.00486449547787266, 0.9506675694900736, 0.0, 0.0, 0.0, 1.0]",True,True
724,"[-0.053461839189991034, -1.7169733199582575, 1.1015366183621933, 0.5992853997971327, 1.6017975164696978, -0.010414902549077905]","[0.48009853564309957, 0.13562219192743272, 0.9489740370154264]","[0.08452198945921936, -0.015248079309054476, 0.9963049379458281, 0.9963723050010472, 0.011240572420859254, -0.08435567176278906, -0.00991277583503219, 0.99982055670457, 0.016142839471672887]","[0.5272346255112025, 0.5140862227211227, 0.4771204626428128, 0.47968225879002285]","[0.08452198945921936, -0.015248079309054476, 0.9963049379458281, 0.48009853564309957, 0.9963723050010472, 0.011240572420859254, -0.08435567176278906, 0.13562219192743272, -0.00991277583503219, 0.99982055670457, 0.016142839471672887, 0.9489740370154264, 0.0, 0.0, 0.0, 1.0]",True,True
725,"[-0.054138022761689136, -1.7182355372863367, 1.11590291917181, 0.5997188798186763, 1.6018064198538948, -0.01320105427483451]","[0.4821578081021064, 0.13519007417898082, 0.941447176219291]","[0.08507219949443413, -0.0014870255694440185, 0.9963736797146616, 0.9962884106146541, 0.013294267530482837, -0.08504507819829639, -0.0131195940526221, 0.9999105215996998, 0.002612478920610312]","[0.5246377192752937, 0.5170022855470131, 0.48104303058963405, 0.47545925479889795]","[0.08507219949443413, -0.0014870255694440185, 0.9963736797146616, 0.4821578081021064, 0.9962884106146541, 0.013294267530482837, -0.08504507819829639, 0.13519007417898082, -0.0131195940526221, 0.9999105215996998, 0.002612478920610312, 0.941447176219291, 0.0, 0.0, 0.0, 1.0]",True,True
726,"[-0.04645587224958414, -1.710260468977839, 1.1212638915730428, 0.5797784045293831, 1.6033473055015786, -0.020438131054886653]","[0.49095649079973147, 0.13828991896819032, 0.9364403123964491]","[0.07909500076363563, -0.007593241756754678, 0.9968381631608133, 0.9966636977434113, 0.020800948069219484, -0.07892271003869253, -0.02013589964790218, 0.9997548015583848, 0.009213159410566024]","[0.5265712459495441, 0.5121232501273132, 0.4828283307488848, 0.47679062768098507]","[0.07909500076363563, -0.007593241756754678, 0.9968381631608133, 0.49095649079973147, 0.9966636977434113, 0.020800948069219484, -0.07892271003869253, 0.13828991896819032, -0.02013589964790218, 0.9997548015583848, 0.009213159410566024, 0.9364403123964491, 0.0, 0.0, 0.0, 1.0]",True,True
727,"[-0.04061072691523661, -1.7186374547478198, 1.1357277672516453, 0.5697645702034749, 1.6147186579272126, -0.01444649132400756]","[0.48736217521927755, 0.14022158381551192, 0.9331703623780706]","[0.08460954923595244, -0.011912875541047079, 0.9963429668414548, 0.9963176766244899, 0.01492802285029597, -0.08442891317172899, -0.013867639441060241, 0.9998176021305709, 0.013132061765320203]","[0.5274157832895146, 0.5139429600209386, 0.4788492486808931, 0.4779106845633062]","[0.08460954923595244, -0.011912875541047079, 0.9963429668414548, 0.48736217521927755, 0.9963176766244899, 0.01492802285029597, -0.08442891317172899, 0.14022158381551192, -0.013867639441060241, 0.9998176021305709, 0.013132061765320203, 0.9331703623780706, 0.0, 0.0, 0.0, 1.0]",True,True
728,"[-0.03659533055162538, -1.7255265407775382, 1.1491476554761362, 0.557249979006429, 1.6083526318861583, -0.015703397856014906]","[0.485404055960084, 0.14281518516574582, 0.9299706174357368]","[0.07436785987922755, -0.01794936622084245, 0.9970693264107835, 0.9971183319839465, 0.01635934953725748, -0.07407701198259771, -0.014981770207010506, 0.9997050524704716, 0.019114251920397448]","[0.5267450667393294, 0.509630812064374, 0.4803324988322236, 0.48176421683846354]","[0.07436785987922755, -0.01794936622084245, 0.9970693264107835, 0.485404055960084, 0.9971183319839465, 0.01635934953725748, -0.07407701198259771, 0.14281518516574582, -0.014981770207010506, 0.9997050524704716, 0.019114251920397448, 0.9299706174357368, 0.0, 0.0, 0.0, 1.0]",True,True
729,"[-0.013538715985697274, -1.7223738733739957, 1.1552637409640276, 0.5553918988877168, 1.6154165386544002, -0.01805551915599312]","[0.4858769030190108, 0.15326447939753857, 0.9251078732738498]","[0.058325153661022554, -0.010665596363837123, 0.9982406631191808, 0.9981437025916865, 0.01818262904207579, -0.05812521808713231, -0.01753069955753446, 0.9997777938398722, 0.011706302477789239]","[0.521587501091832, 0.5070592229072354, 0.48686527215012576, 0.4835283134870931]","[0.058325153661022554, -0.010665596363837123, 0.9982406631191808, 0.4858769030190108, 0.9981437025916865, 0.01818262904207579, -0.05812521808713231, 0.15326447939753857, -0.01753069955753446, 0.9997777938398722, 0.011706302477789239, 0.9251078732738498, 0.0, 0.0, 0.0, 1.0]",True,True
730,"[-0.016344475648732894, -1.7202966870490228, 1.1703350561432382, 0.5300317605232082, 1.613415470307531, -0.016692854029487822]","[0.4937108020115383, 0.15196391718597602, 0.9177474210685307]","[0.05924539386739293, -0.018939599363072927, 0.9980637629337433, 0.9981177705971198, 0.016988735020689982, -0.05892621573317002, -0.015839801884265862, 0.9996762848334267, 0.01991045498988262]","[0.5234846186560703, 0.505555685324777, 0.48420886148526193, 0.4857150208974908]","[0.05924539386739293, -0.018939599363072927, 0.9980637629337433, 0.4937108020115383, 0.9981177705971198, 0.016988735020689982, -0.05892621573317002, 0.15196391718597602, -0.015839801884265862, 0.9996762848334267, 0.01991045498988262, 0.9177474210685307, 0.0, 0.0, 0.0, 1.0]",True,True
731,"[-0.0008921713311965777, -1.7281078313263654, 1.1827933715649308, 0.5323208768820377, 1.612508172604759, -0.022498713265400736]","[0.4871759601481166, 0.15966170224584963, 0.9140943005216177]","[0.04286913736641015, -0.012031838312331306, 0.9990082441743342, 0.9988394727516465, 0.022487991009505846, -0.04259105461912725, -0.021953239730685636, 0.9996747096566876, 0.01298191581180312]","[0.5192155246590088, 0.5018463984490428, 0.4915884808026153, 0.4867301067932534]","[0.04286913736641015, -0.012031838312331306, 0.9990082441743342, 0.4871759601481166, 0.9988394727516465, 0.022487991009505846, -0.04259105461912725, 0.15966170224584963, -0.021953239730685636, 0.9996747096566876, 0.01298191581180312, 0.9140943005216177, 0.0, 0.0, 0.0, 1.0]",True,True
732,"[-0.0009673827055228876, -1.7244294357938073, 1.1955350224664254, 0.5280474413359321, 1.6097678841868797, -0.025834138052790584]","[0.4928328676966689, 0.15987204890553755, 0.9052403425472447]","[0.03993686403700331, 0.00018470963503896122, 0.9992021881347339, 0.9988691086921762, 0.025811484779664322, -0.03992832270414913, -0.025798267216761383, 0.9996668110604752, 0.0008463290097203008]","[0.5163803534765793, 0.5033088143097681, 0.49624295756537956, 0.48350232165757306]","[0.03993686403700331, 0.00018470963503896122, 0.9992021881347339, 0.4928328676966689, 0.9988691086921762, 0.025811484779664322, -0.03992832270414913, 0.15987204890553755, -0.025798267216761383, 0.9996668110604752, 0.0008463290097203008, 0.9052403425472447, 0.0, 0.0, 0.0, 1.0]",True,True
733,"[0.003601694240029097, -1.7293392595217865, 1.193808149843655, 0.5130322050065796, 1.6173982079718592, -0.02762677416532191]","[0.48965571620772463, 0.16141049502024427, 0.9100692464696479]","[0.04358018424988546, -0.02130116250603554, 0.9988228211332767, 0.9986965878597008, 0.027516729006254494, -0.04298784737792013, -0.02656864577160524, 0.9993943616514392, 0.022472582432269437]","[0.522869366019948, 0.49839514263568047, 0.49027134383015386, 0.48769244129269873]","[0.04358018424988546, -0.02130116250603554, 0.9988228211332767, 0.48965571620772463, 0.9986965878597008, 0.027516729006254494, -0.04298784737792013, 0.16141049502024427, -0.02656864577160524, 0.9993943616514392, 0.022472582432269437, 0.9100692464696479, 0.0, 0.0, 0.0, 1.0]",True,True
734,"[0.012454600310645783, -1.7254290468779143, 1.2188788471087268, 0.501886737187576, 1.6105780265150647, -0.029159377098146873]","[0.49680481675371496, 0.1664743515969342, 0.8943877062862634]","[0.027447604042981223, -0.0038644853912012766, 0.9996157735775085, 0.999203380194697, 0.02908630469254786, -0.02732383367728667, -0.028969536409674854, 0.9995694336222938, 0.004659756239875936]","[0.5150712729747712, 0.49842289852858823, 0.49924416481559664, 0.4868587699488289]","[0.027447604042981223, -0.0038644853912012766, 0.9996157735775085, 0.49680481675371496, 0.999203380194697, 0.02908630469254786, -0.02732383367728667, 0.1664743515969342, -0.028969536409674854, 0.9995694336222938, 0.004659756239875936, 0.8943877062862634, 0.0, 0.0, 0.0, 1.0]",True,True
735,"[0.028612312804032813, -1.7343227345425465, 1.2248777556885984, 0.5009673848825705, 1.6060239658603204, -0.02848747205827438]","[0.488315247772272, 0.17473512571414723, 0.8953273825460456]","[0.006852700165270015, -0.00828219348829286, 0.9999422212165399, 0.9995792589539176, 0.028240566070019717, -0.006616305402700337, -0.028184136842945164, 0.9995668440374899, 0.008472232961316137]","[0.5107752683902691, 0.49247840082940053, 0.5032185491770533, 0.4932998496670221]","[0.006852700165270015, -0.00828219348829286, 0.9999422212165399, 0.488315247772272, 0.9995792589539176, 0.028240566070019717, -0.006616305402700337, 0.17473512571414723, -0.028184136842945164, 0.9995668440374899, 0.008472232961316137, 0.8953273825460456, 0.0, 0.0, 0.0, 1.0]",True,True
736,"[0.028810742518587448, -1.7308376220451818, 1.2280582346241757, 0.483542971367062, 1.617604061035567, -0.03385423102909374]","[0.4934506554762045, 0.17391379021050193, 0.8933421174447901]","[0.018627859474457956, -0.018607397916688483, 0.9996533237048583, 0.9992836575111632, 0.033288488157603616, -0.01800134404130662, -0.03294198965624646, 0.9992725560621343, 0.01921416192647112]","[0.5174771757185366, 0.49145834243361447, 0.4988603178136829, 0.4917564982525421]","[0.018627859474457956, -0.018607397916688483, 0.9996533237048583, 0.4934506554762045, 0.9992836575111632, 0.033288488157603616, -0.01800134404130662, 0.17391379021050193, -0.03294198965624646, 0.9992725560621343, 0.01921416192647112, 0.8933421174447901, 0.0, 0.0, 0.0, 1.0]",True,True
737,"[0.02983665752706322, -1.732190798248168, 1.2467578931850012, 0.47187722282073175, 1.6118752424224767, -0.028086999935434717]","[0.4965198717637878, 0.17504479360437092, 0.883936115368584]","[0.011614324611863527, -0.013228282899133123, 0.9998450479926131, 0.999553661461373, 0.02767730541031946, -0.011244759863449137, -0.02752426789168055, 0.9995293789062754, 0.013543831816092597]","[0.5130388537523927, 0.49254268530388595, 0.5006293911124183, 0.49352107396592226]","[0.011614324611863527, -0.013228282899133123, 0.9998450479926131, 0.4965198717637878, 0.999553661461373, 0.02767730541031946, -0.011244759863449137, 0.17504479360437092, -0.02752426789168055, 0.9995293789062754, 0.013543831816092597, 0.883936115368584, 0.0, 0.0, 0.0, 1.0]",True,True
738,"[0.03771858232345468, -1.7333608686558992, 1.2496021462765399, 0.4705918666964226, 1.6193509216725075, -0.03333870336634798]","[0.4948152338389483, 0.17825211313499356, 0.8829359889357515]","[0.011264137168193777, -0.012788754982256673, 0.9998547729344796, 0.9994020316404112, 0.03283433895633898, -0.010839065380310308, -0.032690952370258604, 0.9993789841352998, 0.013150958209249965]","[0.5141131768233972, 0.4912430253964438, 0.5021003992178494, 0.49220231665564035]","[0.011264137168193777, -0.012788754982256673, 0.9998547729344796, 0.4948152338389483, 0.9994020316404112, 0.03283433895633898, -0.010839065380310308, 0.17825211313499356, -0.032690952370258604, 0.9993789841352998, 0.013150958209249965, 0.8829359889357515, 0.0, 0.0, 0.0, 1.0]",True,True
739,"[0.040140366012208044, -1.7338629801573828, 1.2482704744175823, 0.4671542319351651, 1.6224170426190814, -0.03423378153631695]","[0.4941893931645569, 0.17915961609518008, 0.8843095472485863]","[0.01209515730976521, -0.018018953352231033, 0.9997644845110983, 0.9993731935658546, 0.03348538316639412, -0.011486909775256288, -0.033270514748604985, 0.9992767616803113, 0.018412669933308538]","[0.515750232770056, 0.4899482381359439, 0.5007438356892974, 0.49316126405496147]","[0.01209515730976521, -0.018018953352231033, 0.9997644845110983, 0.4941893931645569, 0.9993731935658546, 0.03348538316639412, -0.011486909775256288, 0.17915961609518008, -0.033270514748604985, 0.9992767616803113, 0.018412669933308538, 0.8843095472485863, 0.0, 0.0, 0.0, 1.0]",True,True
740,"[0.05348604335556239, -1.7305208269105128, 1.268312862595381, 0.4551416065834666, 1.6197916701362545, -0.045122897749423074]","[0.4985677882679256, 0.18634562363549886, 0.8716667054673076]","[-0.00416904588514159, -0.007251630861855375, 0.99996501584118, 0.9989890367487263, 0.044729745989745946, 0.004489351795617253, -0.044760736279239065, 0.9989728042712354, 0.007057819366080321]","[0.5117661867177932, 0.4858094762247418, 0.5103530573311009, 0.4915529267692026]","[-0.00416904588514159, -0.007251630861855375, 0.99996501584118, 0.4985677882679256, 0.9989890367487263, 0.044729745989745946, 0.004489351795617253, 0.18634562363549886, -0.044760736279239065, 0.9989728042712354, 0.007057819366080321, 0.8716667054673076, 0.0, 0.0, 0.0, 1.0]",True,True
741,"[0.056621220521666266, -1.7375657763318246, 1.2842995411702667, 0.4471518891153414, 1.622289251928941, -0.04227242064234073]","[0.4958836536432638, 0.1875585603064147, 0.8662869936807271]","[-0.004866675743446244, -0.0063158167807074814, 0.9999682124575764, 0.9991080844432538, 0.041913568820525486, 0.005127216482548502, -0.041944619051077284, 0.9991012777527207, 0.006106203856767093]","[0.5106743328516341, 0.48659879561586994, 0.5100671624176576, 0.49220405087211744]","[-0.004866675743446244, -0.0063158167807074814, 0.9999682124575764, 0.4958836536432638, 0.9991080844432538, 0.041913568820525486, 0.005127216482548502, 0.1875585603064147, -0.041944619051077284, 0.9991012777527207, 0.006106203856767093, 0.8662869936807271, 0.0, 0.0, 0.0, 1.0]",True,True
742,"[0.06368105546617626, -1.7353839075049735, 1.2871547608320528, 0.437871824729769, 1.6201635451793568, -0.05328021580255087]","[0.49759889535307544, 0.19144545236340751, 0.8643072286573307]","[-0.013745223134687606, -0.011083874198577426, 0.9998440961338562, 0.9985135817694353, 0.052591374424514836, 0.014309939137324423, -0.052741784791103634, 0.9985546029481266, 0.010344518749478544]","[0.5121500439420331, 0.4804474174379854, 0.5138073760685331, 0.49282308373787936]","[-0.013745223134687606, -0.011083874198577426, 0.9998440961338562, 0.49759889535307544, 0.9985135817694353, 0.052591374424514836, 0.014309939137324423, 0.19144545236340751, -0.052741784791103634, 0.9985546029481266, 0.010344518749478544, 0.8643072286573307, 0.0, 0.0, 0.0, 1.0]",True,True
743,"[0.06689654672100015, -1.733097474773689, 1.2924019609315973, 0.43614885900225686, 1.628097816608451, -0.03731219871808335]","[0.4995510960794193, 0.19248455487335142, 0.8601020642449613]","[-0.009419595257662696, -0.004891258433856995, 0.9999436718216256, 0.9992692785236573, 0.03699810729727569, 0.009594219886393156, -0.03704295107022394, 0.9993033651736357, 0.004539177090233079]","[0.5079659656733525, 0.48709422095597393, 0.51036225503673, 0.49420660281167333]","[-0.009419595257662696, -0.004891258433856995, 0.9999436718216256, 0.4995510960794193, 0.9992692785236573, 0.03699810729727569, 0.009594219886393156, 0.19248455487335142, -0.03704295107022394, 0.9993033651736357, 0.004539177090233079, 0.8601020642449613, 0.0, 0.0, 0.0, 1.0]",True,True
744,"[0.0801255799632862, -1.7314776444324906, 1.2963986232201616, 0.42268274329149735, 1.6356304376458086, -0.044268703574371744]","[0.5002073451185207, 0.1986413221265713, 0.8580801068187789]","[-0.014734035918338577, -0.013020990556625969, 0.9998066623055085, 0.9989470129805164, 0.04325785581775098, 0.015284736417574659, -0.04344851485219229, 0.9989790847234865, 0.012369916821219979]","[0.5101209995483014, 0.4820887344262181, 0.5112782938172883, 0.49594508186940606]","[-0.014734035918338577, -0.013020990556625969, 0.9998066623055085, 0.5002073451185207, 0.9989470129805164, 0.04325785581775098, 0.015284736417574659, 0.1986413221265713, -0.04344851485219229, 0.9989790847234865, 0.012369916821219979, 0.8580801068187789, 0.0, 0.0, 0.0, 1.0]",True,True
745,"[0.08258583895584333, -1.7444847982310165, 1.3199877409568426, 0.4114730982433378, 1.6206963113024513, -0.04887631665602604]","[0.49444626846794243, 0.20081441884402482, 0.851309890815553]","[-0.03201109562146882, -0.014560553062267492, 0.999381448722976, 0.9983244338914367, 0.047757687145868304, 0.03267304720744055, -0.04820388420506642, 0.9987528190763709, 0.013007380003147816]","[0.5071375482863469, 0.4762414926351742, 0.5164207109431682, 0.499314727521317]","[-0.03201109562146882, -0.014560553062267492, 0.999381448722976, 0.49444626846794243, 0.9983244338914367, 0.047757687145868304, 0.03267304720744055, 0.20081441884402482, -0.04820388420506642, 0.9987528190763709, 0.013007380003147816, 0.851309890815553, 0.0, 0.0, 0.0, 1.0]",True,True
746,"[0.07286470708960546, -1.7437584604680247, 1.3309298297838295, 0.40657303916082066, 1.624647562452602, -0.048440722438142333]","[0.4987519537299665, 0.19580714758567028, 0.8446545851625543]","[-0.0186889719244562, -0.007152295209434571, 0.9997997634534848, 0.9986684139815365, 0.04795815325661111, 0.019010903498195352, -0.04808452187564291, 0.9988237383089432, 0.00624648273337218]","[0.5088014504857291, 0.48143182074037233, 0.5148787824448816, 0.49421081063682143]","[-0.0186889719244562, -0.007152295209434571, 0.9997997634534848, 0.4987519537299665, 0.9986684139815365, 0.04795815325661111, 0.019010903498195352, 0.19580714758567028, -0.04808452187564291, 0.9988237383089432, 0.00624648273337218, 0.8446545851625543, 0.0, 0.0, 0.0, 1.0]",True,True
747,"[0.08573490920099083, -1.7347729494795472, 1.3211895302138574, 0.40308894057832845, 1.6271341066470704, -0.03697310871183914]","[0.50191155837336, 0.20247172454457332, 0.8463664716681958]","[-0.0289894015028463, -0.011535208511463663, 0.9995131582751193, 0.9989177553101739, 0.03605069428867521, 0.02938818754852879, -0.036372142177630844, 0.9992833864354503, 0.010477636542115398]","[0.5043656732292415, 0.48075000459343814, 0.5134594578078697, 0.5008533577196738]","[-0.0289894015028463, -0.011535208511463663, 0.9995131582751193, 0.50191155837336, 0.9989177553101739, 0.03605069428867521, 0.02938818754852879, 0.20247172454457332, -0.036372142177630844, 0.9992833864354503, 0.010477636542115398, 0.8463664716681958, 0.0, 0.0, 0.0, 1.0]",True,True
748,"[0.09769116717790388, -1.7405600704980568, 1.3314195853041633, 0.39245647097737124, 1.6301112280080992, -0.055264034817676916]","[0.497706824183925, 0.2080114288180375, 0.844026816748719]","[-0.037399351771578215, -0.01869802782400739, 0.9991254537056686, 0.9978272545205064, 0.05357046574063382, 0.03835329629119081, -0.05424074688952985, 0.9983889968122766, 0.01665390107577603]","[0.5081399942547408, 0.4723283501474402, 0.5182460603893762, 0.5001206822124835]","[-0.037399351771578215, -0.01869802782400739, 0.9991254537056686, 0.497706824183925, 0.9978272545205064, 0.05357046574063382, 0.03835329629119081, 0.2080114288180375, -0.05424074688952985, 0.9983889968122766, 0.01665390107577603, 0.844026816748719, 0.0, 0.0, 0.0, 1.0]",True,True
749,"[0.10833473696446955, -1.7433059402345203, 1.3292221782007878, 0.38311941474133915, 1.6395629498987494, -0.0538884879322802]","[0.4943428058880331, 0.2123001195286462, 0.8476849527940494]","[-0.037875291620713986, -0.032865664531320025, 0.9987418637363514, 0.9979435313182925, 0.05047749718685663, 0.0395060827940072, -0.05171238328120202, 0.9981842867790827, 0.030886227395271915]","[0.5107564079288224, 0.4692443350209882, 0.5141659657669639, 0.5045503002251435]","[-0.037875291620713986, -0.032865664531320025, 0.9987418637363514, 0.4943428058880331, 0.9979435313182925, 0.05047749718685663, 0.0395060827940072, 0.2123001195286462, -0.05171238328120202, 0.9981842867790827, 0.030886227395271915, 0.8476849527940494, 0.0, 0.0, 0.0, 1.0]",True,True
750,"[0.10385725673874557, -1.735376507630292, 1.3426967444709819, 0.386080121694174, 1.6325542280364849, -0.051001566165101195]","[0.5020426698526207, 0.2114369204677012, 0.8349395375594653]","[-0.04169889946882181, -0.008701134472338027, 0.9990923340922918, 0.997849547311127, 0.05025098708636852, 0.04208466737215321, -0.05057156032859025, 0.9986987176099406, 0.0065870122355921445]","[0.5037705578567337, 0.47472705347631533, 0.520903751742968, 0.4995084895720106]","[-0.04169889946882181, -0.008701134472338027, 0.9990923340922918, 0.5020426698526207, 0.997849547311127, 0.05025098708636852, 0.04208466737215321, 0.2114369204677012, -0.05057156032859025, 0.9986987176099406, 0.0065870122355921445, 0.8349395375594653, 0.0, 0.0, 0.0, 1.0]",True,True
751,"[0.10696469281582077, -1.7430874633130058, 1.3571155936695427, 0.38087934784487915, 1.6359952542192608, -0.05744066516077622]","[0.4980475154099724, 0.21231934948611464, 0.8304569807855121]","[-0.041394914996815524, -0.007452129662934973, 0.9991150718390217, 0.9975112360708241, 0.056816231483258275, 0.04175224248465139, -0.05707709632473199, 0.9983568408157113, 0.005081679998745421]","[0.505099741755326, 0.47347311790670354, 0.5227641596555106, 0.4974083743545897]","[-0.041394914996815524, -0.007452129662934973, 0.9991150718390217, 0.4980475154099724, 0.9975112360708241, 0.056816231483258275, 0.04175224248465139, 0.21231934948611464, -0.05707709632473199, 0.9983568408157113, 0.005081679998745421, 0.8304569807855121, 0.0, 0.0, 0.0, 1.0]",True,True
752,"[0.12111054803539234, -1.7395576766461058, 1.3572012423621955, 0.3683558173976366, 1.6428337131951873, -0.055652910130289404]","[0.49892582491458815, 0.21918800257763493, 0.829734049719734]","[-0.04821147046915484, -0.016605041790942823, 0.9986991172031356, 0.9973430275080639, 0.05386836986073312, 0.04904165790016196, -0.05461263220401549, 0.9984099715626183, 0.013963849328914524]","[0.5048813595094626, 0.4700947538372444, 0.5215639919992975, 0.502072442466557]","[-0.04821147046915484, -0.016605041790942823, 0.9986991172031356, 0.49892582491458815, 0.9973430275080639, 0.05386836986073312, 0.04904165790016196, 0.21918800257763493, -0.05461263220401549, 0.9984099715626183, 0.013963849328914524, 0.829734049719734, 0.0, 0.0, 0.0, 1.0]",True,True
753,"[0.11628682730384109, -1.7425235914078414, 1.3666882746366, 0.36608904726872743, 1.6445712204413554, -0.05102459874247498]","[0.499095018045875, 0.2165148591806225, 0.8255623060622314]","[-0.04195357209697011, -0.011835432062639175, 0.9990494584034342, 0.9978534747968046, 0.04982703972520954, 0.04249363420755355, -0.05028260757207512, 0.9986877333081211, 0.009719604705935896]","[0.5043790916399528, 0.47394614237059784, 0.5201108072123294, 0.5004613214519421]","[-0.04195357209697011, -0.011835432062639175, 0.9990494584034342, 0.499095018045875, 0.9978534747968046, 0.04982703972520954, 0.04249363420755355, 0.2165148591806225, -0.05028260757207512, 0.9986877333081211, 0.009719604705935896, 0.8255623060622314, 0.0, 0.0, 0.0, 1.0]",True,True
754,"[0.12354276057523954, -1.7367875798360881, 1.3705750605725444, 0.3648530539063829, 1.6443740048597755, -0.05325974762507171]","[0.5019669025914644, 0.2207021289801806, 0.8202433467046375]","[-0.049801724474847334, -0.004005957535797223, 0.9987510903841622, 0.997344719168139, 0.053000847628334555, 0.04994418182435163, -0.05313472863163247, 0.9985864321404029, 0.0013557869830194246]","[0.5011374337785262, 0.4732445564699605, 0.5247491746349303, 0.49953895339340953]","[-0.049801724474847334, -0.004005957535797223, 0.9987510903841622, 0.5019669025914644, 0.997344719168139, 0.053000847628334555, 0.04994418182435163, 0.2207021289801806, -0.05313472863163247, 0.9985864321404029, 0.0013557869830194246, 0.8202433467046375, 0.0, 0.0, 0.0, 1.0]",True,True
755,"[0.1290245933610519, -1.7410355548455847, 1.385533086165065, 0.35401789161369934, 1.639328580976641, -0.06040165717407872]","[0.500341234969475, 0.22386542840430115, 0.8140853478212555]","[-0.06025640753765437, -0.005118946010759238, 0.9981698060662801, 0.9963621273144022, 0.06006385459609692, 0.06045531097081634, -0.06026339356670258, 0.9981814112488762, 0.0014810918360628267]","[0.5003220310196488, 0.46856126761347494, 0.5288759708801508, 0.5004182362728251]","[-0.06025640753765437, -0.005118946010759238, 0.9981698060662801, 0.500341234969475, 0.9963621273144022, 0.06006385459609692, 0.06045531097081634, 0.22386542840430115, -0.06026339356670258, 0.9981814112488762, 0.0014810918360628267, 0.8140853478212555, 0.0, 0.0, 0.0, 1.0]",True,True
756,"[0.1259416938951407, -1.754632353188672, 1.3875088556330966, 0.34719561938615606, 1.641659393377089, -0.0673513448343426]","[0.4926812623573149, 0.22104885115121148, 0.82056004247159]","[-0.053609440391787826, -0.02342979741129251, 0.9982870691810776, 0.9963864375363229, 0.0647009798233743, 0.05502590574966087, -0.06587939734510778, 0.9976296045142011, 0.019876549053704083]","[0.5076829937286875, 0.4641694277769525, 0.5240309798002067, 0.5021914499526345]","[-0.053609440391787826, -0.02342979741129251, 0.9982870691810776, 0.4926812623573149, 0.9963864375363229, 0.0647009798233743, 0.05502590574966087, 0.22104885115121148, -0.06587939734510778, 0.9976296045142011, 0.019876549053704083, 0.82056004247159, 0.0, 0.0, 0.0, 1.0]",True,True
757,"[0.133992799032727, -1.7490781790387422, 1.3795046599404264, 0.349209883327356, 1.6379635998988926, -0.0639627874964203]","[0.493725913539041, 0.2257341603430341, 0.8225217894250116]","[-0.06536314113727527, -0.024407579654891716, 0.9975629954223738, 0.9958996678106626, 0.06106172386430766, 0.06674816501845514, -0.0625420773182384, 0.997835525492107, 0.020316314395340897]","[0.5039878215598005, 0.4618600493123096, 0.5258584768277114, 0.5061170150440283]","[-0.06536314113727527, -0.024407579654891716, 0.9975629954223738, 0.493725913539041, 0.9958996678106626, 0.06106172386430766, 0.06674816501845514, 0.2257341603430341, -0.0625420773182384, 0.997835525492107, 0.020316314395340897, 0.8225217894250116, 0.0, 0.0, 0.0, 1.0]",True,True
758,"[0.13461872238896302, -1.7415787188138145, 1.385295891792841, 0.3395058548402549, 1.6421916129308343, -0.059180951625011746]","[0.5003598117971693, 0.2265683431817424, 0.8158699769307741]","[-0.062097371641488965, -0.020332837199174485, 0.9978629626189416, 0.996386707972051, 0.05678053005422431, 0.06316248556999923, -0.057943460475172105, 0.998179616671365, 0.016733447043839236]","[0.5028460513558236, 0.4648625203381231, 0.5249153395195922, 0.5054825141958682]","[-0.062097371641488965, -0.020332837199174485, 0.9978629626189416, 0.5003598117971693, 0.996386707972051, 0.05678053005422431, 0.06316248556999923, 0.2265683431817424, -0.057943460475172105, 0.998179616671365, 0.016733447043839236, 0.8158699769307741, 0.0, 0.0, 0.0, 1.0]",True,True
759,"[0.14370107178987204, -1.7513265902355644, 1.3916456048879633, 0.34688411912206385, 1.6524952046815433, -0.06756141199886649]","[0.4914071150881125, 0.2291516060611457, 0.8162751981310257]","[-0.06097272368641123, -0.016819262094555365, 0.9979977151220614, 0.9959242200437528, 0.06555186963200375, 0.06195078948642621, -0.06646258268005581, 0.9977074044078973, 0.012753834449031705]","[0.5043146290746047, 0.4638754068261631, 0.5276766905192476, 0.5020395125145627]","[-0.06097272368641123, -0.016819262094555365, 0.9979977151220614, 0.4914071150881125, 0.9959242200437528, 0.06555186963200375, 0.06195078948642621, 0.2291516060611457, -0.06646258268005581, 0.9977074044078973, 0.012753834449031705, 0.8162751981310257, 0.0, 0.0, 0.0, 1.0]",True,True
760,"[0.13507132974300598, -1.744418574475982, 1.3938290271124287, 0.3340805362913291, 1.6443548858225707, -0.055499370200764564]","[0.4996601813009835, 0.22651289180622422, 0.8124899107760735]","[-0.06048185584947434, -0.01974328029086757, 0.9979740217041523, 0.996693869535675, 0.05314629992777775, 0.06145568512342469, -0.054251963494478514, 0.9983915432771567, 0.016463619579267397]","[0.5022768319506612, 0.4663443536281639, 0.5237281108070257, 0.5059148089107898]","[-0.06048185584947434, -0.01974328029086757, 0.9979740217041523, 0.4996601813009835, 0.996693869535675, 0.05314629992777775, 0.06145568512342469, 0.22651289180622422, -0.054251963494478514, 0.9983915432771567, 0.016463619579267397, 0.8124899107760735, 0.0, 0.0, 0.0, 1.0]",True,True
761,"[0.13434024778197817, -1.7391484412615574, 1.396951590202598, 0.3368137087175825, 1.6515354983517012, -0.0622003859916271]","[0.5033646579036177, 0.22595976795997103, 0.8074835496101473]","[-0.05314136267748114, -0.008654633059146107, 0.9985494944665448, 0.9966774242298605, 0.06135140081810651, 0.053573478962884204, -0.061726069073860274, 0.9980787057864063, 0.005365580343397811]","[0.5033824635612625, 0.469079325956979, 0.5265755366403263, 0.4992883791464539]","[-0.05314136267748114, -0.008654633059146107, 0.9985494944665448, 0.5033646579036177, 0.9966774242298605, 0.06135140081810651, 0.053573478962884204, 0.22595976795997103, -0.061726069073860274, 0.9980787057864063, 0.005365580343397811, 0.8074835496101473, 0.0, 0.0, 0.0, 1.0]",True,True
762,"[0.14126025474597967, -1.7433262222885557, 1.4016833245750842, 0.33524452008640426, 1.6429511106544976, -0.060030044993813515]","[0.49946404354991136, 0.22990410060899974, 0.8068455741129738]","[-0.06854752327109288, -0.010465894417979607, 0.997592954118778, 0.9958700410470005, 0.05895158490770762, 0.06904760663422724, -0.059532330698912006, 0.9982059785890387, 0.006381685565298059]","[0.4991957900468293, 0.4653276281975694, 0.5294141626868095, 0.5039785769079581]","[-0.06854752327109288, -0.010465894417979607, 0.997592954118778, 0.49946404354991136, 0.9958700410470005, 0.05895158490770762, 0.06904760663422724, 0.22990410060899974, -0.059532330698912006, 0.9982059785890387, 0.006381685565298059, 0.8068455741129738, 0.0, 0.0, 0.0, 1.0]",True,True
763,"[0.13736798747788892, -1.7522216964778847, 1.397834893348832, 0.3302620087988217, 1.6366633021764014, -0.06823029494707404]","[0.4945499041410448, 0.22773966851477412, 0.8144053689995394]","[-0.06966369353954789, -0.02871150999891708, 0.99715726893806, 0.9953466426448628, 0.06470743321906712, 0.07140034356920048, -0.06657349906703007, 0.9974911514794415, 0.024070146285182677]","[0.504755853350088, 0.45868255007036246, 0.5268541023076105, 0.507204694035274]","[-0.06966369353954789, -0.02871150999891708, 0.99715726893806, 0.4945499041410448, 0.9953466426448628, 0.06470743321906712, 0.07140034356920048, 0.22773966851477412, -0.06657349906703007, 0.9974911514794415, 0.024070146285182677, 0.8144053689995394, 0.0, 0.0, 0.0, 1.0]",True,True
764,"[0.14011802850572333, -1.7399517421225845, 1.401853808969985, 0.322379607615297, 1.645831018066351, -0.05669713148468636]","[0.5034871365443384, 0.22959645433548245, 0.8061525748283662]","[-0.06406010833147803, -0.019224607658055497, 0.9977608515976928, 0.9964024769388958, 0.05435511053913841, 0.06502019615712681, -0.05548338914118805, 0.9983365847341626, 0.015673452419158296]","[0.501489893872952, 0.4652717831306304, 0.5250575602854078, 0.5063048612771505]","[-0.06406010833147803, -0.019224607658055497, 0.9977608515976928, 0.5034871365443384, 0.9964024769388958, 0.05435511053913841, 0.06502019615712681, 0.22959645433548245, -0.05548338914118805, 0.9983365847341626, 0.015673452419158296, 0.8061525748283662, 0.0, 0.0, 0.0, 1.0]",True,True
765,"[0.14611025576462833, -1.7476978492766633, 1.4147766034412927, 0.33184186578434993, 1.6469352347298016, -0.06832606420343718]","[0.4967900514006287, 0.23172496562956726, 0.8011788877509024]","[-0.06967826963729173, -0.0058386410761621255, 0.9975524292039675, 0.9952361183969987, 0.06794906893542282, 0.0699141807424247, -0.06819096258616784, 0.9976717066756944, 0.0010762529344675767]","[0.49983673640314763, 0.464030281472238, 0.5330457498278752, 0.5007008721872612]","[-0.06967826963729173, -0.0058386410761621255, 0.9975524292039675, 0.4967900514006287, 0.9952361183969987, 0.06794906893542282, 0.0699141807424247, 0.23172496562956726, -0.06819096258616784, 0.9976717066756944, 0.0010762529344675767, 0.8011788877509024, 0.0, 0.0, 0.0, 1.0]",True,True
766,"[0.14971759877904045, -1.7544194448598398, 1.406298608717393, 0.3336250317891471, 1.6514761077009559, -0.06343133401230108]","[0.4906317612621979, 0.2322910681491413, 0.8098855178998045]","[-0.0679440531041817, -0.018677596347950978, 0.997514287137001, 0.9957473270149583, 0.06107996975939005, 0.06896736936231336, -0.062216287179016866, 0.997958107682309, 0.014448145929602712]","[0.5018924343384773, 0.4627439441005213, 0.5278673784517209, 0.5052999676613869]","[-0.0679440531041817, -0.018677596347950978, 0.997514287137001, 0.4906317612621979, 0.9957473270149583, 0.06107996975939005, 0.06896736936231336, 0.2322910681491413, -0.062216287179016866, 0.997958107682309, 0.014448145929602712, 0.8098855178998045, 0.0, 0.0, 0.0, 1.0]",True,True
767,"[0.1382440615920351, -1.7537240934302525, 1.4066829943492365, 0.3250132529960351, 1.638809870835656, -0.06697424724344439]","[0.49466340747157567, 0.2280170483601694, 0.8100919974013018]","[-0.06857175608063762, -0.0264643658770926, 0.9972951176089958, 0.9954993075829746, 0.06373058126230854, 0.07013944406527596, -0.06541439344544303, 0.9976161838857126, 0.021975140033071924]","[0.5042652985321177, 0.45981586603334546, 0.5268603224076269, 0.5066597267524331]","[-0.06857175608063762, -0.0264643658770926, 0.9972951176089958, 0.49466340747157567, 0.9954993075829746, 0.06373058126230854, 0.07013944406527596, 0.2280170483601694, -0.06541439344544303, 0.9976161838857126, 0.021975140033071924, 0.8100919974013018, 0.0, 0.0, 0.0, 1.0]",True,True
768,"[0.15687973461566573, -1.7457015051854274, 1.4113976941406343, 0.3205834445527542, 1.6368992305851264, -0.07192535656423055]","[0.4965547488299651, 0.2383581216691326, 0.8033141180710468]","[-0.08945009860526959, -0.02003142584786072, 0.9957898482300415, 0.9934608187796442, 0.06942937935886451, 0.09063753544487901, -0.07095267020476662, 0.9973857344379577, 0.013689971894386295]","[0.4984148003039188, 0.45481604801872355, 0.5350676373295594, 0.5083578196361277]","[-0.08945009860526959, -0.02003142584786072, 0.9957898482300415, 0.4965547488299651, 0.9934608187796442, 0.06942937935886451, 0.09063753544487901, 0.2383581216691326, -0.07095267020476662, 0.9973857344379577, 0.013689971894386295, 0.8033141180710468, 0.0, 0.0, 0.0, 1.0]",True,True
769,"[0.139517021670787, -1.7473645270963554, 1.4121071913831627, 0.32100334359458654, 1.645813013211536, -0.058384966604945104]","[0.4995654163544871, 0.22872539570433606, 0.8037007096704646]","[-0.06352968437827648, -0.01785250305515276, 0.9978202580312061, 0.9963348052983096, 0.056251617506147954, 0.06444153380484686, -0.05727944617378702, 0.9982570028117047, 0.014213422649610027]","[0.501730843126442, 0.46529702219817765, 0.5257299399964812, 0.5053443107233272]","[-0.06352968437827648, -0.01785250305515276, 0.9978202580312061, 0.4995654163544871, 0.9963348052983096, 0.056251617506147954, 0.06444153380484686, 0.22872539570433606, -0.05727944617378702, 0.9982570028117047, 0.014213422649610027, 0.8037007096704646, 0.0, 0.0, 0.0, 1.0]",True,True
770,"[0.1573181976128948, -1.7439887565914591, 1.4089694030598727, 0.3299915941382434, 1.6517708324943874, -0.07560428288608198]","[0.496465842761842, 0.2371937617435397, 0.8030728184255327]","[-0.07567761881234193, -0.01071235519447242, 0.9970747933114553, 0.9942982502687429, 0.07452681222136366, 0.07626758008903906, -0.07512581129951446, 0.9971614712303664, 0.00501126433953388]","[0.5009641847848396, 0.4595607426191777, 0.5350684925068405, 0.5015381518216017]","[-0.07567761881234193, -0.01071235519447242, 0.9970747933114553, 0.496465842761842, 0.9942982502687429, 0.07452681222136366, 0.07626758008903906, 0.2371937617435397, -0.07512581129951446, 0.9971614712303664, 0.00501126433953388, 0.8030728184255327, 0.0, 0.0, 0.0, 1.0]",True,True
771,"[0.15430625888215668, -1.750730506121788, 1.4066011345607308, 0.32530376710695674, 1.646510543530744, -0.070857549381451]","[0.492974071026938, 0.23553279675039313, 0.8085516819810404]","[-0.07701045332666978, -0.024113543689777646, 0.996738645327421, 0.9946144148912698, 0.06769362419905496, 0.07848400431485543, -0.06936537874846452, 0.997414713273029, 0.018770561461068803]","[0.5023578735158468, 0.45730880185417555, 0.5305500721102241, 0.5069732218245564]","[-0.07701045332666978, -0.024113543689777646, 0.996738645327421, 0.492974071026938, 0.9946144148912698, 0.06769362419905496, 0.07848400431485543, 0.23553279675039313, -0.06936537874846452, 0.997414713273029, 0.018770561461068803, 0.8085516819810404, 0.0, 0.0, 0.0, 1.0]",True,True
772,"[0.14459393041137103, -1.7456121810320997, 1.409582508558732, 0.33005921472506683, 1.6431494638588438, -0.06146307781465098]","[0.4983404735753631, 0.23149783843551672, 0.803534367577411]","[-0.07168005474443305, -0.010330528328466324, 0.9973741774962341, 0.9955610900531763, 0.060405509459977795, 0.07217541408964606, -0.06099250547375822, 0.9981204609721891, 0.005954801818556503]","[0.4986682906838224, 0.46420890609105947, 0.5305965422017596, 0.5042889417543804]","[-0.07168005474443305, -0.010330528328466324, 0.9973741774962341, 0.4983404735753631, 0.9955610900531763, 0.060405509459977795, 0.07217541408964606, 0.23149783843551672, -0.06099250547375822, 0.9981204609721891, 0.005954801818556503, 0.803534367577411, 0.0, 0.0, 0.0, 1.0]",True,True
773,"[0.15018347698391238, -1.743550169557866, 1.4096276243586838, 0.3342190881541032, 1.6489455093743794, -0.05107893519910355]","[0.4979843514910962, 0.2338838505322426, 0.8020353436165186]","[-0.07189311793967888, -0.003381833328804201, 0.9974066085585395, 0.9961035232094061, 0.05096863003522546, 0.07197200707316839, -0.051079845758570115, 0.998694528850373, -0.0002956376366174716]","[0.49466652263391775, 0.46835720600352493, 0.5298955995315308, 0.5051308865699652]","[-0.07189311793967888, -0.003381833328804201, 0.9974066085585395, 0.4979843514910962, 0.9961035232094061, 0.05096863003522546, 0.07197200707316839, 0.2338838505322426, -0.051079845758570115, 0.998694528850373, -0.0002956376366174716, 0.8020353436165186, 0.0, 0.0, 0.0, 1.0]",True,True
774,"[0.14964186120842093, -1.7493312625004447, 1.4017221742289765, 0.32987450120927025, 1.6427147657841885, -0.06133599088438168]","[0.4940834411124915, 0.23358620787956755, 0.8104757201624135]","[-0.07643545424738865, -0.022262645155769752, 0.9968259607196551, 0.9952666470866217, 0.058473549509723124, 0.07762180882128486, -0.06001601895285532, 0.9980406898711104, 0.017687815881229352]","[0.49993147308995345, 0.4602725226324235, 0.5284934218786177, 0.5088343838172924]","[-0.07643545424738865, -0.022262645155769752, 0.9968259607196551, 0.4940834411124915, 0.9952666470866217, 0.058473549509723124, 0.07762180882128486, 0.23358620787956755, -0.06001601895285532, 0.9980406898711104, 0.017687815881229352, 0.8104757201624135, 0.0, 0.0, 0.0, 1.0]",True,True
775,"[0.13847253260950312, -1.7433417809389278, 1.3979196883805867, 0.32495259523092357, 1.643445048332426, -0.06744159393777581]","[0.5009702955653297, 0.22858585004201387, 0.8101960552382972]","[-0.06427563381229293, -0.024659773058269528, 0.9976274547599131, 0.9957542942505685, 0.06442560489695717, 0.06574744797490914, -0.06589406938094085, 0.9976177810295765, 0.02041407832952407]","[0.5051148506563107, 0.4612170538264024, 0.5263760918724667, 0.5050406189715981]","[-0.06427563381229293, -0.024659773058269528, 0.9976274547599131, 0.5009702955653297, 0.9957542942505685, 0.06442560489695717, 0.06574744797490914, 0.22858585004201387, -0.06589406938094085, 0.9976177810295765, 0.02041407832952407, 0.8101960552382972, 0.0, 0.0, 0.0, 1.0]",True,True
776,"[0.13388251583357913, -1.7529616634676626, 1.3994478009661047, 0.33537369869647904, 1.6407295375679831, -0.06516651557351012]","[0.4944210592938056, 0.2255132668643907, 0.8132893232745224]","[-0.06261079188830612, -0.022100995053282665, 0.9977932825774957, 0.9959938352182482, 0.0625710625978809, 0.06388381902028821, -0.0638448819120537, 0.9977957747670746, 0.01809483104671247]","[0.50449358314955, 0.46279674654947073, 0.5260910148062488, 0.5045132704739136]","[-0.06261079188830612, -0.022100995053282665, 0.9977932825774957, 0.4944210592938056, 0.9959938352182482, 0.0625710625978809, 0.06388381902028821, 0.2255132668643907, -0.0638448819120537, 0.9977957747670746, 0.01809483104671247, 0.8132893232745224, 0.0, 0.0, 0.0, 1.0]",True,True
777,"[0.13813223586900983, -1.7452358472880916, 1.4088023367814364, 0.33853580532039607, 1.6446360651947007, -0.06253745822424858]","[0.49906026771350126, 0.228028450632645, 0.803048415700552]","[-0.06425291593660372, -0.001937113668369217, 0.9979317663970215, 0.9959650449008739, 0.06265648651505414, 0.06424791073014519, -0.06265135377023867, 0.9980332721348646, -0.0020965644592392235]","[0.49907589756449156, 0.4677571918227397, 0.5312734622844663, 0.49987495060322606]","[-0.06425291593660372, -0.001937113668369217, 0.9979317663970215, 0.49906026771350126, 0.9959650449008739, 0.06265648651505414, 0.06424791073014519, 0.228028450632645, -0.06265135377023867, 0.9980332721348646, -0.0020965644592392235, 0.803048415700552, 0.0, 0.0, 0.0, 1.0]",True,True
778,"[0.13833411980337787, -1.7489423669771744, 1.406081738536958, 0.3310868658112354, 1.6419783840535285, -0.05898717155606267]","[0.4971564749661584, 0.22811730789505613, 0.8074025212775152]","[-0.06630232109054582, -0.015596865130754834, 0.9976776734076488, 0.9961058593141112, 0.057199396689785804, 0.06709207150193423, -0.058112987000345284, 0.9982409362555801, 0.01174367597816523]","[0.5006597526208306, 0.4649609140136144, 0.5271996874530006, 0.5051847682726898]","[-0.06630232109054582, -0.015596865130754834, 0.9976776734076488, 0.4971564749661584, 0.9961058593141112, 0.057199396689785804, 0.06709207150193423, 0.22811730789505613, -0.058112987000345284, 0.9982409362555801, 0.01174367597816523, 0.8074025212775152, 0.0, 0.0, 0.0, 1.0]",True,True
779,"[0.13336162684247457, -1.7562299774042722, 1.3907749274018415, 0.34754825015906615, 1.6389757018974511, -0.06843242367495612]","[0.4901698767045886, 0.22483238128252406, 0.8192990722543386]","[-0.06378093576419507, -0.02215999391652247, 0.9977178593684003, 0.9957021282370202, 0.06585840779496145, 0.06511483661179768, -0.0671510540297929, 0.9975828811644336, 0.01786424222729821]","[0.5049608188409435, 0.461653661908347, 0.5272037322828477, 0.5039312379175684]","[-0.06378093576419507, -0.02215999391652247, 0.9977178593684003, 0.4901698767045886, 0.9957021282370202, 0.06585840779496145, 0.06511483661179768, 0.22483238128252406, -0.0671510540297929, 0.9975828811644336, 0.01786424222729821, 0.8192990722543386, 0.0, 0.0, 0.0, 1.0]",True,True
780,"[0.13514036333925952, -1.7499326586668034, 1.3943318796802584, 0.34217630340140165, 1.6417703876421823, -0.05247027022572878]","[0.4950055227038399, 0.22615647676917647, 0.8143000701270381]","[-0.06334273169922086, -0.016646673077738386, 0.9978529884789259, 0.9966626278284594, 0.050532092787278174, 0.0641101699312026, -0.051490820841682876, 0.9985836949770314, 0.013390276138635283]","[0.5001448883140496, 0.46710140745208256, 0.5245199110491097, 0.5065078763085965]","[-0.06334273169922086, -0.016646673077738386, 0.9978529884789259, 0.4950055227038399, 0.9966626278284594, 0.050532092787278174, 0.0641101699312026, 0.22615647676917647, -0.051490820841682876, 0.9985836949770314, 0.013390276138635283, 0.8143000701270381, 0.0, 0.0, 0.0, 1.0]",True,True
781,"[0.11995316229779916, -1.7607923072756928, 1.3892370002994447, 0.35008778717340483, 1.6394020745376305, -0.05414218320192971]","[0.4895730003930657, 0.2177704557647643, 0.8223703409769496]","[-0.05011201129408477, -0.024058724942910358, 0.9984537866512315, 0.9973557336113539, 0.05147934482723513, 0.05129734582526349, -0.05263389551058877, 0.9983842220359255, 0.021415373755795688]","[0.5056636004521549, 0.46823959415102984, 0.5196575753237713, 0.5049871385051913]","[-0.05011201129408477, -0.024058724942910358, 0.9984537866512315, 0.4895730003930657, 0.9973557336113539, 0.05147934482723513, 0.05129734582526349, 0.2177704557647643, -0.05263389551058877, 0.9983842220359255, 0.021415373755795688, 0.8223703409769496, 0.0, 0.0, 0.0, 1.0]",True,True
782,"[0.1304501202164121, -1.7523733790758127, 1.3924725114401693, 0.3552863151570357, 1.6414465592342091, -0.06255217240819536]","[0.49274423855432603, 0.22342722166502169, 0.8155178765785107]","[-0.05936210285122123, -0.008302373510323983, 0.9982019892482564, 0.9962976915762111, 0.06180055771296848, 0.059762871636818884, -0.06218561332811524, 0.998053987347609, 0.0046030244997191955]","[0.5017572818010383, 0.4675024906179889, 0.5283369275529751, 0.5005408498908885]","[-0.05936210285122123, -0.008302373510323983, 0.9982019892482564, 0.49274423855432603, 0.9962976915762111, 0.06180055771296848, 0.059762871636818884, 0.22342722166502169, -0.06218561332811524, 0.998053987347609, 0.0046030244997191955, 0.8155178765785107, 0.0, 0.0, 0.0, 1.0]",True,True
783,"[0.11666084059766443, -1.7613651494606333, 1.386057153298864, 0.35901823353162154, 1.6336386073190319, -0.05437185563025982]","[0.4885542166665779, 0.21648821198504672, 0.8238167603708334]","[-0.052842140761328545, -0.0190782265504458, 0.9984206174911702, 0.9971785543006343, 0.052373148812472646, 0.05377717105207075, -0.05331640462987937, 0.9984453287762713, 0.016256889068530837]","[0.5039315174504555, 0.468649074830429, 0.5217658479876941, 0.5041641302734128]","[-0.052842140761328545, -0.0190782265504458, 0.9984206174911702, 0.4885542166665779, 0.9971785543006343, 0.052373148812472646, 0.05377717105207075, 0.21648821198504672, -0.05331640462987937, 0.9984453287762713, 0.016256889068530837, 0.8238167603708334, 0.0, 0.0, 0.0, 1.0]",True,True
784,"[0.11404054780894954, -1.7608469909266247, 1.3806419211720184, 0.3564050476924459, 1.64337540113292, -0.05414992818132714]","[0.4892931331391541, 0.21432564050825414, 0.8271886502291189]","[-0.04012956252340088, -0.02585304036339865, 0.9988599694229662, 0.9978203413140152, 0.051372765520712786, 0.04141745311744517, -0.05238496608438687, 0.9983448598889676, 0.023735122953448057]","[0.5086694225994816, 0.4703090869317853, 0.5166641087521625, 0.5031132874304096]","[-0.04012956252340088, -0.02585304036339865, 0.9988599694229662, 0.4892931331391541, 0.9978203413140152, 0.051372765520712786, 0.04141745311744517, 0.21432564050825414, -0.05238496608438687, 0.9983448598889676, 0.023735122953448057, 0.8271886502291189, 0.0, 0.0, 0.0, 1.0]",True,True
785,"[0.11893493652061328, -1.7586545887450555, 1.378553751039402, 0.37573783766895247, 1.6316561454479406, -0.045389482511335136]","[0.48730469593773496, 0.2176920674280662, 0.825566758973819]","[-0.05778670577652485, -0.006961342261912833, 0.9983046811216554, 0.9973093458037064, 0.04478024512064597, 0.05804135094497608, -0.045108374034987825, 0.9989726069121453, 0.004354908847756616]","[0.49783241361724273, 0.47251405805940644, 0.5239780630067957, 0.5043216655825019]","[-0.05778670577652485, -0.006961342261912833, 0.9983046811216554, 0.48730469593773496, 0.9973093458037064, 0.04478024512064597, 0.05804135094497608, 0.2176920674280662, -0.045108374034987825, 0.9989726069121453, 0.004354908847756616, 0.825566758973819, 0.0, 0.0, 0.0, 1.0]",True,True
786,"[0.11940555447796683, -1.7535883805573922, 1.375592722892783, 0.37807518321769384, 1.6375650093593, -0.05377199084975064]","[0.4901913618421763, 0.21773242056125708, 0.824608865052985]","[-0.052540768547316145, -0.002748874515460904, 0.9986149965473956, 0.9971711271294793, 0.05368110323757672, 0.05261256859838705, -0.05375138007326613, 0.9985543464649758, -7.934812165050237e-05]","[0.5002651763236698, 0.4727201805340972, 0.525904273586587, 0.49969498626364284]","[-0.052540768547316145, -0.002748874515460904, 0.9986149965473956, 0.4901913618421763, 0.9971711271294793, 0.05368110323757672, 0.05261256859838705, 0.21773242056125708, -0.05375138007326613, 0.9985543464649758, -7.934812165050237e-05, 0.824608865052985, 0.0, 0.0, 0.0, 1.0]",True,True
787,"[0.10530291668926524, -1.7612916187032341, 1.3690290929866502, 0.381260061178549, 1.6346828389633932, -0.04875394775735338]","[0.48681481024765816, 0.21038839145304275, 0.832327496258625]","[-0.040825984667383186, -0.012946321654034792, 0.9990823948661934, 0.9980111963611975, 0.04753777052174369, 0.04139821628420196, -0.04803010424338181, 0.998785539107096, 0.010979797671977744]","[0.5044035050250787, 0.4745146065030284, 0.5189855386995741, 0.5010658668821939]","[-0.040825984667383186, -0.012946321654034792, 0.9990823948661934, 0.48681481024765816, 0.9980111963611975, 0.04753777052174369, 0.04139821628420196, 0.21038839145304275, -0.04803010424338181, 0.998785539107096, 0.010979797671977744, 0.832327496258625, 0.0, 0.0, 0.0, 1.0]",True,True
788,"[0.09597940394792476, -1.759351172118778, 1.3643588099265112, 0.37476988943878975, 1.6373546720852727, -0.04161726122055119]","[0.49037576782389125, 0.2057495553688715, 0.8348586031920213]","[-0.02856743619330021, -0.021335056096765437, 0.9993641563367627, 0.9987810551653442, 0.03965103727811233, 0.029397263232679504, -0.04025301767747885, 0.9989857910021132, 0.02017632136289866]","[0.5077548430216374, 0.4773900934156701, 0.5118696494490843, 0.502268036081853]","[-0.02856743619330021, -0.021335056096765437, 0.9993641563367627, 0.49037576782389125, 0.9987810551653442, 0.03965103727811233, 0.029397263232679504, 0.2057495553688715, -0.04025301767747885, 0.9989857910021132, 0.02017632136289866, 0.8348586031920213, 0.0, 0.0, 0.0, 1.0]",True,True
789,"[0.10120244248030824, -1.7580641653038576, 1.3657290426328466, 0.3841427078109811, 1.64118348220513, -0.0479504620773029]","[0.4892871888300661, 0.2079532517344954, 0.8324747561192619]","[-0.030386676061872238, -0.009617958421801473, 0.9994919433360668, 0.998415822845632, 0.04708260496581796, 0.030807028436902528, -0.04735498505321512, 0.9988446942269998, 0.00817203800655263]","[0.5061788139853589, 0.47811052094828366, 0.5170341485388412, 0.4978644667734902]","[-0.030386676061872238, -0.009617958421801473, 0.9994919433360668, 0.4892871888300661, 0.998415822845632, 0.04708260496581796, 0.030807028436902528, 0.2079532517344954, -0.04735498505321512, 0.9988446942269998, 0.00817203800655263, 0.8324747561192619, 0.0, 0.0, 0.0, 1.0]",True,True
790,"[0.0988281859203194, -1.7555731130701382, 1.358280698535693, 0.38767691292129464, 1.6338024754513016, -0.05064017124261644]","[0.4903253621813903, 0.20752743565750958, 0.8355082948806345]","[-0.03528701735328991, -0.011369186828359556, 0.999312547703255, 0.9981250784185604, 0.049638536593726156, 0.03580982430529469, -0.050011541050555365, 0.998702536932642, 0.009596274592436962]","[0.5059515277753575, 0.4757830838366753, 0.5184904240568428, 0.49880977219577416]","[-0.03528701735328991, -0.011369186828359556, 0.999312547703255, 0.4903253621813903, 0.9981250784185604, 0.049638536593726156, 0.03580982430529469, 0.20752743565750958, -0.050011541050555365, 0.998702536932642, 0.009596274592436962, 0.8355082948806345, 0.0, 0.0, 0.0, 1.0]",True,True
791,"[0.08782359785395027, -1.756425791068462, 1.3532424328734123, 0.4032763395263701, 1.6336442813842897, -0.03084657404876736]","[0.48964483741121057, 0.20187537629917407, 0.8376184558564653]","[-0.024964023570444204, -0.0006776321110521429, 0.9996881205365485, 0.9992123037917215, 0.03084021570154853, 0.024973046404518966, -0.0308475198097773, 0.9995240977136091, -9.279752888339696e-05]","[0.5014437641955031, 0.485872554857982, 0.5137842535541733, 0.498505519111878]","[-0.024964023570444204, -0.0006776321110521429, 0.9996881205365485, 0.48964483741121057, 0.9992123037917215, 0.03084021570154853, 0.024973046404518966, 0.20187537629917407, -0.0308475198097773, 0.9995240977136091, -9.279752888339696e-05, 0.8376184558564653, 0.0, 0.0, 0.0, 1.0]",True,True
792,"[0.08214052260493401, -1.7648688255890603, 1.3497806062943052, 0.398879407661227, 1.6417611970451478, -0.03709835934467304]","[0.48490483131429973, 0.19785619028704055, 0.8444085259324741]","[-0.010577877428737255, -0.016557178619396953, 0.999806965541483, 0.9992980908718326, 0.035758575834862784, 0.011164669013123964, -0.0359365286166159, 0.9992232904063174, 0.016167307152379913]","[0.5102323013977323, 0.4841219473397224, 0.5074862426980706, 0.49774155159737615]","[-0.010577877428737255, -0.016557178619396953, 0.999806965541483, 0.48490483131429973, 0.9992980908718326, 0.035758575834862784, 0.011164669013123964, 0.19785619028704055, -0.0359365286166159, 0.9992232904063174, 0.016167307152379913, 0.8444085259324741, 0.0, 0.0, 0.0, 1.0]",True,True
793,"[0.08594245809992879, -1.7719769951621025, 1.3533502665058688, 0.4032879280955289, 1.6276216231547675, -0.03627668317121582]","[0.4789546412956763, 0.20055662362055593, 0.8453257548955245]","[-0.02854630169356041, -0.016327669833162337, 0.9994591116486156, 0.9989656551282557, 0.03493761904557052, 0.02910296633681161, -0.03539390531991675, 0.9992561082991916, 0.015313441577873366]","[0.5053970614600671, 0.4798965090733094, 0.5119009863150437, 0.5022255778596564]","[-0.02854630169356041, -0.016327669833162337, 0.9994591116486156, 0.4789546412956763, 0.9989656551282557, 0.03493761904557052, 0.02910296633681161, 0.20055662362055593, -0.03539390531991675, 0.9992561082991916, 0.015313441577873366, 0.8453257548955245, 0.0, 0.0, 0.0, 1.0]",True,True
794,"[0.07706507179455364, -1.7664152819108465, 1.3492967691916378, 0.4184932366626975, 1.640874764023407, -0.04136916465453111]","[0.4824918928014361, 0.1952109277849363, 0.8436559190828085]","[-0.00703735223515766, 0.0010805211589725234, 0.9999746537525555, 0.9991156502877525, 0.04146210433389721, 0.006986505155393641, -0.041453504358493515, 0.9991394929529258, -0.001371349033005079]","[0.5081961735062884, 0.48807578624224685, 0.5123160171227471, 0.4909694234033968]","[-0.00703735223515766, 0.0010805211589725234, 0.9999746537525555, 0.4824918928014361, 0.9991156502877525, 0.04146210433389721, 0.006986505155393641, 0.1952109277849363, -0.041453504358493515, 0.9991394929529258, -0.001371349033005079, 0.8436559190828085, 0.0, 0.0, 0.0, 1.0]",True,True
795,"[0.07843712672691333, -1.7585848175832164, 1.3394037888872408, 0.4119095809414872, 1.6258073815941851, -0.03562339121096528]","[0.48740859734469666, 0.19767104101078503, 0.8464464648260427]","[-0.023152336018645286, -0.008078743029750939, 0.9996993064156537, 0.9991115290150688, 0.03503668102337384, 0.023421860985794397, -0.03521536491435609, 0.9993533733839725, 0.007260384288943041]","[0.5047634914724102, 0.4833607862324575, 0.512574051419177, 0.4988426704092721]","[-0.023152336018645286, -0.008078743029750939, 0.9996993064156537, 0.48740859734469666, 0.9991115290150688, 0.03503668102337384, 0.023421860985794397, 0.19767104101078503, -0.03521536491435609, 0.9993533733839725, 0.007260384288943041, 0.8464464648260427, 0.0, 0.0, 0.0, 1.0]",True,True
796,"[0.07588849806986141, -1.7692553138603666, 1.3335729478632983, 0.42309138287582015, 1.625291750717335, -0.026789971790339817]","[0.4782247138794723, 0.19573930662045505, 0.8542829697303563]","[-0.02105177784334923, -0.013123030904587728, 0.9996922570018792, 0.9994376717778611, 0.025826403401200855, 0.021385441744488608, -0.026099097319308675, 0.9995803034010001, 0.012571959747055283]","[0.5043180011919332, 0.48490974907924733, 0.5085042333888418, 0.5019455483887679]","[-0.02105177784334923, -0.013123030904587728, 0.9996922570018792, 0.4782247138794723, 0.9994376717778611, 0.025826403401200855, 0.021385441744488608, 0.19573930662045505, -0.026099097319308675, 0.9995803034010001, 0.012571959747055283, 0.8542829697303563, 0.0, 0.0, 0.0, 1.0]",True,True
797,"[0.06013969505767326, -1.76021445241877, 1.3351266712272745, 0.4370674977285792, 1.62985792184838, -0.03442103839457829]","[0.48635701615580607, 0.18807042324234638, 0.8475764191891328]","[-0.0014932042695732016, 0.01191344217759632, 0.9999279175203033, 0.9993820408769004, 0.03513379196759253, 0.001073794533059196, -0.03511846684766614, 0.9993116063358111, -0.011958542085487469]","[0.5053914437375577, 0.49379437670155824, 0.5120023286867583, 0.48846721236345364]","[-0.0014932042695732016, 0.01191344217759632, 0.9999279175203033, 0.48635701615580607, 0.9993820408769004, 0.03513379196759253, 0.001073794533059196, 0.18807042324234638, -0.03511846684766614, 0.9993116063358111, -0.011958542085487469, 0.8475764191891328, 0.0, 0.0, 0.0, 1.0]",True,True
798,"[0.05091131138463538, -1.7789598407059117, 1.3317720386468197, 0.43751907600418594, 1.6349774999628346, -0.026045950733039957]","[0.4740030851411254, 0.18238556995397628, 0.8587638141923241]","[0.013513451181918372, -0.00930727397410896, 0.9998653715817569, 0.9995854712880087, 0.025548849114794804, -0.013271846097618103, -0.0254218848058778, 0.9996302471214443, 0.009648668967083355]","[0.5120329504201357, 0.4945492728485301, 0.5005963266359914, 0.492591709397948]","[0.013513451181918372, -0.00930727397410896, 0.9998653715817569, 0.4740030851411254, 0.9995854712880087, 0.025548849114794804, -0.013271846097618103, 0.18238556995397628, -0.0254218848058778, 0.9996302471214443, 0.009648668967083355, 0.8587638141923241, 0.0, 0.0, 0.0, 1.0]",True,True
799,"[0.048396655652295756, -1.7793873187290534, 1.3238752132036053, 0.4449960831032434, 1.6338568058966383, -0.028021097584094348]","[0.4722277392709544, 0.18118815062801097, 0.8630756226230167]","[0.014948344128367132, -0.010088662213486357, 0.9998373697269781, 0.9995140498602085, 0.027505881690798067, -0.014665967559494047, -0.027353448409007306, 0.9995707305474456, 0.010494927011741546]","[0.513066553390227, 0.49420328191591056, 0.5005153870138983, 0.49194529705867096]","[0.014948344128367132, -0.010088662213486357, 0.9998373697269781, 0.4722277392709544, 0.9995140498602085, 0.027505881690798067, -0.014665967559494047, 0.18118815062801097, -0.027353448409007306, 0.9995707305474456, 0.010494927011741546, 0.8630756226230167, 0.0, 0.0, 0.0, 1.0]",True,True
800,"[0.04743059588113987, -1.7667850262258762, 1.3187942159756025, 0.4567744087886917, 1.6313214343350981, -0.012633277804912767]","[0.4796007702150181, 0.18130711543363492, 0.8589746299301276]","[0.012979925528950349, 0.008938295195711408, 0.9998758064941152, 0.9998291045421818, 0.013048274269095207, -0.013095963079414179, -0.013163709342043924, 0.9998749168859037, -0.008767402053367622]","[0.5042967374831702, 0.5021700541931047, 0.502204079730918, 0.49122408281470353]","[0.012979925528950349, 0.008938295195711408, 0.9998758064941152, 0.4796007702150181, 0.9998291045421818, 0.013048274269095207, -0.013095963079414179, 0.18130711543363492, -0.013163709342043924, 0.9998749168859037, -0.008767402053367622, 0.8589746299301276, 0.0, 0.0, 0.0, 1.0]",True,True
801,"[0.040610371940056386, -1.7729622756222985, 1.312236704179659, 0.4558411659220198, 1.6215232795046701, -0.013432259628120256]","[0.47552350974430957, 0.17871921150964462, 0.8660306475133919]","[0.010180443579386928, -0.004744044921831003, 0.9999369243138825, 0.9998612600138235, 0.013232884126272883, -0.010116891877941592, -0.01318405446348904, 0.9999011875257877, 0.0048781033633442635]","[0.5070235278241544, 0.49801341751246264, 0.4995433757902166, 0.4953445204243417]","[0.010180443579386928, -0.004744044921831003, 0.9999369243138825, 0.47552350974430957, 0.9998612600138235, 0.013232884126272883, -0.010116891877941592, 0.17871921150964462, -0.01318405446348904, 0.9999011875257877, 0.0048781033633442635, 0.8660306475133919, 0.0, 0.0, 0.0, 1.0]",True,True
802,"[0.028031913826018842, -1.7742269594134292, 1.3094119351344888, 0.471266992777813, 1.6240797207566982, -0.021329412106915982]","[0.47461404660063833, 0.17240092410703597, 0.8669262297575567]","[0.025104394436113713, 0.006986399286066399, 0.9996604221459463, 0.9994499196386636, 0.021501790229832757, -0.02524937922367498, -0.0216708909430301, 0.9997443989550168, -0.006442766782010323]","[0.5099420108904384, 0.502505067384472, 0.500709537200893, 0.4865570492121255]","[0.025104394436113713, 0.006986399286066399, 0.9996604221459463, 0.47461404660063833, 0.9994499196386636, 0.021501790229832757, -0.02524937922367498, 0.17240092410703597, -0.0216708909430301, 0.9997443989550168, -0.006442766782010323, 0.8669262297575567, 0.0, 0.0, 0.0, 1.0]",True,True
803,"[0.029210763555372297, -1.7809321854033116, 1.29602245638424, 0.4834287982368899, 1.6217731812101668, -0.019920830665388144]","[0.4660644095344466, 0.17292890295360244, 0.8770394119230834]","[0.021789484890287293, -0.0010464703902740289, 0.9997620333098962, 0.9995656217471767, 0.019871550766913666, -0.021764404225659995, -0.019844046195166328, 0.9998019935816492, 0.0014790066814764807]","[0.5106711374110244, 0.5001097198220349, 0.499150042370816, 0.48985150071840017]","[0.021789484890287293, -0.0010464703902740289, 0.9997620333098962, 0.4660644095344466, 0.9995656217471767, 0.019871550766913666, -0.021764404225659995, 0.17292890295360244, -0.019844046195166328, 0.9998019935816492, 0.0014790066814764807, 0.8770394119230834, 0.0, 0.0, 0.0, 1.0]",True,True
804,"[0.02028289683490203, -1.7747389350461442, 1.2861265060446978, 0.48673018673037555, 1.6202384840630455, -0.011177251612025554]","[0.4703578329946725, 0.16895860878943542, 0.8797285263240956]","[0.0291742532649935, -0.0015558702206475638, 0.9995731299981439, 0.9995128855138723, 0.01113409561468924, -0.02915516432085318, -0.01108398115132863, 0.9999368035944567, 0.0018799412590641356]","[0.5104381182226566, 0.504023862627366, 0.4949949244918151, 0.4902987845129186]","[0.0291742532649935, -0.0015558702206475638, 0.9995731299981439, 0.4703578329946725, 0.9995128855138723, 0.01113409561468924, -0.02915516432085318, 0.16895860878943542, -0.01108398115132863, 0.9999368035944567, 0.0018799412590641356, 0.8797285263240956, 0.0, 0.0, 0.0, 1.0]",True,True
805,"[0.012223114604674769, -1.7725935228424903, 1.2923075606788896, 0.484564749340062, 1.622345582977624, -0.009571493424676584]","[0.4744884895589744, 0.1650021720571999, 0.8752097175916924]","[0.03927278263830827, 0.0046545609302509165, 0.9992176857954378, 0.9991805496329421, 0.00961624358281008, -0.03931611749101771, -0.009791719923263569, 0.9999429298324493, -0.004273090104563459]","[0.5110322729819896, 0.5084116514105624, 0.4936133484441706, 0.48652797547374343]","[0.03927278263830827, 0.0046545609302509165, 0.9992176857954378, 0.4744884895589744, 0.9991805496329421, 0.00961624358281008, -0.03931611749101771, 0.1650021720571999, -0.009791719923263569, 0.9999429298324493, -0.004273090104563459, 0.8752097175916924, 0.0, 0.0, 0.0, 1.0]",True,True
806,"[0.010541433413954915, -1.7819248749175407, 1.2863482706689189, 0.48851702038645745, 1.621195317861082, -0.004481062334487154]","[0.4663886117142912, 0.1642216177505941, 0.8828144564411955]","[0.039876982355826485, -0.006880511636943991, 0.9991809069622012, 0.9991960809572318, 0.004403073426762639, -0.0398472677119495, -0.00412529731078137, 0.9999666351954012, 0.007050561543965479]","[0.5126720729000543, 0.5070560490185229, 0.48925339281577057, 0.49060434816697673]","[0.039876982355826485, -0.006880511636943991, 0.9991809069622012, 0.4663886117142912, 0.9991960809572318, 0.004403073426762639, -0.0398472677119495, 0.1642216177505941, -0.00412529731078137, 0.9999666351954012, 0.007050561543965479, 0.8828144564411955, 0.0, 0.0, 0.0, 1.0]",True,True
807,"[0.0002992893272401784, -1.7823346347975582, 1.2811361309940361, 0.5016782906483679, 1.6279042910455148, -0.013676845406381288]","[0.4653598910221376, 0.15881779172121324, 0.884890783020059]","[0.056766245523063245, 0.0012562630540686917, 0.9983867062277794, 0.9982934434490282, 0.013654500514162574, -0.0567781241535047, -0.013703800053173662, 0.9999059837898999, -0.00047900444144224625]","[0.5171899413164818, 0.5107814477470631, 0.489225729963312, 0.48194923216074637]","[0.056766245523063245, 0.0012562630540686917, 0.9983867062277794, 0.4653598910221376, 0.9982934434490282, 0.013654500514162574, -0.0567781241535047, 0.15881779172121324, -0.013703800053173662, 0.9999059837898999, -0.00047900444144224625, 0.884890783020059, 0.0, 0.0, 0.0, 1.0]",True,True
808,"[-0.005781071328269726, -1.7811290977829883, 1.2847063046111695, 0.5216209930447279, 1.6212144334663376, -0.0001479779717864383]","[0.46549375589192504, 0.1566059991938208, 0.8804059521253481]","[0.05614987239710506, 0.025203421352818084, 0.9981041926481931, 0.9984213448960971, 2.0884225585097487e-06, -0.056167767015498145, -0.0014177043618501868, 0.9996823433209925, -0.025163516578403478]","[0.5076880056297519, 0.5199305964628717, 0.4921929836466224, 0.47924015968038747]","[0.05614987239710506, 0.025203421352818084, 0.9981041926481931, 0.46549375589192504, 0.9984213448960971, 2.0884225585097487e-06, -0.056167767015498145, 0.1566059991938208, -0.0014177043618501868, 0.9996823433209925, -0.025163516578403478, 0.8804059521253481, 0.0, 0.0, 0.0, 1.0]",True,True
809,"[-0.004413896279136882, -1.7825199840165278, 1.271661167463142, 0.522299041295742, 1.622283648039457, 0.0027406513012638543]","[0.4620689516755963, 0.15715797933943734, 0.8887010240957101]","[0.05589988243272504, 0.011286704049032847, 0.9983725824839729, 0.9984340605461041, -0.002786860926351259, -0.05587181890358995, 0.0021517168554190088, 0.9999324195753864, -0.01142481495199734]","[0.510315639225954, 0.5172309828091975, 0.4880415124743287, 0.4835964649223639]","[0.05589988243272504, 0.011286704049032847, 0.9983725824839729, 0.4620689516755963, 0.9984340605461041, -0.002786860926351259, -0.05587181890358995, 0.15715797933943734, 0.0021517168554190088, 0.9999324195753864, -0.01142481495199734, 0.8887010240957101, 0.0, 0.0, 0.0, 1.0]",True,True
810,"[-0.01922742376268552, -1.792155539566916, 1.26198750000593, 0.5192476589772377, 1.6107427852556813, 0.0005943795639639145]","[0.4557495741463041, 0.1515245738250916, 0.8990797926953001]","[0.0591304741304195, -0.010953293112613392, 0.9981901684544388, 0.998249730880521, -0.0003833851754690391, -0.059138209414677505, 0.0010304494547584502, 0.9999399373891396, 0.01091145215472174]","[0.5171214898623128, 0.5120064470178004, 0.48207226858101615, 0.4878945488524572]","[0.0591304741304195, -0.010953293112613392, 0.9981901684544388, 0.4557495741463041, 0.998249730880521, -0.0003833851754690391, -0.059138209414677505, 0.1515245738250916, 0.0010304494547584502, 0.9999399373891396, 0.01091145215472174, 0.8990797926953001, 0.0, 0.0, 0.0, 1.0]",True,True
811,"[-0.02212208015995161, -1.7916069603655644, 1.2618565213032296, 0.533696507180758, 1.6167270670716536, 0.0007335758034857642]","[0.4548838373460043, 0.14968214346627517, 0.8975717281665565]","[0.06800282338555373, 0.003895207974403376, 0.9976775247375422, 0.9976849757709402, -0.0008191651771328439, -0.06800013300980048, 0.0005523880259128179, 0.9999920781302464, -0.003941896018429641]","[0.5155680755705281, 0.5178715778504156, 0.4835079904861302, 0.48189066337011277]","[0.06800282338555373, 0.003895207974403376, 0.9976775247375422, 0.4548838373460043, 0.9976849757709402, -0.0008191651771328439, -0.06800013300980048, 0.14968214346627517, 0.0005523880259128179, 0.9999920781302464, -0.003941896018429641, 0.8975717281665565, 0.0, 0.0, 0.0, 1.0]",True,True
812,"[-0.022611537978778865, -1.7942710684269472, 1.251361075806836, 0.5394206510607443, 1.6133543621743276, 0.005263948807629074]","[0.45040074340421804, 0.14987326002834955, 0.9043708882287813]","[0.06510392907200839, -0.003831197942326208, 0.9978711341359232, 0.9978638108217289, -0.005173858521222002, -0.06512331564301015, 0.005412344383319572, 0.9999792763404296, 0.0034861752605477607]","[0.5156103775651083, 0.5164280231389179, 0.48120578683818366, 0.4856840806300329]","[0.06510392907200839, -0.003831197942326208, 0.9978711341359232, 0.45040074340421804, 0.9978638108217289, -0.005173858521222002, -0.06512331564301015, 0.14987326002834955, 0.005412344383319572, 0.9999792763404296, 0.0034861752605477607, 0.9043708882287813, 0.0, 0.0, 0.0, 1.0]",True,True
813,"[-0.03602508916239406, -1.7968341654806015, 1.2512415575129086, 0.550012122759582, 1.6237547513946786, 0.016593211501054306]","[0.44905287659459936, 0.14297961436900514, 0.9046068249967647]","[0.08892666322062022, 0.0029415264200458773, 0.9960338327540719, 0.9959038367187019, -0.01668595977026944, -0.08886577944019905, 0.016358379425100412, 0.9998564527815306, -0.004413304172536634]","[0.516678671728816, 0.5267888398503299, 0.47402549540653577, 0.4804544703655884]","[0.08892666322062022, 0.0029415264200458773, 0.9960338327540719, 0.44905287659459936, 0.9959038367187019, -0.01668595977026944, -0.08886577944019905, 0.14297961436900514, 0.016358379425100412, 0.9998564527815306, -0.004413304172536634, 0.9046068249967647, 0.0, 0.0, 0.0, 1.0]",True,True
814,"[-0.029662877252786046, -1.79424148913382, 1.2450964907357127, 0.5531830835482515, 1.6191515089144604, 0.009878081436209864]","[0.4487009637730792, 0.14624091269542291, 0.9067312763382817]","[0.0779746103648809, 0.003266229918139074, 0.9969499946740392, 0.9969083238509033, -0.009967630667172345, -0.07793869498307943, 0.009682663643215808, 0.9999449875273162, -0.004033353910537546]","[0.5157454861138319, 0.52248818047459, 0.47856324369890874, 0.48165331577592047]","[0.0779746103648809, 0.003266229918139074, 0.9969499946740392, 0.4487009637730792, 0.9969083238509033, -0.009967630667172345, -0.07793869498307943, 0.14624091269542291, 0.009682663643215808, 0.9999449875273162, -0.004033353910537546, 0.9067312763382817, 0.0, 0.0, 0.0, 1.0]",True,True
815,"[-0.053040301859454395, -1.7910483224401619, 1.2305435211777611, 0.5654713281209668, 1.6096184073792137, 0.02142067253306313]","[0.45045760533288104, 0.13667350197775507, 0.9126020168653132]","[0.0918179425381262, 0.0029935569150328504, 0.9957713111176992, 0.995549556841526, -0.021591964817245415, -0.09173258378554308, 0.021226052405150655, 0.9997623846056256, -0.004962764045016055]","[0.5160579457957858, 0.5287657022255668, 0.4721103834617611, 0.48083553795297385]","[0.0918179425381262, 0.0029935569150328504, 0.9957713111176992, 0.45045760533288104, 0.995549556841526, -0.021591964817245415, -0.09173258378554308, 0.13667350197775507, 0.021226052405150655, 0.9997623846056256, -0.004962764045016055, 0.9126020168653132, 0.0, 0.0, 0.0, 1.0]",True,True
816,"[-0.045621737225066496, -1.7976781355973366, 1.2374248585414116, 0.5709773146471925, 1.6241886973377533, 0.022149113062620938]","[0.4447627478752015, 0.1388812556208242, 0.9110559791186172]","[0.09906234679662422, 0.00852080007680566, 0.9950447464376647, 0.9948473348162972, -0.02252777984907311, -0.09884978272096524, 0.021573869751523467, 0.9997099054731441, -0.010708549986879487]","[0.5161942504911963, 0.5320476192580361, 0.4714653813752348, 0.4776915540036189]","[0.09906234679662422, 0.00852080007680566, 0.9950447464376647, 0.4447627478752015, 0.9948473348162972, -0.02252777984907311, -0.09884978272096524, 0.1388812556208242, 0.021573869751523467, 0.9997099054731441, -0.010708549986879487, 0.9110559791186172, 0.0, 0.0, 0.0, 1.0]",True,True
817,"[-0.06268770786841188, -1.8016200763237837, 1.2248341307060613, 0.5773520690708966, 1.6037298874843695, 0.022983562093426134]","[0.4410166101555637, 0.1335391596740906, 0.9194104400081379]","[0.0954633809357262, -0.0016293144510781646, 0.9954316090192938, 0.9951680502294259, -0.022912009630221032, -0.09547560744644513, 0.022962898399014428, 0.9997361577682004, -0.0005658162178427496]","[0.5176836763622314, 0.5289000866855171, 0.4696249635751638, 0.48137376654649877]","[0.0954633809357262, -0.0016293144510781646, 0.9954316090192938, 0.4410166101555637, 0.9951680502294259, -0.022912009630221032, -0.09547560744644513, 0.1335391596740906, 0.022962898399014428, 0.9997361577682004, -0.0005658162178427496, 0.9194104400081379, 0.0, 0.0, 0.0, 1.0]",True,True
818,"[-0.07135675308358376, -1.816237804139343, 1.2182850371585998, 0.5824816278326754, 1.6067065283770854, 0.008162427952059868]","[0.42860112699253966, 0.13040501025548284, 0.9288749810075944]","[0.10692756082586388, -0.0163044745203036, 0.9941331202844254, 0.9942286028003264, -0.007012472767056342, -0.10705284022108812, 0.00871677173853414, 0.9998424822622352, 0.015460548313375736]","[0.5280567290481637, 0.5240418602744309, 0.46652958590364446, 0.4784206988244155]","[0.10692756082586388, -0.0163044745203036, 0.9941331202844254, 0.42860112699253966, 0.9942286028003264, -0.007012472767056342, -0.10705284022108812, 0.13040501025548284, 0.00871677173853414, 0.9998424822622352, 0.015460548313375736, 0.9288749810075944, 0.0, 0.0, 0.0, 1.0]",True,True
819,"[-0.07491439109166208, -1.8061187802041698, 1.2112525175587627, 0.5958414145004615, 1.6169778867513491, 0.028883844951094414]","[0.43405355096829445, 0.12755588769720153, 0.9273588108374259]","[0.12077787930119568, -0.002516677772198626, 0.9926763673043176, 0.9922606801056694, -0.028741291107249524, -0.12080016929509227, 0.02883481554892314, 0.9995837156128943, -0.0009741117904632897]","[0.5222696804342281, 0.5363052494146661, 0.4613715805568268, 0.47617992923253044]","[0.12077787930119568, -0.002516677772198626, 0.9926763673043176, 0.43405355096829445, 0.9922606801056694, -0.028741291107249524, -0.12080016929509227, 0.12755588769720153, 0.02883481554892314, 0.9995837156128943, -0.0009741117904632897, 0.9273588108374259, 0.0, 0.0, 0.0, 1.0]",True,True
820,"[-0.07174411937104505, -1.8013404584801627, 1.203761741370857, 0.6037239095266941, 1.6139933507229725, 0.026739452975385783]","[0.4350492364226036, 0.1291061441112953, 0.9288442306912599]","[0.11481028457010888, 0.003060840924451978, 0.9933827207122973, 0.9930346982371888, -0.02700019254306547, -0.11468686803471757, 0.02647048646900837, 0.9996307422520941, -0.0061394210330823]","[0.5200169879422116, 0.5357121190868881, 0.4648464649537275, 0.47593342153600493]","[0.11481028457010888, 0.003060840924451978, 0.9933827207122973, 0.4350492364226036, 0.9930346982371888, -0.02700019254306547, -0.11468686803471757, 0.1291061441112953, 0.02647048646900837, 0.9996307422520941, -0.0061394210330823, 0.9288442306912599, 0.0, 0.0, 0.0, 1.0]",True,True
821,"[-0.08702343903022103, -1.8058638712271193, 1.1959000935300939, 0.6036853396580135, 1.6046902431700225, 0.033779937473596186]","[0.43181794387764777, 0.12375401323779218, 0.9351850224104671]","[0.12034219514217193, -0.010324907553300495, 0.9926787760158765, 0.9921505646270151, -0.032981547347232146, -0.12062120313144502, 0.03398548482306016, 0.9994026284829345, 0.006274791051777494]","[0.5228851305130787, 0.5355018560746607, 0.4583670653686895, 0.4793000477928302]","[0.12034219514217193, -0.010324907553300495, 0.9926787760158765, 0.43181794387764777, 0.9921505646270151, -0.032981547347232146, -0.12062120313144502, 0.12375401323779218, 0.03398548482306016, 0.9994026284829345, 0.006274791051777494, 0.9351850224104671, 0.0, 0.0, 0.0, 1.0]",True,True
822,"[-0.08814283412187651, -1.8049767239011096, 1.1931753737199249, 0.611811757434606, 1.6096543963342587, 0.030130722212852963]","[0.43110151580785716, 0.12288691695109157, 0.9355909120815381]","[0.1266025963886635, -0.0038054110737589736, 0.9919462190230922, 0.9914959511989931, -0.029884449105776034, -0.12665977442601203, 0.03012575880626312, 0.9995461162688811, -1.0399176156365151e-05]","[0.523619076263158, 0.5377028558299173, 0.4592176373141923, 0.4752029707243412]","[0.1266025963886635, -0.0038054110737589736, 0.9919462190230922, 0.43110151580785716, 0.9914959511989931, -0.029884449105776034, -0.12665977442601203, 0.12288691695109157, 0.03012575880626312, 0.9995461162688811, -1.0399176156365151e-05, 0.9355909120815381, 0.0, 0.0, 0.0, 1.0]",True,True
823,"[-0.09838945846999685, -1.8210365130878445, 1.1937445922053609, 0.631919414216643, 1.6009044242485098, 0.0418155602571914]","[0.41729407196004875, 0.12075835399721549, 0.9400267987662819]","[0.1282244022769044, -0.0007557768588035431, 0.9917448923297112, 0.9908696357059741, -0.041912893388795204, -0.12814317931005895, 0.04166374559063342, 0.9991209827488959, -0.00462537936171616]","[0.5200207038009144, 0.5419323470294554, 0.4567515965204765, 0.47672400604285037]","[0.1282244022769044, -0.0007557768588035431, 0.9917448923297112, 0.41729407196004875, 0.9908696357059741, -0.041912893388795204, -0.12814317931005895, 0.12075835399721549, 0.04166374559063342, 0.9991209827488959, -0.00462537936171616, 0.9400267987662819, 0.0, 0.0, 0.0, 1.0]",True,True
824,"[-0.10176550037584318, -1.8221838811295725, 1.1823563769145187, 0.6269078912506855, 1.6034903531268967, 0.04137161010241045]","[0.4147788082506634, 0.1194075654121609, 0.9472596782595527]","[0.13340574229600263, -0.018385782565626528, 0.9908909480472118, 0.9901805296727327, -0.03967516040989636, -0.13404626180343723, 0.04177830273574044, 0.9990434648431962, 0.012912349694084531]","[0.5259854873426145, 0.5385556036779802, 0.45111161246414855, 0.4793698383836791]","[0.13340574229600263, -0.018385782565626528, 0.9908909480472118, 0.4147788082506634, 0.9901805296727327, -0.03967516040989636, -0.13404626180343723, 0.1194075654121609, 0.04177830273574044, 0.9990434648431962, 0.012912349694084531, 0.9472596782595527, 0.0, 0.0, 0.0, 1.0]",True,True
825,"[-0.09827706348076796, -1.8221052370474478, 1.178984642674214, 0.63463436283932, 1.5977621789769827, 0.042300000407820504]","[0.41284523828843556, 0.12153354903092028, 0.9483677737047719]","[0.12444592148760338, -0.013719947175860319, 0.9921315314385449, 0.9913151530658426, -0.041124263204345084, -0.12491221828926381, 0.042514467268756934, 0.9990598370595183, 0.008483044704729787]","[0.5224472947073198, 0.5378399250676772, 0.4544080684262003, 0.4809265501148463]","[0.12444592148760338, -0.013719947175860319, 0.9921315314385449, 0.41284523828843556, 0.9913151530658426, -0.041124263204345084, -0.12491221828926381, 0.12153354903092028, 0.042514467268756934, 0.9990598370595183, 0.008483044704729787, 0.9483677737047719, 0.0, 0.0, 0.0, 1.0]",True,True
826,"[-0.1135186247270496, -1.825598373669172, 1.176121528920458, 0.640451446102017, 1.6031981302473304, 0.05069841046503467]","[0.4104065637081484, 0.11520679244795458, 0.9507866739146011]","[0.14476057392701802, -0.016324148806728694, 0.9893320465860064, 0.9881532158440921, -0.049117110496265826, -0.14539852638000206, 0.05096663863056792, 0.9986596174984913, 0.009020539034210295]","[0.5255149861005304, 0.5442557177901471, 0.4464027824013045, 0.47785381540892224]","[0.14476057392701802, -0.016324148806728694, 0.9893320465860064, 0.4104065637081484, 0.9881532158440921, -0.049117110496265826, -0.14539852638000206, 0.11520679244795458, 0.05096663863056792, 0.9986596174984913, 0.009020539034210295, 0.9507866739146011, 0.0, 0.0, 0.0, 1.0]",True,True
827,"[-0.11716078391575395, -1.8172073566843696, 1.1680577809553663, 0.6541103896985294, 1.6050008793916712, 0.049177084303539835]","[0.4142472711766434, 0.11314101355034359, 0.9506189008930019]","[0.15084747286223416, -0.0024914764336761396, 0.9885539097470902, 0.9873425406440478, -0.04917438968957582, -0.15078656051921308, 0.04898721634910587, 0.9987871004092103, -0.0049578917422346625]","[0.5236208531538884, 0.5488578491499516, 0.44859113599981687, 0.4725910031637046]","[0.15084747286223416, -0.0024914764336761396, 0.9885539097470902, 0.4142472711766434, 0.9873425406440478, -0.04917438968957582, -0.15078656051921308, 0.11314101355034359, 0.04898721634910587, 0.9987871004092103, -0.0049578917422346625, 0.9506189008930019, 0.0, 0.0, 0.0, 1.0]",True,True
828,"[-0.12586264380270662, -1.8185579397572766, 1.1588430796275346, 0.6573288060046868, 1.604777595059649, 0.053546616359750665]","[0.41161701356608144, 0.11000819194392639, 0.955889874336339]","[0.15880919445745334, -0.010882407154074916, 0.9872493165205573, 0.9858531755726602, -0.05253965984404507, -0.15916375327559315, 0.0536018280385718, 0.9985595412182515, 0.002384674593817971]","[0.5264632487665274, 0.5497645358941591, 0.44335834014504666, 0.47331679137244065]","[0.15880919445745334, -0.010882407154074916, 0.9872493165205573, 0.41161701356608144, 0.9858531755726602, -0.05253965984404507, -0.15916375327559315, 0.11000819194392639, 0.0536018280385718, 0.9985595412182515, 0.002384674593817971, 0.955889874336339, 0.0, 0.0, 0.0, 1.0]",True,True
829,"[-0.13072388571851662, -1.8137827435598053, 1.1627485690030968, 0.6669794504215704, 1.594206662062064, 0.05898290714592043]","[0.41600012674301257, 0.10848195366453753, 0.9509859265209512]","[0.15418661337391784, 0.006731160401618347, 0.9880188154766739, 0.9863043158276626, -0.06032468217966849, -0.15350807568218738, 0.05856863355080231, 0.9981561121385621, -0.01594023100278555]","[0.5191150402828509, 0.5546285979275618, 0.4476128169102174, 0.47175148060259575]","[0.15418661337391784, 0.006731160401618347, 0.9880188154766739, 0.41600012674301257, 0.9863043158276626, -0.06032468217966849, -0.15350807568218738, 0.10848195366453753, 0.05856863355080231, 0.9981561121385621, -0.01594023100278555, 0.9509859265209512, 0.0, 0.0, 0.0, 1.0]",True,True
830,"[-0.13309509770479855, -1.8137002102419062, 1.1658884552830107, 0.6687684909488256, 1.5929606982769962, 0.039896336761967376]","[0.4168449400654963, 0.10753227228995099, 0.9490780959123466]","[0.15533700250850632, 0.01458574553917031, 0.987753851766086, 0.9870749898175335, -0.04218460563337228, -0.15460732040971709, 0.03941294366560768, 0.9990033608925563, -0.02095005482064917]","[0.5225424246064823, 0.5519220196192863, 0.4537147911074673, 0.46526808086957155]","[0.15533700250850632, 0.01458574553917031, 0.987753851766086, 0.4168449400654963, 0.9870749898175335, -0.04218460563337228, -0.15460732040971709, 0.10753227228995099, 0.03941294366560768, 0.9990033608925563, -0.02095005482064917, 0.9490780959123466, 0.0, 0.0, 0.0, 1.0]",True,True
831,"[-0.1380337334542784, -1.8209035659504909, 1.1504568806664515, 0.6760374837804233, 1.598026321488546, 0.057526981221654956]","[0.4069823517083756, 0.10644408252882448, 0.9596353113343613]","[0.16455829618770787, -0.00393023058755468, 0.9863595289970725, 0.9846991506234859, -0.05747988112544743, -0.16451032194725596, 0.05734239197298963, 0.9983389286977309, -0.0055886965817560615]","[0.5247594016500572, 0.5539916231079021, 0.44259194504323063, 0.47099174312188946]","[0.16455829618770787, -0.00393023058755468, 0.9863595289970725, 0.4069823517083756, 0.9846991506234859, -0.05747988112544743, -0.16451032194725596, 0.10644408252882448, 0.05734239197298963, 0.9983389286977309, -0.0055886965817560615, 0.9596353113343613, 0.0, 0.0, 0.0, 1.0]",True,True
832,"[-0.14430940298709877, -1.8242938463895895, 1.148273640060713, 0.6884126526615212, 1.6034810742326622, 0.06211895940503038]","[0.40281411940779505, 0.10408156939894501, 0.9609925275311565]","[0.17649069928937625, 0.001309475067017942, 0.9843014367252519, 0.9823684826178621, -0.0628878649978502, -0.176060446424208, 0.06167006910508711, 0.9980197401409758, -0.012385510304898744]","[0.5246945120702682, 0.5594113143725565, 0.4396040678888424, 0.4674429525096018]","[0.17649069928937625, 0.001309475067017942, 0.9843014367252519, 0.40281411940779505, 0.9823684826178621, -0.0628878649978502, -0.176060446424208, 0.10408156939894501, 0.06167006910508711, 0.9980197401409758, -0.012385510304898744, 0.9609925275311565, 0.0, 0.0, 0.0, 1.0]",True,True
833,"[-0.15966838709249204, -1.820162642876413, 1.146146878062845, 0.698119384035861, 1.598093350135322, 0.06957367583942076]","[0.4062272121277839, 0.09808577441225752, 0.9596713338438896]","[0.18707470294441517, 0.010815907873837603, 0.9822861455070633, 0.9799305853001974, -0.07212876593819036, -0.1858318840173723, 0.06884114693605259, 0.9973366819991624, -0.02409230639499703]","[0.5222196929002265, 0.5664132270872572, 0.43728961727680876, 0.46394012453084355]","[0.18707470294441517, 0.010815907873837603, 0.9822861455070633, 0.4062272121277839, 0.9799305853001974, -0.07212876593819036, -0.1858318840173723, 0.09808577441225752, 0.06884114693605259, 0.9973366819991624, -0.02409230639499703, 0.9596713338438896, 0.0, 0.0, 0.0, 1.0]",True,True
834,"[-0.16731875492548162, -1.8223283206621403, 1.13278497144746, 0.7079134938277103, 1.596422529838217, 0.05734746641784938]","[0.4008725208779872, 0.09616044979654818, 0.9667568239006604]","[0.1924686977875261, 0.007092700335551279, 0.9812774806210136, 0.9796557645360742, -0.05930665808349832, -0.1917219427144606, 0.05683646174080369, 0.9982146131513587, -0.018363080021310887]","[0.5279202022282148, 0.5635020931399313, 0.43777497762842904, 0.4605634810410671]","[0.1924686977875261, 0.007092700335551279, 0.9812774806210136, 0.4008725208779872, 0.9796557645360742, -0.05930665808349832, -0.1917219427144606, 0.09616044979654818, 0.05683646174080369, 0.9982146131513587, -0.018363080021310887, 0.9667568239006604, 0.0, 0.0, 0.0, 1.0]",True,True
835,"[-0.16695561213928706, -1.8248258039354932, 1.1293494063363194, 0.7058560153141903, 1.5918263415761775, 0.06901369760519258]","[0.39824263746059574, 0.09717295423769733, 0.9697108916487878]","[0.18714020915605956, -0.0026762508866571603, 0.9823295678122582, 0.9799253556642462, -0.069464826178738, -0.18687144043501802, 0.06873746753646849, 0.9975808115662357, -0.010377135998124015]","[0.5261411994368046, 0.5628015128206661, 0.4341002478297284, 0.46689064057457674]","[0.18714020915605956, -0.0026762508866571603, 0.9823295678122582, 0.39824263746059574, 0.9799253556642462, -0.069464826178738, -0.18687144043501802, 0.09717295423769733, 0.06873746753646849, 0.9975808115662357, -0.010377135998124015, 0.9697108916487878, 0.0, 0.0, 0.0, 1.0]",True,True
836,"[-0.1609375892754644, -1.8420117522607038, 1.1397306237777203, 0.7163815955133477, 1.597031406201376, 0.06581811699331751]","[0.38463464050486756, 0.10119479842686949, 0.9696241924461246]","[0.1865915959142562, 0.0016491203667542635, 0.9824361845617187, 0.9802586754455557, -0.06687644676816998, -0.1860657681611236, 0.06539499635213546, 0.9977599016144514, -0.014095147477912523]","[0.5257423327230207, 0.5629305441527263, 0.43606969190586004, 0.4653465653080512]","[0.1865915959142562, 0.0016491203667542635, 0.9824361845617187, 0.38463464050486756, 0.9802586754455557, -0.06687644676816998, -0.1860657681611236, 0.10119479842686949, 0.06539499635213546, 0.9977599016144514, -0.014095147477912523, 0.9696241924461246, 0.0, 0.0, 0.0, 1.0]",True,True
837,"[-0.17481759543178632, -1.8316891091765553, 1.115905651056875, 0.717600811987933, 1.5992336094121715, 0.06238897386981341]","[0.3884173606340746, 0.09521380297020417, 0.9782709612733796]","[0.201577078490479, -0.010799387822043262, 0.9794131174585688, 0.9774895325234073, -0.06138052262387239, -0.20185798287308587, 0.062296831656304875, 0.998056012789407, -0.0018166178730308602]","[0.5334744459656844, 0.562310905769082, 0.42978454391668147, 0.4631378915237779]","[0.201577078490479, -0.010799387822043262, 0.9794131174585688, 0.3884173606340746, 0.9774895325234073, -0.06138052262387239, -0.20185798287308587, 0.09521380297020417, 0.062296831656304875, 0.998056012789407, -0.0018166178730308602, 0.9782709612733796, 0.0, 0.0, 0.0, 1.0]",True,True
838,"[-0.1775901589187688, -1.8358186229734088, 1.1118735571121838, 0.7376155127213916, 1.5877370177335004, 0.06660351345464237]","[0.38209961541019577, 0.09639419440295574, 0.9800439569654235]","[0.19377159235539232, 0.0005599348309233306, 0.9810465108592156, 0.9788026483924327, -0.06770855053353113, -0.19328975059378606, 0.06631700759243762, 0.9977049857836899, -0.013668059348392698]","[0.5273506856147692, 0.5646123011052177, 0.43364383901407777, 0.46375340937553927]","[0.19377159235539232, 0.0005599348309233306, 0.9810465108592156, 0.38209961541019577, 0.9788026483924327, -0.06770855053353113, -0.19328975059378606, 0.09639419440295574, 0.06631700759243762, 0.9977049857836899, -0.013668059348392698, 0.9800439569654235, 0.0, 0.0, 0.0, 1.0]",True,True
839,"[-0.18560620702948413, -1.8390917937822633, 1.1123418490329544, 0.7345131103401994, 1.5929007224754888, 0.07368763341957857]","[0.3804946799835959, 0.0932880163406179, 0.9812545330963849]","[0.20622169013394073, -0.0075730379529826974, 0.9784759903106788, 0.9757448746594353, -0.07346726669128695, -0.20621469467706346, 0.07344762824042787, 0.9972688753897185, -0.00776119093837399]","[0.5303284907734733, 0.5673293020291658, 0.4266357445506489, 0.46354190361254627]","[0.20622169013394073, -0.0075730379529826974, 0.9784759903106788, 0.3804946799835959, 0.9757448746594353, -0.07346726669128695, -0.20621469467706346, 0.0932880163406179, 0.07344762824042787, 0.9972688753897185, -0.00776119093837399, 0.9812545330963849, 0.0, 0.0, 0.0, 1.0]",True,True
840,"[-0.19293337075481223, -1.833282118215559, 1.1074960845352733, 0.7370852604466428, 1.5983653151518777, 0.07570105675872348]","[0.3843815017092908, 0.08935658755276242, 0.9814527639200148]","[0.21893039379340115, -0.00548379777934469, 0.975725069184646, 0.9728295729516035, -0.0759579008714652, -0.2187076114039047, 0.07531337639667335, 0.9970959458633436, -0.01129469249767722]","[0.5319017297453211, 0.5714418140026472, 0.4232039690955212, 0.4598186638720712]","[0.21893039379340115, -0.00548379777934469, 0.975725069184646, 0.3843815017092908, 0.9728295729516035, -0.0759579008714652, -0.2187076114039047, 0.08935658755276242, 0.07531337639667335, 0.9970959458633436, -0.01129469249767722, 0.9814527639200148, 0.0, 0.0, 0.0, 1.0]",True,True
841,"[-0.18858365281247655, -1.8315808172787984, 1.1103541235801009, 0.7486866885935289, 1.590220976708812, 0.07793311757133879]","[0.3849673193611113, 0.0916052589674082, 0.9783130204989215]","[0.207977271725909, 0.01081065759197504, 0.9780739154725866, 0.9750749779569844, -0.08130774180111319, -0.20644088375462366, 0.07729321967439293, 0.9966304133457059, -0.027451364023185827]","[0.5242180285676967, 0.5737456704739061, 0.42958303926486774, 0.45985843094696505]","[0.207977271725909, 0.01081065759197504, 0.9780739154725866, 0.3849673193611113, 0.9750749779569844, -0.08130774180111319, -0.20644088375462366, 0.0916052589674082, 0.07729321967439293, 0.9966304133457059, -0.027451364023185827, 0.9783130204989215, 0.0, 0.0, 0.0, 1.0]",True,True
842,"[-0.19974959004833728, -1.849729679854162, 1.1034924715662284, 0.7519544459685386, 1.5936323162149144, 0.07955692414680234]","[0.3685087853347254, 0.09051451614034586, 0.9879443493506856]","[0.22049888052003117, -0.01195800937830123, 0.9753139236682319, 0.9721549028332342, -0.07864327055815963, -0.220748909155223, 0.07934159430410892, 0.996831100040335, -0.005715715673266832]","[0.5329493161381776, 0.571151877076373, 0.42028965148902847, 0.4616353199130407]","[0.22049888052003117, -0.01195800937830123, 0.9753139236682319, 0.3685087853347254, 0.9721549028332342, -0.07864327055815963, -0.220748909155223, 0.09051451614034586, 0.07934159430410892, 0.996831100040335, -0.005715715673266832, 0.9879443493506856, 0.0, 0.0, 0.0, 1.0]",True,True
843,"[-0.1995492225396816, -1.8469258173486909, 1.0901611134090117, 0.7436792914007333, 1.588136122875429, 0.07810852211711869]","[0.3683128316732107, 0.09114121552960658, 0.9945579081922423]","[0.2135342644888467, -0.02957745099042017, 0.9764877327862937, 0.9737968317373585, -0.07361514490712993, -0.21517560488722873, 0.0782486318569838, 0.9968480249432263, 0.013083072242354157]","[0.5368896981280399, 0.5643727352454275, 0.4182605403219591, 0.46721621136809816]","[0.2135342644888467, -0.02957745099042017, 0.9764877327862937, 0.3683128316732107, 0.9737968317373585, -0.07361514490712993, -0.21517560488722873, 0.09114121552960658, 0.0782486318569838, 0.9968480249432263, 0.013083072242354157, 0.9945579081922423, 0.0, 0.0, 0.0, 1.0]",True,True
844,"[-0.21158814707861082, -1.8394695618515546, 1.090120093869448, 0.7540434849486395, 1.6008583700952532, 0.08355364323432826]","[0.37423986438645984, 0.08445803148631692, 0.9910419058702687]","[0.2388530459340494, -0.015398230528787216, 0.9709336315859127, 0.967474983085095, -0.08201394865592994, -0.23930288199342162, 0.08331494195234052, 0.9965122210602559, -0.004691878625168821]","[0.5366906042248529, 0.5756645883705084, 0.4134685248102899, 0.45783977112542096]","[0.2388530459340494, -0.015398230528787216, 0.9709336315859127, 0.37423986438645984, 0.967474983085095, -0.08201394865592994, -0.23930288199342162, 0.08445803148631692, 0.08331494195234052, 0.9965122210602559, -0.004691878625168821, 0.9910419058702687, 0.0, 0.0, 0.0, 1.0]",True,True
845,"[-0.2165330479827419, -1.845556576565929, 1.087758146531767, 0.7652950067167835, 1.5939963885059736, 0.08504513681489825]","[0.36775095719335427, 0.08477230628011849, 0.9933118314885169]","[0.2372064882941791, -0.01287402880878214, 0.9713739451382121, 0.9677539142939409, -0.08411819081257281, -0.2374373419308243, 0.08476699404779585, 0.9963726157199676, -0.007494488871878151]","[0.535162080263944, 0.5763720950867223, 0.4141768371617148, 0.45809857390263603]","[0.2372064882941791, -0.01287402880878214, 0.9713739451382121, 0.36775095719335427, 0.9677539142939409, -0.08411819081257281, -0.2374373419308243, 0.08477230628011849, 0.08476699404779585, 0.9963726157199676, -0.007494488871878151, 0.9933118314885169, 0.0, 0.0, 0.0, 1.0]",True,True
846,"[-0.2057298677382364, -1.845392695950266, 1.0872731749497226, 0.7760504866487179, 1.5928375932320546, 0.09363899779865391]","[0.3656150599605663, 0.08909941270461129, 0.9925260847801511]","[0.22645523234364154, -0.003638104927840242, 0.9740147801428485, 0.9695625724443367, -0.09473404329326178, -0.2257739558860381, 0.09309374769181644, 0.995495969471421, -0.01792564941216898]","[0.5276825607404064, 0.5786006664896507, 0.41735367908264137, 0.4610729772870698]","[0.22645523234364154, -0.003638104927840242, 0.9740147801428485, 0.3656150599605663, 0.9695625724443367, -0.09473404329326178, -0.2257739558860381, 0.08909941270461129, 0.09309374769181644, 0.995495969471421, -0.01792564941216898, 0.9925260847801511, 0.0, 0.0, 0.0, 1.0]",True,True
847,"[-0.22009189924791592, -1.8442383885857554, 1.0694067758064223, 0.7745302838781857, 1.5917204709505537, 0.09313264491802584]","[0.36314448577642494, 0.08477548862089829, 1.0012688532807914]","[0.23762766617149728, -0.02249044141846889, 0.9710959130357258, 0.9668936263317491, -0.09024454794177127, -0.23868941519435946, 0.09300434198964802, 0.9956656575435288, 0.00030126314880022796]","[0.5356501613409927, 0.5761013259324413, 0.4098251220758469, 0.46176783802011223]","[0.23762766617149728, -0.02249044141846889, 0.9710959130357258, 0.36314448577642494, 0.9668936263317491, -0.09024454794177127, -0.23868941519435946, 0.08477548862089829, 0.09300434198964802, 0.9956656575435288, 0.00030126314880022796, 1.0012688532807914, 0.0, 0.0, 0.0, 1.0]",True,True
848,"[-0.22272203936314092, -1.836651357845315, 1.076697375311515, 0.7762931292318032, 1.5833527336479905, 0.08453415475721471]","[0.3717896451708298, 0.08270327081599538, 0.9948591566992031]","[0.23362515427451927, -0.0038045199095219093, 0.9723192957657811, 0.9686726202041352, -0.08570338179905437, -0.23308428779104925, 0.0842178256491002, 0.996313432598629, -0.016337131525276733]","[0.5318798362765288, 0.5778550137358958, 0.4174352031907774, 0.4570943819385823]","[0.23362515427451927, -0.0038045199095219093, 0.9723192957657811, 0.3717896451708298, 0.9686726202041352, -0.08570338179905437, -0.23308428779104925, 0.08270327081599538, 0.0842178256491002, 0.996313432598629, -0.016337131525276733, 0.9948591566992031, 0.0, 0.0, 0.0, 1.0]",True,True
849,"[-0.22256179828499983, -1.8445950831350884, 1.0786362899462572, 0.7819525594010681, 1.584860363727611, 0.08067931103903811]","[0.36489701485241627, 0.08417721659626079, 0.9960783849261685]","[0.2349166611068658, -0.0033446214356918293, 0.972009761186509, 0.9686882180706748, -0.08186476753946419, -0.23439559724271744, 0.08035731768459342, 0.9966378345934704, -0.015991502473999428]","[0.5331651693174926, 0.5772289257998793, 0.4180939110497992, 0.4557841056790482]","[0.2349166611068658, -0.0033446214356918293, 0.972009761186509, 0.36489701485241627, 0.9686882180706748, -0.08186476753946419, -0.23439559724271744, 0.08417721659626079, 0.08035731768459342, 0.9966378345934704, -0.015991502473999428, 0.9960783849261685, 0.0, 0.0, 0.0, 1.0]",True,True
850,"[-0.22699779704545514, -1.8463866190447566, 1.0672130819592052, 0.7874321534787235, 1.5833473825772628, 0.10174251237447217]","[0.36000895794165555, 0.08391532564920837, 1.0018990123499645]","[0.2368542800960026, -0.016093156275850142, 0.9714118901481931, 0.9662327972122814, -0.1005158413377769, -0.23725671166795098, 0.1014604927621324, 0.9948052955032156, -0.008257871833914144]","[0.5310556860924077, 0.5800060330004537, 0.40953868877071137, 0.46244018245819113]","[0.2368542800960026, -0.016093156275850142, 0.9714118901481931, 0.36000895794165555, 0.9662327972122814, -0.1005158413377769, -0.23725671166795098, 0.08391532564920837, 0.1014604927621324, 0.9948052955032156, -0.008257871833914144, 1.0018990123499645, 0.0, 0.0, 0.0, 1.0]",True,True
851,"[-0.23720526787642215, -1.8460184991825763, 1.0645564013106625, 0.7888708857083515, 1.5855362086086575, 0.09313602491376204]","[0.36020794038119774, 0.08018306951510012, 1.0029686941080669]","[0.24887708493825195, -0.016014066683215384, 0.9684026777435634, 0.9640703374828512, -0.09179873556757237, -0.24928172121897804, 0.09289015544361781, 0.995648804456903, -0.007407915037314449]","[0.5361134288407085, 0.5805350410490175, 0.40826832308283795, 0.4570322022549411]","[0.24887708493825195, -0.016014066683215384, 0.9684026777435634, 0.36020794038119774, 0.9640703374828512, -0.09179873556757237, -0.24928172121897804, 0.08018306951510012, 0.09289015544361781, 0.995648804456903, -0.007407915037314449, 1.0029686941080669, 0.0, 0.0, 0.0, 1.0]",True,True
852,"[-0.23476042762811777, -1.8467568655587117, 1.0650063719645186, 0.7995529298449442, 1.582170654292023, 0.09489700471087475]","[0.3583697589062707, 0.08177500377355584, 1.002019855515269]","[0.24419950139815286, -0.005852163566854259, 0.969707355699894, 0.9651057761783326, -0.09602108486606424, -0.24362017988738563, 0.09453805743779367, 0.9953620966476124, -0.01780034418649125]","[0.5315961983370454, 0.582670775492196, 0.4115761648596389, 0.4566238165277355]","[0.24419950139815286, -0.005852163566854259, 0.969707355699894, 0.3583697589062707, 0.9651057761783326, -0.09602108486606424, -0.24362017988738563, 0.08177500377355584, 0.09453805743779367, 0.9953620966476124, -0.01780034418649125, 1.002019855515269, 0.0, 0.0, 0.0, 1.0]",True,True
853,"[-0.2355594645650858, -1.847978936019289, 1.0683354488127315, 0.7999494425145754, 1.5856204700255938, 0.0948676324369152]","[0.35819641271091907, 0.08121881002617509, 1.0007338121798974]","[0.24852876908782426, -0.0038153146797481755, 0.9686170008365459, 0.9640129219776993, -0.09648919690631563, -0.2477275138945865, 0.09440623494086192, 0.9953267193511227, -0.020302328684710824]","[0.5319156990296484, 0.5842346049916186, 0.4108784378288092, 0.45487858246288654]","[0.24852876908782426, -0.0038153146797481755, 0.9686170008365459, 0.35819641271091907, 0.9640129219776993, -0.09648919690631563, -0.2477275138945865, 0.08121881002617509, 0.09440623494086192, 0.9953267193511227, -0.020302328684710824, 1.0007338121798974, 0.0, 0.0, 0.0, 1.0]",True,True
854,"[-0.24514470650135, -1.8568927800025743, 1.0545800191283337, 0.8101645031677076, 1.571820908040686, 0.1034883121868992]","[0.3466579669172437, 0.08217050260115429, 1.009467505300767]","[0.24317357532036507, -0.017597964305625026, 0.9698231405355354, 0.9644673511837867, -0.10208477330604532, -0.2436830473372808, 0.10329250101745445, 0.9946200333350175, -0.007851657290527062]","[0.5322680585766426, 0.5816162837122378, 0.40699917342180086, 0.46126444169672154]","[0.24317357532036507, -0.017597964305625026, 0.9698231405355354, 0.3466579669172437, 0.9644673511837867, -0.10208477330604532, -0.2436830473372808, 0.08217050260115429, 0.10329250101745445, 0.9946200333350175, -0.007851657290527062, 1.009467505300767, 0.0, 0.0, 0.0, 1.0]",True,True
855,"[-0.24613388382444362, -1.8444087892665373, 1.0499247603944915, 0.8029088215186817, 1.5897974202815242, 0.10202414474546008]","[0.35648836537031636, 0.07766943426865043, 1.0083990331602448]","[0.2615084603817583, -0.018559638244045423, 0.9650227276997225, 0.959829989930524, -0.10033048008106146, -0.2620308859594111, 0.10168439201142197, 0.994781048570465, -0.008423171986464776]","[0.5368320985918763, 0.5852909773030173, 0.40205230739408937, 0.45563111387196725]","[0.2615084603817583, -0.018559638244045423, 0.9650227276997225, 0.35648836537031636, 0.959829989930524, -0.10033048008106146, -0.2620308859594111, 0.07766943426865043, 0.10168439201142197, 0.994781048570465, -0.008423171986464776, 1.0083990331602448, 0.0, 0.0, 0.0, 1.0]",True,True
856,"[-0.24573298671479454, -1.8605866220839091, 1.0525183972658072, 0.8135039669785628, 1.580462550351423, 0.09894829705550535]","[0.34237500953438965, 0.08223141588548338, 1.0113289961150198]","[0.2519166780517579, -0.01971005803562559, 0.9675481904957495, 0.9626991995766853, -0.09689838133268183, -0.2526280958830898, 0.09873316795168871, 0.9950990992395373, -0.0054354612394148395]","[0.5360930039367379, 0.5818613495979638, 0.40516058601959765, 0.4581337801454694]","[0.2519166780517579, -0.01971005803562559, 0.9675481904957495, 0.34237500953438965, 0.9626991995766853, -0.09689838133268183, -0.2526280958830898, 0.08223141588548338, 0.09873316795168871, 0.9950990992395373, -0.0054354612394148395, 1.0113289961150198, 0.0, 0.0, 0.0, 1.0]",True,True
857,"[-0.24442911261977643, -1.857859577037813, 1.0595550174771988, 0.8066679602202231, 1.5833835334230708, 0.09717511787942587]","[0.34732266895123515, 0.08113937079715795, 1.0076559585719045]","[0.25378365217550686, -0.01658620255819636, 0.9671187909316826, 0.9623936395654356, -0.0958497368389213, -0.2541875497971998, 0.09691408779148551, 0.9952576178219426, -0.008362640428490544]","[0.5360903083688641, 0.5826654334699541, 0.4058106859774833, 0.4565368123807005]","[0.25378365217550686, -0.01658620255819636, 0.9671187909316826, 0.34732266895123515, 0.9623936395654356, -0.0958497368389213, -0.2541875497971998, 0.08113937079715795, 0.09691408779148551, 0.9952576178219426, -0.008362640428490544, 1.0076559585719045, 0.0, 0.0, 0.0, 1.0]",True,True
858,"[-0.2552900804663231, -1.8538973701106969, 1.0593093874078903, 0.8126713564983932, 1.5818166121417314, 0.10522033677837553]","[0.3508448669236267, 0.07681710090819538, 1.005969425639972]","[0.26355401277347995, -0.010240395671585393, 0.964590284342262, 0.9589337552845835, -0.10586502100369588, -0.26313238170870135, 0.1048109504145583, 0.9943277787653207, -0.01808129002091942]","[0.5337620494538893, 0.5889610181918019, 0.4026978570354403, 0.45393549051855836]","[0.26355401277347995, -0.010240395671585393, 0.964590284342262, 0.3508448669236267, 0.9589337552845835, -0.10586502100369588, -0.26313238170870135, 0.07681710090819538, 0.1048109504145583, 0.9943277787653207, -0.01808129002091942, 1.005969425639972, 0.0, 0.0, 0.0, 1.0]",True,True
859,"[-0.2497923407444592, -1.8518343015801493, 1.052497662395124, 0.8171397233093564, 1.582903084152049, 0.09851325797197025]","[0.349714856560595, 0.07882060391441165, 1.008245458608861]","[0.2593547236506499, -0.008299178853490389, 0.9657464734341269, 0.9607844824627084, -0.0993795707003184, -0.2588761850504717, 0.09812392969587314, 0.9950149871020929, -0.01780083883588511]","[0.5343627780156581, 0.5866291701720205, 0.4059145675154185, 0.45338284269858065]","[0.2593547236506499, -0.008299178853490389, 0.9657464734341269, 0.349714856560595, 0.9607844824627084, -0.0993795707003184, -0.2588761850504717, 0.07882060391441165, 0.09812392969587314, 0.9950149871020929, -0.01780083883588511, 1.008245458608861, 0.0, 0.0, 0.0, 1.0]",True,True
860,"[-0.25733612362530484, -1.846884675829824, 1.050176092419776, 0.814086438145262, 1.593029338862219, 0.10577574907594364]","[0.35395255674293236, 0.07425355092422059, 1.0080670095385533]","[0.27617028733452786, -0.012422325003005757, 0.9610284377868763, 0.9553363026926593, -0.10587736862180558, -0.2759031199012468, 0.10517852038835557, 0.9943015984374367, -0.0173726852752897]","[0.5368706160327255, 0.5914854903612647, 0.3985363939839611, 0.45064797681005625]","[0.27617028733452786, -0.012422325003005757, 0.9610284377868763, 0.35395255674293236, 0.9553363026926593, -0.10587736862180558, -0.2759031199012468, 0.07425355092422059, 0.10517852038835557, 0.9943015984374367, -0.0173726852752897, 1.0080670095385533, 0.0, 0.0, 0.0, 1.0]",True,True
861,"[-0.24271314005687952, -1.8553311013127882, 1.0584650026367437, 0.814936196530947, 1.5829556096342234, 0.11224206046846778]","[0.3481043883843401, 0.08154774093624922, 1.0066372696339339]","[0.2524980937509329, -0.010809958756113932, 0.9675370057232107, 0.9611202818401685, -0.11270361973106903, -0.2520827204212728, 0.11176992657964882, 0.9935698460054055, -0.018067778534568136]","[0.5295579985906397, 0.5880623887005038, 0.4040006389390264, 0.4588403173887316]","[0.2524980937509329, -0.010809958756113932, 0.9675370057232107, 0.3481043883843401, 0.9611202818401685, -0.11270361973106903, -0.2520827204212728, 0.08154774093624922, 0.11176992657964882, 0.9935698460054055, -0.018067778534568136, 1.0066372696339339, 0.0, 0.0, 0.0, 1.0]",True,True
862,"[-0.25279591432974713, -1.8527109686553171, 1.0480263911508572, 0.820022528396752, 1.5782207307998155, 0.10751826806653639]","[0.34771288821969587, 0.07879362006682326, 1.0104468106934805]","[0.257400430518059, -0.012846257366261458, 0.9662194326553352, 0.9603417666953022, -0.10751234579744319, -0.2572640407085236, 0.10718539783787583, 0.9941207518067463, -0.015336926599730214]","[0.5325765574358502, 0.5874201441292323, 0.4032443893857136, 0.4568301075563141]","[0.257400430518059, -0.012846257366261458, 0.9662194326553352, 0.34771288821969587, 0.9603417666953022, -0.10751234579744319, -0.2572640407085236, 0.07879362006682326, 0.10718539783787583, 0.9941207518067463, -0.015336926599730214, 1.0104468106934805, 0.0, 0.0, 0.0, 1.0]",True,True
863,"[-0.2600365079275562, -1.8501651555021743, 1.0489798410966202, 0.8197040533740415, 1.5808944354909846, 0.09988981490207785]","[0.3506874260880113, 0.07537680435032033, 1.009200373578359]","[0.26731381825430806, -0.008806315902713373, 0.963569287270264, 0.9584565551372322, -0.10084479561764069, -0.2668170892414993, 0.09952062341430862, 0.9948631946137407, -0.018516736164061864]","[0.5357126763650001, 0.5887859012484952, 0.40322392113195415, 0.4513906958498566]","[0.26731381825430806, -0.008806315902713373, 0.963569287270264, 0.3506874260880113, 0.9584565551372322, -0.10084479561764069, -0.2668170892414993, 0.07537680435032033, 0.09952062341430862, 0.9948631946137407, -0.018516736164061864, 1.009200373578359, 0.0, 0.0, 0.0, 1.0]",True,True
864,"[-0.25384903081710886, -1.8571943061994776, 1.0562714477688362, 0.8109668501411, 1.5796061001548931, 0.10434714612534053]","[0.3473109773326229, 0.07842119130181197, 1.008662323896599]","[0.2592489818107509, -0.017375386951429025, 0.965654214177299, 0.960187751255069, -0.103094200815982, -0.25963641519988623, 0.10406463265597365, 0.9945198246824453, -0.010043432868057051]","[0.5352829504399313, 0.5857445295294674, 0.4023991333990805, 0.4565637376471039]","[0.2592489818107509, -0.017375386951429025, 0.965654214177299, 0.3473109773326229, 0.960187751255069, -0.103094200815982, -0.25963641519988623, 0.07842119130181197, 0.10406463265597365, 0.9945198246824453, -0.010043432868057051, 1.008662323896599, 0.0, 0.0, 0.0, 1.0]",True,True
865,"[-0.24364949943989225, -1.852703927948406, 1.051029277583543, 0.8171247868879401, 1.5705498771647866, 0.0966125605315693]","[0.34834492852347965, 0.08235949451757385, 1.0092416296056446]","[0.24132916078959182, -0.008324790755632559, 0.9704076123008651, 0.9656379985693503, -0.09732870817579259, -0.24097796223682133, 0.09645461042153884, 0.9952174739340673, -0.01544952118102144]","[0.5311663890516741, 0.5818306003783243, 0.4113367392464588, 0.4584075768912364]","[0.24132916078959182, -0.008324790755632559, 0.9704076123008651, 0.34834492852347965, 0.9656379985693503, -0.09732870817579259, -0.24097796223682133, 0.08235949451757385, 0.09645461042153884, 0.9952174739340673, -0.01544952118102144, 1.0092416296056446, 0.0, 0.0, 0.0, 1.0]",True,True
866,"[-0.2530015962896566, -1.8553754614949818, 1.0447111720959026, 0.8186979160385224, 1.582143776158118, 0.1032620617293569]","[0.34455076660034245, 0.07917024709675674, 1.0130199728266227]","[0.2606905644492705, -0.019196087619237006, 0.9652315472606744, 0.9599138463539635, -0.10149816185793925, -0.2612729046751666, 0.10298464538493013, 0.9946505081482512, -0.008033022803780097]","[0.5364604784575354, 0.5852823568823406, 0.401822192174776, 0.456282416548372]","[0.2606905644492705, -0.019196087619237006, 0.9652315472606744, 0.34455076660034245, 0.9599138463539635, -0.10149816185793925, -0.2612729046751666, 0.07917024709675674, 0.10298464538493013, 0.9946505081482512, -0.008033022803780097, 1.0130199728266227, 0.0, 0.0, 0.0, 1.0]",True,True
867,"[-0.2536179242602569, -1.8500168973626059, 1.0560685955479014, 0.8108618120765742, 1.5829487567213283, 0.09850612124147273]","[0.3532828042406943, 0.07663050169839164, 1.006477309645383]","[0.26298779405967715, -0.009538589755187744, 0.964752007243886, 0.9597959460486588, -0.09911697500538603, -0.26261676872268025, 0.0981282942080669, 0.9950300701844462, -0.01691145483248411]","[0.5354809436902976, 0.587157607439763, 0.4046006320334352, 0.4525532361262111]","[0.26298779405967715, -0.009538589755187744, 0.964752007243886, 0.3532828042406943, 0.9597959460486588, -0.09911697500538603, -0.26261676872268025, 0.07663050169839164, 0.0981282942080669, 0.9950300701844462, -0.01691145483248411, 1.006477309645383, 0.0, 0.0, 0.0, 1.0]",True,True
868,"[-0.24830752021721603, -1.8427666379577594, 1.0607382733406554, 0.8157453900742158, 1.5819887687397607, 0.1025415593322793]","[0.35979831768175086, 0.07684041186529936, 1.0013740797622952]","[0.2585881584750482, 0.0062399117254507246, 0.9659675086658671, 0.9605949996824453, -0.10717620578920979, -0.2564576134524216, 0.1019284596252004, 0.9942204606697084, -0.033708525689302306]","[0.5286074694412991, 0.5914965955002531, 0.40863925454642896, 0.4513533874983269]","[0.2585881584750482, 0.0062399117254507246, 0.9659675086658671, 0.35979831768175086, 0.9605949996824453, -0.10717620578920979, -0.2564576134524216, 0.07684041186529936, 0.1019284596252004, 0.9942204606697084, -0.033708525689302306, 1.0013740797622952, 0.0, 0.0, 0.0, 1.0]",True,True
869,"[-0.2493180037964675, -1.855055796177927, 1.049229634957166, 0.8043512338298787, 1.5798096630521496, 0.10931368440915948]","[0.3475030819422619, 0.07983439733971623, 1.012035248353567]","[0.25378684191699435, -0.029291313965963444, 0.9668165585031866, 0.9610865833609635, -0.1051142821533613, -0.2554673501074713, 0.10910920288109635, 0.9940286749453111, 0.0014748671536275394]","[0.5362246327140475, 0.5825431865786279, 0.39988248548042726, 0.46173647987515415]","[0.25378684191699435, -0.029291313965963444, 0.9668165585031866, 0.3475030819422619, 0.9610865833609635, -0.1051142821533613, -0.2554673501074713, 0.07983439733971623, 0.10910920288109635, 0.9940286749453111, 0.0014748671536275394, 1.012035248353567, 0.0, 0.0, 0.0, 1.0]",True,True
870,"[-0.23841967074549208, -1.846475977056834, 1.0617091678561317, 0.798072160740823, 1.5835105325207846, 0.10612438746254714]","[0.35812493613608876, 0.08046761902159119, 1.003696394738881]","[0.24847275249549994, -0.013466719087460874, 0.9685452693314492, 0.9628492675401514, -0.10572710179950992, -0.24848152434833054, 0.10574771517486292, 0.9943039914543718, -0.013303883387965442]","[0.531375989132936, 0.5847015772346983, 0.40592611060787764, 0.45933388344319986]","[0.24847275249549994, -0.013466719087460874, 0.9685452693314492, 0.35812493613608876, 0.9628492675401514, -0.10572710179950992, -0.24848152434833054, 0.08046761902159119, 0.10574771517486292, 0.9943039914543718, -0.013303883387965442, 1.003696394738881, 0.0, 0.0, 0.0, 1.0]",True,True
871,"[-0.23635166483889283, -1.8420298231031105, 1.0646332259640459, 0.7855603897877131, 1.5862820609692625, 0.10178423066456299]","[0.3639118729960814, 0.07951116771148341, 1.0019034761069514]","[0.24870009928272555, -0.017423497901900162, 0.9684238133883454, 0.9632498049628324, -0.10030516248957506, -0.24917601733915956, 0.10147942577600459, 0.9948041496188094, -0.008162722913951613]","[0.5339082818891272, 0.582487764825634, 0.4059425640228094, 0.45919558477104766]","[0.24870009928272555, -0.017423497901900162, 0.9684238133883454, 0.3639118729960814, 0.9632498049628324, -0.10030516248957506, -0.24917601733915956, 0.07951116771148341, 0.10147942577600459, 0.9948041496188094, -0.008162722913951613, 1.0019034761069514, 0.0, 0.0, 0.0, 1.0]",True,True
872,"[-0.2398064473147504, -1.8457866899578066, 1.0598366239261057, 0.7953887951985433, 1.577329210481738, 0.10526556548993536]","[0.35874456436458296, 0.08043327627181297, 1.0046412485280976]","[0.24346869165090312, -0.01650442728531647, 0.9697683228822135, 0.9642079080333892, -0.10412873430685607, -0.24384486211016895, 0.10500526782820273, 0.9944268754270652, -0.009438387398890634]","[0.5314841413309424, 0.5824594005930048, 0.4067680424520624, 0.4613083717149143]","[0.24346869165090312, -0.01650442728531647, 0.9697683228822135, 0.35874456436458296, 0.9642079080333892, -0.10412873430685607, -0.24384486211016895, 0.08043327627181297, 0.10500526782820273, 0.9944268754270652, -0.009438387398890634, 1.0046412485280976, 0.0, 0.0, 0.0, 1.0]",True,True
873,"[-0.23650628661673845, -1.8258408590464994, 1.065223096790123, 0.7768782869015599, 1.5793659357161134, 0.10946783160973654]","[0.37895354762554884, 0.07648843947261613, 0.9968451881243219]","[0.24290349059152716, -0.010794480339657611, 0.9699903986394136, 0.9638961940368611, -0.10977186575433338, -0.24259897899633961, 0.10909638573163506, 0.99389819231298, -0.016259210844470386]","[0.5284109229550245, 0.5850073861051523, 0.4073032821186842, 0.461142376148174]","[0.24290349059152716, -0.010794480339657611, 0.9699903986394136, 0.37895354762554884, 0.9638961940368611, -0.10977186575433338, -0.24259897899633961, 0.07648843947261613, 0.10909638573163506, 0.99389819231298, -0.016259210844470386, 0.9968451881243219, 0.0, 0.0, 0.0, 1.0]",True,True
874,"[-0.23075602888827934, -1.8268248849057214, 1.078290657609898, 0.7795174023477393, 1.5827485586434622, 0.10278714887339672]","[0.38078812772431947, 0.07781006776946896, 0.9903380399943537]","[0.2421526781720558, 0.005338902200182195, 0.9702234673400748, 0.9648417218532517, -0.10664680611065781, -0.2402226269893164, 0.1021887088936603, 0.9942826332938197, -0.030976005309821687]","[0.525483079354506, 0.5873192252924586, 0.4129698902544554, 0.45648606841523115]","[0.2421526781720558, 0.005338902200182195, 0.9702234673400748, 0.38078812772431947, 0.9648417218532517, -0.10664680611065781, -0.2402226269893164, 0.07781006776946896, 0.1021887088936603, 0.9942826332938197, -0.030976005309821687, 0.9903380399943537, 0.0, 0.0, 0.0, 1.0]",True,True
875,"[-0.22584037480788804, -1.8170631480323312, 1.0590982314657802, 0.767157041895161, 1.5774033302674288, 0.09841607473721538]","[0.38505364283638777, 0.07911760997135073, 0.9977176448218839]","[0.23012504266315834, -0.013719270928935604, 0.9730643587884915, 0.9681945363172051, -0.0976630702269572, -0.23035030835524617, 0.09819269109659896, 0.9951249702017445, -0.009191795046942702]","[0.5299222059390554, 0.5781392366759625, 0.4127358968386525, 0.4632348844044608]","[0.23012504266315834, -0.013719270928935604, 0.9730643587884915, 0.38505364283638777, 0.9681945363172051, -0.0976630702269572, -0.23035030835524617, 0.07911760997135073, 0.09819269109659896, 0.9951249702017445, -0.009191795046942702, 0.9977176448218839, 0.0, 0.0, 0.0, 1.0]",True,True
876,"[-0.22640707835244736, -1.8228478683602107, 1.0642369656826558, 0.7621719924294241, 1.5800229022833767, 0.0885408811723451]","[0.38208932773942694, 0.07934470771893533, 0.9976280762336143]","[0.23285147020911073, -0.017187071706898333, 0.9723604256589209, 0.9684869930038321, -0.08677800410009043, -0.23345775289503648, 0.08839195214413387, 0.9960794057556589, -0.0035609304405630105]","[0.5344418901219424, 0.5751500684060126, 0.41350074248160723, 0.4610763503614169]","[0.23285147020911073, -0.017187071706898333, 0.9723604256589209, 0.38208932773942694, 0.9684869930038321, -0.08677800410009043, -0.23345775289503648, 0.07934470771893533, 0.08839195214413387, 0.9960794057556589, -0.0035609304405630105, 0.9976280762336143, 0.0, 0.0, 0.0, 1.0]",True,True
877,"[-0.22394898148458453, -1.8044272993804593, 1.0753483057943416, 0.7522367319343178, 1.5824289283000796, 0.09349047366715185]","[0.40143474053116035, 0.07560519238592198, 0.986126074468998]","[0.23449390960485336, 0.0006894126346860843, 0.9721173442894897, 0.9676529502440425, -0.09589583607947776, -0.23334900151193802, 0.09306113174806843, 0.9953911358520515, -0.023154101686992397]","[0.5280729049663463, 0.5817095167201848, 0.4161623349135111, 0.45777937502350186]","[0.23449390960485336, 0.0006894126346860843, 0.9721173442894897, 0.40143474053116035, 0.9676529502440425, -0.09589583607947776, -0.23334900151193802, 0.07560519238592198, 0.09306113174806843, 0.9953911358520515, -0.023154101686992397, 0.986126074468998, 0.0, 0.0, 0.0, 1.0]",True,True
878,"[-0.2171282255393042, -1.8044135099809406, 1.0735245163429006, 0.7281466944730606, 1.5725824395645436, 0.09671522882123762]","[0.40339454224270566, 0.0787229849442688, 0.9892569977688965]","[0.21589650809588473, -0.023636309334163018, 0.9761301258915551, 0.9716291058580884, -0.09367189271853207, -0.21716919018115685, 0.09656903458881248, 0.9953225112472778, 0.0027422915594745734]","[0.5303222857227545, 0.5715824763879097, 0.414635173262625, 0.46917951686484616]","[0.21589650809588473, -0.023636309334163018, 0.9761301258915551, 0.40339454224270566, 0.9716291058580884, -0.09367189271853207, -0.21716919018115685, 0.0787229849442688, 0.09656903458881248, 0.9953225112472778, 0.0027422915594745734, 0.9892569977688965, 0.0, 0.0, 0.0, 1.0]",True,True
879,"[-0.21005574245582967, -1.7898885270830185, 1.0869885465978641, 0.7279294431365076, 1.574677177428699, 0.10255905730676296]","[0.41838173400484613, 0.07806038556983458, 0.9766526243528418]","[0.21369752525719002, 0.0026122518643325455, 0.9768963833688555, 0.9715339246480883, -0.10523645205773356, -0.21224307389449232, 0.1022506770482973, 0.9944437969530995, -0.02502666067750883]","[0.520440777736033, 0.5796465815461245, 0.4201466063657379, 0.4654332030815578]","[0.21369752525719002, 0.0026122518643325455, 0.9768963833688555, 0.41838173400484613, 0.9715339246480883, -0.10523645205773356, -0.21224307389449232, 0.07806038556983458, 0.1022506770482973, 0.9944437969530995, -0.02502666067750883, 0.9766526243528418, 0.0, 0.0, 0.0, 1.0]",True,True
880,"[-0.20699815316385398, -1.7898589698349119, 1.0980760396006568, 0.7006568996927781, 1.566007824913107, 0.10106076589907231]","[0.4241745232638162, 0.07888894963082886, 0.9732371693595999]","[0.2006860770518724, -0.011621864763305359, 0.9795866632090053, 0.9744428218244894, -0.10064770831670208, -0.20082635734714266, 0.1009271295155872, 0.9948542461436344, -0.008873751051522084]","[0.522294126351151, 0.5723214866707557, 0.42057697443005226, 0.4719872562403849]","[0.2006860770518724, -0.011621864763305359, 0.9795866632090053, 0.4241745232638162, 0.9744428218244894, -0.10064770831670208, -0.20082635734714266, 0.07888894963082886, 0.1009271295155872, 0.9948542461436344, -0.008873751051522084, 0.9732371693595999, 0.0, 0.0, 0.0, 1.0]",True,True
881,"[-0.20209803811665844, -1.786995980111029, 1.0877016073517827, 0.6952101545311536, 1.5791674889472376, 0.10479217648824622]","[0.42398613752054304, 0.07968633199439126, 0.9781068256769614]","[0.20735412497741929, -0.025832132932247644, 0.9779248272556635, 0.9726541385147288, -0.10147696374931404, -0.2089170951798607, 0.1046336164194824, 0.9945024518503669, 0.004084063979608972]","[0.526773486711251, 0.5711276181264404, 0.41445290664129064, 0.47386889082094835]","[0.20735412497741929, -0.025832132932247644, 0.9779248272556635, 0.42398613752054304, 0.9726541385147288, -0.10147696374931404, -0.2089170951798607, 0.07968633199439126, 0.1046336164194824, 0.9945024518503669, 0.004084063979608972, 0.9781068256769614, 0.0, 0.0, 0.0, 1.0]",True,True
882,"[-0.18683298345754154, -1.7795449569794017, 1.0907304010913246, 0.6795871864793311, 1.5804499505257703, 0.10037938625936112]","[0.43142848958170726, 0.08438247326037884, 0.9749364723682303]","[0.19333305399838932, -0.028584629110417172, 0.9807167018106074, 0.9759934379857703, -0.09657738978779849, -0.19521684556024382, 0.10029526030861231, 0.994914934434294, 0.009226808724156323]","[0.5258285064863704, 0.5658364682180779, 0.4185877290036271, 0.4776167774779183]","[0.19333305399838932, -0.028584629110417172, 0.9807167018106074, 0.43142848958170726, 0.9759934379857703, -0.09657738978779849, -0.19521684556024382, 0.08438247326037884, 0.10029526030861231, 0.994914934434294, 0.009226808724156323, 0.9749364723682303, 0.0, 0.0, 0.0, 1.0]",True,True
883,"[-0.188636652490017, -1.761881947068518, 1.102074028590138, 0.6675220000444867, 1.5758408074296315, 0.09690662961316004]","[0.45032542175825796, 0.08045818345768296, 0.9625529056668175]","[0.19230244012422038, -0.011081052999448438, 0.9812731433126528, 0.9765583885897594, -0.09638568264169094, -0.1924669162652835, 0.09671341787592388, 0.9952823772408104, -0.007713906704016841]","[0.5215848087268533, 0.5692982587075794, 0.4239769403924303, 0.4733839181397731]","[0.19230244012422038, -0.011081052999448438, 0.9812731433126528, 0.45032542175825796, 0.9765583885897594, -0.09638568264169094, -0.1924669162652835, 0.08045818345768296, 0.09671341787592388, 0.9952823772408104, -0.007713906704016841, 0.9625529056668175, 0.0, 0.0, 0.0, 1.0]",True,True
884,"[-0.18880365139477315, -1.7512421552362307, 1.1052147427728978, 0.6600758000356148, 1.571889763781505, 0.10181982870654889]","[0.460674008800326, 0.07877901653255728, 0.9569151773026398]","[0.1891826343461656, -0.005459265409065574, 0.981926742319934, 0.9766696347856033, -0.1024397175880029, -0.18873931426241408, 0.1016186761850453, 0.9947242334846798, -0.014047916881705855]","[0.5178549507044556, 0.5713296484552229, 0.4249781067736129, 0.47413320026131145]","[0.1891826343461656, -0.005459265409065574, 0.981926742319934, 0.460674008800326, 0.9766696347856033, -0.1024397175880029, -0.18873931426241408, 0.07877901653255728, 0.1016186761850453, 0.9947242334846798, -0.014047916881705855, 0.9569151773026398, 0.0, 0.0, 0.0, 1.0]",True,True
885,"[-0.1752315277649507, -1.7492808326130609, 1.1141266329876731, 0.645989804230755, 1.5742824980640304, 0.10205010942291798]","[0.46471821709687006, 0.08388703196324561, 0.9524320040033442]","[0.17792971912522013, -0.007495783336811581, 0.9840146484093558, 0.978760320514308, -0.10212966058762679, -0.1777576085994221, 0.10182951457583143, 0.9947428540383809, -0.010835326521467]","[0.5159856422460141, 0.5680877366732875, 0.42742717122587687, 0.4778505558595018]","[0.17792971912522013, -0.007495783336811581, 0.9840146484093558, 0.46471821709687006, 0.978760320514308, -0.10212966058762679, -0.1777576085994221, 0.08388703196324561, 0.10182951457583143, 0.9947428540383809, -0.010835326521467, 0.9524320040033442, 0.0, 0.0, 0.0, 1.0]",True,True
886,"[-0.17271681951177528, -1.7319486151237458, 1.1092459567145978, 0.6283807450229125, 1.5695361842492432, 0.10360059420383635]","[0.47960191775315963, 0.08286602104842544, 0.9489327515846588]","[0.17028152010550687, -0.01208092592015861, 0.9853213968748824, 0.9799532327917038, -0.10286961139300034, -0.17061507727320593, 0.10342081730312716, 0.9946214829173783, -0.00567805139008633]","[0.5152023527999509, 0.5654266492854297, 0.4279389325276386, 0.4813808367336114]","[0.17028152010550687, -0.01208092592015861, 0.9853213968748824, 0.47960191775315963, 0.9799532327917038, -0.10286961139300034, -0.17061507727320593, 0.08286602104842544, 0.10342081730312716, 0.9946214829173783, -0.00567805139008633, 0.9489327515846588, 0.0, 0.0, 0.0, 1.0]",True,True
887,"[-0.16350577040900868, -1.722363478829403, 1.1145883811221735, 0.6114915430477477, 1.5658348310642154, 0.10821301637293795]","[0.4896796503840038, 0.0858340658947094, 0.9430495482475372]","[0.15735347369291472, -0.013406027679827829, 0.9874513470235488, 0.9816168630691616, -0.10724881555407448, -0.1578797824311476, 0.10801952811890814, 0.9941418258900968, -0.0037163908395933917]","[0.5114656066880858, 0.5630982774095883, 0.4298587272560033, 0.4863586513627485]","[0.15735347369291472, -0.013406027679827829, 0.9874513470235488, 0.4896796503840038, 0.9816168630691616, -0.10724881555407448, -0.1578797824311476, 0.0858340658947094, 0.10801952811890814, 0.9941418258900968, -0.0037163908395933917, 0.9430495482475372, 0.0, 0.0, 0.0, 1.0]",True,True
888,"[-0.15893625004378034, -1.7148532792519333, 1.1297245050603704, 0.5890969852661054, 1.5665681157004778, 0.0973174847230866]","[0.5009200246991159, 0.08613690513561435, 0.932980930655523]","[0.15374326941272845, -0.011072507524942769, 0.9880487876048406, 0.9833204350422672, -0.09662854158598412, -0.15409038574567832, 0.09717988031774588, 0.9952589233601856, -0.003968164985577547]","[0.513114646750891, 0.559986601621925, 0.4340496382865862, 0.4844886756126706]","[0.15374326941272845, -0.011072507524942769, 0.9880487876048406, 0.5009200246991159, 0.9833204350422672, -0.09662854158598412, -0.15409038574567832, 0.08613690513561435, 0.09717988031774588, 0.9952589233601856, -0.003968164985577547, 0.932980930655523, 0.0, 0.0, 0.0, 1.0]",True,True
889,"[-0.1478511737791924, -1.7162510590992512, 1.1321114562994645, 0.5854859337522725, 1.5712466047403275, 0.10082674512220678]","[0.49964413325652646, 0.09129135921897319, 0.9326263785954242]","[0.14714205712851058, -0.013547894531893732, 0.989022582946286, 0.983980551181303, -0.09974846905943036, -0.14775830879256516, 0.10065530249782813, 0.9949204478118099, -0.0013463302039851608]","[0.5113822586542026, 0.5586226043564487, 0.43429707690014574, 0.48766281428025005]","[0.14714205712851058, -0.013547894531893732, 0.989022582946286, 0.49964413325652646, 0.983980551181303, -0.09974846905943036, -0.14775830879256516, 0.09129135921897319, 0.10065530249782813, 0.9949204478118099, -0.0013463302039851608, 0.9326263785954242, 0.0, 0.0, 0.0, 1.0]",True,True
890,"[-0.14569324723028615, -1.6875987190104045, 1.140732921594881, 0.5712428163455227, 1.5674057639985626, 0.08392749795261589]","[0.5253423070767906, 0.0889274126360557, 0.9148203546166734]","[0.14334634719231007, 0.012142526065878808, 0.9895980920592772, 0.9861109918203105, -0.08650786168441237, -0.14177976469847195, 0.08388645038255695, 0.9961771674393719, -0.02437446439790589]","[0.5080511837182332, 0.5599617561214847, 0.44567932853150816, 0.47926690113500336]","[0.14334634719231007, 0.012142526065878808, 0.9895980920592772, 0.5253423070767906, 0.9861109918203105, -0.08650786168441237, -0.14177976469847195, 0.0889274126360557, 0.08388645038255695, 0.9961771674393719, -0.02437446439790589, 0.9148203546166734, 0.0, 0.0, 0.0, 1.0]",True,True
891,"[-0.12882003015231805, -1.6852122854425036, 1.1452294081159806, 0.5384975545496994, 1.5745615647964175, 0.090973673500152]","[0.530135128387181, 0.09628837525974077, 0.9139672149800153]","[0.13151666649953758, -0.013476802798716972, 0.99122234751804, 0.9871418186693324, -0.0898608825064745, -0.13219701823172947, 0.09085370805339785, 0.9958631419936589, 0.0014853119086153015]","[0.5106713952978174, 0.5522436593337665, 0.440776910433547, 0.4898544497898206]","[0.13151666649953758, -0.013476802798716972, 0.99122234751804, 0.530135128387181, 0.9871418186693324, -0.0898608825064745, -0.13219701823172947, 0.09628837525974077, 0.09085370805339785, 0.9958631419936589, 0.0014853119086153015, 0.9139672149800153, 0.0, 0.0, 0.0, 1.0]",True,True
892,"[-0.11731684426525599, -1.673891226239293, 1.1487678157015409, 0.5344424947047374, 1.5651238121535447, 0.09266226623524709]","[0.5389764123058605, 0.10207960334402354, 0.9064016877931906]","[0.111791171009708, -0.0010938049674833212, 0.9937311194055317, 0.9894099180284704, -0.09303973236979214, -0.11140746073514288, 0.09257833543099145, 0.9956617958881673, -0.009318799148832088]","[0.5023526250282474, 0.5509423069905623, 0.44846624615720293, 0.4929324908674746]","[0.111791171009708, -0.0010938049674833212, 0.9937311194055317, 0.5389764123058605, 0.9894099180284704, -0.09303973236979214, -0.11140746073514288, 0.10207960334402354, 0.09257833543099145, 0.9956617958881673, -0.009318799148832088, 0.9064016877931906, 0.0, 0.0, 0.0, 1.0]",True,True
893,"[-0.12355866122484735, -1.6625243186910015, 1.1619797027536853, 0.5030502650575434, 1.5618145785238118, 0.09026611998772595]","[0.5541440715712214, 0.09721502562185655, 0.895445188404692]","[0.1140851115971957, -0.007829372371441129, 0.9934401281607891, 0.9893708761022381, -0.08986008856948027, -0.11432599880593701, 0.09016571872139295, 0.9959236242857956, -0.0025055452301196712]","[0.5054007018687241, 0.5491927588280813, 0.44681101851438376, 0.49327209320570853]","[0.1140851115971957, -0.007829372371441129, 0.9934401281607891, 0.5541440715712214, 0.9893708761022381, -0.08986008856948027, -0.11432599880593701, 0.09721502562185655, 0.09016571872139295, 0.9959236242857956, -0.0025055452301196712, 0.895445188404692, 0.0, 0.0, 0.0, 1.0]",True,True
894,"[-0.10861798472349081, -1.641112448377639, 1.164893151458449, 0.48743350676512287, 1.577242033124937, 0.08957856635977594]","[0.5709474100808889, 0.1020548453209207, 0.8834161683942185]","[0.11534650620772958, 0.0008324653564486774, 0.9933249672222584, 0.9892958027238079, -0.09007803961958726, -0.1148031423409158, 0.08938119611376155, 0.9959343621844375, -0.011213741639208507]","[0.5035014212862099, 0.5515066380984289, 0.44882880806937175, 0.49079471059004126]","[0.11534650620772958, 0.0008324653564486774, 0.9933249672222584, 0.5709474100808889, 0.9892958027238079, -0.09007803961958726, -0.1148031423409158, 0.1020548453209207, 0.08938119611376155, 0.9959343621844375, -0.011213741639208507, 0.8834161683942185, 0.0, 0.0, 0.0, 1.0]",True,True
895,"[-0.10155264620391938, -1.6383583314368393, 1.1716860918510503, 0.47227218309910207, 1.5670959765719927, 0.09312912379628532]","[0.5751003254790716, 0.10652838286308747, 0.8791766792936818]","[0.09779099448616714, -0.003538300558506909, 0.9952006841971944, 0.9908508294243299, -0.09311495187974633, -0.09769462403607569, 0.09301373676250237, 0.9956490778208908, -0.005599875702702873]","[0.49976898835955147, 0.5469245428001509, 0.45130198574147373, 0.4974243866385313]","[0.09779099448616714, -0.003538300558506909, 0.9952006841971944, 0.5751003254790716, 0.9908508294243299, -0.09311495187974633, -0.09769462403607569, 0.10652838286308747, 0.09301373676250237, 0.9956490778208908, -0.005599875702702873, 0.8791766792936818, 0.0, 0.0, 0.0, 1.0]",True,True
896,"[-0.08672091424700495, -1.6192045725942699, 1.1809033600441248, 0.45443894579405564, 1.567000162408704, 0.08490701474233223]","[0.590962865548262, 0.11353302383402368, 0.864295504460276]","[0.08389520439992054, 0.008994056179706136, 0.9964339926117193, 0.9928550845440305, -0.08590624421851072, -0.08281846593203272, 0.08485502798161827, 0.9962626281045102, -0.016136916326637257]","[0.4954422377671216, 0.5445039864282604, 0.4599824637168807, 0.4964559707295182]","[0.08389520439992054, 0.008994056179706136, 0.9964339926117193, 0.590962865548262, 0.9928550845440305, -0.08590624421851072, -0.08281846593203272, 0.11353302383402368, 0.08485502798161827, 0.9962626281045102, -0.016136916326637257, 0.864295504460276, 0.0, 0.0, 0.0, 1.0]",True,True
897,"[-0.07098860332052791, -1.614651976482363, 1.1850033941746707, 0.4268674614798498, 1.554493899830096, 0.09467693712912664]","[0.5962219702628625, 0.12346555644786306, 0.8616607290137966]","[0.054151942749994124, -0.007928906627105142, 0.9985012266072085, 0.9940519081547269, -0.09419785554262024, -0.05465864895072146, 0.09449005762696895, 0.9955219216325024, 0.0027807478817384198]","[0.49059525963086725, 0.5351562973587427, 0.46067055848666066, 0.5105944233622133]","[0.054151942749994124, -0.007928906627105142, 0.9985012266072085, 0.5962219702628625, 0.9940519081547269, -0.09419785554262024, -0.05465864895072146, 0.12346555644786306, 0.09449005762696895, 0.9955219216325024, 0.0027807478817384198, 0.8616607290137966, 0.0, 0.0, 0.0, 1.0]",True,True
898,"[-0.06337655140087674, -1.6024102598268042, 1.1954926929774579, 0.4141120077879183, 1.5643387608986836, 0.10023450075951104]","[0.6068087665337895, 0.12635835577865642, 0.8491390489183546]","[0.05732135737703931, 0.0014512578207901729, 0.9983547244537841, 0.9933238013204875, -0.10035805147349315, -0.05688661735997999, 0.10011037767719598, 0.994950328084363, -0.0071942286694188255]","[0.4872804832009301, 0.5396465596851219, 0.46084564113672777, 0.5088817312075162]","[0.05732135737703931, 0.0014512578207901729, 0.9983547244537841, 0.6068087665337895, 0.9933238013204875, -0.10035805147349315, -0.05688661735997999, 0.12635835577865642, 0.10011037767719598, 0.994950328084363, -0.0071942286694188255, 0.8491390489183546, 0.0, 0.0, 0.0, 1.0]",True,True
899,"[-0.05825346093340256, -1.588084992795949, 1.2034914275383182, 0.3959693253227541, 1.5581556978967706, 0.08298650472160507]","[0.6193609779545244, 0.12926618523607666, 0.8371841874725996]","[0.04638224467820729, 0.00753747436179292, 0.9988953267779644, 0.9954671448298497, -0.08346507699702668, -0.04559325044551706, 0.08302921740518902, 0.9964821962293786, -0.011374605705523717]","[0.4877352155564679, 0.5341399459366332, 0.46944842209509285, 0.5063862721809548]","[0.04638224467820729, 0.00753747436179292, 0.9988953267779644, 0.6193609779545244, 0.9954671448298497, -0.08346507699702668, -0.04559325044551706, 0.12926618523607666, 0.08302921740518902, 0.9964821962293786, -0.011374605705523717, 0.8371841874725996, 0.0, 0.0, 0.0, 1.0]",True,True
900,"[-0.06087433171456942, -1.5683131540245523, 1.2142825110112867, 0.3713617382249683, 1.5584667891132455, 0.09376949279782602]","[0.6373800415204611, 0.12653600850885025, 0.8204234644587932]","[0.049934049959663794, 0.01267839322913574, 0.9986720427646673, 0.9943351399329282, -0.09457150534001021, -0.04851659378283579, 0.09383080597112062, 0.9954373354073336, -0.017328910178026055]","[0.48426068249487997, 0.5389421271058935, 0.4671250782387818, 0.5067811522744113]","[0.049934049959663794, 0.01267839322913574, 0.9986720427646673, 0.6373800415204611, 0.9943351399329282, -0.09457150534001021, -0.04851659378283579, 0.12653600850885025, 0.09383080597112062, 0.9954373354073336, -0.017328910178026055, 0.8204234644587932, 0.0, 0.0, 0.0, 1.0]",True,True
901,"[-0.05632359053195368, -1.5633044391860418, 1.2253739274422633, 0.35323835500762785, 1.5504085603091446, 0.08767894086106569]","[0.6432441478517704, 0.1298158104843903, 0.8119230321445943]","[0.037130732286597586, 0.012077953582283675, 0.9992374251183376, 0.9954399309412123, -0.08836848997533887, -0.035921495893588895, 0.08786724422454428, 0.9960146249010318, -0.015304064023704864]","[0.4830781971605514, 0.5340419661144715, 0.4716473369377189, 0.5089041397122439]","[0.037130732286597586, 0.012077953582283675, 0.9992374251183376, 0.6432441478517704, 0.9954399309412123, -0.08836848997533887, -0.035921495893588895, 0.1298158104843903, 0.08786724422454428, 0.9960146249010318, -0.015304064023704864, 0.8119230321445943, 0.0, 0.0, 0.0, 1.0]",True,True
902,"[-0.03352489729943529, -1.5606925954302606, 1.223498132134558, 0.32901271226531104, 1.5467265655646252, 0.08680452482080399]","[0.6445822119040707, 0.14463578485843412, 0.8136669838167693]","[0.008711282829871502, -0.008966050600911773, 0.9999218586910077, 0.9962140695126283, -0.0864184701231495, -0.009453873632660016, 0.08649648118013803, 0.9962185794082521, 0.008179290021622924]","[0.4823049094526056, 0.5212845822896065, 0.4734688366263813, 0.5210293843236916]","[0.008711282829871502, -0.008966050600911773, 0.9999218586910077, 0.6445822119040707, 0.9962140695126283, -0.0864184701231495, -0.009453873632660016, 0.14463578485843412, 0.08649648118013803, 0.9962185794082521, 0.008179290021622924, 0.8136669838167693, 0.0, 0.0, 0.0, 1.0]",True,True
903,"[-0.030060699634892486, -1.534848084770123, 1.2282743806530203, 0.3047108179212696, 1.5465342637424497, 0.08223743749567651]","[0.664695794960905, 0.14626561258339743, 0.7960931493143557]","[0.0056260919438381445, -0.0023320792073573886, 0.9999814540760293, 0.9966082501912106, -0.08208759008587992, -0.005798551949088341, 0.0820995903781085, 0.9966223903567807, 0.0018623370488805142]","[0.48098878336891565, 0.5210209556680129, 0.4770807009619551, 0.5192118631134409]","[0.0056260919438381445, -0.0023320792073573886, 0.9999814540760293, 0.664695794960905, 0.9966082501912106, -0.08208759008587992, -0.005798551949088341, 0.14626561258339743, 0.0820995903781085, 0.9966223903567807, 0.0018623370488805142, 0.7960931493143557, 0.0, 0.0, 0.0, 1.0]",True,True
904,"[-0.015753015834715334, -1.5202223889543895, 1.2371289611853535, 0.2833901624064438, 1.550801250584336, 0.08866694919068055]","[0.6751334783944724, 0.1551687275355015, 0.7826491558308055]","[-0.004199109758665386, 0.0006711687831740256, 0.9999909584639749, 0.9960622846657496, -0.08855467289913886, 0.004242048346465527, 0.08855671935930051, 0.9960710915593279, -0.0002966751204184275]","[0.4761694924661221, 0.5207331942225529, 0.4785240620856868, 0.5226033647847538]","[-0.004199109758665386, 0.0006711687831740256, 0.9999909584639749, 0.6751334783944724, 0.9960622846657496, -0.08855467289913886, 0.004242048346465527, 0.1551687275355015, 0.08855671935930051, 0.9960710915593279, -0.0002966751204184275, 0.7826491558308055, 0.0, 0.0, 0.0, 1.0]",True,True
905,"[-0.008129450822732883, -1.5103382009287731, 1.2319304397071014, 0.263834064096638, 1.5491117449983067, 0.07973081751217902]","[0.6824221259266507, 0.16039780601527173, 0.7811198592233288]","[-0.01467002242932861, -0.013447004549154897, 0.9998019646462882, 0.9967410214266534, -0.07952095625874858, 0.013555578963871254, 0.07932292636605479, 0.9967424921133589, 0.014569755261371033]","[0.4796818676407556, 0.5124161342522424, 0.4797341219126509, 0.5264885406989995]","[-0.01467002242932861, -0.013447004549154897, 0.9998019646462882, 0.6824221259266507, 0.9967410214266534, -0.07952095625874858, 0.013555578963871254, 0.16039780601527173, 0.07932292636605479, 0.9967424921133589, 0.014569755261371033, 0.7811198592233288, 0.0, 0.0, 0.0, 1.0]",True,True
906,"[-0.00326481766935051, -1.4903502364334422, 1.2523603845658347, 0.25064290800438865, 1.5428306138705234, 0.08202176036267575]","[0.6965815718887463, 0.16424577032447815, 0.7553834076590394]","[-0.02357648980202735, 0.014633464757653387, 0.999614931279941, 0.9963306831138556, -0.08194599949263583, 0.02469864476101224, 0.08227587139916932, 0.9965293346792856, -0.012647770916960257]","[0.46952895006282, 0.5174498238011992, 0.4884358354037795, 0.5227032423798668]","[-0.02357648980202735, 0.014633464757653387, 0.999614931279941, 0.6965815718887463, 0.9963306831138556, -0.08194599949263583, 0.02469864476101224, 0.16424577032447815, 0.08227587139916932, 0.9965293346792856, -0.012647770916960257, 0.7553834076590394, 0.0, 0.0, 0.0, 1.0]",True,True
907,"[-0.0013894549021631307, -1.4829749246503592, 1.2549181048354392, 0.2304726686680866, 1.5512621747900488, 0.08789814528213828]","[0.7032916316808704, 0.1647649017349014, 0.7504075945086468]","[-0.017861525071409805, 0.003999257375921302, 0.9998324718984498, 0.995975174845643, -0.08777389726094248, 0.018143705542586038, 0.08783175401478645, 0.9961323952668474, -0.002415385397694251]","[0.47221530901431846, 0.5177662980503914, 0.482830977985092, 0.5251714093833217]","[-0.017861525071409805, 0.003999257375921302, 0.9998324718984498, 0.7032916316808704, 0.995975174845643, -0.08777389726094248, 0.018143705542586038, 0.1647649017349014, 0.08783175401478645, 0.9961323952668474, -0.002415385397694251, 0.7504075945086468, 0.0, 0.0, 0.0, 1.0]",True,True
908,"[0.01570531386824897, -1.472289901940388, 1.2625215265164906, 0.20367045365643208, 1.557100465818621, 0.08415964616596931]","[0.7101559753338077, 0.1763782350033604, 0.7403693986580362]","[-0.029805166854176446, -0.0036044572837677837, 0.9995492283607066, 0.9960219669589664, -0.08411942979267782, 0.02939664719906206, 0.08397555218029874, 0.9964491604788697, 0.006097312274246915]","[0.47227447412161516, 0.5119123339655567, 0.4846618472675696, 0.5291554376837445]","[-0.029805166854176446, -0.0036044572837677837, 0.9995492283607066, 0.7101559753338077, 0.9960219669589664, -0.08411942979267782, 0.02939664719906206, 0.1763782350033604, 0.08397555218029874, 0.9964491604788697, 0.006097312274246915, 0.7403693986580362, 0.0, 0.0, 0.0, 1.0]",True,True
909,"[0.025558054040197817, -1.4544366198055663, 1.275282528484435, 0.19067722361754352, 1.5530496672634437, 0.08266872242828911]","[0.7205697723907734, 0.18405162178495374, 0.7203892962478718]","[-0.04219097580543987, 0.015054429070640812, 0.9989961389945119, 0.9956749316619222, -0.08220371688396377, 0.043289483601539135, 0.08277289423846182, 0.9965018379791472, -0.011521062605951012]","[0.4647806592105156, 0.5127216115214169, 0.4928256084882936, 0.52746412913189]","[-0.04219097580543987, 0.015054429070640812, 0.9989961389945119, 0.7205697723907734, 0.9956749316619222, -0.08220371688396377, 0.043289483601539135, 0.18405162178495374, 0.08277289423846182, 0.9965018379791472, -0.011521062605951012, 0.7203892962478718, 0.0, 0.0, 0.0, 1.0]",True,True
910,"[0.037585473979791104, -1.4382615873693367, 1.2855901516011874, 0.15662170022518113, 1.5414901376588468, 0.08579931326196458]","[0.7314366179042424, 0.1942647633422208, 0.704904510529483]","[-0.06625741017492638, 0.009660869649322957, 0.9977557933655563, 0.9941060385980922, -0.08535454484553982, 0.06684149681911264, 0.08580873859765259, 0.9963038037023795, -0.003948557768375884]","[0.45946694310123065, 0.5057286061809708, 0.49619840363955287, 0.5356452644362896]","[-0.06625741017492638, 0.009660869649322957, 0.9977557933655563, 0.7314366179042424, 0.9941060385980922, -0.08535454484553982, 0.06684149681911264, 0.1942647633422208, 0.08580873859765259, 0.9963038037023795, -0.003948557768375884, 0.704904510529483, 0.0, 0.0, 0.0, 1.0]",True,True
911,"[0.04676837042248055, -1.4212563932441131, 1.2990426797486099, 0.13939639324018419, 1.5463301440049377, 0.09590743931341691]","[0.7407906042223955, 0.20104933350236076, 0.6849722247757559]","[-0.0692001028935183, 0.02389951402983137, 0.9973164788514547, 0.9929570425611365, -0.09471805191813369, 0.07116742421273237, 0.09616474087610152, 0.9952172144160145, -0.017176691831101293]","[0.45246689198140416, 0.5105621022108173, 0.4979103189346667, 0.5354300754955195]","[-0.0692001028935183, 0.02389951402983137, 0.9973164788514547, 0.7407906042223955, 0.9929570425611365, -0.09471805191813369, 0.07116742421273237, 0.20104933350236076, 0.09616474087610152, 0.9952172144160145, -0.017176691831101293, 0.6849722247757559, 0.0, 0.0, 0.0, 1.0]",True,True
912,"[0.05732356062724731, -1.417682490469796, 1.2971055574130126, 0.12263834791115182, 1.5368924146919927, 0.0754113027917022]","[0.7425839583057421, 0.2099554509449712, 0.6850895689524178]","[-0.09068694609837968, 0.008915707085508576, 0.9958395392705168, 0.9930202945967125, -0.0749087914415283, 0.09110086434182744, 0.07540936497815115, 0.9971505318315459, -0.002060228544837061]","[0.45616445332666344, 0.49655867575946794, 0.5044398832372615, 0.5393365157754181]","[-0.09068694609837968, 0.008915707085508576, 0.9958395392705168, 0.7425839583057421, 0.9930202945967125, -0.0749087914415283, 0.09110086434182744, 0.2099554509449712, 0.07540936497815115, 0.9971505318315459, -0.002060228544837061, 0.6850895689524178, 0.0, 0.0, 0.0, 1.0]",True,True
913,"[0.07145059723191838, -1.3998175831505062, 1.3056602522081346, 0.09833339323581516, 1.5386049954014287, 0.07109796495649232]","[0.7516942348046691, 0.22113607332632138, 0.6680990797047704]","[-0.102898927818506, 0.011504201231007479, 0.9946252882406713, 0.9921423405093417, -0.07035951608628604, 0.10345585853275473, 0.07117153098288385, 0.9974553583244417, -0.004173886367914474]","[0.45347758206092553, 0.4928576048504514, 0.5090955946824071, 0.5406210682023217]","[-0.102898927818506, 0.011504201231007479, 0.9946252882406713, 0.7516942348046691, 0.9921423405093417, -0.07035951608628604, 0.10345585853275473, 0.22113607332632138, 0.07117153098288385, 0.9974553583244417, -0.004173886367914474, 0.6680990797047704, 0.0, 0.0, 0.0, 1.0]",True,True
914,"[0.06859567597662312, -1.3817922563228948, 1.315200254362127, 0.06760932614839257, 1.5352220123870202, 0.07635612403999963]","[0.764747143521508, 0.2201552302324596, 0.650690169008907]","[-0.10360128239535958, 0.00894389904120214, 0.9945786952051495, 0.991686613347762, -0.0757989149089561, 0.10398165898595471, 0.0763179873482228, 0.9970830111723725, -0.0010166801615494132]","[0.452654151238596, 0.4932581252942383, 0.507153588089435, 0.5427668737917704]","[-0.10360128239535958, 0.00894389904120214, 0.9945786952051495, 0.764747143521508, 0.991686613347762, -0.0757989149089561, 0.10398165898595471, 0.2201552302324596, 0.0763179873482228, 0.9970830111723725, -0.0010166801615494132, 0.650690169008907, 0.0, 0.0, 0.0, 1.0]",True,True
915,"[0.09072761371631308, -1.3751458371003416, 1.3182709168947881, 0.043263230051463604, 1.5380078140070055, 0.07866866917097982]","[0.7657147607090564, 0.23731582526424227, 0.6457208824250072]","[-0.12388352452493577, -0.0038314349455351817, 0.9922893693159964, 0.989215712502622, -0.07921826911021568, 0.12319391209435386, 0.07813543683380529, 0.9968499315069643, 0.013603954033693431]","[0.45013946738720373, 0.48521407403114, 0.5077059437757812, 0.5515219278661649]","[-0.12388352452493577, -0.0038314349455351817, 0.9922893693159964, 0.7657147607090564, 0.989215712502622, -0.07921826911021568, 0.12319391209435386, 0.23731582526424227, 0.07813543683380529, 0.9968499315069643, 0.013603954033693431, 0.6457208824250072, 0.0, 0.0, 0.0, 1.0]",True,True
916,"[0.10530071276229817, -1.3561792938422244, 1.328975635132377, 0.03173127448219626, 1.542157922298283, 0.07336116284723393]","[0.7721582563021742, 0.24911960943534447, 0.6247101588967953]","[-0.13284951724109562, 0.014278181533381413, 0.991033369418461, 0.9884128354995988, -0.07216431441749407, 0.1335379284858659, 0.07342392245345528, 0.9972905520743457, -0.004525743562788827]","[0.44453920658886253, 0.4857572801150764, 0.5160452854126251, 0.5478339365391215]","[-0.13284951724109562, 0.014278181533381413, 0.991033369418461, 0.7721582563021742, 0.9884128354995988, -0.07216431441749407, 0.1335379284858659, 0.24911960943534447, 0.07342392245345528, 0.9972905520743457, -0.004525743562788827, 0.6247101588967953, 0.0, 0.0, 0.0, 1.0]",True,True
917,"[0.11578156468678491, -1.3437393926214236, 1.3380588516375962, 0.008450187140334324, 1.5392422499640188, 0.08315019216513395]","[0.7772481593642533, 0.25836972273519615, 0.610888041572728]","[-0.14606735101673443, 0.014934234158299278, 0.989161916784638, 0.9857747588881277, -0.08183572349637282, 0.14680272170119674, 0.08314116733609109, 0.9965339347006354, -0.0027682637269232204]","[0.4385569124298378, 0.48439050264393124, 0.5164784340239399, 0.5534290403444203]","[-0.14606735101673443, 0.014934234158299278, 0.989161916784638, 0.7772481593642533, 0.9857747588881277, -0.08183572349637282, 0.14680272170119674, 0.25836972273519615, 0.08314116733609109, 0.9965339347006354, -0.0027682637269232204, 0.610888041572728, 0.0, 0.0, 0.0, 1.0]",True,True
918,"[0.11082631502969859, -1.326109614542447, 1.3452993425440527, -0.0110209630844681, 1.5352791013381937, 0.07304804419171813]","[0.7881734251676298, 0.2559569365901806, 0.5936400957217164]","[-0.1448391675360256, 0.01873934494285837, 0.9892777428500974, 0.9867386326216042, -0.07130193885389902, 0.14581805240683118, 0.0732699559131683, 0.9972787325852224, -0.008163522137837333]","[0.44036784949410135, 0.4833803609621802, 0.5200242183831355, 0.5495401678340008]","[-0.1448391675360256, 0.01873934494285837, 0.9892777428500974, 0.7881734251676298, 0.9867386326216042, -0.07130193885389902, 0.14581805240683118, 0.2559569365901806, 0.0732699559131683, 0.9972787325852224, -0.008163522137837333, 0.5936400957217164, 0.0, 0.0, 0.0, 1.0]",True,True
919,"[0.12689065704398686, -1.3147173399957692, 1.3479344451716782, -0.030720392110526393, 1.538863832175968, 0.07370983347176112]","[0.7911584003112415, 0.2691701802354657, 0.5844066522018502]","[-0.15754434600179082, 0.0141170245428654, 0.9874110029065526, 0.984756208878844, -0.07240113910433382, 0.1581558855400631, 0.07372237189235478, 0.9972756813812573, -0.0024954374595047876]","[0.43805224501033274, 0.47889253245431995, 0.5214495767466308, 0.5539517234485827]","[-0.15754434600179082, 0.0141170245428654, 0.9874110029065526, 0.7911584003112415, 0.984756208878844, -0.07240113910433382, 0.1581558855400631, 0.2691701802354657, 0.07372237189235478, 0.9972756813812573, -0.0024954374595047876, 0.5844066522018502, 0.0, 0.0, 0.0, 1.0]",True,True
920,"[0.13028504081813644, -1.3012511179537376, 1.3628509654352925, -0.06679952981680695, 1.5359340822507925, 0.0766288137381074]","[0.7982057340531024, 0.273170104377424, 0.5667513470809871]","[-0.1643093955043686, 0.0074447710210063375, 0.9863807570778305, 0.9834478757699208, -0.07618580698284007, 0.16439585900503717, 0.07637210349741336, 0.9970658444650574, 0.00519649964516081]","[0.4372360052528704, 0.4760987061086469, 0.5203189139547898, 0.5580527981590024]","[-0.1643093955043686, 0.0074447710210063375, 0.9863807570778305, 0.7982057340531024, 0.9834478757699208, -0.07618580698284007, 0.16439585900503717, 0.273170104377424, 0.07637210349741336, 0.9970658444650574, 0.00519649964516081, 0.5667513470809871, 0.0, 0.0, 0.0, 1.0]",True,True
921,"[0.13019297544794783, -1.2887509310582677, 1.3704807290654788, -0.07715326540486926, 1.5369304667502488, 0.07101848146779331]","[0.8036054366372183, 0.27370773005511495, 0.5522763521655055]","[-0.16258983090392604, 0.016115587057013242, 0.9865621291841892, 0.9841278076938643, -0.06941335141597706, 0.1633225176418442, 0.0711126220181844, 0.9974578058740178, -0.004573892290919583]","[0.43687038277651, 0.47733568188513076, 0.5238679155519235, 0.553947039442622]","[-0.16258983090392604, 0.016115587057013242, 0.9865621291841892, 0.8036054366372183, 0.9841278076938643, -0.06941335141597706, 0.1633225176418442, 0.27370773005511495, 0.0711126220181844, 0.9974578058740178, -0.004573892290919583, 0.5522763521655055, 0.0, 0.0, 0.0, 1.0]",True,True
922,"[0.14600946305909576, -1.2854983037763381, 1.379867780301983, -0.09759960886445339, 1.537632391344118, 0.06832660628556103]","[0.801343049992645, 0.286636480331566, 0.5452323571483522]","[-0.1780184385807864, 0.00897912832169111, 0.983986184242361, 0.9816632817431102, -0.06764934815487629, 0.1782155071018436, 0.06816624386458243, 0.99766875311839, 0.0032283507540752467]","[0.4351897758502641, 0.47074477129863446, 0.5261037777073632, 0.5587701086962639]","[-0.1780184385807864, 0.00897912832169111, 0.983986184242361, 0.801343049992645, 0.9816632817431102, -0.06764934815487629, 0.1782155071018436, 0.286636480331566, 0.06816624386458243, 0.99766875311839, 0.0032283507540752467, 0.5452323571483522, 0.0, 0.0, 0.0, 1.0]",True,True
923,"[0.16439834825661034, -1.2709002405890655, 1.3773913288193458, -0.12135208163922366, 1.5339879003032562, 0.07964973447122223]","[0.8049410423231617, 0.3031571405103668, 0.5368369770814189]","[-0.2003807436922367, 0.0012874010972417434, 0.9797172552097676, 0.9765268663192943, -0.0803847829064257, 0.19983384606644106, 0.0790116251824084, 0.996763075798608, 0.014850380821143035]","[0.4283937599401048, 0.46506818274126366, 0.5256295225642933, 0.5691256248447714]","[-0.2003807436922367, 0.0012874010972417434, 0.9797172552097676, 0.8049410423231617, 0.9765268663192943, -0.0803847829064257, 0.19983384606644106, 0.3031571405103668, 0.0790116251824084, 0.996763075798608, 0.014850380821143035, 0.5368369770814189, 0.0, 0.0, 0.0, 1.0]",True,True
924,"[0.16825705026645874, -1.254734344190876, 1.3844116517264116, -0.14607895606943758, 1.540670124726216, 0.0743483958394287]","[0.8118158375936866, 0.3070038241134051, 0.5208062384932606]","[-0.19773716301450844, -0.001485505487942596, 0.9802539505844489, 0.9774747714396266, -0.07556205884043996, 0.19706203709198672, 0.07377726995507057, 0.9971399944527546, 0.01639347128394295]","[0.4310145732539082, 0.4640666505314696, 0.5257807606051513, 0.5678231883999832]","[-0.19773716301450844, -0.001485505487942596, 0.9802539505844489, 0.8118158375936866, 0.9774747714396266, -0.07556205884043996, 0.19706203709198672, 0.3070038241134051, 0.07377726995507057, 0.9971399944527546, 0.01639347128394295, 0.5208062384932606, 0.0, 0.0, 0.0, 1.0]",True,True
925,"[0.18399790724681916, -1.2387627444059832, 1.3961675343759814, -0.159572864874402, 1.5259413580552723, 0.0684244768031121]","[0.8118554874660877, 0.322049666962154, 0.5006621599359037]","[-0.22647522286422628, 0.013384202292601139, 0.9739249645417196, 0.9716211410045769, -0.06698422203616278, 0.22686002810361822, 0.06827394657966852, 0.9976642607246191, 0.0021658927110535598]","[0.4209235226887019, 0.4578053916406192, 0.5378952286730684, 0.5691276960426901]","[-0.22647522286422628, 0.013384202292601139, 0.9739249645417196, 0.8118554874660877, 0.9716211410045769, -0.06698422203616278, 0.22686002810361822, 0.322049666962154, 0.06827394657966852, 0.9976642607246191, 0.0021658927110535598, 0.5006621599359037, 0.0, 0.0, 0.0, 1.0]",True,True
926,"[0.18393091617946522, -1.2271229170871523, 1.403512149873441, -0.18735987673532886, 1.5288188596958325, 0.07062918191576575]","[0.8177659141176428, 0.322821200389625, 0.48840488209921534]","[-0.22419195224354663, 0.005048540673417099, 0.9745319290748231, 0.9720200497552964, -0.07077882394424168, 0.22398076023351043, 0.07010699981413088, 0.9974792580891789, 0.010960759960995313]","[0.42308095672495327, 0.45706293651413576, 0.5344278174689051, 0.5713868077206508]","[-0.22419195224354663, 0.005048540673417099, 0.9745319290748231, 0.8177659141176428, 0.9720200497552964, -0.07077882394424168, 0.22398076023351043, 0.322821200389625, 0.07010699981413088, 0.9974792580891789, 0.010960759960995313, 0.48840488209921534, 0.0, 0.0, 0.0, 1.0]",True,True
927,"[0.19516033608913494, -1.216507761309221, 1.4107899636099883, -0.2056916404631293, 1.5265548198524477, 0.07403107217727342]","[0.8182272134062917, 0.3330142374166537, 0.4761597253203854]","[-0.2372971115713766, 0.006376176484711189, 0.9714161956717199, 0.9686559652743855, -0.07406052369796115, 0.23710896180434057, 0.07345544076669983, 0.9972333644654192, 0.011398026967431885]","[0.41834208242122084, 0.4542481109369505, 0.5366187102836575, 0.575055576061299]","[-0.2372971115713766, 0.006376176484711189, 0.9714161956717199, 0.8182272134062917, 0.9686559652743855, -0.07406052369796115, 0.23710896180434057, 0.3330142374166537, 0.07345544076669983, 0.9972333644654192, 0.011398026967431885, 0.4761597253203854, 0.0, 0.0, 0.0, 1.0]",True,True
928,"[0.1984186114500133, -1.1891673652093548, 1.4168001496727607, -0.22073834086935878, 1.5215062734082156, 0.07359519499029779]","[0.8263398613259105, 0.338002947593693, 0.4497879919296753]","[-0.2440213866131929, 0.024768758522376044, 0.9694534911364415, 0.9669526393785748, -0.0699291204351087, 0.24517852947185198, 0.07386579772927639, 0.9972444167386612, -0.006886015494125864]","[0.41205687637071786, 0.45628766949043265, 0.5433641232341831, 0.5716346060977624]","[-0.2440213866131929, 0.024768758522376044, 0.9694534911364415, 0.8263398613259105, 0.9669526393785748, -0.0699291204351087, 0.24517852947185198, 0.338002947593693, 0.07386579772927639, 0.9972444167386612, -0.006886015494125864, 0.4497879919296753, 0.0, 0.0, 0.0, 1.0]",True,True
929,"[0.2125481430225164, -1.1898610048192406, 1.4210758546847684, -0.2434660202081198, 1.5263262453175235, 0.06810206989816879]","[0.8229154818147377, 0.34949990128920866, 0.4497188926262794]","[-0.25442026267149237, 0.005350381443633621, 0.9670789540469674, 0.9647351698072467, -0.06839256216759275, 0.25418204023324475, 0.06750097835699671, 0.9976441403920338, 0.012238752480897888]","[0.4151583817176924, 0.4476978744128686, 0.5417077043994765, 0.5777221601513964]","[-0.25442026267149237, 0.005350381443633621, 0.9670789540469674, 0.8229154818147377, 0.9647351698072467, -0.06839256216759275, 0.25418204023324475, 0.34949990128920866, 0.06750097835699671, 0.9976441403920338, 0.012238752480897888, 0.4497188926262794, 0.0, 0.0, 0.0, 1.0]",True,True
930,"[0.22132781005320587, -1.1795063733450477, 1.426784582654756, -0.2634305327852361, 1.525517701482775, 0.06991400787639312]","[0.823832985104651, 0.3576916298171935, 0.43876697223825983]","[-0.26391069578000065, 0.0026849540403144235, 0.9645433819557924, 0.9620674377449105, -0.07092616801096906, 0.2634306814367346, 0.06911866523493117, 0.997477954499788, 0.01613506749475595]","[0.4127039507030997, 0.4446572850904989, 0.5424134632073295, 0.5811565906203175]","[-0.26391069578000065, 0.0026849540403144235, 0.9645433819557924, 0.823832985104651, 0.9620674377449105, -0.07092616801096906, 0.2634306814367346, 0.3576916298171935, 0.06911866523493117, 0.997477954499788, 0.01613506749475595, 0.43876697223825983, 0.0, 0.0, 0.0, 1.0]",True,True
931,"[0.2337126724796182, -1.1642306454113027, 1.4391049532168034, -0.2806285698459038, 1.513504995937473, 0.064899215502474]","[0.8222832615429508, 0.36970470791688137, 0.418906935203405]","[-0.2866722619342177, 0.013021368215191164, 0.9579402164056605, 0.9558533849797658, -0.06345681394850268, 0.28691033300707175, 0.06452379917707059, 0.9978996325950369, 0.005744789504197643]","[0.4048505013030975, 0.43904434927182684, 0.5516952642722062, 0.5822099847535505]","[-0.2866722619342177, 0.013021368215191164, 0.9579402164056605, 0.8222832615429508, 0.9558533849797658, -0.06345681394850268, 0.28691033300707175, 0.36970470791688137, 0.06452379917707059, 0.9978996325950369, 0.005744789504197643, 0.418906935203405, 0.0, 0.0, 0.0, 1.0]",True,True
932,"[0.2358923099847262, -1.1579197284519454, 1.4407798545566937, -0.29740954305828504, 1.5155697830598143, 0.06181314799583229]","[0.8247329782247024, 0.37208361650126676, 0.41379469645861117]","[-0.28734419662281463, 0.003611248246685122, 0.9578205842188243, 0.9558851891636647, -0.06256838147329731, 0.28699948219005006, 0.060965710073238255, 0.9980341459719265, 0.014526722595034814]","[0.40761935199979243, 0.43608985950588436, 0.5500566090309438, 0.5840460813778197]","[-0.28734419662281463, 0.003611248246685122, 0.9578205842188243, 0.8247329782247024, 0.9558851891636647, -0.06256838147329731, 0.28699948219005006, 0.37208361650126676, 0.060965710073238255, 0.9980341459719265, 0.014526722595034814, 0.41379469645861117, 0.0, 0.0, 0.0, 1.0]",True,True
933,"[0.25338273305831377, -1.1494783274379, 1.4489969001768863, -0.3218347348290204, 1.5165177515962676, 0.06377933610767741]","[0.8209055918412085, 0.3870874418683584, 0.4033012188248981]","[-0.3035786355248937, -0.0022574840284424885, 0.9528037131637895, 0.9507535165565835, -0.06632593359918404, 0.3027682633425885, 0.06251210129354236, 0.9977954571444277, 0.022281447300567015]","[0.4038492534896187, 0.43025162718278104, 0.5511286725042397, 0.5899546627548267]","[-0.3035786355248937, -0.0022574840284424885, 0.9528037131637895, 0.8209055918412085, 0.9507535165565835, -0.06632593359918404, 0.3027682633425885, 0.3870874418683584, 0.06251210129354236, 0.9977954571444277, 0.022281447300567015, 0.4033012188248981, 0.0, 0.0, 0.0, 1.0]",True,True
934,"[0.24840404990172224, -1.127586493097497, 1.46282416841028, -0.3293134644554659, 1.5244603266472465, 0.057283647813602685]","[0.8255003294213231, 0.38292028312126203, 0.37564180036823797]","[-0.289685089945874, 0.022364167206069905, 0.9568606965949795, 0.9553917476925439, -0.05332936989064407, 0.29048680993816817, 0.05752527361114804, 0.9983265108832109, -0.005917817479167352]","[0.4034438383109582, 0.4386234425517909, 0.5572866267762032, 0.57816447537819]","[-0.289685089945874, 0.022364167206069905, 0.9568606965949795, 0.8255003294213231, 0.9553917476925439, -0.05332936989064407, 0.29048680993816817, 0.38292028312126203, 0.05752527361114804, 0.9983265108832109, -0.005917817479167352, 0.37564180036823797, 0.0, 0.0, 0.0, 1.0]",True,True
935,"[0.25964135001799954, -1.1173734032851503, 1.4664329081963299, -0.34185521177714046, 1.5237662107411676, 0.06809306638022289]","[0.8238610360670025, 0.39295984981682497, 0.3653640129763569]","[-0.30071254769270095, 0.0274870789398541, 0.9533186372622321, 0.9512605345264684, -0.06302067780779519, 0.3018804227191019, 0.06837659769674596, 0.997633627470526, -0.007196264823993928]","[0.39656982666218754, 0.4386069980458269, 0.5578727755297124, 0.5823523333593895]","[-0.30071254769270095, 0.0274870789398541, 0.9533186372622321, 0.8238610360670025, 0.9512605345264684, -0.06302067780779519, 0.3018804227191019, 0.39295984981682497, 0.06837659769674596, 0.997633627470526, -0.007196264823993928, 0.3653640129763569, 0.0, 0.0, 0.0, 1.0]",True,True
936,"[0.2813471641325668, -1.1087582928378519, 1.4664864489075427, -0.36639773849763824, 1.5129529463551583, 0.06339171839393291]","[0.8194691224054829, 0.4130365260171095, 0.3598424069019873]","[-0.3325810902567211, 0.012765800414342613, 0.9429882569488509, 0.9409782729884302, -0.062142184489979976, 0.33271344828624627, 0.06284670371119006, 0.9979856628462126, 0.00865497464140874]","[0.3917689688753781, 0.42453095281494213, 0.561645780524819, 0.592321333692302]","[-0.3325810902567211, 0.012765800414342613, 0.9429882569488509, 0.8194691224054829, 0.9409782729884302, -0.062142184489979976, 0.33271344828624627, 0.4130365260171095, 0.06284670371119006, 0.9979856628462126, 0.00865497464140874, 0.3598424069019873, 0.0, 0.0, 0.0, 1.0]",True,True
937,"[0.26666675226693526, -1.1017036853237065, 1.4730494235008806, -0.378742307712077, 1.522215325207334, 0.05769365554471846]","[0.8266128270048867, 0.4003975324662893, 0.35050500394841644]","[-0.3099462958961624, 0.010754840160131817, 0.9506932349992708, 0.949025728472887, -0.05676594929782211, 0.31004482530244454, 0.05730148651435487, 0.9983295850636938, 0.007387775700310806]","[0.40021104760686144, 0.42995112446106853, 0.5580753916134515, 0.586110062380415]","[-0.3099462958961624, 0.010754840160131817, 0.9506932349992708, 0.8266128270048867, 0.949025728472887, -0.05676594929782211, 0.31004482530244454, 0.4003975324662893, 0.05730148651435487, 0.9983295850636938, 0.007387775700310806, 0.35050500394841644, 0.0, 0.0, 0.0, 1.0]",True,True
938,"[0.29259399272740383, -1.0884293520092827, 1.4803535490740969, -0.4073092878194474, 1.5127167322629038, 0.06723495257966164]","[0.8192500244047312, 0.4235982927335578, 0.33660024221065943]","[-0.34373740415981974, 0.008382071561453635, 0.9390284009857249, 0.9367234646138042, -0.06752313350805782, 0.3434964006844382, 0.06628535149925589, 0.997682498251619, 0.015358543519111036]","[0.3886187096149752, 0.4208405831871278, 0.5614391612482718, 0.5972058022966179]","[-0.34373740415981974, 0.008382071561453635, 0.9390284009857249, 0.8192500244047312, 0.9367234646138042, -0.06752313350805782, 0.3434964006844382, 0.4235982927335578, 0.06628535149925589, 0.997682498251619, 0.015358543519111036, 0.33660024221065943, 0.0, 0.0, 0.0, 1.0]",True,True
939,"[0.28975815492135737, -1.0790581074910877, 1.4856426111306418, -0.4216725334289717, 1.5145176269259422, 0.0685181152521639]","[0.8222033945470465, 0.421623724605038, 0.32615817144780884]","[-0.3393601774409492, 0.008796263225754927, 0.9406153813969398, 0.9382236139918232, -0.06870703769457547, 0.33913978404097445, 0.06761005927648711, 0.997598099799964, 0.015063570630181983]","[0.38954985415690296, 0.4225764101388778, 0.5602654658990217, 0.59647522701402]","[-0.3393601774409492, 0.008796263225754927, 0.9406153813969398, 0.8222033945470465, 0.9382236139918232, -0.06870703769457547, 0.33913978404097445, 0.421623724605038, 0.06761005927648711, 0.997598099799964, 0.015063570630181983, 0.32615817144780884, 0.0, 0.0, 0.0, 1.0]",True,True
940,"[0.3008125019094005, -1.070971927608686, 1.497498029565292, -0.43547402643040156, 1.5093533549745093, 0.07030237866529589]","[0.8164000971319902, 0.43084548243044, 0.3127935062131487]","[-0.3541067964788407, 0.01636846818016066, 0.9350617358960467, 0.9326045141227394, -0.06833031183917486, 0.35437238707587027, 0.06969359314443596, 0.9975284666280939, 0.008930920513678189]","[0.3829144200065017, 0.41990850040415234, 0.564987956536683, 0.5981989695811282]","[-0.3541067964788407, 0.01636846818016066, 0.9350617358960467, 0.8164000971319902, 0.9326045141227394, -0.06833031183917486, 0.35437238707587027, 0.43084548243044, 0.06969359314443596, 0.9975284666280939, 0.008930920513678189, 0.3127935062131487, 0.0, 0.0, 0.0, 1.0]",True,True
941,"[0.30450443413560463, -1.062873859033885, 1.494388854341737, -0.4474010171423065, 1.5148345224151156, 0.06149682171506309]","[0.8187489691598784, 0.4345676683449226, 0.3084531258621117]","[-0.35296845518834824, 0.006550583138305561, 0.9356122912309881, 0.9336730339150101, -0.06226218965562246, 0.352672773940983, 0.06056348224707252, 0.9980383307267489, 0.015860486066734698]","[0.3875015616816157, 0.41636319734113736, 0.564545343499083, 0.5981411060340832]","[-0.35296845518834824, 0.006550583138305561, 0.9356122912309881, 0.8187489691598784, 0.9336730339150101, -0.06226218965562246, 0.352672773940983, 0.4345676683449226, 0.06056348224707252, 0.9980383307267489, 0.015860486066734698, 0.3084531258621117, 0.0, 0.0, 0.0, 1.0]",True,True
942,"[0.30770713980470454, -1.0586583930688294, 1.500781128949207, -0.45965302730909574, 1.5077909510874195, 0.06638765009535755]","[0.8169968222349596, 0.43775467645026966, 0.3018467246427569]","[-0.36258065079296126, 0.007363372910233226, 0.9319233082233417, 0.9296669595175955, -0.06713015900869827, 0.3622331930300921, 0.06522741794569013, 0.9977170553272364, 0.017494612235958055]","[0.38333529789020804, 0.4144438731540674, 0.5652335533981295, 0.6014992564495857]","[-0.36258065079296126, 0.007363372910233226, 0.9319233082233417, 0.8169968222349596, 0.9296669595175955, -0.06713015900869827, 0.3622331930300921, 0.43775467645026966, 0.06522741794569013, 0.9977170553272364, 0.017494612235958055, 0.3018467246427569, 0.0, 0.0, 0.0, 1.0]",True,True
943,"[0.3241986531348689, -1.0349353538568364, 1.5072993188589547, -0.47140026020601, 1.5116689187121795, 0.06164508860932157]","[0.8124593651862146, 0.45173001016455416, 0.27733462231136224]","[-0.3732404937331773, 0.023952872446910214, 0.9274253575028861, 0.9256831126536075, -0.056828638647166814, 0.3740070597962538, 0.06166286391129464, 0.9980965713452038, -0.0009620203767978699]","[0.37715011840209534, 0.4136877340732945, 0.5738845431493185, 0.5977263403940691]","[-0.3732404937331773, 0.023952872446910214, 0.9274253575028861, 0.8124593651862146, 0.9256831126536075, -0.056828638647166814, 0.3740070597962538, 0.45173001016455416, 0.06166286391129464, 0.9980965713452038, -0.0009620203767978699, 0.27733462231136224, 0.0, 0.0, 0.0, 1.0]",True,True
944,"[0.3167319594652931, -1.030213854641869, 1.4982541948199237, -0.48402805854060443, 1.5153575139474784, 0.05497413626013081]","[0.8212093082932831, 0.4470636234895885, 0.27963445680928206]","[-0.36391711841134355, 0.004811406268483611, 0.9314189075259875, 0.9298614933486496, -0.056156790538112566, 0.3635987047059954, 0.05405491758020946, 0.9984103691599853, 0.015962475973940092]","[0.3859690943017601, 0.41118037287570924, 0.5682864268789312, 0.5991736778521308]","[-0.36391711841134355, 0.004811406268483611, 0.9314189075259875, 0.8212093082932831, 0.9298614933486496, -0.056156790538112566, 0.3635987047059954, 0.4470636234895885, 0.05405491758020946, 0.9984103691599853, 0.015962475973940092, 0.27963445680928206, 0.0, 0.0, 0.0, 1.0]",True,True
945,"[0.3228480668578537, -1.0263817013308223, 1.5201943908641318, -0.5008874246410865, 1.5038758639119607, 0.0540729943620365]","[0.8125284804234486, 0.45120771938345816, 0.264514769973274]","[-0.3797799733550166, 0.013836890277908435, 0.9249733576195046, 0.9235242911530962, -0.052234310455560866, 0.379966393857935, 0.053572898826124524, 0.9985389913662207, 0.0070588407473621525]","[0.3791584619050406, 0.4078588899218644, 0.5745621859625148, 0.5998068698668638]","[-0.3797799733550166, 0.013836890277908435, 0.9249733576195046, 0.8125284804234486, 0.9235242911530962, -0.052234310455560866, 0.379966393857935, 0.45120771938345816, 0.053572898826124524, 0.9985389913662207, 0.0070588407473621525, 0.264514769973274, 0.0, 0.0, 0.0, 1.0]",True,True
946,"[0.3213008457642157, -1.029618342281289, 1.5116893533446103, -0.4994907496512588, 1.5085535715006897, 0.05858422128691643]","[0.8158921993771961, 0.45038394643715735, 0.2724402010661732]","[-0.374525726261694, 0.005410576472066081, 0.9272007366424978, 0.9254343880448669, -0.059788310676401606, 0.37416113017052516, 0.05746019310943237, 0.9981964153255121, 0.01738512695164277]","[0.3817954589873834, 0.40861884974357976, 0.569506867525241, 0.6024323953543954]","[-0.374525726261694, 0.005410576472066081, 0.9272007366424978, 0.8158921993771961, 0.9254343880448669, -0.059788310676401606, 0.37416113017052516, 0.45038394643715735, 0.05746019310943237, 0.9981964153255121, 0.01738512695164277, 0.2724402010661732, 0.0, 0.0, 0.0, 1.0]",True,True
947,"[0.32886665746550137, -1.0124617694383642, 1.529653809623964, -0.520690007880675, 1.5181700754384628, 0.05989529382706802]","[0.8106432697091871, 0.4549881441872439, 0.24801479164254256]","[-0.37183671299629134, 0.018981491130683318, 0.9281040684441426, 0.9263780541884458, -0.05668389942586816, 0.3723044940151909, 0.05967545212348974, 0.9982117202980207, 0.0034931180230894647]","[0.3791347074592783, 0.4127208706881952, 0.5726385630455161, 0.5983338805477358]","[-0.37183671299629134, 0.018981491130683318, 0.9281040684441426, 0.8106432697091871, 0.9263780541884458, -0.05668389942586816, 0.3723044940151909, 0.4549881441872439, 0.05967545212348974, 0.9982117202980207, 0.0034931180230894647, 0.24801479164254256, 0.0, 0.0, 0.0, 1.0]",True,True
948,"[0.3380911294203662, -1.0073902687734029, 1.5257159834597385, -0.5168941095420172, 1.5116154933610622, 0.060446795672232566]","[0.8078187188058188, 0.46358068596716917, 0.24534565038251396]","[-0.38611594031002205, 0.024720970624967933, 0.9221189479941658, 0.9204645035203333, -0.05523128036358627, 0.386903868458905, 0.06049444931210004, 0.9981675106317367, -0.0014290982007392737]","[0.3732370832077289, 0.4094338891244542, 0.5771294824706096, 0.5999829419393665]","[-0.38611594031002205, 0.024720970624967933, 0.9221189479941658, 0.8078187188058188, 0.9204645035203333, -0.05523128036358627, 0.386903868458905, 0.46358068596716917, 0.06049444931210004, 0.9981675106317367, -0.0014290982007392737, 0.24534565038251396, 0.0, 0.0, 0.0, 1.0]",True,True
949,"[0.3399611648535273, -0.9993873187805615, 1.5222268240860892, -0.5348774921782675, 1.522935561101583, 0.044911295923804495]","[0.8114961400640661, 0.46559284393240347, 0.24172093837993086]","[-0.3782979217308663, 0.00564107672605112, 0.9256667114396401, 0.9246224264798657, -0.04557196039556166, 0.3781488660252605, 0.04431761348033481, 0.9989451309651978, 0.012023911856441919]","[0.3834560045591977, 0.40473760846017676, 0.5746090082566717, 0.599143929699465]","[-0.3782979217308663, 0.00564107672605112, 0.9256667114396401, 0.8114961400640661, 0.9246224264798657, -0.04557196039556166, 0.3781488660252605, 0.46559284393240347, 0.04431761348033481, 0.9989451309651978, 0.012023911856441919, 0.24172093837993086, 0.0, 0.0, 0.0, 1.0]",True,True
950,"[0.34698690923183406, -0.9968587448874813, 1.5288709834210774, -0.544984071435422, 1.5085186626861231, 0.05588674870043671]","[0.8065238543656723, 0.4720860616748229, 0.2364326286306084]","[-0.39798992350096674, 0.010048082911893083, 0.9173347572296008, 0.9157367844445685, -0.05564895058893046, 0.3979061898406113, 0.05504691096525258, 0.9983998348998996, 0.012946322452228112]","[0.3739343018373451, 0.40147001900382795, 0.5764968886429068, 0.6055132526506182]","[-0.39798992350096674, 0.010048082911893083, 0.9173347572296008, 0.8065238543656723, 0.9157367844445685, -0.05564895058893046, 0.3979061898406113, 0.4720860616748229, 0.05504691096525258, 0.9983998348998996, 0.012946322452228112, 0.2364326286306084, 0.0, 0.0, 0.0, 1.0]",True,True
951,"[0.3503658808711105, -0.9957433616457155, 1.542869739277378, -0.5530375645686889, 1.5104908776080406, 0.053540274034487655]","[0.8005996113664783, 0.47303499589283476, 0.22798347081287643]","[-0.3989489921064501, 0.015820270698062588, 0.9168366379744474, 0.9154310062291734, -0.051091177050790644, 0.3992189430147419, 0.05315801474369179, 0.9985686809942543, 0.005900407265999717]","[0.37278017587740603, 0.4019458227418034, 0.5792144265705189, 0.6033118133318873]","[-0.3989489921064501, 0.015820270698062588, 0.9168366379744474, 0.8005996113664783, 0.9154310062291734, -0.051091177050790644, 0.3992189430147419, 0.47303499589283476, 0.05315801474369179, 0.9985686809942543, 0.005900407265999717, 0.22798347081287643, 0.0, 0.0, 0.0, 1.0]",True,True
952,"[0.3570304424485241, -0.9851926664950178, 1.5373397149680632, -0.56398822627672, 1.503501767743716, 0.0650798148686058]","[0.8014573504268128, 0.4805489978790644, 0.22254431495837093]","[-0.41155127152598125, 0.015703822231031814, 0.9112513050046536, 0.9091201479683534, -0.06339613865342096, 0.41168129197455083, 0.06423478390519567, 0.997864880417771, 0.011814100282308396]","[0.36635593693255, 0.4000096145235547, 0.5780010883619192, 0.6096641514927933]","[-0.41155127152598125, 0.015703822231031814, 0.9112513050046536, 0.8014573504268128, 0.9091201479683534, -0.06339613865342096, 0.41168129197455083, 0.4805489978790644, 0.06423478390519567, 0.997864880417771, 0.011814100282308396, 0.22254431495837093, 0.0, 0.0, 0.0, 1.0]",True,True
953,"[0.35132168033277456, -0.9816883956808692, 1.5327383029686972, -0.5601226950854624, 1.5034935335377304, 0.05162194790857864]","[0.8058741871380969, 0.47658484357401726, 0.2216326183380626]","[-0.4063995293384564, 0.01246793419341662, 0.9136104055725448, 0.912271720219379, -0.05026154188526451, 0.40648995792674997, 0.05098755771221333, 0.9986582638842301, 0.009052123191786545]","[0.37161507368783675, 0.39837478878407373, 0.5803201410130027, 0.6053332128702975]","[-0.4063995293384564, 0.01246793419341662, 0.9136104055725448, 0.8058741871380969, 0.912271720219379, -0.05026154188526451, 0.40648995792674997, 0.47658484357401726, 0.05098755771221333, 0.9986582638842301, 0.009052123191786545, 0.2216326183380626, 0.0, 0.0, 0.0, 1.0]",True,True
954,"[0.3540088739805821, -0.9841849794950331, 1.5414291946416794, -0.5703507378281554, 1.501153271681456, 0.056113167733926696]","[0.801993663641202, 0.47801838540317415, 0.2198415087392805]","[-0.41112909663583724, 0.010781177547906872, 0.911513374619419, 0.9099062157159308, -0.05566192636413565, 0.4110625603906874, 0.055168328784860075, 0.9983914643886505, 0.013074377039520123]","[0.3695549194773177, 0.3973218005247065, 0.579308379283474, 0.6082485922794012]","[-0.41112909663583724, 0.010781177547906872, 0.911513374619419, 0.801993663641202, 0.9099062157159308, -0.05566192636413565, 0.4110625603906874, 0.47801838540317415, 0.055168328784860075, 0.9983914643886505, 0.013074377039520123, 0.2198415087392805, 0.0, 0.0, 0.0, 1.0]",True,True
955,"[0.3539334721509115, -0.9752233536407838, 1.5452037482029388, -0.5755513966776037, 1.5077336646039576, 0.06485525291312924]","[0.8020845694262753, 0.477332805549971, 0.2099226933423717]","[-0.40450208894558815, 0.021034253687035192, 0.9142951493967827, 0.9122626646998472, -0.06118303104789086, 0.40501045332994423, 0.06445844113372255, 0.9979049037276161, 0.005559899548387251]","[0.36738085808698184, 0.4034603581995125, 0.578307694560022, 0.6064744470177342]","[-0.40450208894558815, 0.021034253687035192, 0.9142951493967827, 0.8020845694262753, 0.9122626646998472, -0.06118303104789086, 0.40501045332994423, 0.477332805549971, 0.06445844113372255, 0.9979049037276161, 0.005559899548387251, 0.2099226933423717, 0.0, 0.0, 0.0, 1.0]",True,True
956,"[0.36058385179190056, -0.9807016732389935, 1.5453411685046587, -0.5850108661734461, 1.5051127314078245, 0.05296876183652603]","[0.799313466019806, 0.48307286780966285, 0.21575733276751513]","[-0.4138916247405985, 0.002857093630662423, 0.9103216793999652, 0.9088626861259241, -0.055383440786041946, 0.41340209512612397, 0.05159787532018559, 0.9984610716010339, 0.020326036498982594]","[0.3711640375131802, 0.3940703552496878, 0.5783991155455664, 0.6102460778295964]","[-0.4138916247405985, 0.002857093630662423, 0.9103216793999652, 0.799313466019806, 0.9088626861259241, -0.055383440786041946, 0.41340209512612397, 0.48307286780966285, 0.05159787532018559, 0.9984610716010339, 0.020326036498982594, 0.21575733276751513, 0.0, 0.0, 0.0, 1.0]",True,True
957,"[0.35921578931013715, -0.975296088653427, 1.5480264755281192, -0.5768980996996214, 1.5106316366771126, 0.057542548419977975]","[0.7986784579899554, 0.48095011349448324, 0.20849396859339864]","[-0.40674464428301593, 0.01952283338916099, 0.9133332652014498, 0.9117456188277141, -0.053989691647463874, 0.4071916498950837, 0.05726011609795692, 0.9983506258686226, 0.00416016011442637]","[0.36858710781304693, 0.4009628683712562, 0.5806450707017853, 0.605164129812092]","[-0.40674464428301593, 0.01952283338916099, 0.9133332652014498, 0.7986784579899554, 0.9117456188277141, -0.053989691647463874, 0.4071916498950837, 0.48095011349448324, 0.05726011609795692, 0.9983506258686226, 0.00416016011442637, 0.20849396859339864, 0.0, 0.0, 0.0, 1.0]",True,True
958,"[0.36241310096002255, -0.9844380220968101, 1.5461463335720116, -0.5960458327016308, 1.4962646739940892, 0.05497812785305513]","[0.7986226926577704, 0.485478160823126, 0.21977125426680472]","[-0.4242568342488978, -0.008800984972862151, 0.9054991337691112, 0.9040265418033936, -0.0619415857097583, 0.42296483503331284, 0.05236554504729391, 0.9980409724170987, 0.0342354650710591]","[0.3701476209272467, 0.388409991629271, 0.5762117196543473, 0.6165293758268366]","[-0.4242568342488978, -0.008800984972862151, 0.9054991337691112, 0.7986226926577704, 0.9040265418033936, -0.0619415857097583, 0.42296483503331284, 0.485478160823126, 0.05236554504729391, 0.9980409724170987, 0.0342354650710591, 0.21977125426680472, 0.0, 0.0, 0.0, 1.0]",True,True
959,"[0.3656167782619837, -0.9740575024363283, 1.5524591923744795, -0.583686255569919, 1.5045622651096506, 0.06267296231582029]","[0.7944070340453763, 0.486200153129374, 0.20544885036873278]","[-0.4180389334794055, 0.021289135844859898, 0.9081796203342049, 0.9062915664986594, -0.058767536336217834, 0.41854745628945983, 0.062281992492269754, 0.9980446630126081, 0.005272953938963831]","[0.3634785014699427, 0.39857736040756525, 0.5818071938374911, 0.6087034219869696]","[-0.4180389334794055, 0.021289135844859898, 0.9081796203342049, 0.7944070340453763, 0.9062915664986594, -0.058767536336217834, 0.41854745628945983, 0.486200153129374, 0.062281992492269754, 0.9980446630126081, 0.005272953938963831, 0.20544885036873278, 0.0, 0.0, 0.0, 1.0]",True,True
960,"[0.3723187194422458, -0.9689543546945713, 1.5410645698567256, -0.5892015403384876, 1.498551315973262, 0.05551416899910348]","[0.7963818237590334, 0.49415753508832533, 0.20780908030188994]","[-0.43027503951504614, 0.007966805766306203, 0.9026626836067877, 0.9010664685226751, -0.05630011367244869, 0.4300110655605789, 0.05424582633162318, 0.9983821048107538, 0.01704591209786296]","[0.3641671178560635, 0.3901855847092316, 0.5824364801728885, 0.613111137006448]","[-0.43027503951504614, 0.007966805766306203, 0.9026626836067877, 0.7963818237590334, 0.9010664685226751, -0.05630011367244869, 0.4300110655605789, 0.49415753508832533, 0.05424582633162318, 0.9983821048107538, 0.01704591209786296, 0.20780908030188994, 0.0, 0.0, 0.0, 1.0]",True,True
961,"[0.3586167429424935, -0.9740086792134387, 1.5455210495942397, -0.5947404278265267, 1.4996122294467014, 0.053105541727348896]","[0.8015543599305989, 0.48252427258587777, 0.21042031661787142]","[-0.4172388066660196, 0.0003994349942402552, 0.9087967972344541, 0.9073412281473, -0.056393538178199656, 0.41659532469279265, 0.05141666963218589, 0.998408538276506, 0.02316714873490778]","[0.3706530736047822, 0.3924243821353588, 0.5782901779714299, 0.6117187862039074]","[-0.4172388066660196, 0.0003994349942402552, 0.9087967972344541, 0.8015543599305989, 0.9073412281473, -0.056393538178199656, 0.41659532469279265, 0.48252427258587777, 0.05141666963218589, 0.998408538276506, 0.02316714873490778, 0.21042031661787142, 0.0, 0.0, 0.0, 1.0]",True,True
962,"[0.3617692675588221, -0.9773123678727323, 1.5407473106324925, -0.5835811831881272, 1.4991115639421217, 0.052712629326326706]","[0.8004401859448269, 0.48525354401447385, 0.21516080114657246]","[-0.4204036394364318, 0.003313980878113251, 0.9073311399259599, 0.905889387108489, -0.05493587267757798, 0.4199362668517201, 0.051236688737747095, 0.9984843851677865, 0.020093140702706982]","[0.36903713518719805, 0.3919308269766615, 0.5799514259953473, 0.6114394190794205]","[-0.4204036394364318, 0.003313980878113251, 0.9073311399259599, 0.8004401859448269, 0.905889387108489, -0.05493587267757798, 0.4199362668517201, 0.48525354401447385, 0.051236688737747095, 0.9984843851677865, 0.020093140702706982, 0.21516080114657246, 0.0, 0.0, 0.0, 1.0]",True,True
963,"[0.35798751571321324, -0.98041962953481, 1.5392208180410383, -0.5702107130413931, 1.5104612956712153, 0.05180732595807999]","[0.8016089510049076, 0.48086103735363617, 0.21764859052594127]","[-0.40623287314455453, 0.010364358121896667, 0.9137108037324728, 0.9123400035328653, -0.051311296277511485, 0.40620545149957404, 0.05109374453268835, 0.9986289255549544, 0.011388516786037816]","[0.37210359692025685, 0.3980232111155451, 0.579554367613817, 0.6059976662925576]","[-0.40623287314455453, 0.010364358121896667, 0.9137108037324728, 0.8016089510049076, 0.9123400035328653, -0.051311296277511485, 0.40620545149957404, 0.48086103735363617, 0.05109374453268835, 0.9986289255549544, 0.011388516786037816, 0.21764859052594127, 0.0, 0.0, 0.0, 1.0]",True,True
964,"[0.3471176708116716, -0.977991324302101, 1.5359065157900762, -0.5665299223685984, 1.5093865381414011, 0.059754869537173294]","[0.8078600287525072, 0.47261230569727225, 0.2169893664485166]","[-0.39703101351176223, 0.01563750602876432, 0.9176719690145403, 0.9158946417764706, -0.05773023577487919, 0.39724579927612474, 0.05918935271628871, 0.9982097416287706, 0.008598386037480938]","[0.37210117466585585, 0.4037638035490663, 0.5767803723470923, 0.6048470127487038]","[-0.39703101351176223, 0.01563750602876432, 0.9176719690145403, 0.8078600287525072, 0.9158946417764706, -0.05773023577487919, 0.39724579927612474, 0.47261230569727225, 0.05918935271628871, 0.9982097416287706, 0.008598386037480938, 0.2169893664485166, 0.0, 0.0, 0.0, 1.0]",True,True
965,"[0.35857301938412617, -0.989946449170226, 1.5334260204312284, -0.5546224416633645, 1.5089998672727336, 0.05203979027484263]","[0.8009935346820429, 0.48134885268012867, 0.22831624013560695]","[-0.4080844744771989, 0.010807725385155162, 0.9128801973767792, 0.9115002560747052, -0.051392828596938014, 0.40807604725657753, 0.0513258693683324, 0.9986200329658947, 0.011121370993724261]","[0.37136372598827794, 0.39755093482660014, 0.5799935936901667, 0.6063412145953508]","[-0.4080844744771989, 0.010807725385155162, 0.9128801973767792, 0.8009935346820429, 0.9115002560747052, -0.051392828596938014, 0.40807604725657753, 0.48134885268012867, 0.0513258693683324, 0.9986200329658947, 0.011121370993724261, 0.22831624013560695, 0.0, 0.0, 0.0, 1.0]",True,True
966,"[0.34562299625163595, -0.9912739979354869, 1.522431852175991, -0.537617011594703, 1.5042643490655778, 0.061112876502533206]","[0.8092359783024553, 0.4721466252142389, 0.23438364831421252]","[-0.4002068150674225, 0.018399766890449164, 0.9162401179559684, 0.9144160405696407, -0.05814459763993606, 0.4005777209409322, 0.06064494968693796, 0.9981385947570944, 0.006444822247486632]","[0.3701666548799771, 0.40357556923240134, 0.5778445714852741, 0.6051438330997939]","[-0.4002068150674225, 0.018399766890449164, 0.9162401179559684, 0.8092359783024553, 0.9144160405696407, -0.05814459763993606, 0.4005777209409322, 0.4721466252142389, 0.06064494968693796, 0.9981385947570944, 0.006444822247486632, 0.23438364831421252, 0.0, 0.0, 0.0, 1.0]",True,True
967,"[0.3395799954740278, -1.0064120059159054, 1.5115002668097366, -0.5136495914165352, 1.5072544690440766, 0.05386727875452067]","[0.8120326001479217, 0.46694129790664785, 0.2525546564411405]","[-0.3921552747954333, 0.013060732990895203, 0.9198063153207086, 0.9183538165970692, -0.05237293484487818, 0.3922796747695842, 0.053296416312119725, 0.9985421838607896, 0.00854394866619266]","[0.37550490643461676, 0.40363154961649494, 0.576896522628704, 0.6027172136057058]","[-0.3921552747954333, 0.013060732990895203, 0.9198063153207086, 0.8120326001479217, 0.9183538165970692, -0.05237293484487818, 0.3922796747695842, 0.46694129790664785, 0.053296416312119725, 0.9985421838607896, 0.00854394866619266, 0.2525546564411405, 0.0, 0.0, 0.0, 1.0]",True,True
968,"[0.32342077320729323, -1.0208749832255692, 1.5010981808051427, -0.5112122067770539, 1.5122534906401208, 0.04637147686277814]","[0.8213238551031445, 0.4538947205885751, 0.27188803548382934]","[-0.3736777920867175, -0.012068836723490186, 0.9274800541690035, 0.9264894637638488, -0.0528511995953588, 0.3725909610228186, 0.04452169399036751, 0.9985294657051806, 0.03093096963812802]","[0.38871647056564623, 0.4025675216254142, 0.5678678593769044, 0.6036265321621069]","[-0.3736777920867175, -0.012068836723490186, 0.9274800541690035, 0.8213238551031445, 0.9264894637638488, -0.0528511995953588, 0.3725909610228186, 0.4538947205885751, 0.04452169399036751, 0.9985294657051806, 0.03093096963812802, 0.27188803548382934, 0.0, 0.0, 0.0, 1.0]",True,True
969,"[0.31977582688312006, -1.0305114439942842, 1.503378656967401, -0.47138432752153386, 1.5176310736370773, 0.052174634494382754]","[0.8166766192083459, 0.44829162858202964, 0.2756429178736712]","[-0.3637866335258507, 0.02040730550666521, 0.9312587326569809, 0.9300168568064325, -0.04810058152776058, 0.36435556824697335, 0.05222960198787667, 0.9986340049981519, -0.0014807894985775858]","[0.3829595264018807, 0.4140636235835284, 0.5738394465128438, 0.5938026662021302]","[-0.3637866335258507, 0.02040730550666521, 0.9312587326569809, 0.8166766192083459, 0.9300168568064325, -0.04810058152776058, 0.36435556824697335, 0.44829162858202964, 0.05222960198787667, 0.9986340049981519, -0.0014807894985775858, 0.2756429178736712, 0.0, 0.0, 0.0, 1.0]",True,True
970,"[0.31603337108581325, -1.040617271705375, 1.4853819646469697, -0.4455500875152722, 1.5059603994816013, 0.058877836994229646]","[0.8199176162103261, 0.4468753012912866, 0.2934253314690408]","[-0.3711273944147352, 0.021128668567989922, 0.9283415516282106, 0.9267188566319599, -0.05487086200908267, 0.37172752018801797, 0.05879300874834264, 0.9982698872884649, 0.000783744469238176]","[0.37907304310825773, 0.4132068861735938, 0.5734703104643724, 0.5972399017340219]","[-0.3711273944147352, 0.021128668567989922, 0.9283415516282106, 0.8199176162103261, 0.9267188566319599, -0.05487086200908267, 0.37172752018801797, 0.4468753012912866, 0.05879300874834264, 0.9982698872884649, 0.000783744469238176, 0.2934253314690408, 0.0, 0.0, 0.0, 1.0]",True,True
971,"[0.30984877265510524, -1.0550104005100729, 1.465626244773626, -0.4176388751409688, 1.5169019075311876, 0.049752078448866324]","[0.8241668175389324, 0.44121915958002017, 0.31618419781202894]","[-0.3556661376593672, 0.011012920292480518, 0.9345481871520055, 0.9333091294415695, -0.0486164791155527, 0.3557674898854964, 0.049352481431917956, 0.9987568040043776, 0.007012776302841451]","[0.38817848972087626, 0.4141067390037695, 0.570095799458515, 0.5939897711825014]","[-0.3556661376593672, 0.011012920292480518, 0.9345481871520055, 0.8241668175389324, 0.9333091294415695, -0.0486164791155527, 0.3557674898854964, 0.44121915958002017, 0.049352481431917956, 0.9987568040043776, 0.007012776302841451, 0.31618419781202894, 0.0, 0.0, 0.0, 1.0]",True,True
972,"[0.2851559758897126, -1.0589219597210706, 1.4535569696045731, -0.3964857676791884, 1.512167502634795, 0.04545035902402516]","[0.8355293551001338, 0.4214009507505211, 0.32529633846266426]","[-0.3367853586908031, 0.013539708894716018, 0.9414840935749013, 0.9404898450420208, -0.04329622810511865, 0.3370523520236953, 0.045326300801439984, 0.9989705265496654, 0.001847576992035663]","[0.39426069744399894, 0.4197211253982458, 0.568252046541332, 0.5877774161593735]","[-0.3367853586908031, 0.013539708894716018, 0.9414840935749013, 0.8355293551001338, 0.9404898450420208, -0.04329622810511865, 0.3370523520236953, 0.4214009507505211, 0.045326300801439984, 0.9989705265496654, 0.001847576992035663, 0.32529633846266426, 0.0, 0.0, 0.0, 1.0]",True,True
973,"[0.27862438677549517, -1.0789882021798949, 1.446152255195391, -0.36300332631328125, 1.5201791877032687, 0.04275258792190908]","[0.8331043231060669, 0.41369152082436605, 0.34524541777039935]","[-0.32285855732991386, 0.017815368382725513, 0.9462795383015714, 0.9454722053114059, -0.039300646573887356, 0.3233230090211047, 0.042949516207213635, 0.999068602163166, -0.0041553855782725385]","[0.3980217991887902, 0.42444006491560343, 0.5673872787466906, 0.5826671044270323]","[-0.32285855732991386, 0.017815368382725513, 0.9462795383015714, 0.8331043231060669, 0.9454722053114059, -0.039300646573887356, 0.3233230090211047, 0.41369152082436605, 0.042949516207213635, 0.999068602163166, -0.0041553855782725385, 0.34524541777039935, 0.0, 0.0, 0.0, 1.0]",True,True
974,"[0.2681968325248496, -1.097390218126748, 1.4371418696325688, -0.3358466500564553, 1.5292542714574697, 0.045916244557687176]","[0.8332770596650151, 0.4029895598215145, 0.36521305933230286]","[-0.30431556421399886, 0.017752217629253764, 0.9524058463419675, 0.951456962316059, -0.042682170321556974, 0.30480794149257207, 0.04606176546131545, 0.9989309741448031, -0.0039016223166208216]","[0.40283391216102443, 0.43077494948760053, 0.5624800032465739, 0.579460117743002]","[-0.30431556421399886, 0.017752217629253764, 0.9524058463419675, 0.8332770596650151, 0.951456962316059, -0.042682170321556974, 0.30480794149257207, 0.4029895598215145, 0.04606176546131545, 0.9989309741448031, -0.0039016223166208216, 0.36521305933230286, 0.0, 0.0, 0.0, 1.0]",True,True
975,"[0.2534132677702451, -1.1136038269830706, 1.4299470421540565, -0.31768456661579925, 1.5330692350945545, 0.044391216739415644]","[0.8354271128696233, 0.38930165839537934, 0.38282973772215534]","[-0.2868195962568569, 0.011440848612057138, 0.9579162939349605, 0.9569585780223441, -0.042845102392127174, 0.2870445560369706, 0.04432605500726449, 0.999016218178686, 0.0013403967505304895]","[0.4097791167511915, 0.4343630708821653, 0.5573674948169742, 0.576845970645439]","[-0.2868195962568569, 0.011440848612057138, 0.9579162939349605, 0.8354271128696233, 0.9569585780223441, -0.042845102392127174, 0.2870445560369706, 0.38930165839537934, 0.04432605500726449, 0.999016218178686, 0.0013403967505304895, 0.38282973772215534, 0.0, 0.0, 0.0, 1.0]",True,True
976,"[0.25331067076159475, -1.1279945725557428, 1.4086742007731883, -0.27619646903074296, 1.5297216049174032, 0.037424520952906305]","[0.8328583045269515, 0.38885919267906316, 0.40563155906184833]","[-0.28978578218644757, 0.01519327918321755, 0.9569709320090394, 0.9563527004443462, -0.034683450709235994, 0.2901492212633124, 0.03759937227395386, 0.9992828541081654, -0.0044793626827739665]","[0.4095886364456241, 0.4328328289321301, 0.5611554361671964, 0.574454060437584]","[-0.28978578218644757, 0.01519327918321755, 0.9569709320090394, 0.8328583045269515, 0.9563527004443462, -0.034683450709235994, 0.2901492212633124, 0.38885919267906316, 0.03759937227395386, 0.9992828541081654, -0.0044793626827739665, 0.40563155906184833, 0.0, 0.0, 0.0, 1.0]",True,True
977,"[0.22719967607279298, -1.14057567788242, 1.3964260333921505, -0.2513949447584035, 1.5375794724787648, 0.0434865624717551]","[0.8397904347077593, 0.36556041147212126, 0.4225904030170102]","[-0.25705060603553914, 0.015530303068460352, 0.9662731475226679, 0.9654129994321536, -0.04100444864211304, 0.25748082592490046, 0.04362025291277732, 0.9990382599671334, -0.004452938093804358]","[0.41757993463184495, 0.4439613667596478, 0.5523810042640926, 0.5686831535626512]","[-0.25705060603553914, 0.015530303068460352, 0.9662731475226679, 0.8397904347077593, 0.9654129994321536, -0.04100444864211304, 0.25748082592490046, 0.36556041147212126, 0.04362025291277732, 0.9990382599671334, -0.004452938093804358, 0.4225904030170102, 0.0, 0.0, 0.0, 1.0]",True,True
978,"[0.22655224610745647, -1.1692557734142277, 1.3643201193025956, -0.21288022463725406, 1.5346523007991753, 0.03910436630314465]","[0.8343864495640265, 0.36399324015099105, 0.4656526194832495]","[-0.2601598241604155, -0.007194412171919268, 0.9655387647973138, 0.9647999034112581, -0.041751769237023575, 0.259649641138218, 0.03844492515857896, 0.9991021119981075, 0.017803301111658835]","[0.4230519198970204, 0.4369750118613619, 0.5478605556644257, 0.5743942231841076]","[-0.2601598241604155, -0.007194412171919268, 0.9655387647973138, 0.8343864495640265, 0.9647999034112581, -0.041751769237023575, 0.259649641138218, 0.36399324015099105, 0.03844492515857896, 0.9991021119981075, 0.017803301111658835, 0.4656526194832495, 0.0, 0.0, 0.0, 1.0]",True,True
979,"[0.21395171631783638, -1.1757886116842182, 1.3744139469062406, -0.17646327817018584, 1.5507211950258049, 0.04117740068749968]","[0.8307435937158257, 0.3501617715838602, 0.4615304177739768]","[-0.2308036429315542, 0.03118261924804201, 0.9725005514992551, 0.9721106462483866, -0.03534250404262922, 0.23184434187303532, 0.04160011851026132, 0.9988886582922184, -0.02215577746556952]","[0.42181099901503494, 0.45461374775094643, 0.5517284015606081, 0.5576715811094854]","[-0.2308036429315542, 0.03118261924804201, 0.9725005514992551, 0.8307435937158257, 0.9721106462483866, -0.03534250404262922, 0.23184434187303532, 0.3501617715838602, 0.04160011851026132, 0.9988886582922184, -0.02215577746556952, 0.4615304177739768, 0.0, 0.0, 0.0, 1.0]",True,True
980,"[0.20411086070459963, -1.1983444621606243, 1.34490683158446, -0.1379366642182904, 1.5451826310250176, 0.038710497938149145]","[0.8280625350778933, 0.341231164227887, 0.49727160997987807]","[-0.22721091401819865, 0.01725272044211066, 0.9736927360252622, 0.9730675329552863, -0.03593706495326951, 0.2277017867098483, 0.03892013436934068, 0.9992051195825064, -0.008622768742208098]","[0.4266817468225948, 0.4520367572657335, 0.5476989633473704, 0.5600279480144853]","[-0.22721091401819865, 0.01725272044211066, 0.9736927360252622, 0.8280625350778933, 0.9730675329552863, -0.03593706495326951, 0.2277017867098483, 0.341231164227887, 0.03892013436934068, 0.9992051195825064, -0.008622768742208098, 0.49727160997987807, 0.0, 0.0, 0.0, 1.0]",True,True
981,"[0.18164047857533824, -1.2100597061430465, 1.3248295782097763, -0.12018814014454349, 1.5472626128554945, 0.03316937165788478]","[0.8329083079629943, 0.3218650249634926, 0.5191723174403167]","[-0.20380202643462356, 0.0014304278869581996, 0.9790110764936223, 0.97845459687327, -0.033445939102034146, 0.20373505102252182, 0.03303537314315604, 0.9994395044391847, 0.005416741423513606]","[0.43822619042192573, 0.4539347891613664, 0.5396617797076878, 0.5573743596004779]","[-0.20380202643462356, 0.0014304278869581996, 0.9790110764936223, 0.8329083079629943, 0.97845459687327, -0.033445939102034146, 0.20373505102252182, 0.3218650249634926, 0.03303537314315604, 0.9994395044391847, 0.005416741423513606, 0.5191723174403167, 0.0, 0.0, 0.0, 1.0]",True,True
982,"[0.17746207032234648, -1.2369567878581809, 1.3261683023641744, -0.08004536091131051, 1.5623481874791416, 0.03269237258700521]","[0.8190810101596806, 0.31424929861864287, 0.5379839420468295]","[-0.18444711624463786, 0.015059058060840482, 0.9827270659137037, 0.982296225869457, -0.03050607711311341, 0.18483371960167225, 0.03276256936898982, 0.9994211344720948, -0.009165697946862323]","[0.44042056851814565, 0.46239178702030864, 0.5392371317607836, 0.5490417778755294]","[-0.18444711624463786, 0.015059058060840482, 0.9827270659137037, 0.8190810101596806, 0.982296225869457, -0.03050607711311341, 0.18483371960167225, 0.31424929861864287, 0.03276256936898982, 0.9994211344720948, -0.009165697946862323, 0.5379839420468295, 0.0, 0.0, 0.0, 1.0]",True,True
983,"[0.1576778684290014, -1.2542309147675181, 1.3180170986439008, -0.05095953356501677, 1.553334644982711, 0.019385603803796857]","[0.8157794171552262, 0.29733749589748915, 0.5555368863038357]","[-0.17396585101823792, 0.01604241883177074, 0.9846210049950824, 0.9845564786261505, -0.01707418070158152, 0.17423263973390324, 0.019606709942635133, 0.9997255189057624, -0.012824343017464167]","[0.44613216238652764, 0.4625831473099748, 0.5407670508948657, 0.5427282212816916]","[-0.17396585101823792, 0.01604241883177074, 0.9846210049950824, 0.8157794171552262, 0.9845564786261505, -0.01707418070158152, 0.17423263973390324, 0.29733749589748915, 0.019606709942635133, 0.9997255189057624, -0.012824343017464167, 0.5555368863038357, 0.0, 0.0, 0.0, 1.0]",True,True
984,"[0.14342163004244288, -1.260792476942824, 1.296906860820771, -0.03344013326724566, 1.5593801846936215, 0.01799955649877614]","[0.8181942073870625, 0.2848631723005241, 0.5735175207471617]","[-0.1541471536957103, 0.005422098854436645, 0.9880330236644542, 0.9878833982749575, -0.01740108992099868, 0.15421930320904406, 0.01802904379696316, 0.9998338876601323, -0.0026740729595785607]","[0.45436155301249703, 0.4652762644883326, 0.5337181224050506, 0.5405724212945778]","[-0.1541471536957103, 0.005422098854436645, 0.9880330236644542, 0.8181942073870625, 0.9878833982749575, -0.01740108992099868, 0.15421930320904406, 0.2848631723005241, 0.01802904379696316, 0.9998338876601323, -0.0026740729595785607, 0.5735175207471617, 0.0, 0.0, 0.0, 1.0]",True,True
985,"[0.14324378953920308, -1.2785859597247329, 1.2794266034726895, 0.011415469275350677, 1.56068869523203, 0.03086402420750449]","[0.807235723651692, 0.28300790883348903, 0.5960546608718074]","[-0.15230324571630305, 0.016838247777527873, 0.9881903636223448, 0.9878481271866146, -0.02874824873532995, 0.15274035422425086, 0.030980622301326626, 0.9994448517084042, -0.01225517994108471]","[0.4490805399945767, 0.47135447991933627, 0.5328719773365029, 0.540554417822699]","[-0.15230324571630305, 0.016838247777527873, 0.9881903636223448, 0.807235723651692, 0.9878481271866146, -0.02874824873532995, 0.15274035422425086, 0.28300790883348903, 0.030980622301326626, 0.9994448517084042, -0.01225517994108471, 0.5960546608718074, 0.0, 0.0, 0.0, 1.0]",True,True
986,"[0.12563170247640523, -1.294128682722717, 1.2673383037006298, 0.03701820169007403, 1.5700312810885562, 0.020172839802162973]","[0.8031806642075573, 0.26675362715564127, 0.6147196246803054]","[-0.12583009237835302, 0.012687796742317183, 0.9919706687528017, 0.991846574080336, -0.01872927640113984, 0.12605390787512313, 0.020178239198589094, 0.9997440842632255, -0.010227641151759812]","[0.4596773297838243, 0.4751649253613282, 0.5285187927427398, 0.5325250528444021]","[-0.12583009237835302, 0.012687796742317183, 0.9919706687528017, 0.8031806642075573, 0.991846574080336, -0.01872927640113984, 0.12605390787512313, 0.26675362715564127, 0.020178239198589094, 0.9997440842632255, -0.010227641151759812, 0.6147196246803054, 0.0, 0.0, 0.0, 1.0]",True,True
987,"[0.1176494090586572, -1.313845122403274, 1.245941994213461, 0.06487491348134683, 1.565914905640817, 0.020642328957381797]","[0.7941015291188469, 0.25939438573992646, 0.6426184259108512]","[-0.12226046254159675, -0.00048381880090802096, 0.992497932097837, 0.9922837033168743, -0.020841477616708563, 0.12222391313692121, 0.02062598920935041, 0.9997826757501453, 0.003028174204968467]","[0.4636610383800495, 0.4731682683967045, 0.5240207082549123, 0.5352873327389865]","[-0.12226046254159675, -0.00048381880090802096, 0.992497932097837, 0.7941015291188469, 0.9922837033168743, -0.020841477616708563, 0.12222391313692121, 0.25939438573992646, 0.02062598920935041, 0.9997826757501453, 0.003028174204968467, 0.6426184259108512, 0.0, 0.0, 0.0, 1.0]",True,True
988,"[0.09660008892524445, -1.321879314061593, 1.245683999361997, 0.08625364589669603, 1.5597025693469462, 0.018504243585079513]","[0.7927359314291496, 0.24255396683967934, 0.6473809741390435]","[-0.10728159524008984, 0.011998374169530333, 0.994156274606779, 0.994054417676405, -0.017426049424127565, 0.1074809169084956, 0.0186138126337566, 0.999776160857397, -0.010057542467203058]","[0.4650899947506341, 0.4796357984583826, 0.524383706908206, 0.5278849548426755]","[-0.10728159524008984, 0.011998374169530333, 0.994156274606779, 0.7927359314291496, 0.994054417676405, -0.017426049424127565, 0.1074809169084956, 0.24255396683967934, 0.0186138126337566, 0.999776160857397, -0.010057542467203058, 0.6473809741390435, 0.0, 0.0, 0.0, 1.0]",True,True
989,"[0.09757045491992507, -1.3345249560705628, 1.22866612370295, 0.11679786928192339, 1.5731833776724429, 0.012553148965431395]","[0.7835118793037436, 0.24119445997522962, 0.6660654152386134]","[-0.09489573814515599, 0.012078951806699972, 0.9954139328968312, 0.9954084082668423, -0.011430469200302395, 0.09503391565926549, 0.012525958388779358, 0.9998617120867824, -0.010938787379330937]","[0.4697698918819752, 0.48152713278549447, 0.52306884258293, 0.5233037884360593]","[-0.09489573814515599, 0.012078951806699972, 0.9954139328968312, 0.7835118793037436, 0.9954084082668423, -0.011430469200302395, 0.09503391565926549, 0.24119445997522962, 0.012525958388779358, 0.9998617120867824, -0.010938787379330937, 0.6660654152386134, 0.0, 0.0, 0.0, 1.0]",True,True
990,"[0.0854681377482859, -1.3422786358066223, 1.216130050188007, 0.14569242571129418, 1.5789767440202747, 0.016041463645460035]","[0.7794724670491173, 0.23056736815245565, 0.6779138323119813]","[-0.07689008666568314, 0.020707302611493044, 0.9968245192565741, 0.9969131395923492, -0.014324866170105862, 0.07719449667776625, 0.015877867636078936, 0.9996829526543727, -0.01954194185761861]","[0.47149843724730217, 0.4891259350520173, 0.5201218997391852, 0.51760820389996]","[-0.07689008666568314, 0.020707302611493044, 0.9968245192565741, 0.7794724670491173, 0.9969131395923492, -0.014324866170105862, 0.07719449667776625, 0.23056736815245565, 0.015877867636078936, 0.9996829526543727, -0.01954194185761861, 0.6779138323119813, 0.0, 0.0, 0.0, 1.0]",True,True
991,"[0.07496997022539918, -1.3552528856086423, 1.211800409793382, 0.15016665680897096, 1.5723600104845865, 0.018335267445481022]","[0.7742521913961437, 0.22241287598015494, 0.6906386392249155]","[-0.07320533446805688, 0.008038786165752777, 0.9972844914679065, 0.9971485519233997, -0.01778206274571989, 0.0733386912998472, 0.01832332945965129, 0.9998095699489421, -0.0067141221335697936]","[0.4749469656321254, 0.4876707009886981, 0.5153002507897475, 0.5206422176217097]","[-0.07320533446805688, 0.008038786165752777, 0.9972844914679065, 0.7742521913961437, 0.9971485519233997, -0.01778206274571989, 0.0733386912998472, 0.22241287598015494, 0.01832332945965129, 0.9998095699489421, -0.0067141221335697936, 0.6906386392249155, 0.0, 0.0, 0.0, 1.0]",True,True
992,"[0.07266952806645464, -1.3752476318771492, 1.2024757788670792, 0.18688035840936118, 1.574352055549045, 0.007274079643794022]","[0.7593320469046616, 0.21932376461135117, 0.7090329269013179]","[-0.06895496428987574, 0.014572767239092364, 0.9975133319183144, 0.9975936243372588, -0.006232353660115112, 0.06905156370066888, 0.007223128230499936, 0.9998743882222657, -0.014107947962594328]","[0.4771542554791413, 0.48769491932273445, 0.5188522329604921, 0.5150435345646511]","[-0.06895496428987574, 0.014572767239092364, 0.9975133319183144, 0.7593320469046616, 0.9975936243372588, -0.006232353660115112, 0.06905156370066888, 0.21932376461135117, 0.007223128230499936, 0.9998743882222657, -0.014107947962594328, 0.7090329269013179, 0.0, 0.0, 0.0, 1.0]",True,True
993,"[0.06825818026563084, -1.3812374862033885, 1.201317396898282, 0.19295819616776122, 1.5756548415278793, 0.01651376051922365]","[0.7561190667649546, 0.21556627597558992, 0.7138589225552658]","[-0.06313418369077155, 0.014051827808188493, 0.9979061183222342, 0.9978694950917669, -0.015590712964562183, 0.063351404361379, 0.016448270881835397, 0.9997797136392125, -0.013037583383898748]","[0.4765074815679098, 0.49129779987744937, 0.5149225801297967, 0.5161606613428215]","[-0.06313418369077155, 0.014051827808188493, 0.9979061183222342, 0.7561190667649546, 0.9978694950917669, -0.015590712964562183, 0.063351404361379, 0.21556627597558992, 0.016448270881835397, 0.9997797136392125, -0.013037583383898748, 0.7138589225552658, 0.0, 0.0, 0.0, 1.0]",True,True
994,"[0.05561727614520977, -1.3942124291647606, 1.1769820244382725, 0.22319767869803303, 1.5789021272096118, 0.018968208332432453]","[0.7476198284764687, 0.2050698861994708, 0.7368805140013817]","[-0.04737219718447754, 0.006857757007196182, 0.9988537661253247, 0.9986981376294644, -0.01861401601392334, 0.04749261314428784, 0.01891837279880473, 0.9998032254282159, -0.005967042314395657]","[0.48167591399383974, 0.49426937522565595, 0.508607221607438, 0.5147861621304533]","[-0.04737219718447754, 0.006857757007196182, 0.9988537661253247, 0.7476198284764687, 0.9986981376294644, -0.01861401601392334, 0.04749261314428784, 0.2050698861994708, 0.01891837279880473, 0.9998032254282159, -0.005967042314395657, 0.7368805140013817, 0.0, 0.0, 0.0, 1.0]",True,True
995,"[0.055626827876175705, -1.3921633584428283, 1.1814577352292137, 0.23121236698964956, 1.586005989103737, 0.012849215360137112]","[0.7479735611080014, 0.20444088889118908, 0.7316920410422927]","[-0.04014295731798307, 0.020991113378384843, 0.9989734311466458, 0.9991153255904293, -0.011698403043485406, 0.040394474084493946, 0.012534318812654821, 0.9997112185653255, -0.02050293458348739]","[0.4815744244286246, 0.49801063751414737, 0.5120906874905032, 0.5077741687448224]","[-0.04014295731798307, 0.020991113378384843, 0.9989734311466458, 0.7479735611080014, 0.9991153255904293, -0.011698403043485406, 0.040394474084493946, 0.20444088889118908, 0.012534318812654821, 0.9997112185653255, -0.02050293458348739, 0.7316920410422927, 0.0, 0.0, 0.0, 1.0]",True,True
996,"[0.05643528409477513, -1.408126329119726, 1.1703473267136013, 0.24425248371509137, 1.575694938011486, 0.022090661056107935]","[0.7363504853947883, 0.20535037097639158, 0.7497284259649333]","[-0.05135863254643073, 0.007599437894439802, 0.9986513602887894, 0.9984366744707354, -0.021694488818776385, 0.05151268025167098, 0.022056698183989677, 0.9997357639389424, -0.006473358219645141]","[0.479706556244322, 0.49416829483790004, 0.5089541978280805, 0.5163767430727206]","[-0.05135863254643073, 0.007599437894439802, 0.9986513602887894, 0.7363504853947883, 0.9984366744707354, -0.021694488818776385, 0.05151268025167098, 0.20535037097639158, 0.022056698183989677, 0.9997357639389424, -0.006473358219645141, 0.7497284259649333, 0.0, 0.0, 0.0, 1.0]",True,True
997,"[0.05063493966437066, -1.3967161272963384, 1.1793659894553015, 0.24244925083787325, 1.5721860460789814, 0.0189391467222609]","[0.7448444970921035, 0.2017705141226292, 0.7354853563369478]","[-0.04874225945590248, 0.02599205511157993, 0.9984731369517209, 0.9986326095158098, -0.01764506724172919, 0.04920937729415839, 0.018897178487209686, 0.9995064105212689, -0.025096453377142548]","[0.47658058603063813, 0.49849755795865475, 0.5138564112646926, 0.5102183045815999]","[-0.04874225945590248, 0.02599205511157993, 0.9984731369517209, 0.7448444970921035, 0.9986326095158098, -0.01764506724172919, 0.04920937729415839, 0.2017705141226292, 0.018897178487209686, 0.9995064105212689, -0.025096453377142548, 0.7354853563369478, 0.0, 0.0, 0.0, 1.0]",True,True
998,"[0.03461534603086745, -1.399209164898077, 1.1761737339391525, 0.2514475430961318, 1.5831206198631913, 0.013535729265320963]","[0.7454055943922664, 0.1887150991082793, 0.7386279763911824]","[-0.02190785079532112, 0.028690429360677762, 0.999348240272944, 0.9996731162892009, -0.01254887421378985, 0.022275240169397185, 0.01317978156752963, 0.999509572249844, -0.028406132062739006]","[0.48402921991553105, 0.5047393276437867, 0.5093537838880433, 0.5015103670280336]","[-0.02190785079532112, 0.028690429360677762, 0.999348240272944, 0.7454055943922664, 0.9996731162892009, -0.01254887421378985, 0.022275240169397185, 0.1887150991082793, 0.01317978156752963, 0.999509572249844, -0.028406132062739006, 0.7386279763911824, 0.0, 0.0, 0.0, 1.0]",True,True
999,"[0.040474932563283175, -1.4008513143676293, 1.1790598543644542, 0.25423540644120896, 1.5780563357590922, 0.017652573413516393]","[0.7429628447591261, 0.19349326492693766, 0.7377468833560377]","[-0.0326353395326022, 0.032992896027069264, 0.9989226213402814, 0.9993157330492948, -0.016329544238644658, 0.033187522732330776, 0.017406903623062797, 0.9993221776768018, -0.03243739985806906]","[0.47921751751440717, 0.5040167667260961, 0.5120408175018928, 0.5041149382613994]","[-0.0326353395326022, 0.032992896027069264, 0.9989226213402814, 0.7429628447591261, 0.9993157330492948, -0.016329544238644658, 0.033187522732330776, 0.19349326492693766, 0.017406903623062797, 0.9993221776768018, -0.03243739985806906, 0.7377468833560377, 0.0, 0.0, 0.0, 1.0]",True,True
