target_id,best_seed_id,q0,q1,q2,q3,q4,q5,pos_err_mm,rot_err_deg,pose_cost,limit_score,total_loss,iters,success_loose,success_medium,success_strict,near_limit,success_rank
0,13,-2.5704267413321169,5.325509924218693,-1.0595831073303899,3.6464937642493558,-1.8575375582143969,3.9376390027054762,2.62897323996,0.0292258441688,7.171689255596888e-06,0,3.585844627798444e-06,53,1,1,1,0,0
1,0,-2.5049843773133542,-4.289866236875377,1.2631112877386748,2.7076684918278864,2.8042413299439488,-4.1258030160387449,0.0704365239983,0.0193127271256,1.1857794445182998e-07,0,5.928897222591499e-08,14,1,1,1,0,0
2,10,5.1374010667300647,-5.9193943050061604,0.41661843695453971,4.1315472094138865,-3.3280121417671777,-6.0932848609846495,0.688035533935,0.146432227392,7.0051206108557846e-06,0,3.5025603054278923e-06,10,1,1,1,0,0
3,8,-2.347913128563087,3.175177669679472,-2.5390991746459162,-0.34486178297628056,3.6316947571572165,-1.8530445797710424,0.0805177549953,0.563125596264,9.6603846266281305e-05,0,4.8301923133140652e-05,22,1,1,1,0,0
4,2,-2.1490821903360438,-0.4220021396031865,0.35614269361845841,5.4343605867354983,-4.5447800487169117,-0.70793860148751619,0.124216757607,0.422065766023,5.4279827959700346e-05,0,2.7139913979850173e-05,24,1,1,1,0,0
5,13,-3.1514430296116354,0.26039348704487919,-1.2899452406756082,-3.5618304668728578,-0.37070078377855586,-1.8622107871548683,0.831830873715,0.0291357741501,9.5053029994595946e-07,0,4.7526514997297973e-07,41,1,1,1,0,0
6,2,-4.6768238217079068,1.1755229692704372,-1.2109181762301295,-4.8944396539044757,4.2475661349070588,6.0724328522092872,0.280379794019,0.0299984969514,3.5274103610214086e-07,0,1.7637051805107043e-07,54,1,1,1,0,0
7,2,4.044124958318088,1.363898912660364,1.206324286083458,-0.84507337465220456,-1.3306249311650258,-2.5795858514090528,0.0478556296093,0.0545815351376,9.0978931302926355e-07,0,4.5489465651463178e-07,17,1,1,1,0,0
8,8,-5.064150066209451,-4.6315204553805378,2.793628763765359,-0.85295111063786788,-4.4594743141678785,2.7808066920756267,0.156785298695,0.0204899932323,1.5247215338899757e-07,0,7.6236076694498784e-08,10,1,1,1,0,0
9,11,-3.2587510659645846,2.2722102681990974,-2.8289701536901108,-1.3214468598032205,1.8635976116061947,1.72805848244453,0.439842894511,0.0260177700416,3.9966472315788265e-07,0,1.9983236157894133e-07,9,1,1,1,0,0
10,8,-6.1942782068409974,0.87162999285870824,-2.9110356572655713,-3.6516904295923633,4.1662192250282448,-4.5292307556665934,0.184777364383,0.0412222781742,5.517718113803544e-07,0,2.758859056901772e-07,21,1,1,1,0,0
11,11,2.3030413203165918,4.2924122995698744,2.5498787394148232,-0.27537620687234959,3.6108606983991174,-1.8713708823644579,0.0884788801944,0.0576244568835,1.0193344242812489e-06,0,5.0966721214062444e-07,16,1,1,1,0,0
12,5,0.83764018807113438,0.60826980245390028,-2.5951800086944794,-4.8940327765122529,3.9205149295522621,-0.39721511382368424,4.67683412693,0.0088500689946,2.1896636220686891e-05,0,1.0948318110343445e-05,13,1,1,1,0,0
13,10,5.2488675064235801,-0.091787305154449994,-1.998589073673682,-5.1162263313565504,1.785942157222399,-0.73615310079349039,0.031624664984,0.000392580699078,1.0470669518489487e-09,0,5.2353347592447434e-10,17,1,1,1,0,0
14,2,-4.6037418668795294,0.50664780946024557,-1.4802503244723519,5.3169204250737625,-4.2788891380532883,1.4781190613092803,0.0458430424688,0.15226902242,7.0649169677093081e-06,0,3.532458483854654e-06,12,1,1,1,0,0
15,10,2.3891190193327425,-3.1008165285875422,0.76147581371556716,4.413219492742777,2.8831885466141487,6.1818342246633566,0.816847205682,0.195007305842,1.2251184700859215e-05,0,6.1255923504296073e-06,7,1,1,1,0,0
16,6,-0.047199374528657551,0.53942622076581404,-1.4669050050340098,-3.5235034848945217,5.0869529077439326,1.8084180641645258,0.063771183772,0.187566107584,1.0720825830174765e-05,0,5.3604129150873824e-06,23,1,1,1,0,0
17,6,-1.8697635468880591,-3.0446636571435279,2.3203970328928141,-3.8030636342282125,4.6940179357811447,-2.6632122385039403,0.0261555518296,0.0177150427211,9.6279985797100022e-08,0,4.8139992898550011e-08,15,1,1,1,0,0
18,9,-2.3442281800602398,6.189912916302271,-1.3702416313919743,1.0200038074230082,-4.4841177542235666,6.03782563832298,0.0304897692229,0.00915537108188,2.6462907832516573e-08,0,1.3231453916258286e-08,27,1,1,1,0,0
19,11,3.3035333800028392,0.8299733074042237,-0.3060747297593403,4.2445397405788761,-4.4570270584097607,2.3802341452557854,23.8520970112,0.000272785040534,0.00056892255449891545,0,0.00028446127724945773,60,1,0,0,0,2
20,4,-2.297840096383267,2.6057076294105666,2.5853573886577506,5.1945865874600212,-5.2000913068216308,0.85114259529889968,0.0586511021652,0.00044500464052,3.5002749078427081e-09,0,1.7501374539213541e-09,32,1,1,1,0,0
21,1,2.8271518130507638,-3.0755528874470746,1.462108213169427,-5.8103564494535114,3.2082982275516296,1.7081535540036674,0.124712525441,0.0458516412821,6.5597265520728375e-07,0,3.2798632760364187e-07,34,1,1,1,0,0
22,8,-3.6514384724767486,-0.43431383649103356,-0.27443339907345915,-1.3185427367203941,1.8345748422102803,3.3866217001444809,0.0271787851365,0.271234413456,2.2410865632410479e-05,0,1.1205432816205239e-05,19,1,1,1,0,0
23,5,4.3929258354456673,-2.4217883949008616,2.23060126427848,2.0759100979453433,4.20298049741925,-2.2575367700133655,4.06824308625,0.681040150284,0.00015783693942597347,0,7.8918469712986733e-05,31,1,1,1,0,0
24,15,4.3196351089056249,-5.7454925672474202,2.8797424697985314,-2.3776495503975239,-1.2263948326254865,-2.6384968832466256,1.30001206722,0.00426386864993,1.695569495027804e-06,0,8.4778474751390198e-07,20,1,1,1,0,0
25,1,-3.8159639014956599,-2.4975864750660972,-1.2037429709342327,1.9355280357048781,-4.6590128341842219,2.6405634497575714,0.134656862786,0.044069557819,6.0973785928577946e-07,0,3.0486892964288973e-07,12,1,1,1,0,0
26,14,-2.2283320937381448,-3.2428577303034531,2.5543599547419134,-2.3232758766661408,-1.8843133691989375,2.0914496727643535,0.667708092421,0.0651382968759,1.7383251142794571e-06,0,8.6916255713972856e-07,16,1,1,1,0,0
27,7,2.1988780234524619,-3.7283017369457929,-0.61931648188421162,-0.38613427151151525,-1.5738932600312718,5.8579521102869201,0.549207454299,0.057639792127,1.3136731832720958e-06,0,6.5683659163604791e-07,35,1,1,1,0,0
28,5,-1.5344604104508162,-4.1709463700337475,-1.0421235325013691,-4.248181657751779,4.7016805296120676,-3.1680191787405239,57.7569798735,0.100358771072,0.003338936795094925,0,0.0016694683975474625,60,0,0,0,0,3
29,5,-4.7207383773777085,0.42503547481667653,-2.8326378438933801,2.9326081496690199,4.1374505291855934,5.7713458997728724,0.826074076623,0.148277112501,7.3797480703801974e-06,0,3.6898740351900987e-06,32,1,1,1,0,0
30,14,2.2734889072564726,-2.5057126692397262,2.0870737612954646,5.0733798140699315,1.3897162182481555,-3.6887993016140652,0.0441196760498,0.00362249798019,5.943885352116268e-09,0,2.971942676058134e-09,23,1,1,1,0,0
31,9,-1.0301723349261291,-2.172311133353932,2.6099677531082488,0.17274611285392935,-1.7500659409895292,2.4474193456127575,0.888326296429,0.026514561018,1.0032763401643518e-06,0,5.0163817008217592e-07,15,1,1,1,0,0
32,0,-3.7962194778950149,-2.8428963729614858,2.3238007905218598,-4.0899401167851286,-1.524067265010087,5.4295862998539395,0.0344775199242,0.000165039110147,1.1969965213391913e-09,0,5.9849826066959563e-10,60,1,1,1,0,0
33,13,-1.1489213878111839,1.3553079664670422,2.9626827811463121,2.2726573792731779,3.5061689815355623,1.3595386732707104,0.081185517318,0.129667811739,5.1283496108396526e-06,0,2.5641748054198263e-06,20,1,1,1,0,0
34,13,0.76707788294611245,2.9476551892685885,-2.3465498281835906,1.2304228168116866,4.6296681207460253,-5.1201401430372639,0.0152050168105,0.000717013204402,3.8779876894573478e-10,0,1.9389938447286739e-10,22,1,1,1,0,0
35,5,0.43991809807858534,-2.2594747063798351,-2.8697145996951785,-5.5577106755748602,-2.2910341917308372,-4.7829786423746077,0.0165644779616,0.131375598592,5.2578333315521958e-06,0,2.6289166657760979e-06,15,1,1,1,0,0
36,8,-0.82040543437813607,2.6109972028307529,-1.4138483366776629,4.9562435909544522,-4.0044329342435772,-0.388066615728966,0.0350238332824,0.00661215717623,1.4544732122280644e-08,0,7.2723660611403218e-09,16,1,1,1,0,0
37,3,-0.81773717457120176,4.0185353132235839,-2.5567410010188829,-4.6650815704500577,-1.6366774239899768,2.1488695374908695,0.103054899762,0.107842504644,3.5533226736410704e-06,0,1.7766613368205352e-06,15,1,1,1,0,0
38,14,0.086074872275992212,-0.78975612522514649,-2.4051418781623712,-1.8751686358258561,-0.45334793437852633,-3.9657761461811698,0.0932263274442,0.00298570439443,1.1406639016863683e-08,0,5.7033195084318415e-09,25,1,1,1,0,0
39,1,-3.4012359802479315,0.9947591478175023,0.76540170260282625,-4.4700155822830947,-3.9752108314793992,-2.7638199774790473,0.516497897753,0.00520001685746,2.7500698681885221e-07,0,1.3750349340942611e-07,32,1,1,1,0,0
40,2,2.2569366448989236,-0.4874016034438971,-0.76751960931048757,-1.8237214045643537,-5.0553746963798742,-1.1441601463755042,0.0977703358124,0.157030366134,7.5209786165786768e-06,0,3.7604893082893384e-06,13,1,1,1,0,0
41,5,1.1102566342247642,-0.05116444849949664,2.3056711579123901,-0.26643134695674808,5.8742733649193122,1.3912234726513288,0.0543890455411,0.0682462409164,1.4217288487928111e-06,0,7.1086442439640555e-07,12,1,1,1,0,0
42,15,1.2288974521539109,-4.5187011104774975,-1.7418250079183903,-2.3758508176324504,-4.4437360355752382,-1.3849743502162322,0.539854553051,0.0206863736143,4.217966686691706e-07,0,2.108983343345853e-07,19,1,1,1,0,0
43,10,0.97147314628197279,0.88559670494250686,1.3825989211786653,5.8154906936010686,-1.3794002990193521,-5.340635925217561,0.461962835781,0.0336764581827,5.5887744585295284e-07,0,2.7943872292647642e-07,25,1,1,1,0,0
44,11,1.394114956190786,1.6937088662885702,0.82452760853191343,3.1403949857279017,5.3782612205385654,-3.4471372924815036,0.450554318304,0.332834058815,3.3948063293197046e-05,0,1.6974031646598523e-05,15,1,1,1,0,0
45,9,-2.1488005908751688,1.6177152216505928,1.9453639038904034,-5.3301627180104747,-4.5077809712536094,-5.5990812017759186,0.0250794917611,0.0352586455126,3.7932085329852502e-07,0,1.8966042664926251e-07,16,1,1,1,0,0
46,7,0.20029126445629544,4.4731290911307093,-0.47456203349972764,-1.5171537608791157,5.9175899459024466,-4.7954572430011,0.480628339134,0.000350942676156,2.3104111729241815e-07,0,1.1552055864620908e-07,40,1,1,1,0,0
47,9,4.6672646323218059,-3.1179978760926903,1.2201309578926385,3.6170398449951717,-2.5126150811990198,-1.9114881677571178,2.00826463111,0.0866440151866,6.319946265131223e-06,0,3.1599731325656115e-06,6,1,1,1,0,0
48,7,-0.68984895077937625,1.0961372090935531,1.6387020705915067,-5.3031229408793461,0.98159118513970678,4.6241386498995602,0.0193936958687,0.0193453777805,1.1437724787567537e-07,0,5.7188623937837684e-08,16,1,1,1,0,0
49,11,-2.5437851273194521,-3.2957335361798714,-2.2679889339570845,-4.5604010568016768,-1.588963944565057,4.2588668366853426,0.13997526828,0.00545014623539,2.8641460197660733e-08,0,1.4320730098830366e-08,41,1,1,1,0,0
50,7,-1.0677243432015455,-2.1529911192899367,2.7780693022957004,-2.7854580484123947,-4.1270781241018923,-0.2005801948665154,0.018086018688,0.347612853688,3.6808680435261274e-05,0,1.8404340217630637e-05,17,1,1,1,0,0
51,12,-0.77587322358048993,2.0215865333680161,0.63074671685968597,-3.3475260632379591,1.4868959917877334,5.2802954723041893,0.234750629764,0.00147561942297,5.5771148192326895e-08,0,2.7885574096163448e-08,25,1,1,1,0,0
52,0,0.76887836161210465,5.1954507954199851,-3.0715412249398359,-2.3071129978850893,2.1882689800186892,4.7273303817696277,28.9342297563,0.961755520292,0.0011189527476129916,0.00028725407080749244,0.00058820178088724506,60,1,0,0,1,2
53,12,-3.1000860464483071,0.26074093392228626,1.7527015174181177,1.9825360563054273,1.7036797341508485,-4.2512186740420823,0.0202129585645,0.272568173255,2.2631475142200433e-05,0,1.1315737571100217e-05,11,1,1,1,0,0
54,10,3.6352052429790116,4.9853648884299453,1.4475165272191834,-4.0166603477406664,5.0469959309974497,-2.7176764933689492,0.027585465862,0.00149008837436,1.4373192855675497e-09,0,7.1865964278377484e-10,12,1,1,1,0,0
55,6,-2.2895577390435533,-2.763966755843406,2.4798473755841091,1.3653422221032765,-2.4629045610056313,-2.4741963633472643,2.28813673209,0.604105457013,0.00011640368755337315,0,5.8201843776686576e-05,17,1,1,1,0,0
56,9,2.8165560796616202,5.4862732335120628,0.54460848299547282,5.3268924194252874,2.5490278853663537,-4.4326913888115094,0.916233781505,0.226189243584,1.6424190979965211e-05,0,8.2120954899826054e-06,10,1,1,1,0,0
57,6,1.5302174878843571,2.3488375275610527,-1.0427903759021693,4.3937395196084701,0.63692489262435714,-3.7069911628263501,0.0517075830465,0.00445906732178,8.7304680154363133e-09,0,4.3652340077181566e-09,10,1,1,1,0,0
58,12,-2.3772205403610087,1.9293793597417404,0.63361718612155182,5.673308247752038,-1.8664061438176751,-1.4914471467246377,0.0979974497924,0.0198057486473,1.2909506855525004e-07,0,6.4547534277625021e-08,21,1,1,1,0,0
59,13,2.3951269849048344,1.5900144875451845,2.7484999370048429,1.7335721831859525,-3.0171029000264618,3.7090127135589457,0.24024501893,0.0266018302195,2.7328243157640587e-07,0,1.3664121578820293e-07,16,1,1,1,0,0
60,9,-2.3179217353668822,-5.3402797547803829,2.2955634235677422,4.6426324314845404,4.3702917729282547,3.7995419815498455,0.143370883249,0.065068918049,1.3102944285771387e-06,0,6.5514721428856935e-07,24,1,1,1,0,0
61,4,1.9173466128863144,1.0564347341170099,-0.97817413312257928,4.6238242991442844,-4.7501440576951115,-3.4246745319842105,0.0209934287061,0.00031760912022,4.7145249958918233e-10,0,2.3572624979459117e-10,24,1,1,1,0,0
62,5,-0.9148146235397574,-3.785661165352689,2.1287956384186888,-2.9832562451105922,4.390882192520241,-3.4828459381686554,0.0476663463417,0.00501237555036,9.9252608038851531e-09,0,4.9626304019425766e-09,18,1,1,1,0,0
63,15,-0.13331899354046556,5.8213092305737346,1.714735222298696,0.17552503687108187,4.3052182124246663,-4.5326483443224799,0.0394360016223,0.0202137827792,1.2602096643600872e-07,0,6.3010483218004362e-08,13,1,1,1,0,0
64,5,-3.1896250322731623,2.0650154021190961,0.10507438546521559,5.695145381695486,3.80436455158799,4.1335019800783774,1.82281329305,0.00173699832687,3.3235673817737726e-06,0,1.6617836908868863e-06,22,1,1,1,0,0
65,15,-1.8923868738127927,-1.851807912152478,0.66737352397892225,3.4814362295683523,4.303003536486953,-2.1216658243361857,28.4715868366,4.06847701594,0.0058528126909219826,0,0.0029264063454609913,60,1,0,0,0,2
66,14,-4.1276684195147846,2.9454404820159992,-1.8519965457293803,-5.6375935880590129,-2.222054495325759,6.1700344940448746,0.0233108703913,0.31294759463,2.9833615025971087e-05,0,1.4916807512985543e-05,16,1,1,1,0,0
67,6,5.4408533043881162,-4.5319175343848084,1.88218162660667,-3.1479868893572895,5.6709375131152173,-2.9782582636744217,2.26111797436,0.145854868449,1.1592976627586568e-05,0,5.7964883137932842e-06,21,1,1,1,0,0
68,3,-4.9486056451285965,2.6729338151054387,-2.0449678039856494,5.5302960942110024,2.1113295890669401,3.3895051371255347,0.0210196342545,0.525429672405,8.4098104376153737e-05,0,4.2049052188076868e-05,25,1,1,1,0,0
69,4,1.9014614580030231,-4.842904777844363,-1.3818585674485406,5.2127191012381626,-5.3092361870228517,-3.640795851446712,0.0482957285679,0.129720549568,5.1282580380771902e-06,0,2.5641290190385951e-06,19,1,1,1,0,0
70,3,-4.1437124750359864,-3.4263243756171518,2.5841666632574869,0.12912261354926727,-4.5309587387092654,-3.9122297816572389,1.88786571319,0.0388389483128,4.0235413339535706e-06,0,2.0117706669767853e-06,39,1,1,1,0,0
71,15,-3.2690424709434156,-5.4363453720358059,2.1641378842255961,5.0153930874571353,-1.7172559058812402,-1.6522054365497902,0.0478101899939,0.0402079656093,4.9475485632188749e-07,0,2.4737742816094375e-07,14,1,1,1,0,0
72,15,2.1554668522409033,-3.7713845191860798,1.3656260379312917,4.0769922791380555,3.9320378531288132,-0.029780992653951354,0.0580201450206,0.0229567527903,1.6390352477011452e-07,0,8.1951762385057262e-08,32,1,1,1,0,0
73,8,4.8368593721142572,0.18640564419569999,3.0108637692849345,-1.9961092966293519,4.2764954816879204,-3.2858805622437002,0.892153408594,0.0824190812211,2.8651748829879795e-06,0,1.4325874414939897e-06,24,1,1,1,0,0
74,6,-1.0159551243603333,-1.6762959592276008,0.9554706280158195,-4.1449600109599309,4.2428002565627478,2.7924061170969527,0.154501957428,0.000104337998136,2.3874171041720324e-08,0,1.1937085520860162e-08,19,1,1,1,0,0
75,13,-5.0046507567199034,-3.8409673973915042,2.5602867028419762,-1.9934013857453525,6.1505762017687484,0.45690469486787683,0.414552540466,0.0267797433926,3.9031160975777126e-07,0,1.9515580487888563e-07,12,1,1,1,0,0
76,8,1.8715576123920048,4.1828446352270516,0.89100389695251325,1.3537545083723854,-1.843956352889554,5.3658981843843527,0.90492582496,0.0678081365644,2.2195043987413882e-06,0,1.1097521993706941e-06,21,1,1,1,0,0
77,11,-0.91901944862177365,-3.5386293505823105,-2.5888212884142172,-4.628822194042467,-2.5910157843985004,-3.1003086974718719,0.479006616566,0.148033477384,6.9048061902258513e-06,0,3.4524030951129257e-06,7,1,1,1,0,0
78,10,-1.7507692545667244,-4.6931009290246699,-1.804829956095136,1.0152316941248611,-2.8212362434775549,3.592579563418794,0.0542073738784,0.147365572539,6.6181967441069147e-06,0,3.3090983720534573e-06,51,1,1,1,0,0
79,15,-5.0338610312040739,-2.3431474085174346,-1.3330545085813215,1.9994528050202403,-4.7799453363515099,-2.7627055898079096,0.327840387108,0.0105922445238,1.4165606702200098e-07,0,7.0828033511000489e-08,13,1,1,1,0,0
80,14,-3.7570376806679864,-5.604499723626108,2.5674680690285179,3.4614625892883071,0.96453188690853719,0.89299708264078803,0.387657071978,0.00190467591696,1.5138309359020207e-07,0,7.5691546795101034e-08,16,1,1,1,0,0
81,2,2.8612625047432281,-1.3507168460347423,1.9345206782598399,6.0924968897434226,-1.4320349315616687,-0.82669894972227165,0.0551768860712,0.00433231077645,8.761827722802786e-09,0,4.380913861401393e-09,37,1,1,1,0,0
82,8,2.3430867712822678,1.5689418512557627,2.2125304803592378,-2.1485598908290844,5.1562096124019456,-0.34717709112860357,0.0624423876231,0.0108864426999,4.0000673988612797e-08,0,2.0000336994306399e-08,24,1,1,1,0,0
83,4,0.49539794101175932,6.1757771042196463,0.75252924581367464,-1.7526863131985588,-4.9855112622397701,-2.0958042049971009,0.0354338127582,0.15536693767,7.3543805180582379e-06,0,3.6771902590291189e-06,15,1,1,1,0,0
84,11,4.8228888430837786,-2.6931037435901546,2.1689178843394452,0.36577566317378596,1.6198795787019509,5.2169257032387701,0.407383531386,0.237871666459,1.7402107392012391e-05,0,8.7010536960061954e-06,54,1,1,1,0,0
85,7,-3.4389864621420076,-1.9350076804683423,1.1336969479628434,-1.635812396653717,-5.2904714671457844,-0.56937863753004114,1.64830664781,0.241102524617,2.0424455603723513e-05,0,1.0212227801861757e-05,10,1,1,1,0,0
86,15,-2.6476743585142346,-1.4724129952411653,-1.1539121004290298,5.084405273575511,-1.370176119841457,-2.5567145877960269,0.0174201891926,0.489217328077,7.2905485363313838e-05,0,3.6452742681656919e-05,11,1,1,1,0,0
87,13,-3.3248774020140814,-1.9411944894490258,1.2522091192996634,-1.2629858924632582,1.9434014368773354,-4.6575812232758453,0.0940979963235,0.173611648955,9.190329500031977e-06,0,4.5951647500159885e-06,16,1,1,1,0,0
88,13,-4.059260732993228,1.8914520575365448,-0.8042736409046356,5.6924282510900186,5.001686981037091,-0.31862476124753181,3.58882366945,0.0637558177562,1.4117865527493121e-05,0,7.0589327637465603e-06,14,1,1,1,0,0
89,0,-3.6903859662622702,-4.9023797661091733,2.5439482309479629,-2.1172528632575895,4.6119500801480422,5.5892219462526969,0.173735347999,0.00869889994957,5.3234633371827848e-08,0,2.6617316685913924e-08,25,1,1,1,0,0
90,14,-5.3678464151126741,6.17182983090352,-1.8430948648202443,3.2709463393639857,4.5773043889368292,0.64397195209313596,0.433336935985,0.00200680969338,1.8900768129829668e-07,0,9.4503840649148342e-08,29,1,1,1,0,0
91,2,-1.8202167761782286,-3.0764904237601618,-2.0268752088020117,-2.6694680170217158,1.4104569949836587,0.48424600009355501,0.0913033542915,0.0167106664923,9.3399612625116904e-08,0,4.6699806312558452e-08,10,1,1,1,0,0
92,3,5.3957845620903369,1.875054058806418,-0.30873032306089604,-0.71343550064454442,3.3804937645763737,1.3820789966654186,1.24252353807,0.0188841974899,1.6524952486494883e-06,0,8.2624762432474416e-07,27,1,1,1,0,0
93,7,0.94024158226971388,-6.1857578679696452,-0.12025060094670817,-2.0354219309108847,2.8741555531613394,-3.0993126757561233,0.667858636815,0.351086213277,3.7993644128410976e-05,0,1.8996822064205488e-05,23,1,1,1,0,0
94,11,-1.7883121668595829,-5.628631658149696,-1.802304686318795,-6.0649234975043225,-4.1508394787411946,-5.4259956721026539,0.083006584142,0.00128174924166,7.3905432182595304e-09,0,3.6952716091297652e-09,11,1,1,1,0,0
95,3,2.785648549523438,4.5754743388557406,-1.1439244214232676,1.1791995984754313,-5.1239304894324906,-4.836252659842712,0.130248213444,0.06929822659,1.4798118370889241e-06,0,7.3990591854446206e-07,47,1,1,1,0,0
96,6,-4.3642476567181525,-0.027622542276028575,-2.7681906046129119,-0.13782388528204548,1.7755577359619998,4.5281711224747418,0.850375035056,0.0063721351936,7.3550641853013143e-07,0,3.6775320926506571e-07,18,1,1,1,0,0
97,9,-1.2889745982291931,1.0215881074639284,2.4285476812034243,-4.8017589747059422,1.9729066069109122,5.2744185562462036,0.173047375036,0.114723565911,4.0391665213028374e-06,0,2.0195832606514187e-06,21,1,1,1,0,0
98,6,-3.1945327287907599,-0.33688173533092086,0.83919617954167935,-0.99233465266379628,4.988698670567465,5.3723329172052852,1.12829929281,0.078412896464,3.1460245794460157e-06,0,1.5730122897230079e-06,34,1,1,1,0,0
99,15,-1.4352755520088756,3.0622669672003653,2.1981144445304679,1.7332565017898751,-0.66848573342122974,-2.0135865690326904,0.0543944610226,0.0179439625671,1.0104123874302073e-07,0,5.0520619371510365e-08,6,1,1,1,0,0
100,1,5.5230177327796168,-3.6387038744244276,-2.3120897322488299,0.97209560891202329,-2.6185344805431812,2.7166215813697696,0.0653777195583,0.448621612278,6.1311987691385815e-05,0,3.0655993845692907e-05,10,1,1,1,0,0
101,2,4.8272370811006526,5.987579853198258,0.37029836374366926,4.4534492650169444,-4.6024651444929949,5.973073971131158,0.486865346329,0.0478288389678,9.3388001607536613e-07,0,4.6694000803768307e-07,11,1,1,1,0,0
102,12,-3.9068440771717383,2.572471369824807,1.0052697471628012,0.12161328696201731,-5.2351535022785196,-2.9403186300958883,0.0696849250852,0.00311176265058,7.8056196063966969e-09,0,3.9028098031983485e-09,13,1,1,1,0,0
103,9,-3.4813928316245306,4.7933600660242854,0.38488938073608236,-2.2664745540264803,1.7482156976695513,-5.0605316709237993,0.614543570287,0.00212470539165,3.7903895643612663e-07,0,1.8951947821806332e-07,9,1,1,1,0,0
104,4,-3.646700420809581,3.7623908040900562,-2.3973817425916053,3.8119229733532052,-4.0538977652279025,-3.6497507024975158,0.0207322689257,0.0278058034074,2.359486546771074e-07,0,1.179743273385537e-07,59,1,1,1,0,0
105,7,-5.9974868655982165,-0.79587494673932468,-1.2152696450720901,3.0904678720784555,-1.6293660196165713,1.788896109850806,0.0575300511242,0.00272086091445,5.564815164169103e-09,0,2.7824075820845515e-09,27,1,1,1,0,0
106,14,-3.3431954073012853,1.2795313609395995,-2.3967731684154998,-0.27316630398949049,-3.9696331318293727,1.782458146572889,0.0258011901409,0.0082035396978,2.1165863895071427e-08,0,1.0582931947535713e-08,35,1,1,1,0,0
107,8,-0.071656528121735591,-3.9156389972611829,-0.83233316373463795,-0.15633464426749516,-1.3881062153045194,1.2897080628213755,0.0851096375522,0.0151585128681,7.7238797199993345e-08,0,3.8619398599996673e-08,16,1,1,1,0,0
108,4,6.1102409061943854,1.36947967191418,-1.7698070351621191,4.7902542070693404,-4.2514163966948963,-2.0166248847621047,0.395141879978,0.0543729757766,1.056714288244676e-06,0,5.2835714412233799e-07,13,1,1,1,0,0
109,13,0.36966789707828829,3.6924865327902734,-2.0277207819379317,3.2133468067035125,-4.8244684101007183,3.9363612256547293,0.090196255471,0.0397418998415,4.8925378411322351e-07,0,2.4462689205661175e-07,17,1,1,1,0,0
110,10,2.3972727228641051,1.5339260299215176,-1.5819434385961424,1.062521107418313,4.4762162646932149,5.6277115987576165,0.0520729606764,0.00103673717582,3.039003338595465e-09,0,1.5195016692977325e-09,28,1,1,1,0,0
111,13,-1.1504553494955183,-4.1411872968965984,-2.9219618620342627,-6.1889813796155044,1.9001318583083013,4.3865590082690051,0.454417803181,0.0299043612718,4.7890601056332908e-07,0,2.3945300528166454e-07,54,1,1,1,0,0
112,5,-1.8325473356621225,0.97236103879801328,1.8672378077047731,4.8842965928806112,5.3688228687478032,-4.2951385780376725,0.0319825547769,0.0179970519362,9.9686601330776272e-08,0,4.9843300665388136e-08,17,1,1,1,0,0
113,12,-3.9999596273154974,-2.777102619238708,-2.2521320756159779,0.047848957846196222,-0.76354285224655793,5.2471849911157555,0.0343471212164,0.0415390487187,5.2679481880073881e-07,0,2.6339740940036941e-07,15,1,1,1,0,0
114,8,4.2061414360299789,2.7646669203472598,-0.014234754726063725,0.14540906296228662,-0.72108691009550485,3.0202744370209706,169.785554775,0.229250302126,0.028843143992377408,0,0.014421571996188704,60,0,0,0,0,3
115,1,5.0624264065259013,3.9914231076721149,-1.7279418403637685,-0.64591201480234106,4.694454956295373,2.2353142481417692,0.00574487446505,0.0154314319398,7.2571273076004286e-08,0,3.6285636538002143e-08,14,1,1,1,0,0
116,1,0.3899714360283254,-2.2925898691854263,0.30527461156142693,1.0682246976087997,1.8959806552708973,3.5678379466644343,1.33141421497,0.0200327906167,1.8949106509824732e-06,0,9.4745532549123662e-07,15,1,1,1,0,0
117,4,-5.2018249629646496,-0.82295253353352182,0.55872127410162498,1.4248683647065061,-5.1514694344885097,-1.5957256017596553,1.52444829647,0.212035422002,1.601924333300802e-05,0,8.00962166650401e-06,16,1,1,1,0,0
118,13,-1.2736917102424579,1.1093715891742313,-1.6427843055853222,1.478025316706562,-0.44898614755489619,2.0754235021312062,0.45780994102,0.0548792971332,1.1270175734339859e-06,0,5.6350878671699294e-07,22,1,1,1,0,0
119,1,4.0623716691511467,2.9737245948703372,2.1118605597322779,-3.7455709312465486,4.8852745931617889,-2.8173801611996745,0.029268587949,0.00616936647841,1.2450719060564421e-08,0,6.2253595302822103e-09,27,1,1,1,0,0
120,3,1.6163311135874836,5.6303494826592857,-2.886617301232222,2.4524572825376567,-4.7217556958834201,-2.9674361894684504,0.62159199568,0.143914715773,6.6954436717776135e-06,0,3.3477218358888068e-06,17,1,1,1,0,0
121,7,2.0017046374958314,6.1465621020654346,1.6588467410484902,-3.2176523174842608,-4.7550941158308833,2.6830688987892626,0.0468993754739,0.000611154262263,2.3133289298314788e-09,0,1.1566644649157394e-09,20,1,1,1,0,0
122,3,-1.7569459582047129,2.433735064205238,2.6178244938019533,-2.1709982229870262,3.821889475796465,3.2325846658435968,0.063589539277,0.00678869908472,1.8082360502416764e-08,0,9.0411802512083819e-09,21,1,1,1,0,0
123,10,-0.6454125526566391,-0.18108602210166705,2.2281040910018732,-1.1751949797536843,-1.1468597341131106,1.872609460582993,0.0288024533158,0.00780617352295,1.9391853523598527e-08,0,9.6959267617992635e-09,18,1,1,1,0,0
124,7,-4.5062674689488036,0.76051741331352851,-1.1204048904302792,-1.4415318176484664,1.1288415003756245,3.2051672165057612,0.0203936703311,0.0521226163824,8.2799049769526253e-07,0,4.1399524884763127e-07,23,1,1,1,0,0
125,9,1.5604006277498668,0.28422551209904606,2.5135489165955427,-4.0300653784196507,-4.8688094089151397,-2.4866131165231851,0.0146847582982,0.447913581571,6.1114565733085064e-05,0,3.0557282866542532e-05,20,1,1,1,0,0
126,8,-2.7782997856427585,-1.5308789269532976,-2.6365971745219019,0.88493984513137358,4.5641216385096914,-6.0708407507310662,0.117781330075,0.130731721297,5.2200226470702246e-06,0,2.6100113235351123e-06,16,1,1,1,0,0
127,14,-1.2495441989115279,5.8685104573106202,-0.54046524205328295,-0.28372301233297853,-4.2063527717286497,-0.054424365543734449,4.22800270642,0.169840011716,2.6662888140213256e-05,0,1.3331444070106628e-05,14,1,1,1,0,0
128,6,2.4276416699859436,3.3864238789560095,1.1724476294153539,-2.8540053903835703,3.9763984487811039,-0.56965232417985334,0.0495135537712,0.0209089637116,1.3562568663191538e-07,0,6.7812843315957688e-08,9,1,1,1,0,0
129,14,-1.8063991427926485,-0.73880096459745526,1.0602736157818211,-6.1744687932498561,-4.6739277308589795,1.9363754100875268,0.142755535654,0.00487199480246,2.7609643581762854e-08,0,1.3804821790881427e-08,7,1,1,1,0,0
130,6,4.8118474702318341,1.9263186709253495,0.84236658153340405,5.0383599938467052,-1.1202091280558384,-3.7616974287832448,0.0795807398717,0.191548904073,1.1183045558903878e-05,0,5.591522779451939e-06,50,1,1,1,0,0
131,6,1.8082207998573245,2.1994876594535238,-0.82595492039476459,3.0170858613366165,0.71467586830777829,3.5447999361021987,0.304447558163,0.00691122295017,1.0723836753971263e-07,0,5.3619183769856315e-08,10,1,1,1,0,0
132,9,-2.0668563098581738,-2.8679226155717354,2.4878682278043813,-4.480610105977302,4.9185922632742365,-2.4362601834811506,0.136059968892,0.0340750987526,3.7220736479701622e-07,0,1.8610368239850811e-07,34,1,1,1,0,0
133,14,-3.2251424290441397,-5.3735073796899311,2.5154211275314604,0.32574537069464382,-2.8592719194249634,2.0671778881955332,0.0234756572404,0.946799407865,0.00027306847627659548,0,0.00013653423813829774,23,1,1,1,0,0
134,0,5.3863540157111398,-3.2231220349170768,2.4247814147845834,-5.5339345629371515,-3.5604373387417443,-1.6394694322126098,1.44362187986,0.251133787944,2.12957102258181e-05,0,1.064785511290905e-05,22,1,1,1,0,0
135,9,2.3558640616911291,-3.7025425086834978,0.97838469159418429,-0.28075405559818811,-5.0239069172237452,1.5691944861600948,0.173059769807,0.02219901976,1.800640756274698e-07,0,9.0032037813734901e-08,9,1,1,1,0,0
136,5,2.8889987512861168,1.3641372507465774,-1.2932934427549549,-1.5786522117488886,1.4103670507765851,-4.3649364780654425,0.0380335066101,0.0046462159782,8.0224222318537207e-09,0,4.0112111159268604e-09,60,1,1,1,0,0
137,14,2.1948542084585352,-1.5002182618934052,1.1149176921841553,-2.1318823777060798,-4.9295547280132812,-2.5655207147586494,0.086726907917,0.0960775454679,2.8194128955361989e-06,0,1.4097064477680994e-06,18,1,1,1,0,0
138,0,-0.22709629300945205,0.67457457017973432,-1.972642429684986,-0.84341546540051571,3.2952484450069952,-1.2674788568428734,0.292890357107,0.00355230477475,8.9628688666702499e-08,0,4.481434433335125e-08,24,1,1,1,0,0
139,2,3.5684659685227045,-3.9457929970041117,-0.68740998060520764,4.7023889261665834,3.4804606321755545,1.7074480440568132,2.38317593705,0.129479225325,1.0786398925638035e-05,0,5.3931994628190176e-06,17,1,1,1,0,0
140,9,5.9554682082995081,4.3224818621949241,-1.9296563542317158,-0.97516633394843466,-1.550564142133114,1.1104039911272712,0.0354418566211,0.109587302457,3.6595215174824707e-06,0,1.8297607587412353e-06,8,1,1,1,0,0
141,1,1.7492682950728942,-4.5672315308130864,-0.9857063996006209,-5.9778021263600429,4.5891633698401648,5.895486366942686,0.0641448234797,0.0225921343462,1.5959267066988237e-07,0,7.9796335334941186e-08,46,1,1,1,0,0
142,6,0.32793421859716976,-2.3474192964840945,-1.3581978215053903,-2.0955856849224097,5.0772674987126454,2.0273047179659258,0.0633463237904,0.00194134565879,5.1608058655767713e-09,0,2.5804029327883856e-09,22,1,1,1,0,0
143,6,-2.1644265390899107,5.7418764668327915,-2.6758671807183321,3.1477575256989749,0.62650574277702065,5.4311879893352808,92.4735178894,2.65634121535,0.010700777306954477,0,0.0053503886534772387,60,0,0,0,0,3
144,6,1.0965108367563601,-3.5611630113214265,1.377242515673212,2.1643050158328956,5.3675206965426074,-4.0583025535769037,0.767057401297,0.059938583752,1.6827559020391129e-06,0,8.4137795101955647e-07,10,1,1,1,0,0
145,5,5.83094655956479,3.0769268576916069,-2.0605258648870848,-0.96755676325424711,2.6941099375366564,-0.36461750220800748,1.36428026226,0.0465668712489,2.5218154358091527e-06,0,1.2609077179045764e-06,37,1,1,1,0,0
146,4,-6.1745756071565587,-6.1579129658396754,-0.10692410792507812,2.1314523265073184,-2.3827694710654725,1.6033588917015074,1.55892652607,0.278181400334,2.6003037890315602e-05,0,1.3001518945157801e-05,60,1,1,1,0,0
147,5,0.74592414149921238,5.9079150206838298,1.7512987780171938,0.17626465933862134,4.6584370462007572,0.62720818818509938,0.0167829354973,0.0138606799643,5.8804293173900191e-08,0,2.9402146586950095e-08,11,1,1,1,0,0
148,13,-0.14774967359178959,-2.1299734217018194,-1.4675409819534648,2.1444525153972105,1.492437041263339,4.7916502343136429,0.0437611854951,0.010563323142,3.5905409322964581e-08,0,1.7952704661482291e-08,25,1,1,1,0,0
149,0,-5.6326418832668104,0.25383433114930676,-1.151255433279224,-6.1475409262600245,-5.0255109158420197,3.9602459271505306,0.276149129514,0.000849183016661,7.6478004946123394e-08,0,3.8239002473061697e-08,51,1,1,1,0,0
150,11,-5.1743477050010407,5.0351171525271994,-2.4398687612464847,5.6528648908877761,3.785813281829105,6.0082069549390118,0.820850092703,0.0328035087896,1.0015845991449335e-06,0,5.0079229957246674e-07,21,1,1,1,0,0
151,2,3.2544708686571129,-2.5985948555798637,-0.96963180160541595,-1.3720927625011103,5.1273366492473382,4.6467553879717567,0.0661234947368,0.0587619441757,1.0562059354655437e-06,0,5.2810296773277184e-07,18,1,1,1,0,0
152,8,-1.264358729488654,5.558045968982678,2.4565225445484948,5.4383362095969625,4.2212322432138212,2.4044635459479644,0.0488906654235,0.0376262286362,4.3364725552241431e-07,0,2.1682362776120716e-07,47,1,1,1,0,0
153,0,4.9050016832326726,-3.1404802020347717,0.27132103248129341,-3.906211809913982,-3.0117551173161257,-5.4293530147450362,2.15629259264,0.018531708513,4.7542107450066954e-06,0,2.3771053725033477e-06,11,1,1,1,0,0
154,11,6.1349589827545374,-1.9418441400378432,-2.1144881886120452,-1.8805232570473629,-1.3090837926737156,-2.4973845703807518,0.437579345953,0.0804752984118,2.164261454462374e-06,0,1.082130727231187e-06,16,1,1,1,0,0
155,3,-0.50125949520447499,1.838418119837488,0.35739025534183444,-3.0337481941290454,1.6526321799900328,-1.0199674748004224,0.0231090583237,0.418859696425,5.3443663651197077e-05,0,2.6721831825598538e-05,30,1,1,1,0,0
156,5,4.8719112331116463,1.0934886961576893,2.8088412394428732,3.9615717063667644,4.0076747114948787,-3.7697950316037847,0.291803858368,0.00194336563148,8.6299931222335137e-08,0,4.3149965611167568e-08,17,1,1,1,0,0
157,12,-4.2638791509747449,1.3104585903703414,-1.1976520828774442,1.227389227754947,4.151471998640198,0.1164570291548073,0.0974799238437,0.182625539919,1.0169129275027793e-05,0,5.0845646375138965e-06,17,1,1,1,0,0
158,0,3.5525601342009918,3.8033897783378481,-0.71675522144909387,1.0155592746411441,-2.5836694097946888,-0.62893475933773157,0.0422803327807,0.0967355793041,2.8523280805253375e-06,0,1.4261640402626687e-06,19,1,1,1,0,0
159,3,3.1245081305223303,-0.02407977821377319,-1.1725711804489949,4.2522221025779912,0.84364832466071382,2.7695949691502424,0.251242127852,0.0131069063766,1.1545313637528697e-07,0,5.7726568187643486e-08,41,1,1,1,0,0
160,4,4.519824786246291,4.3241838837749587,0.63674106928946073,3.1696057384353415,5.1794759481684558,4.1909606347691533,0.252082846194,0.022550107763,2.1844596132900386e-07,0,1.0922298066450193e-07,11,1,1,1,0,0
161,14,-4.7862951534335316,-3.9217159840800315,0.13809520836890923,-0.63243395163974703,-1.4599872124697451,-5.4782697816437009,50.8005564881,0.034222136284,0.0025810532935934961,0,0.0012905266467967481,60,0,0,0,0,3
162,2,6.1087041713423407,1.6146676023296394,-2.2950771074330851,-4.4814168416492333,-1.3003376583182367,0.79911802177685232,0.0808356076934,0.0924295850632,2.6089505248692862e-06,0,1.3044752624346431e-06,16,1,1,1,0,0
163,2,2.07704863789662,2.4029302179808472,-1.5027302456560461,-1.4969514418904526,-2.2419477896451161,4.7326355851756006,1.00363195667,0.104126006211,4.3100077603344311e-06,0,2.1550038801672155e-06,8,1,1,1,0,0
164,3,-2.3325958664507822,5.0992370437104144,1.7856241616469573,4.333831151776347,-4.8212193635425615,-5.695830729166353,0.147843614656,0.0332679447148,3.5899493578502677e-07,0,1.7949746789251338e-07,27,1,1,1,0,0
165,8,-4.202010044989521,-2.0075564404833965,2.8572694581694726,1.0767414830860225,4.970792533682312,5.1712956605581981,39.4078524475,0.0537305456572,0.0015538582563466557,0,0.00077692912817332784,60,0,0,0,0,3
166,1,-4.9222816665404769,5.6952816112195634,1.5018972000148989,-0.80737403784800466,1.5750001419614681,-3.5858011361170985,0.049017820957,0.00426257982316,7.9375194053801749e-09,0,3.9687597026900875e-09,14,1,1,1,0,0
167,8,5.6787574306048478,1.2028787143247255,-2.5233477148492049,-0.067873300133172415,-4.7613240861319372,-0.87745551794193499,0.228438229147,0.00495593914286,5.9665834356069576e-08,0,2.9832917178034788e-08,22,1,1,1,0,0
168,4,0.23011318619939808,2.7497196445632359,2.911367889896463,1.7097213854274429,4.299911716928345,0.72141013955740152,0.136616532198,0.00808437759948,3.8573006670357855e-08,0,1.9286503335178927e-08,11,1,1,1,0,0
169,14,-4.3013938253854009,-4.1003486407805125,-1.937755097639992,4.5358112971162337,1.0946383921560221,2.7343509243703465,1.6734189199,0.273209232654,2.5537975703902184e-05,0,1.2768987851951092e-05,14,1,1,1,0,0
170,9,1.2965275370641423,0.62557122011038235,-2.4958755225120988,3.5304082699593256,5.8970175939188181,0.24951006591671615,0.0336048271976,0.00361336068448,5.1064838081018568e-09,0,2.5532419040509284e-09,28,1,1,1,0,0
171,4,-1.5644920433742313,0.90666805872014289,2.745617895129258,-3.0477488758247291,-0.061822280606227215,-1.4470704909581071,3.38446113381,0.0638900771419,1.2698007793001068e-05,0,6.3490038965005341e-06,32,1,1,1,0,0
172,2,-1.3846129801879923,5.1171370776954461,-0.45342751210013049,0.98438063080152038,4.1199931330190216,-3.921952668134737,0.959427075412,0.163727705569,9.0863068555568341e-06,0,4.543153427778417e-06,8,1,1,1,0,0
173,12,-4.2286309160622642,4.8740430409427233,-2.6905678497688363,1.8417057155395009,-1.8056517496843343,3.1443858655576831,0.228650525061,0.00554526385063,6.1648033395568355e-08,0,3.0824016697784177e-08,13,1,1,1,0,0
174,2,-1.5342775685062902,-2.1623363157542466,-2.4841033640272778,-2.7396631037442738,-4.3915054156210704,-6.1726798021278535,0.14503730818,0.019860124343,1.4118440610961611e-07,0,7.0592203054808057e-08,14,1,1,1,0,0
175,8,-5.1811948227612161,-0.74630882834568102,2.0458615803660538,5.8145550358741538,-2.3378211789233014,-5.2616229951893709,0.517256098143,0.117693484731,4.4870401493776372e-06,0,2.2435200746888186e-06,12,1,1,1,0,0
176,14,4.9117357317888768,5.6122756866589913,1.1684754753351791,-4.9374045585036246,-3.2690636740430565,-3.4873957789805181,1.8134695801,0.0167777308881,3.3744193619846488e-06,0,1.6872096809923244e-06,9,1,1,1,0,0
177,3,4.8035737820524469,1.1587682275264264,2.7069012337794045,3.9879272902884688,4.2379636413126933,3.1313912840263503,1.11393911071,0.0670476994092,2.6102356623775183e-06,0,1.3051178311887592e-06,20,1,1,1,0,0
178,7,-1.8424642737380845,1.1598513537716324,-2.0407849843164168,-3.9964395202438689,-1.1098108311821859,2.7999926011111476,1.17432928521,0.0134443446901,1.4341089918336052e-06,0,7.1705449591680261e-07,33,1,1,1,0,0
179,9,0.21265335411167205,3.6436392842671097,0.23479798258146523,-1.653252939048905,-2.1116644425680091,-5.3227578536784081,37.1450884888,0.000473755977238,0.0013797576672073173,0,0.00068987883360365865,60,0,0,0,0,3
180,13,4.8977177035868946,-0.70438508538699096,-1.5143904031968238,2.1869349388483093,5.2905281971302118,-1.7733947584501297,1.49283192102,0.0566879176114,3.2074413161879388e-06,0,1.6037206580939694e-06,21,1,1,1,0,0
181,9,-2.426081106564562,5.8191521711634842,-2.6153251290874491,-2.4426220213949326,3.3472437151373406,-1.5336726544634252,0.00812016663842,0.231932307664,1.6386227532747687e-05,0,8.1931137663738436e-06,16,1,1,1,0,0
182,11,-5.9763560554289272,1.1179307375171843,-1.3016066862465163,4.8508861503618226,1.6694839734604796,4.4774244640442245,0.18858228444,0.0318053677527,3.4370859942566937e-07,0,1.7185429971283468e-07,44,1,1,1,0,0
183,10,0.10179744822419563,3.567759019846477,1.5515871491383468,5.983835699326244,-4.6944452209169532,4.6486648665845758,0.0702684380466,0.0029186349673,7.532515574786471e-09,0,3.7662577873932355e-09,19,1,1,1,0,0
184,2,-6.0664325521417792,2.1249237720711309,-3.0160433517969651,-1.161046573326566,-4.7383279298747256,4.3775572813955828,3.3820129855,0.0940391323474,1.4131852855987891e-05,0,7.0659264279939455e-06,17,1,1,1,0,0
185,11,-3.5569416983114341,5.0346812104380829,2.1816797162557129,3.1763857900569334,2.1469519134704549,2.189213428512057,0.0728579575564,0.000364085851423,5.3486616097196453e-09,0,2.6743308048598226e-09,53,1,1,1,0,0
186,12,2.1126449787076158,4.8042918884560608,2.5216004126926554,-3.8960147964561509,-5.0708141010296286,-2.7349941175388279,0.327440958266,0.0702287602846,1.6096146905905699e-06,0,8.0480734529528497e-07,12,1,1,1,0,0
187,15,5.8297180221410692,2.4256711733687313,0.39346532622044361,-1.4491139200367933,-0.7734712612838831,-4.0114618524966854,0.409725263953,0.00270811363858,1.7010881936543176e-07,0,8.5054409682715878e-08,23,1,1,1,0,0
188,9,4.9033687285341117,-3.471784141960542,2.8806121435734102,3.8136220617396077,-3.2635097953747647,-4.4640681648970606,0.204947734715,0.0309126704375,3.3309390695907747e-07,0,1.6654695347953873e-07,16,1,1,1,0,0
189,2,5.0184356933552055,4.7604742206137551,1.4376862427759018,3.9182998820502513,-4.8428768846084411,0.3671224451697635,0.0297263173374,0.00831214364031,2.1930199041559922e-08,0,1.0965099520779961e-08,28,1,1,1,0,0
190,5,-5.9280608118618421,-0.79042737276948172,2.4329207542450133,-0.51622331087058104,5.1342523682645824,0.99761539638057273,0.459250841559,0.0129680607645,2.6213902972555833e-07,0,1.3106951486277916e-07,52,1,1,1,0,0
191,11,0.059479484533469074,-0.91555084499952955,2.4899544208091062,0.090594016175634132,3.9225376178693812,0.93663022601430845,0.0786922172667,0.00608134423233,1.7458054230839332e-08,0,8.729027115419666e-09,19,1,1,1,0,0
192,13,-1.853730785845729,-4.1185908662013055,1.2978331315535463,-1.7942343531861202,-0.337710215728243,-2.6413589362787921,0.0563169992343,0.00256371833916,5.1737486116356186e-09,0,2.5868743058178093e-09,30,1,1,1,0,0
193,13,-3.1786689558538788,-1.7843426447042052,-1.6241267105756327,-3.2652668215677791,1.6528819192907207,0.92718809918190237,0.0396545208901,0.00804723850735,2.1298910395593068e-08,0,1.0649455197796534e-08,22,1,1,1,0,0
194,11,0.3053827586687477,-5.2537809623183911,1.6617313060305918,5.0231622867282439,-2.1966373928905214,1.096955109103434,0.0849875159525,0.0119341747817,5.060787001622711e-08,0,2.5303935008113555e-08,22,1,1,1,0,0
195,9,-1.8473038048324915,6.0318584194740126,2.2703219251455473,2.5111239536868171,-4.699616779780909,0.31831222033786455,1.00331648918,0.0341803987337,1.3625284046988248e-06,0,6.8126420234941242e-07,11,1,1,1,0,0
196,1,-2.2112827831035351,-3.4228529151040084,-2.9374208787141396,5.9615668105986686,2.0452673885690804,-5.115433821732104,127.21932234,1.83594852717,0.017211532044128862,0,0.0086057660220644309,60,0,0,0,0,3
197,15,3.6022413109535329,1.7471236462120432,-1.845472719602951,1.0454398548216577,5.6362497346721137,5.0655395985675167,0.0307303657767,0.0511182497564,7.9693265915213595e-07,0,3.9846632957606797e-07,18,1,1,1,0,0
198,2,-0.97942117998864708,0.037247302030573248,2.7838447624596041,6.0397393033485072,-1.4405636499853962,-4.3070914351072398,112.745309041,2.60789395759,0.014783241563045063,0,0.0073916207815225314,60,0,0,0,0,3
199,6,-1.9221489247891808,-4.7558470823490264,-1.7581767673230295,-3.9614087433286125,4.274642091143007,3.3492676482462058,0.0253644310831,0.000987880090524,9.4063265877310312e-10,0,4.7031632938655156e-10,38,1,1,1,0,0
200,8,5.4039587894220613,5.5286214973994916,-2.2416533273607229,4.5427626651470696,-1.6219094951411701,-3.4088927152023292,2.94806945681,0.214500034834,2.2706641713089421e-05,0,1.135332085654471e-05,30,1,1,1,0,0
201,4,1.2979894444793629,-0.69498342790647816,1.3616703109144508,0.80444010261653631,4.5336272279649235,-0.56713240642643858,0.00748993430604,0.00380403961626,4.4641317133997561e-09,0,2.232065856699878e-09,13,1,1,1,0,0
202,3,3.5241412511136638,-1.1747149961995851,0.6999286473308145,-4.2657125357973023,-2.0832502512397371,4.4785148116004283,0.162717864625,0.0129622275907,7.7658722545721852e-08,0,3.8829361272860926e-08,9,1,1,1,0,0
203,13,-1.3752041376567115,0.92963989986195528,-0.14051624631876758,-2.045778892759595,2.5387148320102524,-6.1629171200144972,37.5816915267,0.000534351461606,0.0014123836249889991,0,0.00070619181249449953,60,0,0,0,0,3
204,8,-3.8647793861197219,-0.35423541147200777,-1.6093740711912981,3.5731637168946753,-1.7424009974493704,5.3004414705554623,0.941764631262,0.0273501511527,1.1147838231877469e-06,0,5.5739191159387347e-07,12,1,1,1,0,0
205,3,-2.5764461436094082,1.742254035597566,1.5938487062478306,-0.59521851787003566,5.4577649934187766,-2.9273409072521077,0.0717550887658,0.0708515878671,1.5343122486795938e-06,0,7.6715612433979692e-07,14,1,1,1,0,0
206,14,-2.258840801407902,-0.64911440208273963,-2.141522525350668,-1.8104466861455311,4.1095166966789805,4.1838525851673181,0.108272233364,0.041255086917,5.3017630174807719e-07,0,2.6508815087403859e-07,17,1,1,1,0,0
207,3,2.8145965339563501,-0.81356142265429032,1.1482945073677637,-3.9038363780013161,5.3628929973806514,4.8691265426185923,0.14345892706,0.141464988328,6.116688728774355e-06,0,3.0583443643871775e-06,25,1,1,1,0,0
208,0,-4.2164335008831868,6.1811277702608871,2.0554734615799566,-0.61157110050158303,-1.5072193370916038,5.6885939277513549,0.0856033940645,0.00731415651379,2.3624024305525599e-08,0,1.18120121527628e-08,6,1,1,1,0,0
209,3,1.9030291261459622,-5.0897332848085242,-0.27299959506731436,-2.7302426906124526,-4.8666484681730235,2.4988017899310524,72.1429443579,0.0356581935759,0.0052049917437366052,0,0.0026024958718683026,60,0,0,0,0,3
210,3,-0.014336691414604724,-2.3276241647030602,1.4323023999779423,0.60984946996974643,3.9857377236803626,1.1849419104245931,0.415836427813,0.858073083481,0.00022445950223421931,0,0.00011222975111710966,15,1,1,1,0,0
211,12,0.013205952376733389,-0.82882045913931857,2.2234986351898409,-4.2136151544717872,1.2844779665722614,-0.62726967271258316,0.353499893117,0.134389280916,5.6264986342941696e-06,0,2.8132493171470848e-06,12,1,1,1,0,0
212,3,3.6194541244764369,-3.9501411103319,-2.5891892754159227,-1.2178079391548098,2.3537383734276363,1.92507363367172,0.0449482153347,0.00839620800938,2.3494745794578759e-08,0,1.1747372897289379e-08,54,1,1,1,0,0
213,12,3.1529151582069903,-3.206384496352424,3.022926551972231,-1.0802186896335173,1.7878558268511269,0.45717174607426625,3.91950115293,0.0055211517981,1.5371774976315914e-05,0,7.6858874881579571e-06,24,1,1,1,0,0
214,5,2.9604119323574833,3.6565360742001869,-2.594215662413609,4.1927882360848896,1.562162895737752,1.7645938407739554,0.552490072173,0.0343268170129,6.6418523566914422e-07,0,3.3209261783457211e-07,54,1,1,1,0,0
215,4,0.12750221846593457,2.74699877094098,2.0418968794360368,2.5129548954150387,-2.0563756504813986,0.59417463050616826,0.038943145861,0.12787301558,4.9824707798080772e-06,0,2.4912353899040386e-06,41,1,1,1,0,0
216,5,1.5568702584436138,-1.7488467553985698,0.45140298258871636,1.6935230051398715,-3.4879367056478277,-1.9249860068293223,0.617460323979,0.84518680914,0.00021798189103327487,0,0.00010899094551663744,28,1,1,1,0,0
217,1,-0.050270702747733029,2.7300428425431482,-2.6130954121331706,1.8878875469622758,5.015598925761223,-3.470369694984853,0.0114661060266,0.100970559881,3.1057225043091264e-06,0,1.5528612521545632e-06,16,1,1,1,0,0
218,1,3.6030615772434422,-5.7750500669138329,-0.035943864741144138,-2.6001380871878568,1.0654420203344266,1.3924061804781347,12.0495782467,0.000244172798475,0.00014519235408414144,0,7.2596177042070722e-05,60,1,0,0,0,2
219,4,3.6845033243509278,0.29190325239061005,2.1032708658004124,4.8617539131007899,3.2841355213814074,-3.5638391229838864,0.581661879704,0.313993477518,3.0371141927385854e-05,0,1.5185570963692927e-05,14,1,1,1,0,0
220,4,2.7639982424692149,-4.9596199216051549,-1.9271685866570671,1.4617911652921403,-2.144756193780319,-0.95608441172094061,0.287375692273,0.0013691441273,8.3155810812080086e-08,0,4.1577905406040043e-08,13,1,1,1,0,0
221,7,2.844325554732464,-3.3525769957579983,-0.4568127181916381,-3.5738744093652288,2.3919167529980436,1.5209475840275992,0.321789633811,0.0100916474421,1.3457121711262604e-07,0,6.7285608556313021e-08,14,1,1,1,0,0
222,10,-4.9481541464877719,4.8508388680569698,-2.3106985683487902,-1.4185848103049001,-1.1515935533587125,-0.0077234198823687133,0.0245764104836,0.121789218987,4.5188765631407886e-06,0,2.2594382815703943e-06,20,1,1,1,0,0
223,11,0.71950480419269669,2.1367926677773594,0.56208538237273664,0.36012000286690965,2.4072378742841147,1.4182999430391279,0.556086338119,0.0950335255085,3.0603449376333562e-06,0,1.5301724688166781e-06,11,1,1,1,0,0
224,3,3.7632171571378272,3.4569301224944251,-1.1120270259047831,2.4112785124364398,1.514436836604812,1.6974313253839266,0.802303227189,0.20275778856,1.3166732170624335e-05,0,6.5833660853121673e-06,15,1,1,1,0,0
225,12,3.1340972539628509,-2.3871500608105753,2.2379363550265357,3.2668259985859427,3.6607488398600276,-0.22681273919500555,0.0927962028858,0.0145357208851,7.2972891378365187e-08,0,3.6486445689182593e-08,13,1,1,1,0,0
226,12,3.5539696369657428,4.3067705321808356,1.6246129630399304,-4.6630314219647717,4.7326362960966621,4.311724855478392,0.860713977427,0.00646245346951,7.5355038110199746e-07,0,3.7677519055099873e-07,16,1,1,1,0,0
227,4,-6.1486685588581951,3.2827424850780034,-3.0140784511775407,-2.678744646731142,2.4618839329827282,-2.2480946213672315,29.5933569238,4.31418911005,0.0065453755455434273,0,0.0032726877727717136,60,1,0,0,0,2
228,10,-5.2188111537072075,1.06730511157649,1.4452674016223042,-4.4482001841220269,1.6997535803411636,3.7308293828851995,1.02118946927,0.00200765136335,1.0440557426226934e-06,0,5.2202787131134668e-07,13,1,1,1,0,0
229,15,-5.5162383016716259,2.0732020666951771,-1.4485338549423725,-1.6389704655366364,3.3369088738444268,-2.6969977682495281,0.0737962438674,0.136415159444,5.6741006102720974e-06,0,2.8370503051360487e-06,31,1,1,1,0,0
230,0,0.76636511585295952,2.4032070409478115,1.478622131167082,3.0498377167751403,5.3993301348580092,-5.6354486662939269,0.0613102634112,0.0614885273932,1.1554683695084056e-06,0,5.777341847542028e-07,18,1,1,1,0,0
231,9,-2.0526157085495176,1.4350764334210593,1.2853481469348824,4.3444700569095822,5.006344380217719,-2.3648582517980841,0.0292568711981,1.84359345986e-05,8.5606804679396253e-10,0,4.2803402339698127e-10,19,1,1,1,0,0
232,5,-2.9040240387898799,2.7023858015398798,-0.1893501778649353,-0.39496267026217069,4.388802566321286,-1.9544874640201901,100.757992829,0.000146366172509,0.010152173125421875,0,0.0050760865627109374,60,0,0,0,0,3
233,14,-6.0290053174629215,3.8987297355325774,1.098401108671565,3.8111557933949043,-1.498094535541511,1.0642793383864058,0.0563085945029,0.00550158878856,1.2390659231762637e-08,0,6.1953296158813187e-09,21,1,1,1,0,0
234,15,1.9801345966800508,-3.1786233781235946,1.8685577785079726,2.8434576734930141,3.5101226517577309,5.2692926890762495,0.0238044423994,0.00229149312775,2.1661795020435405e-09,0,1.0830897510217703e-09,21,1,1,1,0,0
235,1,1.4000334851454106,-2.4865893138820359,-2.6082040744491031,0.014936580501628193,4.8238597443759943,-0.2003537883775213,0.0563607655419,0.000883100687813,3.414096912416605e-09,0,1.7070484562083025e-09,6,1,1,1,0,0
236,14,-3.6782778831518801,-5.4713614678157256,-0.77151436264281059,-2.1757985494267222,-4.3961742633207788,-4.3740305878394636,0.262992853525,0.00393403582628,7.387969450374746e-08,0,3.693984725187373e-08,12,1,1,1,0,0
237,1,5.5649733372617858,2.0037462792679022,-0.4808567638818031,-0.89823766641629099,0.11792141002699477,2.9267986575553135,1.42762956418,0.0152025376189,2.1085284824276407e-06,0,1.0542642412138203e-06,7,1,1,1,0,0
238,8,5.4698106087245595,1.6511642428299915,-0.82833773448778902,-0.27853593876366184,3.7893073350340969,0.76086208441282555,0.332594017569,0.0648855236563,1.3930980775825685e-06,0,6.9654903879128423e-07,15,1,1,1,0,0
239,1,-4.5952391216946111,1.2491170884674525,-0.59755019477497073,6.0795734187214077,-0.96437159192935329,1.176719549487292,0.285905289954,0.00549492107882,9.0939501223548957e-08,0,4.5469750611774479e-08,19,1,1,1,0,0
240,2,-5.2628786015471736,-1.2802085205148801,-0.58848409652194822,1.804032688445079,1.9087646166738659,3.6521057927069855,84.6337224005,1.68982395489,0.0080327035322009018,0,0.0040163517661004509,60,0,0,0,0,3
241,2,0.63127032331602351,4.7042984393068288,2.4041625318463424,-2.8553249459399148,-4.4047474605375623,-2.0906208130267969,0.0355687619559,0.0998761700442,3.0398998533314903e-06,0,1.5199499266657451e-06,13,1,1,1,0,0
242,15,4.0649604125838099,0.93614528698262067,-1.2470692822886482,2.4528101617744755,-0.3194375405756425,-2.8458207341279853,0.0277967857021,0.0202638953766,1.2585632815065011e-07,0,6.2928164075325057e-08,12,1,1,1,0,0
243,1,-1.0990200845110387,1.3150873255188598,2.1075352138514303,-4.0017479478296325,-3.4112050085031207,-4.5436620332345719,0.246966810502,0.0589065503644,1.1180094702895268e-06,0,5.5900473514476342e-07,23,1,1,1,0,0
244,3,-4.1667462973747433,1.0670738184738517,0.49825382661232093,-0.32278139492976099,-1.0339734735618886,-0.63555360705919117,0.868893947801,0.318328030323,3.1622692934503529e-05,0,1.5811346467251764e-05,36,1,1,1,0,0
245,5,-3.2192923230403734,-4.4384082681690167,1.8878717577006308,-5.4318796796153173,-4.538279000334505,1.7470529981507825,0.0189898129754,0.0189928785568,1.102450829942712e-07,0,5.51225414971356e-08,14,1,1,1,0,0
246,6,5.6886033272620775,1.3786677172348398,1.9636655421211731,-1.6140284544097558,-1.0595018574593602,-4.7127422530026291,0.428984770966,0.109230026504,3.8184788936246973e-06,0,1.9092394468123487e-06,24,1,1,1,0,0
247,11,-5.0984245764617224,-1.6801463766293692,-1.6370734422598754,5.8129718279256144,-1.0143473878739704,-4.8664131724982012,0.161358916984,0.0590977897391,1.0899278894195466e-06,0,5.4496394470977331e-07,20,1,1,1,0,0
248,2,2.1263529462714259,5.4898573632404348,-0.809825048466569,3.0070294147244239,4.5869203531192158,-0.43131680136650014,0.668392018608,0.0115263096516,4.8721808585976145e-07,0,2.4360904292988072e-07,28,1,1,1,0,0
249,13,2.4383144985146865,-0.76021442640229964,-1.0165472984632578,0.14917869016393057,-4.7295826509460435,2.2533764229202764,0.85942245516,0.00325845220835,7.4184123517605666e-07,0,3.7092061758802833e-07,21,1,1,1,0,0
250,9,0.47131732822491157,0.58881131698274369,0.30254545075612937,-2.3455338300004307,1.0190109690370324,-2.1300296102291778,1.36152925493,0.00311518387368,1.8567180323395301e-06,0,9.2835901616976506e-07,29,1,1,1,0,0
251,2,1.8302424412397922,-3.1661940734301903,2.6088957223413054,-3.9465299508603553,2.3666223086865021,-2.207066697612948,0.117404575373,0.0054766686539,2.2920498607028394e-08,0,1.1460249303514197e-08,14,1,1,1,0,0
252,11,3.6678281843723668,-0.047270953568728111,0.2340820978489587,0.24170992803930916,-0.99839424076682037,-2.6614137597879437,2.56159170133,0.00311469519134,6.5647072372738914e-06,0,3.2823536186369457e-06,18,1,1,1,0,0
253,4,3.2591388147321956,-0.39136107265102615,-2.4845843182996128,-0.24301460261298172,-3.9646406027804968,1.5256094770277073,84.0109870628,1.76902958632,0.0080111357071898405,0,0.0040055678535949202,60,0,0,0,0,3
254,9,-3.4724093669682681,4.2144359349962892,2.7830924826842378,-1.6849428059090035,-2.1320496263003381,3.9451850019742474,0.397136228168,0.00504213818092,1.6546152034432743e-07,0,8.2730760172163713e-08,15,1,1,1,0,0
255,11,-4.1837095698727227,-4.5406560171230268,0.37486770908776207,-5.0092582131487005,6.0173328475617343,5.006705088252934,2.36404929029,0.0858654088353,7.8346332058645119e-06,0,3.9173166029322559e-06,14,1,1,1,0,0
256,13,1.1420201253333322,2.7435092663964151,2.2879779354369529,5.967835794247331,1.7437198057939491,3.6360858717770563,0.42714237972,0.000822034070226,1.8265645473161054e-07,0,9.1328227365805272e-08,13,1,1,1,0,0
257,4,5.2801126419245827,3.1294321142144437,2.4112437273697611,1.1793763744124541,6.0461974114429706,3.1026977711746406,0.0998642999054,0.0453930381856,6.3764557548094159e-07,0,3.1882278774047079e-07,19,1,1,1,0,0
258,13,-5.211102506372967,2.8225395941319906,-0.82832462873126689,-3.4604834441217629,1.6418383441546884,-2.7623494569868678,0.0319865756409,0.0047660158587,7.9424974326320425e-09,0,3.9712487163160213e-09,20,1,1,1,0,0
259,3,4.1533190369078747,2.2865220502772821,-0.17169682768109687,-6.270546586228213,-2.8851966778469467,3.426116584336325,3.95591688985,0.104982075694,1.900653897869613e-05,0.0055295998217477433,0.0005624632516641224,52,1,1,1,1,0
260,5,4.5261795748662941,-6.1055160859974924,-0.51068137652062595,4.6676940874893686,1.1601252819195089,0.89844159144314251,0.115741287629,0.0971539860473,2.8886484969218564e-06,0,1.4443242484609282e-06,23,1,1,1,0,0
261,1,4.574085072511517,5.5093647351170949,1.2359751459187058,-2.7252963145597935,1.4182127274509375,-0.35688228603719541,0.0461806614548,0.00210592325767,3.483605176526797e-09,0,1.7418025882633985e-09,25,1,1,1,0,0
262,5,-1.436529793019496,5.4277722887215187,1.7313546186142783,-3.5293316300261059,0.34792142278259081,-5.6302638291905351,0.524137327001,0.00054623966993,2.7481082862452962e-07,0,1.3740541431226481e-07,17,1,1,1,0,0
263,0,0.71087829963963589,-2.3422006102185593,-1.3178579211966066,0.30585693775386774,-5.2914722825199787,-2.1146895862442356,1.62866145435,0.107577664291,6.1778614752941566e-06,0,3.0889307376470783e-06,13,1,1,1,0,0
264,10,1.4804760910402246,-2.2262594110085909,0.86036534667024045,0.42832881570317272,-4.282182553466054,2.3700200923354044,0.200346420958,0.00179282112868,4.1117792016150342e-08,0,2.0558896008075171e-08,20,1,1,1,0,0
265,8,1.4795588128842934,-5.4733941947879723,1.2927115248171934,6.0874813268194536,-2.2791309048873756,0.29321335133018667,1.17945658883,0.0994071833036,4.4012826364987768e-06,0,2.2006413182493884e-06,20,1,1,1,0,0
266,0,-2.2567805645172583,5.5170168241209785,1.2831867751135808,-5.4892323259460776,-1.4030871305769066,3.9946330123276947,0.0181267929115,0.0286521338854,2.504026601311022e-07,0,1.252013300655511e-07,19,1,1,1,0,0
267,4,-5.3179778104175668,0.40159011512055925,-1.1080255687011635,4.8765362468486133,-4.2892159631032385,3.2411923219065026,0.0236472157138,0.000191691918118,5.7038421920052883e-10,0,2.8519210960026442e-10,58,1,1,1,0,0
268,15,0.13484252600235447,-5.2585933119457238,-2.828062703201454,-2.033102233669863,-0.72004360314666049,1.3813854745730199,0.0258447844117,0.0234087127155,1.6758849968497547e-07,0,8.3794249842487734e-08,32,1,1,1,0,0
269,14,-3.7096280573950118,1.2256851195093801,2.0933936363141088,5.7414000153981144,4.475609533382813,4.7163296276700297,0.481646281575,0.0498999707824,9.9048267376053396e-07,0,4.9524133688026698e-07,17,1,1,1,0,0
270,15,-3.4837340333401579,0.35677106375765116,-0.061325001921614775,-2.6806765227022566,1.0331076087783444,-3.2586838942815586,4.2922994441,0.0284961454889,1.8671193094921195e-05,0,9.3355965474605974e-06,13,1,1,1,0,0
271,1,-5.7729620935434305,2.1177914003627483,-2.2187776280139526,-4.5505893172066578,-2.1494480074963702,0.82178955440247448,0.0219150377753,0.0737823175391,1.6587658334308068e-06,0,8.2938291671540341e-07,16,1,1,1,0,0
272,11,-3.0397799249075859,1.2643360998980815,2.4945372245195778,-5.7142887635732107,-4.7683916267705584,1.4594606731648441,0.14481777836,0.0399248770527,5.0653107901307111e-07,0,2.5326553950653556e-07,13,1,1,1,0,0
273,15,-1.1212476990360989,-4.2430762694460942,-2.2626092165901031,-0.83116881408246868,-4.4195310863154296,0.35834118468825121,0.616011043861,0.0164599966149,4.620000571437015e-07,0,2.3100002857185075e-07,23,1,1,1,0,0
274,8,-4.7596905104204543,-3.6921493057098811,-0.38280005573759684,0.93378710967119094,0.92607334712060208,-3.291294944234842,1.16459273023,0.00535111642544,1.3649987786573872e-06,0,6.8249938932869361e-07,11,1,1,1,0,0
275,12,4.1270327209210302,-3.1557545308174109,0.11528347914488862,5.5806904609454957,-2.6107620883759126,-0.95473867869258189,23.3002876754,0.0002067906303,0.00054290341878115078,0,0.00027145170939057539,60,1,0,0,0,2
276,0,-3.7782545701262276,-4.0460152409848584,-1.3960518179404104,-2.512833074578162,1.3560239611906766,1.7003500745015148,0.0415460577043,0.123102086519,4.6179361371713408e-06,0,2.3089680685856704e-06,11,1,1,1,0,0
277,14,-0.9949172301206709,-0.60787662598860848,-0.69477245965876322,-3.4400096207242465,2.9365570889715653,-3.0185916071552108,0.326106608184,0.0519046308566,9.2701247893437351e-07,0,4.6350623946718675e-07,14,1,1,1,0,0
278,4,-3.9456144545495913,-0.87620280943137452,-2.4679864411023598,3.3785402104904638,-1.7791703100489482,0.60973405801466574,0.391325785405,0.143571055661,6.4321075262364401e-06,0,3.2160537631182201e-06,16,1,1,1,0,0
279,4,5.3591181807374682,1.8045861215746615,0.25443038631750359,-2.7970897107159134,1.2457061428686997,-0.99074324168443884,120.130557388,2.34412382849,0.016105198111529426,0,0.0080525990557647129,60,0,0,0,0,3
280,14,-3.7561006480070303,-4.2345171812303271,2.356829168163082,-2.049387647930033,-1.3883593149672251,-0.88158273809919929,0.116834352245,0.0280647052055,2.5357537697302405e-07,0,1.2678768848651202e-07,25,1,1,1,0,0
281,0,3.1152936969092226,-4.760737477437786,2.7144560844909198,1.8628053535971032,-3.5017796493490763,-2.2503690756138317,0.0311203990193,0.352655990301,3.7885093899778666e-05,0,1.8942546949889333e-05,15,1,1,1,0,0
282,15,3.5176763566427391,0.16105686991904111,0.98077287157683712,3.7672622313488193,-4.6820981461452718,0.81608092063291182,0.536108497865,0.311292221701,2.9805707633417883e-05,0,1.4902853816708941e-05,18,1,1,1,0,0
283,2,-5.1996132512194189,5.1577552547762577,-1.8939000302372051,-1.0335028957678858,-1.2398538523820426,0.31793795264899433,0.266987980014,0.0028696471283,7.3791067737225178e-08,0,3.6895533868612589e-08,11,1,1,1,0,0
284,8,-4.0768191002091996,0.8163085433539895,2.2544292192930571,0.71103119695189765,-3.7414933083854556,2.1126649470809697,0.00457013392877,0.496025992455,7.49486346508515e-05,0,3.747431732542575e-05,21,1,1,1,0,0
285,14,3.2553110522039805,3.9060009587578053,-1.4820989317390818,-0.95654703625457238,4.6953672597326426,4.601532969658253,0.11361897161,0.00461143398077,1.9387058642167946e-08,0,9.693529321083973e-09,26,1,1,1,0,0
286,4,-0.39210759850069909,-4.195228860279312,0.040818785392838286,-1.1682223942869248,5.246068695115726,3.1899685393750987,40.347939491,0.00942752343796,0.0016279832950150787,0,0.00081399164750753936,60,0,0,0,0,3
287,6,0.3149805285346971,-1.5737989857951364,-2.5774825388412008,-0.35370113875701842,-1.2712429655661324,-5.1479643901966075,0.266196866986,0.0278798391791,3.0763545492593792e-07,0,1.5381772746296896e-07,56,1,1,1,0,0
288,2,4.3687154086660973,-3.6759433647013253,0.72249864998631663,3.245406102981756,5.2572376749463166,-4.5575403656449653,0.495556722511,0.0114103738522,2.8523662716182366e-07,0,1.4261831358091183e-07,15,1,1,1,0,0
289,0,-1.8591314209509546,4.8782502706200468,0.27291028901642916,1.6432848691101472,-2.1860559595186775,3.0843365959167772,0.115565919448,0.000289284654011,1.3380973832821545e-08,0,6.6904869164107724e-09,16,1,1,1,0,0
290,14,3.5767505254028018,3.7179932788391619,-2.2876737492342141,-5.900856098534252,5.8423204148223888,-1.9565726671123569,0.733827567431,0.0125411480416,5.8641324658694872e-07,0,2.9320662329347436e-07,14,1,1,1,0,0
291,6,-3.4936349338116428,3.8981950131765966,-2.4966975636988971,3.4289664198613292,-4.5910886576950096,-4.4962713313988711,0.0825534388323,0.00963664787843,3.5103361569791592e-08,0,1.7551680784895796e-08,13,1,1,1,0,0
292,8,1.8156240931666963,2.7436473927954999,-0.86763619793297986,0.88698164799021584,-2.2546245591263463,0.74087370763605542,0.0772299149613,0.0285437948387,2.5415096147254976e-07,0,1.2707548073627488e-07,13,1,1,1,0,0
293,0,-2.1983407062496219,2.0633835111492815,0.96242428705908045,1.4730122938045656,1.6232369031944163,0.75016116870624727,0.0564583027399,0.11137679906,3.7819030797345495e-06,0,1.8909515398672748e-06,43,1,1,1,0,0
294,11,2.0088556811167089,-2.8656152560483465,0.55408724928616837,3.9061183884537951,-1.3349796112974148,-0.78037578133019203,0.292797945592,0.207477058717,1.3198514427426897e-05,0,6.5992572137134484e-06,18,1,1,1,0,0
295,1,1.3315129189186103,4.1548121096254,-0.79934360371811386,-0.22214497465358962,3.8422881720393658,0.44938460643257178,0.0219255153641,0.816175232818,0.00020291894122854574,0,0.00010145947061427287,59,1,1,1,0,0
296,2,1.0313222376649338,0.10169680760974728,-2.295409728833012,1.3546744242130195,2.6582955356023508,-1.8522794800393672,0.156684791938,0.00562548645125,3.4190076686867442e-08,0,1.7095038343433721e-08,25,1,1,1,0,0
297,13,-5.7823314185878791,-0.84735938718278958,2.6173192466665491,4.6757225105730109,-1.5901994386775329,1.7217478098658086,0.0202642021333,0.0475733335034,6.8982750240079436e-07,0,3.4491375120039718e-07,7,1,1,1,0,0
298,11,-3.7216344066708729,3.4612725870008259,-2.6547068795133648,1.2320826715871771,-1.3815864276715308,-0.36161753214406694,0.216896260814,0.000601680757397,4.7154265472241225e-08,0,2.3577132736120613e-08,15,1,1,1,0,0
299,1,1.5756536450476353,1.5759824292500868,-2.4860444422881778,5.5537059153662787,-4.7851592918318024,-2.9897941898826779,0.518623915063,0.0411411352208,7.8456407989414715e-07,0,3.9228203994707357e-07,23,1,1,1,0,0
300,9,-4.8602933394873178,2.390233166231102,1.1222720394290253,1.3225920441603638,1.7427056347916863,3.3847303264728033,0.087057853304,0.0567490234772,9.8858474674896208e-07,0,4.9429237337448104e-07,16,1,1,1,0,0
301,12,-2.6191370130160547,3.7455698953351715,1.03879307743399,-3.1406034599184975,4.0530461690585486,3.641501394447233,0.0697819921536,0.00962969861306,3.3117033437091803e-08,0,1.6558516718545902e-08,29,1,1,1,0,0
302,9,3.2553320692005761,-4.9420350067787737,-0.74869090967495511,-1.8544309210119136,1.0132077077569284,-0.12231730846974252,0.0560917083849,0.24228737919,1.7885155711829978e-05,0,8.9425778559149891e-06,11,1,1,1,0,0
303,3,5.0867103897937991,1.4185790054294745,0.92989405014577076,4.6666299420677904,4.5454293626448932,-4.6193824390313365,0.0250590688726,0.00285994403984,3.1195080749646855e-09,0,1.5597540374823428e-09,17,1,1,1,0,0
304,2,-2.242607761044376,1.5745114550785826,-1.4393921657027724,2.8691618556903498,-5.544412964945078,-4.9279311251821722,0.351305928484,0.0304918579642,4.0663493777658326e-07,0,2.0331746888829163e-07,18,1,1,1,0,0
305,0,-5.0342687089656435,0.80351372541138666,1.7763635867758696,-0.60537315998828023,0.73901913963133192,6.1526036724571114,0.120015306692,0.0119566084408,5.7951928036290556e-08,0,2.8975964018145278e-08,10,1,1,1,0,0
306,10,-5.2287869628564874,4.676788524189571,-2.468598944688563,-3.3609361511625515,2.1911188138939739,-2.854888256342603,0.278665132553,0.00366305202732,8.1741597455964584e-08,0,4.0870798727982292e-08,15,1,1,1,0,0
307,4,2.6635123752044425,-5.5474506231561351,-0.27827481105589102,-2.8728805892276479,-3.772562459230016,1.6879142156210973,0.0265526678798,0.484738575701,7.1577113068294998e-05,0,3.5788556534147499e-05,16,1,1,1,0,0
308,8,0.58992868209727622,2.75155191856933,0.43603846589035222,-4.9058147075313174,-3.9131218546199151,4.021476696572952,0.470161489716,0.057691072841,1.2348977651273583e-06,0,6.1744888256367913e-07,24,1,1,1,0,0
309,14,-3.981101968621632,1.9889341263692222,-1.5373969985672395,-2.2437567117893722,1.4924556810651397,2.4013429221294409,1.06407297524,0.0743995745488,2.8183990930296758e-06,0,1.4091995465148379e-06,20,1,1,1,0,0
310,15,-0.33715036312764141,-2.9584475398498786,1.8080369345527616,3.4847866049774394,4.6240721493894119,1.7975333762974093,0.903427939061,0.106141713358,4.2480211791120587e-06,0,2.1240105895560294e-06,37,1,1,1,0,0
311,8,4.8383938084175275,3.9540344904030094,0.87814751429358973,-5.8069790334036737,-4.8363798348060252,0.085975011772715687,0.205315936555,0.00330341708316,4.5478791021924921e-08,0,2.2739395510962461e-08,16,1,1,1,0,0
312,0,-4.8381514150586451,-4.470520183589767,0.34692829961900801,3.5546093786940176,-5.4500281092976399,-3.5117001861978037,0.440490159688,3.88013114853e-05,1.9403203939582502e-07,0,9.7016019697912508e-08,17,1,1,1,0,0
313,6,-4.5363055411833511,5.2275966932835143,1.0235285832334715,-1.4232086692215451,-4.7606070043848421,3.0167563913420445,0.213664024383,0.00831118731465,6.6694017814702385e-08,0,3.3347008907351192e-08,15,1,1,1,0,0
314,11,1.9652143666890594,4.5830699351443149,-1.8675344291076965,-4.7771584253186816,-4.4600589600354139,-3.6582479518060587,0.556096175346,0.0455231173809,9.4051815042047596e-07,0,4.7025907521023798e-07,8,1,1,1,0,0
315,7,4.5993142619366614,5.1790042275007631,0.57306238394790066,-4.450829958130317,4.9724293728035631,-2.9117162991106067,0.471526004682,0.0253173134287,4.175862916152461e-07,0,2.0879314580762305e-07,11,1,1,1,0,0
316,3,-1.3570783476941153,-4.389011143866659,-0.053875435436898933,3.5252187157603245,-5.0096905033219743,-0.49283248185000816,153.55702271,0.0158296189788,0.023579835553623352,0,0.011789917776811676,60,0,0,0,0,3
317,6,-5.6989684674196646,3.9493023427628073,-0.49024536819877568,4.0891281104504706,4.8723045345173643,1.5250138913218592,0.209646368407,0.0691855616909,1.5020461189667485e-06,0,7.5102305948337427e-07,19,1,1,1,0,0
318,6,4.1150671393823925,0.43134662553913633,0.51520352599374108,-4.220219353584187,-1.9511647374755516,-4.7622711082482034,0.019513370815,0.476962112624,6.9298667854041153e-05,0,3.4649333927020577e-05,24,1,1,1,0,0
319,12,0.19497354053756855,1.100887905993498,-1.3156469740195351,3.9424809385089676,-4.1165920005040855,4.5055808364414762,0.758351902457,0.00659139026269,5.8833214602380097e-07,0,2.9416607301190048e-07,20,1,1,1,0,0
320,11,5.6526929793959626,1.5496325361374144,2.6340201629135032,-5.2955545183622776,1.7531769024802724,-1.1944818600446594,0.0628300203391,0.0781196874091,1.8629319407853232e-06,0,9.3146597039266161e-07,18,1,1,1,0,0
321,2,0.27512247727446565,-4.6546385593397028,-1.5736016533601103,-5.3040767570679019,4.4797749638551512,1.1515206589395484,0.0842000624638,0.0126810137851,5.6074602256064641e-08,0,2.803730112803232e-08,8,1,1,1,0,0
322,6,4.3797201125326017,2.3424770337284375,1.3078854549198577,-2.8156663050867268,-0.32240546675932719,-1.5303401504460596,0.147759731182,0.0282897401079,2.6562112120850109e-07,0,1.3281056060425054e-07,18,1,1,1,0,0
323,7,0.38992855581908248,3.0741947823249749,0.30501112550832493,5.8869635171799475,-1.7198550224679714,2.5554572432052782,1.56928931533,0.0150872869722,2.5320078695036349e-06,0,1.2660039347518175e-06,12,1,1,1,0,0
324,0,-5.2184103945564466,-2.7124046284877759,-1.7785554466444908,6.1146764596558025,-0.87906376956373711,0.87490787153617389,0.122571465284,0.0183394636752,1.174775466386953e-07,0,5.8738773319347652e-08,24,1,1,1,0,0
325,8,-3.2369235240137306,-2.2942666900539832,-0.33932936931243618,-4.002562837857492,-5.4044186085396957,0.61108750824463831,0.468962419037,0.0533182207273,1.0859021007074638e-06,0,5.4295105035373189e-07,17,1,1,1,0,0
326,4,4.8338827537159652,-5.0677431216924225,2.06009744651683,4.4009972007348903,2.5539737578343154,-4.1435679674891155,0.0212495189829,0.0387584363745,4.5805282279880747e-07,0,2.2902641139940373e-07,18,1,1,1,0,0
327,4,-1.9304049753606738,-1.4827142201808619,-2.3050839039940505,-0.93422952610480248,-1.7895542795860633,-2.4286852444937734,0.0774448218128,0.00251719928547,7.9278454196231596e-09,0,3.9639227098115798e-09,22,1,1,1,0,0
328,9,-0.88627806998471759,4.7610240328902744,-1.8411568275535444,4.5739214229227905,-1.7913029996223313,1.6457375412872097,0.0347491889958,0.0974828401743,2.8959576422256599e-06,0,1.44797882111283e-06,16,1,1,1,0,0
329,6,4.9121092457826823,0.89179242044449614,0.56679586811091831,0.13254320943844988,4.3878351900069275,-3.0574744223355146,0.279451810838,0.0248030945172,2.6549197049862778e-07,0,1.3274598524931389e-07,23,1,1,1,0,0
330,13,2.4290553096616438,-1.0649841697148759,1.9309941484531457,5.5648503394788102,-1.4866313891456129,-1.2292141455035785,0.547888827208,0.000578087446118,3.0028396558062396e-07,0,1.5014198279031198e-07,10,1,1,1,0,0
331,12,1.2019447977869946,-1.9436891277199138,-1.4520153462951815,-1.5123133888688332,-2.4284114598161484,0.18543125077365955,0.0602446272503,0.00650264870365,1.6509992172132008e-08,0,8.2549960860660042e-09,44,1,1,1,0,0
332,2,-5.5185989294433213,-1.1292630693011316,-0.91155327871415748,2.000602356837883,2.7675795275815664,-1.7174872567962718,4.7805788751,0.129678721974,2.7976554828204262e-05,0,1.3988277414102131e-05,42,1,1,1,0,0
333,6,-6.1882270583610381,2.758312963634066,0.30890220837123533,-0.2669820683444179,-4.6001986063516593,0.52977032195928742,3.10881617347,0.683117151691,0.00015181416540509303,0,7.5907082702546515e-05,6,1,1,1,0,0
334,3,-2.3576647320567172,-3.6638512348649392,-2.898401188341754,-1.2128319796989293,-5.1476658001777871,-5.4590821320838527,0.0997958038688,0.0704245115556,1.5207433606104497e-06,0,7.6037168030522486e-07,14,1,1,1,0,0
335,13,5.5191193723048197,-0.37780551429068904,-3.0626784988356435,3.4467260625569054,2.0392862779652536,0.49045258520442647,3.22846816131,0.0489813885808,1.1153837601482273e-05,6.5380893339840674e-05,1.2115008134725205e-05,19,1,1,1,1,0
336,5,-4.7361412863601808,-4.3794585238617341,1.1805556324581061,-3.1441219529563988,2.200988647780012,-3.8010890858157165,0.045449084343,0.0749325781364,1.7124593091494725e-06,0,8.5622965457473626e-07,31,1,1,1,0,0
337,1,1.0501383231449812,4.6219372885337648,-2.7997945103083719,1.3301436618446019,2.2977252924332232,-0.81335775155022849,0.397023037619,0.0227743280445,3.1562321496647108e-07,0,1.5781160748323554e-07,27,1,1,1,0,0
338,8,1.8680058448118917,1.7931291496384758,2.5089800302641101,-5.0365536994200442,-4.0012880919142129,-3.5178316757365899,0.116321817166,0.0119933417322,5.734700971763141e-08,0,2.8673504858815705e-08,22,1,1,1,0,0
339,6,0.57807389903544382,2.0084696189362612,-2.3260837526945588,-2.0673730797006771,-5.2910041029313595,3.6556793144788964,0.315885259306,0.0503588094621,8.722962255038663e-07,0,4.3614811275193315e-07,17,1,1,1,0,0
340,3,3.5291815574828891,1.5789119697770717,-1.8427069251336976,-1.2422719337183674,-4.6513626234677199,-4.4041067006291579,0.00109676226797,0.00856019190434,2.2322618659968386e-08,0,1.1161309329984193e-08,23,1,1,1,0,0
341,2,-1.9461678750867246,5.4569445362247038,2.6335829650538245,2.8137748462809915,-4.6617532892035403,-6.0527440946755489,0.242965174842,0.00210730150606,6.0384796743892123e-08,0,3.0192398371946062e-08,13,1,1,1,0,0
342,10,4.0739831762342638,-2.8503741351104632,-0.29932917917471091,-1.1637079703074928,-0.84144320475312684,-1.80170751865034,0.0682188370861,0.0229230997951,1.6472066966674924e-07,0,8.2360334833374619e-08,48,1,1,1,0,0
343,1,-1.6500905314554157,-1.5207144206422045,-0.017857313947958087,1.5102824832260699,4.6467020447421703,5.1206017303643003,37.4520233663,0.0763094264744,0.0014044278806295701,0,0.00070221394031478505,60,0,0,0,0,3
344,10,-4.2870802737306359,5.3811438228756963,-0.43571921740747821,-2.9788459345372122,-3.0175131733308356,-0.91172793804935015,0.134820742306,0.116381804369,4.1441356274146476e-06,0,2.0720678137073238e-06,16,1,1,1,0,0
345,7,0.0038194236292977135,-4.7520369048214732,2.8974945680765112,-5.4068533743682847,-5.1123892397744779,4.3980420987782933,107.239750188,1.96048487847,0.012671161365359764,0,0.0063355806826798818,60,0,0,0,0,3
346,10,2.2517291653096319,-1.4772251596302066,0.27082597121752106,4.340931463772483,-5.3058195143551581,-5.0813174164377477,0.780567758977,0.595271572951,0.00010854993429587086,0,5.427496714793543e-05,18,1,1,1,0,0
347,5,0.33021671791355983,5.1738319556230632,-0.1551971270386954,-0.63454929050622744,-5.0546341829334409,3.9292735963105843,4.43840882741,0.174251718357,2.8948773095091909e-05,0,1.4474386547545955e-05,19,1,1,1,0,0
348,5,5.9935038238625022,0.0017778003070630915,-0.72821499887793317,-4.6617742309015817,5.005246767315163,-3.6827113033530336,0.0460219755831,0.0132556431662,5.5642981376775152e-08,0,2.7821490688387576e-08,10,1,1,1,0,0
349,0,1.1441203350432096,1.2845723857239617,-0.089893709452548862,5.3961169051881059,-1.1781964472742752,-0.25009096402133046,1.89627118975,0.0064097101223,3.6083594440897723e-06,0,1.8041797220448861e-06,16,1,1,1,0,0
350,4,-2.5832781239478049,-4.4712477040779364,2.3450089685331985,-5.1190230342923684,1.3104494651888161,-4.6438317352776926,0.0635037070867,0.083296403752,2.1175569858036691e-06,0,1.0587784929018345e-06,55,1,1,1,0,0
351,8,4.5160703696255551,-4.1735514266139777,-1.2243109025954528,3.8399295936419997,-5.3748547514167964,-5.4056229713633615,0.0251342998324,0.245706391592,1.8390882156704671e-05,0,9.1954410783523354e-06,22,1,1,1,0,0
352,8,-0.56480773143819274,5.7913314420448998,-2.7044657175247213,1.7966177005062549,2.6322751631133072,4.234593114215004,0.110226050582,0.0286272973458,2.6179050603053421e-07,0,1.3089525301526711e-07,20,1,1,1,0,0
353,3,-4.7249881726167322,0.60403092097755695,-0.80468109621966377,-2.222136536763677,1.5151315317966145,-2.5339567965157586,0.213547927556,0.0227558856578,2.0334285700652846e-07,0,1.0167142850326423e-07,21,1,1,1,0,0
354,5,2.0810544628599645,5.0408623772705266,-2.778653489352032,-4.873772129023064,1.3098754251615046,3.6219870635597355,0.433850056567,0.0421106891381,7.2840703081565723e-07,0,3.6420351540782861e-07,22,1,1,1,0,0
355,13,4.8351898910718996,-1.6882446897451966,1.968128472944094,0.27476726886855829,-1.5547623805024939,-2.9147080279944966,0.0206245436858,0.00375960402388,4.7310240123816006e-09,0,2.3655120061908003e-09,24,1,1,1,0,0
356,2,4.0961245987634456,5.2801248435885153,0.84319775270639807,2.2288854745333873,4.542140436703523,-2.3566869718346251,0.162346800538,0.0207630946068,1.5767891076599371e-07,0,7.8839455382996857e-08,27,1,1,1,0,0
357,3,-0.53014381880217609,-4.7492399227391715,1.8461562329601775,-1.284722318307719,-1.4640292606397929,-4.6901612162148938,0.843922575192,0.0229683362827,8.729045486794205e-07,0,4.3645227433971025e-07,26,1,1,1,0,0
358,3,2.8881378907076058,-0.52488172504642316,2.1050903122821731,1.9373163194156779,-4.1711691087926157,-5.2323987184511536,0.0434918112701,0.00674141305606,1.5735378906178313e-08,0,7.8676894530891564e-09,18,1,1,1,0,0
359,10,5.1890737093362587,-3.1788595740373227,-1.32883707386827,-3.382591744961279,-4.5312844825120164,-0.33751765083055468,0.0607965901685,0.0151404918644,7.3525045433136554e-08,0,3.6762522716568277e-08,11,1,1,1,0,0
360,15,5.6729183711490201,0.99446161404213962,1.7905418550121053,-4.5632751425541818,1.8776930298884453,-0.66021687579438515,1.32728020909,0.155861563174,9.1616909954055335e-06,0,4.5808454977027667e-06,21,1,1,1,0,0
361,7,1.0710435479737772,-2.7092043241033075,1.80104616488896,2.6180707869281794,4.3901305042547829,0.26785871142762424,0.0484229483167,0.0240539665313,1.7859438187007857e-07,0,8.9297190935039283e-08,10,1,1,1,0,0
362,15,4.6361591000633098,-0.15049532591985676,0.96727774371768638,3.8760712926484482,1.9113271347387202,5.6653575798565026,0.0747945584058,0.0406611504203,5.0922708676566011e-07,0,2.5461354338283006e-07,21,1,1,1,0,0
363,10,-0.053846800222900296,0.0035352767582706767,-0.66040195966273452,5.3102489175401004,2.1429873321916109,-1.0728564176532134,0.0188835108508,0.0599677683127,1.0958014146665978e-06,0,5.4790070733329889e-07,20,1,1,1,0,0
364,5,4.9968991284554596,-2.2859791483127641,-1.6346820107084528,-1.3552772875862102,-2.7985386137515893,-3.8632978671591576,0.0626463049186,0.000203563038264,3.937182229344354e-09,0,1.968591114672177e-09,25,1,1,1,0,0
365,11,0.86816591434091239,3.2637234560851889,-2.5358154091884066,1.2194314123995023,-1.1751183888788144,0.3258433084181106,0.153472828406,0.015529409651,9.7016227086761773e-08,0,4.8508113543380886e-08,12,1,1,1,0,0
366,15,3.8934366873272266,0.25033754272637604,1.019506123505987,-5.6139333894311942,-1.9907527266848599,-1.7015900907170005,0.154984051462,0.0242351347819,2.0293458703072466e-07,0,1.0146729351536233e-07,24,1,1,1,0,0
367,12,-0.76529512401158795,-6.0479676594745362,-2.9090846693677275,-1.1888929283674661,4.2470724801755591,2.7446074330272818,12.1159584537,0.259765969512,0.00016735153283661345,0,8.3675766418306723e-05,60,1,0,0,0,2
368,11,-0.56890444820506025,3.2951600205822831,1.3477465372189839,-2.7165326614450387,-1.7918390442878274,2.4845859651903486,0.420875910705,0.0205281809102,3.0550420503605706e-07,0,1.5275210251802853e-07,11,1,1,1,0,0
369,3,4.746133626634669,-1.9741542665661782,-1.1553736526218121,-1.6401825030257662,-0.61967022151482554,3.5553271063639231,0.11233279971,0.0198776239606,1.329790727896401e-07,0,6.6489536394820049e-08,51,1,1,1,0,0
370,12,-2.5416127783944229,6.1336777593978118,1.9430209786278405,-5.67609766383731,-2.0698108673821349,4.580092189973124,0.0278065651436,0.0194613603248,1.1614539133202919e-07,0,5.8072695666014594e-08,27,1,1,1,0,0
371,8,-1.668849275817214,2.1246433562724714,2.9593343601209039,2.5952253420425762,4.7283902278604426,2.5776967931238626,0.0412449598708,0.010743440053,3.6860547503730341e-08,0,1.8430273751865171e-08,16,1,1,1,0,0
372,14,2.4055948508497949,-5.9204486634195401,2.7684359899901976,4.6386513096900837,4.2746130251371932,-5.6962468647273639,0.00905626754342,0.417026394147,5.2976406195020167e-05,0,2.6488203097510084e-05,23,1,1,1,0,0
373,15,0.80924984905835495,-1.9505413172877595,-1.0048007441305395,1.1042952712061442,0.40187713721620466,4.026490447629822,0.176927091687,0.0221823270656,1.8119191340660319e-07,0,9.0595956703301593e-08,24,1,1,1,0,0
374,14,-0.22006194209115171,-5.2055323900987931,-0.94977191929320703,-5.8927854553416035,4.0982805579591908,2.6600671335864243,0.118463129874,0.00457423531547,2.0407214933110405e-08,0,1.0203607466555202e-08,24,1,1,1,0,0
375,5,3.6557385670009541,-1.0484063732151119,1.5907042959031688,5.2533966353134325,-2.6034745843959901,-3.2455204663581738,0.161679368408,0.407509700433,5.0612174921850221e-05,0,2.530608746092511e-05,9,1,1,1,0,0
376,0,-5.9576297147899897,1.4781106577725951,-0.89043129176673452,3.2456587948531617,-4.4170430620297871,3.9933984148941759,0.144307587334,0.0578459706269,1.0401221834820228e-06,0,5.2006109174101142e-07,17,1,1,1,0,0
377,2,-0.73852715780728806,5.311279495406259,-2.199599454103943,-5.1485344369702739,-4.1863104289832735,-1.2599502987514815,0.164638406978,0.0698796306985,1.5146022534907191e-06,0,7.5730112674535955e-07,27,1,1,1,0,0
378,11,-1.6810042015946027,1.8983747223802809,-1.8698300822614453,-5.2570011605038891,4.6370751340972367,-3.685576982708108,0.24609885524,0.0757946827648,1.8105411370606053e-06,0,9.0527056853030266e-07,16,1,1,1,0,0
379,13,-1.9403883258801913,-3.6055773806060007,-1.9086640238315327,-1.7927744154408145,2.0402010584219155,-0.17563888151348084,0.0283323077912,0.685196458039,0.00014301691029697461,0,7.1508455148487307e-05,47,1,1,1,0,0
380,14,4.0439958275133723,-5.094769578116142,-1.876778780946976,5.3343617269550023,-4.5755901113004818,-4.0541441372296347,0.0222634387746,0.0706302811778,1.5201212759184726e-06,0,7.600606379592363e-07,8,1,1,1,0,0
381,8,-3.4308212436940937,-3.6454645336903364,2.1520039483780868,3.2395900435124023,-1.1430167112579315,-1.4830118990094279,0.0814867564178,0.0236789020594,1.7743615525280567e-07,0,8.8718077626402837e-08,10,1,1,1,0,0
382,13,-3.7574338502618745,2.6187250306569201,-2.9878507677389989,-0.84917006682170482,1.5788881552670873,-4.1169872031425978,0.31420897055,0.0105177929103,1.3242526478289522e-07,0,6.6212632391447608e-08,22,1,1,1,0,0
383,9,3.2713963722170831,2.8148404787404373,-0.68314824023430243,-0.86513523023092542,4.6758531658477915,-1.4797525309145936,0.043515150847,0.0478155049182,6.9834723232765095e-07,0,3.4917361616382547e-07,18,1,1,1,0,0
384,9,-6.1924560647741886,1.2581829982394626,1.5156061543379162,-3.1345339663332581,-3.7403754668923557,-1.5401786630358423,0.113552994188,0.0153978133742,8.5116835825612084e-08,0,4.2558417912806042e-08,20,1,1,1,0,0
385,4,-0.057341573923458407,1.3075986328423681,0.4201411535344528,-3.1386934260102608,-4.3997682481389209,-0.50981362169117839,0.333357321522,0.0204816821753,2.3891389962105702e-07,0,1.1945694981052851e-07,25,1,1,1,0,0
386,7,-0.82900996733147536,1.3958176102391222,-0.093828110871798598,-2.9507471052972907,-4.6313224599223721,-1.038301235269758,2.94708323737,0.00072274832961,8.6854587295180511e-06,0,4.3427293647590255e-06,28,1,1,1,0,0
387,9,0.5173923030913905,-3.997160055446682,0.75899813901717361,-1.0847262818243721,5.2329533545050735,-5.0387583338076807,0.232875836029,0.24699516183,1.8637907273193319e-05,0,9.3189536365966593e-06,11,1,1,1,0,0
388,6,-6.1332271127115492,-3.0775710672152239,-0.68738098915344947,4.2894383108690199,3.4302456096109255,0.81518901758491791,0.390886367037,0.189479524763,1.1089316112428502e-05,0,5.544658056214251e-06,8,1,1,1,0,0
389,1,1.0904526583415539,4.2475091167003001,-1.4359887798354722,0.71522726376056955,5.8844554327809719,-0.69219519529846107,0.0490166221781,0.0216399992354,1.4505178883383831e-07,0,7.2525894416919155e-08,16,1,1,1,0,0
390,15,1.077146456593822,2.6276339052254136,-2.7120080560874693,-4.3521010743129578,-1.4298733794094352,0.53922632482362842,0.425109296984,0.0330628458011,5.1371098674617799e-07,0,2.56855493373089e-07,10,1,1,1,0,0
391,7,-1.7580108123101983,-5.8711642820329555,-0.051641023121351826,-1.0809023510127571,-3.5077190657272523,-4.4675657674627463,2.30723923005,0.39813480795,5.3608663785005761e-05,0,2.680433189250288e-05,13,1,1,1,0,0
392,0,1.6895744392782308,-5.2076313526820597,1.8090385562883586,2.1621420343277684,1.3996647193073299,-3.2308671182152628,0.148426979633,0.0038908218642,2.6642017501976762e-08,0,1.3321008750988381e-08,12,1,1,1,0,0
393,13,-4.5452289196408291,1.6649233695533994,1.8233493247262755,-2.310847898376776,3.5719219500030559,-1.3048587379883898,0.0235130114497,0.000802738826453,7.4915401188133464e-10,0,3.7457700594066732e-10,9,1,1,1,0,0
394,13,-1.0709744419311589,-4.1253085915166947,-1.75957248373664,-4.4031558291217916,-1.9523193063732833,-3.1150857629230453,0.372840207753,0.000928356490976,1.3927235375359366e-07,0,6.963617687679683e-08,10,1,1,1,0,0
395,9,4.7481684375447895,4.7175914732404411,1.7546179385013776,3.2240520064197273,2.3056321564177429,4.6834630182481414,0.189574190771,0.0298296593132,3.0698956594754779e-07,0,1.5349478297377389e-07,11,1,1,1,0,0
396,1,2.5943628431763139,0.8697742751628782,2.7604980397194532,6.1662945382368752,2.6807138649458166,1.5840858954947952,1.34975654793,0.0491522087266,2.5577800329040072e-06,0,1.2788900164520036e-06,56,1,1,1,0,0
397,0,0.32652391142936221,4.0100364123961443,1.4916086650746996,-2.6757784359311811,-1.3704895084372315,0.95577060459641672,71.736658927,3.93095159243,0.0098532124877308731,0,0.0049266062438654366,60,0,0,0,0,3
398,9,3.809756777786188,1.3679130322682258,-0.31329622260024442,-0.65970223950143125,-2.0182822477812725,4.2259194273917879,0.667378340309,0.217998711358,1.4921860958924267e-05,0,7.4609304794621337e-06,22,1,1,1,0,0
399,2,3.0700609857946244,1.4922600034444009,0.6889408853057134,-2.5954094903023872,0.98976549256777124,-5.2246228277101237,0.0430815270428,0.761980805979,0.00017686722265126319,0,8.8433611325631594e-05,35,1,1,1,0,0
400,6,3.5384959565301433,3.7837502000149144,-0.95916589838765753,-2.7357457204662019,0.94737197389486871,4.2151932560531584,0.148910869038,0.0410038578192,5.3433269714598225e-07,0,2.6716634857299112e-07,19,1,1,1,0,0
401,14,-5.1239335404788591,-0.49309107696614518,2.6856390548634983,-4.6824838606779942,-4.8784086299756009,-2.8708447529682135,0.0813336581847,0.00146386602546,7.2679297619835327e-09,0,3.6339648809917663e-09,40,1,1,1,0,0
402,3,2.1272511509009178,0.42203521410069389,-2.8209810810612099,4.6383016975491307,4.757572789405212,-6.1342981331190547,0.0643341208528,0.0084743298532,2.6014755659100572e-08,0,1.3007377829550286e-08,21,1,1,1,0,0
403,3,-4.3734589849458274,0.48237116121090612,-1.7456929222815196,4.570005252006073,1.3537361494138413,-3.4570606875743617,0.147565445942,0.00531980983425,3.03963485570681e-08,0,1.519817427853405e-08,10,1,1,1,0,0
404,4,1.6142239863660428,1.5800651917635022,1.5116448732043262,2.0650194243616884,-4.3564495729651593,2.6691593497472237,0.089124550089,0.0258498518186,2.1149306556194513e-07,0,1.0574653278097257e-07,45,1,1,1,0,0
405,4,-3.1183859608369864,4.9993558719261584,-1.320840944810264,3.3899706481258294,4.4322307243857226,-1.4544952579324733,0.0387500664245,0.0650450147944,1.2902933812701285e-06,0,6.4514669063506426e-07,22,1,1,1,0,0
406,13,-1.8846775020610882,0.065991843090823885,-1.1810160300724517,2.701022339823056,5.1135963639074946,-2.212388842757766,0.701130775375,0.00147040582654,4.9224297545919865e-07,0,2.4612148772959932e-07,13,1,1,1,0,0
407,11,-3.9980329750243992,0.6535835654925789,0.8435770640785073,2.5225469396072602,2.489971682197905,1.1438327961640333,0.0655399638183,0.0141632478748,6.540100724911234e-08,0,3.270050362455617e-08,22,1,1,1,0,0
408,9,0.11109643415243371,-4.7611801695928655,0.78621260584391617,-5.7019537734976486,-1.8402387677647707,0.42824878916500081,0.0581862729368,0.16961855988,8.767367671177884e-06,0,4.383683835588942e-06,10,1,1,1,0,0
409,2,-3.3463865729007902,5.6400772852671075,-1.7274062862079083,0.88285272358143518,3.6580747751545957,-5.2923136175146119,0.0254611600455,0.134995501475,5.5519307635661044e-06,0,2.7759653817830522e-06,41,1,1,1,0,0
410,15,-2.8948169823809571,-3.989372334827876,0.18469083709030509,3.6022180413756764,0.36055437992955303,-5.2188598511482489,1.45943874203,0.895725865152,0.00024653207961718556,0,0.00012326603980859278,9,1,1,1,0,0
411,12,1.0628114653851037,-0.27415961501303832,0.94484795168069169,-0.83668008950584083,-1.7982510272803185,6.1499086798488296,0.0800980452426,0.0381946194803,4.5080040971776337e-07,0,2.2540020485888169e-07,12,1,1,1,0,0
412,1,-3.3073121115370983,-2.6836742775087261,1.6629344460571407,-1.3057283794323171,-4.6363235581395275,0.96013035695219862,0.0095794365026,0.0700588918605,1.495229707169562e-06,0,7.47614853584781e-07,35,1,1,1,0,0
413,13,-4.0893191320878177,0.13150750699038913,1.4064574102373273,4.4288745001399645,2.2843263051659748,-2.0474335253548421,0.0355836666153,0.0766761986981,1.7921849479171147e-06,0,8.9609247395855733e-07,17,1,1,1,0,0
414,10,-1.7341670887057614,2.4485318285605815,2.1824546292869078,-5.126186191710671,-4.6457635533799078,4.3466711412300532,0.0570219443762,0.166417885523,8.4396043262538154e-06,0,4.2198021631269077e-06,8,1,1,1,0,0
415,3,4.4253901306033976,1.4876123340276259,-1.9017491076047246,-4.2814151340721933,-0.99855031277063122,2.9065879165578399,0.16282977352,0.0110450844584,6.3674999357652504e-08,0,3.1837499678826252e-08,14,1,1,1,0,0
416,5,-0.057640659739456458,3.1271519237802226,0.77353830083364128,1.0224347497773953,1.2849806352514954,-0.82911557495502008,0.4783904726,0.0206650210968,3.5894221059865889e-07,0,1.7947110529932944e-07,34,1,1,1,0,0
417,3,-1.140511953612106,4.70500882947929,1.3944228060863428,-1.8827966910182987,-5.3472556564939682,0.19233653175510104,1.23193646926,0.0325974647656,1.84135232286499e-06,0,9.2067616143249498e-07,22,1,1,1,0,0
418,15,2.3901109748303222,-1.7284336010307977,1.1002287964918263,-1.3887470608471875,-2.9175604566654654,2.7160710985465486,0.107575470366,0.540062697673,8.8858639996627575e-05,0,4.4429319998313787e-05,24,1,1,1,0,0
419,13,2.8351228398700346,-2.2679425067746792,-2.1136759274684014,-2.6792839103076358,-4.322787112024959,-3.9899474411203242,0.163626489525,0.0106569522572,6.1369220778544235e-08,0,3.0684610389272117e-08,27,1,1,1,0,0
420,13,-3.7645015446824637,-1.8984526523188063,-0.93791557797525038,4.6189335345848201,-2.5190221035814622,-1.3340962103357619,0.144243472291,0.0112801986081,5.956657728479679e-08,0,2.9783288642398395e-08,23,1,1,1,0,0
421,5,-0.37267744969280886,4.1014695381170903,-2.7566254131033996,-5.0984350790431083,5.1550098160275626,-5.4810386337471471,0.249519886285,0.000721610834858,6.2418794703563941e-08,0,3.1209397351781971e-08,43,1,1,1,0,0
422,10,3.1188845564916563,-2.4527836358157584,1.301559286712817,-0.69267983139359757,-4.6436541446431194,1.3644023832351229,0.173197732959,0.00671918304495,4.3750145533640307e-08,0,2.1875072766820153e-08,15,1,1,1,0,0
423,10,5.8053002760759513,0.85071258547355666,-0.54109499235362624,-1.7290770738387313,-4.7361857942576666,-1.4803953005384907,0.376172220383,0.00109427579602,1.4187030032391007e-07,0,7.0935150161955037e-08,7,1,1,1,0,0
424,9,-1.1483850656176751,-0.71081614284829453,-3.0048945492662971,-0.70652011846781659,5.2111088521961735,2.5628242549611446,0.259908795186,0.0356275063061,4.5420932310681951e-07,0,2.2710466155340975e-07,7,1,1,1,0,0
425,12,2.4593620166248091,-5.4407490946117987,1.2167443373442473,-0.57327595625818195,4.6703733283082283,-0.71364092997060102,0.111491912186,0.0234893436396,1.8050288384093083e-07,0,9.0251441920465413e-08,20,1,1,1,0,0
426,15,-2.2526051906104438,3.4620250304784554,-1.8646204536213282,3.0196770447251198,-4.4214274794963666,0.64267585363890001,0.080216368485,0.00730911129789,2.2708275078202809e-08,0,1.1354137539101404e-08,14,1,1,1,0,0
427,9,5.0548193830060484,1.8219578828315817,0.42597587589660413,5.9134558889470119,4.8222513404520839,3.5923351313644423,0.112617351275,0.488921248278,7.2829645208696383e-05,0,3.6414822604348192e-05,15,1,1,1,0,0
428,5,-5.5467425279656926,-1.240317042529069,1.5151310914418179,-6.1353414121438705,2.870950006563771,-5.2355305922019513,1.49403794554,0.0379674896245,2.6712646136115485e-06,0,1.3356323068057742e-06,29,1,1,1,0,0
429,15,-4.8158807633562581,4.5968609770670632,-1.655134534736513,-4.7276644180113223,1.9840665044782129,3.6109006721502439,0.0189501668146,0.14481141095,6.3882914159699063e-06,0,3.1941457079849531e-06,32,1,1,1,0,0
430,13,-6.0902473254782237,-1.6069490127541608,0.33071973532474602,5.7300447105629599,-4.2082193573544933,6.1221771221541905,0.0247410557952,0.609605162557,0.00011320206678837804,0,5.6601033394189021e-05,19,1,1,1,0,0
431,4,6.0203138330450647,1.8529020323851904,-1.804209926995854,4.2690516691759459,-5.3123807325734411,-0.36825653611035236,0.304479345239,0.0259959158789,2.9856435962408464e-07,0,1.4928217981204232e-07,19,1,1,1,0,0
432,14,1.5445614379395174,-4.135709608078078,2.8135085885000475,3.2911487609997336,6.1918986540819683,-1.7771637826699118,0.495241023971,0.0104040656267,2.7823685696585389e-07,0,1.3911842848292695e-07,15,1,1,1,0,0
433,10,5.4982006747072729,-2.0846577588619284,2.2891687680607893,4.6639955912394031,-4.3934044245209911,4.9895874435306551,1.80391819743,0.0638602548905,4.4963909575337688e-06,0,2.2481954787668844e-06,31,1,1,1,0,0
434,2,-5.4073076507770663,-3.0792224451316441,-2.8124165685998501,2.1619736947005341,-3.0912217513846443,-2.9916789754598554,0.2852872907,0.0111792485622,1.1945858256054881e-07,0,5.9729291280274403e-08,12,1,1,1,0,0
435,4,1.5197167311816548,-5.8422197094921957,2.038523928057975,0.74591635332724182,4.2445842541556305,-3.9902060406933875,0.694831094681,0.0115619828139,5.2351133823421085e-07,0,2.6175566911710542e-07,16,1,1,1,0,0
436,7,-1.0762347038204385,2.8167861162865506,1.2436957917345433,3.5605594105132972,4.7483655613339613,-3.4888324694254873,0.0271395412792,0.0402105040216,4.9326777990350952e-07,0,2.4663388995175476e-07,24,1,1,1,0,0
437,6,0.64693803135274397,1.5370726035536837,0.30224793695220459,-3.0167998681133459,-4.7274266953627953,4.1648301518888138,38.1101283748,0.373276461259,0.0014948258493509311,0,0.00074741292467546557,60,0,0,0,0,3
438,13,4.9651908697324272,-4.2599713679023612,1.6598980336283995,-1.6606180462271569,4.6895334274413196,-3.6532234919587578,0.0155952556092,0.153444732162,7.1725474291194083e-06,0,3.5862737145597041e-06,31,1,1,1,0,0
439,15,-1.3782885357653469,1.5959259623700401,1.0796990462568838,5.0631268647912631,-1.0502276431678093,3.1504501208430855,0.135458636674,0.0710920268304,1.5579087177179416e-06,0,7.7895435885897082e-07,27,1,1,1,0,0
440,14,-2.8544354147734903,6.0884363596887976,-2.006660302915467,4.329628874037156,5.3059117450599596,-2.4075633632933813,0.0255005002274,0.021907557526,1.4684868796199067e-07,0,7.3424343980995334e-08,19,1,1,1,0,0
441,15,3.672955557865218,0.5176330733325557,-1.9078257447585141,-5.5481641211869475,0.93990373020895479,0.39416264649963578,0.0486135742194,0.0708128884954,1.5298567234441296e-06,0,7.6492836172206482e-07,35,1,1,1,0,0
442,6,4.3835613762177132,-2.5762140048497946,-0.35668115205860823,-1.5292193880548595,4.0697434306140181,2.8149005033747727,0.580575335173,0.0361498460807,7.3514522799381128e-07,0,3.6757261399690564e-07,12,1,1,1,0,0
443,5,0.88103333107107951,-1.2123446966281846,-1.2245725819643061,5.069475383061258,-1.5713999521298407,-4.4063830720504207,0.0727982400855,0.292296643786,2.6030997982975617e-05,0,1.3015498991487808e-05,10,1,1,1,0,0
444,5,-4.3774307430966282,-1.0412035251297616,1.4232400615439749,-0.96707042650095199,2.5055288637349356,-3.9932895742498871,0.0376717118858,0.00371262939768,5.6178877358354759e-09,0,2.8089438679177379e-09,15,1,1,1,0,0
445,0,4.902583500430719,-5.1303256140600704,-1.4947151189279577,-0.80312523583439965,1.7175042814055561,-0.16582568762125366,0.783597441298,0.0519358036946,1.4356779559499956e-06,0,7.1783897797499778e-07,19,1,1,1,0,0
446,5,3.0347286576802541,-3.0892800140941707,2.6694383218010462,-1.2329929613675095,1.1648623123777759,0.65123042806664999,1.63803912764,0.33249194073,3.635889924867431e-05,0,1.8179449624337155e-05,29,1,1,1,0,0
447,9,-2.7971001617933409,-2.9636015512949578,-0.41874381395682697,-3.0284888067608766,-5.4898411157842713,-3.7047296297713963,0.956607564487,0.0593821926604,1.9892536265183188e-06,0,9.946268132591594e-07,5,1,1,1,0,0
448,5,-4.073662776494694,1.1411705940405015,-2.8148624379002265,-0.11172533342938384,2.9636516784111744,2.018585053974665,2.23800980055,0.018481198956,5.1127313832998329e-06,0,2.5563656916499165e-06,20,1,1,1,0,0
449,12,-4.3145114007746139,-3.2100467883420185,-1.9992362112283344,-4.8328713484171022,4.7766798985064893,-0.07044490057988495,0.243764978805,0.0205076567376,1.8753248081695659e-07,0,9.3766240408478295e-08,10,1,1,1,0,0
450,4,5.1405807687970251,-3.6130046333508798,1.7063741242221295,3.1726868800380945,-0.96158201759004547,-3.0538642821268436,0.179226973053,0.193107705069,1.1391484323455379e-05,0,5.6957421617276897e-06,12,1,1,1,0,0
451,11,-4.3427493580628527,0.95304581806018196,-2.7602232970211937,-0.27550930075313018,1.8253212635736875,2.4004248359055889,0.325683003359,0.0327790184961,4.3336988632857592e-07,0,2.1668494316428796e-07,12,1,1,1,0,0
452,9,-6.0109441273480915,0.28702823928891774,-2.9883813378508499,1.2458094385945517,-4.594217627855067,-1.7882390650964914,1.03835855745,0.0146090910981,1.1432016319645048e-06,0,5.7160081598225239e-07,24,1,1,1,0,0
453,3,-5.8733296396817947,0.60340130743348519,0.67842444649998135,-5.0087546210071476,5.080274528704714,-4.6494959033921992,0.0968810953759,0.0905526186698,2.5071807824340132e-06,0,1.2535903912170066e-06,53,1,1,1,0,0
454,12,4.6280537500732164,-4.8564452742459245,2.2302854683545368,-1.7618692867043702,4.1600657460646877,2.9133513081912046,0.0498538864291,0.0720884906967,1.58550613581216e-06,0,7.9275306790607999e-07,16,1,1,1,0,0
455,6,-3.9516865404730268,4.263036850681269,-2.0203869384321229,-0.44046294171985323,-1.4574687782300924,-1.0743834813484381,0.168433087724,0.00526885751111,3.6826146423861747e-08,0,1.8413073211930874e-08,19,1,1,1,0,0
456,15,0.1649889651914149,-1.2037753407851721,1.2754361805685415,0.96396898390625119,-1.347431242393357,1.1338036739601123,0.0235580276075,0.275049090583,2.3045472701909337e-05,0,1.1522736350954669e-05,22,1,1,1,0,0
457,0,5.0283769661147257,4.34816648382197,-2.8409196325140771,-2.8185611865970608,1.3093222891744647,0.094476067564587887,2.77639613351,0.243530773569,2.5774393205411483e-05,0,1.2887196602705741e-05,20,1,1,1,0,0
458,3,-0.94428540047549137,1.8037558952814781,-2.220345659178748,-4.5266907171548283,4.7276484390436124,2.3340817894137111,0.453416864728,0.00966278520301,2.340288043809552e-07,0,1.170144021904776e-07,53,1,1,1,0,0
459,7,4.3291408514335838,-3.0580998404341413,2.3011871290355757,-5.7718144663582223,1.4941598336829665,-0.69044541551701399,0.00908353082342,0.0240886225903,1.7684034405328421e-07,0,8.8420172026642107e-08,19,1,1,1,0,0
460,5,-0.20176923311783454,-5.8169814346639415,-0.72970038790917735,-0.88833655802711109,2.3321659042722165,-3.2731852024831629,0.0472682791962,0.994560004857,0.00030131443421867573,0,0.00015065721710933786,13,1,1,1,0,0
461,2,-3.5587164933485687,-4.2624737251012554,-2.3078525820337394,4.3311993422910628,0.85490818473991104,-3.2380792256379087,0.367172171963,0.0435903550104,7.1362476614219638e-07,0,3.5681238307109819e-07,7,1,1,1,0,0
462,14,4.8154950424205785,-1.357069309802297,1.4421787026068904,3.1491323440803995,-3.7983906726732939,-1.1762192565014702,0.102015778576,0.00521997183685,1.8707466815330959e-08,0,9.3537334076654794e-09,11,1,1,1,0,0
463,13,5.8198447089239655,3.4680416131335008,0.63568299192471656,-3.3666254267939735,-2.2517614073427112,-4.9435394043397078,0.303175386884,0.11396447974,4.048256706564584e-06,0,2.024128353282292e-06,22,1,1,1,0,0
464,5,-0.69373004114870096,-4.7500192493174946,2.2435089355132338,4.3125736937921957,-2.1894772657391219,1.7404179139745553,0.0261188504083,0.0401089139503,4.9072784637529957e-07,0,2.4536392318764978e-07,48,1,1,1,0,0
465,9,0.87028877285024997,2.0513951169393243,-1.7199352521605975,4.0875950229250888,-4.6689915030483871,3.5638250514513174,0.0868301150813,0.025266609946,2.0200771041333524e-07,0,1.0100385520666762e-07,13,1,1,1,0,0
466,1,-1.035063606177266,1.956736185203416,2.2764392249144292,3.7851105226938442,-2.8667864335306525,-3.8461205908057954,0.0412262597795,0.00738570421976,1.8316066450775828e-08,0,9.1580332253879141e-09,19,1,1,1,0,0
467,6,3.0278910081435044,-2.8572242192638484,-1.2510952154732007,4.3245537316121645,-1.3268066215577312,6.0554633682622425,0.559871629577,0.00643069299651,3.2605333324205905e-07,0,1.6302666662102952e-07,12,1,1,1,0,0
468,15,-3.0180491040670741,2.0448883960699855,-1.2024462191453473,-2.1087401891187372,1.7020467156085803,-4.9963293452801345,0.260538924282,0.107156310516,3.5656424028197522e-06,0,1.7828212014098761e-06,15,1,1,1,0,0
469,7,4.0212841992830324,-4.0882116573559513,-1.9367714743454911,-1.4956644074552798,2.3138038302372594,1.5946674319806162,0.523621857252,0.0578212988191,1.2926080600948818e-06,0,6.463040300474409e-07,30,1,1,1,0,0
470,10,3.4841085727139331,0.4934581277014628,2.6169059839286102,5.1005100964513002,5.3246770752078296,4.6400283237627642,1.96436691893,0.118148239884,8.1108939617457991e-06,0,4.0554469808728996e-06,21,1,1,1,0,0
471,6,-1.157815283364269,1.861674581081517,1.4303953766326511,-0.94007817379612624,-3.8887080204382229,-3.6852137951531057,0.13316425921,0.0527530045177,8.6544628842586899e-07,0,4.327231442129345e-07,9,1,1,1,0,0
472,14,-2.4415151649648661,-1.6959768925707219,1.6516583398924738,5.1578947005125464,-4.7832920126768599,-5.2525130181554669,0.0530241885479,0.0730419361107,1.6279834029234474e-06,0,8.1399170146172372e-07,7,1,1,1,0,0
473,9,2.2426353049867203,0.0187697620595032,1.8397496774147091,0.045987104858647342,-2.4574857473009901,-1.0113674155044223,0.0569005501352,0.00240073089593,4.9933377958190501e-09,0,2.496668897909525e-09,48,1,1,1,0,0
474,1,-5.639518376116655,4.4468698288449975,1.2066649674801508,-1.1848466994246223,1.4775922455653752,3.8482809729293641,0.202344940828,0.0321429737307,3.5566528626612579e-07,0,1.778326431330629e-07,24,1,1,1,0,0
475,8,1.0357358540141643,3.6441535361544273,2.2007492219967988,2.21575860733943,3.586206621620021,1.6746347783009468,0.576853951642,0.136107457651,5.9758712998903917e-06,0,2.9879356499451959e-06,13,1,1,1,0,0
476,13,3.1236534654963779,-1.0982492174461269,3.051548555498357,-1.4731935714055264,4.4792092305071725,-1.4605437423132226,2.16093491757,0.373229585294,4.7102944788927354e-05,0,2.3551472394463677e-05,34,1,1,1,0,0
477,3,-4.8502534181101638,0.023376292678319057,-1.0742425390468606,0.16070325202165986,1.1619068722846415,2.5102362406838203,0.202914676954,0.0205084696814,1.6929563915254867e-07,0,8.4647819576274336e-08,49,1,1,1,0,0
478,13,-4.0722073329087047,2.1422806051905638,1.7999340523522562,-3.2384285436118896,-2.8460730140685957,4.8122025146738192,0.125989202698,0.000701662999418,1.6023251784661376e-08,0,8.0116258923306881e-09,39,1,1,1,0,0
479,13,3.8812862121255143,4.6686164583040091,-1.0692205993611028,-5.0788010448939955,2.0195095425942644,-5.5004060776043504,0.175561703275,0.000828584705094,3.1031047542351987e-08,0,1.5515523771175993e-08,12,1,1,1,0,0
480,12,4.4617002580439831,-4.8307579054358847,-1.3628833979669424,-5.2855252952445921,4.8028298046742739,3.4081077675564386,0.356206513399,0.0531718205236,9.8811039497795451e-07,0,4.9405519748897726e-07,34,1,1,1,0,0
481,8,3.4616939340454049,6.0907244397722655,-1.3822928833592323,0.86694247144207037,-4.8536314070542641,-4.5424283866621664,1.15956549601,0.118651045184,5.6330176579106884e-06,0,2.8165088289553442e-06,6,1,1,1,0,0
482,12,0.92224712859041946,1.5851964689825968,-2.5602534228134819,2.4155097761008619,4.8638004422349397,0.35412025621603754,0.789798661154,0.140998469746,6.6797493966428614e-06,0,3.3398746983214307e-06,10,1,1,1,0,0
483,0,-2.2942263389273529,1.6623736921239269,0.80545538091211322,-0.86067236951809434,4.402168905829563,3.0412042927626661,0.0198852771531,0.103437381661,3.2595861239353237e-06,0,1.6297930619676618e-06,25,1,1,1,0,0
484,11,0.45148013419250654,5.182271692981276,-0.58737439551517079,0.79297425174232983,0.71322037564797403,2.8480031572268758,0.0690889230633,0.0283014493727,2.4876331439923131e-07,0,1.2438165719961566e-07,11,1,1,1,0,0
485,7,1.3077390559349629,-1.0943556357864399,1.2234056051574254,-4.8729419265061082,4.5300222027040915,0.042915183872470328,0.0959799090692,0.0531035034033,8.6822780608294366e-07,0,4.3411390304147183e-07,27,1,1,1,0,0
486,11,-2.3543559483631853,-3.8916493444637386,-0.7912459699927411,-2.0017628921041277,1.851811807623736,1.0790394322668,0.771078569935,0.00194918793489,5.9571950421297541e-07,0,2.9785975210648771e-07,19,1,1,1,0,0
487,1,-4.4101748729154737,-4.2800917296383005,0.30402248613109129,-3.6103352232811301,-4.670795298888887,-3.4088085025107016,3.3871517202,0.00639205400943,1.1485242942153456e-05,0,5.742621471076728e-06,17,1,1,1,0,0
488,12,1.6320529530310599,5.1972217637107141,0.69677756445888783,-3.2951284771476459,3.7945514232204274,-4.7216025392563106,0.283084921516,0.0857352105812,2.3192354385434104e-06,0,1.1596177192717052e-06,18,1,1,1,0,0
489,1,-1.3380233776379091,4.168748501368583,-0.92010523595242166,-0.39537242885900092,5.648978305966085,-2.459977456269645,0.637250801473,0.103933502124,3.6966186098279581e-06,0,1.8483093049139791e-06,10,1,1,1,0,0
490,6,2.9003136155073155,-1.8886507395758325,-2.2335702832960873,5.3292513684042664,-0.99031248252901694,-1.6583852959550835,0.0520833279092,0.00480349355357,9.7412784096561297e-09,0,4.8706392048280648e-09,45,1,1,1,0,0
491,2,-5.5371795353767981,5.283425404392089,-0.76987444006920336,-6.1933446422287748,0.4694423157913119,4.3273780142939238,0.270091090388,0.0218920104695,2.1894017899868354e-07,0,1.0947008949934177e-07,32,1,1,1,0,0
492,5,3.3044619034048357,-1.810411121169671,1.6152551196886666,-4.396600629438673,5.1222901212080023,-2.2021113303516873,0.02130954552,0.00566849284941,1.024200614615467e-08,0,5.121003073077335e-09,17,1,1,1,0,0
493,5,-0.25383951548515749,-4.1306493121056027,-2.9045439646897497,-1.2521083747241493,1.1507410166616279,-1.2265741015891956,0.0156390316005,0.1234587687,4.6432438743314419e-06,0,2.3216219371657209e-06,16,1,1,1,0,0
494,14,3.6043515249422224,4.3881085693781321,-1.4560303746763485,4.8291231867964228,-1.7085806111751463,-2.1487503856625749,0.19483245272,0.0247455750474,2.2449017688169247e-07,0,1.1224508844084624e-07,14,1,1,1,0,0
495,4,-0.94265100264258905,-2.4094490066463177,-2.9149376922434871,-2.248448906480129,1.1052242170037798,5.3342868479718835,3.02145482612,0.230396399088,2.5299043669310091e-05,0,1.2649521834655045e-05,8,1,1,1,0,0
496,15,-4.627027885977582,-4.3753256906222697,1.3074485322589906,-3.7637429957922492,5.5848280578880329,3.7781570065414081,0.0928832850191,0.000486996188826,8.6995493140148802e-09,0,4.3497746570074401e-09,8,1,1,1,0,0
497,1,2.9776222117902629,3.7168334478146301,-1.8919417772985889,2.1889144765703148,1.2268485475867532,2.1167169907419909,0.0859446662966,0.0429341308074,5.6889983480986122e-07,0,2.8444991740493061e-07,12,1,1,1,0,0
498,1,2.6732953396249406,-1.4460726438474303,-1.9854651389954308,-3.6936348850934748,-3.7479606248985378,1.9151013229352667,0.0404092668514,0.00031572338145,1.6632734937413605e-09,0,8.3163674687068024e-10,25,1,1,1,0,0
499,14,1.8695690200490753,-4.2067665984488611,1.4381440282171156,3.7745285377728002,-2.6199693043217742,0.091292904813022102,0.118671568931,0.0141150939362,7.4773660000925267e-08,0,3.7386830000462633e-08,29,1,1,1,0,0
500,13,-5.5370031906122072,-1.2369620934634284,-0.0081300154951675363,3.565306377102762,-3.6609420045642103,-6.0714721742311015,2.80367510325,0.0099013127544,7.8904575562086427e-06,0,3.9452287781043214e-06,28,1,1,1,0,0
501,5,-5.4021252604604681,-5.9564236828587545,-1.8574463190177637,4.4862169992439975,-1.5367822412318151,1.9454084994098699,0.0330666785567,0.08770127667,2.3440625327028618e-06,0,1.1720312663514309e-06,16,1,1,1,0,0
502,14,-1.5636171348184189,-1.7904923923838587,-1.8052325131634428,-4.8775504471458655,2.299187424262898,5.8819619248425656,0.158727711738,0.019193485273,1.3741246025756712e-07,0,6.8706230128783558e-08,31,1,1,1,0,0
503,2,-5.7802951539694707,5.9865526854122049,-0.25461223499689734,-1.4443229680106411,-4.7164084206586754,4.4371636485664636,0.334409833218,0.00587605807642,1.2234778464872225e-07,0,6.1173892324361124e-08,28,1,1,1,0,0
504,2,5.6998276812252646,-3.6267097964186141,-2.7394028234799523,-2.9029127301201938,1.4012033023023869,-0.82732183075104626,107.997289178,7.71341786302,0.029787180780043439,0,0.01489359039002172,60,0,0,0,0,3
505,15,-1.6409196702366879,-0.83520408696628157,2.7570288260736633,-5.0772204414696978,4.3028885994580239,-2.5937089319672042,0.0263860828936,0.0546851317899,9.1164354301159828e-07,0,4.5582177150579914e-07,18,1,1,1,0,0
506,14,3.113720933850936,-1.939731242966245,1.9561994103041536,5.2278945582265113,2.8134521048308136,-5.7438297922920558,0.584138902638,0.00140934971173,3.4182330898456988e-07,0,1.7091165449228494e-07,17,1,1,1,0,0
507,8,3.8015573624081433,-0.70496778641860147,2.4405082748275566,-0.19729604742322229,-1.131930600522582,-2.6526513365646411,0.0524385396405,0.185134124278,1.0443403411314543e-05,0,5.2217017056572714e-06,11,1,1,1,0,0
508,14,-5.806786765984195,-0.50661365225099719,-0.88101927337043529,0.043351209000497493,-4.3276692814614259,3.9086288259342008,0.25314308505,0.0488035363428,7.8961467130109998e-07,0,3.9480733565054999e-07,5,1,1,1,0,0
509,4,-5.3257424064354568,0.88297989121609244,1.1025781244115314,1.9735428065699741,1.5353109259323603,-2.8307657571565485,0.0613043579283,0.00072495409111,3.9183185551802547e-09,0,1.9591592775901273e-09,13,1,1,1,0,0
510,10,-2.0195123487200815,-1.4928242785263113,-1.7944062609132085,-5.3565139730411788,-4.6095171604775924,0.80157008940739105,0.113206304013,0.00048972001344,1.2888722351647319e-08,0,6.4443611758236595e-09,7,1,1,1,0,0
511,4,-3.1240014559848781,-0.02166042222156388,0.49348255479737735,-1.1330888683758547,-5.5812136226599209,6.2676609374886327,11.5096797332,1.66339003749,0.00097530843634389128,0.0051087657280754857,0.00099853079097949422,60,1,0,0,1,2
512,12,4.825481021113939,-5.4838714397733703,-1.270167641262711,-1.1252457463123284,-4.7779184900317508,5.9532038462436203,0.113482513401,0.00691491725832,2.7443891971823945e-08,0,1.3721945985911972e-08,20,1,1,1,0,0
513,11,2.5678825423100338,6.1806507362157461,1.5025309183880697,2.0562767153916801,1.4344515549037411,3.1636765268563143,0.0403679469477,3.29686189141e-05,1.629902238536429e-09,0,8.149511192682145e-10,18,1,1,1,0,0
514,4,4.6265704428276599,-4.7213952228793037,0.70705901848666208,2.8438428095524078,0.23338139210641373,0.76610499875382487,1.09420001159,0.0593051114748,2.2686424492780355e-06,0,1.1343212246390178e-06,34,1,1,1,0,0
515,15,-1.4891330429454412,-3.6296696790285905,-2.820122816287792,0.16399992814958597,-3.5955757104327444,0.67779349947456469,46.6371173075,0.113975635906,0.0021789778267726503,0,0.0010894889133863251,60,0,0,0,0,3
516,1,5.1985123223925216,-5.9266081385311269,-2.6953214018448026,5.1176552150049046,3.3795729808568478,3.1470725363100858,0.085020731827,0.040648909641,5.1055820037782997e-07,0,2.5527910018891499e-07,26,1,1,1,0,0
517,14,4.3618546879057636,-0.20957018081208256,-2.2551617486595523,1.2092869417238381,-3.4916434207881348,0.51081951224648448,0.0406414609915,0.0365294179911,4.0813271945995742e-07,0,2.0406635972997871e-07,17,1,1,1,0,0
518,5,1.8608914450123586,0.88199534496778187,-1.2564407699325133,-4.778651989776133,4.4696286910342646,-0.72560554648384823,0.0505898054264,0.00608968679725,1.385584771231524e-08,0,6.9279238561576199e-09,13,1,1,1,0,0
519,0,0.094499480192330301,-3.3606682841679274,-2.3270224442792751,-5.2160421600002875,4.1857694402859051,1.3231486586412413,0.447807023906,0.107573048596,3.7255519666436184e-06,0,1.8627759833218092e-06,7,1,1,1,0,0
520,2,2.8210702389764877,3.3596252877219364,-2.3160973074797835,-1.0167855653630804,-4.4179389558868856,2.0470230039716171,0.143821113981,0.000650569100559,2.0813439150631327e-08,0,1.0406719575315663e-08,9,1,1,1,0,0
521,12,-4.2215250982187813,-2.6055514924609473,-1.1170184961917309,5.6492035200911221,-2.2380989012620032,-0.11168681873041136,0.182665626969,0.0006651046509,3.3501483116099493e-08,0,1.6750741558049746e-08,9,1,1,1,0,0
522,4,-3.2573227876960886,4.9731470502778237,1.2884116669541372,0.044874077217160177,-1.531333678020081,6.070900658446047,0.162957430991,0.0206397889702,1.5632241586842065e-07,0,7.8161207934210323e-08,15,1,1,1,0,0
523,6,4.7054124978989718,-2.8215873298124006,0.98694573521930973,-2.7158800364710221,4.8285189284490659,3.2951258361494435,0.0131233571439,0.015448948267,7.2875262861745387e-08,0,3.6437631430872693e-08,17,1,1,1,0,0
524,13,-0.73041127852679089,2.5291232413170261,-2.4240926346435776,-4.6455799805657003,4.5988906262273588,-5.0753654256817171,0.0785209577682,0.761336499874,0.0001765725554645022,0,8.8286277732251098e-05,27,1,1,1,0,0
525,5,1.8202196835315281,3.91304910321792,-2.7250030398414293,0.13491500366035081,5.3740842201806069,-6.1939195559502043,0.561371043714,0.044229955003,9.1105713175564728e-07,0,4.5552856587782364e-07,51,1,1,1,0,0
526,12,1.4413781122421925,0.5355841933226958,0.13078856537593031,-2.8307393975456536,1.5603670414514568,3.7661645810222661,1.48772978116,0.00148087379812,2.2140079238621228e-06,0,1.1070039619310614e-06,24,1,1,1,0,0
527,14,4.8490810781231657,4.0082067824760585,-0.24023251780162397,1.6507645516000389,-4.1218593003686719,-5.6577880478944342,0.670033724261,0.0913928701865,2.9933099303371793e-06,0,1.4966549651685896e-06,21,1,1,1,0,0
528,8,-5.6581690157954956,0.68038619316424398,0.40303845143722705,-2.7185174248732897,-4.665771503663299,-2.3467947074403921,1.93976026849,0.081085817571,5.7655019612153445e-06,0,2.8827509806076722e-06,24,1,1,1,0,0
529,0,-6.1105252746807777,2.2747467292003147,1.2645383117401858,-2.8294273938857093,2.1923350621167632,3.1079528081395575,0.223906738309,0.0227295083925,2.0750889312096876e-07,0,1.0375444656048438e-07,6,1,1,1,0,0
530,7,-3.1769998380771671,-3.8125696622234768,0.49527001760633438,4.6095658304279761,-1.9921132911385995,-1.8011374161300582,0.233176502557,0.00151395653646,5.5069484086699848e-08,0,2.7534742043349924e-08,22,1,1,1,0,0
531,10,-2.4739418899926524,-1.1082588862609577,0.54018784061064784,-1.2708018804751537,-4.5366272776090488,-4.867477787157493,2.3898085547,0.246364202002,2.420003670819962e-05,0,1.210001835409981e-05,15,1,1,1,0,0
532,0,-2.4119646880199723,1.7916548478908918,2.3541049918165013,-2.3876021382173906,-1.9405511915661857,-2.5415495868140683,0.372606179857,0.0268569324876,3.5855433304789456e-07,0,1.7927716652394728e-07,50,1,1,1,0,0
533,13,4.0730308924513858,4.0662275303692388,-2.7898174918685301,-5.0143321462258443,5.5014901875450155,2.965134666460413,0.0747639096002,0.107312543853,3.5135583860742121e-06,0,1.756779193037106e-06,19,1,1,1,0,0
534,10,-2.9124435056355065,-2.6698407744857171,2.2445024782489007,-4.062613225409029,-1.5708075359268419,4.1997242456090449,0.233920815847,0.170585949452,8.9189537057337776e-06,0,4.4594768528668888e-06,16,1,1,1,0,0
535,2,-1.3401327365965698,2.8707878559343647,0.22341458178851767,-2.715885428483054,-4.1975445677598966,-4.0951309550645165,1.34994079517,0.0238696230656,1.9958986380834088e-06,0,9.9794931904170439e-07,22,1,1,1,0,0
536,10,-1.4988359532804478,3.0785855963895212,-1.1093559959314301,-2.2005712917782119,-2.4129327308649255,-4.0731926466258566,0.135273421978,0.175419709633,9.3920088427911937e-06,0,4.6960044213955969e-06,21,1,1,1,0,0
537,11,0.13192210176809505,-4.5537371780332325,0.090164075928510168,4.281712484582096,1.2839513932576829,-1.1431276431902626,31.033341798,0.00377909762101,0.00096307265356828319,0,0.0004815363267841416,60,0,0,0,0,3
538,7,-2.7229026315581022,-0.64305705265801494,3.0256743920957354,4.6160969760483095,-0.74701461401554092,5.0249873915014565,168.200340647,1.24826852069,0.028766001628416586,0,0.014383000814208293,60,0,0,0,0,3
539,11,3.0336938983245307,1.0559628501948686,-0.093528764945347245,-0.1497829580273263,4.1424977379232084,-2.1033897703730853,0.719735270058,0.506047328927,7.8525635456132997e-05,0,3.9262817728066498e-05,37,1,1,1,0,0
540,3,-4.1005845257796407,-4.0278397906649808,1.3551346499271009,-1.5961803696185175,-1.5632218846566497,-0.18630483787545615,0.0293843509206,0.000193510256267,8.7484684972034467e-10,0,4.3742342486017234e-10,22,1,1,1,0,0
541,11,5.3747835970056563,-0.74205161030373468,2.5636265675753789,1.150641798205047,-4.7451019456303944,-0.73636316967953996,0.676345574142,0.0273113672962,6.8466075394965736e-07,0,3.4233037697482868e-07,15,1,1,1,0,0
542,10,-4.0660124179421455,0.85345776792572303,1.2248892162414293,5.4411467654036514,-1.804892580846275,-0.54341166648633088,0.136048429421,0.398268381103,4.8336224713210719e-05,0,2.4168112356605359e-05,51,1,1,1,0,0
543,6,-2.0593102850776011,-2.0167769267569451,2.3247406592093474,-5.2154654671746448,4.603672235995167,-2.7309445141471613,0.363780434666,0.00861945457976,1.5496775501225183e-07,0,7.7483877506125914e-08,14,1,1,1,0,0
544,3,-2.8514421509252812,0.34291975462678209,1.0102415392311428,-0.65857126186000259,3.3649751193038653,-3.7026271889176496,0.161291592414,0.00375724405251,3.0315226218806249e-08,0,1.5157613109403124e-08,10,1,1,1,0,0
545,0,-0.82999267582621616,-0.95434207139628913,-2.283655613357912,-1.2893456475388863,4.5296914306930622,-3.711714924240451,0.229967063192,0.0461743209419,7.0234987706237669e-07,0,3.5117493853118834e-07,14,1,1,1,0,0
546,12,-0.38399484506976123,1.0057425292006152,1.5131329427471478,5.9954963147228479,-2.1104000824263309,3.8736548192220717,0.0739883050523,0.000720176937365,5.6322605778859491e-09,0,2.8161302889429746e-09,8,1,1,1,0,0
547,3,-2.9268998193479492,2.7146236888303896,-1.1456266666072481,0.82425608849932752,-2.3326724806905812,-1.1502322536317644,0.0340800320889,0.00633517859753,1.3387112724345342e-08,0,6.6935563621726711e-09,40,1,1,1,0,0
548,14,-5.6901362824315527,2.7397298083878137,0.43367770996643562,-0.066989033173824319,5.9618631936148248,6.0336863533380827,0.27171765279,0.0113618951375,1.1315435618043214e-07,0,5.6577178090216071e-08,23,1,1,1,0,0
549,14,0.36751726645306854,0.77611064141405073,0.8583655408281432,-5.1428855430389158,4.3190072488931417,1.5338444494070311,0.314530767722,0.00398886711862,1.0377639015804763e-07,0,5.1888195079023814e-08,21,1,1,1,0,0
550,14,-1.5384866181399444,0.063615230880719062,0.9649550794094538,5.2004878264993382,4.781791362217902,-2.35549859085984,0.0560043764616,0.00200663915599,4.3630628993078377e-09,0,2.1815314496539189e-09,29,1,1,1,0,0
551,13,-4.7170484934161498,-0.56013533728827891,-0.59543616813195455,1.4137527146128086,3.905615246641712,-0.67940803153405405,0.147078973017,0.0070045194843,3.6577758086264609e-08,0,1.8288879043132304e-08,23,1,1,1,0,0
552,14,-0.65255179132744234,-4.230447299775383,2.7265997332238507,5.373819772985799,3.5520829885771188,-0.45959402584289522,0.535394530037,0.0451025167405,9.0631133394040143e-07,0,4.5315566697020071e-07,29,1,1,1,0,0
553,12,-0.26062025607253059,-4.3105915868465017,2.2058702165647723,3.9859420713016878,-0.5568991472364434,-5.315883679949037,0.649292953962,0.0127142924876,4.7082373094168502e-07,0,2.3541186547084251e-07,24,1,1,1,0,0
554,7,-2.30448739248282,0.54326388447457863,0.53057511661956713,6.0443828987307198,-1.5404171633856427,3.2003272032426917,0.452539602316,0.0409072940339,7.1454092444948789e-07,0,3.5727046222474394e-07,13,1,1,1,0,0
555,7,-1.9932184301786169,1.9261056543058632,-1.6793455398219683,-1.7897067585920745,1.7112776760874218,-5.7700244318963589,0.0487356016499,0.0110957675155,3.987845441234894e-08,0,1.993922720617447e-08,60,1,1,1,0,0
556,13,-0.079633447758842443,-3.9148046524520455,-2.115859226151068,4.9026619794637414,-3.9447572712271737,-0.91824724831120785,0.152996195231,0.0188968166506,1.3218357256529703e-07,0,6.6091786282648514e-08,17,1,1,1,0,0
557,14,-0.031124640249085692,-0.56752260680807087,-2.7069772207122207,1.6661086630151891,-4.7600981584516973,-2.2448897919126241,2.93456523109,0.0142182118302,8.673253806102474e-06,0,4.336626903051237e-06,14,1,1,1,0,0
558,3,-2.2203994697481071,-5.6583360046806979,2.3484525255216488,2.0262057431265648,-3.5892202038345293,5.9330146974001998,3.30248755941,0.131694057262,1.6189502906173645e-05,0,8.0947514530868225e-06,25,1,1,1,0,0
559,7,-1.9151703947965206,1.532987179506921,2.7121750696349611,2.0939635679183453,-3.8081045425581612,-4.4287401993136637,0.783395388174,0.0163533453022,6.9517275034377623e-07,0,3.4758637517188811e-07,11,1,1,1,0,0
560,13,-4.8598863181304708,4.7798133971734202,1.089613687260492,-1.1774265853717583,1.6207952417472606,-3.0920390666309023,0.842483338359,0.0176831910247,8.0503059406705e-07,0,4.02515297033525e-07,17,1,1,1,0,0
561,9,-2.704204625108912,5.7685965623631104,-1.626798216948121,-0.99438343142932106,2.7849435170266497,3.4656904200861982,0.221351527652,0.0593069613175,1.1204321199363522e-06,0,5.602160599681761e-07,6,1,1,1,0,0
562,1,5.8913764371751061,1.2083623391359273,-0.94286285159936412,-5.0714197799435086,5.6694411113347334,1.0731151190689165,0.0500142552718,0.00710689639964,1.7887035190737471e-08,0,8.9435175953687355e-09,12,1,1,1,0,0
563,0,3.3825557968544397,-5.4798325236091756,1.8811074152138061,-0.44607568470530912,5.5288195393122042,-1.2700859236431687,0.42421432545,0.0518766915716,9.9974149160961214e-07,0,4.9987074580480607e-07,27,1,1,1,0,0
564,4,2.0786398221621183,1.6669481656169136,1.7869586512798914,-4.7299140175650063,-5.2191276314472983,2.8653658276985068,0.030947402936,0.00740583563693,1.7664911052294072e-08,0,8.8324555261470358e-09,15,1,1,1,0,0
565,2,-2.5020004859359894,4.9495184046250476,0.48683016457277972,1.222993685608281,2.9002620280982709,2.0010093101405197,0.408295402726,0.00838465708309,1.8812049424360963e-07,0,9.4060247121804813e-08,13,1,1,1,0,0
566,9,0.84702100052417817,4.3485195289941316,-1.3607138027982353,-6.0387927104423644,-0.1957307305530242,-1.5112169188734865,0.652864549463,0.116855578531,4.5858519018865677e-06,0,2.2929259509432838e-06,15,1,1,1,0,0
567,13,4.8449869081645671,5.138962527692243,2.0679093865748439,-4.6629417816175698,-1.9233997424101348,3.5067053871743896,0.130975666757,0.26672420503,2.1688186652133555e-05,0,1.0844093326066777e-05,16,1,1,1,0,0
568,15,-4.4085002730388148,-2.8807543902370849,2.1885345184078617,2.728460050444331,4.5646184026607948,-5.9805895942333258,0.0674461425358,0.000279394556967,4.5727609803680946e-09,0,2.2863804901840473e-09,16,1,1,1,0,0
569,11,-1.6280815121233863,1.7944913986204949,0.68225084910993905,2.5155330648664842,-3.8744082435816174,-5.0880902953764933,0.43013154805,0.00388177374295,1.896031748994591e-07,0,9.4801587449729551e-08,42,1,1,1,0,0
570,14,-0.13578764305323041,5.5542111843379089,2.3036603036918457,3.3299539326979177,1.6364463784193433,5.1430274938946869,0.866826573706,0.00139203793866,7.5197858726629562e-07,0,3.7598929363314781e-07,8,1,1,1,0,0
571,2,0.91331349212486201,2.5826476046761107,1.0603616493486228,0.9046765435445282,1.7811966403023562,3.3651319197093112,0.00691013409066,0.0162113917278,8.0104016979413019e-08,0,4.005200848970651e-08,22,1,1,1,0,0
572,6,-0.60284372891515658,0.80792802142829001,1.1572074770088707,5.6768010797969319,4.2962943210187428,0.36353476460647122,0.0217021800833,0.864303962814,0.00022755618414240712,0,0.00011377809207120356,28,1,1,1,0,0
573,15,-4.637107706435847,2.7241346458451381,-1.5732551885491526,0.82259340712914231,-1.5751571917743217,0.5742079347371013,1.20664100113,0.0564247011791,2.4258072724944583e-06,0,1.2129036362472291e-06,54,1,1,1,0,0
574,8,3.2523897797652528,3.270764427030965,-0.67178845036660295,-0.33729674918606017,4.4947508143085502,4.254525616682213,0.0334786283358,0.0503340516668,7.7287415612011509e-07,0,3.8643707806005755e-07,12,1,1,1,0,0
575,1,-0.56330933776086956,4.417577466876355,1.9667055426108677,-1.5988221726915206,1.7022362426926227,-1.4512403568952184,0.402969721397,0.147153239377,6.758593312464741e-06,0,3.3792966562323705e-06,11,1,1,1,0,0
576,14,-3.6338682370914808,-5.9145384959601399,-2.5285604177052519,-0.70576205726462082,-4.2471107132572126,2.5032754321651383,0.0682379495292,0.0190224251499,1.148830409560534e-07,0,5.7441520478026702e-08,25,1,1,1,0,0
577,7,3.3211449523488539,4.7310232963183028,2.8763915611078996,-3.4639940999691508,1.6958936893722105,1.554558589756998,0.130594270772,0.0420129751194,5.5473204892666946e-07,0,2.7736602446333473e-07,10,1,1,1,0,0
578,3,-0.75683686832122721,3.3774149994295342,2.4160545242812748,4.5786841675980368,2.8330430905438062,-0.30644913720928618,4.55168828174,0.268990908944,4.2758797472409092e-05,0,2.1379398736204546e-05,55,1,1,1,0,0
579,4,-3.5105012128127679,-5.734699857580968,2.4365302227968466,6.1900489823585598,-1.2205710739358757,-1.4856562601416183,0.0390674798532,0.0064063021637,1.4027982380343501e-08,0,7.0139911901717506e-09,30,1,1,1,0,0
580,11,-2.9058719371342088,1.6221697402860946,2.3947486651177621,-2.6820336784480068,-1.6264527360273651,-1.8884572409810634,1.43289687268,0.213654420693,1.5958433847150332e-05,0,7.9792169235751661e-06,38,1,1,1,0,0
581,2,-4.7627508400931458,3.2197963655110202,-0.62995692219006361,-2.0245740432148942,-5.6918280250258482,2.9517008336280544,0.281853549358,0.302870753485,2.8022208536631326e-05,0,1.4011104268315663e-05,7,1,1,1,0,0
582,0,1.024972883830257,2.779384054942049,-2.8213058872150358,-4.5398029259273347,-1.8185764588377713,0.33987888971849961,0.133213116973,0.046658928487,6.8091479643798889e-07,0,3.4045739821899444e-07,33,1,1,1,0,0
583,6,4.3600746016079484,-3.0425939573558605,-0.63399237411050979,-0.45670346970632275,4.6000984185505009,3.926036857359898,1.9412522003,0.00720322792472,3.7842656346661956e-06,0,1.8921328173330978e-06,28,1,1,1,0,0
584,8,4.2974854511008509,-3.1211626607498566,-1.814536784313914,-2.7439613825554026,-5.2565180695859368,0.75728147196842521,0.0168092492894,0.027034437194,2.2291548027377751e-07,0,1.1145774013688876e-07,13,1,1,1,0,0
585,4,1.4461375583226921,5.9388456211441003,1.7531303136590546,-3.1445567661201563,-4.9726925094514494,-2.4652205965699951,0.0951703669971,0.056049351256,9.6602209337071153e-07,0,4.8301104668535576e-07,22,1,1,1,0,0
586,9,-5.0294245056749727,-4.3769213019494106,0.42504205165976827,2.6716486406492073,1.3125905740261161,3.3578590388093721,0.00540481130351,0.0623919351932,1.1858297625222775e-06,0,5.9291488126113873e-07,20,1,1,1,0,0
587,14,3.9292272494085947,1.6688401842099332,1.7462569561612085,-4.7756735477775836,-5.4342958545528184,5.6798181306712365,0.0115299991041,0.104362271651,3.3178686166567624e-06,0,1.6589343083283812e-06,24,1,1,1,0,0
588,2,3.9559422873873347,-3.6754259161033875,2.4811928485803394,-3.6703202123313656,4.7123869285160582,-2.3435807408575302,0.0420383411244,0.000593909358959,1.8746693172419523e-09,0,9.3733465862097617e-10,26,1,1,1,0,0
589,2,5.0117696807016214,2.4926750943718052,1.8442212798118685,0.62892652888401734,-5.1552675094975111,5.7702716240075276,0.376139775915,0.00506626125567,1.4929974728698996e-07,0,7.4649873643494979e-08,22,1,1,1,0,0
590,6,1.0972307578056573,5.8274347293273916,2.6141004001461363,1.7294448728954435,0.69052888252952205,-3.0177337401742146,0.0418392876638,0.00278467062542,4.112648415924737e-09,0,2.0563242079623685e-09,10,1,1,1,0,0
591,8,-2.8638334065566773,-2.0835591799417439,-0.014969915596772243,-1.4459018020628214,4.2213110838759267,-1.2461018316875176,3.57016836548,0.0323716335239,1.3065317653809604e-05,0,6.5326588269048019e-06,30,1,1,1,0,0
592,0,4.0883718957354072,1.9593050598075394,-2.2954699211468244,1.6030046981723902,4.4813260909275172,3.4037122015111407,1.07443389775,0.185029572235,1.1583272699824113e-05,0,5.7916363499120565e-06,13,1,1,1,0,0
593,2,-4.1359192129209728,-3.5097271619549808,-0.51075153956211838,4.4126187315248302,4.2668143988053897,5.8720721595979377,0.0354256386583,0.951466687024,0.000275768010609489,0,0.0001378840053047445,16,1,1,1,0,0
594,1,1.9589982905888095,2.6419128272129777,-2.5024148046315382,6.1319232825708703,-2.1288439707961677,-4.3988863182101836,146.262130886,1.21956126518,0.021845677460745127,0,0.010922838730372563,60,0,0,0,0,3
595,4,-4.9727151643461811,0.9810841577576277,0.85260534252773834,2.6570046114276287,1.6028585452364565,3.1275118094001049,0.341058711222,0.0303968358155,3.9777767918367386e-07,0,1.9888883959183693e-07,49,1,1,1,0,0
596,1,-0.62400529637700231,-2.4456987395546648,-1.9185091423936338,2.7908999600847446,-4.5053397569256282,4.7182596617577079,0.155104429112,0.00895887320077,4.8506407256544864e-08,0,2.4253203628272432e-08,17,1,1,1,0,0
597,5,4.1973429065743373,4.2854922265624618,1.4896635589973128,0.22904200122164073,-1.5582864346701031,-3.0030055494503221,0.0499378132275,0.0148642168105,6.9797463151387907e-08,0,3.4898731575693954e-08,6,1,1,1,0,0
598,6,-4.1001604578431046,-0.65595195764403535,-0.78757098032887629,-5.4528898856948196,1.2125704884926696,2.8188587901198465,0.226732105951,0.0163356648669,1.3269580855559957e-07,0,6.6347904277799783e-08,17,1,1,1,0,0
599,0,-1.1352962862764659,4.9954401541082518,1.4078143869165891,-2.1152556348052891,-4.9369368882275548,-5.9045866875239774,0.0465745810686,0.0177945483255,9.8625063909334207e-08,0,4.9312531954667104e-08,46,1,1,1,0,0
600,10,-4.6294612110455873,-2.8084957383983862,-0.69795891274505073,-4.6812458848915357,0.87590722524686082,2.3389167402280466,0.113784801891,0.119573143417,4.3682866211329747e-06,0,2.1841433105664873e-06,11,1,1,1,0,0
601,15,1.2333493289372597,-1.211456623837575,-2.145634903240671,1.9504027389667848,1.4731380901540885,3.6448632267564314,0.40350086139,0.00371413616058,1.6701508378538102e-07,0,8.350754189269051e-08,20,1,1,1,0,0
602,2,-0.33571113485499876,-4.3102215991088277,2.9204728302831464,-6.0379055063071796,-4.5057621322981793,-3.024874134211514,1.67383191911,0.757546255506,0.00017761443998072634,0,8.8807219990363171e-05,53,1,1,1,0,0
603,11,2.0122488526228537,-4.0643684966682851,-0.090424604209020432,-0.46210614281464979,-1.6282962512312114,5.4148651001409744,92.7743484669,0.403122217111,0.0086565823554918871,0,0.0043282911777459436,60,0,0,0,0,3
604,1,-4.6370889994230025,-1.2383187891191556,-1.390774400050893,-3.5645434838164682,2.1516256038118176,-2.6738277134848265,0.173703686233,0.00256095240039,3.2170797012387277e-08,0,1.6085398506193638e-08,5,1,1,1,0,0
605,12,1.7450836046335516,-1.3390601867127767,-2.3108336798078724,-0.74374914058284392,-0.89262639655070741,-0.040170879941612218,1.17938364195,0.0336360894322,1.7355858150428824e-06,0,8.6779290752144119e-07,21,1,1,1,0,0
606,15,4.7221670412792021,4.4937949395566292,2.2197265613963699,-1.9102349863565817,-4.3629327256549466,6.0867022133794322,0.0347173856341,0.0875702548484,2.337179069485471e-06,0,1.1685895347427355e-06,15,1,1,1,0,0
607,0,1.6363082559576909,0.57101464913606348,2.546398939749813,4.6947554647912604,-0.80854540617244419,6.1443695084110814,0.0447511619341,0.0395729648161,4.79039499426717e-07,0,2.395197497133585e-07,49,1,1,1,0,0
608,6,-3.9583919419384341,-3.9200496396706592,0.23074600274722587,5.3056442162571278,1.3720079047202773,-6.2117910714817093,4.58065891437,0.364587005277,6.1473305865363811e-05,0.00024353987945341791,5.5090640878023694e-05,23,1,1,1,1,0
609,1,2.2193219202987171,-1.8543778149142658,1.6093132671620662,-2.5375361402743453,-5.0286537134786284,-2.7121673616444384,0.0562538126215,0.0145905769986,6.8012951700908444e-08,0,3.4006475850454222e-08,50,1,1,1,0,0
610,2,0.47582588667888703,0.76083807823062266,-2.2740822974886949,2.2719111282657853,-1.6189919036577367,-5.2885421807223727,0.0441745499059,0.00292305297807,4.5541148100652288e-09,0,2.2770574050326144e-09,15,1,1,1,0,0
611,14,1.0579730146470345,2.838065235823239,0.4021091420893998,-0.64845278619587809,-0.096173316769737838,0.054043347558497504,0.54256988943,0.0103197608264,3.2682306746563589e-07,0,1.6341153373281795e-07,59,1,1,1,0,0
612,7,3.9566690801692239,-1.4154962636410318,-2.6016633334453343,4.022030781048028,-3.4743262297402744,-4.9229627036616961,0.513129807462,0.00176542346863,2.6425160651804122e-07,0,1.3212580325902061e-07,16,1,1,1,0,0
613,4,-0.66572000795628017,3.1932213011070201,2.3036110750470824,-3.957083923153367,-1.6719252207793336,1.8373349813384983,0.188494190385,0.0551256033563,9.612112671045244e-07,0,4.806056335522622e-07,16,1,1,1,0,0
614,8,-1.720459078864641,2.8295763976122483,-2.4477153847768927,-4.706090119521436,-1.7749055390812616,3.0972490317643366,0.419779667419,0.0143913780349,2.3930481964798676e-07,0,1.1965240982399338e-07,27,1,1,1,0,0
615,0,-2.5383632984702791,-1.2435784375075807,2.3688789956735259,3.5634925377848652,2.0242695126246208,-4.6580953103997675,0.0113347552823,0.172519415826,9.0664411566155489e-06,0,4.5332205783077745e-06,36,1,1,1,0,0
616,10,1.8186154887536048,-1.6928253646208471,1.3550881092793878,5.139308471471459,1.6410272692789323,-3.667556248281779,0.411476924044,0.032352453589,4.8815060171915458e-07,0,2.4407530085957729e-07,8,1,1,1,0,0
617,11,0.340275831044973,1.2869957258947669,-1.978851285104916,-2.424686838774861,3.7749296710754781,2.3045980760894866,0.21991541717,0.0854899434789,2.2746684745650749e-06,0,1.1373342372825375e-06,12,1,1,1,0,0
618,12,-5.0538277016906621,0.029090147335860128,-1.0277131829618917,-0.64632242304273346,2.0261121895157426,3.0763795796532256,0.100789856973,0.340162554446,3.5257611874605587e-05,0,1.7628805937302793e-05,26,1,1,1,0,0
619,8,0.71243447571420215,0.39615898047978465,0.032490017356987588,4.4472646977354744,-5.0798837585594088,-2.6716487503368342,12.0692415927,1.26277404252e-05,0.00014566659267124357,0,7.2833296335621784e-05,60,1,0,0,0,2
620,0,-3.222569360747547,1.1993524017816903,1.4443488283649508,2.8352047252498123,-3.6273144908857771,5.9649095121470639,0.0649006719302,0.0501039645769,7.689258812997093e-07,0,3.8446294064985465e-07,33,1,1,1,0,0
621,11,-2.8543403872456143,5.1786534233813954,2.1009531201206082,-2.7266958029256245,-4.5963514467438467,1.4597672850162238,0.188729354597,0.00712332689717,5.1075601238736754e-08,0,2.5537800619368377e-08,15,1,1,1,0,0
622,6,2.3577803209589585,3.8710965403884949,1.0006881223937103,-0.2904990030400561,-4.9010539408666629,-4.0728434524955279,0.219228003473,0.00732899094111,6.4423170557429182e-08,0,3.2211585278714591e-08,10,1,1,1,0,0
623,15,-2.9446371512598146,-4.7349867607673,2.634193562036995,-1.2295307096091825,2.1363061696363186,-0.20250139356200292,1.10482317459,0.000720676956049,1.2207924578601894e-06,0,6.1039622893009468e-07,11,1,1,1,0,0
624,0,-4.6195464801842148,5.8569537615609786,1.0598547084123187,1.2580294702673964,4.7029107381161275,0.065920807857172511,0.27521939171,0.0603604828747,1.1855851327790132e-06,0,5.9279256638950661e-07,17,1,1,1,0,0
625,11,-4.9020038709269835,-5.0442206832297884,0.060102922556255628,6.1848621361409295,-1.6784762043560253,-5.5315118534661911,3.58349072815,0.140672935152,1.8869441745569776e-05,0,9.4347208727848878e-06,23,1,1,1,0,0
626,7,-1.5966976413402327,-3.8448221905509916,1.8433174274280104,0.40893257199494154,-5.0462802174858723,0.074351027874272183,0.0383830486056,0.00327857350402,4.7476045361196415e-09,0,2.3738022680598208e-09,20,1,1,1,0,0
627,4,-3.2237566364821384,0.83002248289002756,2.068125043184168,4.8477162687647146,-1.0505431987948299,-0.73416817668057344,0.179749001042,0.0200461636292,1.5471981027910304e-07,0,7.7359905139551522e-08,11,1,1,1,0,0
628,3,-0.97950413492274646,-3.7037277782387963,1.0491412604764088,2.0585390246016981,-4.9925733211702612,-0.87608565119034565,0.067931831264,0.0603827851903,1.1152744432878193e-06,0,5.5763722164390967e-07,17,1,1,1,0,0
629,12,2.3089825325881619,-2.9569617462480693,-0.54035391907625774,1.8009065651905034,1.6187036154666143,2.4100905118720011,0.0782807575958,0.0898485801606,2.4652334398001052e-06,0,1.2326167199000526e-06,13,1,1,1,0,0
630,3,3.630279281209833,-4.1760259885107569,1.3946361663392304,-2.4154212964114197,5.0866901640753515,-1.4629283088122165,0.0361359931397,0.0248464426576,1.8936006813025829e-07,0,9.4680034065129147e-08,44,1,1,1,0,0
631,0,-0.16310378906061329,1.4635397536874322,1.8186424452413397,-1.9660972243477972,5.0628196025998546,1.8803320989234715,0.0749316668305,0.00117605256008,6.0360709327817216e-09,0,3.0180354663908608e-09,13,1,1,1,0,0
632,10,-0.53665404830500507,1.6062100658244109,-0.31815157817418316,-0.81026318735314107,5.9273309835113128,2.9540461723085811,0.577652863615,0.0140004550257,3.9339172622933906e-07,0,1.9669586311466953e-07,10,1,1,1,0,0
633,8,1.3652700359989594,-4.0295339718272611,1.5341455207134322,-1.482575308844543,3.1009622503022092,6.1000190252801723,0.921512243417,0.0292313378797,1.1094716008680811e-06,0,5.5473580043404055e-07,46,1,1,1,0,0
634,10,5.2544742171281795,-4.7891332352950613,-0.47260069037154456,1.1961708350104703,-0.67959826917221844,4.253915634913298,0.386011558625,0.00168702036722,1.498718760586127e-07,0,7.4935938029306351e-08,13,1,1,1,0,0
635,13,0.66632979021376604,4.1110114236209006,2.2851631565220574,-5.7123656464882426,4.6254494754584456,0.9242993284833062,0.168614088809,0.038398390645,4.7756972400966461e-07,0,2.387848620048323e-07,39,1,1,1,0,0
636,10,2.3834591299897978,0.72111690723403998,-0.88181667102554573,-0.14695949882754319,5.8148794235185894,-5.4926314366927516,0.145912522369,0.314853930035,3.0218928304882089e-05,0,1.5109464152441044e-05,18,1,1,1,0,0
637,7,-3.2983424728257296,4.0428582210139332,-1.8387274205703983,-3.5690983592065684,1.4234655652284123,1.6287049123075721,2.54307618866,0.0533549212139,7.3344054154501407e-06,0,3.6672027077250704e-06,7,1,1,1,0,0
638,3,-3.4311447032795441,1.0958667397524315,2.7947235500830927,-4.2922591536034371,-5.2210478540481953,1.5248638648640567,0.369321381677,0.00547288671119,1.4552233286500194e-07,0,7.2761166432500971e-08,14,1,1,1,0,0
639,8,4.2762208635789003,-4.8402284537317977,2.9842842836868959,-1.9420605545797707,5.1689985513889738,-2.0400755775795534,0.398947572834,0.0423394737002,7.0522580583543415e-07,0,3.5261290291771708e-07,60,1,1,1,0,0
640,6,-1.2213787918147276,0.2521093288185644,2.7856360773453281,0.28962819047730937,1.5442908340968562,0.4902287229737684,139.082534081,3.26470957224,0.022590663840909613,0,0.011295331920454807,60,0,0,0,0,3
641,12,-0.2672761805770017,1.8219554195510919,2.5604148677834089,0.42027243050044932,1.8234543083579535,-1.4115282206433861,0.551394957557,0.0212583076477,4.4169777666912201e-07,0,2.2084888833456101e-07,22,1,1,1,0,0
642,2,-3.371346356510891,4.6714124127797785,2.6631365494318153,0.14275167298822997,-2.0635251298089892,-0.8479738062711073,0.178622920952,0.033333446891,3.7037225376674091e-07,0,1.8518612688337046e-07,22,1,1,1,0,0
643,2,3.060370672436926,1.866422596630734,-1.1845739315436981,-0.93066097652864854,-2.3268048190880362,4.8761208856165554,0.0418770621383,0.00107223351043,2.1039023204866648e-09,0,1.0519511602433324e-09,12,1,1,1,0,0
644,6,-2.731740992133878,0.82053423251257562,1.767133938358306,0.66917921439152528,2.0388969167416517,0.63064814347614717,19.6959990631,0.640892092718,0.00051305175279827461,0,0.0002565258763991373,60,1,0,0,0,2
645,4,-0.97651132294444665,-3.1234931792512364,-1.7395881928924277,3.9473220912416926,0.12149197822630987,-0.37240212428884717,0.0438210167234,0.0470370419894,6.7588124149549849e-07,0,3.3794062074774924e-07,19,1,1,1,0,0
646,0,3.7772163129670484,-3.6321640970840985,-1.6849650459562797,3.1551355828408174,-3.854388350645694,-5.5679139340899235,0.320236721489,0.182264615337,1.0222061045147012e-05,0,5.1110305225735059e-06,16,1,1,1,0,0
647,6,1.0186171673075668,-1.4438219058416681,0.15925896595070976,-0.25816350414040307,-4.5148975904311124,3.0480076042908304,1.99241419204,0.00129076800674,3.9702218302635385e-06,0,1.9851109151317693e-06,51,1,1,1,0,0
648,2,5.0715777796692247,-3.4677403810487446,-3.0084643207579247,5.3870149733209507,1.1666198869325815,6.0631821504803884,2.96528683361,0.00901272949194,8.8176698632140773e-06,0,4.4088349316070387e-06,29,1,1,1,0,0
649,6,3.3669401946908466,-3.3563063295416113,-1.9464836947469182,1.3355344470825767,-1.4139502825302064,-1.1437287300864754,0.0157874836529,0.0459673536859,6.4390512305520097e-07,0,3.2195256152760048e-07,36,1,1,1,0,0
650,6,-1.1656229970340406,2.6473607039322737,-2.1433543480555817,-0.90414978346475361,1.0166471607090048,-0.85607096155393114,4.23436048171,0.948099336609,0.00029174807764500407,0,0.00014587403882250204,53,1,1,1,0,0
651,1,1.3652735974148744,-0.88269938876909171,-2.9065248893809899,-0.98074863013821456,4.798764428976531,-6.1624351088551279,0.220786659675,0.00202990010739,5.0001923476872302e-08,0,2.5000961738436151e-08,18,1,1,1,0,0
652,10,4.198685917047511,0.42389336823990559,2.7172587730125239,-1.0108418939348434,4.2904567902487605,3.3348496046941078,0.0583850484856,0.280403939188,2.3954370500027706e-05,0,1.1977185250013853e-05,11,1,1,1,0,0
653,5,3.5307835709571824,-0.43308939536213165,0.64385078134567963,1.2166346458070676,-2.0717261014908872,-1.7616334397967004,0.026959586996,0.0735035739382,1.6465063157899575e-06,0,8.2325315789497875e-07,19,1,1,1,0,0
654,13,1.5955604691590197,3.747002812203716,-0.73561691874394641,-4.8045543073053132,1.2648315340030671,-3.0003886214100546,1.24095547755,0.286603614224,2.6561742398646456e-05,0,1.3280871199323228e-05,24,1,1,1,0,0
655,15,-6.1702356380275747,-3.8872048516888156,2.8736833469352039,-0.78640886753641359,1.4861566456806317,4.7370985440521762,1.70302195536,0.0987447225775,5.8704620965904469e-06,0,2.9352310482952234e-06,25,1,1,1,0,0
656,15,3.6335334655667153,-4.6167414071790089,-2.9110816638087895,5.3261726114776744,1.821909690070614,1.4726296573757653,0.167202133055,0.0254729121279,2.2561343070482032e-07,0,1.1280671535241016e-07,14,1,1,1,0,0
657,0,0.12881792898617522,0.75171470862373357,-0.87233392305101598,1.3762949928737189,-1.4223137057231718,1.2458948430597445,0.0261856776523,0.114033754576,3.9618383731957257e-06,0,1.9809191865978628e-06,9,1,1,1,0,0
658,8,-1.2338013090918856,-5.1592196691397527,-1.1336744942106649,-2.713305338859676,1.8969462958935672,4.9915121223617138,0.0175216945871,0.00656839512208,1.3449367227780338e-08,0,6.7246836138901689e-09,35,1,1,1,0,0
659,9,2.0040979736941793,-1.3270672159258632,-1.2412558162744178,-2.402037576577492,-1.0736131055959275,-6.133433896702889,0.0374229879635,0.00400373499929,6.2834649609603227e-09,0,3.1417324804801613e-09,26,1,1,1,0,0
660,4,-3.0243584198922595,3.4719981254961767,2.1783020365989287,1.1733706502989416,-0.83734152821408725,-2.0872754275718273,0.0637943098858,0.0164918800437,8.6920201750372804e-08,0,4.3460100875186402e-08,21,1,1,1,0,0
661,12,-2.3892790446746379,-3.2689169604470356,0.73479303120186235,4.0662311923703101,-1.4242950859304175,-1.6537031028615889,0.0380124175312,0.269191458461,2.2075254234624755e-05,0,1.1037627117312377e-05,15,1,1,1,0,0
662,7,-0.45707719375546341,-0.26268822209197562,2.8947180725626773,-4.3455123029430585,-4.8149452723708128,-1.2195816526070604,0.183694023148,0.00513569945221,4.1777903134188069e-08,0,2.0888951567094034e-08,17,1,1,1,0,0
663,14,-3.2969154835127901,1.0713436192893955,-2.5014496559947133,3.740844384323017,-3.5222686447381113,0.2583427510615286,0.560560595873,0.0986215001855,3.2769982210095964e-06,0,1.6384991105047982e-06,12,1,1,1,0,0
664,9,2.5335643788076916,2.556796540709513,1.9075354441926413,-0.16426133955508912,-4.8556088320501729,-6.1223643525419602,0.0152317472778,0.179302885046,9.7935372328642716e-06,0,4.8967686164321358e-06,10,1,1,1,0,0
665,5,-1.986346378784402,0.11624808025560029,-2.5386376026941173,1.0841747849634977,1.8994033309979299,0.8170987949062154,0.0392269283596,0.0279985080073,2.4033335842932213e-07,0,1.2016667921466107e-07,24,1,1,1,0,0
666,12,-0.38178790182712641,2.5563721439863372,-0.87549127648866665,5.8885306299992939,-1.3757605494888154,-3.9631436503239703,0.261728711694,0.000381196041838,6.8546182610777402e-08,0,3.4273091305388701e-08,17,1,1,1,0,0
667,2,3.8053416372529849,-1.9616137804874689,-1.6436101879807363,5.4661037904481651,4.5666998931751914,3.5773104871010832,0.0610702980973,0.0278047327479,2.3923027210752738e-07,0,1.1961513605376369e-07,22,1,1,1,0,0
668,8,2.786417302211694,6.0445009920366868,1.7625713281103235,0.16138600906430556,-1.1747940168926938,4.2034973808633964,0.81236897014,0.0439863921695,1.2493179487264194e-06,0,6.2465897436320971e-07,55,1,1,1,0,0
669,10,2.9650800975705054,-0.83186252511290071,0.79485372944261501,2.0353826597229592,4.9673504119997354,4.5266519570438355,0.0958871097819,0.0097883326316,3.8380176245744957e-08,0,1.9190088122872479e-08,25,1,1,1,0,0
670,2,3.7234292954830224,-0.71983429780328356,-2.4455614275275668,4.9690897048828511,-0.98786883789397018,-2.2837167122862998,0.0515131522071,0.0701873360728,1.5032788686515761e-06,0,7.5163943432578807e-07,27,1,1,1,0,0
671,5,4.7899483155630866,-5.7268491806314605,1.9697412638366354,5.9025314227937855,4.5458060165178082,2.2166558130131051,4.69858230945,0.0243014535729,2.225657077885283e-05,0,1.1128285389426415e-05,28,1,1,1,0,0
672,13,-5.3911223676415405,-4.8042679806490307,0.95077274083401708,-3.9556280729864799,-4.7602725821354275,-2.5526104080050227,0.0867769820279,0.00963998770647,3.5838147383561576e-08,0,1.7919073691780788e-08,16,1,1,1,0,0
673,7,-4.3106132746724057,-5.8653243125132581,-2.5745769888757306,-2.3257290502376389,-1.7421518079496356,-0.47150904815916234,0.339617070928,0.016686339139,2.0015557528729807e-07,0,1.0007778764364903e-07,9,1,1,1,0,0
674,14,0.035526038902729019,-1.1034161987877733,-0.78239728712947776,3.1277255430261741,-0.72730913335709801,-4.5661329060952021,0.0441583481094,0.0221754986492,1.5174641064325402e-07,0,7.5873205321627009e-08,22,1,1,1,0,0
675,9,-4.4796976006792448,-0.39233499117077969,0.94240847304618491,1.0958774104728721,-2.5231457696047768,-0.39591663030969637,0.432579498072,0.0703862164402,1.6962665725648166e-06,0,8.4813328628240832e-07,18,1,1,1,0,0
676,2,-2.1909075296461147,-2.1112880991516829,-1.9880790348301089,2.6220537771809487,1.8589431188564745,0.7231746470255046,0.0401628828439,0.0576792126133,1.0150421824177017e-06,0,5.0752109120885087e-07,15,1,1,1,0,0
677,12,-5.4217576153694713,-4.1860330577605396,-1.3127363585668737,2.5183501670644755,-1.524935278741941,5.4124940507398591,0.650630933704,0.0355558148669,8.0842281898667336e-07,0,4.0421140949333668e-07,6,1,1,1,0,0
678,8,-1.3773723012633239,5.7916075429368501,0.98523194070797493,-2.5175681219723001,-4.7752240179524508,-5.9815644922475117,0.246179705268,0.0302732885163,3.3977778249893247e-07,0,1.6988889124946623e-07,17,1,1,1,0,0
679,2,-1.1695183292603681,-2.3832668190904673,2.2485062314172182,1.5115760604991879,-1.5417768428421708,-4.0780179101492244,3.11645973979,0.330105249495,4.2906321846409616e-05,0,2.1453160923204808e-05,27,1,1,1,0,0
680,6,1.1152813040745813,2.1989553071138892,-2.6084334850660698,2.3567976395373447,-1.9396088786796033,-6.1310746642121847,0.0406865348579,0.145656861688,6.4643946162198553e-06,0,3.2321973081099276e-06,25,1,1,1,0,0
681,0,-4.4899676638659285,5.0653126965913984,2.746948772328369,-5.8673550204182821,-1.7718060733206054,-0.20508890400209889,0.375502911229,0.0693671957427,1.6067629266584051e-06,0,8.0338146332920253e-07,20,1,1,1,0,0
682,10,4.8449999439126632,-2.6299818151160061,3.0417253574876493,-0.42718126087270003,3.8989468423992073,2.2053695241770042,80.8116925413,0.173446718499,0.0065396936899975991,0,0.0032698468449987995,60,0,0,0,0,3
683,5,4.3971143380579232,-1.9140994898151176,2.6208442619186516,0.92042346192003799,-2.2480753576335317,3.1356322263406344,4.11909299045,0.0848134945111,1.9158140338324917e-05,0,9.5790701691624584e-06,16,1,1,1,0,0
684,9,-4.2576425544408014,2.4707628072523273,-0.027307625539525926,-0.78353884478724833,-2.5369104522784025,-5.611390142312195,38.7015131092,0.0478067235507,0.0014985033148231454,0,0.0007492516574115727,60,0,0,0,0,3
685,10,-4.6509514839875061,0.34878898593279628,2.6672584612680437,0.38930719410733672,2.0864340426044725,1.8667890110261531,65.7448656427,4.22778635847,0.0097671731870727085,0,0.0048835865935363543,60,0,0,0,0,3
686,12,5.1723698926513482,-4.0793488717960189,2.6305248143122708,2.8059426226321804,4.9182580335290256,-3.4992923655147123,3.65009425759,0.251865754035,3.2647007800910879e-05,0,1.6323503900455439e-05,19,1,1,1,0,0
687,5,-2.8297751374306204,-0.81674450458321912,2.5077251279822415,-3.32309021711395,1.2912547900092703,1.1180955507032855,0.0238061358553,0.00248949874555,2.4546302449426429e-09,0,1.2273151224713214e-09,28,1,1,1,0,0
688,14,-2.7104802173648679,3.6078157962233139,2.9533818213458991,-1.0533285802130996,-4.1370052723375963,1.5943156320351621,4.40470925912,0.276394992647,4.2672465299048309e-05,0,2.1336232649524154e-05,11,1,1,1,0,0
689,7,0.18298225991447759,-4.1266803169528883,-0.2735506013255824,-6.1336623686461991,4.7219581413782024,2.1133057191940923,0.00756958731434,0.3034078884,2.804202411858365e-05,0,1.4021012059291825e-05,10,1,1,1,0,0
690,2,-5.2303233066149586,-5.7264177857358041,2.8044535582193775,0.01726158963047425,-5.0389623715241552,3.5075274840592821,4.58575822156,0.433934393572,7.8388351639745841e-05,0,3.919417581987292e-05,51,1,1,1,0,0
691,8,-2.0593751024159279,5.6120491017053977,1.0527517552003307,4.3808231316548865,-4.0675960164264211,1.1200517540529729,0.297572437387,0.0768411894906,1.8871837471633758e-06,0,9.4359187358168792e-07,19,1,1,1,0,0
692,15,6.057094524108825,-3.7891000334169682,0.35108037832327138,-2.846436898476107,5.4042749320541779,-0.98758044565173786,0.433016333483,0.0176680117116,2.8259210388620906e-07,0,1.4129605194310453e-07,30,1,1,1,0,0
693,0,0.31778448639465695,-1.1671637545205131,2.9701745459241042,-1.697222091714043,-4.1589738209483986,-0.64970834867397498,2.51680773882,0.0307698104613,6.6227272513572861e-06,0,3.3113636256786431e-06,13,1,1,1,0,0
694,5,3.481145701846196,3.5909201155268815,-1.5564441582292221,-1.8130784630763876,-3.6324509998600973,-4.7684713726945338,0.737836456715,0.00650396373282,5.5728842411663091e-07,0,2.7864421205831546e-07,15,1,1,1,0,0
695,4,-0.4040091194008309,-2.6144457299056456,-1.5462194892031418,4.9971349757441255,4.068259898539325,1.4870761371194079,0.0347756374063,0.00885099499007,2.5073107835991138e-08,0,1.2536553917995569e-08,36,1,1,1,0,0
696,4,3.2237146127931435,-0.78528032897253719,2.6283311146982915,-2.0615973687446179,4.3230739325491747,-2.5302595840027684,0.0531066051628,0.10222374207,3.1859789656399888e-06,0,1.5929894828199944e-06,18,1,1,1,0,0
697,5,2.2482837844473771,-2.7711090666004181,-1.344048191703354,-0.083483470181264716,3.9725910748862576,5.0583786444778225,0.0289128981899,0.00205138439697,2.1178399890911435e-09,0,1.0589199945455718e-09,13,1,1,1,0,0
698,2,-3.3942103858736807,-4.1000467879580027,-1.48671910672347,0.67886526315300755,-2.098043554840157,-0.6248354344610717,4.07259818624,0.0301031695799,1.6862100541745436e-05,0,8.4310502708727182e-06,16,1,1,1,0,0
699,12,-4.6356508012607822,1.0141081124737639,-1.0975357378320167,-2.7818465105891312,4.2633416028956139,5.5754317214240539,0.124003435008,0.00043888651106,1.5435527718366705e-08,0,7.7177638591833526e-09,20,1,1,1,0,0
700,13,5.6465960480704975,-3.7172038416817421,1.6913136265921953,-0.1836774230272345,1.7919876074558874,4.6007276035931417,0.0612131385836,0.000337121068131,3.7816682922209765e-09,0,1.8908341461104882e-09,7,1,1,1,0,0
701,15,-3.506896999156583,1.0837762500724517,-0.26410922969620548,-2.5686711380428897,-4.1473266543761325,-4.4582777629612034,129.51334785,0.0854217497925,0.016775930026603415,0,0.0083879650133017077,60,0,0,0,0,3
702,7,0.8758275143241383,-5.8951089557382588,0.5001514531358372,-2.1090021124700464,-4.0119732061671671,-1.996137348043874,0.188513973897,0.0033580041863,3.8972442901456285e-08,0,1.9486221450728142e-08,20,1,1,1,0,0
703,8,-0.97515440286262767,-4.9806420369634026,2.3705654548438777,1.2707495323480176,2.1982950584250349,-0.57767919983993166,0.170392053588,0.00995225530866,5.92050110033091e-08,0,2.960250550165455e-08,17,1,1,1,0,0
704,8,-1.4683895333957655,0.80246972938176853,2.5674239416246425,-1.7083422766502832,-1.8671356738823226,3.0514929864798694,0.120070021461,0.00210988914695,1.5772854772059356e-08,0,7.886427386029678e-09,18,1,1,1,0,0
705,13,3.7463074361581383,5.2015255075531019,0.81749262668032308,4.3430502360685077,0.78609573441587888,-0.64715041734967627,0.529676917819,0.00205136801694,2.8183950110612638e-07,0,1.4091975055306319e-07,9,1,1,1,0,0
706,0,-0.96592549407356165,3.8163814039850799,-2.3657968213597362,3.7574662598785813,1.7317683932625385,-1.076440623991499,0.920471095186,0.0716369625927,2.4105192860203939e-06,0,1.205259643010197e-06,11,1,1,1,0,0
707,8,4.3438524023616765,4.8599320739831171,2.4027421545253325,-1.2124003447028593,4.4317979599724318,-1.7948227099750484,0.0709251778956,0.0231102015035,1.6772088300632641e-07,0,8.3860441503163203e-08,14,1,1,1,0,0
708,2,0.14670453898683733,1.5758406202034378,-0.85029760102668017,-5.2927988065979239,-1.2230321106546305,1.0738830793977234,0.563804275618,0.115667778841,4.3933624010007077e-06,0,2.1966812005003539e-06,13,1,1,1,0,0
709,7,4.2377089982204597,4.0420796140293911,0.34409654184312394,-1.7457004479325504,-1.8000781128717651,3.8132368530484131,0.173859107365,0.0659232630498,1.3540567092094749e-06,0,6.7702835460473746e-07,11,1,1,1,0,0
710,2,0.62702720452962646,-2.9824155417089435,-2.2084942137914219,3.495095565980662,1.4505002483558342,4.0627392000934908,1.19188678481,0.070335313633,2.927553646814453e-06,0,1.4637768234072265e-06,16,1,1,1,0,0
711,2,6.1612076649837997,0.52780418685504038,0.23030111088828864,-2.7080661589734438,1.9861790258369414,5.280822589173841,119.182615643,0.0205269812318,0.014204624224205046,0,0.007102312112102523,60,0,0,0,0,3
712,12,-4.1151525427663769,-4.2288190514071315,0.90660192045715227,5.2492478166578254,-0.92599490782151628,-0.97783328410788783,0.030693675663,0.282925529766,2.4384608653677957e-05,0,1.2192304326838978e-05,11,1,1,1,0,0
713,1,2.0469207853261442,-1.2042004855515338,0.5519955382546986,-1.167843572475155,-5.1707990756646627,2.0164520375782673,0.212397676185,0.0450088526871,6.6220577323176078e-07,0,3.3110288661588039e-07,25,1,1,1,0,0
714,0,0.55673747036511834,-5.7188301933073884,-0.69287971505402024,4.7110226446431582,0.43876811429161711,-2.3533163197922167,1.11862026079,0.0532552990144,2.1152449381287099e-06,0,1.0576224690643549e-06,24,1,1,1,0,0
715,13,-2.1711571191261703,-3.423079896364785,1.2665142829252363,-2.7669546077025422,4.7635318579874513,-2.8107444098143808,0.22048302178,0.193179310541,1.1416400576760343e-05,0,5.7082002883801713e-06,18,1,1,1,0,0
716,1,-5.2999296484398402,4.0528319017267975,0.69785019630772105,3.6954692147660855,4.6684807911048765,-0.090406291523785612,2.5050828822,0.775214949284,0.00018933778188984883,0,9.4668890944924413e-05,20,1,1,1,0,0
717,0,-3.6777398573237154,-4.6766467694743881,1.730458486566101,1.5033264517551859,1.3480246833594338,2.286805226766325,3.03033066925,0.0299079836765,9.4553804355022063e-06,0,4.7276902177511031e-06,13,1,1,1,0,0
718,3,0.45679537684919108,3.6479750327380822,-1.2861530016062646,-0.8035614676083066,4.5155115340624663,1.2957738904696807,0.21571645028,0.0438353546129,6.3186763016608891e-07,0,3.1593381508304445e-07,39,1,1,1,0,0
719,4,-0.69889319224466717,-0.46619234304494722,2.1882835901934468,-0.26718547245776408,4.5300127322071067,-3.5110743871735806,0.0173737050779,0.042411548074,5.4822920358176039e-07,0,2.7411460179088019e-07,12,1,1,1,0,0
720,8,-2.2414128050396704,-1.2658786309265349,-1.9358232645862681,-5.9183444344243465,-0.91789537092274764,2.8253786112214154,0.0688292378428,0.0397831710815,4.8685566790547987e-07,0,2.4342783395273994e-07,10,1,1,1,0,0
721,11,1.3728702741617425,2.8405018010400225,-0.7374497100201004,4.7785276168921467,4.4784258343770809,5.6132428488684232,0.120099331095,0.00535308669867,2.3152825135074027e-08,0,1.1576412567537014e-08,20,1,1,1,0,0
722,13,5.899410147183425,-4.2660031086851973,2.71486492817851,-1.578008168584591,3.4872582272271271,-3.3364654922588111,1.00750619635,0.390079672994,4.7366310648810739e-05,0,2.3683155324405369e-05,13,1,1,1,0,0
723,10,-2.3258979970389562,0.23442112269602591,2.6661161789315839,-3.2458536205111539,2.3137820660644088,0.40158734576658639,0.176667737557,0.0283792427596,2.765446994782751e-07,0,1.3827234973913755e-07,8,1,1,1,0,0
724,11,5.2161084693054631,-4.4249040267407285,0.29385517507789477,3.0951232609832195,-4.4023667877886572,5.4820802230365873,0.960743819401,0.0335987753179,1.2669044996165612e-06,0,6.3345224980828061e-07,18,1,1,1,0,0
725,15,1.7130220178361752,4.1717429932060623,-2.6678811984317456,-2.9501401801441016,-4.7292425254019026,2.8942823043340922,0.201882644978,0.0633123661405,1.2618020369299464e-06,0,6.3090101846497318e-07,18,1,1,1,0,0
726,7,2.0847301086669874,1.3980934384143677,-1.7118582785852281,0.31043434294607541,-5.4355761199662052,-0.35909961023251891,0.095023133715,0.20739528019,1.3111478233633589e-05,0,6.5557391168167945e-06,19,1,1,1,0,0
727,8,-5.534071589497243,0.88765436200402525,-1.2899377237306699,5.4407387908738922,-4.9248353188341474,3.6846748791373654,0.0841746740449,0.110143896502,3.7026058064640026e-06,0,1.8513029032320013e-06,9,1,1,1,0,0
728,10,-3.8947116714142718,-0.11743974386115402,0.024422718991572723,3.9045565056325739,1.1957453037103194,1.5830326032146247,4.45077056365,0.00421343079047,1.9814766482988882e-05,0,9.907383241494441e-06,23,1,1,1,0,0
729,6,-2.8109710534308427,0.9077044974892251,0.81915272546208739,-3.0845422269676077,2.7583419775748164,1.5120805129805324,0.177559681144,0.00467233620685,3.8177459681545072e-08,0,1.9088729840772536e-08,29,1,1,1,0,0
730,1,4.2849485585134346,-4.9433834051558074,-0.70782197690623916,6.1145728464788194,-3.3264454559383418,-2.6358972591828409,0.108765092104,0.0306414835288,2.9783529691956936e-07,0,1.4891764845978468e-07,10,1,1,1,0,0
731,1,-1.3472429802895483,1.6295428122765603,-0.037202939369102107,-1.6594672574177134,-4.4918923034135361,-0.32394281102135319,39.2101333121,2.73352440592,0.0038135833371597126,0,0.0019067916685798563,60,0,0,0,0,3
732,7,3.0503048646952848,0.97187026300618951,0.0013931492678864177,-0.35105501746272372,-2.3236186292163539,-2.3228887755976482,44.9645074285,0.0268021833167,0.0020220257523482915,0,0.0010110128761741458,60,0,0,0,0,3
733,14,2.3502761235736038,-4.4521472289805235,-0.18599543496074195,-0.42928938184718346,4.7016054163150063,-1.5056484966435979,1.42705265382,0.0205471593458,2.1650844127997707e-06,0,1.0825422063998853e-06,30,1,1,1,0,0
734,9,0.68733500637285871,4.6419324858792974,2.170056082175738,4.5237914527455807,-5.0578792220803317,-2.432786846508979,0.00463478767679,0.162629544356,8.056655311396749e-06,0,4.0283276556983745e-06,17,1,1,1,0,0
735,15,3.0698807442570386,0.089307747391148135,2.605330533231041,-1.6141896756367984,4.3880410739435103,5.0937794175995306,2.51819329346,0.166445565765,1.4780456953282725e-05,0,7.3902284766413627e-06,28,1,1,1,0,0
736,0,2.5439692759970636,1.7112922495206977,-1.8245197198020118,-1.6236533526817394,3.937950239323325,-4.7768782278869573,1.03625197154,0.0790023615168,2.9750491258485099e-06,0,1.4875245629242549e-06,20,1,1,1,0,0
737,4,-0.34020744977109635,2.7552470447577835,2.4695961818385288,-5.712387896541105,1.3755523507029637,-1.4678015728620064,0.0538192824368,0.00440470048078,8.8065154047383702e-09,0,4.4032577023691851e-09,12,1,1,1,0,0
738,6,-1.6652985802735976,-2.4646867965152963,2.6825615567285479,3.8727666721169314,2.0774866553467595,5.2434241372218624,0.323292330587,0.0194621869066,2.198999178906635e-07,0,1.0994995894533175e-07,56,1,1,1,0,0
739,3,-2.1349703987005766,1.4043820673680099,2.3493301050374535,0.89303001720480069,-4.6889891150078968,-5.778241541879173,0.591637647343,0.0200934651202,4.730235788747621e-07,0,2.3651178943738105e-07,17,1,1,1,0,0
740,4,2.5355477212511484,-3.8526090948597362,2.2589767271867562,-6.1477156492785161,1.774075354060642,2.1197205167159061,0.109035531926,0.0042487301718,1.7387611958360557e-08,0,8.6938059791802786e-09,17,1,1,1,0,0
741,9,2.6848741214198633,0.17214392464662207,-2.7458892153183272,-4.2307309022283937,-3.9341544710912699,2.8719130078822928,0.112462119594,0.0102010059582,4.4346376227336674e-08,0,2.2173188113668337e-08,13,1,1,1,0,0
742,14,6.0444780833071654,-0.37041368025827853,-1.3901678082375128,-2.906770598046204,5.0505710019175876,2.0172922891723708,0.421173457845,0.00565588536645,1.871315001992785e-07,0,9.356575009963925e-08,8,1,1,1,0,0
743,14,1.2058826536983835,2.8535462458989835,0.6399922818429683,4.2162058768942163,4.7027754335518122,0.60963671625636784,1.39149393775,0.191621105841,1.3121395252734724e-05,0,6.5606976263673618e-06,45,1,1,1,0,0
744,15,5.8948021229048884,-1.8244876847336762,-0.78996812752251544,5.3571629040651088,-2.8317566260623077,2.4832299992662037,0.0552610971847,0.934810889459,0.00026619950459321216,0,0.00013309975229660608,25,1,1,1,0,0
745,9,0.40368183613709735,-2.8761621034201537,1.4607015242454555,0.57620116851800207,2.3595449739547534,4.0766487788199202,0.0681097909057,0.0959370101366,2.808310233553265e-06,0,1.4041551167766325e-06,28,1,1,1,0,0
746,2,-1.3497223439356794,1.0566392407080714,1.6731842105013057,-2.8449130690512661,-0.50892646231867034,5.891936368382332,0.0357179422628,0.0336949696825,3.4712345805971349e-07,0,1.7356172902985675e-07,25,1,1,1,0,0
747,8,4.5912660869245387,1.6578453959321966,-1.1115119958454758,-0.5175398657344128,-2.669762857556313,-3.3073163281669387,0.257285382537,0.254730607126,1.9832114097779577e-05,0,9.9160570488897885e-06,14,1,1,1,0,0
748,6,5.1321578132090053,-0.56333407862914064,2.4986020192658978,-0.88450927442075744,4.4243106427477432,-3.6483277499328937,0.151934683999,0.00535591811531,3.1822360511638546e-08,0,1.5911180255819273e-08,17,1,1,1,0,0
749,2,-2.7020667693045257,3.1251596996870794,-2.7478170055486215,1.1934714026431479,4.6509844200351669,-1.8631060670512429,0.13904606201,0.013635434632,7.5969824773609625e-08,0,3.7984912386804812e-08,17,1,1,1,0,0
750,4,3.8336299113789942,-1.038901570789651,2.1684617654796519,-5.1944594694954827,5.099908986479905,-2.8143353320569311,0.0702338046923,0.0332587459257,3.4188357351202255e-07,0,1.7094178675601128e-07,10,1,1,1,0,0
751,0,-6.0006336272890897,-4.3895022210197103,2.0045194220015459,-4.5450817301151671,-3.7692060894028234,-0.69748956768569481,0.0449287369672,0.00113036971593,2.407811955954659e-09,0,1.2039059779773295e-09,32,1,1,1,0,0
752,12,-2.4225311955994964,2.6286479634685018,2.2565923672836519,-2.1664591555372157,3.8713372990281285,-1.1238851344394269,0.0766757544001,0.0140663819419,6.6151718590571308e-08,0,3.3075859295285654e-08,9,1,1,1,0,0
753,8,-3.0985447031161786,1.7149316453839465,-2.8741668759895456,1.1499661602447062,-1.2942677983771336,-0.8227992525545238,0.00995306942191,0.991908139163,0.00029970762111550578,0,0.00014985381055775289,26,1,1,1,0,0
754,13,1.3131757021109842,2.4925288018774623,-2.2039199930057771,-1.7153133888783931,2.1532548104578217,-2.7134980762116694,0.178298303353,0.0167064495219,1.1681066872039009e-07,0,5.8405334360195043e-08,26,1,1,1,0,0
755,13,3.3606066952129479,-5.1967658811761952,1.9393717978361722,5.3003896657986003,-1.5351233979308621,-1.792806928542483,0.119661208427,0.0428897913506,5.746729670548086e-07,0,2.873364835274043e-07,13,1,1,1,0,0
756,9,-2.9357156292252453,3.969192550784939,1.2154436451036226,-4.1831943154681737,5.0233408902731638,-1.9928666476257508,0.0445667830486,0.00721219583552,1.7831107422193524e-08,0,8.9155537110967622e-09,7,1,1,1,0,0
757,13,-3.4307096089650049,2.1230804714511846,-2.8468895228920759,-3.7788689181716641,-0.099959292281270817,-1.571214819094191,145.800206028,0.462768146206,0.021322935225386325,0,0.010661467612693163,60,0,0,0,0,3
758,10,-1.876477286663679,-4.8054219115364578,0.8736445278370969,1.2456519063155287,-3.6800534368816051,-0.74541585385688769,0.0845188106311,0.118666731243,4.2967029106559047e-06,0,2.1483514553279523e-06,15,1,1,1,0,0
759,12,4.5022207685923998,2.3015274753995119,-2.5483941800090473,-1.3039408645779145,2.0765260741680178,0.63546818883992595,0.491086414968,0.00830523614525,2.6217744671668541e-07,0,1.3108872335834271e-07,20,1,1,1,0,0
760,15,2.3615806829150201,-2.0090342059343143,2.2755178948483463,4.6127856283978694,4.1616279984048434,-3.5010294069881529,0.0696152345666,0.00982393819811,3.4244835483255071e-08,0,1.7122417741627535e-08,5,1,1,1,0,0
761,12,-0.38378593699129521,5.1256831865895274,-1.0320358745703362,-1.2279515435726571,1.2822781024802758,-2.0262893329193568,0.0604083506986,0.00142809496511,4.2704224238686475e-09,0,2.1352112119343237e-09,13,1,1,1,0,0
762,7,1.8710246079517945,3.8504888467282141,1.4853001986141081,-2.1185345476214312,0.94206009183634631,-2.2415576913823463,0.0534141884262,0.38637773411,4.547850332682133e-05,0,2.2739251663410665e-05,14,1,1,1,0,0
763,15,-4.610828832107023,-2.7738738013923681,-0.32951525743606624,5.2667233079140923,-1.9213865363644029,0.98820067810092749,1.54189856123,0.501126357604,7.8875300729255523e-05,0,3.9437650364627762e-05,41,1,1,1,0,0
764,4,-4.7467302509617122,-1.2235694983129835,0.66564935029396588,5.0306040646603831,2.2440315190065809,3.6369253053442372,0.0385076333445,0.0892659287936,2.4287981265730141e-06,0,1.2143990632865071e-06,23,1,1,1,0,0
765,2,-2.3427147327415021,-0.64172731258970039,-1.2651528388055424,5.2231699093142385,-4.0993596065679672,0.95956342726842503,0.0365605138847,0.0570938138849,9.9429916617926552e-07,0,4.9714958308963276e-07,25,1,1,1,0,0
766,9,-1.7070352647910454,-4.3916068977236229,-2.4407599061217664,-0.8690645817023589,-4.4840358124416184,0.42897677652375749,0.0486299606795,0.000888097302925,2.6051299581799618e-09,0,1.3025649790899809e-09,16,1,1,1,0,0
767,0,-1.348771193980834,0.28945793305885459,-2.6360286091756135,4.2733749684735516,-3.583449065419563,-4.8133790962525653,0.0621487872946,0.801214494524,0.00019555139034633205,0,9.7775695173166026e-05,18,1,1,1,0,0
768,6,-2.5289074198836774,2.4586222043453767,-0.61710461578730436,-1.6489796040622582,4.4701835337317215,3.6157177976665911,0.0318610945199,0.501126289801,7.6498843984975547e-05,0,3.8249421992487773e-05,36,1,1,1,0,0
769,12,2.2219339785269563,-0.24076866190567248,-1.5681653141061171,3.7758728663132635,-1.7964797167937419,-0.58607771469720782,0.10106659995,0.00217158296739,1.1650964102283569e-08,0,5.8254820511417846e-09,19,1,1,1,0,0
770,3,-3.5824417832045157,-5.565732395227764,3.0046953412562591,-4.1298157088298071,-4.6413421542919195,1.2870178329585804,86.5914368344,0.469191499061,0.0075651356137278565,0,0.0037825678068639282,60,0,0,0,0,3
771,10,-4.0809311059642797,2.9105892649790284,-2.9423422532071872,1.2727659008316476,-2.0759049385743418,-0.97998552210211032,1.32002598854,0.0151268719151,1.812171855006158e-06,0,9.06085927503079e-07,29,1,1,1,0,0
772,2,-4.5506162101720822,-0.81540348891880132,-0.6661411070951887,-4.4714980313914561,4.6959870023405017,6.034558309415087,0.192700799454,0.000390842086581,3.7180130716709611e-08,0,1.8590065358354805e-08,16,1,1,1,0,0
773,5,0.18955049925334755,2.3378375265910138,-2.6561369234344454,-1.4842677242247733,2.1541650837296769,-1.6230738184987481,0.508747186961,0.0666207930258,1.6108163523092294e-06,0,8.0540817615461471e-07,17,1,1,1,0,0
774,15,2.8399950240319582,4.2578623304618102,-1.8079043933499788,-3.3092507807452045,-4.5019240064577462,1.1294303499352256,0.0179298589045,0.0034237200287,3.8921622337330952e-09,0,1.9460811168665476e-09,18,1,1,1,0,0
775,10,5.8107423340812741,5.8926515430896176,-2.562223531426028,-4.6973521904483393,-4.6393147457430057,5.4272074562794153,0.0358517496209,0.0153987548242,7.3516733190482192e-08,0,3.6758366595241096e-08,19,1,1,1,0,0
776,7,3.9990700667121555,-0.18981928371756943,1.1986698442371153,3.434244014555015,1.5699004731813424,0.72619037315270196,0.312571002923,0.00104789402024,9.8035126736883113e-08,0,4.9017563368441557e-08,19,1,1,1,0,0
777,8,1.9280827905861484,-3.7443408259236977,2.2601404110183063,-2.9269906450712235,-0.70157878072499225,-5.8695488234115656,0.0850542980709,0.0513856242742,8.115711638310112e-07,0,4.057855819155056e-07,14,1,1,1,0,0
778,7,-3.873980464920221,-3.7658356344798727,2.2440039128042968,-4.8061035526928375,4.8006828883849373,2.5857247485705201,1.4638970931,0.0992353884236,5.1427641847022867e-06,0,2.5713820923511433e-06,11,1,1,1,0,0
779,14,1.1397203455808738,1.738749809770296,1.1742825711270437,4.5617685782938162,-1.8768160473754847,0.42778438639277622,0.420145287439,0.115967061436,4.2731265845058198e-06,0,2.1365632922529099e-06,14,1,1,1,0,0
780,5,-4.7032588610710517,-1.5123211908032832,-1.8636560014392514,4.4958638544766902,-1.230953018836751,0.60368841732592626,0.244609904558,0.0208949510499,1.928296599878338e-07,0,9.6414829993916899e-08,21,1,1,1,0,0
781,4,-4.2148132204957074,3.9993211266760667,2.3059051128535346,2.2439148375873237,1.1744897414683624,-0.45706797454147063,1.0460187088,0.0455334379092,1.7257165980912319e-06,0,8.6285829904561596e-07,6,1,1,1,0,0
782,11,6.0377651086084478,2.4285740108413685,-0.45134975659828913,-1.9357985888901099,1.0581535808643847,3.2995606094666785,0.62215306581,0.00595547859432,3.9787852425944524e-07,0,1.9893926212972262e-07,7,1,1,1,0,0
783,7,-5.0623885694510458,-2.4006377362838309,1.1181376676205876,-2.7817342740583499,-0.97469899899009671,0.5611223109763106,0.043994725007,0.00367214715437,6.0431996031537326e-09,0,3.0215998015768663e-09,31,1,1,1,0,0
784,6,-4.8201023668963252,3.1090905025642548,-2.5514071286992697,1.4497824712994416,4.8032049002303285,-0.14849950693417213,0.199451028575,0.488363885366,7.2690817387297438e-05,0,3.6345408693648719e-05,28,1,1,1,0,0
785,3,-2.4461971684584105,-3.1850448528350754,-1.7761502782124583,-5.8363382737168328,4.6881375317483105,4.7048288994754017,0.557027130494,0.185156127089,1.0753414683054344e-05,0,5.3767073415271721e-06,14,1,1,1,0,0
786,3,5.0692960927538566,5.8858897984050174,2.2241231676180542,2.9199791551281145,0.7526005881678175,0.12691049158640574,0.157748330081,0.031372817892,3.2470535890882664e-07,0,1.6235267945441332e-07,26,1,1,1,0,0
787,10,1.5596033417779465,-1.3045786736113407,2.2371329959832513,-1.4413294200808686,-3.4813749840519805,-2.1126982227469968,1.0508787556,0.00788926405354,1.1233056956237999e-06,0,5.6165284781189993e-07,48,1,1,1,0,0
788,1,-0.77072317538312551,4.6915069854033904,-2.0151467684452129,5.8089286730113407,-3.7751058928028218,-3.2302231879100725,0.20718515526,0.0179510396907,1.4108555290213124e-07,0,7.0542776451065618e-08,39,1,1,1,0,0
789,8,-3.1744114610734391,-0.43693828045096988,0.061668210502148241,4.028291327935472,2.1996256193067141,1.4709769430771178,4.96647776111,0.115321907657,2.8717051790440032e-05,0,1.4358525895220016e-05,16,1,1,1,0,0
790,8,-0.80088922133343432,3.8284082965466086,-2.2997078090001275,-3.1102156103665752,1.1921902362139651,-1.119596869415723,1.25050872645,0.0930741449168,4.2026107782613428e-06,0,2.1013053891306714e-06,7,1,1,1,0,0
791,4,-2.4753343405544594,2.8745603560646957,0.80505117416287897,1.4782789333668684,1.4888497673544119,0.49264534601555454,0.180575364414,0.029056086308,2.8978259275394675e-07,0,1.4489129637697337e-07,10,1,1,1,0,0
792,7,-1.5905914075163567,-6.1007284449325203,-1.3313189519401465,-1.9783344003765719,6.1634554006838664,-5.1315387261780643,0.683172968864,0.115410410245,4.5240961560799223e-06,0,2.2620480780399611e-06,28,1,1,1,0,0
793,7,0.53953556593549046,-3.890394599774547,1.3313771751106251,-2.5846611198239087,-1.7246601460553268,-4.4225657387616755,0.0346915438159,0.579418504415,0.00010226913144754093,0,5.1134565723770464e-05,9,1,1,1,0,0
794,0,-5.0698934523053438,3.5731924710003473,-1.6272671865203845,-3.6912480389878208,0.36203674649993317,-5.032230394544186,0.0260047600097,0.0310873549473,2.9506572245528296e-07,0,1.4753286122764148e-07,30,1,1,1,0,0
795,5,-0.027573552289407218,4.6149651801954334,-0.81972190989550997,3.905300787898883,-1.3329494345268087,-4.4683698580081126,0.191378613735,0.000727406709102,3.6786953122734927e-08,0,1.8393476561367464e-08,17,1,1,1,0,0
796,0,1.6300770766249089,-0.057867858074257393,-1.5301771423224455,-2.6026259773895317,4.3900815483932876,-0.27336879053966046,0.104394793406,0.0300473931292,2.8592084126648952e-07,0,1.4296042063324476e-07,29,1,1,1,0,0
797,2,-0.19107239491182793,-1.4425318803318581,-2.0988331270872425,-4.6603288629069386,-4.2122611029156785,4.9287421547019985,1.32087085918,0.0249238629522,1.9339278462559461e-06,0,9.6696392312797303e-07,9,1,1,1,0,0
798,15,2.3389748674273814,-1.3422244479865149,1.1092341421003129,4.6407176368957828,2.0847547675511127,-4.4694007366785264,0.0934258162787,0.128582529952,5.0451104434833408e-06,0,2.5225552217416704e-06,21,1,1,1,0,0
799,1,-5.6899631128282353,1.8588187237308906,-2.0008614829497162,-2.5884962154844859,1.9959098174290364,4.5737166223046142,0.0338266118026,0.00314776415999,4.162516759017361e-09,0,2.0812583795086805e-09,12,1,1,1,0,0
800,4,2.008107613958106,1.1728599085112503,-1.2449469693557851,5.3471983409124721,1.6572024563966821,-3.0379495592228136,0.130428240517,0.00616302597373,2.8581775614255031e-08,0,1.4290887807127515e-08,32,1,1,1,0,0
801,4,5.1258097297428673,3.2408080453605019,-1.1816936191162701,4.1047485500755458,2.4704372569808872,-5.283299889008906,0.692814354424,0.0527806961029,1.3285955107542524e-06,0,6.6429775537712622e-07,28,1,1,1,0,0
802,15,-2.0365023499705925,-3.9680500554827804,1.1291707491327905,4.7488148293449477,-2.1592191975805721,-3.1633513719006277,0.0377655957225,0.152159812417,7.0541141072855072e-06,0,3.5270570536427536e-06,26,1,1,1,0,0
803,15,0.22087843364315835,-2.4757343299595092,-2.4318659447921629,3.5728147549457856,2.0690224075102446,4.9010398566868725,0.115437088553,0.181506771569,1.0048857706149102e-05,0,5.0244288530745508e-06,13,1,1,1,0,0
804,11,-2.0103013629833328,-3.1903906284092201,2.0177596860566385,-0.22420240978224903,2.1257365733732083,6.0103458255913136,0.283733804966,0.0113390026591,1.1967044189894558e-07,0,5.9835220949472791e-08,41,1,1,1,0,0
805,7,3.9753178628061288,0.053647936394521784,0.040196631449496423,-1.7798492570138318,-4.6299542706662091,0.84168318686021726,38.0856171953,4.17514310055e-05,0.0014505142376756075,0,0.00072525711883780373,60,0,0,0,0,3
806,11,1.9482147465994875,-0.45080469615073598,-2.3201059720225858,1.1551999195459928,1.1187410522731491,2.6173104567758161,0.803587237264,0.0274659628877,8.7554946816112759e-07,0,4.3777473408056379e-07,15,1,1,1,0,0
807,4,2.9849141557704608,0.98167926417290852,-0.055490546415720043,-0.46382333235149187,-2.1321227649449419,-1.6402089005231524,121.545060442,0.488129807044,0.014845783126224229,0,0.0074228915631121143,60,0,0,0,0,3
808,3,-5.7275183125566347,-1.7398514487129593,1.1740307586608831,-1.2189317172314709,1.7074895439825055,-2.6948405098386408,0.126256307441,0.0157980587708,9.1966662893910064e-08,0,4.5983331446955032e-08,12,1,1,1,0,0
809,6,-3.3331733859414645,3.3453057676701596,-2.1183460325529686,0.0235603028581002,-1.5683996259885031,4.9382032989227325,0.0359629267178,0.0732087666864,1.6338975579668693e-06,0,8.1694877898343467e-07,31,1,1,1,0,0
810,1,-1.1622772100227305,-1.9625988180055991,2.627488697145008,5.5150673517842321,2.2976334217204708,-1.4729691891203383,0.29363642709,0.012790735873,1.3605865194557583e-07,0,6.8029325972787913e-08,12,1,1,1,0,0
811,11,-3.5547818415874035,-1.8748010325877393,-1.5317289406824306,-0.18440842756984183,-1.9220197460159656,5.8447949796453118,0.0223920033793,0.00487560839804,7.7426322494652208e-09,0,3.8713161247326104e-09,10,1,1,1,0,0
812,2,-4.9231822975255728,-3.1066916840645762,2.7669205002805213,-5.8206223998913842,-2.0868373613059195,-2.037210474959247,0.444307813159,0.0820308651024,2.2471991895209902e-06,0,1.1235995947604951e-06,54,1,1,1,0,0
813,6,5.3502475115916299,-0.55109024573263587,-1.2837918807335944,-4.4573677309061912,-5.3009759773659226,-1.9990923277187822,0.0681696648064,0.0287869609519,2.570802449969689e-07,0,1.2854012249848445e-07,58,1,1,1,0,0
814,9,4.3765286967602677,4.1183966317708345,-2.8542326246787533,-1.960059141518312,-4.4750741804596492,6.1334870935207642,0.115486385218,0.00540616104935,2.2240029734502478e-08,0,1.1120014867251239e-08,50,1,1,1,0,0
815,0,1.2120290809407903,-2.1536449073400044,-1.3958591973103036,-1.9901063565017687,3.5041076825405022,4.9840551139687772,0.222300461163,0.00281813005873,5.1836723029235756e-08,0,2.5918361514617878e-08,15,1,1,1,0,0
816,8,-2.0853341449225744,4.5872267805579989,-0.35458483988916545,-0.93725793101775179,4.8412918770320648,-3.0556477287662314,0.199409871308,0.249527796474,1.9006500246006569e-05,0,9.5032501230032845e-06,46,1,1,1,0,0
817,15,-2.3778568607521917,4.4869578223653335,-0.26615031286802238,0.70945021206078396,-4.7355221185740204,1.2311312847611362,0.0119245189059,0.102459727598,3.1980145814214039e-06,0,1.599007290710702e-06,18,1,1,1,0,0
818,9,4.2985400006688383,-2.2276360449623223,-2.3398363893700163,0.43841110208438755,-1.9703033133029053,-2.9625345900727895,0.119227335379,0.00288677096967,1.6753670512275799e-08,0,8.3768352561378993e-09,17,1,1,1,0,0
819,15,-1.5742328968246742,-2.2667856670162876,-2.7742013524765916,4.0883881254673913,-4.823569761130468,-0.1446934417494751,0.138572349703,0.00682197755347,3.337900126794951e-08,0,1.6689500633974755e-08,13,1,1,1,0,0
820,7,-0.2270546560063873,1.6957767469147162,2.6401414037832689,-1.865548445020879,4.7092643290119591,1.5380068357427727,0.0202406005996,0.0386144456645,4.5461722722626476e-07,0,2.2730861361313238e-07,12,1,1,1,0,0
821,9,-3.3881378024287643,-3.2325450267740323,0.96129099446534028,0.10072194802134672,1.2401004860572933,1.2170633116790133,1.15853387691,0.0736095153811,2.992727816503954e-06,0,1.496363908251977e-06,12,1,1,1,0,0
822,8,1.9454525234709468,-1.9791619423246689,0.77400593912280569,2.8436912961077652,-1.8549594075489249,4.0738552115851547,0.438007880772,0.00798264966835,2.1126194677306499e-07,0,1.056309733865325e-07,30,1,1,1,0,0
823,15,-1.5279408075338408,0.51177277911834884,-2.6013633348511247,-6.1778788770720618,1.2244752736301141,0.07878514988475023,0.0694470886522,0.00495087961856,1.2289439362948495e-08,0,6.1447196814742477e-09,18,1,1,1,0,0
824,1,-1.7222474010326529,-1.8174530955275683,-1.9740526553778925,0.46385378086378315,3.2360671088848845,4.4327059365886958,0.0466658803629,0.000416916054487,2.2306526842607204e-09,0,1.1153263421303602e-09,29,1,1,1,0,0
825,6,-4.9092775688649315,4.8110741044601015,-1.4970821332920414,1.0753980238342367,2.2277004477090321,2.7022915594038337,0.395905406236,0.0167095000736,2.4179252623931243e-07,0,1.2089626311965622e-07,21,1,1,1,0,0
826,5,-1.2397533040081425,1.6487596355666434,0.84886210975905541,5.4179528285371825,4.4959482751016679,-3.2713548574663056,4.97640405323,0.062011216374,2.593597037210472e-05,0,1.296798518605236e-05,22,1,1,1,0,0
827,7,-5.212557170137349,5.0293528641814902,2.6757218820225521,0.47102087490827649,-3.7702434456384348,-0.31915586537997864,0.0652312464235,0.00430537065462,9.9015699447896184e-09,0,4.9507849723948092e-09,12,1,1,1,0,0
828,8,-5.7875202264928163,1.8396533717402759,-2.7831844006357436,-0.72090915820360513,-4.6609119184177104,-2.4565267132512307,0.0829250835096,0.00278712267967,9.2428536853960189e-09,0,4.6214268426980094e-09,18,1,1,1,0,0
829,11,-5.6438872303149026,5.9889903326130263,0.20802467850224107,5.0814131741445419,-4.3430676813893418,-2.1848576304853653,0.666111187674,0.314219777428,3.0519821314108849e-05,0,1.5259910657054425e-05,20,1,1,1,0,0
830,4,1.5209438330541343,-4.7675779899268722,0.96066108109197956,-2.3901670904260541,-4.6229514592829046,-3.900622611627337,0.211473079122,0.0436643574092,6.2549715782560899e-07,0,3.1274857891280449e-07,12,1,1,1,0,0
831,3,-0.60650190441450813,-1.3504710876299599,2.8119201905934199,-2.6902799965269795,1.7015856066030526,-1.2755188400120887,1.78741558487,0.00696994725191,3.2096528374587093e-06,0,1.6048264187293546e-06,18,1,1,1,0,0
832,7,-5.9162070589591957,-4.023401509164759,-0.84666715631562883,3.9460315178643537,-3.9959850160024968,5.0593191525316223,0.0644120712554,0.0457253558714,6.4104550480577755e-07,0,3.2052275240288878e-07,14,1,1,1,0,0
833,8,0.8615287222283704,0.43478962026796258,2.3469853124204398,-3.0729083112025202,-4.0128956391708952,-2.1631835431463609,0.468208852804,0.493934084867,7.4536999557457209e-05,0,3.7268499778728605e-05,26,1,1,1,0,0
834,5,3.6517345871236788,-1.7942077405349275,1.4494890335638095,1.9599975113482784,-1.9653693084158408,-1.9713728194477442,0.227043725529,0.0181391632318,1.5177689226279896e-07,0,7.5888446131399481e-08,20,1,1,1,0,0
835,8,-1.7476214364169314,0.44076143064426909,-1.6440935307322355,1.9315131328271773,4.4012199798208158,-3.6790089860722284,0.217553562056,0.0789719457298,1.947096869531494e-06,0,9.7354843476574702e-07,38,1,1,1,0,0
836,0,4.6389855201725503,-4.3657714713941216,1.9288564546777316,3.5297729222093506,5.4469030994414851,-2.5718738347886614,0.102187471034,0.0260536500973,2.1721435502170304e-07,0,1.0860717751085152e-07,20,1,1,1,0,0
837,7,4.0961455243460296,-2.8060550820912717,1.5205845235680857,-0.75074523107680635,-4.6944702193702792,-0.064987135735658674,0.20593253196,0.08855453919,2.4311895048950743e-06,0,1.2155947524475371e-06,16,1,1,1,0,0
838,1,-1.7298314302718734,-1.6133759881205101,-0.99224154989622182,-4.4610361294577778,-4.8209652936620886,-0.23117149684280197,0.181444285057,0.170561469714,8.8946128653717838e-06,0,4.4473064326858919e-06,33,1,1,1,0,0
839,13,-4.2055626169707736,1.4365330938702034,1.5753376316255217,1.9551015223789459,1.4321863035694808,2.6407968851403347,0.0250573257091,0.0010066994444,9.3658219842331906e-10,0,4.6829109921165953e-10,25,1,1,1,0,0
840,11,1.1216785996140766,-1.2143514426923225,-2.1657075377341841,-3.8598335182528434,-4.8641702875477364,-0.87847129505672816,0.0566082681126,0.00055316867964,3.2977076052340989e-09,0,1.6488538026170494e-09,14,1,1,1,0,0
841,0,0.20997091709210314,-5.9372221989082714,-1.4185689209764678,2.1663129919799577,3.9681120547395592,1.18160255673213,0.038639643056,0.00454751707475,7.792483311786766e-09,0,3.896241655893383e-09,15,1,1,1,0,0
842,0,-5.6716548349597522,2.6541820258222222,-1.34036213802099,-0.26050510740092814,4.1540118408372058,1.011085225159519,0.0512679064418,0.00739285884829,1.9277068948448413e-08,0,9.6385344742242067e-09,14,1,1,1,0,0
843,3,-2.9138314056243826,2.2477238505311448,-0.87371250672287804,0.12822985170980028,-1.464938266089586,-1.9512796687506044,0.243270049284,0.0398528314673,5.4298837822118604e-07,0,2.7149418911059302e-07,12,1,1,1,0,0
844,8,2.5719544242508019,-2.0874679362493298,-2.4661040697768,3.8397129631496165,-4.1563544491083526,-3.6436017550783766,0.321964060767,0.0148100402144,1.7047481611970967e-07,0,8.5237408059854837e-08,8,1,1,1,0,0
845,0,5.1714049218173441,1.184851272542027,-2.1801381983158348,3.5455925988196499,-4.7152668897422805,-2.2895129831747165,0.0276439553712,0.00705041493696,1.5906217826022298e-08,0,7.9531089130111491e-09,11,1,1,1,0,0
846,0,5.1371402642178206,-1.5026635991656909,-3.0510720340645099,-2.1624825036518023,2.1117105356707691,4.9793061052485257,4.64513798334,0.140972305605,2.7631027033724011e-05,0,1.3815513516862006e-05,36,1,1,1,0,0
847,14,1.0648883438290164,-1.3356336806884983,2.5283046572322392,-2.8605289480278637,1.6058034544124284,-2.4962320072217326,0.159445687305,0.00181632221041,2.6427868101332849e-08,0,1.3213934050666424e-08,20,1,1,1,0,0
848,3,-1.6171861879825391,-4.1358438882858302,1.1329718186220048,2.5902341206409343,2.390744098832212,1.1850402137491778,0.0143429908377,0.00192731813517,1.3372396050724979e-09,0,6.6861980253624893e-10,8,1,1,1,0,0
849,5,-1.4843283309987974,-1.6551885679133631,-1.2204363298466694,-1.3885581896279362,5.4664889129725802,-3.3210612523770235,0.0598761683841,0.0122873603544,4.9576057342214905e-08,0,2.4788028671107452e-08,15,1,1,1,0,0
850,13,1.2175826573227055,5.6481505440591651,-0.9059554978954113,0.69763038384144638,1.103042264969617,2.8609646467379775,0.071346056468,0.00510752765968,1.3036765297461575e-08,0,6.5183826487307877e-09,56,1,1,1,0,0
851,15,1.0395004928563243,-4.2851311475676326,2.005387070716659,2.1970567224388633,-4.4898990550517963,4.7784447326020851,0.613456526213,0.0180802402175,4.7590684728986476e-07,0,2.3795342364493238e-07,5,1,1,1,0,0
852,8,1.646129444241988,-0.69950437566581303,-2.2768391901747727,0.739856616930754,-3.7769528507894967,3.3629869808495805,2.57521261494,0.566956087908,0.00010454770144506996,0,5.2273850722534978e-05,18,1,1,1,0,0
853,7,-1.1009851275318057,-1.4014367309121876,2.9499994048535263,-2.6861784074277382,2.6332267250481229,-0.41794294177820646,0.496154391803,0.000935978308221,2.4643604223915146e-07,0,1.2321802111957573e-07,19,1,1,1,0,0
854,12,-5.675333663151326,-1.019374430765579,-0.89212770499248917,0.47903227519862923,-4.334885070237954,-1.9657797559381343,0.115042761623,5.55936235138e-05,1.3235778467940535e-08,0,6.6178892339702675e-09,24,1,1,1,0,0
855,7,-4.8522546269276789,-0.80620380720234219,0.23449422143578436,4.5875233373780659,1.5343476291879266,2.7311092745653114,2.85079182305,0.00631375228534,8.1391571250840326e-06,0,4.0695785625420163e-06,12,1,1,1,0,0
856,10,1.5458058903871168,-3.3040942845097931,1.7200237128576674,-0.024894775040313386,-5.2079073228330079,3.1629901381573262,0.108146497606,0.0196616887601,1.2945527781314238e-07,0,6.472763890657119e-08,29,1,1,1,0,0
857,8,2.9872324640681178,-0.89322034400671046,-1.8862339249923403,4.275273002728551,4.3409705131143177,5.8939620171144425,0.201532215462,0.0246111546827,2.2512472673477793e-07,0,1.1256236336738897e-07,16,1,1,1,0,0
858,1,-2.9920726004668383,2.3612096781558267,-1.0154910164654432,-0.82575771621500571,-3.5732485304117958,-2.5797241449115855,0.464448093505,0.0843348594009,2.3822633757000747e-06,0,1.1911316878500374e-06,19,1,1,1,0,0
859,11,-1.5635843974544663,1.9597303646342499,-2.982728131517133,3.9030560645342924,4.0791567025095503,3.0000133236501987,2.97007811729,0.336873377153,4.3390467446850904e-05,0,2.1695233723425452e-05,26,1,1,1,0,0
860,2,3.8994001042392648,-3.7855344654391452,-2.0728454110898622,4.2279644061673816,0.98309455262399947,-5.6474959232647572,0.0646372766594,0.00286197776918,6.673073460406037e-09,0,3.3365367302030185e-09,19,1,1,1,0,0
861,7,-1.4459201949718576,1.9645457702327054,-2.0910498803335602,-4.5044819844488959,4.0212438015800807,-3.4505375524749757,2.9655152002,0.16959226589,1.7555545485933581e-05,0,8.7777727429667903e-06,45,1,1,1,0,0
862,12,-1.6830718408291006,0.8281139337826291,-1.4358249803898324,-1.9995735162546229,2.2111583291445602,1.2646151917555737,0.0269863299322,0.0020008335152,1.9477475069931868e-09,0,9.7387375349659339e-10,11,1,1,1,0,0
863,13,5.8261113199693986,3.8332831944086871,1.8026664539881099,-5.4925924758808904,-1.6544339396034178,-4.1972368785475025,108.360062423,2.2342262402,0.013262482279320326,0,0.0066312411396601632,60,0,0,0,0,3
864,7,0.11863715032738303,-3.1692185903284815,-0.92688755076934626,0.92012329765301026,2.1502203549617378,-2.8090109800688441,0.160312226169,0.00669260576546,3.9344120158933441e-08,0,1.967206007946672e-08,12,1,1,1,0,0
865,14,3.6913638172218626,1.4176148705968401,2.279440524263928,2.1888706574651802,2.5034890899872728,1.1796442917890158,0.0144791533589,0.0892024640156,2.424074698543877e-06,0,1.2120373492719385e-06,19,1,1,1,0,0
866,12,-4.4342490722461072,-0.35496556556651365,-1.8200517171731394,-0.049770063689615097,-4.6546875568602744,2.2872573522082837,0.0568583580839,0.00415776519006,8.4987976850725685e-09,0,4.2493988425362843e-09,16,1,1,1,0,0
867,1,1.0835015223452582,2.8586520717808215,1.1464947137592287,2.9334799523859822,4.333638237063675,5.9253799147799571,0.0385396634154,0.00323000828184,4.6633650323265863e-09,0,2.3316825161632931e-09,27,1,1,1,0,0
868,2,6.0630678226151931,-2.1255821093104492,0.25199054683283933,1.7865425526599545,-6.1563804128224584,0.70246988671588229,0.408404134833,0.202368109252,1.2641745937452889e-05,0,6.3208729687264444e-06,32,1,1,1,0,0
869,13,3.7380789303956865,-4.2022947930434684,1.7473725126500259,-2.2941682855958256,4.9864378854669535,-2.7240751485642343,0.0736018072047,0.24510984406,1.8306477127013548e-05,0,9.153238563506774e-06,23,1,1,1,0,0
870,5,-3.7905959836949097,-4.2431316426025081,-1.6484271617923867,-5.9893323549291146,-1.6728944203060605,-0.99616772157610733,0.0820549621637,0.00261842128306,8.8215134507540421e-09,0,4.410756725377021e-09,22,1,1,1,0,0
871,12,4.1288732368040115,-5.5858250827207296,3.0790915197353632,-2.1989196084774791,-2.1044494680201344,-1.7044233064648397,2.19289547768,0.0639007485398,6.0526366115760529e-06,0.00060019444241856041,6.3045762547644078e-05,13,1,1,1,1,0
872,5,4.167412708492213,-1.8215568067935006,-1.2931788166711371,1.4886951347218584,-4.8292114816982847,0.6958125633849328,0.0516202159024,0.00555018858741,1.2048262435453382e-08,0,6.024131217726691e-09,16,1,1,1,0,0
873,11,-4.3419692965692285,1.0594441399835437,0.065620438288578303,-5.8439757411420814,-1.1279749786535926,5.7502886559373376,0.509208185737,0.15410603146,7.4935512299412608e-06,0,3.7467756149706304e-06,16,1,1,1,0,0
874,14,5.1205595669173238,-4.9878098130609763,-0.2755930296031891,-1.4697450146211031,2.2191008578412972,-0.48217719885044358,30.3206610574,0.0172849524968,0.00091943349737931416,0,0.00045971674868965708,60,0,0,0,0,3
875,6,2.3636838823216388,-2.5583523918987376,-2.9656063669313197,-5.2603831479680245,4.4374040503760703,-0.9542139643876294,0.33905058619,0.00963978444397,1.4326200901810507e-07,0,7.1631004509052537e-08,12,1,1,1,0,0
876,1,-2.4401208701886534,-3.3075925457160191,2.6436283750771121,-5.5441739280449092,1.6188780841299242,-0.404138373103203,0.154758537374,0.0193358292327,1.3783882707932625e-07,0,6.8919413539663126e-08,6,1,1,1,0,0
877,10,-1.1049568977571114,-1.8855236525563011,-2.5828220622488325,-2.1402661390583533,1.8718502404231436,4.8069863063102893,0.215340284594,0.0299154868232,3.1898464054849016e-07,0,1.5949232027424508e-07,21,1,1,1,0,0
878,10,5.8812864246623962,0.81322141640398204,0.53602028148532088,-2.7417383617872781,1.7145026624176725,-0.42125686289602465,0.382033693355,0.141433561128,6.2393497429151623e-06,0,3.1196748714575811e-06,13,1,1,1,0,0
879,10,-2.2299720346225227,-5.7726545862804297,-0.7285504430581704,-4.7073955781272145,-1.4371490803598017,-2.0255533564895911,0.0372083096178,0.209558488254,1.3378585339784087e-05,0,6.6892926698920435e-06,14,1,1,1,0,0
880,14,2.6561228939220718,-3.1749872646734065,-2.3602141015498348,-4.7448410490467063,3.8172280799253193,4.6780183523797145,0.126514576951,0.0422397670442,5.5950370494400836e-07,0,2.7975185247200418e-07,25,1,1,1,0,0
881,1,2.3304677125964757,-4.5155574751232743,0.99549982257124447,-4.3112675814964598,1.6430423783537964,-3.7626668922098467,0.291118923214,0.0298943430971,3.5697820983247121e-07,0,1.784891049162356e-07,16,1,1,1,0,0
882,6,0.13035927235057659,5.4715902721297631,-1.869730820482294,-5.6034123843994861,-2.8433682349964569,1.223652028755464,1.81827659976,0.604270249799,0.00011453490659596484,0,5.7267453297982421e-05,27,1,1,1,0,0
883,15,0.17136142726273251,2.0570526448544579,0.54355150105983119,-0.026801665550287228,-1.4956378994470039,0.48436421219253156,0.0154935470206,0.108254532313,3.5700649244828665e-06,0,1.7850324622414333e-06,10,1,1,1,0,0
884,8,-5.2106217755157562,4.0897979715019774,-0.44834886145046393,-5.0329858630238329,-4.7955092230899945,3.6847971485115831,0.182162826887,6.19834267681e-06,3.3183307202579022e-08,0,1.6591653601289511e-08,17,1,1,1,0,0
885,10,3.1764089240608318,1.078564863090405,-2.5645188884219801,5.9299386722781637,2.0829443430771413,-4.4478601944078964,0.0598985643586,0.0176335844299,9.830658371161164e-08,0,4.915329185580582e-08,22,1,1,1,0,0
886,3,-2.9534300341194828,-2.4484959486430102,2.500698802967952,1.9594276271161357,-2.8427684905851414,4.6918334118750078,4.34149391439,0.0419496091817,1.938462591728097e-05,0,9.692312958640485e-06,29,1,1,1,0,0
887,0,0.64741050113394571,-4.2654779881471319,1.945313402194605,-5.2955278622676092,-4.3968940324201453,4.1619622600859776,0.0557167795759,0.00153180056952,3.8191177954897403e-09,0,1.9095588977448701e-09,11,1,1,1,0,0
888,2,6.0383047823243299,2.4533498457523502,-0.85741500136956827,0.89158375507460497,1.1191132994893795,5.5479247417062867,0.30595864678,0.147761235656,6.7444394159279311e-06,0,3.3722197079639655e-06,10,1,1,1,0,0
889,10,-2.370327297345884,-0.50999713316333006,2.6432675772994334,-5.4909708354902307,4.8215654392819811,4.5574777521013425,0.40096873291,0.215081554765,1.4252400671338245e-05,0,7.1262003356691227e-06,17,1,1,1,0,0
890,6,4.1420125648104502,-3.0417909594726749,-2.7534322604932115,-2.370553724295521,-4.7079540356338327,0.058094726351694527,4.24825668894,0.0168664456264,1.8134341541205958e-05,0,9.0671707706029789e-06,18,1,1,1,0,0
891,8,-6.2280339158238673,-2.3116808360925436,1.7220769873291975,1.0744891288544334,4.5470379970924464,1.2192281627391826,1.31437154311,0.273482414377,2.4510710819472355e-05,0.0010143338725765768,0.00011368874266739386,23,1,1,1,1,0
892,7,4.1669390723196384,-4.8881019671578985,-2.5304893758762557,2.1624790086341048,4.6942801154152818,-2.7781821906190718,0.459703056375,0.109567731808,3.8682857862956075e-06,0,1.9341428931478037e-06,14,1,1,1,0,0
893,1,-2.0343347449714786,4.8868209163704899,-0.55480259281696609,3.925048168686144,5.6034484137652303,-2.2213080746974367,0.0464378479461,0.0789608225377,1.9013886644378511e-06,0,9.5069433221892555e-07,26,1,1,1,0,0
894,15,0.1591071355222152,5.0927381238989406,-1.3380690315793626,1.6395643856777542,1.8132330896997815,-1.834852751103323,0.713107525869,0.0128179671376,5.585710712843997e-07,0,2.7928553564219985e-07,15,1,1,1,0,0
895,4,0.30432408673159189,1.2834160712029363,0.93866075474337629,5.5694600806005035,3.1642317348938276,-5.4683616882052348,2.724882177,0.0495129321354,8.171761758327954e-06,0,4.085880879163977e-06,17,1,1,1,0,0
896,10,5.7234129738422679,1.0423337063329259,-2.6741852300582929,-3.5238074144525866,5.0496012843687126,-4.664327816204402,0.591986180919,0.0364137034678,7.543574822536175e-07,0,3.7717874112680875e-07,52,1,1,1,0,0
897,13,-2.918914034109779,2.6200101364012927,0.75310423416262373,4.0297976083936433,-1.7297042389794077,-1.7467691728235069,0.800080922052,0.00425016344247,6.4563205717811932e-07,0,3.2281602858905966e-07,45,1,1,1,0,0
898,1,-5.919013870300315,-1.8811514347176401,0.94576562347195781,-5.3343128924439105,4.7270000510232579,-3.0738291683084626,79.3539530267,1.31040377036,0.0068201261128862118,0,0.0034100630564431059,60,0,0,0,0,3
899,0,0.39351161999001433,3.0188956896703991,1.116108571099691,-3.2096584010795883,-2.2740617852769569,0.24773796112443391,0.443015618492,0.004505588955,2.0244667293075682e-07,0,1.0122333646537841e-07,44,1,1,1,0,0
900,4,3.9569409496300136,3.7245269931020974,-1.5056866182553028,4.1382605178090817,-2.3437686540593514,-1.9245330584295826,2.62321262363,0.0113235119538,6.9203031001028521e-06,0,3.4601515500514261e-06,8,1,1,1,0,0
901,11,-2.8283808243394759,-3.8125539217616273,-1.9359393017455724,-1.7923820401554298,1.3537600108470345,6.0318761894840707,0.967688098643,0.163188102988,9.0484908804680168e-06,0,4.5242454402340084e-06,21,1,1,1,0,0
902,0,-5.9581995005543549,2.8072646107900807,0.51792823194369375,-4.0684679432495034,-0.059804838548334328,3.0806513617795073,0.358785251894,0.0242539241499,3.0791891826492619e-07,0,1.539594591324631e-07,13,1,1,1,0,0
903,11,-5.2599068668585902,2.4241358655187066,-2.1824054599221752,1.0030073274987277,4.7899358281044,-5.7379604867465046,0.200728745918,0.0378996109297,4.7783855380666864e-07,0,2.3891927690333432e-07,26,1,1,1,0,0
904,12,-4.8900036185387101,1.8943466114215934,2.6554439914404866,-1.749967476127569,5.8776701861651555,-0.69771596108415523,0.242636907508,0.0175226247479,1.5240312585326888e-07,0,7.6201562926634439e-08,12,1,1,1,0,0
905,2,4.9098117563508268,3.6526972176104238,-0.52493841488245674,1.0981601429546293,1.6943484408871823,-0.16842335020415797,0.0404679882334,0.14518633624,6.4226902525317649e-06,0,3.2113451262658824e-06,20,1,1,1,0,0
906,14,-0.34370387434557087,3.1353663207295819,-1.4427064194792016,-3.4874552528245948,-4.9083555377937449,-0.899693019194858,0.022351706533,0.00361370760176,4.4775619173036702e-09,0,2.2387809586518351e-09,24,1,1,1,0,0
907,0,-6.1948024914097113,2.0869379392041933,-2.4190156191234125,-4.6165372856036733,4.3117318768578752,1.7731751201023487,0.158495982967,0.0249527566823,2.1478798699104446e-07,0,1.0739399349552223e-07,25,1,1,1,0,0
908,2,-2.6182582148928457,0.92698669351518048,-0.47911054274303005,0.60921479170143578,-1.7980014349849656,-2.355651767320075,0.261186778872,0.0217870251319,2.1281264394978478e-07,0,1.0640632197489239e-07,9,1,1,1,0,0
909,8,3.0841424104440742,5.5001359592149299,1.8809369277299031,-5.5821925112415567,4.4364364653609627,-1.6242116541876048,2.15713354838,0.0881525601141,7.0203686886572786e-06,0,3.5101843443286393e-06,25,1,1,1,0,0
910,6,5.8641047000017013,-3.4719302443230786,2.2920802633634034,-5.7132295476768071,0.42599395741738599,5.1223847097396433,0.0444497269645,0.00488900848998,9.2568668649872351e-09,0,4.6284334324936175e-09,22,1,1,1,0,0
911,11,-3.4742927302441027,5.0264395131358262,-1.0651242081590875,-2.4455644172151776,4.1551869934321717,-1.380322309787275,0.116057808319,0.0647417311128,1.2902708160455996e-06,0,6.4513540802279978e-07,53,1,1,1,0,0
912,5,4.704863862776997,0.42565455734282687,0.52030179996165304,-1.3136443036543606,-0.1753458472990887,0.27685364852716238,0.17920859161,0.149771150203,6.8651101276362485e-06,0,3.4325550638181243e-06,46,1,1,1,0,0
913,14,1.1143975771313532,-1.2375786793259151,-1.3713204409933915,1.8465426267949177,-5.5670192083534529,-3.2754939843275377,0.0407945765388,0.00504374269808,9.413463710067905e-09,0,4.7067318550339525e-09,16,1,1,1,0,0
914,8,-3.4161396000619493,2.0010313457610742,1.7453193154456808,-1.6320549975333332,5.0628234992529233,4.7835272244990366,0.0582108602742,0.000197774455634,3.4004192836024657e-09,0,1.7002096418012328e-09,9,1,1,1,0,0
915,11,6.1110470079756523,-4.2305952752689464,-1.9085804901382939,3.8185165203408462,1.6205818119559912,-0.20076393400978682,0.428819125624,0.038959196592,6.4623994970736189e-07,0,3.2311997485368095e-07,6,1,1,1,0,0
916,0,3.23989942121506,1.5284198662882809,1.4337474001413144,5.1253808196563169,-1.808201106796252,-2.4833671918002795,0.318661529563,0.0207544408384,2.3275815364202757e-07,0,1.1637907682101379e-07,7,1,1,1,0,0
917,2,-0.47531873672285196,4.9702955378441542,-0.30713369100536903,2.6101533075179413,3.9225079184526681,-4.8454762663317377,4.12526204028,0.0284503380029,1.7264350860610391e-05,0,8.6321754303051954e-06,60,1,1,1,0,0
918,0,-3.2538695367633621,-0.31800674239588811,0.85862356792937577,1.415716546182674,5.9727633871390733,-2.3212341650373425,0.114161509243,0.0545236541756,9.186083084118118e-07,0,4.593041542059059e-07,10,1,1,1,0,0
919,11,-5.8936465154820015,-2.2575029920146044,-1.7558815070578078,1.9932612092646578,2.0813100352997922,4.2870002949680313,0.042236403264,0.0140340170035,6.1779421340715011e-08,0,3.0889710670357506e-08,17,1,1,1,0,0
920,11,-2.3959754180385757,0.93536776917737208,-1.0559164641033945,-0.77973491569491216,1.4871236746130037,-5.9286545585727035,0.103918686841,0.269067463081,2.2064277724283215e-05,0,1.1032138862141607e-05,20,1,1,1,0,0
921,1,2.8075621591136084,-0.55415403160244125,0.30351332973576328,2.0217165101793264,4.4950345112343131,4.9439056777162227,0.0235213715598,0.0161990473126,8.0487648197682779e-08,0,4.0243824098841389e-08,24,1,1,1,0,0
922,12,5.3367863093668273,-2.4323018592012442,0.86384728838863445,-1.747812636171691,-1.6261648209884447,1.9132273731738021,0.211776456924,0.154209562985,7.2888310261260953e-06,0,3.6444155130630477e-06,19,1,1,1,0,0
923,12,-0.31381452128060894,-1.8216797380323217,-2.3325539188599178,-2.9320935416655551,-4.2822645704275786,4.9018017641155796,0.0553795329733,0.00303496127471,5.872720661224353e-09,0,2.9363603306121765e-09,51,1,1,1,0,0
924,13,2.0151150736680878,5.5006634695877379,-1.192567568928554,5.7154897472197401,-4.7569508353428294,-4.4805546154361089,1.75420763532,0.0189710527095,3.1868764933431747e-06,0,1.5934382466715873e-06,8,1,1,1,0,0
925,3,1.0262109905605499,0.41987420450951835,1.1850707440852057,3.3200600810893928,1.3595443719549456,3.8360040128716872,0.178407112598,0.0188039981408,1.3953887670987276e-07,0,6.976943835493638e-08,23,1,1,1,0,0
926,1,-4.671982064247941,1.3515441638102708,1.6464471822708555,1.6049768590050246,-4.4489979234804853,-3.5375951566217934,0.750003417917,0.0596458381185,1.6462199810514591e-06,0,8.2310999052572956e-07,10,1,1,1,0,0
927,2,5.6942628077465871,-1.0076727229451521,1.9842979013924928,3.0761977035836714,0.51244563063426907,-6.1551406433442342,0.482779412682,0.143842239049,6.5357900201701714e-06,0,3.2678950100850857e-06,10,1,1,1,0,0
928,9,0.47269359970721125,0.087592676045644136,-2.3912151361397767,2.0017089063889131,-5.9540815121770052,-3.3738029935547384,0.0423654203349,0.000539776860288,1.8835818849091655e-09,0,9.4179094245458274e-10,31,1,1,1,0,0
929,5,-0.31069852290865041,6.0882222320636714,0.81380381387489575,-3.2428799173776564,-4.1931158578563457,-2.0535903764803853,0.870887274537,0.0153310566035,8.3004231825784835e-07,0,4.1502115912892417e-07,19,1,1,1,0,0
930,11,5.2030779688583175,4.564885026470086,-0.66910305034095474,4.0690125819658682,4.0332179584635872,2.5562724882296295,0.179963401765,0.0371888000541,4.5367480400649306e-07,0,2.2683740200324653e-07,12,1,1,1,0,0
931,15,-0.54381030751030757,5.9318213162470226,2.7936403600242676,1.6473138703843599,1.6452041034826046,-1.7141012192295313,0.118932583901,0.0380883267719,4.5605973657019555e-07,0,2.2802986828509777e-07,18,1,1,1,0,0
932,5,-5.3093464319812291,4.7967071921099835,0.85460515846700058,4.1366470560251729,-4.7988831438393449,4.6231215000078363,0.26738940975,0.181492580924,1.0105459937503543e-05,0,5.0527299687517716e-06,21,1,1,1,0,0
933,2,2.9748529585857084,3.1126515125170613,1.0053365508603576,4.7963895033919002,5.6700552229364884,-0.53275765721772417,0.0127272731996,0.109904853309,3.6796591858526638e-06,0,1.8398295929263319e-06,15,1,1,1,0,0
934,2,-1.189549486197127,0.12421391148827318,-0.47108919099122087,-4.2733390100704245,4.6781896967830541,2.6598834021479645,0.695575374685,0.00416312888161,4.8910462196137555e-07,0,2.4455231098068778e-07,23,1,1,1,0,0
935,0,1.7210943214588885,-0.33488344977130208,-1.5445604661179271,1.2307957061591437,1.1642401856252116,-2.6201200242313067,0.0671692781885,0.024347309598,1.8508632446166732e-07,0,9.2543162230833659e-08,14,1,1,1,0,0
936,11,2.3249884314882099,-0.44421356434726694,-0.44996156192506093,-0.65902373534875458,-3.9009648077612953,2.5678470833672495,1.00932934768,0.189132789452,1.1915280048114632e-05,0,5.957640024057316e-06,50,1,1,1,0,0
937,11,-3.3053327090536051,4.7635878184790661,-2.5428314868431507,4.0316997947612689,2.7152065952922908,-3.7162229527265325,0.294296225493,0.0120581001911,1.3090096499254952e-07,0,6.5450482496274759e-08,25,1,1,1,0,0
938,11,2.326298390387965,1.4868811247874756,-1.5487329839240469,0.6228706106374039,4.6807642787583736,4.8428531045837637,0.0491245286234,0.0235498995573,1.7135336077259055e-07,0,8.5676680386295276e-08,23,1,1,1,0,0
939,15,-5.4812859173366357,-4.8849979679819926,-0.75570255201468062,5.2670290852967252,-5.7328872101381423,-2.46962799280471,0.223774683596,0.127170913209,4.9764824087934719e-06,0,2.488241204396736e-06,7,1,1,1,0,0
940,9,-6.2417038074947184,0.92582062461201475,-2.7714568103711659,-3.8411338544292088,3.5353803498746412,0.47291818047993206,2.95307167831,2.54552698469,0.0019825524514909061,0.002071933870938689,0.001198469612839322,60,1,1,0,1,1
941,8,4.3270623447919565,-4.6357961631702604,2.0841246102546154,0.065636964312024093,2.3565140958623241,-0.21601090923753696,0.259638682839,0.0297104375336,3.3630111823201661e-07,0,1.6815055911600831e-07,25,1,1,1,0,0
942,10,-0.4698672935618024,-3.8187116348245,2.0866276622620235,-1.8042962119832067,-0.94629490062187649,2.4902088154413224,0.177744947023,0.26823097402,2.1948163344590069e-05,0,1.0974081672295034e-05,34,1,1,1,0,0
943,12,-5.9001063561011859,-3.2365188094644832,-1.0811421745000376,-0.75747931778261435,-1.7462360799641912,1.341284779947306,0.0224817593935,0.062740839805,1.1996053945155822e-06,0,5.9980269725779109e-07,18,1,1,1,0,0
944,11,1.6686147984465836,1.1128635339148021,-1.4323489712759832,2.0009973439295252,-1.5287913391155221,-0.48456708899176654,0.0295410381153,0.0073043937539,1.7125281958087106e-08,0,8.5626409790435529e-09,8,1,1,1,0,0
945,12,0.36143093840369828,-2.9615040267252244,1.1899595695853702,1.0761387939096769,1.6180993569086168,3.2718908800651154,0.00438726259274,0.0219657037903,1.4699475974156085e-07,0,7.3497379870780427e-08,19,1,1,1,0,0
946,13,0.27179065690928,1.2221858181221223,-0.75199672441321963,-3.5322504466461497,5.6526417135831748,-0.58019862949078482,0.231177989096,0.000839197828355,5.3657790372635756e-08,0,2.6828895186317878e-08,13,1,1,1,0,0
947,0,1.5359829173707533,-1.3211787238808297,-3.0177972593102926,2.7119935137417164,-4.1832393662559868,-3.8090579770645641,0.138591085036,0.0803600459963,1.9863466691770944e-06,0,9.931733345885472e-07,9,1,1,1,0,0
948,15,2.7114975321905574,-2.3849798029879099,-1.7787311472392766,-0.66952099608224913,-1.4516894992273783,4.7040848835343319,1.13396937975,0.00947912376509,1.3132575830634415e-06,0,6.5662879153172073e-07,19,1,1,1,0,0
949,12,2.5465533605403206,-3.5454589433531645,1.0669465114864425,1.1491803779359271,1.4047759632834689,2.2806058322258549,0.416780994413,0.25891304158,2.0594028509743018e-05,0,1.0297014254871509e-05,20,1,1,1,0,0
950,1,0.023810136936902794,0.62265137704221329,-2.6319940172313849,-3.5434121390297526,5.5094260645438506,1.5175753697726047,1.01964435836,0.00227880976182,1.0412564878455033e-06,0,5.2062824392275166e-07,8,1,1,1,0,0
951,11,-2.964586409203736,3.6856749586915698,-0.9965117902327727,-5.3500906563841308,-4.149775221183849,-5.1241005451500419,0.161589188247,0.0105387596596,5.994353813728746e-08,0,2.997176906864373e-08,5,1,1,1,0,0
952,7,-5.1869976364260149,-4.286481977819621,-1.6708957668001465,-5.0629455780471222,-1.0275518547312141,0.56071434485103344,0.314070457741,0.0653565541239,1.3998072149350522e-06,0,6.999036074675261e-07,20,1,1,1,0,0
953,1,0.28855764206854539,-1.4739535140512023,-1.0735251542973021,-4.7694045104146374,1.5001388937687024,5.2485757732143483,2.14622986858,0.0173432900571,4.6979284341424997e-06,0,2.3489642170712499e-06,6,1,1,1,0,0
954,2,-1.5907043707628581,-4.9115838932786451,2.0895590291589103,-1.6778191485803535,-1.4133826217459864,-3.0514717325655996,0.0265403053563,0.0226092949203,1.5641878649341295e-07,0,7.8209393246706477e-08,19,1,1,1,0,0
955,4,5.6420179394330043,3.1279371506518454,2.717775666853909,-4.8149244168912118,3.8033260327081244,1.5035517123882096,0.967589092914,0.0581639679372,1.9667637515120241e-06,0,9.8338187575601204e-07,20,1,1,1,0,0
956,7,-0.77375851374567384,-3.3417764431232322,-0.85389354326859435,2.6767424683475483,-5.4705653996281889,-0.57619536396577598,0.823624017677,0.0123238892825,7.246212822318086e-07,0,3.623106411159043e-07,24,1,1,1,0,0
957,1,4.6203768570390773,1.0847193877343402,-2.7637459324460765,-3.4867560244806524,4.4947677978354905,-2.8536501214686658,1.08911589852,0.0596520815697,2.2701151830004419e-06,0,1.135057591500221e-06,16,1,1,1,0,0
958,9,-0.38351493547819765,1.7799204496673855,-0.29818806969460587,5.3750921560322453,-1.8691877046159926,-5.4677699625638345,2.65085700847,0.00317904592239,7.0301214444075246e-06,0,3.5150607222037623e-06,13,1,1,1,0,0
959,5,-1.9989280368001201,2.8076416329714826,2.4716073014485085,-2.2176768710758079,4.0640553992227,4.6358338264884988,0.0495969421312,0.00525606284469,1.0875277403913175e-08,0,5.4376387019565876e-09,15,1,1,1,0,0
960,8,4.6160500715826895,2.6343939560520795,-0.77541264211032779,2.7022582303154934,0.1302999115697123,-0.77383573790630111,0.0336432750509,0.470401187059,6.7406044981998444e-05,0,3.3703022490999222e-05,51,1,1,1,0,0
961,6,4.4954669664264637,2.1281792328816884,0.73918639720484403,-2.835413239466241,2.8469749092516472,-4.1704171046261731,0.415063646576,0.132649744258,5.532312135427733e-06,0,2.7661560677138665e-06,6,1,1,1,0,0
962,7,-3.3435642661465446,1.0201597717236688,1.1489358993800154,2.3408816256969898,-4.288822713071843,3.8789764943334806,0.846291000514,0.0305333404758,1.0001986723894365e-06,0,5.0009933619471827e-07,9,1,1,1,0,0
963,5,-1.6697636286642408,-3.1992216567407104,2.3676017183498064,4.8294556161311064,-5.1643895617012507,-5.2918080706922179,0.286675590347,0.000791607574349,8.2373780337874921e-08,0,4.118689016893746e-08,30,1,1,1,0,0
964,15,2.0961907720263917,-6.0904289367205138,-1.0576733878119586,5.1391456716669044,3.0798105675134844,2.2374854343858654,0.0395741424732,0.00144917836819,2.2058452614802556e-09,0,1.1029226307401278e-09,20,1,1,1,0,0
965,2,1.5484249534891086,2.3719836069571203,-0.33176377644015498,-1.3587753767741029,-1.0754972919096621,-6.0262237440556978,3.08359482287,0.264701051481,3.0852078148775966e-05,0,1.5426039074387983e-05,17,1,1,1,0,0
966,4,-3.7084201730082231,-1.468899918140077,1.288622503580479,2.1902225787871354,4.8056530057953886,5.2932347162099695,0.0891416507192,0.00189470713628,9.0397845777840788e-09,0,4.5198922888920394e-09,27,1,1,1,0,0
967,14,3.7969966193096227,-0.76513660868454181,1.538397797428771,-2.2130282855955707,1.8084933987669483,0.86094844735934151,0.118403917439,0.00961460079026,4.2178488988893779e-08,0,2.108924449444689e-08,53,1,1,1,0,0
968,11,-0.24492747815724569,-3.3010931958420384,2.0308326254636828,2.9306270977316005,5.3496911654019277,1.3294264916323502,0.116194688928,0.00205222545091,1.4784141386029393e-08,0,7.3920706930146966e-09,33,1,1,1,0,0
969,0,3.3464066429025454,1.2965319394929855,1.5746838227958946,-6.1442733577101043,4.1940002460019414,-1.0085478817268461,0.051496833413,0.000923805214922,2.9118892543759626e-09,0,1.4559446271879813e-09,5,1,1,1,0,0
970,4,-3.4243599958699167,3.2554984967047331,-0.8195405671258601,2.2197265161245938,1.7135636853193656,1.6229855139887488,0.217136717326,0.102769253493,3.2643711620120141e-06,0,1.6321855810060071e-06,32,1,1,1,0,0
971,15,-2.8987035743421017,3.4872795334623765,1.2893497994471017,-5.781988930329657,-4.1692600047317399,2.1073168257395301,0.0682697465935,0.0581079021797,1.0332100955799249e-06,0,5.1660504778996246e-07,13,1,1,1,0,0
972,15,2.0846544628413208,4.5411548996399294,1.4920688388719945,4.1797732599556063,-5.5863104293308368,3.9577736184015708,0.677477857878,0.00591163259735,4.6962183472044676e-07,0,2.3481091736022338e-07,7,1,1,1,0,0
973,9,5.0266345559498262,2.2554111480390056,2.7252449699390118,-4.6901577379444461,1.1719727486664919,-0.066726817042748826,0.0387736674818,0.18988636317,1.0985042197175154e-05,0,5.492521098587577e-06,10,1,1,1,0,0
974,2,-1.3590396177654107,-2.33494340019895,-2.6039582059384063,-3.2136611821884355,1.9140051751646863,-0.023499554874009936,0.259871773343,0.027127531903,2.9170220773954548e-07,0,1.4585110386977274e-07,23,1,1,1,0,0
975,14,1.1516281985478869,-3.1404149539898851,1.21607504479326,-2.4377352032396855,4.7616034908599696,0.81446361608200568,0.0451708519774,0.00878332667603,2.5540673405513594e-08,0,1.2770336702756797e-08,23,1,1,1,0,0
976,5,2.3995990353186518,-5.1032215743548006,0.60899489238857718,-3.0389227094588551,-4.2257544549961388,-3.2222146033320667,2.1203519013,0.126712621711,9.3868564363503538e-06,0,4.6934282181751769e-06,11,1,1,1,0,0
977,2,3.9944982939461822,-1.0871276683357838,-0.58553537266116562,-0.86623640754696596,1.026396218252289,2.7125264044800694,0.125573355665,0.113579914801,3.9454543300629438e-06,0,1.9727271650314719e-06,23,1,1,1,0,0
978,0,-4.175170578948098,-1.7343827774436378,-0.74486755362407953,-3.871338270635674,2.2681616168723795,-1.4643697303679224,2.69212073323,0.0100161344863,7.2780741604812495e-06,0,3.6390370802406248e-06,20,1,1,1,0,0
979,13,-4.1607092108911345,1.8696883309374257,1.0458351663738252,5.5362910279885522,4.7133721892217046,-0.44359619650197307,0.238180753241,0.028593923954,3.0578907741682155e-07,0,1.5289453870841078e-07,9,1,1,1,0,0
980,15,-0.030414807532871777,-1.9587636253323419,0.99146801534076212,-0.23487307232570834,2.4903793745340135,5.0539982243953059,0.117577492075,0.00763572379487,3.1584965330494482e-08,0,1.5792482665247241e-08,43,1,1,1,0,0
981,11,-3.6092137860256028,4.0016869990837751,-2.5117909857249145,-0.54254239331453169,-0.27012976516236509,-0.65893652266052971,1.44665290355,0.0326437879162,2.4174100907094421e-06,0,1.208705045354721e-06,16,1,1,1,0,0
982,13,2.5313159718587812,-4.8947702319716013,-0.7682970227276682,1.1398408666248372,5.1054192463442867,-0.3119533330115733,0.158478443899,0.026258573084,2.3515298470376178e-07,0,1.1757649235188089e-07,11,1,1,1,0,0
983,3,1.198605707691019,1.397725358198203,1.2948029227798383,-3.7365328824252693,2.2028170735494919,2.7336856841838872,0.109604998019,0.0262479278559,2.2188055913243221e-07,0,1.1094027956621611e-07,13,1,1,1,0,0
984,2,4.4094318166369737,-4.1655986406523784,1.2591274249970337,-1.8979817619004198,4.9203206926183656,3.0301220398625981,0.169450872851,0.00137364444385,2.9288380632345723e-08,0,1.4644190316172861e-08,12,1,1,1,0,0
985,11,5.7116561112546096,-1.0464558707736662,-2.0372302648308991,-0.15386996452222476,5.0713186572097744,-2.8753782724969339,0.203962893071,0.0492110348197,7.7930077146810581e-07,0,3.8965038573405291e-07,14,1,1,1,0,0
986,5,3.3011856951309615,-3.461152297980103,2.6391281744111885,1.7817164060260948,2.4584115313800203,3.3167704679555285,0.0402877257333,0.0518180335212,8.1955395381523639e-07,0,4.0977697690761819e-07,8,1,1,1,0,0
987,9,-0.7653748216153029,-4.2882597586975635,2.3318933439177858,5.3039407680465791,-4.471764785887042,-1.8502582747403389,0.0512935685634,0.0739681574237,1.669280758884674e-06,0,8.3464037944233698e-07,21,1,1,1,0,0
988,8,-4.7069153758673981,1.640523764013087,1.4717538409475528,-1.2476368472995532,-1.6839054554659509,0.019887712323016948,2.20972378945,0.0422094221668,5.4255963797542581e-06,0,2.7127981898771291e-06,18,1,1,1,0,0
989,8,-1.336992936229497,-0.7838821732774347,3.0404758889019412,1.2998938767372608,1.9941305174932771,1.8673515276313248,0.0426240894058,0.541379623298,8.9282714091887662e-05,0,4.4641357045943831e-05,24,1,1,1,0,0
990,6,3.4417326943642399,-2.9622569202429072,0.81136831879956972,3.9964342499823076,-1.4386437241609695,4.1052066728605876,3.51199493333,0.0879360125306,1.4689636418953965e-05,0,7.3448182094769827e-06,24,1,1,1,0,0
991,3,-5.0626044622471902,2.3999537020974393,-0.23277414310038391,5.5670253345105118,4.0935008127193706,1.3397642278157538,99.9934177244,4.14753492511,0.015238726442061914,0,0.0076193632210309571,60,0,0,0,0,3
992,0,-0.302328323703136,-1.5685675263590146,-1.7213982706908593,1.1886822690663545,-4.210734151827471,4.4528762583395505,0.0321032319699,0.181438900256,1.0029058778862144e-05,0,5.0145293894310718e-06,20,1,1,1,0,0
993,11,-5.8181199098217347,-4.4484897358861772,-2.6695378690481211,4.2396038873741757,2.1346236898063977,2.2285273318261702,2.21866408783,0.0217610969949,5.0667204949926508e-06,0,2.5333602474963254e-06,21,1,1,1,0,0
994,9,3.4344956986457325,5.6246692268761667,-1.3890635177037518,-2.4506107028376731,4.7281894514334644,4.2859222482579522,0.211390763269,0.00369983979927,4.8855906160668499e-08,0,2.4427953080334249e-08,27,1,1,1,0,0
995,14,-1.9908717415034456,-2.5755343201873839,2.2734534366179275,2.1889418856715079,4.4841195256304234,2.7205459790327851,0.482031078977,0.622922543727,0.00011843381152864974,0,5.9216905764324868e-05,7,1,1,1,0,0
996,2,3.5276726443589883,-0.12443417209159943,-0.71082612285178959,-0.36266030890728862,1.8803091970722032,1.7429421331653865,0.337061434096,0.0274475996074,3.4310025650654484e-07,0,1.7155012825327242e-07,26,1,1,1,0,0
997,10,-1.2987229569190248,1.058837190151273,-2.1714296796383259,-1.2204879480132584,-4.821655944977981,6.0600393833316373,2.48369462647,0.0586076826989,7.2150573316578287e-06,0,3.6075286658289144e-06,12,1,1,1,0,0
998,2,-0.043116188481776188,1.0759432785829179,2.4446914671568978,3.9438173999338622,-2.3077851354487571,1.4200320526344774,0.0480560917613,0.0031901055463,5.4094104091837404e-09,0,2.7047052045918702e-09,25,1,1,1,0,0
999,9,-5.9783188178606679,1.0202562928283552,2.0324818792666441,-4.5721169796562124,-5.3983040152598019,-2.0626916838273917,0.0246907056175,0.149183404308,6.7800799219467694e-06,0,3.3900399609733847e-06,21,1,1,1,0,0
