target_id,best_seed_id,q0,q1,q2,q3,q4,q5,pos_err_mm,rot_err_deg,pose_cost,limit_score,total_loss,iters,success_loose,success_medium,success_strict,near_limit,success_rank
0,13,-2.5704267413321169,5.325509924218693,-1.0595831073303899,3.6464937642493558,-1.8575375582143969,3.9376390027054762,2.62897323996,0.0292258441688,7.171689255596888e-06,0,3.585844627798444e-06,53,1,1,1,0,0
1,0,-2.5049843773133542,-4.289866236875377,1.2631112877386748,2.7076684918278864,2.8042413299439488,-4.1258030160387449,0.0704365239983,0.0193127271256,1.1857794445182998e-07,0,5.928897222591499e-08,14,1,1,1,0,0
2,10,5.1374290664012356,-5.9314897660356394,0.43353272578595925,4.1693763468310632,-3.3262366192691091,-6.0596481563291862,0.407435744854,0.130605684762,5.3621205843277128e-06,0,2.6810602921638564e-06,10,1,1,1,0,0
3,8,-2.3468460865137075,3.1801241016149082,-2.5400330690284929,-0.36626173054487116,3.6365524268545175,-1.8737171064567917,0.0523014485943,0.435429153917,5.7757755953342929e-05,0,2.8878877976671465e-05,22,1,1,1,0,0
4,2,-2.1487064236874063,-0.42089954113954164,0.3531172488922007,5.4389244972602135,-4.539516177885627,-0.70530703708768172,0.0205265618894,0.267628140067,2.1818589613829054e-05,0,1.0909294806914527e-05,23,1,1,1,0,0
5,2,3.132844121629514,-5.8652476099567989,-1.7821868264927692,5.7716230399384951,-5.8895603840432225,-4.7292336772065333,0.613515036369,0.0591056987794,1.4405766687408894e-06,0,7.2028833437044472e-07,16,1,1,1,0,0
6,4,5.2243972028965908,-4.7111493833283538,1.5831053518168769,-1.2780949787131421,-1.1507364087429413,-3.9135625658952207,0.0236901553479,0.0422847895796,5.4521821481307274e-07,0,2.7260910740653637e-07,32,1,1,1,0,0
7,2,4.044124958318088,1.363898912660364,1.206324286083458,-0.84507337465220456,-1.3306249311650258,-2.5795858514090528,0.0478556296093,0.0545815351376,9.0978931302926355e-07,0,4.5489465651463178e-07,17,1,1,1,0,0
8,8,-5.064150066209451,-4.6315204553805378,2.793628763765359,-0.85295111063786788,-4.4594743141678785,2.7808066920756267,0.156785298695,0.0204899932323,1.5247215338899757e-07,0,7.6236076694498784e-08,10,1,1,1,0,0
9,11,-3.2587510659645846,2.2722102681990974,-2.8289701536901108,-1.3214468598032205,1.8635976116061947,1.72805848244453,0.439842894511,0.0260177700416,3.9966472315788265e-07,0,1.9983236157894133e-07,9,1,1,1,0,0
10,15,-0.0051189688947213818,-1.7606518677443859,2.934928591047286,-0.85197257750994515,-2.1025562486792495,-4.8940073220763383,2.41204590478,0.207388885197,1.8919606274063515e-05,0,9.4598031370317573e-06,52,1,1,1,0,0
11,14,0.64054519696807777,2.093516077197684,2.8702370684262943,-2.0231361872157803,-1.6665478610044744,-5.5218982579339508,0.129821482264,0.0462671651416,6.689330706275149e-07,0,3.3446653531375745e-07,25,1,1,1,0,0
12,7,4.5603216519006393,-4.5880618850865753,2.6757525632965247,4.8267782019554621,-3.0831006028638024,2.4695633059254933,0.0927246364889,0.194656615685,1.1550916834735478e-05,0,5.7754584173677388e-06,54,1,1,1,0,0
13,13,-1.0511602382415191,4.2909619502322816,1.9918397407133677,-0.87623669977368002,1.698685156377691,5.6237249520092201,0.0313321355289,0.000354151271257,1.0199087848901849e-09,0,5.0995439244509243e-10,42,1,1,1,0,0
14,2,-4.6037418668795294,0.50664780946024557,-1.4802503244723519,5.3169204250737625,-4.2788891380532883,1.4781190613092803,0.0458430424688,0.15226902242,7.0649169677093081e-06,0,3.532458483854654e-06,12,1,1,1,0,0
15,2,5.237616674845901,-0.77360308895933216,0.83571558859415185,-2.5805274754728793,-0.26731029892974212,-0.098043671313388203,0.132508319472,0.194040862074,1.1486969726663937e-05,0,5.7434848633319683e-06,28,1,1,1,0,0
16,2,-0.048647216704522642,-5.636801018741628,-1.9167848854986795,6.0427247196712148,1.182943280198351,-2.087163544239834,0.0803735212385,0.42696462251,5.553784660022892e-05,0,2.776892330011446e-05,14,1,1,1,0,0
17,6,-1.8697635468880591,-3.0446636571435279,2.3203970328928141,-3.8030636342282125,4.6940179357811447,-2.6632122385039403,0.0261555518296,0.0177150427211,9.6279985797100022e-08,0,4.8139992898550011e-08,15,1,1,1,0,0
18,9,-2.363781544244576,6.1877684346668467,-1.3743472233545493,1.0462616381131584,-4.6556862550738787,5.9385481946098153,0.0609900903934,0.03423811244,3.6080705685822471e-07,0,1.8040352842911236e-07,31,1,1,1,0,0
19,13,-2.9647965012909707,0.19775593277270104,0.74479314091662263,5.0517210215645267,-4.2773989952695857,1.6065072338989796,0.0418796464877,0.927770123688,0.00026220345288841175,0,0.00013110172644420587,36,1,1,1,0,0
20,4,-2.297840096383267,2.6057076294105666,2.5853573886577506,5.1945865874600212,-5.2000913068216308,0.85114259529889968,0.0586511021652,0.00044500464052,3.5002749078427081e-09,0,1.7501374539213541e-09,32,1,1,1,0,0
21,1,2.8269740158471959,-3.1169005402528431,1.4885252942597034,-6.0286911653340294,3.2032231043727939,1.4581933754378262,0.0795852310893,0.0661289337452,1.3384367148827614e-06,0,6.6921835744138069e-07,30,1,1,1,0,0
22,8,-3.6512699117975758,-0.43465540917610279,-0.27362104844517043,-1.319770168031829,1.8365879319469309,3.3877230497420667,0.0441316753029,0.367308629276,4.1099598442472796e-05,0,2.0549799221236398e-05,19,1,1,1,0,0
23,12,-1.1803307008078441,-0.40195544455879961,-2.2930555362041782,-0.74019274967815785,-1.6626516700996088,2.1238503026208355,78.552860708,0.667143384446,0.0063061311365904182,0,0.0031530655682952091,60,0,0,0,0,3
24,6,4.5178049053991121,-5.9612539530693747,2.8596745694589636,-1.9405445405593864,5.4264415153085679,3.8239202934065903,2.86747997919,0.139114940111,1.4117692170444889e-05,0,7.0588460852224447e-06,11,1,1,1,0,0
25,1,-3.8159639014956599,-2.4975864750660972,-1.2037429709342327,1.9355280357048781,-4.6590128341842219,2.6405634497575714,0.134656862786,0.044069557819,6.0973785928577946e-07,0,3.0486892964288973e-07,12,1,1,1,0,0
26,14,-2.2283320937381448,-3.2428577303034531,2.5543599547419134,-2.3232758766661408,-1.8843133691989375,2.0914496727643535,0.667708092421,0.0651382968759,1.7383251142794571e-06,0,8.6916255713972856e-07,16,1,1,1,0,0
27,7,2.2009500538660247,-4.3247474918384903,0.61381911415790347,-1.0135803043111882,-1.5546585573937106,5.8382628579495854,1.46988227813,0.235716867791,1.9085841557845198e-05,0,9.5429207789225988e-06,35,1,1,1,0,0
28,5,-1.5344604104508162,-4.1709463700337475,-1.0421235325013691,-4.248181657751779,4.7016805296120676,-3.1680191787405239,57.7569798735,0.100358771072,0.003338936795094925,0,0.0016694683975474625,60,0,0,0,0,3
29,8,-4.905564355166284,-3.2943886560016273,-3.0353345909059777,-2.392601320902926,-4.0951792261350874,-3.3341147889733471,3.3200933799,0.488969646347,8.3854399534652596e-05,0,4.1927199767326298e-05,46,1,1,1,0,0
30,14,2.2734889072564726,-2.5057126692397262,2.0870737612954646,5.0733798140699315,1.3897162182481555,-3.6887993016140652,0.0441196760498,0.00362249798019,5.943885352116268e-09,0,2.971942676058134e-09,23,1,1,1,0,0
31,15,5.2315880498569758,-2.1877656648563595,3.0297854287916648,2.9690584453428204,1.7515373813431097,-0.30705952827992,0.570325885294,0.0181424249881,4.2553570334010698e-07,0,2.1276785167005349e-07,29,1,1,1,0,0
32,0,-3.7962194778950149,-2.8428963729614858,2.3238007905218598,-4.0899401167851286,-1.524067265010087,5.4295862998539395,0.0344775199242,0.000165039110147,1.1969965213391913e-09,0,5.9849826066959563e-10,60,1,1,1,0,0
33,14,6.0029928073626131,1.9561485498550752,-2.9572968644959476,1.2808061984337065,-1.519598510970751,1.473423900220725,1.40134446628,0.0958779056459,4.7639841179818733e-06,0,2.3819920589909367e-06,14,1,1,1,0,0
34,13,0.76707788294611245,2.9476551892685885,-2.3465498281835906,1.2304228168116866,4.6296681207460253,-5.1201401430372639,0.0152050168105,0.000717013204402,3.8779876894573478e-10,0,1.9389938447286739e-10,22,1,1,1,0,0
35,6,0.50313548041073064,-4.3687169303735445,2.5282847664844454,-5.9680437427403783,-4.1989114293817673,3.7836846157583377,0.172252775146,0.0615485385012,1.1836296099865159e-06,0,5.9181480499325795e-07,16,1,1,1,0,0
36,7,-4.7734391481347345,-5.757521082044847,1.4581586028011599,4.2811690347334457,3.9244671599965968,-0.72903108189089671,0.174029644743,0.00171826874268,3.1185684180472219e-08,0,1.5592842090236109e-08,13,1,1,1,0,0
37,13,5.8390132124313405,2.4885815646995084,2.695161531096383,-5.1788686946008609,-5.6128895011030515,-0.42214296771241666,0.71564528258,0.0842210742485,2.672857207592988e-06,0,1.336428603796494e-06,21,1,1,1,0,0
38,0,0.037529543022267402,3.2860986790003706,2.3531784487165099,-4.7818477157896089,-0.71175607830531862,2.5070220890455013,0.0298073989067,0.0020139802759,2.1240447879277559e-09,0,1.0620223939638779e-09,39,1,1,1,0,0
39,1,-3.4068934236125141,1.001524927259468,0.76984302720755426,-4.4058309027195222,-3.9926650233902166,-2.6791961142865328,0.680515630128,0.00900394228222,4.8779715456702298e-07,0,2.4389857728351149e-07,32,1,1,1,0,0
40,2,2.2569366448989236,-0.4874016034438971,-0.76751960931048757,-1.8237214045643537,-5.0553746963798742,-1.1441601463755042,0.0977703358124,0.157030366134,7.5209786165786768e-06,0,3.7604893082893384e-06,13,1,1,1,0,0
41,5,1.1102566342247642,-0.05116444849949664,2.3056711579123901,-0.26643134695674808,5.8742733649193122,1.3912234726513288,0.0543890455411,0.0682462409164,1.4217288487928111e-06,0,7.1086442439640555e-07,12,1,1,1,0,0
42,5,5.1924524555434006,3.0569983459023282,-1.8495700333731284,-4.2775903234043078,-5.9890995243837297,2.6137416149146522,0.17113089653,0.0614993024476,1.181398884029153e-06,0,5.9069944201457649e-07,60,1,1,1,0,0
43,10,0.97147314628197279,0.88559670494250686,1.3825989211786653,5.8154906936010686,-1.3794002990193521,-5.340635925217561,0.461962835781,0.0336764581827,5.5887744585295284e-07,0,2.7943872292647642e-07,25,1,1,1,0,0
44,11,1.394114956190786,1.6937088662885702,0.82452760853191343,3.1403949857279017,5.3782612205385654,-3.4471372924815036,0.450554318304,0.332834058815,3.3948063293197046e-05,0,1.6974031646598523e-05,15,1,1,1,0,0
45,9,-2.1488005908751688,1.6177152216505928,1.9453639038904034,-5.3301627180104747,-4.5077809712536094,-5.5990812017759186,0.0250794917611,0.0352586455126,3.7932085329852502e-07,0,1.8966042664926251e-07,16,1,1,1,0,0
46,7,0.19926104643984519,4.4669460744249037,-0.47338113876923377,-1.4727241795355304,5.8995334192057634,-4.815308647536046,0.717028912901,0.00125040778087,5.1460673724748492e-07,0,2.5730336862374246e-07,38,1,1,1,0,0
47,9,4.6672646323218059,-3.1179978760926903,1.2201309578926385,3.6170398449951717,-2.5126150811990198,-1.9114881677571178,2.00826463111,0.0866440151866,6.319946265131223e-06,0,3.1599731325656115e-06,6,1,1,1,0,0
48,7,-0.6878075495504643,1.0912505145190594,1.6414505308573761,-5.3225918470464322,0.97492857861873639,4.6497363939167657,0.0225036434696,0.0193114117343,1.1410757815922708e-07,0,5.7053789079613538e-08,16,1,1,1,0,0
49,11,-2.5437851273194521,-3.2957335361798714,-2.2679889339570845,-4.5604010568016768,-1.588963944565057,4.2588668366853426,0.13997526828,0.00545014623539,2.8641460197660733e-08,0,1.4320730098830366e-08,41,1,1,1,0,0
50,12,4.661009820954269,5.844688025173304,-2.4257571579165109,-3.459247678367638,-5.0690277978226925,-6.0008130488949645,4.76427337189,0.221714235375,3.7672440850397489e-05,0,1.8836220425198744e-05,58,1,1,1,0,0
51,12,-0.77587322358048993,2.0215865333680161,0.63074671685968597,-3.3475260632379591,1.4868959917877334,5.2802954723041893,0.234750629764,0.00147561942297,5.5771148192326895e-08,0,2.7885574096163448e-08,25,1,1,1,0,0
52,0,0.66224154236681676,5.1056216376261219,-3.0237035102184295,-2.3343621715536154,2.1293166757327073,4.4818977848983943,17.9105039358,0.740924594145,0.0004880117489918824,0,0.0002440058744959412,60,1,0,0,0,2
53,12,-3.1000860464483071,0.26074093392228626,1.7527015174181177,1.9825360563054273,1.7036797341508485,-4.2512186740420823,0.0202129585645,0.272568173255,2.2631475142200433e-05,0,1.1315737571100217e-05,11,1,1,1,0,0
54,10,3.6352052429790116,4.9853648884299453,1.4475165272191834,-4.0166603477406664,5.0469959309974497,-2.7176764933689492,0.027585465862,0.00149008837436,1.4373192855675497e-09,0,7.1865964278377484e-10,12,1,1,1,0,0
55,4,-0.4085674178857745,-2.6559210550293257,2.6561181818489841,4.5321374693660612,-4.1440603608330582,-0.29240277753653621,0.0612385608452,0.570589238958,9.9178677008177998e-05,0,4.9589338504088999e-05,31,1,1,1,0,0
56,9,2.8165560796616202,5.4862732335120628,0.54460848299547282,5.3268924194252874,2.5490278853663537,-4.4326913888115094,0.916233781505,0.226189243584,1.6424190979965211e-05,0,8.2120954899826054e-06,10,1,1,1,0,0
57,6,1.5302174878843571,2.3488375275610527,-1.0427903759021693,4.3937395196084701,0.63692489262435714,-3.7069911628263501,0.0517075830465,0.00445906732178,8.7304680154363133e-09,0,4.3652340077181566e-09,10,1,1,1,0,0
58,0,-5.9653347379399477,0.80993929241747153,-0.2036916108432274,0.41763498843630897,5.2129659611094388,-4.6406568549068581,1.11415087298,0.000293985797699,1.2413584951402604e-06,0,6.2067924757013019e-07,20,1,1,1,0,0
59,13,2.3951269849048344,1.5900144875451845,2.7484999370048429,1.7335721831859525,-3.0171029000264618,3.7090127135589457,0.24024501893,0.0266018302195,2.7328243157640587e-07,0,1.3664121578820293e-07,16,1,1,1,0,0
60,9,-2.3179217353668822,-5.3402797547803829,2.2955634235677422,4.6426324314845404,4.3702917729282547,3.7995419815498455,0.143370883249,0.065068918049,1.3102944285771387e-06,0,6.5514721428856935e-07,24,1,1,1,0,0
61,4,1.9173374955551119,1.0564429761136567,-0.97819273799759754,4.6238553949569603,-4.7502417033561324,-3.4246246737870489,0.0218422638171,0.000329393847447,5.1013557214147783e-10,0,2.5506778607073891e-10,24,1,1,1,0,0
62,5,-0.9148146235397574,-3.785661165352689,2.1287956384186888,-2.9832562451105922,4.390882192520241,-3.4828459381686554,0.0476663463417,0.00501237555036,9.9252608038851531e-09,0,4.9626304019425766e-09,18,1,1,1,0,0
63,15,-0.13331899354046556,5.8213092305737346,1.714735222298696,0.17552503687108187,4.3052182124246663,-4.5326483443224799,0.0394360016223,0.0202137827792,1.2602096643600872e-07,0,6.3010483218004362e-08,13,1,1,1,0,0
64,5,-3.1887447756960179,2.0734707182938021,0.086450562896186911,5.7254529779357624,3.8155779541056947,4.1328638761303562,4.54977805988,0.00172940640742,2.0701391458131549e-05,0,1.0350695729065775e-05,22,1,1,1,0,0
65,15,-1.8923868738127927,-1.851807912152478,0.66737352397892225,3.4814362295683523,4.303003536486953,-2.1216658243361857,28.4715868366,4.06847701594,0.0058528126909219826,0,0.0029264063454609913,60,1,0,0,0,2
66,13,-4.0739531995265077,-3.3594022077568368,-1.8308970350852793,-5.6218945683588117,4.3498072552556151,5.8404543128541242,1.41272949018,0.662696273123,0.00013577352513178487,0,6.7886762565892437e-05,35,1,1,1,0,0
67,6,5.4391561105103712,-4.5490905296931023,1.8810380676315765,-3.0391642778113299,5.6484013693196609,-2.9409050927581064,0.017665771828,0.0100608869632,3.1145895349914918e-08,0,1.5572947674957459e-08,22,1,1,1,0,0
68,3,-4.1379139329686794,2.4758058617351892,-2.0541326924764491,5.548551817099785,2.9725598369968491,3.1765708749462358,0.0676337903953,0.64984326233,0.00012864337314095594,0,6.432168657047797e-05,25,1,1,1,0,0
69,4,1.9014343727268763,-4.8429108965603431,-1.3817959552170103,5.2123414524848988,-5.3095181646184555,-3.6405321447935073,0.0494742390573,0.131388315558,5.261024547278902e-06,0,2.630512273639451e-06,19,1,1,1,0,0
70,3,-4.1437124750359864,-3.4263243756171518,2.5841666632574869,0.12912261354926727,-4.5309587387092654,-3.9122297816572389,1.88786571319,0.0388389483128,4.0235413339535706e-06,0,2.0117706669767853e-06,39,1,1,1,0,0
71,15,-3.2690424709434156,-5.4363453720358059,2.1641378842255961,5.0153930874571353,-1.7172559058812402,-1.6522054365497902,0.0478101899939,0.0402079656093,4.9475485632188749e-07,0,2.4737742816094375e-07,14,1,1,1,0,0
72,14,2.1734737329188145,-2.9076421625440014,-0.33961748655671997,-4.1389528323671181,-4.1852708203603397,3.2025757002490409,0.236001139552,0.0321361113111,3.7028397925119878e-07,0,1.8514198962559939e-07,16,1,1,1,0,0
73,12,-0.75252255771549881,-4.6977876179804667,-2.8892216939404163,2.287245472967133,4.7624781384063466,1.750479397074197,3.63891584472,0.295339777224,3.9812140865625111e-05,0,1.9906070432812556e-05,23,1,1,1,0,0
74,6,-1.0141035401534977,-1.6753967314248766,0.95384489540571904,-4.145874763699255,4.2373755661558841,2.7732117280801472,0.2215585817,0.000118000344413,4.9092446642699699e-08,0,2.454622332134985e-08,19,1,1,1,0,0
75,13,-5.0032486176917157,-3.833799054918976,2.5694195439620375,-2.0449270473179721,6.1712226153341536,0.45261996947685851,0.138150772516,0.00290403819781,2.1654608025930423e-08,0,1.0827304012965212e-08,20,1,1,1,0,0
76,8,1.874091141968387,4.1824970362466978,0.89237251920247362,1.3541739576967651,-1.8381699644094178,5.3643213116636961,0.595909768908,0.040661557181,8.5875138988244569e-07,0,4.2937569494122285e-07,21,1,1,1,0,0
77,11,-0.91901944862177365,-3.5386293505823105,-2.5888212884142172,-4.628822194042467,-2.5910157843985004,-3.1003086974718719,0.479006616566,0.148033477384,6.9048061902258513e-06,0,3.4524030951129257e-06,7,1,1,1,0,0
78,10,-1.7507692545667244,-4.6931009290246699,-1.804829956095136,1.0152316941248611,-2.8212362434775549,3.592579563418794,0.0542073738784,0.147365572539,6.6181967441069147e-06,0,3.3090983720534573e-06,51,1,1,1,0,0
79,15,-5.0338610312040739,-2.3431474085174346,-1.3330545085813215,1.9994528050202403,-4.7799453363515099,-2.7627055898079096,0.327840387108,0.0105922445238,1.4165606702200098e-07,0,7.0828033511000489e-08,13,1,1,1,0,0
80,6,3.7005145568554356,0.45193289007719811,2.198432292335021,-5.4295862474746448,-1.7263218534552294,-1.570077028795317,0.313233194328,0.0358804930995,4.902824809620333e-07,0,2.4514124048101665e-07,12,1,1,1,0,0
81,2,2.8612625047432281,-1.3507168460347423,1.9345206782598399,6.0924968897434226,-1.4320349315616687,-0.82669894972227165,0.0551768860712,0.00433231077645,8.761827722802786e-09,0,4.380913861401393e-09,37,1,1,1,0,0
82,8,2.3430867712822678,1.5689418512557627,2.2125304803592378,-2.1485598908290844,5.1562096124019456,-0.34717709112860357,0.0624423876231,0.0108864426999,4.0000673988612797e-08,0,2.0000336994306399e-08,24,1,1,1,0,0
83,4,0.49565553794232192,6.1759388159601478,0.75236305121910285,-1.7528179080213653,-4.9820039536699676,-2.0958046090055849,0.037064345862,0.155248131756,7.3432574603453962e-06,0,3.6716287301726981e-06,15,1,1,1,0,0
84,11,4.8228888430837786,-2.6931037435901546,2.1689178843394452,0.36577566317378596,1.6198795787019509,5.2169257032387701,0.407383531386,0.237871666459,1.7402107392012391e-05,0,8.7010536960061954e-06,54,1,1,1,0,0
85,7,-3.4389864621420076,-1.9350076804683423,1.1336969479628434,-1.635812396653717,-5.2904714671457844,-0.56937863753004114,1.64830664781,0.241102524617,2.0424455603723513e-05,0,1.0212227801861757e-05,10,1,1,1,0,0
86,0,-0.1851926904484209,5.4269153604408622,-0.87001863550604774,0.74230437883888278,1.8894893098863221,5.1165293331028501,1.33003364913,0.134422606441,7.2732548210643607e-06,0,3.6366274105321804e-06,30,1,1,1,0,0
87,13,-3.3248774020140814,-1.9411944894490258,1.2522091192996634,-1.2629858924632582,1.9434014368773354,-4.6575812232758453,0.0940979963235,0.173611648955,9.190329500031977e-06,0,4.5951647500159885e-06,16,1,1,1,0,0
88,13,-4.059260732993228,1.8914520575365448,-0.8042736409046356,5.6924282510900186,5.001686981037091,-0.31862476124753181,3.58882366945,0.0637558177562,1.4117865527493121e-05,0,7.0589327637465603e-06,14,1,1,1,0,0
89,10,-3.7171185336495625,-4.4153446274906898,2.1970148747015505,-5.3024560042633979,-4.5120803919220549,-3.8547136499272812,1.30679677188,0.132596425261,7.0634440071592711e-06,0,3.5317220035796355e-06,15,1,1,1,0,0
90,7,0.87811789879885105,6.1548116281402701,-1.8257077863208471,-3.0935259105563517,4.6771087689515998,-5.4634819264367955,0.0465356766633,0.0951374610606,2.7592994150757981e-06,0,1.3796497075378991e-06,39,1,1,1,0,0
91,2,-1.8202167761782286,-3.0764904237601618,-2.0268752088020117,-2.6694680170217158,1.4104569949836587,0.48424600009355501,0.0913033542915,0.0167106664923,9.3399612625116904e-08,0,4.6699806312558452e-08,10,1,1,1,0,0
92,3,5.395880800088853,1.8730495142836707,-0.30502530792603511,-0.71295420041338597,3.3817386810313623,1.3817077198613366,1.17719604792,0.0174017976046,1.4780355620746822e-06,0,7.3901778103734108e-07,27,1,1,1,0,0
93,7,0.93955189100192193,-6.17852227009225,-0.12842103677832642,-2.0524825035843448,2.8438698708261909,-3.1275198567874574,3.75015596745,0.418288491667,6.7361136522416819e-05,0,3.368056826120841e-05,22,1,1,1,0,0
94,11,-1.7883121668595829,-5.628631658149696,-1.802304686318795,-6.0649234975043225,-4.1508394787411946,-5.4259956721026539,0.083006584142,0.00128174924166,7.3905432182595304e-09,0,3.6952716091297652e-09,11,1,1,1,0,0
95,8,-0.95493262014671654,-1.7626733886404982,1.3491259110964851,-0.76315930245682595,1.942857771474217,-0.26575844667871107,0.185459550661,0.0429752951207,5.9698584388707469e-07,0,2.9849292194353735e-07,58,1,1,1,0,0
96,6,-4.3642476567181525,-0.027622542276028575,-2.7681906046129119,-0.13782388528204548,1.7755577359619998,4.5281711224747418,0.850375035056,0.0063721351936,7.3550641853013143e-07,0,3.6775320926506571e-07,18,1,1,1,0,0
97,5,0.12400460269081756,-3.4995126998975388,-2.5522915244747222,-1.6222048027551157,-4.1330354344923226,4.1471329832501311,0.148236572644,0.0271205274308,2.4602720239863589e-07,0,1.2301360119931794e-07,18,1,1,1,0,0
98,12,-3.2446106571045363,-5.6389211425517134,-1.1280217345506507,-0.32268181015902586,-0.56655763889102551,5.6196674492499401,0.504140917701,0.165638866927,8.6117129467484563e-06,0,4.3058564733742282e-06,18,1,1,1,0,0
99,15,-1.4352755520088756,3.0622669672003653,2.1981144445304679,1.7332565017898751,-0.66848573342122974,-2.0135865690326904,0.0543944610226,0.0179439625671,1.0104123874302073e-07,0,5.0520619371510365e-08,6,1,1,1,0,0
100,1,5.5230177327796168,-3.6387038744244276,-2.3120897322488299,0.97209560891202329,-2.6185344805431812,2.7166215813697696,0.0653777195583,0.448621612278,6.1311987691385815e-05,0,3.0655993845692907e-05,10,1,1,1,0,0
101,2,4.8272370811006526,5.987579853198258,0.37029836374366926,4.4534492650169444,-4.6024651444929949,5.973073971131158,0.486865346329,0.0478288389678,9.3388001607536613e-07,0,4.6694000803768307e-07,11,1,1,1,0,0
102,12,-3.9068440771717383,2.572471369824807,1.0052697471628012,0.12161328696201731,-5.2351535022785196,-2.9403186300958883,0.0696849250852,0.00311176265058,7.8056196063966969e-09,0,3.9028098031983485e-09,13,1,1,1,0,0
103,9,-3.4813928316245306,4.7933600660242854,0.38488938073608236,-2.2664745540264803,1.7482156976695513,-5.0605316709237993,0.614543570287,0.00212470539165,3.7903895643612663e-07,0,1.8951947821806332e-07,9,1,1,1,0,0
104,5,-1.6453407971310889,-0.60407620791637351,2.4525656825078372,5.4187940849678187,-1.422768160217091,-2.3609226425931049,0.111867913653,0.0827321557217,2.097501742966396e-06,0,1.048750871483198e-06,11,1,1,1,0,0
105,7,-5.9974868655982165,-0.79587494673932468,-1.2152696450720901,3.0904678720784555,-1.6293660196165713,1.788896109850806,0.0575300511242,0.00272086091445,5.564815164169103e-09,0,2.7824075820845515e-09,27,1,1,1,0,0
106,14,-3.3431954073012853,1.2795313609395995,-2.3967731684154998,-0.27316630398949049,-3.9696331318293727,1.782458146572889,0.0258011901409,0.0082035396978,2.1165863895071427e-08,0,1.0582931947535713e-08,35,1,1,1,0,0
107,8,-0.071656528121735591,-3.9156389972611829,-0.83233316373463795,-0.15633464426749516,-1.3881062153045194,1.2897080628213755,0.0851096375522,0.0151585128681,7.7238797199993345e-08,0,3.8619398599996673e-08,16,1,1,1,0,0
108,4,6.1102409061943854,1.36947967191418,-1.7698070351621191,4.7902542070693404,-4.2514163966948963,-2.0166248847621047,0.395141879978,0.0543729757766,1.056714288244676e-06,0,5.2835714412233799e-07,13,1,1,1,0,0
109,13,0.36966789707828829,3.6924865327902734,-2.0277207819379317,3.2133468067035125,-4.8244684101007183,3.9363612256547293,0.090196255471,0.0397418998415,4.8925378411322351e-07,0,2.4462689205661175e-07,17,1,1,1,0,0
110,14,-0.11655727079207263,3.0999089290017019,-1.5639850810187026,-2.6347084573632449,-4.5418667777648061,-1.0135981421723801,0.456236800461,0.0383107850186,6.5524395476588442e-07,0,3.2762197738294221e-07,54,1,1,1,0,0
111,5,-3.3503342458557763,-2.279613919071787,-2.4970833392751084,4.0168017415799264,-3.8956036906166971,-5.4345619825289919,0.00802609233205,0.236713722676,1.7068810036640784e-05,0,8.5344050183203921e-06,12,1,1,1,0,0
112,5,-1.8325473356621225,0.97236103879801328,1.8672378077047731,4.8842965928806112,5.3688228687478032,-4.2951385780376725,0.0319825547769,0.0179970519362,9.9686601330776272e-08,0,4.9843300665388136e-08,17,1,1,1,0,0
113,12,-3.9999596273154974,-2.777102619238708,-2.2521320756159779,0.047848957846196222,-0.76354285224655793,5.2471849911157555,0.0343471212164,0.0415390487187,5.2679481880073881e-07,0,2.6339740940036941e-07,15,1,1,1,0,0
114,1,-2.0751398637126335,-3.6532862117617335,0.22904046105682196,5.6460561026360869,-0.67316298454970824,4.0387925511701885,91.3939179304,0.000678555444936,0.0083528483749281245,0,0.0041764241874640623,60,0,0,0,0,3
115,13,5.0285989538452665,-2.3295429517804629,-1.6798385683401709,5.7945655263467089,4.36328530729328,2.389303432660669,0.0343419381204,0.00423711517291,6.6482094173267818e-09,0,3.3241047086633909e-09,8,1,1,1,0,0
116,4,2.9214362098208757,-1.1605936455554291,0.32368977467647586,1.7123627279411955,-1.4889860383764364,-2.177740104850832,0.61956601015,0.00915232726264,4.0937834783330711e-07,0,2.0468917391665356e-07,34,1,1,1,0,0
117,4,-5.2018249629646496,-0.82295253353352182,0.55872127410162498,1.4248683647065061,-5.1514694344885097,-1.5957256017596553,1.52444829647,0.212035422002,1.601924333300802e-05,0,8.00962166650401e-06,16,1,1,1,0,0
118,13,-1.2736917102424579,1.1093715891742313,-1.6427843055853222,1.478025316706562,-0.44898614755489619,2.0754235021312062,0.45780994102,0.0548792971332,1.1270175734339859e-06,0,5.6350878671699294e-07,22,1,1,1,0,0
119,0,-2.1902233686961372,-1.3797996206019807,-2.1324610907722996,-1.0864096534286765,-1.2172041333576422,-3.0054138588794044,0.0112371805239,0.116848817471,4.1592647333734602e-06,0,2.0796323666867301e-06,20,1,1,1,0,0
120,3,1.6024410174386523,5.6153611291896999,-2.8896956766547528,2.4523226747141584,-4.733940733837513,-2.9821445786974992,0.0922745064294,0.0705789558501,1.5259324513798822e-06,0,7.6296622568994108e-07,17,1,1,1,0,0
121,7,2.0017046374958314,6.1465621020654346,1.6588467410484902,-3.2176523174842608,-4.7550941158308833,2.6830688987892626,0.0468993754739,0.000611154262263,2.3133289298314788e-09,0,1.1566644649157394e-09,20,1,1,1,0,0
122,3,-1.7569459582047129,2.433735064205238,2.6178244938019533,-2.1709982229870262,3.821889475796465,3.2325846658435968,0.063589539277,0.00678869908472,1.8082360502416764e-08,0,9.0411802512083819e-09,21,1,1,1,0,0
123,10,-0.6454125526566391,-0.18108602210166705,2.2281040910018732,-1.1751949797536843,-1.1468597341131106,1.872609460582993,0.0288024533158,0.00780617352295,1.9391853523598527e-08,0,9.6959267617992635e-09,18,1,1,1,0,0
124,6,-4.5058643082105121,5.9569890350918353,1.1343378971778826,-2.5721496195281328,1.1355434613924829,2.9034129028707008,0.71767005468,0.024174077018,6.9306446276294547e-07,0,3.4653223138147274e-07,26,1,1,1,0,0
125,9,1.5604006277498668,0.28422551209904606,2.5135489165955427,-4.0300653784196507,-4.8688094089151397,-2.4866131165231851,0.0146847582982,0.447913581571,6.1114565733085064e-05,0,3.0557282866542532e-05,20,1,1,1,0,0
126,8,-2.7779940269694126,-1.5308144172113698,-2.6368356605613963,0.88446261705648721,4.5648139990721806,-6.071790456490346,0.124463904152,0.1314150351,5.2762071293833192e-06,0,2.6381035646916596e-06,16,1,1,1,0,0
127,14,-1.2495441989115279,5.8685104573106202,-0.54046524205328295,-0.28372301233297853,-4.2063527717286497,-0.054424365543734449,4.22800270642,0.169840011716,2.6662888140213256e-05,0,1.3331444070106628e-05,14,1,1,1,0,0
128,6,2.4276416699859436,3.3864238789560095,1.1724476294153539,-2.8540053903835703,3.9763984487811039,-0.56965232417985334,0.0495135537712,0.0209089637116,1.3562568663191538e-07,0,6.7812843315957688e-08,9,1,1,1,0,0
129,14,-1.8061002101318646,-0.73808424106249182,1.0586732599123034,-6.1707099705084465,-4.6706347181431189,1.9334090368302566,0.141828384985,0.0493652180963,7.6244502269040506e-07,0,3.8122251134520253e-07,7,1,1,1,0,0
130,8,1.2958191993948747,0.38700848513720687,0.85114922362000367,-2.6687768565800316,1.9876727259141551,2.8363994377354658,0.31353401659,0.231452097512,1.6416681129523897e-05,0,8.2083405647619485e-06,12,1,1,1,0,0
131,4,1.7940046000703627,1.0172299725144434,1.2132496166248865,-1.0790009966898748,-0.75595552413407385,-5.8182705828680836,0.0797810961122,0.00116972792967,6.7818201723288131e-09,0,3.3909100861644065e-09,21,1,1,1,0,0
132,1,-1.9947032437911663,5.7492309707876288,-2.4677633331129263,-1.9345836747489684,5.0639029035011855,3.654095428255979,0.0379168637681,0.0522444155761,8.3288452637704918e-07,0,4.1644226318852459e-07,20,1,1,1,0,0
133,14,-3.2252164945485222,-5.3732948508891036,2.5154746246487063,0.32638501680541498,-2.8595219335625952,2.0679687245825118,0.0235122712721,0.945733260476,0.0002724538457140006,0,0.0001362269228570003,23,1,1,1,0,0
134,6,-0.38360592500491103,-3.6231263425658304,2.5933921834447546,6.1382339785662765,-4.5756664261828339,3.2366134560089601,1.58850330228,0.00252764578233,2.5252889399686991e-06,0,1.2626444699843495e-06,22,1,1,1,0,0
135,9,2.3558640616911291,-3.7025425086834978,0.97838469159418429,-0.28075405559818811,-5.0239069172237452,1.5691944861600948,0.173059769807,0.02219901976,1.800640756274698e-07,0,9.0032037813734901e-08,9,1,1,1,0,0
136,6,-6.1816237615402914,1.7648617869189136,1.4395109002546171,4.1137952034854477,-2.1177069409601539,-5.4315008045620283,0.0156862738445,0.379739591422,4.3926735141616614e-05,0,2.1963367570808307e-05,19,1,1,1,0,0
137,0,-4.0398695088833012,-0.42460925822332207,-1.117474067571373,5.3661818113145356,1.6566587465490008,-2.8725592012486767,0.653709961764,0.0389218610828,8.8880507642652763e-07,0,4.4440253821326382e-07,19,1,1,1,0,0
138,0,-0.22709629300945205,0.67457457017973432,-1.972642429684986,-0.84341546540051571,3.2952484450069952,-1.2674788568428734,0.292890357107,0.00355230477475,8.9628688666702499e-08,0,4.481434433335125e-08,24,1,1,1,0,0
139,2,3.5684659685227045,-3.9457929970041117,-0.68740998060520764,4.7023889261665834,3.4804606321755545,1.7074480440568132,2.38317593705,0.129479225325,1.0786398925638035e-05,0,5.3931994628190176e-06,17,1,1,1,0,0
140,9,5.9554682082995081,4.3224818621949241,-1.9296563542317158,-0.97516633394843466,-1.550564142133114,1.1104039911272712,0.0354418566211,0.109587302457,3.6595215174824707e-06,0,1.8297607587412353e-06,8,1,1,1,0,0
141,10,1.6988811833768684,1.6820690822407243,-0.84882983333220563,0.51394301593360614,-1.5830678930271096,-0.65975183125859926,0.699687809557,0.0263936172109,7.0176654064599821e-07,0,3.5088327032299911e-07,16,1,1,1,0,0
142,6,0.32793421859716976,-2.3474192964840945,-1.3581978215053903,-2.0955856849224097,5.0772674987126454,2.0273047179659258,0.0633463237904,0.00194134565879,5.1608058655767713e-09,0,2.5804029327883856e-09,22,1,1,1,0,0
143,12,-1.5797776155097951,5.8570545535575054,-3.0319023948009649,-5.8795284646800292,4.3065422303433563,-2.2156550544984417,24.3980951923,0.396410376318,0.00064313499177393377,0,0.00032156749588696688,60,1,0,0,0,2
144,9,1.1332891544459374,3.9680017262003386,-1.2448711656447777,-2.498762898927569,-6.1432788465452175,-4.6676779469095617,0.267407850042,0.0104810079697,1.0496964730128665e-07,0,5.2484823650643325e-08,15,1,1,1,0,0
145,8,1.7146638903127185,-4.2905244822386477,-2.0287520448835905,-6.1582158043555983,-1.3718155803850933,-1.0198284294253948,0.207325927188,0.0354687726819,4.2620306107652718e-07,0,2.1310153053826359e-07,53,1,1,1,0,0
146,1,-2.7598443141126321,-3.7267639374026662,1.0372432694045979,4.6319659199940517,5.2149749514065746,4.6204932846269742,0.114181431278,0.326906181148,3.2566785588697656e-05,0,1.6283392794348828e-05,28,1,1,1,0,0
147,5,0.74592414149921238,5.9079150206838298,1.7512987780171938,0.17626465933862134,4.6584370462007572,0.62720818818509938,0.0167829354973,0.0138606799643,5.8804293173900191e-08,0,2.9402146586950095e-08,11,1,1,1,0,0
148,13,-0.14774967359178959,-2.1299734217018194,-1.4675409819534648,2.1444525153972105,1.492437041263339,4.7916502343136429,0.0437611854951,0.010563323142,3.5905409322964581e-08,0,1.7952704661482291e-08,25,1,1,1,0,0
149,9,4.1372382642166299,-3.3829507802994652,1.140284969380795,2.9428455792865074,4.9832467757070313,-2.9606683346216704,0.0437210578683,0.19215648203,1.1249639739447693e-05,0,5.6248198697238463e-06,31,1,1,1,0,0
150,7,-2.8202911624759475,0.21626222171488022,-2.0192521042050608,-3.8586666620841847,-1.0973760009359848,3.7474261723758913,0.024108500527,0.00423863622753,6.0539876535170423e-09,0,3.0269938267585211e-09,23,1,1,1,0,0
151,2,3.2544708686571129,-2.5985948555798637,-0.96963180160541595,-1.3720927625011103,5.1273366492473382,4.6467553879717567,0.0661234947368,0.0587619441757,1.0562059354655437e-06,0,5.2810296773277184e-07,18,1,1,1,0,0
152,1,-3.3472730703809943,-3.073265778880018,-2.569886001475068,1.402791296586205,4.4086759176598491,4.291909596491033,1.4520148189,0.0189009103357,2.2171699051837059e-06,0,1.108584952591853e-06,9,1,1,1,0,0
153,0,4.9050017629135709,-3.1400729391060556,0.27042293256807537,-3.9062350376973445,-3.011809722206801,-5.4298303853894758,2.14047873217,0.0189592927473,4.6911453909269374e-06,0,2.3455726954634687e-06,11,1,1,1,0,0
154,11,6.1349589827545374,-1.9418441400378432,-2.1144881886120452,-1.8805232570473629,-1.3090837926737156,-2.4973845703807518,0.437579345953,0.0804752984118,2.164261454462374e-06,0,1.082130727231187e-06,16,1,1,1,0,0
155,12,-4.576735458781684,-5.0566912633519721,-0.1497059518379375,-0.041670430114678032,-1.3109088936748545,0.46704803679148588,1.12302132185,0.316212184041,3.1719916965663365e-05,0,1.5859958482831683e-05,43,1,1,1,0,0
156,5,4.8717549951448653,1.0930910642108964,2.808465578587735,3.9640329465558533,4.007272113798229,-3.7686296442631697,0.284058408175,0.0072649770495,9.6766853629340866e-08,0,4.8383426814670433e-08,17,1,1,1,0,0
157,12,-4.2638791509747449,1.3104585903703414,-1.1976520828774442,1.227389227754947,4.151471998640198,0.1164570291548073,0.0974799238437,0.182625539919,1.0169129275027793e-05,0,5.0845646375138965e-06,17,1,1,1,0,0
158,0,3.5525601342009918,3.8033897783378481,-0.71675522144909387,1.0155592746411441,-2.5836694097946888,-0.62893475933773157,0.0422803327807,0.0967355793041,2.8523280805253375e-06,0,1.4261640402626687e-06,19,1,1,1,0,0
159,15,-3.1087199603477789,-0.4157823931687562,-0.55010623019808103,1.4482349157373844,-1.3080673802919132,-0.40581100028294514,0.266192202932,0.0202312321498,1.9553903782724744e-07,0,9.7769518913623719e-08,9,1,1,1,0,0
160,4,4.519824786246291,4.3241838837749587,0.63674106928946073,3.1696057384353415,5.1794759481684558,4.1909606347691533,0.252082846194,0.022550107763,2.1844596132900386e-07,0,1.0922298066450193e-07,11,1,1,1,0,0
161,14,-4.7828841321169131,-3.9855059530289196,0.26828077145929718,-0.76886633870384324,-1.4371085541393664,-5.4644418456378148,47.7172685547,0.0596785682071,0.0022780226228537614,0,0.0011390113114268807,60,0,0,0,0,3
162,11,3.9363061805914339,-5.2307007688340326,2.427701691109438,-1.5063566173887877,4.2169082888962466,3.0529167165803912,0.0464001738213,0.0595549079352,1.0825660986266933e-06,0,5.4128304931334664e-07,20,1,1,1,0,0
163,10,-3.3254552410958715,-5.5175073847868097,1.5154887429753545,3.662772690001153,4.4261605095288132,-0.83323791472488806,0.431779858188,0.0195959883337,3.0340777550536947e-07,0,1.5170388775268473e-07,39,1,1,1,0,0
164,14,-5.076814430231309,3.9818105649214832,-1.3503070817527552,-4.6008770772992431,1.5799212774403002,3.520192703343151,1.20005681596,0.016596991899,1.5240463186612194e-06,0,7.6202315933060968e-07,19,1,1,1,0,0
165,10,-4.0360575392967482,3.3933645065286182,2.5720751582408337,-6.2138566608343719,1.7016911631092828,-3.689277993614084,15.6223575737,1.31244054885,0.00076876162092191856,0.00031227673999250787,0.00039999464746058469,60,1,0,0,1,2
166,1,-4.9222816665404769,5.6952816112195634,1.5018972000148989,-0.80737403784800466,1.5750001419614681,-3.5858011361170985,0.049017820957,0.00426257982316,7.9375194053801749e-09,0,3.9687597026900875e-09,14,1,1,1,0,0
167,2,-0.58892484005907708,-5.0371510799513572,-2.4915263271768326,5.9713994618173976,1.6046696555785329,-0.95036059147895513,0.145249123522,0.0065100558458,3.4007246088352101e-08,0,1.7003623044176051e-08,18,1,1,1,0,0
168,4,0.23011318619939808,2.7497196445632359,2.911367889896463,1.7097213854274429,4.299911716928345,0.72141013955740152,0.136616532198,0.00808437759948,3.8573006670357855e-08,0,1.9286503335178927e-08,11,1,1,1,0,0
169,11,6.0189924868390268,-4.9030002125879282,1.6288943450265849,1.4176350396636013,-4.2645191678291887,4.6129506501854163,0.811589180358,0.017746208315,7.5460952490387338e-07,0,3.7730476245193669e-07,49,1,1,1,0,0
170,9,1.2965275370641423,0.62557122011038235,-2.4958755225120988,3.5304082699593256,5.8970175939188181,0.24951006591671615,0.0336048271976,0.00361336068448,5.1064838081018568e-09,0,2.5532419040509284e-09,28,1,1,1,0,0
171,4,-1.563963099595516,0.95820374816709275,2.7411797132591054,-3.1877451038307663,-0.055234401571472407,-1.3667797138072428,0.290860882551,3.52828642896e-05,8.4600432210353176e-08,0,4.2300216105176588e-08,32,1,1,1,0,0
172,2,-1.3846129801879923,5.1171370776954461,-0.45342751210013049,0.98438063080152038,4.1199931330190216,-3.921952668134737,0.959427075412,0.163727705569,9.0863068555568341e-06,0,4.543153427778417e-06,8,1,1,1,0,0
173,12,-4.2286309160622642,4.8740430409427233,-2.6905678497688363,1.8417057155395009,-1.8056517496843343,3.1443858655576831,0.228650525061,0.00554526385063,6.1648033395568355e-08,0,3.0824016697784177e-08,13,1,1,1,0,0
174,4,0.60224162520413649,1.9894026534406521,-2.7926333227494777,-1.0123205394717667,-4.301562162707131,4.3736974238047974,0.0898800549806,0.00417536339869,1.3389020661033617e-08,0,6.6945103305168087e-09,21,1,1,1,0,0
175,9,-1.4308427266948303,1.4116174154366257,2.2918987158320383,-1.6179273085527912,4.9814120014868468,4.2530000929788834,0.0867267659767,0.279107132743,2.3737459652554906e-05,0,1.1868729826277453e-05,7,1,1,1,0,0
176,14,4.9117357317888768,5.6122756866589913,1.1684754753351791,-4.9374045585036246,-3.2690636740430565,-3.4873957789805181,1.8134695801,0.0167777308881,3.3744193619846488e-06,0,1.6872096809923244e-06,9,1,1,1,0,0
177,3,4.7816020475564205,1.1950029233405606,2.7367574831712416,3.7945995821240994,4.1616754826035267,3.0631022162863459,0.0894748387411,0.0137833120157,6.587686978423856e-08,0,3.293843489211928e-08,21,1,1,1,0,0
178,7,-1.8424642737380845,1.1598513537716324,-2.0407849843164168,-3.9964395202438689,-1.1098108311821859,2.7999926011111476,1.17432928521,0.0134443446901,1.4341089918336052e-06,0,7.1705449591680261e-07,33,1,1,1,0,0
179,9,0.21265335411167205,3.6436392842671097,0.23479798258146523,-1.653252939048905,-2.1116644425680091,-5.3227578536784081,37.1450884888,0.000473755977238,0.0013797576672073173,0,0.00068987883360365865,60,0,0,0,0,3
180,13,4.8447439268189836,-0.71574496494997641,-1.5160999706925236,2.1913702602782421,5.2477787626696042,-1.7688519185038822,4.27647586279,0.122110312431,2.2830374341413045e-05,0,1.1415187170706522e-05,21,1,1,1,0,0
181,9,-2.426081106564562,5.8191521711634842,-2.6153251290874491,-2.4426220213949326,3.3472437151373406,-1.5336726544634252,0.00812016663842,0.231932307664,1.6386227532747687e-05,0,8.1931137663738436e-06,16,1,1,1,0,0
182,11,-5.9763116139749011,1.1189318027224329,-1.304716841978276,4.8612230933686966,1.669942076653343,4.4686750861675648,0.173630500632,0.0278728399994,2.6680336495298878e-07,0,1.3340168247649439e-07,44,1,1,1,0,0
183,10,0.11131641644584607,3.5684932235827795,1.5527774343391354,5.9841655738850754,-4.7152644289737999,4.6267555623051573,0.3727000782,0.00800255686922,1.5841332701870077e-07,0,7.9206663509350383e-08,21,1,1,1,0,0
184,2,-6.0505298983039175,2.134295668101398,-3.0129701004435665,-1.154074425936686,-4.7383000705073881,4.1601421365376368,0.41821800331,0.0109468729993,2.114098308453689e-07,0,1.0570491542268445e-07,17,1,1,1,0,0
185,11,-3.5569416983114341,5.0346812104380829,2.1816797162557129,3.1763857900569334,2.1469519134704549,2.189213428512057,0.0728579575564,0.000364085851423,5.3486616097196453e-09,0,2.6743308048598226e-09,53,1,1,1,0,0
186,2,-0.23556199837186448,-1.6283454090953464,-2.2474149434674797,2.1938253901104718,3.0179539243794884,-1.5007197283559193,0.865370599357,0.0844540693936,2.9215469250738471e-06,0,1.4607734625369235e-06,22,1,1,1,0,0
187,15,5.8297180221410692,2.4256711733687313,0.39346532622044361,-1.4491139200367933,-0.7734712612838831,-4.0114618524966854,0.409725263953,0.00270811363858,1.7010881936543176e-07,0,8.5054409682715878e-08,23,1,1,1,0,0
188,9,4.9376151970267781,-3.1277276995734602,2.9164609721869059,3.1639741469723828,-3.4668148165188883,-4.6204472299265467,0.508854658232,0.0251069673882,4.5095164250050438e-07,0,2.2547582125025219e-07,17,1,1,1,0,0
189,2,5.0184356933552055,4.7604742206137551,1.4376862427759018,3.9182998820502513,-4.8428768846084411,0.3671224451697635,0.0297263173374,0.00831214364031,2.1930199041559922e-08,0,1.0965099520779961e-08,28,1,1,1,0,0
190,11,4.5967932607155451,-4.6415826368353814,2.3543204684125527,-5.4260803285715564,1.9395151056030209,5.9425803275979154,0.168462133778,0.0572535620097,1.0269063645694885e-06,0,5.1345318228474424e-07,16,1,1,1,0,0
191,11,0.059479484533469074,-0.91555084499952955,2.4899544208091062,0.090594016175634132,3.9225376178693812,0.93663022601430845,0.0786922172667,0.00608134423233,1.7458054230839332e-08,0,8.729027115419666e-09,19,1,1,1,0,0
192,13,-1.853730785845729,-4.1185908662013055,1.2978331315535463,-1.7942343531861202,-0.337710215728243,-2.6413589362787921,0.0563169992343,0.00256371833916,5.1737486116356186e-09,0,2.5868743058178093e-09,30,1,1,1,0,0
193,6,-3.1969266699227661,-3.7122829615552688,1.9918638314803807,4.5083771994624868,-1.7630670415837797,-2.0924116120133824,0.0420463962929,0.0364945759627,4.0747385120775805e-07,0,2.0373692560387902e-07,16,1,1,1,0,0
194,11,0.3053827586687477,-5.2537809623183911,1.6617313060305918,5.0231622867282439,-2.1966373928905214,1.096955109103434,0.0849875159525,0.0119341747817,5.060787001622711e-08,0,2.5303935008113555e-08,22,1,1,1,0,0
195,9,-1.8473038048324915,6.0318584194740126,2.2703219251455473,2.5111239536868171,-4.699616779780909,0.31831222033786455,1.00331648918,0.0341803987337,1.3625284046988248e-06,0,6.8126420234941242e-07,11,1,1,1,0,0
196,10,2.6268281720997999,2.8234261848038189,-2.5815038258503509,2.933685785778021,-2.7636882303433739,5.1720856244774991,0.0464125548312,0.929592208214,0.00026323476105910495,0,0.00013161738052955247,52,1,1,1,0,0
197,2,-2.697057046191822,2.1715914025537728,-1.9768420499267221,4.5291673301850475,-5.7347263261948784,-4.4352481222571862,0.313857637614,0.0577760650921,1.1153420134882192e-06,0,5.5767100674410959e-07,18,1,1,1,0,0
198,9,5.1989475699091843,2.7562628970847012,-2.875880168715558,3.2065184075093409,3.8408232785751872,3.233308155061537,32.6734051001,2.14354502255,0.0024672030323377634,0,0.0012336015161688817,60,0,0,0,0,3
199,6,-1.9221489247891808,-4.7558470823490264,-1.7581767673230295,-3.9614087433286125,4.274642091143007,3.3492676482462058,0.0253644310831,0.000987880090524,9.4063265877310312e-10,0,4.7031632938655156e-10,38,1,1,1,0,0
200,10,5.3962266079692682,3.1071845301378747,2.132358877160577,-0.78851476624206585,1.6146010281391605,-0.07813891217877561,2.59342728186,0.228662496294,2.2653255121175228e-05,0,1.1326627560587614e-05,21,1,1,1,0,0
201,4,1.2979894444793629,-0.69498342790647816,1.3616703109144508,0.80444010261653631,4.5336272279649235,-0.56713240642643858,0.00748993430604,0.00380403961626,4.4641317133997561e-09,0,2.232065856699878e-09,13,1,1,1,0,0
202,3,3.5241412511136638,-1.1747149961995851,0.6999286473308145,-4.2657125357973023,-2.0832502512397371,4.4785148116004283,0.162717864625,0.0129622275907,7.7658722545721852e-08,0,3.8829361272860926e-08,9,1,1,1,0,0
203,13,-1.3752041376567115,0.92963989986195528,-0.14051624631876758,-2.045778892759595,2.5387148320102524,-6.1629171200144972,37.5816915267,0.000534351461606,0.0014123836249889991,0,0.00070619181249449953,60,0,0,0,0,3
204,8,-3.8595754356464567,-0.35475106073289975,-1.6062175640673437,3.5645755205225527,-1.757740314318458,5.2928995540575841,1.08581801267,0.0363362054091,1.5811931745836008e-06,0,7.9059658729180042e-07,12,1,1,1,0,0
205,13,-2.6782340946156205,-4.2289626896683412,1.5596206043422247,-3.9579307770146133,1.6202040052768081,0.56784740650822241,0.0266386141825,0.165430340091,8.33723468147215e-06,0,4.168617340736075e-06,29,1,1,1,0,0
206,12,-1.0138557202975758,4.0906398164906728,1.9567889391743833,1.3102264645172905,4.9424572743155872,2.46882442246112,0.96667804208,0.0693972173192,2.4014959411186085e-06,0,1.2007479705593043e-06,42,1,1,1,0,0
207,11,2.838807301610482,-0.81538897516427244,1.1628577752468003,2.3413351034429737,5.0673873955598037,4.5556596271455625,0.0851216536476,1.22231900608e-05,7.2457414314871051e-09,0,3.6228707157435526e-09,51,1,1,1,0,0
208,0,-4.2164335008831868,6.1811277702608871,2.0554734615799566,-0.61157110050158303,-1.5072193370916038,5.6885939277513549,0.0856033940645,0.00731415651379,2.3624024305525599e-08,0,1.18120121527628e-08,6,1,1,1,0,0
209,3,1.9030291261459622,-5.0897332848085242,-0.27299959506731436,-2.7302426906124526,-4.8666484681730235,2.4988017899310524,72.1429443579,0.0356581935759,0.0052049917437366052,0,0.0026024958718683026,60,0,0,0,0,3
210,3,-0.014336691414604724,-2.3276241647030602,1.4323023999779423,0.60984946996974643,3.9857377236803626,1.1849419104245931,0.415836427813,0.858073083481,0.00022445950223421931,0,0.00011222975111710966,15,1,1,1,0,0
211,12,0.013205952376733389,-0.82882045913931857,2.2234986351898409,-4.2136151544717872,1.2844779665722614,-0.62726967271258316,0.353499893117,0.134389280916,5.6264986342941696e-06,0,2.8132493171470848e-06,12,1,1,1,0,0
212,8,1.7320254203164138,-2.6473539102375567,-2.4702885825703036,-2.070716800905835,-5.2249850516442145,3.486110408915454,0.14536552723,0.00914478816983,4.6605423368438777e-08,0,2.3302711684219388e-08,14,1,1,1,0,0
213,10,-4.1315436818560851,-3.7245348689082558,2.6983951838530027,-5.9225304590556966,-4.6138149089435547,1.6012352201041116,0.0632841771504,0.253620644005,1.9598042490123491e-05,0,9.7990212450617457e-06,17,1,1,1,0,0
214,14,2.9711014254461547,1.298181046139129,2.5986539417142587,1.3669789900916305,1.5504252709419799,1.5059013752336645,0.0919641981287,0.0596324129198,1.0916844736055254e-06,0,5.458422368027627e-07,12,1,1,1,0,0
215,8,-6.0803234340136161,-1.6407558393659845,-2.1009337387524023,-1.2480722321714497,-1.5001249918746371,0.51349935941754465,0.017702466254,0.184762228285,1.0399062910842683e-05,0,5.1995314554213415e-06,46,1,1,1,0,0
216,5,1.5568702584436138,-1.7488467553985698,0.45140298258871636,1.6935230051398715,-3.4879367056478277,-1.9249860068293223,0.617460323979,0.84518680914,0.00021798189103327487,0,0.00010899094551663744,28,1,1,1,0,0
217,1,-0.050270702747733029,2.7300428425431482,-2.6130954121331706,1.8878875469622758,5.015598925761223,-3.470369694984853,0.0114661060266,0.100970559881,3.1057225043091264e-06,0,1.5528612521545632e-06,16,1,1,1,0,0
218,12,-2.6346397576704281,0.30274262615718428,0.38972713168935724,-2.4652050366540541,-4.6476260659142827,-4.9821765229442683,0.812707769333,0.0139052553325,7.1939356249387525e-07,0,3.5969678124693763e-07,50,1,1,1,0,0
219,4,3.6845250921295221,0.29189334820995566,2.1033380790859706,4.8613455741944183,3.2841852817740178,-3.5641747876445309,0.575372181667,0.312714692939,3.0119736594865144e-05,0,1.5059868297432572e-05,14,1,1,1,0,0
220,4,2.7639982424692149,-4.9596199216051549,-1.9271685866570671,1.4617911652921403,-2.144756193780319,-0.95608441172094061,0.287375692273,0.0013691441273,8.3155810812080086e-08,0,4.1577905406040043e-08,13,1,1,1,0,0
221,0,2.831035357931587,-3.1781151399272223,-1.1629550327904805,6.1940894199242207,3.6657935973175726,4.783260739795586,0.24131702367,0.0127796524219,1.0798387548536131e-07,0,5.3991937742680653e-08,22,1,1,1,0,0
222,10,-4.9481541464877719,4.8508388680569698,-2.3106985683487902,-1.4185848103049001,-1.1515935533587125,-0.0077234198823687133,0.0245764104836,0.121789218987,4.5188765631407886e-06,0,2.2594382815703943e-06,20,1,1,1,0,0
223,11,0.71950480419269669,2.1367926677773594,0.56208538237273664,0.36012000286690965,2.4072378742841147,1.4182999430391279,0.556086338119,0.0950335255085,3.0603449376333562e-06,0,1.5301724688166781e-06,11,1,1,1,0,0
224,3,3.763212865585325,3.4569632805048855,-1.1120831595523699,2.4113212125930072,1.5144717272312189,1.6975021253027665,0.821258399939,0.205619754301,1.3553532490176317e-05,0,6.7767662450881587e-06,15,1,1,1,0,0
225,12,3.1340972539628509,-2.3871500608105753,2.2379363550265357,3.2668259985859427,3.6607488398600276,-0.22681273919500555,0.0927962028858,0.0145357208851,7.2972891378365187e-08,0,3.6486445689182593e-08,13,1,1,1,0,0
226,12,3.5539696369657428,4.3067705321808356,1.6246129630399304,-4.6630314219647717,4.7326362960966621,4.311724855478392,0.860713977427,0.00646245346951,7.5355038110199746e-07,0,3.7677519055099873e-07,16,1,1,1,0,0
227,14,6.2019041788163447,1.4762700946987843,2.9300630679216924,-6.2186328271860729,2.2776385381595325,4.7680282739029423,27.8349390727,0.0451225869206,0.00077540404882161281,0.00053659664723933978,0.00041453185677277338,60,1,0,0,1,2
228,10,-5.2188111537072075,1.06730511157649,1.4452674016223042,-4.4482001841220269,1.6997535803411636,3.7308293828851995,1.02118946927,0.00200765136335,1.0440557426226934e-06,0,5.2202787131134668e-07,13,1,1,1,0,0
229,11,-0.87143089181873634,-5.0159174939348752,0.98429529736339194,-4.7893644460595715,-0.2730226855345132,-5.3330733571132374,0.410589046956,0.118809567963,4.4684755718500349e-06,0,2.2342377859250175e-06,26,1,1,1,0,0
230,9,0.73765937917227986,-2.9415672396013535,-0.81105950219482004,1.6893954839369563,-5.0394648400794182,3.360105495933019,0.00437977370852,0.115924523114,4.0936188731353807e-06,0,2.0468094365676903e-06,22,1,1,1,0,0
231,9,-2.0526157085495176,1.4350764334210593,1.2853481469348824,4.3444700569095822,5.006344380217719,-2.3648582517980841,0.0292568711981,1.84359345986e-05,8.5606804679396253e-10,0,4.2803402339698127e-10,19,1,1,1,0,0
232,5,-2.9040240387898799,2.7023858015398798,-0.1893501778649353,-0.39496267026217069,4.388802566321286,-1.9544874640201901,100.757992829,0.000146366172509,0.010152173125421875,0,0.0050760865627109374,60,0,0,0,0,3
233,14,-6.0311272765799586,3.8985927845934447,1.0987063481139594,3.8082288965849496,-1.5044515086561652,1.059214452588044,0.103982723108,0.013538115298,6.6642859762644975e-08,0,3.3321429881322488e-08,21,1,1,1,0,0
234,15,1.9801345966800508,-3.1786233781235946,1.8685577785079726,2.8434576734930141,3.5101226517577309,5.2692926890762495,0.0238044423994,0.00229149312775,2.1661795020435405e-09,0,1.0830897510217703e-09,21,1,1,1,0,0
235,1,1.4000334851454106,-2.4865893138820359,-2.6082040744491031,0.014936580501628193,4.8238597443759943,-0.2003537883775213,0.0563607655419,0.000883100687813,3.414096912416605e-09,0,1.7070484562083025e-09,6,1,1,1,0,0
236,14,-3.6782778831518801,-5.4713614678157256,-0.77151436264281059,-2.1757985494267222,-4.3961742633207788,-4.3740305878394636,0.262992853525,0.00393403582628,7.387969450374746e-08,0,3.693984725187373e-08,12,1,1,1,0,0
237,1,5.5649733372617858,2.0037462792679022,-0.4808567638818031,-0.89823766641629099,0.11792141002699477,2.9267986575553135,1.42762956418,0.0152025376189,2.1085284824276407e-06,0,1.0542642412138203e-06,7,1,1,1,0,0
238,8,5.4698106087245595,1.6511642428299915,-0.82833773448778902,-0.27853593876366184,3.7893073350340969,0.76086208441282555,0.332594017569,0.0648855236563,1.3930980775825685e-06,0,6.9654903879128423e-07,15,1,1,1,0,0
239,1,-4.5952391216946111,1.2491170884674525,-0.59755019477497073,6.0795734187214077,-0.96437159192935329,1.176719549487292,0.285905289954,0.00549492107882,9.0939501223548957e-08,0,4.5469750611774479e-08,19,1,1,1,0,0
240,2,-5.2628786015471736,-1.2802085205148801,-0.58848409652194822,1.804032688445079,1.9087646166738659,3.6521057927069855,84.6337224005,1.68982395489,0.0080327035322009018,0,0.0040163517661004509,60,0,0,0,0,3
241,2,0.63129622070137104,4.7042550129356986,2.4041778221627936,-2.8551701136221954,-4.4046162932458248,-2.0901329797926964,0.0363703304279,0.101109155891,3.1154453884171889e-06,0,1.5577226942085944e-06,13,1,1,1,0,0
242,15,4.0649604125838099,0.93614528698262067,-1.2470692822886482,2.4528101617744755,-0.3194375405756425,-2.8458207341279853,0.0277967857021,0.0202638953766,1.2585632815065011e-07,0,6.2928164075325057e-08,12,1,1,1,0,0
243,5,5.1734533022138098,-3.4004069380937509,-1.9959499049695006,-4.7855460683403939,3.1181565659841857,4.7740672679107927,1.02828945384,0.0255789978759,1.2566858496880345e-06,0,6.2834292484401724e-07,15,1,1,1,0,0
244,3,-4.1667462973747433,1.0670738184738517,0.49825382661232093,-0.32278139492976099,-1.0339734735618886,-0.63555360705919117,0.868893947801,0.318328030323,3.1622692934503529e-05,0,1.5811346467251764e-05,36,1,1,1,0,0
245,5,-3.2192923230403734,-4.4384082681690167,1.8878717577006308,-5.4318796796153173,-4.538279000334505,1.7470529981507825,0.0189898129754,0.0189928785568,1.102450829942712e-07,0,5.51225414971356e-08,14,1,1,1,0,0
246,14,-4.3489400115738936,-4.5235015069681763,-2.0030627644171553,5.0838015505748171,1.7996688494924551,2.0841535272544429,0.209824340452,0.112022617009,3.8666905793055294e-06,0,1.9333452896527647e-06,27,1,1,1,0,0
247,11,-5.0972364233400489,-1.6827765771483587,-1.633997913277498,5.8284718436193259,-1.0052296672237011,-4.8930841100454936,0.270288225655,0.0678736830613,1.4763784802552958e-06,0,7.3818924012764788e-07,20,1,1,1,0,0
248,2,2.1269568360195779,5.4833080545208981,-0.79562700046316659,2.9797084238829736,4.5850764392099581,-0.45661162146273271,0.322953350482,0.00629837985716,1.1638291437927971e-07,0,5.8191457189639856e-08,34,1,1,1,0,0
249,13,2.4340798069878464,-0.76523463322635921,-1.0111788934287878,0.16361141712187369,-4.7495445190692775,2.3069608622895816,0.245724111112,0.000329052288317,6.0413321357480024e-08,0,3.0206660678740012e-08,20,1,1,1,0,0
250,9,0.47131732822491157,0.58881131698274369,0.30254545075612937,-2.3455338300004307,1.0190109690370324,-2.1300296102291778,1.36152925493,0.00311518387368,1.8567180323395301e-06,0,9.2835901616976506e-07,29,1,1,1,0,0
251,6,-4.5207580418832096,3.0525889160384079,2.4096080159748956,-5.4669335750403407,3.586854576929086,-4.1695304618874252,0.0559845544524,0.00174545266839,4.0623192968022954e-09,0,2.0311596484011477e-09,60,1,1,1,0,0
252,6,3.6556158581707021,0.31798373669888047,-0.57795372704357972,-5.897488166457916,5.4623933673799776,4.1708116923604353,1.9999798461,0.0354598929586,4.3829465495524605e-06,0,2.1914732747762302e-06,49,1,1,1,0,0
253,4,3.2591388147321956,-0.39136107265102615,-2.4845843182996128,-0.24301460261298172,-3.9646406027804968,1.5256094770277073,84.0109870628,1.76902958632,0.0080111357071898405,0,0.0040055678535949202,60,0,0,0,0,3
254,9,-3.4724093669682681,4.2144359349962892,2.7830924826842378,-1.6849428059090035,-2.1320496263003381,3.9451850019742474,0.397136228168,0.00504213818092,1.6546152034432743e-07,0,8.2730760172163713e-08,15,1,1,1,0,0
255,14,-4.1906845579982663,-3.8830098285912396,-1.2135681152759861,0.31949137355459667,-5.9229155915631075,6.1654609481934806,0.193502088022,0.0482918553936,7.4784234718513562e-07,0,3.7392117359256781e-07,29,1,1,1,0,0
256,13,1.1420201253333322,2.7435092663964151,2.2879779354369529,5.967835794247331,1.7437198057939491,3.6360858717770563,0.42714237972,0.000822034070226,1.8265645473161054e-07,0,9.1328227365805272e-08,13,1,1,1,0,0
257,7,-1.0164995068369902,4.844095976063552,-2.5824973577160639,-5.4959135921676099,-0.36650739883834338,-4.5154165059317783,0.0974582652477,0.0202879424609,1.3487882905156275e-07,0,6.7439414525781374e-08,14,1,1,1,0,0
258,13,-5.211102506372967,2.8225395941319906,-0.82832462873126689,-3.4604834441217629,1.6418383441546884,-2.7623494569868678,0.0319865756409,0.0047660158587,7.9424974326320425e-09,0,3.9712487163160213e-09,20,1,1,1,0,0
259,0,4.2457439183087464,1.896583812520211,0.57080745973912494,5.168343743102545,4.5275926903042212,2.8519842331709686,0.188739789295,0.0594999128928,1.1140413708758149e-06,0,5.5702068543790745e-07,33,1,1,1,0,0
260,14,-4.6275881121112503,-2.9833460502946152,-0.21323261105367189,5.3230145182055342,-1.9119518080476481,0.44690826375592951,0.769223612299,0.0618530333444,1.757109600045229e-06,0,8.7855480002261449e-07,47,1,1,1,0,0
261,1,4.5740035959236689,5.5096089232297194,1.2355685948458603,-2.7262929710690571,1.4173367567612885,-0.35464643148272662,0.0433805560768,0.00194928079079,3.0393261155942501e-09,0,1.5196630577971251e-09,25,1,1,1,0,0
262,5,-1.436529793019496,5.4277722887215187,1.7313546186142783,-3.5293316300261059,0.34792142278259081,-5.6302638291905351,0.524137327001,0.00054623966993,2.7481082862452962e-07,0,1.3740541431226481e-07,17,1,1,1,0,0
263,9,-5.594608081637058,-3.5889888827020764,1.1751124676630678,5.8513612067250111,-5.0154388443888926,-3.2516019099283833,0.179901016951,0.00218139985838,3.3813899519470753e-08,0,1.6906949759735377e-08,57,1,1,1,0,0
264,10,1.4804760910402246,-2.2262594110085909,0.86036534667024045,0.42832881570317272,-4.282182553466054,2.3700200923354044,0.200346420958,0.00179282112868,4.1117792016150342e-08,0,2.0558896008075171e-08,20,1,1,1,0,0
265,8,1.4795588128842934,-5.4733941947879723,1.2927115248171934,6.0874813268194536,-2.2791309048873756,0.29321335133018667,1.17945658883,0.0994071833036,4.4012826364987768e-06,0,2.2006413182493884e-06,20,1,1,1,0,0
266,0,-2.2567805645172583,5.5170168241209785,1.2831867751135808,-5.4892323259460776,-1.4030871305769066,3.9946330123276947,0.0181267929115,0.0286521338854,2.504026601311022e-07,0,1.252013300655511e-07,19,1,1,1,0,0
267,4,-5.3150363848279607,-0.66938217700881519,1.1147344721431718,3.7356605386682533,-4.2519815789901454,3.2407374400973485,1.03426063569,0.00456358673968,1.0760391235951221e-06,0,5.3801956179756103e-07,48,1,1,1,0,0
268,8,5.1431008455485712,-4.221069606029725,2.7996659567965216,-0.9550750212789868,-5.3618552705426783,0.52296794741987906,1.20958013117,0.0154942462077,1.5362141050342458e-06,0,7.6810705251712289e-07,17,1,1,1,0,0
269,12,4.7524611955963891,-0.50667252911997795,2.269311139357447,-1.3516061627928293,4.8444566484335319,-4.1615216281692335,0.0232276012283,0.305103383542,2.835678863380376e-05,0,1.417839431690188e-05,8,1,1,1,0,0
270,15,-3.4837340333401579,0.35677106375765116,-0.061325001921614775,-2.6806765227022566,1.0331076087783444,-3.2586838942815586,4.2922994441,0.0284961454889,1.8671193094921195e-05,0,9.3355965474605974e-06,13,1,1,1,0,0
271,3,-0.63390728831818688,0.91189744295678377,2.3767423089743152,-4.3208904861939104,1.4504993782192843,-0.80319714677343712,0.362625510936,0.0302912310849,4.1100161897988319e-07,0,2.055008094899416e-07,28,1,1,1,0,0
272,11,-3.0386655293496116,1.262811945290889,2.4949976621354719,-5.7162601301501725,-4.7704899325442582,1.4619839662446894,0.0895055014909,0.0357853382232,3.9810138791963902e-07,0,1.9905069395981951e-07,13,1,1,1,0,0
273,15,-1.1212476990360989,-4.2430762694460942,-2.2626092165901031,-0.83116881408246868,-4.4195310863154296,0.35834118468825121,0.616011043861,0.0164599966149,4.620000571437015e-07,0,2.3100002857185075e-07,23,1,1,1,0,0
274,8,-4.7596905104204543,-3.6921493057098811,-0.38280005573759684,0.93378710967119094,0.92607334712060208,-3.291294944234842,1.16459273023,0.00535111642544,1.3649987786573872e-06,0,6.8249938932869361e-07,11,1,1,1,0,0
275,5,-5.565320474748864,0.24958177930527042,-0.72074477729556063,-2.0067146926146564,5.76819584144926,5.1407808212054942,0.0491259907774,0.367030307462,4.1037805717136625e-05,0,2.0518902858568313e-05,52,1,1,1,0,0
276,0,-3.7782545701262276,-4.0460152409848584,-1.3960518179404104,-2.512833074578162,1.3560239611906766,1.7003500745015148,0.0415460577043,0.123102086519,4.6179361371713408e-06,0,2.3089680685856704e-06,11,1,1,1,0,0
277,14,-0.9949172301206709,-0.60787662598860848,-0.69477245965876322,-3.4400096207242465,2.9365570889715653,-3.0185916071552108,0.326106608184,0.0519046308566,9.2701247893437351e-07,0,4.6350623946718675e-07,14,1,1,1,0,0
278,4,-3.9456144545495913,-0.87620280943137452,-2.4679864411023598,3.3785402104904638,-1.7791703100489482,0.60973405801466574,0.391325785405,0.143571055661,6.4321075262364401e-06,0,3.2160537631182201e-06,16,1,1,1,0,0
279,11,5.3787977897224275,2.0037023203762887,-0.16205420266075812,3.8228411689130395,1.1777413871864364,5.2862323053926508,94.0909407537,2.17681392804,0.010296540525942817,0,0.0051482702629714085,60,0,0,0,0,3
280,14,-3.7565020953803332,-4.2345844002482682,2.3570696692557003,-2.0511091089546656,-1.3904132486719576,-0.87715511920727707,0.116929858484,0.0199798551254,1.3527422414957097e-07,0,6.7637112074785487e-08,25,1,1,1,0,0
281,3,-2.9220657718187075,-5.0490778757587922,2.9430878835569936,1.980255799701047,-2.0803591445983169,5.5467735438729973,0.0790203444263,0.374373758485,4.27001152808699e-05,0,2.135005764043495e-05,10,1,1,1,0,0
282,15,3.5176763566427391,0.16105686991904111,0.98077287157683712,3.7672622313488193,-4.6820981461452718,0.81608092063291182,0.536108497865,0.311292221701,2.9805707633417883e-05,0,1.4902853816708941e-05,18,1,1,1,0,0
283,2,-5.1996132512194189,5.1577552547762577,-1.8939000302372051,-1.0335028957678858,-1.2398538523820426,0.31793795264899433,0.266987980014,0.0028696471283,7.3791067737225178e-08,0,3.6895533868612589e-08,11,1,1,1,0,0
284,8,-4.0768191002091996,0.8163085433539895,2.2544292192930571,0.71103119695189765,-3.7414933083854556,2.1126649470809697,0.00457013392877,0.496025992455,7.49486346508515e-05,0,3.747431732542575e-05,21,1,1,1,0,0
285,4,3.2443436513347161,-2.4005289206857476,-1.45879556233528,5.4202532701124602,-1.7070591440281628,4.5331817703874639,0.092980233037,0.0039100257726,1.330240670439007e-08,0,6.6512033521950352e-09,47,1,1,1,0,0
286,4,-0.39210759850069909,-4.195228860279312,0.040818785392838286,-1.1682223942869248,5.246068695115726,3.1899685393750987,40.347939491,0.00942752343796,0.0016279832950150787,0,0.00081399164750753936,60,0,0,0,0,3
287,0,0.24045048329561189,-1.6166921186783922,-2.5538383479578148,-0.30979696441704407,-1.6056989577949297,-4.6707704171940216,0.119404625767,0.0020867309388,1.5583904763117858e-08,0,7.791952381558929e-09,24,1,1,1,0,0
288,2,4.3687154086660973,-3.6759433647013253,0.72249864998631663,3.245406102981756,5.2572376749463166,-4.5575403656449653,0.495556722511,0.0114103738522,2.8523662716182366e-07,0,1.4261831358091183e-07,15,1,1,1,0,0
289,0,-1.8591314209509546,4.8782502706200468,0.27291028901642916,1.6432848691101472,-2.1860559595186775,3.0843365959167772,0.115565919448,0.000289284654011,1.3380973832821545e-08,0,6.6904869164107724e-09,16,1,1,1,0,0
290,14,3.5767505254028018,3.7179932788391619,-2.2876737492342141,-5.900856098534252,5.8423204148223888,-1.9565726671123569,0.733827567431,0.0125411480416,5.8641324658694872e-07,0,2.9320662329347436e-07,14,1,1,1,0,0
291,6,-3.492562072466959,3.8968503180908929,-2.4970752762296096,3.4274264415764337,-4.5937108430080666,-4.4969165949806564,0.0735740455314,0.00966395132309,3.3861956590134182e-08,0,1.6930978295067091e-08,13,1,1,1,0,0
292,8,1.8156240931666963,2.7436473927954999,-0.86763619793297986,0.88698164799021584,-2.2546245591263463,0.74087370763605542,0.0772299149613,0.0285437948387,2.5415096147254976e-07,0,1.2707548073627488e-07,13,1,1,1,0,0
293,0,-2.1983407062496219,2.0633835111492815,0.96242428705908045,1.4730122938045656,1.6232369031944163,0.75016116870624727,0.0564583027399,0.11137679906,3.7819030797345495e-06,0,1.8909515398672748e-06,43,1,1,1,0,0
294,11,2.0088556811167089,-2.8656152560483465,0.55408724928616837,3.9061183884537951,-1.3349796112974148,-0.78037578133019203,0.292797945592,0.207477058717,1.3198514427426897e-05,0,6.5992572137134484e-06,18,1,1,1,0,0
295,1,1.3315129189186103,4.1548121096254,-0.79934360371811386,-0.22214497465358962,3.8422881720393658,0.44938460643257178,0.0219255153641,0.816175232818,0.00020291894122854574,0,0.00010145947061427287,59,1,1,1,0,0
296,4,-5.2392798409831691,-1.9806790570967094,2.4116904883447248,-2.0299715390680126,-3.492862474694459,-2.3231880948921861,0.0649150801374,0.00241788880494,5.9948178073287837e-09,0,2.9974089036643919e-09,39,1,1,1,0,0
297,13,-5.7823314185878791,-0.84735938718278958,2.6173192466665491,4.6757225105730109,-1.5901994386775329,1.7217478098658086,0.0202642021333,0.0475733335034,6.8982750240079436e-07,0,3.4491375120039718e-07,7,1,1,1,0,0
298,3,4.656612058325722,-0.41570222000537072,2.5978014564087979,-4.3491220461944069,-4.2575105685914325,0.33007628162353964,0.246646998906,0.0352804443512,4.3999501560085637e-07,0,2.1999750780042818e-07,24,1,1,1,0,0
299,13,-0.88973467946715579,1.6331569105894184,2.549091729212853,-2.8832184298949115,-1.6887685676614195,2.8609831475934033,0.0761177351003,0.146140874114,6.5115553861338619e-06,0,3.255777693066931e-06,12,1,1,1,0,0
300,9,-4.8602933394873178,2.390233166231102,1.1222720394290253,1.3225920441603638,1.7427056347916863,3.3847303264728033,0.087057853304,0.0567490234772,9.8858474674896208e-07,0,4.9429237337448104e-07,16,1,1,1,0,0
301,12,-2.6191370130160547,3.7455698953351715,1.03879307743399,-3.1406034599184975,4.0530461690585486,3.641501394447233,0.0697819921536,0.00962969861306,3.3117033437091803e-08,0,1.6558516718545902e-08,29,1,1,1,0,0
302,9,3.2553320692005761,-4.9420350067787737,-0.74869090967495511,-1.8544309210119136,1.0132077077569284,-0.12231730846974252,0.0560917083849,0.24228737919,1.7885155711829978e-05,0,8.9425778559149891e-06,11,1,1,1,0,0
303,3,5.1979558986070327,1.3710308546581331,1.0263027123227733,4.4611262936659291,5.0919568058865856,-4.316965118429696,0.0702660538102,0.0158221193035,8.119507846729627e-08,0,4.0597539233648135e-08,24,1,1,1,0,0
304,2,-2.242607761044376,1.5745114550785826,-1.4393921657027724,2.8691618556903498,-5.544412964945078,-4.9279311251821722,0.351305928484,0.0304918579642,4.0663493777658326e-07,0,2.0331746888829163e-07,18,1,1,1,0,0
305,0,-5.0346441546079115,0.80395053869484889,1.7753134611043968,-0.60058322205857428,0.74003718445335409,6.149695367198297,0.129456426413,0.0138531725621,7.5218214182249158e-08,0,3.7609107091124579e-08,10,1,1,1,0,0
306,10,-5.2287869628564874,4.676788524189571,-2.468598944688563,-3.3609361511625515,2.1911188138939739,-2.854888256342603,0.278665132553,0.00366305202732,8.1741597455964584e-08,0,4.0870798727982292e-08,15,1,1,1,0,0
307,0,2.6463598389516512,1.0030215351824969,-0.81731851382430065,-1.8341265057909928,2.2412924213504288,-3.7263250162483672,0.366833743828,0.0591579566638,1.2006255636482977e-06,0,6.0031278182414885e-07,56,1,1,1,0,0
308,8,0.58997523108756356,2.7545914707494803,0.43126633255418106,-4.8964905588960228,-3.9137916895975975,4.0278443969121698,0.31670861175,0.0511279671287,8.9659530559986697e-07,0,4.4829765279993349e-07,24,1,1,1,0,0
309,14,-3.981101968621632,1.9889341263692222,-1.5373969985672395,-2.2437567117893722,1.4924556810651397,2.4013429221294409,1.06407297524,0.0743995745488,2.8183990930296758e-06,0,1.4091995465148379e-06,20,1,1,1,0,0
310,15,-0.35098822612583813,-2.9589535306831243,1.802388236486814,3.5012737844417456,4.5651354442901102,1.8354847326056904,0.0455674880993,0.0259989275433,2.0798078427082846e-07,0,1.0399039213541423e-07,35,1,1,1,0,0
311,8,4.8575015569721165,3.9679655367388853,0.85940745388340611,-5.761506105258678,-4.8790131349729853,0.012138640846449236,0.522006532891,0.0112937307496,3.1134427094891985e-07,0,1.5567213547445993e-07,16,1,1,1,0,0
312,0,-4.8376451704711663,-4.4704277829049808,0.34641307899325896,3.5543000661180715,-5.4525944061289557,-3.5075916984362596,0.308198681192,5.46577498484e-05,9.4987337123612422e-08,0,4.7493668561806211e-08,17,1,1,1,0,0
313,6,-4.5363055411833511,5.2275966932835143,1.0235285832334715,-1.4232086692215451,-4.7606070043848421,3.0167563913420445,0.213664024383,0.00831118731465,6.6694017814702385e-08,0,3.3347008907351192e-08,15,1,1,1,0,0
314,11,1.9652143666890594,4.5830699351443149,-1.8675344291076965,-4.7771584253186816,-4.4600589600354139,-3.6582479518060587,0.556096175346,0.0455231173809,9.4051815042047596e-07,0,4.7025907521023798e-07,8,1,1,1,0,0
315,7,4.599589888017042,5.1795826106388931,0.57193897116431591,-4.4510255895348703,4.9704799790760079,-2.911420117474484,0.39584843043,0.0208099921658,2.8861231235461237e-07,0,1.4430615617730618e-07,11,1,1,1,0,0
316,3,-1.3570783476941153,-4.389011143866659,-0.053875435436898933,3.5252187157603245,-5.0096905033219743,-0.49283248185000816,153.55702271,0.0158296189788,0.023579835553623352,0,0.011789917776811676,60,0,0,0,0,3
317,6,-5.6989684674196646,3.9493023427628073,-0.49024536819877568,4.0891281104504706,4.8723045345173643,1.5250138913218592,0.209646368407,0.0691855616909,1.5020461189667485e-06,0,7.5102305948337427e-07,19,1,1,1,0,0
318,6,4.1231613395394877,0.4489362989145575,0.47180450683037178,-4.2163196336805209,-2.0438220352315968,-4.6917411575672414,0.0213836824231,0.491169951627,7.3488776601819228e-05,0,3.6744388300909614e-05,24,1,1,1,0,0
319,12,0.19497354053756855,1.100887905993498,-1.3156469740195351,3.9424809385089676,-4.1165920005040855,4.5055808364414762,0.758351902457,0.00659139026269,5.8833214602380097e-07,0,2.9416607301190048e-07,20,1,1,1,0,0
320,11,5.6526929793959626,1.5496325361374144,2.6340201629135032,-5.2955545183622776,1.7531769024802724,-1.1944818600446594,0.0628300203391,0.0781196874091,1.8629319407853232e-06,0,9.3146597039266161e-07,18,1,1,1,0,0
321,2,0.27512247727446565,-4.6546385593397028,-1.5736016533601103,-5.3040767570679019,4.4797749638551512,1.1515206589395484,0.0842000624638,0.0126810137851,5.6074602256064641e-08,0,2.803730112803232e-08,8,1,1,1,0,0
322,6,4.3797201125326017,2.3424770337284375,1.3078854549198577,-2.8156663050867268,-0.32240546675932719,-1.5303401504460596,0.147759731182,0.0282897401079,2.6562112120850109e-07,0,1.3281056060425054e-07,18,1,1,1,0,0
323,7,0.38992855581908248,3.0741947823249749,0.30501112550832493,5.8869635171799475,-1.7198550224679714,2.5554572432052782,1.56928931533,0.0150872869722,2.5320078695036349e-06,0,1.2660039347518175e-06,12,1,1,1,0,0
324,0,-5.2181619898612022,-2.7132455244103011,-1.777479519236983,6.1196606700572183,-0.87628306221343089,0.86957529616654461,0.101957931113,0.0160091498943,8.8466695634757715e-08,0,4.4233347817378858e-08,25,1,1,1,0,0
325,5,-0.51762366185685682,0.049398989794452709,-1.3319159398442262,5.3766312847557538,2.0159840735478531,4.1600853820354891,0.0394881766094,0.00796726205178,2.0895596650019411e-08,0,1.0447798325009705e-08,20,1,1,1,0,0
326,4,4.8383076669860765,-5.0431149735143075,2.0731584301713384,4.2285306470429704,2.5151506820725582,-4.2328108387837977,0.0785731386967,0.0534585643884,8.7671491593631224e-07,0,4.3835745796815612e-07,17,1,1,1,0,0
327,4,-1.8894660922033637,-1.5463367334446152,-2.3037912835210008,-0.64971626462414545,-1.5585044891119082,-2.3586278255940258,0.151759863977,0.00332403675865,2.6396841315100882e-08,0,1.3198420657550441e-08,23,1,1,1,0,0
328,5,-4.472957570693711,4.7369682323229645,1.8729830188292471,4.3079106611699016,1.6348200858981758,-4.2460898798848623,0.0597090444847,0.000279911603109,3.5890369221118812e-09,0,1.7945184610559406e-09,17,1,1,1,0,0
329,6,4.9121092457826823,0.89179242044449614,0.56679586811091831,0.13254320943844988,4.3878351900069275,-3.0574744223355146,0.279451810838,0.0248030945172,2.6549197049862778e-07,0,1.3274598524931389e-07,23,1,1,1,0,0
330,13,2.4290553096616438,-1.0649841697148759,1.9309941484531457,5.5648503394788102,-1.4866313891456129,-1.2292141455035785,0.547888827208,0.000578087446118,3.0028396558062396e-07,0,1.5014198279031198e-07,10,1,1,1,0,0
331,12,1.2019447977869946,-1.9436891277199138,-1.4520153462951815,-1.5123133888688332,-2.4284114598161484,0.18543125077365955,0.0602446272503,0.00650264870365,1.6509992172132008e-08,0,8.2549960860660042e-09,44,1,1,1,0,0
332,2,-5.5185989294433213,-1.1292630693011316,-0.91155327871415748,2.000602356837883,2.7675795275815664,-1.7174872567962718,4.7805788751,0.129678721974,2.7976554828204262e-05,0,1.3988277414102131e-05,42,1,1,1,0,0
333,6,-6.1882270583610381,2.758312963634066,0.30890220837123533,-0.2669820683444179,-4.6001986063516593,0.52977032195928742,3.10881617347,0.683117151691,0.00015181416540509303,0,7.5907082702546515e-05,6,1,1,1,0,0
334,12,2.6129001486711005,2.7412719466689777,-3.0243146448907234,1.2372051199791634,-1.3089588886358856,5.3717136398601495,1.1454227972,0.0457167282808,1.9486496539699013e-06,0,9.7432482698495065e-07,8,1,1,1,0,0
335,13,5.611447162454394,-0.064230596944093554,-3.044107439942723,3.119267506187557,2.1310023852797286,0.49562477815691763,4.89465313396,0.25259060193,4.3392833630270656e-05,0,2.1696416815135328e-05,18,1,1,1,0,0
336,14,-1.8554051546569321,-4.9149458661154704,-0.95719666523614155,-3.2019168837902598,-3.0551709995658811,0.92865030035380902,0.0713110647928,0.370781026424,4.1883452402074927e-05,0,2.0941726201037464e-05,10,1,1,1,0,0
337,1,1.0501539853440891,4.6218562339717302,-2.799765829795779,1.3302024557807004,2.2976951407607715,-0.81329636780192938,0.382522248816,0.0242483111981,3.2543240286570261e-07,0,1.6271620143285131e-07,27,1,1,1,0,0
338,2,-2.4076993018626451,1.4101582818958955,-2.5467709171665764,1.8566947187090734,4.7569821625934292,3.3703759954219872,0.164876155189,0.00991977047998,5.7159063094959023e-08,0,2.8579531547479512e-08,41,1,1,1,0,0
339,6,0.57807389903544382,2.0084696189362612,-2.3260837526945588,-2.0673730797006771,-5.2910041029313595,3.6556793144788964,0.315885259306,0.0503588094621,8.722962255038663e-07,0,4.3614811275193315e-07,17,1,1,1,0,0
340,3,3.5291815574828891,1.5789119697770717,-1.8427069251336976,-1.2422719337183674,-4.6513626234677199,-4.4041067006291579,0.00109676226797,0.00856019190434,2.2322618659968386e-08,0,1.1161309329984193e-08,23,1,1,1,0,0
341,2,-1.9461678750867246,5.4569445362247038,2.6335829650538245,2.8137748462809915,-4.6617532892035403,-6.0527440946755489,0.242965174842,0.00210730150606,6.0384796743892123e-08,0,3.0192398371946062e-08,13,1,1,1,0,0
342,10,4.0739831762342638,-2.8503741351104632,-0.29932917917471091,-1.1637079703074928,-0.84144320475312684,-1.80170751865034,0.0682188370861,0.0229230997951,1.6472066966674924e-07,0,8.2360334833374619e-08,48,1,1,1,0,0
343,1,-1.6500905314554157,-1.5207144206422045,-0.017857313947958087,1.5102824832260699,4.6467020447421703,5.1206017303643003,37.4520233663,0.0763094264744,0.0014044278806295701,0,0.00070221394031478505,60,0,0,0,0,3
344,11,-4.2856726445686277,-1.6552320731823165,0.73568260219224157,-0.92389606499505583,-3.0904940120702227,2.5940582402233159,1.52693122087,0.0478724819143,3.0296333956867484e-06,0,1.5148166978433742e-06,21,1,1,1,0,0
345,3,-0.92218072885892677,-4.9820988054222903,-2.9521408262931743,2.3630422958697728,-1.2264337560507057,2.7471992526982798,109.719627329,0.966550368816,0.01232297619002241,0,0.0061614880950112052,60,0,0,0,0,3
346,9,-3.5600996690228111,-1.5496782910917577,0.44513438087918716,4.7519715571569048,-4.0657140997751497,3.6666385266976977,0.0100241834115,0.59971011946,0.00010955643401011312,0,5.477821700505656e-05,12,1,1,1,0,0
347,5,0.31821543534706925,5.0656993207579877,0.059211966239506031,-0.73877978275465839,-5.1328956806229149,4.0059335129516169,2.45207671122,0.0092942277911,6.0389938638068205e-06,0,3.0194969319034102e-06,19,1,1,1,0,0
348,5,5.9935038238625022,0.0017778003070630915,-0.72821499887793317,-4.6617742309015817,5.005246767315163,-3.6827113033530336,0.0460219755831,0.0132556431662,5.5642981376775152e-08,0,2.7821490688387576e-08,10,1,1,1,0,0
349,0,1.1435331644047588,1.2805134440953632,-0.081333907209871228,5.3932916090134588,-1.1763545778153812,-0.25162899648332065,1.83301873978,0.00543099277753,3.3689425991067263e-06,0,1.6844712995533631e-06,16,1,1,1,0,0
350,13,-2.5140678720775624,4.0420710468547369,-2.3856400323368314,-2.5426720311078834,-5.212435146184089,1.332148610657147,0.0253200511341,0.101575136808,3.1435338977613061e-06,0,1.5717669488806531e-06,19,1,1,1,0,0
351,8,4.5160703696255551,-4.1735514266139777,-1.2243109025954528,3.8399295936419997,-5.3748547514167964,-5.4056229713633615,0.0251342998324,0.245706391592,1.8390882156704671e-05,0,9.1954410783523354e-06,22,1,1,1,0,0
352,13,5.7416819933203618,-2.8085294122668696,2.5781429317754627,5.6882623729605815,-3.6008568710332942,4.7412938233142512,0.121669602903,0.062697238212,1.2122374132197291e-06,0,6.0611870660986456e-07,19,1,1,1,0,0
353,3,-4.7249881726167322,0.60403092097755695,-0.80468109621966377,-2.222136536763677,1.5151315317966145,-2.5339567965157586,0.213547927556,0.0227558856578,2.0334285700652846e-07,0,1.0167142850326423e-07,21,1,1,1,0,0
354,8,1.8203709016472231,-3.0547691533067329,2.3711688651923892,-5.8049827206246798,4.3761017596163381,-0.45858410779868986,0.67817000321,0.0336707923426,8.0526610192933459e-07,0,4.0263305096466729e-07,8,1,1,1,0,0
355,15,-3.8987829493742501,5.0193059222604415,-2.4194969396032011,-0.3898957792755498,-2.5284485872212472,-0.20318491303693284,0.04277174338,0.00431240185334,7.4943342324517494e-09,0,3.7471671162258747e-09,16,1,1,1,0,0
356,2,4.0961245987634456,5.2801248435885153,0.84319775270639807,2.2288854745333873,4.542140436703523,-2.3566869718346251,0.162346800538,0.0207630946068,1.5767891076599371e-07,0,7.8839455382996857e-08,27,1,1,1,0,0
357,3,-0.53007171100522787,-4.7487252614089499,1.8444748503101851,-1.2795417252412418,-1.4646449879729397,-4.685914383217173,1.27786614159,0.0581584021556,2.6632797577054037e-06,0,1.3316398788527018e-06,25,1,1,1,0,0
358,3,2.8884308778444883,-0.52494894485288857,2.1051229421434874,1.9370063167646066,-4.1693537217948506,-5.2318278893549515,0.0507214239537,0.00761370050105,2.0230858044051929e-08,0,1.0115429022025965e-08,18,1,1,1,0,0
359,10,5.1890737093362587,-3.1788595740373227,-1.32883707386827,-3.382591744961279,-4.5312844825120164,-0.33751765083055468,0.0607965901685,0.0151404918644,7.3525045433136554e-08,0,3.6762522716568277e-08,11,1,1,1,0,0
360,7,5.8771107444513859,-3.6694316351300458,-1.7757971647372408,3.4547531058676206,-4.6129799141284202,-0.58728297847374999,1.06533919715,0.0764880628014,2.9170885927126462e-06,0,1.4585442963563231e-06,28,1,1,1,0,0
361,7,1.0710435479737772,-2.7092043241033075,1.80104616488896,2.6180707869281794,4.3901305042547829,0.26785871142762424,0.0484229483167,0.0240539665313,1.7859438187007857e-07,0,8.9297190935039283e-08,10,1,1,1,0,0
362,15,4.6361591000633098,-0.15049532591985676,0.96727774371768638,3.8760712926484482,1.9113271347387202,5.6653575798565026,0.0747945584058,0.0406611504203,5.0922708676566011e-07,0,2.5461354338283006e-07,21,1,1,1,0,0
363,10,-0.053846800222900296,0.0035352767582706767,-0.66040195966273452,5.3102489175401004,2.1429873321916109,-1.0728564176532134,0.0188835108508,0.0599677683127,1.0958014146665978e-06,0,5.4790070733329889e-07,20,1,1,1,0,0
364,5,4.9969007358138828,-2.2859412277297344,-1.6346462160645467,-1.3557889979515698,-2.7984973986926738,-3.8646636551788345,0.0649802837437,0.000540086104765,4.3112920446126324e-09,0,2.1556460223063162e-09,25,1,1,1,0,0
365,11,0.86816591434091239,3.2637234560851889,-2.5358154091884066,1.2194314123995023,-1.1751183888788144,0.3258433084181106,0.153472828406,0.015529409651,9.7016227086761773e-08,0,4.8508113543380886e-08,12,1,1,1,0,0
366,9,-5.0357853859977482,2.9520521947268463,-1.0752749308403264,-3.5019810581009869,-5.2933738612521086,-2.3096348110896692,0.5321103196,0.0147557576599,3.4946646927880732e-07,0,1.7473323463940366e-07,14,1,1,1,0,0
367,15,5.4727360448535922,4.2950340795696276,2.9561139623719153,-4.7442886187876958,4.3401803519590816,-3.2673946331487924,34.3456204791,2.46777101751,0.0030347093806559963,0,0.0015173546903279982,60,0,0,0,0,3
368,11,-0.56890444820506025,3.2951600205822831,1.3477465372189839,-2.7165326614450387,-1.7918390442878274,2.4845859651903486,0.420875910705,0.0205281809102,3.0550420503605706e-07,0,1.5275210251802853e-07,11,1,1,1,0,0
369,3,4.746133626634669,-1.9741542665661782,-1.1553736526218121,-1.6401825030257662,-0.61967022151482554,3.5553271063639231,0.11233279971,0.0198776239606,1.329790727896401e-07,0,6.6489536394820049e-08,51,1,1,1,0,0
370,12,-2.5416677300993862,6.1337155806272614,1.9430643160643839,-5.6759988882691434,-2.0694984778570351,4.5802549206935508,0.0279032390776,0.0195267921208,1.1692787580659591e-07,0,5.8463937903297954e-08,27,1,1,1,0,0
371,8,-1.668849275817214,2.1246433562724714,2.9593343601209039,2.5952253420425762,4.7283902278604426,2.5776967931238626,0.0412449598708,0.010743440053,3.6860547503730341e-08,0,1.8430273751865171e-08,16,1,1,1,0,0
372,14,2.417903206569624,-5.8943335179846734,2.7476283968623161,4.7272325075197585,4.292477890575614,-5.6429670849152878,0.00956819943879,0.460637340785,6.4635874810815592e-05,0,3.2317937405407796e-05,24,1,1,1,0,0
373,15,0.809275435409056,-1.9509104119508149,-1.0038242648592144,1.1059194919673656,0.4014486735956117,4.0247451360328768,0.184604869937,0.0231751445902,1.9768511368782667e-07,0,9.8842556843913336e-08,24,1,1,1,0,0
374,12,3.3131416546905856,-3.2684859285448615,-1.0126929396807887,-2.3481384836331927,-4.8652273661877468,2.494352215665419,0.0450855222012,0.00718483112109,1.7757603296334991e-08,0,8.8788016481674956e-09,22,1,1,1,0,0
375,13,0.81839814598420491,-3.552471050866544,1.3540016603330784,2.1213213979503101,-4.6825869193709462,3.0350201435114159,0.0411745641192,0.0363971440398,4.0523790953943524e-07,0,2.0261895476971762e-07,27,1,1,1,0,0
376,0,-5.9576297147899897,1.4781106577725951,-0.89043129176673452,3.2456587948531617,-4.4170430620297871,3.9933984148941759,0.144307587334,0.0578459706269,1.0401221834820228e-06,0,5.2006109174101142e-07,17,1,1,1,0,0
377,2,-0.73852715780728806,5.311279495406259,-2.199599454103943,-5.1485344369702739,-4.1863104289832735,-1.2599502987514815,0.164638406978,0.0698796306985,1.5146022534907191e-06,0,7.5730112674535955e-07,27,1,1,1,0,0
378,5,2.5421571916695695,-3.5854465776423883,-1.8147543925286058,1.2174270102643974,-1.9628526583219146,-1.4550834453568513,0.0173851790884,0.0870512390861,2.3086681419382474e-06,0,1.1543340709691237e-06,14,1,1,1,0,0
379,13,-1.9403883258801913,-3.6055773806060007,-1.9086640238315327,-1.7927744154408145,2.0402010584219155,-0.17563888151348084,0.0283323077912,0.685196458039,0.00014301691029697461,0,7.1508455148487307e-05,47,1,1,1,0,0
380,14,4.0439958275133723,-5.094769578116142,-1.876778780946976,5.3343617269550023,-4.5755901113004818,-4.0541441372296347,0.0222634387746,0.0706302811778,1.5201212759184726e-06,0,7.600606379592363e-07,8,1,1,1,0,0
381,2,-0.81846801958785931,-1.5956488457721136,2.1206019674839065,4.428845341123731,2.0206044279789199,-0.80941731961916419,0.0452938609634,0.0236511674935,1.7244773275314005e-07,0,8.6223866376570025e-08,37,1,1,1,0,0
382,12,1.0527447425182752,-3.201882874867116,-2.8542517253841,-4.7390233011658864,-1.6185601221298804,0.24614956681951361,0.0956105037561,0.0630362699807,1.2195604152485451e-06,0,6.0978020762427255e-07,8,1,1,1,0,0
383,9,3.2713963722170831,2.8148404787404373,-0.68314824023430243,-0.86513523023092542,4.6758531658477915,-1.4797525309145936,0.043515150847,0.0478155049182,6.9834723232765095e-07,0,3.4917361616382547e-07,18,1,1,1,0,0
384,12,0.084870041313576963,1.2532704817032252,1.5220157591972294,3.157124783047867,2.5733946457643784,4.8147405113457609,0.0536938617439,9.50786602443e-05,2.8857845157112069e-09,0,1.4428922578556034e-09,26,1,1,1,0,0
385,4,-0.057341573923458407,1.3075986328423681,0.4201411535344528,-3.1386934260102608,-4.3997682481389209,-0.50981362169117839,0.333357321522,0.0204816821753,2.3891389962105702e-07,0,1.1945694981052851e-07,25,1,1,1,0,0
386,7,-0.82900996733147536,1.3958176102391222,-0.093828110871798598,-2.9507471052972907,-4.6313224599223721,-1.038301235269758,2.94708323737,0.00072274832961,8.6854587295180511e-06,0,4.3427293647590255e-06,28,1,1,1,0,0
387,9,0.5173923030913905,-3.997160055446682,0.75899813901717361,-1.0847262818243721,5.2329533545050735,-5.0387583338076807,0.232875836029,0.24699516183,1.8637907273193319e-05,0,9.3189536365966593e-06,11,1,1,1,0,0
388,6,-6.1332271127115492,-3.0775710672152239,-0.68738098915344947,4.2894383108690199,3.4302456096109255,0.81518901758491791,0.390886367037,0.189479524763,1.1089316112428502e-05,0,5.544658056214251e-06,8,1,1,1,0,0
389,1,1.0904526583415539,4.2475091167003001,-1.4359887798354722,0.71522726376056955,5.8844554327809719,-0.69219519529846107,0.0490166221781,0.0216399992354,1.4505178883383831e-07,0,7.2525894416919155e-08,16,1,1,1,0,0
390,15,1.077146456593822,2.6276339052254136,-2.7120080560874693,-4.3521010743129578,-1.4298733794094352,0.53922632482362842,0.425109296984,0.0330628458011,5.1371098674617799e-07,0,2.56855493373089e-07,10,1,1,1,0,0
391,7,-1.7580108123101983,-5.8711642820329555,-0.051641023121351826,-1.0809023510127571,-3.5077190657272523,-4.4675657674627463,2.30723923005,0.39813480795,5.3608663785005761e-05,0,2.680433189250288e-05,13,1,1,1,0,0
392,2,-4.6477168122901924,1.0923618347515429,1.8038223894403165,2.1683857086168619,-4.8085886504014601,-3.2455876249282833,0.0415616663039,0.00147958072595,2.3942281099963827e-09,0,1.1971140549981914e-09,42,1,1,1,0,0
393,13,-4.5452289196408291,1.6649233695533994,1.8233493247262755,-2.310847898376776,3.5719219500030559,-1.3048587379883898,0.0235130114497,0.000802738826453,7.4915401188133464e-10,0,3.7457700594066732e-10,9,1,1,1,0,0
394,13,-1.0709744419311589,-4.1253085915166947,-1.75957248373664,-4.4031558291217916,-1.9523193063732833,-3.1150857629230453,0.372840207753,0.000928356490976,1.3927235375359366e-07,0,6.963617687679683e-08,10,1,1,1,0,0
395,1,-4.1574720266419298,-1.5833620343007024,-1.7578256039847271,-0.070298861252550623,4.827122403649807,4.5531665218112938,0.0393715440452,0.010617038262,3.5887051408993302e-08,0,1.7943525704496651e-08,29,1,1,1,0,0
396,1,2.5933393706260128,0.89240378984683011,2.7587318163463177,6.177192158736629,2.6892677075147828,1.6300110729944641,0.148088226042,0.0931513039217,2.6651458646977777e-06,0,1.3325729323488889e-06,59,1,1,1,0,0
397,12,-0.046224666020278027,5.0590333054900913,-0.99446542770878876,-4.8818700966417108,1.2671237865796083,-1.6597524360019309,65.5032373464,2.31976086676,0.0059299089236927406,0,0.0029649544618463703,60,0,0,0,0,3
398,9,3.8101168541663073,1.3765579553237952,-0.33096169682614174,-0.65551491600595924,-2.019558217682301,4.1991443370916377,1.64930398445,0.308111994765,3.1638449547234952e-05,0,1.5819224773617476e-05,22,1,1,1,0,0
399,2,3.0700609857946244,1.4922600034444009,0.6889408853057134,-2.5954094903023872,0.98976549256777124,-5.2246228277101237,0.0430815270428,0.761980805979,0.00017686722265126319,0,8.8433611325631594e-05,35,1,1,1,0,0
400,6,3.5380513117485206,3.7845437537857678,-0.95992744671788066,-2.7299338219470477,0.9531153766442142,4.2202516663524037,0.123883975104,0.0350294258444,3.89131296025073e-07,0,1.945656480125365e-07,20,1,1,1,0,0
401,11,5.3928086970689204,1.9185257047062392,2.4799817319627135,-5.4800163467881999,2.3663759833935818,5.3053737963871672,0.0597957018179,0.0910782393068,2.5304518600422161e-06,0,1.2652259300211081e-06,21,1,1,1,0,0
402,0,-4.864077784242145,5.3157229783114728,-2.5931079493236298,2.5707131689839988,1.2291914640057726,3.9370527663496091,0.128094065571,0.0510071020519,8.0893868155413184e-07,0,4.0446934077706592e-07,18,1,1,1,0,0
403,3,-4.3734589849458274,0.48237116121090612,-1.7456929222815196,4.570005252006073,1.3537361494138413,-3.4570606875743617,0.147565445942,0.00531980983425,3.03963485570681e-08,0,1.519817427853405e-08,10,1,1,1,0,0
404,4,1.6183131031454017,1.5795071275091566,1.5097363351729414,2.0616234300031304,-4.3771580350881143,2.6464469390140004,0.116972398995,0.0231782171056,1.7733208185396485e-07,0,8.8666040926982423e-08,45,1,1,1,0,0
405,10,3.2588755208787132,-1.256766601262026,-1.3451087207196517,-2.8813457116213548,-1.3810784961225719,-1.6203552148980824,0.0235240160171,0.000428358780471,6.0927395911754559e-10,0,3.046369795587728e-10,26,1,1,1,0,0
406,13,-1.8846775020610882,0.065991843090823885,-1.1810160300724517,2.701022339823056,5.1135963639074946,-2.212388842757766,0.701130775375,0.00147040582654,4.9224297545919865e-07,0,2.4612148772959932e-07,13,1,1,1,0,0
407,11,-3.9980300702530891,0.65360606901793838,0.84349944897621665,2.5224002885293069,2.4900016914949137,1.1438136337626839,0.0647801454526,0.0140761617765,6.4552854199691335e-08,0,3.2276427099845667e-08,22,1,1,1,0,0
408,7,-4.0520300286551976,-4.5633334681953288,-1.2431505418110607,0.2041602851661922,-1.3824800307197329,4.2597093622442053,0.0193697458548,0.183774491466,1.0288238713799081e-05,0,5.1441193568995404e-06,21,1,1,1,0,0
409,3,-4.8472787511100792,3.4942607249866957,1.9381247524286331,4.4222755967018106,-1.2127278548398213,-5.6359335609422079,0.0472846908836,0.0752795620012,1.7285065539633009e-06,0,8.6425327698165046e-07,16,1,1,1,0,0
410,15,-2.8948169823809571,-3.989372334827876,0.18469083709030509,3.6022180413756764,0.36055437992955303,-5.2188598511482489,1.45943874203,0.895725865152,0.00024653207961718556,0,0.00012326603980859278,9,1,1,1,0,0
411,12,1.0627880817059965,-0.27442859014217996,0.94532433956762074,-0.83781787207973146,-1.7979980546752903,6.1569168158146903,0.0803062226463,0.0390068241903,4.6993434292103202e-07,0,2.3496717146051601e-07,12,1,1,1,0,0
412,1,-3.3073121115370983,-2.6836742775087261,1.6629344460571407,-1.3057283794323171,-4.6363235581395275,0.96013035695219862,0.0095794365026,0.0700588918605,1.495229707169562e-06,0,7.47614853584781e-07,35,1,1,1,0,0
413,0,2.1944369047341956,1.0513868148886856,-0.41897556383548662,-4.598997559057211,3.9929113770459113,-5.0879607616931484,0.554484375166,0.0939092740987,2.9938592531882837e-06,0,1.4969296265941419e-06,20,1,1,1,0,0
414,10,-1.7341670887057614,2.4485318285605815,2.1824546292869078,-5.126186191710671,-4.6457635533799078,4.3466711412300532,0.0570219443762,0.166417885523,8.4396043262538154e-06,0,4.2198021631269077e-06,8,1,1,1,0,0
415,15,4.403940330626221,-4.3901104938963567,-2.2951608719808858,-1.0546642745759909,-5.4180133247483662,-0.05645545480809494,0.0399782429535,0.00378183989926,5.954993599882029e-09,0,2.9774967999410145e-09,49,1,1,1,0,0
416,5,-0.057640659739456458,3.1271519237802226,0.77353830083364128,1.0224347497773953,1.2849806352514954,-0.82911557495502008,0.4783904726,0.0206650210968,3.5894221059865889e-07,0,1.7947110529932944e-07,34,1,1,1,0,0
417,1,-1.0955569887596552,-0.52043615555310363,-0.60297683371483091,2.1617697984432378,-1.2730156631578102,3.4249799982185367,0.351407344966,0.000175842214858,1.2349654101459754e-07,0,6.174827050729877e-08,17,1,1,1,0,0
418,15,2.3901109748303222,-1.7284336010307977,1.1002287964918263,-1.3887470608471875,-2.9175604566654654,2.7160710985465486,0.107575470366,0.540062697673,8.8858639996627575e-05,0,4.4429319998313787e-05,24,1,1,1,0,0
419,13,2.8351228398700346,-2.2679425067746792,-2.1136759274684014,-2.6792839103076358,-4.322787112024959,-3.9899474411203242,0.163626489525,0.0106569522572,6.1369220778544235e-08,0,3.0684610389272117e-08,27,1,1,1,0,0
420,3,5.2798171772588072,5.0487915032844395,1.0009977092175244,-1.9483700277198235,-5.52638183614126,-0.66617901979119698,0.179915588383,0.0138436127066,9.0748211018770817e-08,0,4.5374105509385408e-08,17,1,1,1,0,0
421,5,-0.40457375153645797,4.0983706519631067,-2.7440579525366364,-5.1219427128132446,5.0702568011163329,-5.4403140639839789,0.505476455019,0.020287080571,3.8087650932749708e-07,0,1.9043825466374854e-07,38,1,1,1,0,0
422,10,3.1188845564916563,-2.4527836358157584,1.301559286712817,-0.69267983139359757,-4.6436541446431194,1.3644023832351229,0.173197732959,0.00671918304495,4.3750145533640307e-08,0,2.1875072766820153e-08,15,1,1,1,0,0
423,10,5.8053002760759513,0.85071258547355666,-0.54109499235362624,-1.7290770738387313,-4.7361857942576666,-1.4803953005384907,0.376172220383,0.00109427579602,1.4187030032391007e-07,0,7.0935150161955037e-08,7,1,1,1,0,0
424,9,-1.1483850656176751,-0.71081614284829453,-3.0048945492662971,-0.70652011846781659,5.2111088521961735,2.5628242549611446,0.259908795186,0.0356275063061,4.5420932310681951e-07,0,2.2710466155340975e-07,7,1,1,1,0,0
425,12,2.4592450729130371,-5.4403334836853467,1.216381007993673,-0.57203329290921412,4.6695779415027543,-0.71311335005672194,0.188566368285,0.0342556652074,3.9301076890287977e-07,0,1.9650538445143988e-07,20,1,1,1,0,0
426,15,-2.2526051906104438,3.4620250304784554,-1.8646204536213282,3.0196770447251198,-4.4214274794963666,0.64267585363890001,0.080216368485,0.00730911129789,2.2708275078202809e-08,0,1.1354137539101404e-08,14,1,1,1,0,0
427,9,5.0548193830060484,1.8219578828315817,0.42597587589660413,5.9134558889470119,4.8222513404520839,3.5923351313644423,0.112617351275,0.488921248278,7.2829645208696383e-05,0,3.6414822604348192e-05,15,1,1,1,0,0
428,13,-2.0534347160474167,2.6400733047609748,2.0267612299292632,2.72484600902777,4.8862499161331741,-0.81369966832392548,0.43253564834,0.2238881637,1.5456312408463701e-05,0,7.7281562042318506e-06,12,1,1,1,0,0
429,14,-4.8077706750815841,-1.7455455060452738,-1.4298007686951006,-4.1662491448189494,1.9378268417012916,2.7642738848480799,0.424589757587,0.469774356516,6.7405669162985354e-05,0,3.3702834581492677e-05,30,1,1,1,0,0
430,13,-6.1045395011691932,-1.6032685322335802,0.31164929255159696,5.7913046426928743,-4.2492894614376784,6.1429989118790305,0.0304011252575,0.646873602774,0.00012746669995562088,0,6.3733349977810439e-05,19,1,1,1,0,0
431,11,-0.18150901294763042,1.7144198836120335,-1.6410998029601398,-2.4669990515841378,-4.8478935858096319,-0.49214404821615054,0.0505955286,0.0371681058212,4.2337915270959366e-07,0,2.1168957635479683e-07,11,1,1,1,0,0
432,14,1.5445614379395174,-4.135709608078078,2.8135085885000475,3.2911487609997336,6.1918986540819683,-1.7771637826699118,0.495241023971,0.0104040656267,2.7823685696585389e-07,0,1.3911842848292695e-07,15,1,1,1,0,0
433,10,5.4982006747072729,-2.0846577588619284,2.2891687680607893,4.6639955912394031,-4.3934044245209911,4.9895874435306551,1.80391819743,0.0638602548905,4.4963909575337688e-06,0,2.2481954787668844e-06,31,1,1,1,0,0
434,2,-5.4073076507770663,-3.0792224451316441,-2.8124165685998501,2.1619736947005341,-3.0912217513846443,-2.9916789754598554,0.2852872907,0.0111792485622,1.1945858256054881e-07,0,5.9729291280274403e-08,12,1,1,1,0,0
435,4,1.5197167311816548,-5.8422197094921957,2.038523928057975,0.74591635332724182,4.2445842541556305,-3.9902060406933875,0.694831094681,0.0115619828139,5.2351133823421085e-07,0,2.6175566911710542e-07,16,1,1,1,0,0
436,7,-1.0764533033144179,2.8157613295537085,1.24291910999319,3.5714636387221854,4.7458603845998217,-3.4898236060408867,0.0209473329199,0.032976817261,3.3170124145331259e-07,0,1.658506207266563e-07,24,1,1,1,0,0
437,6,0.64693803135274397,1.5370726035536837,0.30224793695220459,-3.0167998681133459,-4.7274266953627953,4.1648301518888138,38.1101283748,0.373276461259,0.0014948258493509311,0,0.00074741292467546557,60,0,0,0,0,3
438,14,-1.3015969156864013,-2.7520420815324624,-1.2304864628944643,-3.7128154080566542,1.4475331639108382,5.7144970754562694,0.0281834349443,0.0729214056524,1.6206070014175011e-06,0,8.1030350070875057e-07,26,1,1,1,0,0
439,15,-1.3764628150486224,1.5895929541651554,1.0927001542116825,5.0362563867760501,-1.0352271577943541,3.1360541553162427,0.685588748463,0.204066503671,1.3155257157131249e-05,0,6.5776285785656245e-06,27,1,1,1,0,0
440,12,3.5340507696376222,-2.1128717935996639,2.0427503120200163,2.3669662839062235,5.0298395899341184,3.7943611404698534,0.0683721453625,0.0638495145682,1.2465270180867267e-06,0,6.2326350904336333e-07,16,1,1,1,0,0
441,15,3.672955557865218,0.5176330733325557,-1.9078257447585141,-5.5481641211869475,0.93990373020895479,0.39416264649963578,0.0486135742194,0.0708128884954,1.5298567234441296e-06,0,7.6492836172206482e-07,35,1,1,1,0,0
442,4,0.96154855609309464,5.8384041103528332,0.16729931930717215,4.3766791711069528,-5.3611221054746228,3.5545847152619769,0.148846543944,0.046720278302,6.870694469276551e-07,0,3.4353472346382755e-07,20,1,1,1,0,0
443,9,-3.3802673664627214,-0.74542176600063381,-1.1306293701243797,-1.0420075026579472,-4.0335798419231033,-3.6682430694025556,0.168252409826,0.185779848695,1.0541920856907869e-05,0,5.2709604284539343e-06,27,1,1,1,0,0
444,10,5.4085001936189334,-2.2378813669031512,-1.5124915538917845,-0.27945937309652125,5.9707006571066819,-5.2060311369432313,0.250241858287,0.00194347471931,6.3771556262779042e-08,0,3.1885778131389521e-08,9,1,1,1,0,0
445,14,-4.1554438235366709,3.3997229573056402,-1.4803869994296195,-0.64508806300590527,-1.2437091014292294,5.8219700137036101,0.0324304484913,0.00169588404603,1.9278206027308837e-09,0,9.6391030136544185e-10,24,1,1,1,0,0
446,0,-3.7075631785664078,-0.24933791814232148,-2.4640301947301855,-2.8629855575060543,-1.2774116856776789,-1.4557621091377637,4.08559960799,0.374006314583,5.9302229181048585e-05,0,2.9651114590524293e-05,30,1,1,1,0,0
447,9,-2.7971001617933409,-2.9636015512949578,-0.41874381395682697,-3.0284888067608766,-5.4898411157842713,-3.7047296297713963,0.956607564487,0.0593821926604,1.9892536265183188e-06,0,9.946268132591594e-07,5,1,1,1,0,0
448,2,0.0066222699724259723,4.6710477327769357,-2.4913057413673898,3.8158223591146654,1.1078718439609634,-2.450040048610679,0.103589004717,0.0255103566196,2.0896908693179145e-07,0,1.0448454346589572e-07,21,1,1,1,0,0
449,12,-4.3145114007746139,-3.2100467883420185,-1.9992362112283344,-4.8328713484171022,4.7766798985064893,-0.07044490057988495,0.243764978805,0.0205076567376,1.8753248081695659e-07,0,9.3766240408478295e-08,10,1,1,1,0,0
450,4,5.1405807687970251,-3.6130046333508798,1.7063741242221295,3.1726868800380945,-0.96158201759004547,-3.0538642821268436,0.179226973053,0.193107705069,1.1391484323455379e-05,0,5.6957421617276897e-06,12,1,1,1,0,0
451,11,-4.3427493580628527,0.95304581806018196,-2.7602232970211937,-0.27550930075313018,1.8253212635736875,2.4004248359055889,0.325683003359,0.0327790184961,4.3336988632857592e-07,0,2.1668494316428796e-07,12,1,1,1,0,0
452,9,-6.0091653779824057,0.24646569497744555,-2.9859247826019835,1.3115618502266211,-4.5905687763020397,-1.819253384820894,0.29279702345,0.00660155493304,9.9005484791217937e-08,0,4.9502742395608969e-08,26,1,1,1,0,0
453,1,4.0294929985377204,1.5537251590303809,1.4388688240065823,3.823737619256971,-1.8846662234376972,-1.949674098623611,0.0464241221184,0.15759378854,7.5675731795114143e-06,0,3.7837865897557072e-06,17,1,1,1,0,0
454,12,4.6280537500732164,-4.8564452742459245,2.2302854683545368,-1.7618692867043702,4.1600657460646877,2.9133513081912046,0.0498538864291,0.0720884906967,1.58550613581216e-06,0,7.9275306790607999e-07,16,1,1,1,0,0
455,15,-1.2723714841673106,-0.91180005695344779,1.4741263292973534,-5.6708342322465457,-1.588631010035721,2.8127245613630305,0.0482620275626,0.0166438146833,8.6713295247135933e-08,0,4.3356647623567966e-08,13,1,1,1,0,0
456,15,0.1649889651914149,-1.2037753407851721,1.2754361805685415,0.96396898390625119,-1.347431242393357,1.1338036739601123,0.0235580276075,0.275049090583,2.3045472701909337e-05,0,1.1522736350954669e-05,22,1,1,1,0,0
457,2,-1.4367414879537004,1.4987497652671651,2.8654607163324743,-0.051040923395130847,1.4409057367123606,-6.1064401551290501,2.42577415715,0.0295437398674,6.1502602654809499e-06,0,3.075130132740475e-06,19,1,1,1,0,0
458,6,-3.0269195524334256,1.3814423144806434,2.2068181680195935,1.4034251520880745,-4.4219808828045304,-4.8496365007313438,1.6284308838,0.0017526877883,2.6527229019734945e-06,0,1.3263614509867473e-06,29,1,1,1,0,0
459,7,4.3291408514335838,-3.0580998404341413,2.3011871290355757,-5.7718144663582223,1.4941598336829665,-0.69044541551701399,0.00908353082342,0.0240886225903,1.7684034405328421e-07,0,8.8420172026642107e-08,19,1,1,1,0,0
460,5,-0.20177139727209412,-5.817045015548076,-0.72988079302345021,-0.88680144223256463,2.3321288241498408,-3.2733096117317499,0.0470238396865,0.991708914245,0.00029958935277055935,0,0.00014979467638527968,13,1,1,1,0,0
461,2,-3.5587164933485687,-4.2624737251012554,-2.3078525820337394,4.3311993422910628,0.85490818473991104,-3.2380792256379087,0.367172171963,0.0435903550104,7.1362476614219638e-07,0,3.5681238307109819e-07,7,1,1,1,0,0
462,14,4.8154950424205785,-1.357069309802297,1.4421787026068904,3.1491323440803995,-3.7983906726732939,-1.1762192565014702,0.102015778576,0.00521997183685,1.8707466815330959e-08,0,9.3537334076654794e-09,11,1,1,1,0,0
463,13,5.8198320788467983,3.468117417361579,0.63555817989918695,-3.3667161954353433,-2.2519892511875232,-4.9435533681403321,0.311900856704,0.117607775823,4.3106250770643017e-06,0,2.1553125385321509e-06,22,1,1,1,0,0
464,15,1.8736146312959112,1.6059971442193444,-2.1612025359127616,-1.6473542019827523,1.2084210649268545,-3.894603865760379,0.0230975686721,0.0711680703088,1.5433885099648263e-06,0,7.7169425498241313e-07,42,1,1,1,0,0
465,9,0.87028877285024997,2.0513951169393243,-1.7199352521605975,4.0875950229250888,-4.6689915030483871,3.5638250514513174,0.0868301150813,0.025266609946,2.0200771041333524e-07,0,1.0100385520666762e-07,13,1,1,1,0,0
466,1,-1.035063606177266,1.956736185203416,2.2764392249144292,3.7851105226938442,-2.8667864335306525,-3.8461205908057954,0.0412262597795,0.00738570421976,1.8316066450775828e-08,0,9.1580332253879141e-09,19,1,1,1,0,0
467,6,3.0278910081435044,-2.8572242192638484,-1.2510952154732007,4.3245537316121645,-1.3268066215577312,6.0554633682622425,0.559871629577,0.00643069299651,3.2605333324205905e-07,0,1.6302666662102952e-07,12,1,1,1,0,0
468,15,-3.0180491040670741,2.0448883960699855,-1.2024462191453473,-2.1087401891187372,1.7020467156085803,-4.9963293452801345,0.260538924282,0.107156310516,3.5656424028197522e-06,0,1.7828212014098761e-06,15,1,1,1,0,0
469,2,-2.4579600464955829,0.37031862329402093,2.0174187992031842,-3.2629821839990854,1.5716754715741847,-4.6039051591751852,0.0800932999159,0.0345621237241,3.7029275004980123e-07,0,1.8514637502490062e-07,23,1,1,1,0,0
470,8,-3.011701740122422,-5.8099408812445734,2.8735796080386264,-2.6775669555880874,4.9569363118734957,5.2465805449614829,0.134511164454,0.00880504502333,4.1709881819343665e-08,0,2.0854940909671832e-08,25,1,1,1,0,0
471,8,-1.1853523207614958,-4.3938411546861991,1.4162918078444229,-1.4318948469007668,3.0246989360957328,3.5186347521621388,0.148842891146,0.0301092886565,2.9831099611924772e-07,0,1.4915549805962386e-07,23,1,1,1,0,0
472,14,-2.4415151649648661,-1.6959768925707219,1.6516583398924738,5.1578947005125464,-4.7832920126768599,-5.2525130181554669,0.0530241885479,0.0730419361107,1.6279834029234474e-06,0,8.1399170146172372e-07,7,1,1,1,0,0
473,8,-4.0386922415901809,2.1597918194411578,-2.2424382187464436,5.3003358218987993,-3.8138819065174934,2.2852273633203093,0.0618020678318,0.0812803088868,2.0162710106517323e-06,0,1.0081355053258661e-06,36,1,1,1,0,0
474,1,-5.639518376116655,4.4468698288449975,1.2066649674801508,-1.1848466994246223,1.4775922455653752,3.8482809729293641,0.202344940828,0.0321429737307,3.5566528626612579e-07,0,1.778326431330629e-07,24,1,1,1,0,0
475,8,1.0357358540141643,3.6441535361544273,2.2007492219967988,2.21575860733943,3.586206621620021,1.6746347783009468,0.576853951642,0.136107457651,5.9758712998903917e-06,0,2.9879356499451959e-06,13,1,1,1,0,0
476,5,-3.1519277323285961,1.1412821315892352,-3.0327097573589477,2.5266176651862962,4.5109146879006223,-2.6877292008872078,4.46100189848,0.433687462339,7.7194448981636029e-05,0,3.8597224490818015e-05,54,1,1,1,0,0
477,3,-4.8478694021495627,0.020461259386154694,-1.0712303655524973,0.17805463105824973,1.1910889743063362,2.5276956242099597,0.0650406209064,0.00485693658802,1.141615643567332e-08,0,5.70807821783666e-09,58,1,1,1,0,0
478,13,-4.0722073329087047,2.1422806051905638,1.7999340523522562,-3.2384285436118896,-2.8460730140685957,4.8122025146738192,0.125989202698,0.000701662999418,1.6023251784661376e-08,0,8.0116258923306881e-09,39,1,1,1,0,0
479,13,3.8812862121255143,4.6686164583040091,-1.0692205993611028,-5.0788010448939955,2.0195095425942644,-5.5004060776043504,0.175561703275,0.000828584705094,3.1031047542351987e-08,0,1.5515523771175993e-08,12,1,1,1,0,0
480,3,1.863220799982594,3.0435255823427654,-1.3966297053629206,3.6433416508904304,-4.081007368615694,-3.0653478867627739,0.0170081237228,0.397587706186,4.815298768624015e-05,0,2.4076493843120075e-05,27,1,1,1,0,0
481,8,3.4616939340454049,6.0907244397722655,-1.3822928833592323,0.86694247144207037,-4.8536314070542641,-4.5424283866621664,1.15956549601,0.118651045184,5.6330176579106884e-06,0,2.8165088289553442e-06,6,1,1,1,0,0
482,14,-0.78123628712169257,-5.4016154457407239,2.8304602226992261,4.2230847788245383,-1.6064219711970991,1.8111648106216609,1.21443585718,0.00319349883606,1.4779610721074534e-06,0,7.3898053605372672e-07,20,1,1,1,0,0
483,5,-6.0041543618331188,0.72571156932153769,0.77203849550314341,-3.3303503827495318,0.95866851748326987,-2.3486303130098958,0.493210453485,0.00376989718713,2.4758581221405778e-07,0,1.2379290610702889e-07,27,1,1,1,0,0
484,11,0.45148013419250654,5.182271692981276,-0.58737439551517079,0.79297425174232983,0.71322037564797403,2.8480031572268758,0.0690889230633,0.0283014493727,2.4876331439923131e-07,0,1.2438165719961566e-07,11,1,1,1,0,0
485,8,-1.3931055131029175,4.6171832845718459,-1.7395044437809453,-1.2570831008548486,4.866609161825135,-3.5815291536271956,1.21617736278,0.337582254859,3.6193830388759074e-05,0,1.8096915194379537e-05,10,1,1,1,0,0
486,11,-2.3543559483631853,-3.8916493444637386,-0.7912459699927411,-2.0017628921041277,1.851811807623736,1.0790394322668,0.771078569935,0.00194918793489,5.9571950421297541e-07,0,2.9785975210648771e-07,19,1,1,1,0,0
487,12,-1.8286649551602583,-5.4434076576249693,0.72250840930251248,2.9953190568943961,-4.3758670386316263,0.081991803287013887,0.187400481448,0.0141328007258,9.5962022572476041e-08,0,4.7981011286238021e-08,31,1,1,1,0,0
488,12,1.6320529530310599,5.1972217637107141,0.69677756445888783,-3.2951284771476459,3.7945514232204274,-4.7216025392563106,0.283084921516,0.0857352105812,2.3192354385434104e-06,0,1.1596177192717052e-06,18,1,1,1,0,0
489,1,-1.3380233776379091,4.168748501368583,-0.92010523595242166,-0.39537242885900092,5.648978305966085,-2.459977456269645,0.637250801473,0.103933502124,3.6966186098279581e-06,0,1.8483093049139791e-06,10,1,1,1,0,0
490,6,2.9003136155073155,-1.8886507395758325,-2.2335702832960873,5.3292513684042664,-0.99031248252901694,-1.6583852959550835,0.0520833279092,0.00480349355357,9.7412784096561297e-09,0,4.8706392048280648e-09,45,1,1,1,0,0
491,1,-5.5039018430767337,-1.3786275033333382,0.42824517798430656,2.5638651560509595,5.5919083035773101,-4.9201816881982223,0.126081033541,0.0415692706506,5.4227662681865491e-07,0,2.7113831340932745e-07,60,1,1,1,0,0
492,5,3.3044619034048357,-1.810411121169671,1.6152551196886666,-4.396600629438673,5.1222901212080023,-2.2021113303516873,0.02130954552,0.00566849284941,1.024200614615467e-08,0,5.121003073077335e-09,17,1,1,1,0,0
493,0,-1.8444127401519828,3.5813730781203925,-3.0315516553316071,-5.6150273778869053,4.5331133367355729,3.0899578574802127,2.42434554127,0.0171474870887,5.9670198866270154e-06,0,2.9835099433135077e-06,23,1,1,1,0,0
494,14,3.6043515249422224,4.3881085693781321,-1.4560303746763485,4.8291231867964228,-1.7085806111751463,-2.1487503856625749,0.19483245272,0.0247455750474,2.2449017688169247e-07,0,1.1224508844084624e-07,14,1,1,1,0,0
495,9,-0.59330766366847221,-3.6766118191185675,-2.8964988477659279,4.4695931086939229,1.3130066807013629,5.4911181795081498,0.29003959573,0.182191536131,1.0195519223453725e-05,0,5.0977596117268625e-06,20,1,1,1,0,0
496,5,-4.611297371699397,1.9429126582537191,1.2385649443253788,-3.1272194160873901,0.46102415332377322,-1.6210339153123667,0.0429463371955,0.00028143796609,1.8685158106211322e-09,0,9.3425790531056611e-10,30,1,1,1,0,0
497,1,2.9770454896883516,3.7166627034157664,-1.8921522571777198,2.1879822280408994,1.2310050109471919,2.1172908576254605,0.087122261776,0.0444840186753,6.103757429286451e-07,0,3.0518787146432255e-07,12,1,1,1,0,0
498,3,-1.1856991054873853,-6.1740724841053982,-1.9626497991146599,2.2026938287982181,-1.5664363843688318,-3.6092254206337233,0.0377612964372,0.00931391929273,2.7851200262684425e-08,0,1.3925600131342213e-08,13,1,1,1,0,0
499,9,1.8758316047221006,-2.8143194708634907,-1.4514318303890823,-1.1319880789996455,3.7798788621932853,-6.1814289345906612,0.191564589451,0.0142819948234,9.8831444710262765e-08,0,4.9415722355131382e-08,15,1,1,1,0,0
500,13,-5.5297562249134637,-1.2602969022929316,0.038972586632938344,3.5125828695123804,-3.6166376525172406,-6.1556418734308238,3.49482303453,0.00660483368991,1.222707662062268e-05,0,6.1135383103113399e-06,30,1,1,1,0,0
501,5,-5.4021252604604681,-5.9564236828587545,-1.8574463190177637,4.4862169992439975,-1.5367822412318151,1.9454084994098699,0.0330666785567,0.08770127667,2.3440625327028618e-06,0,1.1720312663514309e-06,16,1,1,1,0,0
502,14,-1.5636171348184189,-1.7904923923838587,-1.8052325131634428,-4.8775504471458655,2.299187424262898,5.8819619248425656,0.158727711738,0.019193485273,1.3741246025756712e-07,0,6.8706230128783558e-08,31,1,1,1,0,0
503,12,-2.391492132981353,-2.6793377783425902,-0.086304272692160622,4.831935449270639,-2.0704107105429759,-2.1971482966055151,2.90805142285,0.0843224845111,1.0622678650202799e-05,0,5.3113393251013997e-06,23,1,1,1,0,0
504,2,5.6998276812252646,-3.6267097964186141,-2.7394028234799523,-2.9029127301201938,1.4012033023023869,-0.82732183075104626,107.997289178,7.71341786302,0.029787180780043439,0,0.01489359039002172,60,0,0,0,0,3
505,15,-1.6409196702366879,-0.83520408696628157,2.7570288260736633,-5.0772204414696978,4.3028885994580239,-2.5937089319672042,0.0263860828936,0.0546851317899,9.1164354301159828e-07,0,4.5582177150579914e-07,18,1,1,1,0,0
506,14,3.1137342495587927,-1.9396610104269407,1.9558092166023591,5.2290316633440606,2.8134228771658969,-5.743176501359514,0.476933279744,0.00166993486398,2.2831483458004705e-07,0,1.1415741729002352e-07,17,1,1,1,0,0
507,12,-4.4564930880538194,-5.1177373964898161,2.6228216089066287,4.4628915222423879,4.6002310599305085,5.6667276727177827,0.0502895175646,0.139786395763,5.9548254420761405e-06,0,2.9774127210380703e-06,60,1,1,1,0,0
508,14,-5.8068495263477358,-0.50654354072694141,-0.88105632526488542,0.042866114944010658,-4.328288620498645,3.9084245708325596,0.205642225697,0.0437962268014,6.265782862768997e-07,0,3.1328914313844985e-07,5,1,1,1,0,0
509,4,-5.3257424064354568,0.88297989121609244,1.1025781244115314,1.9735428065699741,1.5353109259323603,-2.8307657571565485,0.0613043579283,0.00072495409111,3.9183185551802547e-09,0,1.9591592775901273e-09,13,1,1,1,0,0
510,10,-2.0195123487200815,-1.4928242785263113,-1.7944062609132085,-5.3565139730411788,-4.6095171604775924,0.80157008940739105,0.113206304013,0.00048972001344,1.2888722351647319e-08,0,6.4443611758236595e-09,7,1,1,1,0,0
511,14,-6.0166526836714995,2.6800960497251176,0.27636513793275125,-0.95940729634965782,3.7713628907265524,-5.2126470026525968,66.4218668584,0.128385181464,0.004416885331194771,0,0.0022084426655973855,60,0,0,0,0,3
512,12,4.8257025280186125,-5.484262753036889,-1.2681319672682503,-1.1326598661688188,-4.7753918272085896,5.9468326513956251,0.102128900939,0.0065956092666,2.3681798166376734e-08,0,1.1840899083188367e-08,20,1,1,1,0,0
513,11,2.5678825423100338,6.1806507362157461,1.5025309183880697,2.0562767153916801,1.4344515549037411,3.1636765268563143,0.0403679469477,3.29686189141e-05,1.629902238536429e-09,0,8.149511192682145e-10,18,1,1,1,0,0
514,3,4.626253047603579,1.2074351340892282,1.1533952136500027,-2.0091694522506605,-0.22149057583174109,5.1503599462880469,0.32692723967,0.136520026025,5.7842548373810278e-06,0,2.8921274186905139e-06,24,1,1,1,0,0
515,15,-1.4891330429454412,-3.6296696790285905,-2.820122816287792,0.16399992814958597,-3.5955757104327444,0.67779349947456469,46.6371173075,0.113975635906,0.0021789778267726503,0,0.0010894889133863251,60,0,0,0,0,3
516,11,5.1153993318276534,-2.4048910743605143,2.7704637028340446,3.7491490807810619,2.5574149301901863,-1.8095754116282583,0.446997787894,0.0216632042733,3.4276227753698187e-07,0,1.7138113876849093e-07,19,1,1,1,0,0
517,14,4.3618546879057636,-0.20957018081208256,-2.2551617486595523,1.2092869417238381,-3.4916434207881348,0.51081951224648448,0.0406414609915,0.0365294179911,4.0813271945995742e-07,0,2.0406635972997871e-07,17,1,1,1,0,0
518,5,1.8608914450123586,0.88199534496778187,-1.2564407699325133,-4.778651989776133,4.4696286910342646,-0.72560554648384823,0.0505898054264,0.00608968679725,1.385584771231524e-08,0,6.9279238561576199e-09,13,1,1,1,0,0
519,6,0.10543873538323756,-2.9613249573519349,-2.1806579487435678,3.8473286502372317,-4.2221744622499209,4.4171398003606024,0.0140093855006,0.0583125089394,1.0360017098865103e-06,0,5.1800085494325513e-07,34,1,1,1,0,0
520,2,2.8210702389764877,3.3596252877219364,-2.3160973074797835,-1.0167855653630804,-4.4179389558868856,2.0470230039716171,0.143821113981,0.000650569100559,2.0813439150631327e-08,0,1.0406719575315663e-08,9,1,1,1,0,0
521,12,-4.2206124131210263,-2.5998162482992493,-1.1258295447053366,5.6256041270409529,-2.2248757738994418,-0.08633410380275279,0.245851781775,0.000900669982526,6.0690206207846204e-08,0,3.0345103103923102e-08,9,1,1,1,0,0
522,6,-3.1722368146984601,-5.9630852128102756,-1.9216165264699239,5.978084436220712,-4.1271657151703636,-4.2183663004980083,0.0806270603246,0.0536432881951,8.8306853148501059e-07,0,4.4153426574250529e-07,52,1,1,1,0,0
523,6,4.7054124978989718,-2.8215873298124006,0.98694573521930973,-2.7158800364710221,4.8285189284490659,3.2951258361494435,0.0131233571439,0.015448948267,7.2875262861745387e-08,0,3.6437631430872693e-08,17,1,1,1,0,0
524,13,-0.68076242357231931,2.5032563635315341,-2.4254893051894921,-4.6464893583873659,4.6139115719203465,-5.103833575519011,0.165528825605,0.758933730549,0.00017548106533139081,0,8.7740532665695403e-05,27,1,1,1,0,0
525,15,3.9155521382080107,-4.6270122271596996,-2.7027017202157748,6.0269096821842112,1.199638907915767,1.1115029293725782,0.210495244018,0.0652859251897,1.3426644629642631e-06,0,6.7133223148213153e-07,6,1,1,1,0,0
526,9,-4.8513873055513557,-5.6934872682838771,0.020457652962514311,3.4760489631313893,1.4530232524406683,3.5441997828185094,2.39688596632,0.0982025676661,8.6827148401274763e-06,0,4.3413574200637381e-06,16,1,1,1,0,0
527,2,4.9344964459165439,-3.022568876120094,1.2877405058418792,-2.1330786405489812,-1.4660290268164669,-2.6875610612467895,0.00815560116033,0.163947608777,8.1878228289317854e-06,0,4.0939114144658927e-06,24,1,1,1,0,0
528,0,0.63863648313082655,-5.3494662283464391,-0.13268943366732636,-2.6129637915816462,-4.5323951056734915,-2.1605423481485952,3.0441907206,0.010753706106,9.3023237704344215e-06,0,4.6511618852172107e-06,11,1,1,1,0,0
529,0,-6.1105252746807777,2.2747467292003147,1.2645383117401858,-2.8294273938857093,2.1923350621167632,3.1079528081395575,0.223906738309,0.0227295083925,2.0750889312096876e-07,0,1.0375444656048438e-07,6,1,1,1,0,0
530,7,-3.1769998380771671,-3.8125696622234768,0.49527001760633438,4.6095658304279761,-1.9921132911385995,-1.8011374161300582,0.233176502557,0.00151395653646,5.5069484086699848e-08,0,2.7534742043349924e-08,22,1,1,1,0,0
531,10,-2.4739418899926524,-1.1082588862609577,0.54018784061064784,-1.2708018804751537,-4.5366272776090488,-4.867477787157493,2.3898085547,0.246364202002,2.420003670819962e-05,0,1.210001835409981e-05,15,1,1,1,0,0
532,4,3.864782986093009,3.9304344410947398,-1.9540758361073751,-3.5322884627511808,1.9780485495406992,-5.5794641425469704,0.669334293896,0.0445074044903,1.0514278019870762e-06,0,5.2571390099353812e-07,9,1,1,1,0,0
533,1,-0.2718581338459749,4.3869145933026736,2.7847562671908626,4.8871751074348486,2.1048519331236184,5.1834429719920827,0.0919645640343,0.000129156426067,8.4625624776829869e-09,0,4.2312812388414935e-09,15,1,1,1,0,0
534,10,-2.9124435056355065,-2.6698407744857171,2.2445024782489007,-4.062613225409029,-1.5708075359268419,4.1997242456090449,0.233920815847,0.170585949452,8.9189537057337776e-06,0,4.4594768528668888e-06,16,1,1,1,0,0
535,4,-1.3620719371765466,2.5428027256322321,0.82277598091191495,-2.3284924713197306,-3.8463440947202434,3.7007178981974365,0.434688204193,0.0360331126714,5.8446458705561189e-07,0,2.9223229352780595e-07,28,1,1,1,0,0
536,0,-1.5229632873429007,-3.2571542756595573,-0.96479285193297637,4.3246405380846822,2.9082615380145085,2.1082739671213733,0.146924867418,0.128132174915,5.0227513162245497e-06,0,2.5113756581122749e-06,26,1,1,1,0,0
537,5,-4.6265233048309646,-4.7976484366767806,-0.2457835145385722,4.7625562045215615,4.4993284702183383,6.1376568558188502,0.0638869739189,0.819231724502,0.00020444520504601742,0,0.00010222260252300871,31,1,1,1,0,0
538,7,-2.5486794730736855,-0.61953796279485185,2.9901705092132373,4.8106464436783307,-0.63751554004533806,4.7659698113971753,167.429730394,0.984002937604,0.028327664025364008,0,0.014163832012682004,60,0,0,0,0,3
539,11,3.0389695548722715,1.0731992966186559,-0.12955024784747959,-0.1316199253614127,4.1087401858973456,-2.1319847226915831,0.454562443892,0.548372699638,9.1808928718872503e-05,0,4.5904464359436251e-05,34,1,1,1,0,0
540,2,-1.2975619683312494,-5.8082988833681659,-0.72304158796976603,1.5394163384905857,4.7172204335816286,3.4474825314464765,0.13102391117,0.012024093708,6.1208495295774995e-08,0,3.0604247647887497e-08,25,1,1,1,0,0
541,11,5.3747835970056563,-0.74205161030373468,2.5636265675753789,1.150641798205047,-4.7451019456303944,-0.73636316967953996,0.676345574142,0.0273113672962,6.8466075394965736e-07,0,3.4233037697482868e-07,15,1,1,1,0,0
542,2,-4.2632602828728157,2.1676139404538315,-0.99076091973448399,-3.0608602368592481,1.8301325541705278,2.6490533612161369,3.43708230194,0.328172038571,4.4619882556741556e-05,0,2.2309941278370778e-05,45,1,1,1,0,0
543,6,-2.0593102850776011,-2.0167769267569451,2.3247406592093474,-5.2154654671746448,4.603672235995167,-2.7309445141471613,0.363780434666,0.00861945457976,1.5496775501225183e-07,0,7.7483877506125914e-08,14,1,1,1,0,0
544,3,-2.8514421509252812,0.34291975462678209,1.0102415392311428,-0.65857126186000259,3.3649751193038653,-3.7026271889176496,0.161291592414,0.00375724405251,3.0315226218806249e-08,0,1.5157613109403124e-08,10,1,1,1,0,0
545,11,1.3908265055010498,-2.1435762102399001,2.2984348287500271,4.1739593286240257,1.6118706407844663,3.366631785906288,0.0381659514068,0.0165165101388,8.4554781522032856e-08,0,4.2277390761016428e-08,32,1,1,1,0,0
546,12,-0.38361234197667493,1.0056392360727562,1.513129660103343,5.995078535089891,-2.1095200341654832,3.8730093092833742,0.0686906989668,0.000649570805748,4.8469430784580897e-09,0,2.4234715392290449e-09,8,1,1,1,0,0
547,0,3.342112901735327,-4.4732270293816452,1.2078564136172487,2.3931633347436563,-3.8173228965984727,-4.1622456761309081,0.0994831980658,0.0726497301697,1.6176625593115574e-06,0,8.0883127965577868e-07,19,1,1,1,0,0
548,14,-5.6901362824315527,2.7397298083878137,0.43367770996643562,-0.066989033173824319,5.9618631936148248,6.0336863533380827,0.27171765279,0.0113618951375,1.1315435618043214e-07,0,5.6577178090216071e-08,23,1,1,1,0,0
549,12,-5.9555936963990748,1.943450182122926,-1.5577521012633007,5.5364795535850329,1.7660386681455833,4.5329653280091389,0.0383811588931,0.0125039720743,4.9099839081304285e-08,0,2.4549919540652143e-08,18,1,1,1,0,0
550,14,-1.5381840576984405,0.060246529706586935,0.97180825751677125,5.197464788815517,4.7791329776959284,-2.3547669636108006,2.06994162582,0.056975020752,5.2734930822669514e-06,0,2.6367465411334757e-06,29,1,1,1,0,0
551,10,1.6029295154834984,5.8734463915267119,-0.77508442627637864,-3.8498644641826107,-2.9621680249960596,5.8116914764665113,0.63828940124,0.0310817701345,7.0169707058826814e-07,0,3.5084853529413407e-07,26,1,1,1,0,0
552,14,-0.65002019786901688,-4.1942402062275699,2.7158853651844281,5.4315405255559579,3.5558798277207249,-0.38299299125290748,0.1401942938,0.0361313706465,4.1732515391011539e-07,0,2.086625769550577e-07,29,1,1,1,0,0
553,12,-0.26241468654518085,-4.3113020145048786,2.203996794891502,3.9838374786339896,-0.57985662934436077,-5.35243636140122,0.217006882996,0.021598395622,1.8919317865953157e-07,0,9.4596589329765783e-08,23,1,1,1,0,0
554,7,-2.30448739248282,0.54326388447457863,0.53057511661956713,6.0443828987307198,-1.5404171633856427,3.2003272032426917,0.452539602316,0.0409072940339,7.1454092444948789e-07,0,3.5727046222474394e-07,13,1,1,1,0,0
555,13,-4.4577329658456417,-5.0801462255808403,1.6874853582676965,4.9262536414210771,-1.4980552196016912,6.1012014793894354,0.104390320585,0.00811711389931,3.0967830870132888e-08,0,1.5483915435066444e-08,25,1,1,1,0,0
556,13,-0.079310695276171406,-3.9183124964943614,-2.1065736577785112,4.8595949535905234,-3.9415050619909815,-0.90924768719336013,0.213419763133,0.00955874186818,7.3380750676537133e-08,0,3.6690375338268567e-08,14,1,1,1,0,0
557,11,0.71973423702943951,-2.3503510453954486,2.2864872061692831,5.8694712290614737,-2.7111725177685355,4.870830824569313,1.3122960061,0.504950623295,7.9391987616760494e-05,0,3.9695993808380247e-05,12,1,1,1,0,0
558,3,-2.2203994697481071,-5.6583360046806979,2.3484525255216488,2.0262057431265648,-3.5892202038345293,5.9330146974001998,3.30248755941,0.131694057262,1.6189502906173645e-05,0,8.0947514530868225e-06,25,1,1,1,0,0
559,7,-1.9151703947965206,1.532987179506921,2.7121750696349611,2.0939635679183453,-3.8081045425581612,-4.4287401993136637,0.783395388174,0.0163533453022,6.9517275034377623e-07,0,3.4758637517188811e-07,11,1,1,1,0,0
560,13,-4.8598863181304708,4.7798133971734202,1.089613687260492,-1.1774265853717583,1.6207952417472606,-3.0920390666309023,0.842483338359,0.0176831910247,8.0503059406705e-07,0,4.02515297033525e-07,17,1,1,1,0,0
561,9,-2.704204625108912,5.7685965623631104,-1.626798216948121,-0.99438343142932106,2.7849435170266497,3.4656904200861982,0.221351527652,0.0593069613175,1.1204321199363522e-06,0,5.602160599681761e-07,6,1,1,1,0,0
562,1,5.8913764371751061,1.2083623391359273,-0.94286285159936412,-5.0714197799435086,5.6694411113347334,1.0731151190689165,0.0500142552718,0.00710689639964,1.7887035190737471e-08,0,8.9435175953687355e-09,12,1,1,1,0,0
563,13,5.1970407696927969,1.8891607592185296,-1.9157068693593744,-5.0666200326130983,-2.6953413130124804,2.7151070660176764,0.0923894235624,0.105442689019,3.3953212208956588e-06,0,1.6976606104478294e-06,18,1,1,1,0,0
564,4,2.0786398221621183,1.6669481656169136,1.7869586512798914,-4.7299140175650063,-5.2191276314472983,2.8653658276985068,0.030947402936,0.00740583563693,1.7664911052294072e-08,0,8.8324555261470358e-09,15,1,1,1,0,0
565,2,-2.5020004859359894,4.9495184046250476,0.48683016457277972,1.222993685608281,2.9002620280982709,2.0010093101405197,0.408295402726,0.00838465708309,1.8812049424360963e-07,0,9.4060247121804813e-08,13,1,1,1,0,0
566,3,3.5732140953777214,-6.190718584636044,-1.4650605456149777,5.0543687211514552,3.2792488336674395,-0.70912294388630748,1.70101138643,0.029168951091,3.152616677782497e-06,0,1.5763083388912485e-06,20,1,1,1,0,0
567,13,4.8449869081645671,5.138962527692243,2.0679093865748439,-4.6629417816175698,-1.9233997424101348,3.5067053871743896,0.130975666757,0.26672420503,2.1688186652133555e-05,0,1.0844093326066777e-05,16,1,1,1,0,0
568,4,-4.4748684470374958,-0.89560269526603697,-2.1805021041524983,-0.95105201528949557,-1.8777328426238906,0.22971872016858788,0.295724407069,0.121938157358,4.6167832096482944e-06,0,2.3083916048241472e-06,37,1,1,1,0,0
569,11,-1.6282254590024616,1.7954576892318228,0.67995125170791049,2.5147025300749908,-3.8733662395181643,-5.0887355563849361,0.11908542448,0.000756505188056,1.4355670903149357e-08,0,7.1778354515746784e-09,42,1,1,1,0,0
570,14,-0.13578499875235908,5.5542331485422682,2.3036532191839569,3.3298940235035381,1.6364764541058516,5.1430405567098205,0.86926661084,0.00145108945919,7.562658616253532e-07,0,3.781329308126766e-07,8,1,1,1,0,0
571,2,0.91331349212486201,2.5826476046761107,1.0603616493486228,0.9046765435445282,1.7811966403023562,3.3651319197093112,0.00691013409066,0.0162113917278,8.0104016979413019e-08,0,4.005200848970651e-08,22,1,1,1,0,0
572,6,-0.56427284939525868,0.86142903553382466,1.0803097135169937,5.9302329867381527,4.2619063247108606,0.44833528497358494,0.0213472864308,0.756078914683,0.00017413662588513582,0,8.706831294256791e-05,23,1,1,1,0,0
573,3,-2.2185374612877586,1.9152566419786137,-1.5745267253603987,3.9750942517061976,-4.4585087417384246,-5.0922335596918842,0.0220862976976,0.0118288347706,4.3110279681826139e-08,0,2.1555139840913069e-08,32,1,1,1,0,0
574,8,3.2523897797652528,3.270764427030965,-0.67178845036660295,-0.33729674918606017,4.4947508143085502,4.254525616682213,0.0334786283358,0.0503340516668,7.7287415612011509e-07,0,3.8643707806005755e-07,12,1,1,1,0,0
575,1,-0.56330933776086956,4.417577466876355,1.9667055426108677,-1.5988221726915206,1.7022362426926227,-1.4512403568952184,0.402969721397,0.147153239377,6.758593312464741e-06,0,3.3792966562323705e-06,11,1,1,1,0,0
576,15,2.6837228147902343,-1.9985072714410128,2.5642242822313928,3.0299361411856656,2.1225879432738024,-3.6687421212558666,0.685402254519,0.144307646779,6.813341693731634e-06,0,3.406670846865817e-06,12,1,1,1,0,0
577,7,3.3211449523488539,4.7310232963183028,2.8763915611078996,-3.4639940999691508,1.6958936893722105,1.554558589756998,0.130594270772,0.0420129751194,5.5473204892666946e-07,0,2.7736602446333473e-07,10,1,1,1,0,0
578,3,-0.75683686832122721,3.3774149994295342,2.4160545242812748,4.5786841675980368,2.8330430905438062,-0.30644913720928618,4.55168828174,0.268990908944,4.2758797472409092e-05,0,2.1379398736204546e-05,55,1,1,1,0,0
579,15,3.7449478650540229,-0.015473240613049215,2.8166286857409681,-3.0795243628083728,2.3351921981264572,2.2798420213807895,0.305395105815,0.259896849276,2.0669067805621474e-05,0,1.0334533902810737e-05,17,1,1,1,0,0
580,11,-0.27957841661945249,5.6927219831629339,1.9399526421177267,-5.8114300089287587,-2.0252928249419422,-4.4821963814204535,0.0410917456272,0.263411002556,2.1137676728777431e-05,0,1.0568838364388715e-05,26,1,1,1,0,0
581,2,-4.7627508400931458,3.2197963655110202,-0.62995692219006361,-2.0245740432148942,-5.6918280250258482,2.9517008336280544,0.281853549358,0.302870753485,2.8022208536631326e-05,0,1.4011104268315663e-05,7,1,1,1,0,0
582,0,1.2553765707653062,2.5664995752908406,-2.820422054734502,-4.3888036569745275,-1.5991178006885798,0.21792111696668326,0.0509084584469,0.0031804840969,5.6730222819464657e-09,0,2.8365111409732329e-09,27,1,1,1,0,0
583,6,4.3600746016079484,-3.0425939573558605,-0.63399237411050979,-0.45670346970632275,4.6000984185505009,3.926036857359898,1.9412522003,0.00720322792472,3.7842656346661956e-06,0,1.8921328173330978e-06,28,1,1,1,0,0
584,8,4.2974854511008509,-3.1211626607498566,-1.814536784313914,-2.7439613825554026,-5.2565180695859368,0.75728147196842521,0.0168092492894,0.027034437194,2.2291548027377751e-07,0,1.1145774013688876e-07,13,1,1,1,0,0
585,12,-1.2737730545899324,-4.4491807532196477,1.7124859056906279,4.543575912120918,-1.8003776808088587,-2.95030703581704,0.78524890946,0.0128690812247,6.6706453118220909e-07,0,3.3353226559110454e-07,15,1,1,1,0,0
586,9,-5.0294245056749727,-4.3769213019494106,0.42504205165976827,2.6716486406492073,1.3125905740261161,3.3578590388093721,0.00540481130351,0.0623919351932,1.1858297625222775e-06,0,5.9291488126113873e-07,20,1,1,1,0,0
587,14,3.9292272494085947,1.6688401842099332,1.7462569561612085,-4.7756735477775836,-5.4342958545528184,5.6798181306712365,0.0115299991041,0.104362271651,3.3178686166567624e-06,0,1.6589343083283812e-06,24,1,1,1,0,0
588,2,3.9559422873873347,-3.6754259161033875,2.4811928485803394,-3.6703202123313656,4.7123869285160582,-2.3435807408575302,0.0420383411244,0.000593909358959,1.8746693172419523e-09,0,9.3733465862097617e-10,26,1,1,1,0,0
589,2,5.0117696807016214,2.4926750943718052,1.8442212798118685,0.62892652888401734,-5.1552675094975111,5.7702716240075276,0.376139775915,0.00506626125567,1.4929974728698996e-07,0,7.4649873643494979e-08,22,1,1,1,0,0
590,6,1.0972307578056573,5.8274347293273916,2.6141004001461363,1.7294448728954435,0.69052888252952205,-3.0177337401742146,0.0418392876638,0.00278467062542,4.112648415924737e-09,0,2.0563242079623685e-09,10,1,1,1,0,0
591,8,-2.8638334065566773,-2.0835591799417439,-0.014969915596772243,-1.4459018020628214,4.2213110838759267,-1.2461018316875176,3.57016836548,0.0323716335239,1.3065317653809604e-05,0,6.5326588269048019e-06,30,1,1,1,0,0
592,0,4.0883718957354072,1.9593050598075394,-2.2954699211468244,1.6030046981723902,4.4813260909275172,3.4037122015111407,1.07443389775,0.185029572235,1.1583272699824113e-05,0,5.7916363499120565e-06,13,1,1,1,0,0
593,2,-4.1359192129209728,-3.5097271619549808,-0.51075153956211838,4.4126187315248302,4.2668143988053897,5.8720721595979377,0.0354256386583,0.951466687024,0.000275768010609489,0,0.0001378840053047445,16,1,1,1,0,0
594,1,1.9712413154379773,2.6421859283347979,-2.5035475348556484,6.1306643240728942,-2.1160462676445517,-4.3836897478833698,146.544516242,1.39269749788,0.022066133113427196,0,0.011033066556713598,60,0,0,0,0,3
595,0,-4.8172917661589505,-4.6879553632919224,-0.95412664936245872,-5.8770443289258507,-2.1395392022594306,5.8645202335673829,2.10493153472,0.102103038264,7.6063826344362584e-06,0,3.8031913172181292e-06,30,1,1,1,0,0
596,1,-0.62400529637700231,-2.4456987395546648,-1.9185091423936338,2.7908999600847446,-4.5053397569256282,4.7182596617577079,0.155104429112,0.00895887320077,4.8506407256544864e-08,0,2.4253203628272432e-08,17,1,1,1,0,0
597,5,4.1973429065743373,4.2854922265624618,1.4896635589973128,0.22904200122164073,-1.5582864346701031,-3.0030055494503221,0.0499378132275,0.0148642168105,6.9797463151387907e-08,0,3.4898731575693954e-08,6,1,1,1,0,0
598,6,-4.1001604578431046,-0.65595195764403535,-0.78757098032887629,-5.4528898856948196,1.2125704884926696,2.8188587901198465,0.226732105951,0.0163356648669,1.3269580855559957e-07,0,6.6347904277799783e-08,17,1,1,1,0,0
599,0,-1.1352962862764659,4.9954401541082518,1.4078143869165891,-2.1152556348052891,-4.9369368882275548,-5.9045866875239774,0.0465745810686,0.0177945483255,9.8625063909334207e-08,0,4.9312531954667104e-08,46,1,1,1,0,0
600,2,-4.6125008962139882,-2.3415721355698267,-1.4053560733694137,4.7985320238442215,5.6897145626342613,6.0804985181572295,0.0297627028409,0.0427747493905,5.5823797098148555e-07,0,2.7911898549074278e-07,27,1,1,1,0,0
601,15,1.2580923111672802,-1.1874412136972281,-2.1941553765028869,1.819298160083981,1.4079440913409056,3.4746732083881011,0.793059247599,0.0532905974602,1.4940222575190747e-06,0,7.4701112875953733e-07,25,1,1,1,0,0
602,2,0.12599430405335038,-4.5518791951569844,3.0503410020272117,-6.2022768622514457,-4.3189526999636687,-3.5842555478105877,0.539273130888,0.716834750128,0.00015681910387168251,3.7107043193496728e-05,8.0264904095516093e-05,50,1,1,1,1,0
603,11,2.0122488526228537,-4.0643684966682851,-0.090424604209020432,-0.46210614281464979,-1.6282962512312114,5.4148651001409744,92.7743484669,0.403122217111,0.0086565823554918871,0,0.0043282911777459436,60,0,0,0,0,3
604,1,-4.6370889994230025,-1.2383187891191556,-1.390774400050893,-3.5645434838164682,2.1516256038118176,-2.6738277134848265,0.173703686233,0.00256095240039,3.2170797012387277e-08,0,1.6085398506193638e-08,5,1,1,1,0,0
605,12,1.7450836046335516,-1.3390601867127767,-2.3108336798078724,-0.74374914058284392,-0.89262639655070741,-0.040170879941612218,1.17938364195,0.0336360894322,1.7355858150428824e-06,0,8.6779290752144119e-07,21,1,1,1,0,0
606,1,4.7120673669460285,0.37678097682947564,-1.8521814759324795,3.0601809719260902,4.4216940849429616,-3.1736708682292578,0.0233217175276,0.0624155164976,1.1872409794310772e-06,0,5.9362048971553862e-07,17,1,1,1,0,0
607,0,1.6363082559576909,0.57101464913606348,2.546398939749813,4.6947554647912604,-0.80854540617244419,6.1443695084110814,0.0447511619341,0.0395729648161,4.79039499426717e-07,0,2.395197497133585e-07,49,1,1,1,0,0
608,6,-3.9585920739306801,-3.9212707633615618,0.22842536222536602,5.3285453227302382,1.3761813760611554,-6.2370701948940823,4.74907367209,0.297870842589,4.9581502387166676e-05,0.0016715740434269527,0.00010836945336493098,23,1,1,1,1,0
609,1,2.2153444762632466,-1.8529596345983843,1.6069580677937882,-2.5502904012178278,-5.0442283839393358,-2.7213139545698435,0.0286327330956,0.00695867923407,1.5570388728180756e-08,0,7.785194364090378e-09,48,1,1,1,0,0
610,2,0.47582588667888703,0.76083807823062266,-2.2740822974886949,2.2719111282657853,-1.6189919036577367,-5.2885421807223727,0.0441745499059,0.00292305297807,4.5541148100652288e-09,0,2.2770574050326144e-09,15,1,1,1,0,0
611,6,3.9338510311997816,-0.24222588846072141,0.62655333898801724,3.9350060484284279,-3.1482139163153651,0.59672111324228649,1.59977020935,0.0359448168482,2.9528395244470307e-06,0,1.4764197622235153e-06,10,1,1,1,0,0
612,7,3.9566108492857479,-1.4151272723985013,-2.6011702100026119,4.0218457403536672,-3.4738618402466463,-4.9216194036187622,0.137278055734,0.00155218959694,1.9579177064725271e-08,0,9.7895885323626356e-09,16,1,1,1,0,0
613,4,-0.66572000795628017,3.1932213011070201,2.3036110750470824,-3.957083923153367,-1.6719252207793336,1.8373349813384983,0.188494190385,0.0551256033563,9.612112671045244e-07,0,4.806056335522622e-07,16,1,1,1,0,0
614,6,4.6489436602495919,-5.7183941464080839,2.4354278517849206,-0.95803693658152522,-1.6649389602757412,-3.2056785365153684,0.0811209129458,0.0133628780674,6.0975072128335429e-08,0,3.0487536064167715e-08,24,1,1,1,0,0
615,0,-2.538405102943349,-1.2437246557423132,2.3689547058825076,3.5640693165518065,2.0239885810992591,-4.657115945012321,0.011476433995,0.174015884115,9.2244126120100074e-06,0,4.6122063060050037e-06,36,1,1,1,0,0
616,10,1.8186154887536048,-1.6928253646208471,1.3550881092793878,5.139308471471459,1.6410272692789323,-3.667556248281779,0.411476924044,0.032352453589,4.8815060171915458e-07,0,2.4407530085957729e-07,8,1,1,1,0,0
617,11,0.340275831044973,1.2869957258947669,-1.978851285104916,-2.424686838774861,3.7749296710754781,2.3045980760894866,0.21991541717,0.0854899434789,2.2746684745650749e-06,0,1.1373342372825375e-06,12,1,1,1,0,0
618,12,-5.0538277016906621,0.029090147335860128,-1.0277131829618917,-0.64632242304273346,2.0261121895157426,3.0763795796532256,0.100789856973,0.340162554446,3.5257611874605587e-05,0,1.7628805937302793e-05,26,1,1,1,0,0
619,13,0.71247143274658309,-6.0060587126137621,0.2431581066829448,4.557399317001237,1.2041058111857976,3.5214527240078004,0.2841883049,0.525748197228,8.428041945044012e-05,0,4.214020972522006e-05,54,1,1,1,0,0
620,3,-1.3714708244382863,-4.0418011576587016,-1.7546356016569908,5.1438723829256441,-1.8552777961693252,-2.1418582984744883,0.119264448644,0.0587671034113,1.0662423354519319e-06,0,5.3312116772596594e-07,10,1,1,1,0,0
621,11,-2.8543403872456143,5.1786534233813954,2.1009531201206082,-2.7266958029256245,-4.5963514467438467,1.4597672850162238,0.188729354597,0.00712332689717,5.1075601238736754e-08,0,2.5537800619368377e-08,15,1,1,1,0,0
622,6,2.3577803209589585,3.8710965403884949,1.0006881223937103,-0.2904990030400561,-4.9010539408666629,-4.0728434524955279,0.219228003473,0.00732899094111,6.4423170557429182e-08,0,3.2211585278714591e-08,10,1,1,1,0,0
623,15,-2.9446371512598146,-4.7349867607673,2.634193562036995,-1.2295307096091825,2.1363061696363186,-0.20250139356200292,1.10482317459,0.000720676956049,1.2207924578601894e-06,0,6.1039622893009468e-07,11,1,1,1,0,0
624,0,-4.6195464801842148,5.8569537615609786,1.0598547084123187,1.2580294702673964,4.7029107381161275,0.065920807857172511,0.27521939171,0.0603604828747,1.1855851327790132e-06,0,5.9279256638950661e-07,17,1,1,1,0,0
625,11,-4.8777022865606368,-5.0811921039727244,0.12420159964700878,6.1115795906272039,-1.7358304883869853,-5.690250115926986,0.0571544693516,0.0664395332917,1.3479123764829674e-06,0,6.7395618824148372e-07,25,1,1,1,0,0
626,7,-1.5966976413402327,-3.8448221905509916,1.8433174274280104,0.40893257199494154,-5.0462802174858723,0.074351027874272183,0.0383830486056,0.00327857350402,4.7476045361196415e-09,0,2.3738022680598208e-09,20,1,1,1,0,0
627,4,-3.2237566364821384,0.83002248289002756,2.068125043184168,4.8477162687647146,-1.0505431987948299,-0.73416817668057344,0.179749001042,0.0200461636292,1.5471981027910304e-07,0,7.7359905139551522e-08,11,1,1,1,0,0
628,11,1.8515937274363927,0.59618788132796707,-1.015443889106576,1.5934470231767397,-2.4962391913094719,5.9609268724804121,0.245051458908,0.0606943146274,1.1821998161547542e-06,0,5.9109990807737712e-07,22,1,1,1,0,0
629,12,2.3089825325881619,-2.9569617462480693,-0.54035391907625774,1.8009065651905034,1.6187036154666143,2.4100905118720011,0.0782807575958,0.0898485801606,2.4652334398001052e-06,0,1.2326167199000526e-06,13,1,1,1,0,0
630,4,-6.1476452495157377,0.12574507150562414,0.55926104611327765,-4.8746603695479473,-1.6441849589498183,-4.2893990974336038,2.09729604952,0.0818840605971,6.4411103300834091e-06,0,3.2205551650417045e-06,12,1,1,1,0,0
631,0,-0.16310378906061329,1.4635397536874322,1.8186424452413397,-1.9660972243477972,5.0628196025998546,1.8803320989234715,0.0749316668305,0.00117605256008,6.0360709327817216e-09,0,3.0180354663908608e-09,13,1,1,1,0,0
632,10,-0.53665404830500507,1.6062100658244109,-0.31815157817418316,-0.81026318735314107,5.9273309835113128,2.9540461723085811,0.577652863615,0.0140004550257,3.9339172622933906e-07,0,1.9669586311466953e-07,10,1,1,1,0,0
633,8,1.3652067855070109,-4.0243164598774808,1.4940745816992764,-1.2846506542823866,3.1126285668006055,6.0964753514194072,0.925916109239,0.00186527473407,8.5838048145553457e-07,0,4.2919024072776728e-07,45,1,1,1,0,0
634,10,5.2544742171281795,-4.7891332352950613,-0.47260069037154456,1.1961708350104703,-0.67959826917221844,4.253915634913298,0.386011558625,0.00168702036722,1.498718760586127e-07,0,7.4935938029306351e-08,13,1,1,1,0,0
635,13,0.66632979021376604,4.1110114236209006,2.2851631565220574,-5.7123656464882426,4.6254494754584456,0.9242993284833062,0.168614088809,0.038398390645,4.7756972400966461e-07,0,2.387848620048323e-07,39,1,1,1,0,0
636,6,2.4316608911842916,-6.1061567915337092,0.22481488999598595,6.0162200803704033,-1.20704702155167,-0.22964152971389332,2.6280653461,0.0102832861774,6.93893952930732e-06,0,3.46946976465366e-06,18,1,1,1,0,0
637,7,-3.2983424728257296,4.0428582210139332,-1.8387274205703983,-3.5690983592065684,1.4234655652284123,1.6287049123075721,2.54307618866,0.0533549212139,7.3344054154501407e-06,0,3.6672027077250704e-06,7,1,1,1,0,0
638,3,-3.4311447032795441,1.0958667397524315,2.7947235500830927,-4.2922591536034371,-5.2210478540481953,1.5248638648640567,0.369321381677,0.00547288671119,1.4552233286500194e-07,0,7.2761166432500971e-08,14,1,1,1,0,0
639,9,4.2296989673094689,4.849568427825047,-2.6905589456076147,3.5084672716589296,1.1677749846727092,-5.1304269971336058,0.536878154812,0.0868088560365,2.583767247096195e-06,0,1.2918836235480975e-06,10,1,1,1,0,0
640,10,-6.1623918950241787,-1.5693432540721466,3.0509397000932275,4.6820658297071223,-2.3621785307876086,3.2389676448319427,49.0477890891,2.92106171204,0.0050048646753067935,0,0.0025024323376533967,60,0,0,0,0,3
641,12,-0.24928886816344706,1.7829031107708295,2.5724203084060937,0.37272280087619597,1.7662683134955675,-1.4545993526638896,1.97527440208,0.0241045156227,4.0787001142085181e-06,0,2.0393500571042591e-06,21,1,1,1,0,0
642,2,-3.371346356510891,4.6714124127797785,2.6631365494318153,0.14275167298822997,-2.0635251298089892,-0.8479738062711073,0.178622920952,0.033333446891,3.7037225376674091e-07,0,1.8518612688337046e-07,22,1,1,1,0,0
643,2,3.060370672436926,1.866422596630734,-1.1845739315436981,-0.93066097652864854,-2.3268048190880362,4.8761208856165554,0.0418770621383,0.00107223351043,2.1039023204866648e-09,0,1.0519511602433324e-09,12,1,1,1,0,0
644,2,4.5301092810893806,0.8555796692022436,1.866380892663243,2.1726904178245561,1.4264489943525642,5.8205799459476664,7.68212496767,0.103708180431,6.2291322160697632e-05,0,3.1145661080348816e-05,60,1,1,0,0,1
645,4,-0.97651132294444665,-3.1234931792512364,-1.7395881928924277,3.9473220912416926,0.12149197822630987,-0.37240212428884717,0.0438210167234,0.0470370419894,6.7588124149549849e-07,0,3.3794062074774924e-07,19,1,1,1,0,0
646,0,3.7772163129670484,-3.6321640970840985,-1.6849650459562797,3.1551355828408174,-3.854388350645694,-5.5679139340899235,0.320236721489,0.182264615337,1.0222061045147012e-05,0,5.1110305225735059e-06,16,1,1,1,0,0
647,6,1.0186171673075668,-1.4438219058416681,0.15925896595070976,-0.25816350414040307,-4.5148975904311124,3.0480076042908304,1.99241419204,0.00129076800674,3.9702218302635385e-06,0,1.9851109151317693e-06,51,1,1,1,0,0
648,2,5.0880720199634961,-3.4906594912212943,-2.9985557485354333,5.3639233703914675,1.1989943939252941,6.0808014028510016,3.81171010332,0.0107912493127,1.4564606933744299e-05,0,7.2823034668721494e-06,27,1,1,1,0,0
649,6,3.3716501224933348,-3.3535052577530657,-1.9424402696439182,1.3604852674038757,-1.3982988651815063,-1.2148060382782542,0.0116880180693,0.0263035173951,2.1089379541407836e-07,0,1.0544689770703918e-07,44,1,1,1,0,0
650,6,-1.1656229970340406,2.6473607039322737,-2.1433543480555817,-0.90414978346475361,1.0166471607090048,-0.85607096155393114,4.23436048171,0.948099336609,0.00029174807764500407,0,0.00014587403882250204,53,1,1,1,0,0
651,1,1.3503307068428916,-0.9149411534623435,-2.9064684558539096,-0.93148841548171313,4.7668321473436821,-6.1285154542703681,0.129321040527,2.21486302151e-05,1.6724080956719747e-08,0,8.3620404783598736e-09,16,1,1,1,0,0
652,10,4.205627404141647,0.42173875954994278,2.7168474212443376,-1.0065461664507607,4.2960469871499836,3.3323925095971001,0.0572814578101,0.289907386092,2.5605245932652654e-05,0,1.2802622966326327e-05,11,1,1,1,0,0
653,5,3.5307835709571824,-0.43308939536213165,0.64385078134567963,1.2166346458070676,-2.0717261014908872,-1.7616334397967004,0.026959586996,0.0735035739382,1.6465063157899575e-06,0,8.2325315789497875e-07,19,1,1,1,0,0
654,4,-1.9015014870649178,0.30800151559239469,-1.4013677377586613,-0.24053780447347314,1.6134229327584311,-5.6765143546304335,2.6486076521,0.129612838013,1.2132539115332863e-05,0,6.0662695576664314e-06,43,1,1,1,0,0
655,6,5.9549595898971184,4.6498394254774125,-2.8176190303985567,2.4099018816173916,1.9208366594844155,4.6673790809831388,0.0143284236733,0.174775293195,9.3051718032405351e-06,0,4.6525859016202675e-06,48,1,1,1,0,0
656,15,3.6335334655667153,-4.6167414071790089,-2.9110816638087895,5.3261726114776744,1.821909690070614,1.4726296573757653,0.167202133055,0.0254729121279,2.2561343070482032e-07,0,1.1280671535241016e-07,14,1,1,1,0,0
657,3,3.6325301618791146,-4.3241378029685968,1.4727705963346922,4.5533631175430429,4.5009820747638205,-2.1915738328785976,0.0448170676785,0.00471565100531,8.7824581228815835e-09,0,4.3912290614407918e-09,26,1,1,1,0,0
658,8,-1.2340478981482166,-5.1595161189871535,-1.1332396304257562,-2.7144637789930712,1.8946735097973835,4.9935593475870972,0.0277902642987,0.0100152226568,3.1326853085955966e-08,0,1.5663426542977983e-08,35,1,1,1,0,0
659,2,1.9908913927633074,4.95667845201329,-1.2514240503565763,3.9038962717134003,5.1349359747974495,0.21556698673449581,0.0545871072805,0.00551942710139,1.2259640364652484e-08,0,6.1298201823262422e-09,57,1,1,1,0,0
660,4,-3.0401552817221624,3.4733104774846333,2.1656443459181078,1.1164759767126777,-0.89559471811428493,-2.041710367587402,1.60669234107,0.273211590195,2.5319497512350584e-05,0,1.2659748756175292e-05,23,1,1,1,0,0
661,12,-2.3892790446746379,-3.2689169604470356,0.73479303120186235,4.0662311923703101,-1.4242950859304175,-1.6537031028615889,0.0380124175312,0.269191458461,2.2075254234624755e-05,0,1.1037627117312377e-05,15,1,1,1,0,0
662,7,-0.45707719375546341,-0.26268822209197562,2.8947180725626773,-4.3455123029430585,-4.8149452723708128,-1.2195816526070604,0.183694023148,0.00513569945221,4.1777903134188069e-08,0,2.0888951567094034e-08,17,1,1,1,0,0
663,14,-3.2969154835127901,1.0713436192893955,-2.5014496559947133,3.740844384323017,-3.5222686447381113,0.2583427510615286,0.560560595873,0.0986215001855,3.2769982210095964e-06,0,1.6384991105047982e-06,12,1,1,1,0,0
664,9,2.5335643788076916,2.556796540709513,1.9075354441926413,-0.16426133955508912,-4.8556088320501729,-6.1223643525419602,0.0152317472778,0.179302885046,9.7935372328642716e-06,0,4.8967686164321358e-06,10,1,1,1,0,0
665,5,-1.986346378784402,0.11624808025560029,-2.5386376026941173,1.0841747849634977,1.8994033309979299,0.8170987949062154,0.0392269283596,0.0279985080073,2.4033335842932213e-07,0,1.2016667921466107e-07,24,1,1,1,0,0
666,12,-0.38178790182712641,2.5563721439863372,-0.87549127648866665,5.8885306299992939,-1.3757605494888154,-3.9631436503239703,0.261728711694,0.000381196041838,6.8546182610777402e-08,0,3.4273091305388701e-08,17,1,1,1,0,0
667,2,3.8053416372529849,-1.9616137804874689,-1.6436101879807363,5.4661037904481651,4.5666998931751914,3.5773104871010832,0.0610702980973,0.0278047327479,2.3923027210752738e-07,0,1.1961513605376369e-07,22,1,1,1,0,0
668,3,2.7497114420599984,1.8037573985667295,-2.1227926300442159,4.912906438021035,-5.3446782338803018,-5.0957157301638949,0.111137302552,0.0366034649412,4.2048207576721388e-07,0,2.1024103788360694e-07,13,1,1,1,0,0
669,10,2.9650800975705054,-0.83186252511290071,0.79485372944261501,2.0353826597229592,4.9673504119997354,4.5266519570438355,0.0958871097819,0.0097883326316,3.8380176245744957e-08,0,1.9190088122872479e-08,25,1,1,1,0,0
670,2,3.7234292954830224,-0.71983429780328356,-2.4455614275275668,4.9690897048828511,-0.98786883789397018,-2.2837167122862998,0.0515131522071,0.0701873360728,1.5032788686515761e-06,0,7.5163943432578807e-07,27,1,1,1,0,0
671,13,4.3012819689763084,0.93285023038289727,2.187602356446666,2.3112734564083501,-4.3785008568435355,5.8457319692111573,4.54833956245,0.135349943545,2.6267864257553616e-05,0,1.3133932128776808e-05,21,1,1,1,0,0
672,13,-5.3911223676415405,-4.8042679806490307,0.95077274083401708,-3.9556280729864799,-4.7602725821354275,-2.5526104080050227,0.0867769820279,0.00963998770647,3.5838147383561576e-08,0,1.7919073691780788e-08,16,1,1,1,0,0
673,7,-4.3106132746724057,-5.8653243125132581,-2.5745769888757306,-2.3257290502376389,-1.7421518079496356,-0.47150904815916234,0.339617070928,0.016686339139,2.0015557528729807e-07,0,1.0007778764364903e-07,9,1,1,1,0,0
674,14,0.035526038902729019,-1.1034161987877733,-0.78239728712947776,3.1277255430261741,-0.72730913335709801,-4.5661329060952021,0.0441583481094,0.0221754986492,1.5174641064325402e-07,0,7.5873205321627009e-08,22,1,1,1,0,0
675,9,-4.4796976006792448,-0.39233499117077969,0.94240847304618491,1.0958774104728721,-2.5231457696047768,-0.39591663030969637,0.432579498072,0.0703862164402,1.6962665725648166e-06,0,8.4813328628240832e-07,18,1,1,1,0,0
676,10,-2.127370698455977,2.0805473052802221,2.4388720258972252,3.467856279362723,-1.499232228378766,3.5392327639912988,0.119797796279,0.00989733669302,4.4191003931231516e-08,0,2.2095501965615758e-08,25,1,1,1,0,0
677,12,-5.4217576153694713,-4.1860330577605396,-1.3127363585668737,2.5183501670644755,-1.524935278741941,5.4124940507398591,0.650630933704,0.0355558148669,8.0842281898667336e-07,0,4.0421140949333668e-07,6,1,1,1,0,0
678,8,-1.3773723012633239,5.7916075429368501,0.98523194070797493,-2.5175681219723001,-4.7752240179524508,-5.9815644922475117,0.246179705268,0.0302732885163,3.3977778249893247e-07,0,1.6988889124946623e-07,17,1,1,1,0,0
679,12,4.1825181639492222,-2.8310485430383023,1.9034055824965541,-5.8137248760700251,2.4543737684092362,0.61668698570611957,0.0141585551519,0.916125575956,0.00025566135785159657,0,0.00012783067892579829,20,1,1,1,0,0
680,6,1.1152813040745813,2.1989553071138892,-2.6084334850660698,2.3567976395373447,-1.9396088786796033,-6.1310746642121847,0.0406865348579,0.145656861688,6.4643946162198553e-06,0,3.2321973081099276e-06,25,1,1,1,0,0
681,0,-4.4899676638659285,5.0653126965913984,2.746948772328369,-5.8673550204182821,-1.7718060733206054,-0.20508890400209889,0.375502911229,0.0693671957427,1.6067629266584051e-06,0,8.0338146332920253e-07,20,1,1,1,0,0
682,0,-6.0149772891748023,0.69938001799210081,-2.8831767670725155,-4.0528229480971145,-1.9664914254846935,-3.8207330000572455,69.3802295441,0.203674617939,0.0048262528026255429,0,0.0024131264013127715,60,0,0,0,0,3
683,5,4.3937691489297155,-1.9149057479796578,2.6197074321770875,0.91465364574904084,-2.244586503996056,3.125838539246125,3.97528247769,0.0797099272594,1.7738310101649652e-05,0,8.8691550508248262e-06,16,1,1,1,0,0
684,9,-4.2545108167231867,2.3398196275501224,0.24041918981822269,-0.94985179050687063,-2.4761522154627906,-5.4745335904765211,46.4902072959,2.14172294436e-05,0.0021613393745519398,0,0.0010806696872759699,60,0,0,0,0,3
685,10,-4.6509514839875061,0.34878898593279628,2.6672584612680437,0.38930719410733672,2.0864340426044725,1.8667890110261531,65.7448656427,4.22778635847,0.0097671731870727085,0,0.0048835865935363543,60,0,0,0,0,3
686,12,5.1727842171956029,-4.0718817738102588,2.6251035761839026,2.7985104612878446,4.9198231659968794,-3.4992661338008091,0.267077697009,0.0800289250415,2.0222920091755008e-06,0,1.0111460045877504e-06,20,1,1,1,0,0
687,5,-2.8220114720429272,-0.8324086931309379,2.5191569258437236,-3.2528375615644789,1.3317907022176139,1.0427382405940608,0.305885333096,0.00539657506698,1.0243721695941766e-07,0,5.1218608479708829e-08,28,1,1,1,0,0
688,4,3.4285921784622229,-1.3703842240938213,2.6918533647579932,-0.075790673247809956,-1.8896028894059989,-2.2701048835485604,0.017574564025,0.355645651541,3.8529486640063549e-05,0,1.9264743320031775e-05,22,1,1,1,0,0
689,7,0.18298225991447759,-4.1266803169528883,-0.2735506013255824,-6.1336623686461991,4.7219581413782024,2.1133057191940923,0.00756958731434,0.3034078884,2.804202411858365e-05,0,1.4021012059291825e-05,10,1,1,1,0,0
690,1,-4.7895315230768363,0.28308613014926864,2.7978271509528923,-0.70359815367692236,-1.0082180513973649,5.4476264972354222,0.155712890995,0.278398642983,2.3633864663695853e-05,0,1.1816932331847927e-05,16,1,1,1,0,0
691,8,-2.0603608133804578,5.6081558484766232,1.0568208138560908,4.4021787099958782,-4.0826439934907395,1.1651809160009414,0.221020130668,0.100636266303,3.1339109756848768e-06,0,1.5669554878424384e-06,18,1,1,1,0,0
692,0,-0.34174131270922731,-3.8136195708652036,0.32152566679462558,-1.3492218665108198,-3.844079883760315,5.9232728694392254,1.71970648312,0.0233276616997,3.1231570347847945e-06,0,1.5615785173923972e-06,12,1,1,1,0,0
693,0,0.31778448639465695,-1.1671637545205131,2.9701745459241042,-1.697222091714043,-4.1589738209483986,-0.64970834867397498,2.51680773882,0.0307698104613,6.6227272513572861e-06,0,3.3113636256786431e-06,13,1,1,1,0,0
694,11,-2.8117535897182888,3.4891940803740074,-1.3756016537118569,3.633366950888504,-3.4015262590052271,0.6575517222552425,0.0218594595397,0.00414794641195,5.718918631124944e-09,0,2.859459315562472e-09,25,1,1,1,0,0
695,4,-0.4040091194008309,-2.6144457299056456,-1.5462194892031418,4.9971349757441255,4.068259898539325,1.4870761371194079,0.0347756374063,0.00885099499007,2.5073107835991138e-08,0,1.2536553917995569e-08,36,1,1,1,0,0
696,15,-5.2659545925114886,3.9111374789794811,-2.6433414628817165,5.2866031464758763,-3.9622714040338165,-0.86616326191358217,0.0500028663663,0.0626685155734,1.1988373304552941e-06,0,5.9941866522764707e-07,43,1,1,1,0,0
697,5,2.2482837844473771,-2.7711090666004181,-1.344048191703354,-0.083483470181264716,3.9725910748862576,5.0583786444778225,0.0289128981899,0.00205138439697,2.1178399890911435e-09,0,1.0589199945455718e-09,13,1,1,1,0,0
698,2,-3.3942103858736807,-4.1000467879580027,-1.48671910672347,0.67886526315300755,-2.098043554840157,-0.6248354344610717,4.07259818624,0.0301031695799,1.6862100541745436e-05,0,8.4310502708727182e-06,16,1,1,1,0,0
699,12,-4.6332641587289345,1.0273332534938029,-1.1391478848132386,-2.6528020313004941,4.2342874373310693,5.7980158144704008,1.8313746382,0.0283835191674,3.5993402184867271e-06,0,1.7996701092433636e-06,28,1,1,1,0,0
700,13,5.6465960480704975,-3.7172038416817421,1.6913136265921953,-0.1836774230272345,1.7919876074558874,4.6007276035931417,0.0612131385836,0.000337121068131,3.7816682922209765e-09,0,1.8908341461104882e-09,7,1,1,1,0,0
701,15,-3.506896999156583,1.0837762500724517,-0.26410922969620548,-2.5686711380428897,-4.1473266543761325,-4.4582777629612034,129.51334785,0.0854217497925,0.016775930026603415,0,0.0083879650133017077,60,0,0,0,0,3
702,7,0.87583078913766954,-5.8950958054317075,0.50012651848189948,-2.1090377766150916,-4.0119239694305051,-1.9961848804812299,0.189065147319,0.00336347429359,3.9191754409969914e-08,0,1.9595877204984957e-08,20,1,1,1,0,0
703,13,-0.97124778866635397,-3.2669134634392609,-2.5057017745215,1.3142443892583127,-2.1839301616641342,2.5704992125143002,0.363842160842,0.00771894596791,1.5053087175422161e-07,0,7.5265435877110805e-08,11,1,1,1,0,0
704,8,-1.4501996560868897,0.78221258526577331,2.5815091061408593,-1.7611000341714305,-1.8175602113159668,2.9593905737032227,0.107258778261,0.00117495663602,1.1924976897652321e-08,0,5.9624884488261605e-09,16,1,1,1,0,0
705,13,3.7462290360000452,5.2020048607213853,0.81666226716776769,4.342183875339205,0.78547568978741811,-0.64578713015280476,0.391964005783,0.00163188123764,1.544469890988016e-07,0,7.7223494549400798e-08,9,1,1,1,0,0
706,9,-5.13513857550286,1.501729699534688,-2.3701490097741624,-4.4207458883128306,4.549859483222761,0.05979133272310478,0.245884352722,0.0277629097362,2.9525187295003238e-07,0,1.4762593647501619e-07,36,1,1,1,0,0
707,8,4.3468178138606204,4.8692391278079521,2.3968096769192702,-1.1849514589952559,4.4197027226095473,-1.7548179349927586,0.219392361679,0.0268907544321,2.6840572531031704e-07,0,1.3420286265515852e-07,14,1,1,1,0,0
708,2,0.14670453898683733,1.5758406202034378,-0.85029760102668017,-5.2927988065979239,-1.2230321106546305,1.0738830793977234,0.563804275618,0.115667778841,4.3933624010007077e-06,0,2.1966812005003539e-06,13,1,1,1,0,0
709,7,4.2377089982204597,4.0420796140293911,0.34409654184312394,-1.7457004479325504,-1.8000781128717651,3.8132368530484131,0.173859107365,0.0659232630498,1.3540567092094749e-06,0,6.7702835460473746e-07,11,1,1,1,0,0
710,12,-3.8016174235909048,1.9642294624008523,-2.2119538281930171,2.102495983501079,-1.4186488312837398,-0.85878780333770677,0.0952056749214,0.0453004741259,6.3417956666303113e-07,0,3.1708978333151556e-07,38,1,1,1,0,0
711,2,6.1612598668134275,0.5406135721820815,0.20390651009119254,-2.6959440742238159,1.9868596419217848,5.276883349114696,117.683701845,0.0199674234351,0.013849575130383656,0,0.0069247875651918282,60,0,0,0,0,3
712,12,-4.1151525427663769,-4.2288190514071315,0.90660192045715227,5.2492478166578254,-0.92599490782151628,-0.97783328410788783,0.030693675663,0.282925529766,2.4384608653677957e-05,0,1.2192304326838978e-05,11,1,1,1,0,0
713,1,2.0469154350383554,-1.2041960753835881,0.55201138011826756,-1.1679782369108827,-5.1708485667338113,2.0164916665102339,0.214482488635,0.0451260470986,6.663135054966521e-07,0,3.3315675274832605e-07,25,1,1,1,0,0
714,0,0.55673747036511834,-5.7188301933073884,-0.69287971505402024,4.7110226446431582,0.43876811429161711,-2.3533163197922167,1.11862026079,0.0532552990144,2.1152449381287099e-06,0,1.0576224690643549e-06,24,1,1,1,0,0
715,13,-2.1711571191261703,-3.423079896364785,1.2665142829252363,-2.7669546077025422,4.7635318579874513,-2.8107444098143808,0.22048302178,0.193179310541,1.1416400576760343e-05,0,5.7082002883801713e-06,18,1,1,1,0,0
716,1,-5.2999296484398402,4.0528319017267975,0.69785019630772105,3.6954692147660855,4.6684807911048765,-0.090406291523785612,2.5050828822,0.775214949284,0.00018933778188984883,0,9.4668890944924413e-05,20,1,1,1,0,0
717,7,5.0739590184488872,-4.362446747395829,-2.0221646284302444,4.7729316181916515,-4.4444372752345256,-0.17459511842413003,0.029851247386,0.00430972837061,6.5489873996280621e-09,0,3.2744936998140311e-09,45,1,1,1,0,0
718,13,-3.0001360868598925,0.29264784273897915,-0.3936627471504236,-4.4857537176207867,-1.287009537940472,5.0189426754111892,0.550437223282,0.00603041438771,3.1405882269631832e-07,0,1.5702941134815916e-07,26,1,1,1,0,0
719,4,-0.69889319224466717,-0.46619234304494722,2.1882835901934468,-0.26718547245776408,4.5300127322071067,-3.5110743871735806,0.0173737050779,0.042411548074,5.4822920358176039e-07,0,2.7411460179088019e-07,12,1,1,1,0,0
720,8,-2.2414128050396704,-1.2658786309265349,-1.9358232645862681,-5.9183444344243465,-0.91789537092274764,2.8253786112214154,0.0688292378428,0.0397831710815,4.8685566790547987e-07,0,2.4342783395273994e-07,10,1,1,1,0,0
721,13,1.3549660375084727,2.1539302055972587,0.62930938104881873,4.3932185190999959,-2.0142974581449087,-0.8742459117152408,1.47751912518,0.0471442888338,2.8601005593791671e-06,0,1.4300502796895835e-06,27,1,1,1,0,0
722,14,5.8914673493863852,5.3803538086270848,-2.7657073145495148,4.5245274812360714,-2.8571756541389335,1.0464981008273309,1.23037121869,0.179024548204,1.1276737322872467e-05,0,5.6383686614362336e-06,55,1,1,1,0,0
723,10,-2.3258979970389562,0.23442112269602591,2.6661161789315839,-3.2458536205111539,2.3137820660644088,0.40158734576658639,0.176667737557,0.0283792427596,2.765446994782751e-07,0,1.3827234973913755e-07,8,1,1,1,0,0
724,11,5.2161084693054631,-4.4249040267407285,0.29385517507789477,3.0951232609832195,-4.4023667877886572,5.4820802230365873,0.960743819401,0.0335987753179,1.2669044996165612e-06,0,6.3345224980828061e-07,18,1,1,1,0,0
725,15,1.7130220178361752,4.1717429932060623,-2.6678811984317456,-2.9501401801441016,-4.7292425254019026,2.8942823043340922,0.201882644978,0.0633123661405,1.2618020369299464e-06,0,6.3090101846497318e-07,18,1,1,1,0,0
726,7,2.0847301086669874,1.3980934384143677,-1.7118582785852281,0.31043434294607541,-5.4355761199662052,-0.35909961023251891,0.095023133715,0.20739528019,1.3111478233633589e-05,0,6.5557391168167945e-06,19,1,1,1,0,0
727,8,-5.534071589497243,0.88765436200402525,-1.2899377237306699,5.4407387908738922,-4.9248353188341474,3.6846748791373654,0.0841746740449,0.110143896502,3.7026058064640026e-06,0,1.8513029032320013e-06,9,1,1,1,0,0
728,10,-3.8947116714142718,-0.11743974386115402,0.024422718991572723,3.9045565056325739,1.1957453037103194,1.5830326032146247,4.45077056365,0.00421343079047,1.9814766482988882e-05,0,9.907383241494441e-06,23,1,1,1,0,0
729,6,-2.8109710534308427,0.9077044974892251,0.81915272546208739,-3.0845422269676077,2.7583419775748164,1.5120805129805324,0.177559681144,0.00467233620685,3.8177459681545072e-08,0,1.9088729840772536e-08,29,1,1,1,0,0
730,6,4.283949230459366,-5.010543942083026,-0.59448268023595796,0.032273437220126946,-3.360130312402529,3.6604622812826295,0.263588019133,0.32626461966,3.2495577137731872e-05,0,1.6247788568865936e-05,13,1,1,1,0,0
731,1,-1.3472429802895483,1.6295428122765603,-0.037202939369102107,-1.6594672574177134,-4.4918923034135361,-0.32394281102135319,39.2101333121,2.73352440592,0.0038135833371597126,0,0.0019067916685798563,60,0,0,0,0,3
732,7,3.0503048646952848,0.97187026300618951,0.0013931492678864177,-0.35105501746272372,-2.3236186292163539,-2.3228887755976482,44.9645074285,0.0268021833167,0.0020220257523482915,0,0.0010110128761741458,60,0,0,0,0,3
733,14,2.3489062859087233,-4.4573853242824928,-0.17470299142095441,-0.43364072897515837,4.6965395044243978,-1.5028812416187336,1.10716103159,0.014854494739,1.2930212155019366e-06,0,6.4651060775096831e-07,31,1,1,1,0,0
734,3,-5.5309299890616019,4.7984050013469686,2.1533173760595803,-2.4066573307749621,1.651174607076811,3.7232194396945233,0.0495503280149,0.0537793769536,8.8347625091406398e-07,0,4.4173812545703199e-07,21,1,1,1,0,0
735,15,3.0698807442570386,0.089307747391148135,2.605330533231041,-1.6141896756367984,4.3880410739435103,5.0937794175995306,2.51819329346,0.166445565765,1.4780456953282725e-05,0,7.3902284766413627e-06,28,1,1,1,0,0
736,0,2.5439692759970636,1.7112922495206977,-1.8245197198020118,-1.6236533526817394,3.937950239323325,-4.7768782278869573,1.03625197154,0.0790023615168,2.9750491258485099e-06,0,1.4875245629242549e-06,20,1,1,1,0,0
737,4,-0.34020744977109635,2.7552470447577835,2.4695961818385288,-5.712387896541105,1.3755523507029637,-1.4678015728620064,0.0538192824368,0.00440470048078,8.8065154047383702e-09,0,4.4032577023691851e-09,12,1,1,1,0,0
738,6,-3.5470767315528482,-3.0408024112323058,2.6341958326277659,2.5683739585758878,3.6917877917352793,4.545174388987177,1.21619312706,0.103816020262,4.7622210114988922e-06,0,2.3811105057494461e-06,44,1,1,1,0,0
739,3,-2.1240134475167185,1.4075065761025869,2.3525918777814989,0.90902842738724543,-4.7127592794733566,-5.7615273648742722,0.985982611131,0.000886418620203,9.7240105892613865e-07,0,4.8620052946306932e-07,17,1,1,1,0,0
740,4,2.5355477212511484,-3.8526090948597362,2.2589767271867562,-6.1477156492785161,1.774075354060642,2.1197205167159061,0.109035531926,0.0042487301718,1.7387611958360557e-08,0,8.6938059791802786e-09,17,1,1,1,0,0
741,9,2.6848741214198633,0.17214392464662207,-2.7458892153183272,-4.2307309022283937,-3.9341544710912699,2.8719130078822928,0.112462119594,0.0102010059582,4.4346376227336674e-08,0,2.2173188113668337e-08,13,1,1,1,0,0
742,14,6.044483244734316,-0.37041926235657552,-1.3901516075514218,-2.9068241632740595,5.05055729407845,2.0173146129618664,0.421813772263,0.00565515574773,1.8766876314655682e-07,0,9.3834381573278408e-08,8,1,1,1,0,0
743,4,4.0965441970235839,-6.1188685068613538,-0.29944383003102559,4.5454853715315631,1.6887670703355406,-6.1675814612097888,0.0918356058537,0.208415762088,1.3240140207539474e-05,0,6.620070103769737e-06,14,1,1,1,0,0
744,7,-0.2569141344557116,-2.5359682282818587,0.92631961340668889,3.0586926612369254,-1.5821200658016967,0.74962786638395296,0.117750793739,0.0318404347835,3.22690437120128e-07,0,1.61345218560064e-07,33,1,1,1,0,0
745,3,-3.4339289842848753,-1.679974470538651,1.5011864342769867,0.98720578607898679,-1.5790781775396767,4.1932836842903338,0.221441522903,0.0536224465093,9.2492315437395854e-07,0,4.6246157718697927e-07,29,1,1,1,0,0
746,2,-1.3497223439356794,1.0566392407080714,1.6731842105013057,-2.8449130690512661,-0.50892646231867034,5.891936368382332,0.0357179422628,0.0336949696825,3.4712345805971349e-07,0,1.7356172902985675e-07,25,1,1,1,0,0
747,8,4.5912660869245387,1.6578453959321966,-1.1115119958454758,-0.5175398657344128,-2.669762857556313,-3.3073163281669387,0.257285382537,0.254730607126,1.9832114097779577e-05,0,9.9160570488897885e-06,14,1,1,1,0,0
748,6,5.1321578132090053,-0.56333407862914064,2.4986020192658978,-0.88450927442075744,4.4243106427477432,-3.6483277499328937,0.151934683999,0.00535591811531,3.1822360511638546e-08,0,1.5911180255819273e-08,17,1,1,1,0,0
749,2,-2.7020667693045257,3.1251596996870794,-2.7478170055486215,1.1934714026431479,4.6509844200351669,-1.8631060670512429,0.13904606201,0.013635434632,7.5969824773609625e-08,0,3.7984912386804812e-08,17,1,1,1,0,0
750,7,-2.3854533260492929,-5.2533742157219843,-2.1924865889090444,3.5192929682157406,4.7277270749769809,-2.8052416229608097,0.138373036726,0.0739493694141,1.6849502710670127e-06,0,8.4247513553350634e-07,9,1,1,1,0,0
751,7,-6.0124368404605413,3.4692934698796618,-2.1351993566357486,0.99417545413754738,3.6508904628185475,-3.8398493521728168,0.0452194049952,0.00211793118758,3.4111963910435841e-09,0,1.7055981955217921e-09,39,1,1,1,0,0
752,12,-2.4225311955994964,2.6286479634685018,2.2565923672836519,-2.1664591555372157,3.8713372990281285,-1.1238851344394269,0.0766757544001,0.0140663819419,6.6151718590571308e-08,0,3.3075859295285654e-08,9,1,1,1,0,0
753,8,-3.0992947623691762,1.7159730783103517,-2.8736007287824115,1.1515031478176667,-1.2938219145781826,-0.82121116778585956,0.00890204101243,0.93691771448,0.00026739775980207613,0,0.00013369887990103806,32,1,1,1,0,0
754,13,1.3132301625108795,2.4924572873343132,-2.2038630538815318,-1.7156122756613721,2.1534465431304386,-2.7168691209333882,0.181925359514,0.0161898062923,1.1294005587367202e-07,0,5.647002793683601e-08,26,1,1,1,0,0
755,13,3.3606066952129479,-5.1967658811761952,1.9393717978361722,5.3003896657986003,-1.5351233979308621,-1.792806928542483,0.119661208427,0.0428897913506,5.746729670548086e-07,0,2.873364835274043e-07,13,1,1,1,0,0
756,9,-2.9357156292252453,3.969192550784939,1.2154436451036226,-4.1831943154681737,5.0233408902731638,-1.9928666476257508,0.0445667830486,0.00721219583552,1.7831107422193524e-08,0,8.9155537110967622e-09,7,1,1,1,0,0
757,0,-2.6729847105562432,0.96795215274840984,-3.0428622101796234,2.4818231603753276,2.5404821810430267,-5.5745002579035186,27.5310279088,9.00246395397,0.025445480489205242,0,0.012722740244602621,60,1,0,0,0,2
758,10,-1.876477286663679,-4.8054219115364578,0.8736445278370969,1.2456519063155287,-3.6800534368816051,-0.74541585385688769,0.0845188106311,0.118666731243,4.2967029106559047e-06,0,2.1483514553279523e-06,15,1,1,1,0,0
759,12,4.5023088329724441,2.3014186725309109,-2.5482885399060327,-1.3044390333429055,2.0768624817533348,0.6350873467816136,0.495216489867,0.00843472739709,2.6691126432064128e-07,0,1.3345563216032064e-07,20,1,1,1,0,0
760,15,2.3615806829150201,-2.0090342059343143,2.2755178948483463,4.6127856283978694,4.1616279984048434,-3.5010294069881529,0.0696152345666,0.00982393819811,3.4244835483255071e-08,0,1.7122417741627535e-08,5,1,1,1,0,0
761,12,-0.38378593699129521,5.1256831865895274,-1.0320358745703362,-1.2279515435726571,1.2822781024802758,-2.0262893329193568,0.0604083506986,0.00142809496511,4.2704224238686475e-09,0,2.1352112119343237e-09,13,1,1,1,0,0
762,12,-4.2164004210270765,4.0156257261687873,1.3459499686743011,2.7831543965517715,-0.29433584954448733,6.0152539040565163,0.0949897664121,0.0154256621223,8.1507091191757515e-08,0,4.0753545595878757e-08,32,1,1,1,0,0
763,15,-4.6101110205095415,-2.7678678254139708,-0.33910747597483426,5.2661876894619866,-1.9183922929848689,0.97804145415399979,0.182753779666,0.0842436206276,2.1952649999633498e-06,0,1.0976324999816749e-06,41,1,1,1,0,0
764,4,-4.7464336918735857,-1.2199963990274654,0.66705728326425606,4.9896095939829195,2.2473224695035752,3.5726989444265822,0.0222862260516,0.0451392866822,6.2117148423309011e-07,0,3.1058574211654505e-07,24,1,1,1,0,0
765,0,-2.4324190001486259,4.8861602393727184,0.2703155094526532,1.4104166175036663,4.3616511213836633,4.5396418604957134,1.05267252768,0.0201720913724,1.2320723210108521e-06,0,6.1603616050542604e-07,8,1,1,1,0,0
766,9,-1.7070352647910454,-4.3916068977236229,-2.4407599061217664,-0.8690645817023589,-4.4840358124416184,0.42897677652375749,0.0486299606795,0.000888097302925,2.6051299581799618e-09,0,1.3025649790899809e-09,16,1,1,1,0,0
767,8,4.0616144439617283,6.0375908069439328,-2.5438312449851717,3.930995040132863,2.3299706840605441,-5.551833984952145,0.0143344675236,0.729420835779,0.00016207335233413248,0,8.1036676167066241e-05,55,1,1,1,0,0
768,6,-2.5188995705828185,2.472649488589445,-0.63587864368574487,-1.7018367335881146,4.5519543683751298,3.669344493989755,0.0664352296087,0.826578891488,0.0002081289848169369,0,0.00010406449240846845,35,1,1,1,0,0
769,12,2.2197806219929412,-0.24019229458962499,-1.5706566177597436,3.7824208129113108,-1.7871813815329021,-0.58428242277224918,0.187826718635,0.0057765707191,4.5443584630343489e-08,0,2.2721792315171745e-08,19,1,1,1,0,0
770,0,-4.8283889228907766,-4.8024823369338998,-3.0100651941732557,1.7556115937337675,-1.2886591055467909,4.8226578616450704,80.6132056682,1.22194455829,0.0069533279726047966,0,0.0034766639863023983,60,0,0,0,0,3
771,4,-3.792138338725044,0.18770420549607664,3.0010130999469857,-2.2612343668661299,-1.6298611084695482,-1.1287790370007373,0.25704494728,0.00436965628492,7.1888438270028997e-08,0,3.5944219135014499e-08,31,1,1,1,0,0
772,3,1.8135680124847988,-0.79512047488446258,-0.67768208147478548,-4.392849383295002,4.3805569688314909,0.0064519938747847451,0.0981382769683,0.00131149883264,1.0155072259517579e-08,0,5.0775361297587897e-09,33,1,1,1,0,0
773,3,-1.7262517100941261,3.7009859223160864,-2.4889554752620713,3.8215606190201119,1.5895117001774239,0.58843042204276597,0.900279792726,0.00253853629693,8.124667105728685e-07,0,4.0623335528643425e-07,32,1,1,1,0,0
774,15,2.8399950240319582,4.2578623304618102,-1.8079043933499788,-3.3092507807452045,-4.5019240064577462,1.1294303499352256,0.0179298589045,0.0034237200287,3.8921622337330952e-09,0,1.9460811168665476e-09,18,1,1,1,0,0
775,14,-0.53860656725836276,4.1914190433776106,2.5275166948253127,-4.8993034023768018,-1.5505624528402762,-4.0484173437195281,0.267942144889,0.00436508498878,7.7597163259366768e-08,0,3.8798581629683384e-08,22,1,1,1,0,0
776,7,3.9990700667121555,-0.18981928371756943,1.1986698442371153,3.434244014555015,1.5699004731813424,0.72619037315270196,0.312571002923,0.00104789402024,9.8035126736883113e-08,0,4.9017563368441557e-08,19,1,1,1,0,0
777,14,4.5244745002321798,0.53132465535192974,-2.1890941543043931,0.0060064386129732514,2.6293274276215097,-5.4150513178903239,0.0605418630335,0.0248997010535,1.9252662864660191e-07,0,9.6263314323300956e-08,18,1,1,1,0,0
778,13,4.8723796079380914,-1.2531370238384887,1.9693775296373606,5.6214342685521288,-0.97274573519240781,-4.876244044685234,0.00995100062809,0.0383290586464,4.4761757211942817e-07,0,2.2380878605971408e-07,41,1,1,1,0,0
779,14,1.1396670756043836,1.739133267849412,1.1728499601935793,4.5663844980140533,-1.8770296712744579,0.43379695176560629,0.497965681528,0.122689161095,4.8332632077780447e-06,0,2.4166316038890223e-06,14,1,1,1,0,0
780,3,1.5817734400073256,-3.2860675254536105,1.8638370807877827,-3.7370968357202248,-1.216916817953295,0.60322917431210099,0.175022672898,0.0205462204443,1.5922631910883592e-07,0,7.9613159554417958e-08,29,1,1,1,0,0
781,4,-4.2148132204957074,3.9993211266760667,2.3059051128535346,2.2439148375873237,1.1744897414683624,-0.45706797454147063,1.0460187088,0.0455334379092,1.7257165980912319e-06,0,8.6285829904561596e-07,6,1,1,1,0,0
782,11,6.037777229489663,2.4285937387179275,-0.45139780053263517,-1.9357973122340677,1.0580628753671319,3.2993623860755101,0.628246443068,0.00601277244976,4.0570655856151308e-07,0,2.0285327928075654e-07,7,1,1,1,0,0
783,7,-5.0623885694510458,-2.4006377362838309,1.1181376676205876,-2.7817342740583499,-0.97469899899009671,0.5611223109763106,0.043994725007,0.00367214715437,6.0431996031537326e-09,0,3.0215998015768663e-09,31,1,1,1,0,0
784,7,-4.8982888431850728,-2.8498105864257353,-2.4103875404675077,3.389756949651026,-4.632535345569651,3.5814705792651593,0.345824860816,0.155363613807,7.4724051806263601e-06,0,3.73620259031318e-06,22,1,1,1,0,0
785,3,-2.4461971684584105,-3.1850448528350754,-1.7761502782124583,-5.8363382737168328,4.6881375317483105,4.7048288994754017,0.557027130494,0.185156127089,1.0753414683054344e-05,0,5.3767073415271721e-06,14,1,1,1,0,0
786,3,5.0692960927538566,5.8858897984050174,2.2241231676180542,2.9199791551281145,0.7526005881678175,0.12691049158640574,0.157748330081,0.031372817892,3.2470535890882664e-07,0,1.6235267945441332e-07,26,1,1,1,0,0
787,10,1.559847696898661,-1.3019797664944677,2.2371922761233525,-1.4525030698753465,-3.4768277432312753,-2.1071783482049646,0.0288803143262,0.000669888322732,9.7076973387685634e-10,0,4.8538486693842817e-10,59,1,1,1,0,0
788,1,-0.77092388047130211,4.699732274271085,-2.0085728192957473,5.7309573836036662,-3.7688690261962829,-3.2261834338769764,0.555125902772,0.0421668770567,8.4978840671154111e-07,0,4.2489420335577055e-07,38,1,1,1,0,0
789,8,-3.1744114610734391,-0.43693828045096988,0.061668210502148241,4.028291327935472,2.1996256193067141,1.4709769430771178,4.96647776111,0.115321907657,2.8717051790440032e-05,0,1.4358525895220016e-05,16,1,1,1,0,0
790,8,-0.80088922133343432,3.8284082965466086,-2.2997078090001275,-3.1102156103665752,1.1921902362139651,-1.119596869415723,1.25050872645,0.0930741449168,4.2026107782613428e-06,0,2.1013053891306714e-06,7,1,1,1,0,0
791,4,-2.4753343405544594,2.8745603560646957,0.80505117416287897,1.4782789333668684,1.4888497673544119,0.49264534601555454,0.180575364414,0.029056086308,2.8978259275394675e-07,0,1.4489129637697337e-07,10,1,1,1,0,0
792,7,-1.5906100348270411,-6.1010669184251922,-1.328842092650161,-1.9898305334958886,6.1648294060681268,-5.1258038421742045,0.874041464124,0.135364066366,6.3455845903273834e-06,0,3.1727922951636917e-06,28,1,1,1,0,0
793,7,0.53953556593549046,-3.890394599774547,1.3313771751106251,-2.5846611198239087,-1.7246601460553268,-4.4225657387616755,0.0346915438159,0.579418504415,0.00010226913144754093,0,5.1134565723770464e-05,9,1,1,1,0,0
794,3,3.7249124937720386,-5.2682212462704241,-1.8971501527984462,1.5972342269720994,-4.9438679473222438,0.70181731355027777,0.0739763926265,0.09690968551,2.8662830889334426e-06,0,1.4331415444667213e-06,7,1,1,1,0,0
795,5,-0.027817244007460135,4.6149195268132672,-0.81905958024389347,3.9018511250021124,-1.3347049044300399,-4.4648605871098059,0.246018903421,0.000897076409762,6.0770440516518417e-08,0,3.0385220258259208e-08,17,1,1,1,0,0
796,0,1.6300770766249089,-0.057867858074257393,-1.5301771423224455,-2.6026259773895317,4.3900815483932876,-0.27336879053966046,0.104394793406,0.0300473931292,2.8592084126648952e-07,0,1.4296042063324476e-07,29,1,1,1,0,0
797,2,-0.19107239491182793,-1.4425318803318581,-2.0988331270872425,-4.6603288629069386,-4.2122611029156785,4.9287421547019985,1.32087085918,0.0249238629522,1.9339278462559461e-06,0,9.6696392312797303e-07,9,1,1,1,0,0
798,9,5.8365991945698292,-2.9053897106156676,1.1083503262573515,-2.3708162613889256,-1.604218500985741,1.6288735401152241,0.682055011282,0.0348383931367,8.3491735468037498e-07,0,4.1745867734018749e-07,49,1,1,1,0,0
799,1,-5.6899631128282353,1.8588187237308906,-2.0008614829497162,-2.5884962154844859,1.9959098174290364,4.5737166223046142,0.0338266118026,0.00314776415999,4.162516759017361e-09,0,2.0812583795086805e-09,12,1,1,1,0,0
800,4,2.0089865648208201,1.1726452642246574,-1.2513119438189597,5.3793438971747145,1.6662833051812316,-3.0636150644048641,0.105510809124,0.0078131339952,2.9727920371140007e-08,0,1.4863960185570003e-08,31,1,1,1,0,0
801,4,5.1258097297428673,3.2408080453605019,-1.1816936191162701,4.1047485500755458,2.4704372569808872,-5.283299889008906,0.692814354424,0.0527806961029,1.3285955107542524e-06,0,6.6429775537712622e-07,28,1,1,1,0,0
802,1,4.2847723972997809,-2.7501920014704386,-1.3290065941476075,-0.88959121779733474,4.5875099152861365,-3.5823502622462566,0.0111775991952,0.257137462198,2.0141329571521118e-05,0,1.0070664785760559e-05,14,1,1,1,0,0
803,14,2.3780819120264778,6.1273924548939087,2.6575913513872575,-4.3478309258489114,-4.3710044998006863,2.3824277792802331,1.38064692622,0.153102220854,9.0465066029605749e-06,0,4.5232533014802874e-06,28,1,1,1,0,0
804,3,0.10233822271497396,-0.012614011247875718,-2.3498383829320608,0.09330755534489675,-4.7217873801438488,3.9768051269871458,0.0729271817713,0.00320465133815,8.4467308333094661e-09,0,4.2233654166547331e-09,38,1,1,1,0,0
805,7,3.9722526726830902,0.0034521602881379676,0.15256753661427241,-1.8945205058578316,-4.6740242427323766,0.86287435494872888,46.8763397114,4.54117504802e-05,0.0021973912253649675,0,0.0010986956126824838,60,0,0,0,0,3
806,11,1.9482147465994875,-0.45080469615073598,-2.3201059720225858,1.1551999195459928,1.1187410522731491,2.6173104567758161,0.803587237264,0.0274659628877,8.7554946816112759e-07,0,4.3777473408056379e-07,15,1,1,1,0,0
807,4,2.9849141557704608,0.98167926417290852,-0.055490546415720043,-0.46382333235149187,-2.1321227649449419,-1.6402089005231524,121.545060442,0.488129807044,0.014845783126224229,0,0.0074228915631121143,60,0,0,0,0,3
808,3,-5.7275183125566347,-1.7398514487129593,1.1740307586608831,-1.2189317172314709,1.7074895439825055,-2.6948405098386408,0.126256307441,0.0157980587708,9.1966662893910064e-08,0,4.5983331446955032e-08,12,1,1,1,0,0
809,14,5.5535324749675681,1.3380060561889049,-1.6472477615908143,1.6311938325206661,-1.8502725229997581,-4.1232981001007136,0.0509372385686,0.16505041428,8.30087246255008e-06,0,4.15043623127504e-06,7,1,1,1,0,0
810,1,-1.1622772100227305,-1.9625988180055991,2.627488697145008,5.5150673517842321,2.2976334217204708,-1.4729691891203383,0.29363642709,0.012790735873,1.3605865194557583e-07,0,6.8029325972787913e-08,12,1,1,1,0,0
811,11,-3.5547818415874035,-1.8748010325877393,-1.5317289406824306,-0.18440842756984183,-1.9220197460159656,5.8447949796453118,0.0223920033793,0.00487560839804,7.7426322494652208e-09,0,3.8713161247326104e-09,10,1,1,1,0,0
812,2,-4.7889514061441805,-2.985244397306924,2.7866118813428393,-5.936431966468084,-1.8356473563753151,-1.9662075536157928,0.522167097099,0.0117433931823,3.1466743814178561e-07,0,1.573337190708928e-07,56,1,1,1,0,0
813,13,3.0137467212011892,-1.4593844400966036,-1.6699492370366524,0.91334680113426503,1.4485698428780951,0.5365957671812408,0.0130615318661,0.0497892826549,7.5530886124679761e-07,0,3.7765443062339881e-07,52,1,1,1,0,0
814,5,-2.0185595888866286,-3.2740730782085761,-2.771910049571749,-3.9785099175303773,4.4315727646685126,-3.0075363003770565,0.117021131858,0.0127433913919,6.3161993931581587e-08,0,3.1580996965790793e-08,9,1,1,1,0,0
815,0,1.2120290809407903,-2.1536449073400044,-1.3958591973103036,-1.9901063565017687,3.5041076825405022,4.9840551139687772,0.222300461163,0.00281813005873,5.1836723029235756e-08,0,2.5918361514617878e-08,15,1,1,1,0,0
816,8,-2.0853341449225744,4.5872267805579989,-0.35458483988916545,-0.93725793101775179,4.8412918770320648,-3.0556477287662314,0.199409871308,0.249527796474,1.9006500246006569e-05,0,9.5032501230032845e-06,46,1,1,1,0,0
817,15,-2.3778568607521917,4.4869578223653335,-0.26615031286802238,0.70945021206078396,-4.7355221185740204,1.2311312847611362,0.0119245189059,0.102459727598,3.1980145814214039e-06,0,1.599007290710702e-06,18,1,1,1,0,0
818,9,4.2985400006688383,-2.2276360449623223,-2.3398363893700163,0.43841110208438755,-1.9703033133029053,-2.9625345900727895,0.119227335379,0.00288677096967,1.6753670512275799e-08,0,8.3768352561378993e-09,17,1,1,1,0,0
819,7,-0.34722608285891055,-3.7100682913556238,-2.9830287479680502,5.4460253581915143,2.1297190238886907,-1.219546556549955,0.582096682453,0.0493191110854,1.0797802583519115e-06,0,5.3989012917595573e-07,21,1,1,1,0,0
820,7,-0.2270546560063873,1.6957767469147162,2.6401414037832689,-1.865548445020879,4.7092643290119591,1.5380068357427727,0.0202406005996,0.0386144456645,4.5461722722626476e-07,0,2.2730861361313238e-07,12,1,1,1,0,0
821,6,-3.3927589038787436,-2.2913413777763907,-0.99278589810466866,1.051805929312273,1.2894214388203196,1.2720457033517449,0.624983207536,0.0171751657532,4.8046198096071688e-07,0,2.4023099048035844e-07,26,1,1,1,0,0
822,0,-4.5863883407983748,-2.1642420449329749,0.8360784913995557,4.1796045045886911,3.9041259164350102,5.3672147732040791,0.892980487431,0.120170979009,5.1964138652540079e-06,0,2.598206932627004e-06,13,1,1,1,0,0
823,6,4.8129752297308634,0.5741311220559695,-2.2558746115948303,3.2146740019008693,4.856686091174292,-3.36011094352616,0.854509448337,0.0090463457789,7.5511518176536774e-07,0,3.7755759088268387e-07,9,1,1,1,0,0
824,9,-1.7215881079545929,4.6579322222139377,-1.7561824759829274,3.5262880358744084,-3.0102819310205513,-4.6717860030624818,0.0994757742859,0.00236967299566,1.1605963130373559e-08,0,5.8029815651867794e-09,9,1,1,1,0,0
825,6,-4.9092775688649315,4.8110741044601015,-1.4970821332920414,1.0753980238342367,2.2277004477090321,2.7022915594038337,0.395905406236,0.0167095000736,2.4179252623931243e-07,0,1.2089626311965622e-07,21,1,1,1,0,0
826,5,-1.2302886631600651,1.557368330690003,1.0301866333167506,4.9626023413732323,4.5603280165318747,-3.5204041483184052,0.421905326375,0.000633341466447,1.7812629299332328e-07,0,8.9063146496661642e-08,20,1,1,1,0,0
827,7,-5.212557170137349,5.0293528641814902,2.6757218820225521,0.47102087490827649,-3.7702434456384348,-0.31915586537997864,0.0652312464235,0.00430537065462,9.9015699447896184e-09,0,4.9507849723948092e-09,12,1,1,1,0,0
828,1,-1.6998224459140898,4.0545049531203015,-2.8880811381283484,6.1640350500883345,-1.9015856551668968,-3.1600839142811177,0.0881031093201,0.0161005789829,8.6727718415634769e-08,0,4.3363859207817385e-08,23,1,1,1,0,0
829,11,-5.6438881493494524,5.9889513352098849,0.2080575811575778,5.0816119855432609,-4.3430814141400447,-2.1848875013615623,0.663305018526,0.313530817444,3.0384345224274595e-05,0,1.5192172612137297e-05,20,1,1,1,0,0
830,13,-4.772557470765677,1.4697242004583544,1.0278310875178054,4.0404097813147155,1.6979935989805379,-3.3398287005909428,0.199919945695,0.0156929710222,1.1498591545906518e-07,0,5.749295772953259e-08,55,1,1,1,0,0
831,3,-0.60429503031187604,-1.3467735798056415,2.8085401667733452,-2.6999234700109289,1.7127978212122894,-1.2709452188791903,1.17632472994,0.0281654507136,1.6253906194532815e-06,0,8.1269530972664076e-07,20,1,1,1,0,0
832,7,-5.9088857090710833,-4.0236231937436298,-0.84665662877317149,3.9519185892415467,-4.0131574336424167,5.0775004241975124,0.0527387108186,0.0499928659667,7.6410762150650424e-07,0,3.8205381075325212e-07,14,1,1,1,0,0
833,8,0.8615287222283704,0.43478962026796258,2.3469853124204398,-3.0729083112025202,-4.0128956391708952,-2.1631835431463609,0.468208852804,0.493934084867,7.4536999557457209e-05,0,3.7268499778728605e-05,26,1,1,1,0,0
834,5,3.6517345871236788,-1.7942077405349275,1.4494890335638095,1.9599975113482784,-1.9653693084158408,-1.9713728194477442,0.227043725529,0.0181391632318,1.5177689226279896e-07,0,7.5888446131399481e-08,20,1,1,1,0,0
835,8,-1.7453571490515616,0.44115542194892726,-1.6436811076011943,1.9362078062491932,4.3851733138561908,-3.6908423311828513,0.450521780962,0.132689496618,5.56621724199197e-06,0,2.783108620995985e-06,40,1,1,1,0,0
836,10,4.6437754462362575,3.4671447735618086,-1.4415597429215123,-4.2355417772133857,0.7805068289559568,0.46842771406433437,0.0275879450943,0.025614179003,2.0061636975785974e-07,0,1.0030818487892987e-07,44,1,1,1,0,0
837,6,-2.1797074635450095,-1.1500011730424768,-1.3424864366770979,-3.0263815196444828,4.7237440990950832,-2.7630853020497836,1.10218758933,0.113280742979,5.1238286638655833e-06,0,2.5619143319327916e-06,16,1,1,1,0,0
838,1,-1.7298314302718734,-1.6133759881205101,-0.99224154989622182,-4.4610361294577778,-4.8209652936620886,-0.23117149684280197,0.181444285057,0.170561469714,8.8946128653717838e-06,0,4.4473064326858919e-06,33,1,1,1,0,0
839,14,4.4269421563534097,1.7186311432436217,-1.5061580698431234,1.5531464725440824,4.2837542747664195,3.4248051253734992,0.103635703745,0.145291085559,6.4410616428517463e-06,0,3.2205308214258731e-06,51,1,1,1,0,0
840,11,1.1218781048347493,-1.2142358162258071,-2.1656204190504718,-3.8594787824378063,-4.864612629523136,-0.8789936926424563,0.0610231083453,0.000584713255486,3.8279652772304782e-09,0,1.9139826386152391e-09,14,1,1,1,0,0
841,0,0.21380421122777477,-5.6634082980359066,-1.9644548949860448,5.727998970037171,2.3536324192073828,4.2735606753214563,1.19996470431,0.0822697737359,3.5016621474618941e-06,0,1.7508310737309471e-06,18,1,1,1,0,0
842,0,-5.6716548349597522,2.6541820258222222,-1.34036213802099,-0.26050510740092814,4.1540118408372058,1.011085225159519,0.0512679064418,0.00739285884829,1.9277068948448413e-08,0,9.6385344742242067e-09,14,1,1,1,0,0
843,3,-2.9138314056243826,2.2477238505311448,-0.87371250672287804,0.12822985170980028,-1.464938266089586,-1.9512796687506044,0.243270049284,0.0398528314673,5.4298837822118604e-07,0,2.7149418911059302e-07,12,1,1,1,0,0
844,8,2.5719544242508019,-2.0874679362493298,-2.4661040697768,3.8397129631496165,-4.1563544491083526,-3.6436017550783766,0.321964060767,0.0148100402144,1.7047481611970967e-07,0,8.5237408059854837e-08,8,1,1,1,0,0
845,0,5.1714049218173441,1.184851272542027,-2.1801381983158348,3.5455925988196499,-4.7152668897422805,-2.2895129831747165,0.0276439553712,0.00705041493696,1.5906217826022298e-08,0,7.9531089130111491e-09,11,1,1,1,0,0
846,13,-2.2501279934033898,1.8116539390863995,-3.0049768549886875,2.438530103807504,4.1179485903754731,-4.4272862203712329,0.41336300376,0.371699407034,4.2256948521507327e-05,0,2.1128474260753663e-05,17,1,1,1,0,0
847,7,-1.3877395670460131,-4.147767739709785,2.5190433587276861,3.3846799194634203,-1.5210194901122722,-3.2462919114507058,0.0554003269358,0.00583394106025,1.3436809987219259e-08,0,6.7184049936096296e-09,23,1,1,1,0,0
848,3,-1.6171861879825391,-4.1358438882858302,1.1329718186220048,2.5902341206409343,2.390744098832212,1.1850402137491778,0.0143429908377,0.00192731813517,1.3372396050724979e-09,0,6.6861980253624893e-10,8,1,1,1,0,0
849,5,-1.4843283309987974,-1.6551885679133631,-1.2204363298466694,-1.3885581896279362,5.4664889129725802,-3.3210612523770235,0.0598761683841,0.0122873603544,4.9576057342214905e-08,0,2.4788028671107452e-08,15,1,1,1,0,0
850,13,1.2175826573227055,5.6481505440591651,-0.9059554978954113,0.69763038384144638,1.103042264969617,2.8609646467379775,0.071346056468,0.00510752765968,1.3036765297461575e-08,0,6.5183826487307877e-09,56,1,1,1,0,0
851,15,1.0395004928563243,-4.2851311475676326,2.005387070716659,2.1970567224388633,-4.4898990550517963,4.7784447326020851,0.613456526213,0.0180802402175,4.7590684728986476e-07,0,2.3795342364493238e-07,5,1,1,1,0,0
852,8,1.646129444241988,-0.69950437566581303,-2.2768391901747727,0.739856616930754,-3.7769528507894967,3.3629869808495805,2.57521261494,0.566956087908,0.00010454770144506996,0,5.2273850722534978e-05,18,1,1,1,0,0
853,6,-1.2006591045611159,5.6022149837413364,2.8141093622235349,-4.2600334368916402,-4.0449025021700677,4.982232805500252,0.156044830098,0.00249759981683,2.6250193940720021e-08,0,1.3125096970360011e-08,24,1,1,1,0,0
854,7,0.59615596118626113,4.6530940278404618,0.81538543153607612,2.5278883705752602,4.3692942227553129,1.2117191290682567,0.102158455541,0.00299670038898,1.3171879419074173e-08,0,6.5859397095370864e-09,24,1,1,1,0,0
855,7,-4.8522546269276789,-0.80620380720234219,0.23449422143578436,4.5875233373780659,1.5343476291879266,2.7311092745653114,2.85079182305,0.00631375228534,8.1391571250840326e-06,0,4.0695785625420163e-06,12,1,1,1,0,0
856,10,1.5458058903871168,-3.3040942845097931,1.7200237128576674,-0.024894775040313386,-5.2079073228330079,3.1629901381573262,0.108146497606,0.0196616887601,1.2945527781314238e-07,0,6.472763890657119e-08,29,1,1,1,0,0
857,10,-1.2867723905689914,5.9907571948549876,-1.9826388430910356,4.8967815613716459,5.0276018824935704,-2.6941297589012878,0.372043707281,0.156667355045,7.615147560542566e-06,0,3.807573780271283e-06,7,1,1,1,0,0
858,1,-2.9920726004668383,2.3612096781558267,-1.0154910164654432,-0.82575771621500571,-3.5732485304117958,-2.5797241449115855,0.464448093505,0.0843348594009,2.3822633757000747e-06,0,1.1911316878500374e-06,19,1,1,1,0,0
859,11,-1.7527368754582513,2.2160310598441062,-3.0117206012606994,3.6808831407882048,4.3300766244325004,3.1471994416275657,4.75329527914,0.11253413861,2.6451470408356776e-05,0,1.3225735204178388e-05,26,1,1,1,0,0
860,13,-2.3735776536619291,0.5370946522334652,2.0900305278629978,-4.1746289500758085,1.0018693461321129,-5.748539326799655,0.0316270574919,0.00372150678525,5.2191040673474204e-09,0,2.6095520336737102e-09,25,1,1,1,0,0
861,10,4.8343765974701984,-0.21182791882393376,2.2193023743114222,5.140315244099809,-2.2937241251021838,-3.7734249801127584,0.0575001840415,0.414190065425,5.2261463471440581e-05,0,2.6130731735720291e-05,18,1,1,1,0,0
862,12,-1.6830718408291006,0.8281139337826291,-1.4358249803898324,-1.9995735162546229,2.2111583291445602,1.2646151917555737,0.0269863299322,0.0020008335152,1.9477475069931868e-09,0,9.7387375349659339e-10,11,1,1,1,0,0
863,13,5.8261113199693986,3.8332831944086871,1.8026664539881099,-5.4925924758808904,-1.6544339396034178,-4.1972368785475025,108.360062423,2.2342262402,0.013262482279320326,0,0.0066312411396601632,60,0,0,0,0,3
864,7,0.11863715032738303,-3.1692185903284815,-0.92688755076934626,0.92012329765301026,2.1502203549617378,-2.8090109800688441,0.160312226169,0.00669260576546,3.9344120158933441e-08,0,1.967206007946672e-08,12,1,1,1,0,0
865,14,3.6913638172218626,1.4176148705968401,2.279440524263928,2.1888706574651802,2.5034890899872728,1.1796442917890158,0.0144791533589,0.0892024640156,2.424074698543877e-06,0,1.2120373492719385e-06,19,1,1,1,0,0
866,12,-4.4342490722461072,-0.35496556556651365,-1.8200517171731394,-0.049770063689615097,-4.6546875568602744,2.2872573522082837,0.0568583580839,0.00415776519006,8.4987976850725685e-09,0,4.2493988425362843e-09,16,1,1,1,0,0
867,1,1.0837065092767304,2.8583280559941531,1.1470164881063072,2.9336741961397483,4.3362589716092703,5.9252189889359936,0.0681789078627,0.00494971324192,1.2111387050801414e-08,0,6.0556935254007071e-09,27,1,1,1,0,0
868,6,2.0529481479828062,-0.74614538388963381,-0.98584416529143348,-0.28871118167388221,5.0565772099918185,1.83456481639212,0.0987860977453,0.505007983486,7.7697272421558414e-05,0,3.8848636210779207e-05,20,1,1,1,0,0
869,13,3.7382218980040567,-4.202358046131474,1.7450514034362916,-2.2823782415816694,4.9876830064279174,-2.7193272541714024,0.0178601423804,0.118563678486,4.2824314084596673e-06,0,2.1412157042298336e-06,23,1,1,1,0,0
870,5,-3.7905959836949097,-4.2431316426025081,-1.6484271617923867,-5.9893323549291146,-1.6728944203060605,-0.99616772157610733,0.0820549621637,0.00261842128306,8.8215134507540421e-09,0,4.410756725377021e-09,22,1,1,1,0,0
871,12,4.1224530235585624,-5.5451608980196569,3.0782563857844676,-2.2364330060035793,-2.1044769214577035,-1.6975111059501693,1.5913171778,0.0559856265062,3.4870802690934624e-06,0.00055997222138127274,2.974215120361037e-05,13,1,1,1,1,0
872,5,4.1674044978785947,-1.8215566615075021,-1.2931815854507447,1.4886918822675974,-4.8291561174021922,0.69578764159634021,0.0525140974919,0.00560467804187,1.2326499532261845e-08,0,6.1632497661309224e-09,16,1,1,1,0,0
873,11,-4.3419692965692285,1.0594441399835437,0.065620438288578303,-5.8439757411420814,-1.1279749786535926,5.7502886559373376,0.509208185737,0.15410603146,7.4935512299412608e-06,0,3.7467756149706304e-06,16,1,1,1,0,0
874,14,5.1224756434593548,-5.0431261405989813,-0.15603985569197451,-1.5688941027246828,2.2304409117091013,-0.53820357534804741,25.5406031245,0.000160759167044,0.0006523224158351172,0,0.0003261612079175586,60,1,0,0,0,2
875,6,2.3636838823216388,-2.5583523918987376,-2.9656063669313197,-5.2603831479680245,4.4374040503760703,-0.9542139643876294,0.33905058619,0.00963978444397,1.4326200901810507e-07,0,7.1631004509052537e-08,12,1,1,1,0,0
876,1,-2.4401208701886534,-3.3075925457160191,2.6436283750771121,-5.5441739280449092,1.6188780841299242,-0.404138373103203,0.154758537374,0.0193358292327,1.3783882707932625e-07,0,6.8919413539663126e-08,6,1,1,1,0,0
877,10,-1.1049568977571114,-1.8855236525563011,-2.5828220622488325,-2.1402661390583533,1.8718502404231436,4.8069863063102893,0.215340284594,0.0299154868232,3.1898464054849016e-07,0,1.5949232027424508e-07,21,1,1,1,0,0
878,10,5.8812864246623962,0.81322141640398204,0.53602028148532088,-2.7417383617872781,1.7145026624176725,-0.42125686289602465,0.382033693355,0.141433561128,6.2393497429151623e-06,0,3.1196748714575811e-06,13,1,1,1,0,0
879,6,-5.0173646244425036,-2.7081285610055006,-1.4298052824397238,-0.37738171406903764,4.7540281588323596,-5.8834762376319318,0.0316513913416,0.018731569749,1.078834441070999e-07,0,5.3941722053549951e-08,59,1,1,1,0,0
880,10,2.6319131041212129,-4.9548047211369237,2.2877919759636587,1.156779896391531,2.5770829539892448,-5.1181602086104805,0.198041232426,0.050664944584,8.2115393654374047e-07,0,4.1057696827187023e-07,15,1,1,1,0,0
881,1,2.3304677125964757,-4.5155574751232743,0.99549982257124447,-4.3112675814964598,1.6430423783537964,-3.7626668922098467,0.291118923214,0.0298943430971,3.5697820983247121e-07,0,1.784891049162356e-07,16,1,1,1,0,0
882,6,0.13035927235057659,5.4715902721297631,-1.869730820482294,-5.6034123843994861,-2.8433682349964569,1.223652028755464,1.81827659976,0.604270249799,0.00011453490659596484,0,5.7267453297982421e-05,27,1,1,1,0,0
883,15,0.17136142726273251,2.0570526448544579,0.54355150105983119,-0.026801665550287228,-1.4956378994470039,0.48436421219253156,0.0154935470206,0.108254532313,3.5700649244828665e-06,0,1.7850324622414333e-06,10,1,1,1,0,0
884,8,-5.2106217755157562,4.0897979715019774,-0.44834886145046393,-5.0329858630238329,-4.7955092230899945,3.6847971485115831,0.182162826887,6.19834267681e-06,3.3183307202579022e-08,0,1.6591653601289511e-08,17,1,1,1,0,0
885,7,-5.5949595947155446,-1.8841425770448539,-2.1223131292165975,-3.1276540913575186,-4.7250529786532027,-2.2492989170615298,0.985304061181,0.0220586435026,1.119045980382512e-06,0,5.5952299019125598e-07,20,1,1,1,0,0
886,7,-2.8740781682145808,-0.70954619927465556,-2.3867189048191895,1.6325486881494444,2.8828569379427167,-5.0775049123434499,4.50670996448,0.142019086487,2.6454391665215395e-05,0,1.3227195832607697e-05,41,1,1,1,0,0
887,0,0.64741050113394571,-4.2654779881471319,1.945313402194605,-5.2955278622676092,-4.3968940324201453,4.1619622600859776,0.0557167795759,0.00153180056952,3.8191177954897403e-09,0,1.9095588977448701e-09,11,1,1,1,0,0
888,2,6.0383047823243299,2.4533498457523502,-0.85741500136956827,0.89158375507460497,1.1191132994893795,5.5479247417062867,0.30595864678,0.147761235656,6.7444394159279311e-06,0,3.3722197079639655e-06,10,1,1,1,0,0
889,0,-2.3064028646993857,1.8544442603640108,-2.6444832824358429,-1.1643176820488534,1.6670283059382347,0.33682347302701982,0.0363038472218,0.384393342232,4.5011052263237534e-05,0,2.2505526131618767e-05,17,1,1,1,0,0
890,6,4.1420125648104502,-3.0417909594726749,-2.7534322604932115,-2.370553724295521,-4.7079540356338327,0.058094726351694527,4.24825668894,0.0168664456264,1.8134341541205958e-05,0,9.0671707706029789e-06,18,1,1,1,0,0
891,8,-6.2725880422631777,-2.324208932298891,1.7381595953062556,1.1196037734303179,4.5296512000837001,1.148722685159945,3.1770968269,0.399066304218,5.8605460975072599e-05,0.0058373779282534545,0.00032117162690020902,29,1,1,1,1,0
892,6,-3.9753077306341349,-2.9626830272743461,-2.8622920967202434,1.01647916622575,4.5313583759204263,-1.2234445178718287,0.00743527560448,0.0220903217486,1.4870319700716582e-07,0,7.4351598503582912e-08,31,1,1,1,0,0
893,1,-2.0343347449714786,4.8868209163704899,-0.55480259281696609,3.925048168686144,5.6034484137652303,-2.2213080746974367,0.0464378479461,0.0789608225377,1.9013886644378511e-06,0,9.5069433221892555e-07,26,1,1,1,0,0
894,1,0.19184638021335124,-2.4664549309662545,1.3315440984278488,-6.0104865391383013,-4.5002864991505946,-1.8000280480187962,0.177776927621,0.00671012587541,4.5320275743884031e-08,0,2.2660137871942015e-08,32,1,1,1,0,0
895,6,0.31341466558656472,2.0124787253081395,-0.54972572468460867,0.9799497133300914,2.9036720112950509,2.1155689313009143,0.157005308113,0.354798863098,3.8370571758018874e-05,0,1.9185285879009437e-05,37,1,1,1,0,0
896,2,-0.57513394269956331,-4.5169494701651338,-2.9975287737652376,-0.86127227659813888,-5.06919067448991,-1.4237818638207278,0.325357019297,0.0525094121187,9.4576002528740458e-07,0,4.7288001264370229e-07,36,1,1,1,0,0
897,13,-2.9191093544651152,2.6208246684312377,0.75143169231802132,4.0315721450425936,-1.7323185817873572,-1.7458058644735261,0.51113341705,0.00259008392458,2.6330090656672003e-07,0,1.3165045328336002e-07,47,1,1,1,0,0
898,1,-5.9702565597220687,-1.8666950646404827,0.9324418796536087,-5.3370942900380003,4.7463386330537904,-3.0682741890390446,80.1841010145,0.73657552441,0.0065947582575558682,0,0.0032973791287779341,60,0,0,0,0,3
899,5,0.38425385007608259,-3.2227560868591971,0.6627669118960563,0.15294197720181424,2.4225623885676209,3.4998235287156843,0.126218714524,0.00564038500275,2.5622245119555949e-08,0,1.2811122559777975e-08,36,1,1,1,0,0
900,4,3.9569409496300136,3.7245269931020974,-1.5056866182553028,4.1382605178090817,-2.3437686540593514,-1.9245330584295826,2.62321262363,0.0113235119538,6.9203031001028521e-06,0,3.4601515500514261e-06,8,1,1,1,0,0
901,12,3.4164815978683487,2.050250175311084,-1.777276829461105,1.187629719991143,5.0029941463627257,2.9300372303052247,0.0385514495211,0.495822580203,7.488864214971172e-05,0,3.744432107485586e-05,9,1,1,1,0,0
902,0,-5.9581995005543549,2.8072646107900807,0.51792823194369375,-4.0684679432495034,-0.059804838548334328,3.0806513617795073,0.358785251894,0.0242539241499,3.0791891826492619e-07,0,1.539594591324631e-07,13,1,1,1,0,0
903,9,1.4373694502139613,0.69428740291237168,2.0593560687402723,-4.5958448594859247,1.4375630782525086,-3.4855658168930277,1.61192528805,0.0219483585218,2.7450466184837357e-06,0,1.3725233092418679e-06,27,1,1,1,0,0
904,12,-4.8900036185387101,1.8943466114215934,2.6554439914404866,-1.749967476127569,5.8776701861651555,-0.69771596108415523,0.242636907508,0.0175226247479,1.5240312585326888e-07,0,7.6201562926634439e-08,12,1,1,1,0,0
905,2,4.9098117563508268,3.6526972176104238,-0.52493841488245674,1.0981601429546293,1.6943484408871823,-0.16842335020415797,0.0404679882334,0.14518633624,6.4226902525317649e-06,0,3.2113451262658824e-06,20,1,1,1,0,0
906,14,-0.34370387434557087,3.1353663207295819,-1.4427064194792016,-3.4874552528245948,-4.9083555377937449,-0.899693019194858,0.022351706533,0.00361370760176,4.4775619173036702e-09,0,2.2387809586518351e-09,24,1,1,1,0,0
907,7,4.9729533193654989,-3.2017460990351658,-2.3620775126759184,3.5838223285098096,1.9734290925136699,-0.11374650883271838,0.753880636224,0.0960206828312,3.3768999520640362e-06,0,1.6884499760320181e-06,11,1,1,1,0,0
908,2,-2.6182582148928457,0.92698669351518048,-0.47911054274303005,0.60921479170143578,-1.7980014349849656,-2.355651767320075,0.261186778872,0.0217870251319,2.1281264394978478e-07,0,1.0640632197489239e-07,9,1,1,1,0,0
909,7,-3.2515420146909562,1.0103324579709341,-1.8868351831985704,2.6415900840363564,4.7848489910859175,-1.5253589140857244,0.149196480663,0.000865894032845,2.2487983599327026e-08,0,1.1243991799663513e-08,34,1,1,1,0,0
910,6,5.8641047000017013,-3.4719302443230786,2.2920802633634034,-5.7132295476768071,0.42599395741738599,5.1223847097396433,0.0444497269645,0.00488900848998,9.2568668649872351e-09,0,4.6284334324936175e-09,22,1,1,1,0,0
911,11,-3.4426528948367792,5.0341081103514638,-1.1927939304987731,4.4197933179442463,4.2807655931211821,-1.6113038981237706,0.43907487504,0.0395310772512,6.6881423640569694e-07,0,3.3440711820284847e-07,29,1,1,1,0,0
912,14,-1.5790166245029607,0.88425522160832681,-0.45243511556163535,5.6662346982144953,-0.12800421259960032,-1.6274619016850767,2.36025447972,0.356353921508,4.4253593867183746e-05,0,2.2126796933591873e-05,10,1,1,1,0,0
913,14,1.1143975771313532,-1.2375786793259151,-1.3713204409933915,1.8465426267949177,-5.5670192083534529,-3.2754939843275377,0.0407945765388,0.00504374269808,9.413463710067905e-09,0,4.7067318550339525e-09,16,1,1,1,0,0
914,8,-3.4161396000619493,2.0010313457610742,1.7453193154456808,-1.6320549975333332,5.0628234992529233,4.7835272244990366,0.0582108602742,0.000197774455634,3.4004192836024657e-09,0,1.7002096418012328e-09,9,1,1,1,0,0
915,11,6.1110470079756523,-4.2305952752689464,-1.9085804901382939,3.8185165203408462,1.6205818119559912,-0.20076393400978682,0.428819125624,0.038959196592,6.4623994970736189e-07,0,3.2311997485368095e-07,6,1,1,1,0,0
916,0,3.23989942121506,1.5284198662882809,1.4337474001413144,5.1253808196563169,-1.808201106796252,-2.4833671918002795,0.318661529563,0.0207544408384,2.3275815364202757e-07,0,1.1637907682101379e-07,7,1,1,1,0,0
917,2,-0.47531873672285196,4.9702955378441542,-0.30713369100536903,2.6101533075179413,3.9225079184526681,-4.8454762663317377,4.12526204028,0.0284503380029,1.7264350860610391e-05,0,8.6321754303051954e-06,60,1,1,1,0,0
918,9,0.21299437700142687,-3.8365601118020707,1.4379380022685888,3.58001041190056,-2.9636071592955315,0.53130923846164146,0.0193612837568,0.0421460936794,5.4146471446335914e-07,0,2.7073235723167957e-07,19,1,1,1,0,0
919,11,-5.8936343317716675,-2.2574935954931465,-1.7559609723421103,1.9930725728492391,2.081204835357529,4.2867824197331954,0.0420929142116,0.0140499301032,6.1903455338670644e-08,0,3.0951727669335322e-08,17,1,1,1,0,0
920,14,-2.3928950678909318,0.16165751736485945,0.6961027287089685,3.7111195123179073,1.5232403610283847,-5.9519046322925089,0.0360830834211,0.229454233779,1.603917927604594e-05,0,8.01958963802297e-06,44,1,1,1,0,0
921,1,2.8075621591136084,-0.55415403160244125,0.30351332973576328,2.0217165101793264,4.4950345112343131,4.9439056777162227,0.0235213715598,0.0161990473126,8.0487648197682779e-08,0,4.0243824098841389e-08,24,1,1,1,0,0
922,13,-4.6566227114925907,4.677388959874488,0.62512971034773945,-0.43389964966378153,2.7843649921567715,-3.599345142043175,0.0461064356669,0.0427049199883,5.5765969629316286e-07,0,2.7882984814658143e-07,48,1,1,1,0,0
923,14,-0.30289476942291771,-3.9886899673965144,2.3327890602317369,-5.3932348475738365,1.9601866191304036,-1.3245074169644671,0.077280954743,0.00257339486539,7.9896325272902082e-09,0,3.9948162636451041e-09,11,1,1,1,0,0
924,13,2.018072028897691,5.4995978772686254,-1.1937180026193419,5.7323207150833744,-4.7602870808381494,-4.4969854277081165,2.62532541273,0.0316626775796,7.1977201476405958e-06,0,3.5988600738202979e-06,8,1,1,1,0,0
925,11,4.6755660822556919,-3.7564153493751187,-0.41209819001926984,-3.6292141466014871,-4.741123390096627,0.32868215889302599,0.889131131951,0.000452077829041,7.9061642579546026e-07,0,3.9530821289773013e-07,17,1,1,1,0,0
926,7,3.7448100371654887,0.17386577003991827,1.724209567016076,-0.44513611468768155,5.1432483881436228,-2.244816710147763,0.00338211243705,0.0308558634029,2.9003290349990482e-07,0,1.4501645174995241e-07,40,1,1,1,0,0
927,2,5.6942628077465871,-1.0076727229451521,1.9842979013924928,3.0761977035836714,0.51244563063426907,-6.1551406433442342,0.482779412682,0.143842239049,6.5357900201701714e-06,0,3.2678950100850857e-06,10,1,1,1,0,0
928,2,0.52158792971417922,0.079896813214888937,-2.4392386736261731,1.9529409729166705,0.65181925979038435,-3.5903257145315397,0.666222297504,0.0325923859775,7.6743615387723911e-07,0,3.8371807693861956e-07,9,1,1,1,0,0
929,5,-0.31069852290865041,6.0882222320636714,0.81380381387489575,-3.2428799173776564,-4.1931158578563457,-2.0535903764803853,0.870887274537,0.0153310566035,8.3004231825784835e-07,0,4.1502115912892417e-07,19,1,1,1,0,0
930,11,5.2030779688583175,4.564885026470086,-0.66910305034095474,4.0690125819658682,4.0332179584635872,2.5562724882296295,0.179963401765,0.0371888000541,4.5367480400649306e-07,0,2.2683740200324653e-07,12,1,1,1,0,0
931,15,-0.54424736015689723,5.9322046526470498,2.7937540925066289,1.6468386088680684,1.6442897459975947,-1.7129852055957724,0.0848474406425,0.0285349972895,2.5523262519320269e-07,0,1.2761631259660135e-07,18,1,1,1,0,0
932,6,-1.5880273174799464,-2.4728729436950037,0.85936803735216816,4.3029466233118416,-2.1579242871092661,4.3587744674004556,0.0976926590851,0.0732027842547,1.6418812679929765e-06,0,8.2094063399648827e-07,39,1,1,1,0,0
933,2,2.9748529585857084,3.1126515125170613,1.0053365508603576,4.7963895033919002,5.6700552229364884,-0.53275765721772417,0.0127272731996,0.109904853309,3.6796591858526638e-06,0,1.8398295929263319e-06,15,1,1,1,0,0
934,2,-1.189549486197127,0.12421391148827318,-0.47108919099122087,-4.2733390100704245,4.6781896967830541,2.6598834021479645,0.695575374685,0.00416312888161,4.8910462196137555e-07,0,2.4455231098068778e-07,23,1,1,1,0,0
935,0,1.7210943214588885,-0.33488344977130208,-1.5445604661179271,1.2307957061591437,1.1642401856252116,-2.6201200242313067,0.0671692781885,0.024347309598,1.8508632446166732e-07,0,9.2543162230833659e-08,14,1,1,1,0,0
936,12,-3.9880756695274506,5.3583598980810141,0.49430377219957683,5.4652025299269482,1.9760692008643723,2.9082636658282142,0.0986117322537,0.00774317894245,2.7988165586135214e-08,0,1.3994082793067607e-08,40,1,1,1,0,0
937,11,-3.3044483013771675,4.7620260540537389,-2.5421191328324944,4.0311564589200852,2.708924637368145,-3.7228999727175043,0.131763481377,0.00865892078106,4.0200887615886852e-08,0,2.0100443807943426e-08,25,1,1,1,0,0
938,11,2.326298390387965,1.4868811247874756,-1.5487329839240469,0.6228706106374039,4.6807642787583736,4.8428531045837637,0.0491245286234,0.0235498995573,1.7135336077259055e-07,0,8.5676680386295276e-08,23,1,1,1,0,0
939,15,-5.4812859173366357,-4.8849979679819926,-0.75570255201468062,5.2670290852967252,-5.7328872101381423,-2.46962799280471,0.223774683596,0.127170913209,4.9764824087934719e-06,0,2.488241204396736e-06,7,1,1,1,0,0
940,14,-0.94674248436039532,1.347505258083264,2.8895494554716685,0.56904893758085384,1.6555688721178767,-0.63312405060296961,15.2571099921,0.107210147416,0.00023628068272050975,0,0.00011814034136025487,60,1,0,0,0,2
941,8,4.3270623447919565,-4.6357961631702604,2.0841246102546154,0.065636964312024093,2.3565140958623241,-0.21601090923753696,0.259638682839,0.0297104375336,3.3630111823201661e-07,0,1.6815055911600831e-07,25,1,1,1,0,0
942,10,-0.4698672935618024,-3.8187116348245,2.0866276622620235,-1.8042962119832067,-0.94629490062187649,2.4902088154413224,0.177744947023,0.26823097402,2.1948163344590069e-05,0,1.0974081672295034e-05,34,1,1,1,0,0
943,12,-5.9001063561011859,-3.2365188094644832,-1.0811421745000376,-0.75747931778261435,-1.7462360799641912,1.341284779947306,0.0224817593935,0.062740839805,1.1996053945155822e-06,0,5.9980269725779109e-07,18,1,1,1,0,0
944,11,1.6686147984465836,1.1128635339148021,-1.4323489712759832,2.0009973439295252,-1.5287913391155221,-0.48456708899176654,0.0295410381153,0.0073043937539,1.7125281958087106e-08,0,8.5626409790435529e-09,8,1,1,1,0,0
945,12,0.36143093840369828,-2.9615040267252244,1.1899595695853702,1.0761387939096769,1.6180993569086168,3.2718908800651154,0.00438726259274,0.0219657037903,1.4699475974156085e-07,0,7.3497379870780427e-08,19,1,1,1,0,0
946,13,0.27179065690928,1.2221858181221223,-0.75199672441321963,-3.5322504466461497,5.6526417135831748,-0.58019862949078482,0.231177989096,0.000839197828355,5.3657790372635756e-08,0,2.6828895186317878e-08,13,1,1,1,0,0
947,0,1.536482082967064,-1.3206778255676688,-3.0178415053536707,2.7115649137350468,-4.1827752044329651,-3.8090502404363273,0.12773277445,0.0745227919194,1.7080531336177478e-06,0,8.5402656680887392e-07,9,1,1,1,0,0
948,15,2.7252371509127129,-2.4085665101473128,-1.7585015348681818,-0.55287962173297789,-1.3193240728800979,4.6504185336054666,0.0179086096828,0.00745090654052,1.7231861498536753e-08,0,8.6159307492683764e-09,20,1,1,1,0,0
949,11,-0.93419154727600651,0.68879863032372535,-1.7243973616924955,-0.4241081989399359,2.0269555852502825,-0.60149780580800705,0.491846533322,0.27806973664,2.3795778269959426e-05,0,1.1897889134979713e-05,10,1,1,1,0,0
950,1,0.023810136936902794,0.62265137704221329,-2.6319940172313849,-3.5434121390297526,5.5094260645438506,1.5175753697726047,1.01964435836,0.00227880976182,1.0412564878455033e-06,0,5.2062824392275166e-07,8,1,1,1,0,0
951,11,-2.964586409203736,3.6856749586915698,-0.9965117902327727,-5.3500906563841308,-4.149775221183849,-5.1241005451500419,0.161589188247,0.0105387596596,5.994353813728746e-08,0,2.997176906864373e-08,5,1,1,1,0,0
952,5,-5.1443005344894805,-4.0128668273094412,-1.7068497546221142,-2.3926903104424433,1.1150125441046643,3.2812156850160279,0.173039446076,0.0299731995766,3.0360871395217244e-07,0,1.5180435697608622e-07,25,1,1,1,0,0
953,1,0.28855764206854539,-1.4739535140512023,-1.0735251542973021,-4.7694045104146374,1.5001388937687024,5.2485757732143483,2.14622986858,0.0173432900571,4.6979284341424997e-06,0,2.3489642170712499e-06,6,1,1,1,0,0
954,2,-1.5907043707628581,-4.9115838932786451,2.0895590291589103,-1.6778191485803535,-1.4133826217459864,-3.0514717325655996,0.0265403053563,0.0226092949203,1.5641878649341295e-07,0,7.8209393246706477e-08,19,1,1,1,0,0
955,12,5.6418650050833534,4.6965492295223896,-2.6328572294151007,2.0053214572423199,2.4676040287681813,4.6295350864313578,0.144739103957,0.119037867605,4.3373824880377423e-06,0,2.1686912440188711e-06,43,1,1,1,0,0
956,7,-0.77424988955811325,-3.3423418476496378,-0.85282076052696754,2.6774566795741883,-5.4649107205389571,-0.5736510123999341,0.850093496463,0.0106694320881,7.573356192595441e-07,0,3.7866780962977205e-07,24,1,1,1,0,0
957,1,4.6203768570390773,1.0847193877343402,-2.7637459324460765,-3.4867560244806524,4.4947677978354905,-2.8536501214686658,1.08911589852,0.0596520815697,2.2701151830004419e-06,0,1.135057591500221e-06,16,1,1,1,0,0
958,9,-0.39623139364817589,1.7968417231084466,-0.32691601480088284,5.3688107589329679,-1.9002097366580053,-5.4572802313482205,2.59515553064,0.0174058318591,6.827120030307275e-06,0,3.4135600151536375e-06,13,1,1,1,0,0
959,5,-1.9989280368001201,2.8076416329714826,2.4716073014485085,-2.2176768710758079,4.0640553992227,4.6358338264884988,0.0495969421312,0.00525606284469,1.0875277403913175e-08,0,5.4376387019565876e-09,15,1,1,1,0,0
960,13,4.6175092487865816,1.861697715753825,0.87193153195310613,2.0122658919163547,0.0091141284844816067,6.1832234089211608,0.636917024138,0.0117101264278,4.4743458712801727e-07,0,2.2371729356400864e-07,26,1,1,1,0,0
961,6,4.4954669664264637,2.1281792328816884,0.73918639720484403,-2.835413239466241,2.8469749092516472,-4.1704171046261731,0.415063646576,0.132649744258,5.532312135427733e-06,0,2.7661560677138665e-06,6,1,1,1,0,0
962,7,-3.3435642661465446,1.0201597717236688,1.1489358993800154,2.3408816256969898,-4.288822713071843,3.8789764943334806,0.846291000514,0.0305333404758,1.0001986723894365e-06,0,5.0009933619471827e-07,9,1,1,1,0,0
963,5,-1.6672669213593234,-3.2004446374072182,2.3652893664176657,4.8460803936390953,-5.1701800162566913,-5.284136656133569,0.297692616071,0.00249461987301,9.0516566952416925e-08,0,4.5258283476208463e-08,30,1,1,1,0,0
964,3,2.0958892009939514,5.5482044767631873,0.9725441669751842,3.5710586912661308,3.0370602975637033,1.8577611250508239,0.035492250205,0.000472692952988,1.3277631228990642e-09,0,6.6388156144953208e-10,48,1,1,1,0,0
965,2,1.5484249534891086,2.3719836069571203,-0.33176377644015498,-1.3587753767741029,-1.0754972919096621,-6.0262237440556978,3.08359482287,0.264701051481,3.0852078148775966e-05,0,1.5426039074387983e-05,17,1,1,1,0,0
966,4,-3.7078469576628375,-1.4689814287722636,1.2888592788452697,2.1908139131182671,4.8021575881456631,5.2910188043624631,0.111353192701,0.00218262174871,1.3850681472625707e-08,0,6.9253407363128536e-09,27,1,1,1,0,0
967,3,-2.5259400629964004,-5.5742110160707297,-1.568191713820704,-0.48965201760859528,-4.8981747559721969,-5.3559685912737196,0.0403098010385,0.0136968364284,5.8772121822868706e-08,0,2.9386060911434353e-08,23,1,1,1,0,0
968,10,-3.9671162291494313,-1.3852775911573392,1.7079449750684779,1.6034616853182366,-2.1274643751572819,-1.0583150562774417,0.0961619627892,0.0503024394225,7.8003136744136876e-07,0,3.9001568372068438e-07,11,1,1,1,0,0
969,0,3.3464066429025454,1.2965319394929855,1.5746838227958946,-6.1442733577101043,4.1940002460019414,-1.0085478817268461,0.051496833413,0.000923805214922,2.9118892543759626e-09,0,1.4559446271879813e-09,5,1,1,1,0,0
970,2,5.649216915951607,-0.12293311836272772,0.82422683008632946,0.86321334994295207,4.8810459904547345,-4.3103282135395773,0.381220430836,0.0862820629999,2.4130821530078535e-06,0,1.2065410765039267e-06,19,1,1,1,0,0
971,15,-2.8987035743421017,3.4872795334623765,1.2893497994471017,-5.781988930329657,-4.1692600047317399,2.1073168257395301,0.0682697465935,0.0581079021797,1.0332100955799249e-06,0,5.1660504778996246e-07,13,1,1,1,0,0
972,15,2.0846544628413208,4.5411548996399294,1.4920688388719945,4.1797732599556063,-5.5863104293308368,3.9577736184015708,0.677477857878,0.00591163259735,4.6962183472044676e-07,0,2.3481091736022338e-07,7,1,1,1,0,0
973,9,5.0266345559498262,2.2554111480390056,2.7252449699390118,-4.6901577379444461,1.1719727486664919,-0.066726817042748826,0.0387736674818,0.18988636317,1.0985042197175154e-05,0,5.492521098587577e-06,10,1,1,1,0,0
974,2,-1.355387847315102,-2.3308774790995583,-2.6029139672024595,-3.2042404013611892,1.9058519569547236,-0.013243146593420723,0.36022937169,0.0314934724162,4.3189657779984905e-07,0,2.1594828889992452e-07,23,1,1,1,0,0
975,14,1.1516281985478869,-3.1404149539898851,1.21607504479326,-2.4377352032396855,4.7616034908599696,0.81446361608200568,0.0451708519774,0.00878332667603,2.5540673405513594e-08,0,1.2770336702756797e-08,23,1,1,1,0,0
976,5,2.3995990353186518,-5.1032215743548006,0.60899489238857718,-3.0389227094588551,-4.2257544549961388,-3.2222146033320667,2.1203519013,0.126712621711,9.3868564363503538e-06,0,4.6934282181751769e-06,11,1,1,1,0,0
977,9,-2.502734624316524,-1.1624463817001625,-0.50855328833010582,4.8597323937257384,0.15863134484350447,-4.9398203363981814,3.92194856975,0.0416350774465,1.5909728689322512e-05,0,7.9548643446612559e-06,53,1,1,1,0,0
978,9,2.0970239266645914,-1.5004214455981506,-1.4477335004764877,-0.38840116182364054,3.950136015911522,-4.564625266097968,0.0214495029337,0.00465527580889,7.0616258748210354e-09,0,3.5308129374105177e-09,47,1,1,1,0,0
979,13,-4.1607092108911345,1.8696883309374257,1.0458351663738252,5.5362910279885522,4.7133721892217046,-0.44359619650197307,0.238180753241,0.028593923954,3.0578907741682155e-07,0,1.5289453870841078e-07,9,1,1,1,0,0
980,7,4.3627659150293328,-1.5491470364183226,-0.59009762414681499,1.5508794614076291,-4.9071161077757521,-5.7405530748559404,0.0999049834999,0.00742321004057,2.67666584384181e-08,0,1.338332921920905e-08,36,1,1,1,0,0
981,11,-3.6092137860256028,4.0016869990837751,-2.5117909857249145,-0.54254239331453169,-0.27012976516236509,-0.65893652266052971,1.44665290355,0.0326437879162,2.4174100907094421e-06,0,1.208705045354721e-06,16,1,1,1,0,0
982,13,2.531563683426024,-4.8946495631127762,-0.7678779613448542,1.141865576113678,5.1040190857155965,-0.31366659301510497,0.198487386813,0.028086977581,2.7970331793149845e-07,0,1.3985165896574922e-07,11,1,1,1,0,0
983,3,1.198605707691019,1.397725358198203,1.2948029227798383,-3.7365328824252693,2.2028170735494919,2.7336856841838872,0.109604998019,0.0262479278559,2.2188055913243221e-07,0,1.1094027956621611e-07,13,1,1,1,0,0
984,2,4.4094318166369737,-4.1655986406523784,1.2591274249970337,-1.8979817619004198,4.9203206926183656,3.0301220398625981,0.169450872851,0.00137364444385,2.9288380632345723e-08,0,1.4644190316172861e-08,12,1,1,1,0,0
985,11,5.7116561112546096,-1.0464558707736662,-2.0372302648308991,-0.15386996452222476,5.0713186572097744,-2.8753782724969339,0.203962893071,0.0492110348197,7.7930077146810581e-07,0,3.8965038573405291e-07,14,1,1,1,0,0
986,5,3.3011856951309615,-3.461152297980103,2.6391281744111885,1.7817164060260948,2.4584115313800203,3.3167704679555285,0.0402877257333,0.0518180335212,8.1955395381523639e-07,0,4.0977697690761819e-07,8,1,1,1,0,0
987,9,-0.76538166816042708,-4.288258815448132,2.3318961188842726,5.3039153905815075,-4.4717242650698701,-1.8502496203207381,0.0519762115272,0.0744617553798,1.691668959633454e-06,0,8.45834479816727e-07,21,1,1,1,0,0
988,8,-4.7069153758673981,1.640523764013087,1.4717538409475528,-1.2476368472995532,-1.6839054554659509,0.019887712323016948,2.20972378945,0.0422094221668,5.4255963797542581e-06,0,2.7127981898771291e-06,18,1,1,1,0,0
989,13,-1.2209897743408802,-0.99144070461038747,2.9969999182543678,-6.0398924939683667,-2.0546693926817716,5.5180280485200193,0.635180990133,0.680821257174,0.00014159898542099811,0,7.0799492710499053e-05,14,1,1,1,0,0
990,15,-0.022297080898014372,-0.19831109518681547,-0.71970799043409672,-1.1230804712927489,-4.5778359682710059,-1.0338127951724845,0.0296986963434,0.227124608726,1.5714750693513237e-05,0,7.8573753467566186e-06,9,1,1,1,0,0
991,3,-5.0551475681570874,2.1492585415389516,0.27874320160404764,5.2766074713926647,4.1920114691303105,1.2244929383585801,102.163603307,7.66725177497,0.028344869876495524,0,0.014172434938247762,60,0,0,0,0,3
992,0,-0.302328323703136,-1.5685675263590146,-1.7213982706908593,1.1886822690663545,-4.210734151827471,4.4528762583395505,0.0321032319699,0.181438900256,1.0029058778862144e-05,0,5.0145293894310718e-06,20,1,1,1,0,0
993,13,-1.5982985782202888,-4.0224971064074424,2.6908124268662963,1.3534591142019792,-4.0151666651033411,5.7251667676660229,1.0328822308,0.235334002623,1.793719591097199e-05,0,8.9685979554859948e-06,12,1,1,1,0,0
994,9,3.4344956986457325,5.6246692268761667,-1.3890635177037518,-2.4506107028376731,4.7281894514334644,4.2859222482579522,0.211390763269,0.00369983979927,4.8855906160668499e-08,0,2.4427953080334249e-08,27,1,1,1,0,0
995,9,-1.4973908010544499,-0.73561480686365321,-2.1799192100155036,-4.839054339939028,-4.6118609543605338,-0.85097046874374327,4.03772416341,0.127646889403,2.1266569915883003e-05,0,1.0633284957941502e-05,57,1,1,1,0,0
996,2,3.5276726443589883,-0.12443417209159943,-0.71082612285178959,-0.36266030890728862,1.8803091970722032,1.7429421331653865,0.337061434096,0.0274475996074,3.4310025650654484e-07,0,1.7155012825327242e-07,26,1,1,1,0,0
997,4,2.3389476618931804,-2.1197985666224364,-2.1975992830298594,0.22464897007081344,4.2209406561039291,-0.47057877501226753,1.4566356856,0.0326976296593,2.447464661189529e-06,0,1.2237323305947645e-06,30,1,1,1,0,0
998,2,-0.043116188481776188,1.0759432785829179,2.4446914671568978,3.9438173999338622,-2.3077851354487571,1.4200320526344774,0.0480560917613,0.0031901055463,5.4094104091837404e-09,0,2.7047052045918702e-09,25,1,1,1,0,0
999,13,-6.1301988542819625,-3.4106400365758414,-1.9394747201891482,-2.7937946241418325,1.1764618433244236,-1.4006563472382594,1.05087594201,0.157689964988,8.678995100719135e-06,0,4.3394975503595675e-06,13,1,1,1,0,0
