target_id,best_seed_id,q0,q1,q2,q3,q4,q5,pos_err_mm,rot_err_deg,pose_cost,limit_score,total_loss,iters,success_loose,success_medium,success_strict,near_limit,success_rank
0,13,-2.5704267413321169,5.325509924218693,-1.0595831073303899,3.6464937642493558,-1.8575375582143969,3.9376390027054762,2.62897323996,0.0292258441688,7.171689255596888e-06,0,3.585844627798444e-06,53,1,1,1,0,0
1,0,-2.5049843773133542,-4.289866236875377,1.2631112877386748,2.7076684918278864,2.8042413299439488,-4.1258030160387449,0.0704365239983,0.0193127271256,1.1857794445182998e-07,0,5.928897222591499e-08,14,1,1,1,0,0
2,10,5.1371248116526713,-5.9142907816505357,0.40923517118118952,4.1304667533353729,-3.3450105216692601,-5.9338575535592613,0.524470749642,0.24696111131,1.885362218256102e-05,0,9.42681109128051e-06,10,1,1,1,0,0
3,8,-2.3471599179860401,3.1849844827823377,-2.5404134813331489,-0.38280555613850309,3.634351290372857,-1.8908971011751246,0.0249967288447,0.291000028136,2.5795937549495087e-05,0,1.2897968774747543e-05,22,1,1,1,0,0
4,2,-2.1464615351662553,-0.41882811368461165,0.34719907817100659,5.4475219503899481,-4.5078452807567757,-0.7159778033411186,0.334161874958,0.737502141517,0.00016579594484756864,0,8.2897972423784321e-05,22,1,1,1,0,0
5,7,0.40689872227348428,4.1144400951348636,-1.403217298535467,1.2690269827003908,2.596513626802881,3.5007251433561546,0.552710373672,0.0648435158506,1.5863080012988134e-06,0,7.931540006494067e-07,21,1,1,1,0,0
6,4,5.2243972028965908,-4.7111493833283538,1.5831053518168769,-1.2780949787131421,-1.1507364087429413,-3.9135625658952207,0.0236901553479,0.0422847895796,5.4521821481307274e-07,0,2.7260910740653637e-07,32,1,1,1,0,0
7,2,4.044124958318088,1.363898912660364,1.206324286083458,-0.84507337465220456,-1.3306249311650258,-2.5795858514090528,0.0478556296093,0.0545815351376,9.0978931302926355e-07,0,4.5489465651463178e-07,17,1,1,1,0,0
8,8,-5.064150066209451,-4.6315204553805378,2.793628763765359,-0.85295111063786788,-4.4594743141678785,2.7808066920756267,0.156785298695,0.0204899932323,1.5247215338899757e-07,0,7.6236076694498784e-08,10,1,1,1,0,0
9,11,-3.2587510659645846,2.2722102681990974,-2.8289701536901108,-1.3214468598032205,1.8635976116061947,1.72805848244453,0.439842894511,0.0260177700416,3.9966472315788265e-07,0,1.9983236157894133e-07,9,1,1,1,0,0
10,4,-6.1889494735374369,-0.76724387385979509,2.8971893566145051,5.4917626416863703,-2.0881037661913049,-3.6118617817633938,2.5348752223,0.158150483001,1.4044553917235037e-05,0,7.0222769586175185e-06,53,1,1,1,0,0
11,8,0.49559997630783625,-1.8022805599541736,-2.8372228810802551,1.299940692074286,4.4449449738801459,0.69825477068395003,0.0790021514738,0.0336908113369,3.5200366872581014e-07,0,1.7600183436290507e-07,15,1,1,1,0,0
12,4,-1.187742338165108,4.8720738984518741,-2.5893551491621425,4.1280648955653767,1.0608373352850184,-5.7471381336572858,0.00684597503479,0.14952977325,6.8110343897092772e-06,0,3.4055171948546386e-06,20,1,1,1,0,0
13,13,-1.0519605673069907,4.2906887732684025,1.9920906824603011,-0.87637594432189647,1.6945738308945526,5.6187804725461046,0.0266247901491,0.000365828237961,7.4964649106251698e-10,0,3.7482324553125849e-10,42,1,1,1,0,0
14,2,-4.6037418668795294,0.50664780946024557,-1.4802503244723519,5.3169204250737625,-4.2788891380532883,1.4781190613092803,0.0458430424688,0.15226902242,7.0649169677093081e-06,0,3.532458483854654e-06,12,1,1,1,0,0
15,2,5.2376729850087429,-0.77245244985011774,0.83467756200760945,-2.5886949435250295,-0.26977141062821158,-0.090354284174704896,0.123153456235,0.186232825507,1.0580110787716468e-05,0,5.2900553938582339e-06,28,1,1,1,0,0
16,14,-2.7771270633900467,3.9735298743391394,-1.3100052523949226,2.2018272704702966,1.9425590657329947,-5.4491564620866928,0.0205614069427,0.163598019977,8.153298478005317e-06,0,4.0766492390026585e-06,26,1,1,1,0,0
17,6,-1.8697635468880591,-3.0446636571435279,2.3203970328928141,-3.8030636342282125,4.6940179357811447,-2.6632122385039403,0.0261555518296,0.0177150427211,9.6279985797100022e-08,0,4.8139992898550011e-08,15,1,1,1,0,0
18,6,1.2334720769464749,4.5889260531732434,-1.5006389498422656,4.0379713312866432,-1.0622154938318764,5.3652906363405108,0.0439209466967,0.0292933506789,2.6332137749597916e-07,0,1.3166068874798958e-07,28,1,1,1,0,0
19,12,3.287301513441498,0.84373080041424497,-0.34669322883973847,-1.8131897314492831,1.6392519964478716,2.4410525923239921,0.23196282304,0.896372692823,0.0002448090310232614,0,0.0001224045155116307,32,1,1,1,0,0
20,4,-2.297840096383267,2.6057076294105666,2.5853573886577506,5.1945865874600212,-5.2000913068216308,0.85114259529889968,0.0586511021652,0.00044500464052,3.5002749078427081e-09,0,1.7501374539213541e-09,32,1,1,1,0,0
21,7,-3.4547367741018653,2.9797212209420159,1.964740472727788,-2.2599615126628363,-3.2466429523324343,5.52373759772561,0.560411185216,0.0626181448898,1.5084753684098909e-06,0,7.5423768420494547e-07,7,1,1,1,0,0
22,8,-3.6512341262701704,-0.43500283776218757,-0.27265478917285207,-1.3215671699485354,1.8370252939730802,3.3883698026410087,0.0610960704292,0.447295851019,6.0949629930983483e-05,0,3.0474814965491742e-05,19,1,1,1,0,0
23,12,-1.1803307008078441,-0.40195544455879961,-2.2930555362041782,-0.74019274967815785,-1.6626516700996088,2.1238503026208355,78.552860708,0.667143384446,0.0063061311365904182,0,0.0031530655682952091,60,0,0,0,0,3
24,15,4.1763462410736336,-5.5841523073418511,2.897006231298346,-2.692928452676858,-1.5167882552689163,-2.8904457837737896,0.626275852407,0.0491770404832,1.1289025182301881e-06,0,5.6445125911509406e-07,22,1,1,1,0,0
25,1,-3.8159639014956599,-2.4975864750660972,-1.2037429709342327,1.9355280357048781,-4.6590128341842219,2.6405634497575714,0.134656862786,0.044069557819,6.0973785928577946e-07,0,3.0486892964288973e-07,12,1,1,1,0,0
26,14,-2.2283320937381448,-3.2428577303034531,2.5543599547419134,-2.3232758766661408,-1.8843133691989375,2.0914496727643535,0.667708092421,0.0651382968759,1.7383251142794571e-06,0,8.6916255713972856e-07,16,1,1,1,0,0
27,9,4.8961318189138172,0.94004506930943199,-0.1329600220342457,-2.8807094353215392,1.0493846793604671,-5.7419657308186194,2.92956239735,0.607359287389,0.0001209512253347683,0,6.0475612667384151e-05,17,1,1,1,0,0
28,5,-1.5344604104508162,-4.1709463700337475,-1.0421235325013691,-4.248181657751779,4.7016805296120676,-3.1680191787405239,57.7569798735,0.100358771072,0.003338936795094925,0,0.0016694683975474625,60,0,0,0,0,3
29,8,-5.0138097824247136,-5.7355550811805749,-2.9151869740873244,3.2471534809136537,-2.1439520773692515,0.135441474074871,4.2785286193,0.869763927245,0.00024874562249927189,0,0.00012437281124963594,34,1,1,1,0,0
30,14,2.2734889072564726,-2.5057126692397262,2.0870737612954646,5.0733798140699315,1.3897162182481555,-3.6887993016140652,0.0441196760498,0.00362249798019,5.943885352116268e-09,0,2.971942676058134e-09,23,1,1,1,0,0
31,9,-1.0301723349261291,-2.172311133353932,2.6099677531082488,0.17274611285392935,-1.7500659409895292,2.4474193456127575,0.888326296429,0.026514561018,1.0032763401643518e-06,0,5.0163817008217592e-07,15,1,1,1,0,0
32,0,-3.7962194778950149,-2.8428963729614858,2.3238007905218598,-4.0899401167851286,-1.524067265010087,5.4295862998539395,0.0344775199242,0.000165039110147,1.1969965213391913e-09,0,5.9849826066959563e-10,60,1,1,1,0,0
33,14,5.64232722823649,2.3539035531520356,-2.9774775762103807,1.0599158912104025,-1.7591172197296601,1.4198620414824528,4.87189482308,0.385858890632,6.9088958376265554e-05,0,3.4544479188132777e-05,30,1,1,1,0,0
34,13,0.76707788294611245,2.9476551892685885,-2.3465498281835906,1.2304228168116866,4.6296681207460253,-5.1201401430372639,0.0152050168105,0.000717013204402,3.8779876894573478e-10,0,1.9389938447286739e-10,22,1,1,1,0,0
35,0,0.52779380767328632,1.8427825504158419,2.9613153531221199,2.9381442548605037,-2.0144772147314405,-5.9029299073423873,0.215245553662,0.0176997777819,1.4176184355257572e-07,0,7.0880921776287858e-08,39,1,1,1,0,0
36,7,-4.7734391481347345,-5.757521082044847,1.4581586028011599,4.2811690347334457,3.9244671599965968,-0.72903108189089671,0.174029644743,0.00171826874268,3.1185684180472219e-08,0,1.5592842090236109e-08,13,1,1,1,0,0
37,10,-1.1036027813778742,4.7410754431995752,-2.5613465144823273,4.2082942369918825,2.6522857650986786,6.157513443015028,0.153210032361,0.0142565097397,8.5386216663036662e-08,0,4.2693108331518331e-08,52,1,1,1,0,0
38,14,0.086074872275992212,-0.78975612522514649,-2.4051418781623712,-1.8751686358258561,-0.45334793437852633,-3.9657761461811698,0.0932263274442,0.00298570439443,1.1406639016863683e-08,0,5.7033195084318415e-09,25,1,1,1,0,0
39,3,-4.1022281400007188,1.8357447096937427,-0.87086521903900582,-4.0471303053443748,0.98609294204523334,-0.0224579688657267,1.29327572539,0.198050177224,1.362083699738684e-05,0,6.8104184986934202e-06,32,1,1,1,0,0
40,2,2.2569366448989236,-0.4874016034438971,-0.76751960931048757,-1.8237214045643537,-5.0553746963798742,-1.1441601463755042,0.0977703358124,0.157030366134,7.5209786165786768e-06,0,3.7604893082893384e-06,13,1,1,1,0,0
41,5,1.1102566342247642,-0.05116444849949664,2.3056711579123901,-0.26643134695674808,5.8742733649193122,1.3912234726513288,0.0543890455411,0.0682462409164,1.4217288487928111e-06,0,7.1086442439640555e-07,12,1,1,1,0,0
42,15,1.2278107710123938,-4.5095753549483399,-1.7497695934160251,-2.3373479342446095,-4.4495799662277982,-1.3613295964860808,0.0837830558268,0.00506101566422,1.4822034343975485e-08,0,7.4110171719877426e-09,21,1,1,1,0,0
43,10,0.97147314628197279,0.88559670494250686,1.3825989211786653,5.8154906936010686,-1.3794002990193521,-5.340635925217561,0.461962835781,0.0336764581827,5.5887744585295284e-07,0,2.7943872292647642e-07,25,1,1,1,0,0
44,11,1.394114956190786,1.6937088662885702,0.82452760853191343,3.1403949857279017,5.3782612205385654,-3.4471372924815036,0.450554318304,0.332834058815,3.3948063293197046e-05,0,1.6974031646598523e-05,15,1,1,1,0,0
45,11,0.30426279898689579,-4.3732723983389201,-2.3916075713389504,5.5444166698556812,-4.8560592016763513,-1.4865856414085767,0.168974212611,0.0107149717567,6.3525599279202107e-08,0,3.1762799639601054e-08,21,1,1,1,0,0
46,7,0.1988004090760741,4.4584486764391151,-0.46557378837522784,-1.4316012811528471,5.8933242196695996,-4.8625992552151605,0.44254571994,0.000460689844318,1.9591136475608735e-07,0,9.7955682378043674e-08,38,1,1,1,0,0
47,9,4.6672646323218059,-3.1179978760926903,1.2201309578926385,3.6170398449951717,-2.5126150811990198,-1.9114881677571178,2.00826463111,0.0866440151866,6.319946265131223e-06,0,3.1599731325656115e-06,6,1,1,1,0,0
48,8,5.6624235417957252,-3.4824240110882791,-2.1401563224840512,6.0794966641199641,-0.74570687370972566,1.739520486500193,0.0766319670579,0.0822564421116,2.0669511658763899e-06,0,1.0334755829381949e-06,11,1,1,1,0,0
49,14,-2.6024354858399414,1.3108410616345803,2.3766954392005117,-4.3922921168862672,1.7047747604388339,-5.0475170987746099,0.0839687836254,0.00481811202921,1.4122207404025862e-08,0,7.0611037020129311e-09,46,1,1,1,0,0
50,2,-1.6629910135889585,0.37615620277019046,-2.7107264111039497,4.1869262018489612,5.0885819217029313,3.5021367907571381,3.15169155668,0.394903328969,5.7437831770106491e-05,0,2.8718915885053246e-05,52,1,1,1,0,0
51,12,-0.77587322358048993,2.0215865333680161,0.63074671685968597,-3.3475260632379591,1.4868959917877334,5.2802954723041893,0.234750629764,0.00147561942297,5.5771148192326895e-08,0,2.7885574096163448e-08,25,1,1,1,0,0
52,4,6.2486852986838715,0.74807257367878277,2.8654013767487174,5.5574375137535279,4.1708307044012303,0.78248369626791747,0.620791494131,0.778758743236,0.00018512524045211017,0.0027562491079500201,0.00010634386576580519,17,1,1,1,1,0
53,0,-5.6768136491206915,-2.9381734920727345,-2.1232440165091293,5.0203224509513351,3.1169653085588322,5.2957220810307728,0.329193312162,0.21289818282,1.3915346600904319e-05,0,6.9576733004521593e-06,37,1,1,1,0,0
54,10,3.6352052429790116,4.9853648884299453,1.4475165272191834,-4.0166603477406664,5.0469959309974497,-2.7176764933689492,0.027585465862,0.00149008837436,1.4373192855675497e-09,0,7.1865964278377484e-10,12,1,1,1,0,0
55,6,-2.2895577390435533,-2.763966755843406,2.4798473755841091,1.3653422221032765,-2.4629045610056313,-2.4741963633472643,2.28813673209,0.604105457013,0.00011640368755337315,0,5.8201843776686576e-05,17,1,1,1,0,0
56,10,-0.10365459196882885,-3.0283153366181454,0.77144370221369496,-2.596876895199133,4.6437373158423467,-4.8143329490807263,3.51255797286,0.0750784394354,1.4055122476018864e-05,0,7.0275612380094322e-06,55,1,1,1,0,0
57,6,1.5302174878843571,2.3488375275610527,-1.0427903759021693,4.3937395196084701,0.63692489262435714,-3.7069911628263501,0.0517075830465,0.00445906732178,8.7304680154363133e-09,0,4.3652340077181566e-09,10,1,1,1,0,0
58,0,-5.9658926160287962,0.82601556359987149,-0.23613274126519518,0.4376216913695235,5.2179774867990432,-4.6343624671735872,3.22901235058,0.0243867538789,1.0607680932755018e-05,0,5.303840466377509e-06,19,1,1,1,0,0
59,13,2.3951269849048344,1.5900144875451845,2.7484999370048429,1.7335721831859525,-3.0171029000264618,3.7090127135589457,0.24024501893,0.0266018302195,2.7328243157640587e-07,0,1.3664121578820293e-07,16,1,1,1,0,0
60,8,-2.3182184096864891,1.4382885178056062,2.0588069591666645,-4.8365742586717868,-4.3642530481269564,-5.7048058056700697,0.719228812295,0.0166674634133,6.0191412466628617e-07,0,3.0095706233314309e-07,39,1,1,1,0,0
61,4,1.9173290199046271,1.056450594730207,-0.97820991551118053,4.6238841343646406,-4.7503324778410905,-3.4245791619830142,0.0226088926256,0.000340085371328,5.4639348550734061e-10,0,2.731967427536703e-10,24,1,1,1,0,0
62,5,-0.9148146235397574,-3.785661165352689,2.1287956384186888,-2.9832562451105922,4.390882192520241,-3.4828459381686554,0.0476663463417,0.00501237555036,9.9252608038851531e-09,0,4.9626304019425766e-09,18,1,1,1,0,0
63,15,-0.13331899354046556,5.8213092305737346,1.714735222298696,0.17552503687108187,4.3052182124246663,-4.5326483443224799,0.0394360016223,0.0202137827792,1.2602096643600872e-07,0,6.3010483218004362e-08,13,1,1,1,0,0
64,2,3.0952166175675444,2.5360067257956782,-0.78365486499028281,-0.99003269227088775,3.8256834873636567,-2.5419510537993597,0.446642340136,0.803627594108,0.00019692669200951332,0,9.8463346004756661e-05,25,1,1,1,0,0
65,15,-1.8923868738127927,-1.851807912152478,0.66737352397892225,3.4814362295683523,4.303003536486953,-2.1216658243361857,28.4715868366,4.06847701594,0.0058528126909219826,0,0.0029264063454609913,60,1,0,0,0,2
66,14,-4.1184935584952118,2.9377256398667582,-1.8362643767683988,-5.607303912577799,-2.1680132640398857,6.141346131568219,0.0726787312937,0.558785540136,9.511941522155173e-05,0,4.7559707610775865e-05,15,1,1,1,0,0
67,1,-4.4952357174740429,1.4580670343868285,-1.8557050872411069,-0.34916928821621462,-4.4768087183930128,-2.3123534765118388,1.87020281067,0.190730862758,1.4579110862314163e-05,0,7.2895554311570817e-06,13,1,1,1,0,0
68,3,-4.3362224530571414,2.5516218586118713,-2.036752796869151,5.4800414041476326,2.5042234726044974,3.1771991331358045,0.265721325292,0.528847221464,8.5265820037835018e-05,0,4.2632910018917509e-05,23,1,1,1,0,0
69,4,1.9014099974267835,-4.8429163496058951,-1.3817400893118361,5.2120035898371846,-5.3097720447425978,-3.6402967836354412,0.050561586932,0.132912887991,5.3838777920200452e-06,0,2.6919388960100226e-06,19,1,1,1,0,0
70,3,-4.1437124750359864,-3.4263243756171518,2.5841666632574869,0.12912261354926727,-4.5309587387092654,-3.9122297816572389,1.88786571319,0.0388389483128,4.0235413339535706e-06,0,2.0117706669767853e-06,39,1,1,1,0,0
71,15,-3.2690424709434156,-5.4363453720358059,2.1641378842255961,5.0153930874571353,-1.7172559058812402,-1.6522054365497902,0.0478101899939,0.0402079656093,4.9475485632188749e-07,0,2.4737742816094375e-07,14,1,1,1,0,0
72,12,-1.2690004664561487,0.65351010748577065,-1.3048025794526306,-1.3128774409447339,1.2657290122875449,0.44425713577445736,0.0638942048772,0.00351402403195,7.8439964704369747e-09,0,3.9219982352184873e-09,40,1,1,1,0,0
73,12,-0.75252255771549881,-4.6977876179804667,-2.8892216939404163,2.287245472967133,4.7624781384063466,1.750479397074197,3.63891584472,0.295339777224,3.9812140865625111e-05,0,1.9906070432812556e-05,23,1,1,1,0,0
74,0,-1.0536746381220572,5.4521694823513549,-0.80455236152513854,-3.5292128157178126,4.3477033609317584,-3.6411808797536569,0.10044437741,0.0404460028238,5.0840635700954104e-07,0,2.5420317850477052e-07,17,1,1,1,0,0
75,9,1.2446142259294115,5.1528168827189536,-2.2980655159615364,3.2909260077014304,5.7757653702782399,2.6687028889468016,0.157249083097,0.199656053364,1.2167551246953568e-05,0,6.0837756234767841e-06,17,1,1,1,0,0
76,8,1.878310835853598,4.1824240781047655,0.89455633895711506,1.3555525897162748,-1.8282160700983072,5.3524250921010434,0.494550365617,0.0341240000133,5.9929101956194162e-07,0,2.9964550978097081e-07,21,1,1,1,0,0
77,1,-5.983524758353659,-3.7059024109090108,-2.4618937625421005,3.6016530933799324,2.043086640859002,4.6858270030156417,1.06022091987,0.0203065966545,1.249679788623645e-06,0,6.2483989431182249e-07,33,1,1,1,0,0
78,1,4.4583987126977904,-6.0662703788302528,1.6059422615532917,-4.5237198977638036,2.208510582931174,-5.4895644089748377,0.0115890114423,0.0782200570651,1.8638986199003664e-06,0,9.319493099501832e-07,22,1,1,1,0,0
79,15,-5.0338610312040739,-2.3431474085174346,-1.3330545085813215,1.9994528050202403,-4.7799453363515099,-2.7627055898079096,0.327840387108,0.0105922445238,1.4165606702200098e-07,0,7.0828033511000489e-08,13,1,1,1,0,0
80,6,3.7005145568554356,0.45193289007719811,2.198432292335021,-5.4295862474746448,-1.7263218534552294,-1.570077028795317,0.313233194328,0.0358804930995,4.902824809620333e-07,0,2.4514124048101665e-07,12,1,1,1,0,0
81,2,2.8612625047432281,-1.3507168460347423,1.9345206782598399,6.0924968897434226,-1.4320349315616687,-0.82669894972227165,0.0551768860712,0.00433231077645,8.761827722802786e-09,0,4.380913861401393e-09,37,1,1,1,0,0
82,8,2.3430867712822678,1.5689418512557627,2.2125304803592378,-2.1485598908290844,5.1562096124019456,-0.34717709112860357,0.0624423876231,0.0108864426999,4.0000673988612797e-08,0,2.0000336994306399e-08,24,1,1,1,0,0
83,4,0.49594989935104689,6.1763614251306356,0.75190968059870555,-1.7538914909270189,-4.977998310141599,-2.0949493511768509,0.042063697798,0.154802122576,7.3015289502522037e-06,0,3.6507644751261019e-06,15,1,1,1,0,0
84,11,4.8228888430837786,-2.6931037435901546,2.1689178843394452,0.36577566317378596,1.6198795787019509,5.2169257032387701,0.407383531386,0.237871666459,1.7402107392012391e-05,0,8.7010536960061954e-06,54,1,1,1,0,0
85,7,-3.4389864621420076,-1.9350076804683423,1.1336969479628434,-1.635812396653717,-5.2904714671457844,-0.56937863753004114,1.64830664781,0.241102524617,2.0424455603723513e-05,0,1.0212227801861757e-05,10,1,1,1,0,0
86,15,-2.6476743585142346,-1.4724129952411653,-1.1539121004290298,5.084405273575511,-1.370176119841457,-2.5567145877960269,0.0174201891926,0.489217328077,7.2905485363313838e-05,0,3.6452742681656919e-05,11,1,1,1,0,0
87,13,-3.3248774020140814,-1.9411944894490258,1.2522091192996634,-1.2629858924632582,1.9434014368773354,-4.6575812232758453,0.0940979963235,0.173611648955,9.190329500031977e-06,0,4.5951647500159885e-06,16,1,1,1,0,0
88,13,-4.059260732993228,1.8914520575365448,-0.8042736409046356,5.6924282510900186,5.001686981037091,-0.31862476124753181,3.58882366945,0.0637558177562,1.4117865527493121e-05,0,7.0589327637465603e-06,14,1,1,1,0,0
89,5,5.0879083111593388,1.4750858600664336,-2.6836649337566572,0.24290132356239635,2.2490569552701554,-6.1212532220734071,0.0766413991964,0.142194888448,6.165051188654377e-06,0,3.0825255943271885e-06,23,1,1,1,0,0
90,15,1.0202282411249579,5.9523128080718282,-2.077719965922173,0.89171219091291809,2.0295474248666485,-2.8321167571492571,0.118877682182,0.156717151625,7.4956166438094266e-06,0,3.7478083219047133e-06,35,1,1,1,0,0
91,2,-1.8202167761782286,-3.0764904237601618,-2.0268752088020117,-2.6694680170217158,1.4104569949836587,0.48424600009355501,0.0913033542915,0.0167106664923,9.3399612625116904e-08,0,4.6699806312558452e-08,10,1,1,1,0,0
92,2,5.4269981682095692,-4.3389953932683794,-0.44520490290131087,-0.95635552037306271,3.6440072471641973,-5.2976390072284287,0.287766939155,0.064046983955,1.332355387944194e-06,0,6.6617769397209699e-07,31,1,1,1,0,0
93,7,0.94110576945532953,-6.1678799899291663,-0.1506979792198094,-2.0329188062363879,2.8491684482928501,-3.1661357129318848,4.37825056211,0.853513893061,0.00024107859319124172,0,0.00012053929659562086,20,1,1,1,0,0
94,11,-1.7883121668595829,-5.628631658149696,-1.802304686318795,-6.0649234975043225,-4.1508394787411946,-5.4259956721026539,0.083006584142,0.00128174924166,7.3905432182595304e-09,0,3.6952716091297652e-09,11,1,1,1,0,0
95,0,-3.4871329417728796,-2.841735185399398,1.2268274756546993,-0.25144503342407915,1.101007277140704,2.1042126100502774,1.12767445811,0.385447045666,4.6528484590125554e-05,0,2.3264242295062777e-05,21,1,1,1,0,0
96,6,-4.3642476567181525,-0.027622542276028575,-2.7681906046129119,-0.13782388528204548,1.7755577359619998,4.5281711224747418,0.850375035056,0.0063721351936,7.3550641853013143e-07,0,3.6775320926506571e-07,18,1,1,1,0,0
97,5,0.12753110513452887,-3.5039739405981774,-2.549692988996545,-1.6352187059421792,-4.1273476484742657,4.1458341564894177,0.256578489285,0.0276621932249,2.9892483683142239e-07,0,1.494624184157112e-07,18,1,1,1,0,0
98,7,0.21423748358191927,3.3944522998809874,-0.69586025159473097,3.7610303931528488,-3.8923579595027178,-2.4775437234086337,0.968727074627,0.0504010726684,1.7122420672633655e-06,0,8.5612103363168277e-07,21,1,1,1,0,0
99,15,-1.4352755520088756,3.0622669672003653,2.1981144445304679,1.7332565017898751,-0.66848573342122974,-2.0135865690326904,0.0543944610226,0.0179439625671,1.0104123874302073e-07,0,5.0520619371510365e-08,6,1,1,1,0,0
100,1,5.5230177327796168,-3.6387038744244276,-2.3120897322488299,0.97209560891202329,-2.6185344805431812,2.7166215813697696,0.0653777195583,0.448621612278,6.1311987691385815e-05,0,3.0655993845692907e-05,10,1,1,1,0,0
101,2,4.8272370811006526,5.987579853198258,0.37029836374366926,4.4534492650169444,-4.6024651444929949,5.973073971131158,0.486865346329,0.0478288389678,9.3388001607536613e-07,0,4.6694000803768307e-07,11,1,1,1,0,0
102,1,2.4103792028711526,2.6407199969642114,1.312911546905259,2.948637930755778,-0.4903624715544313,-0.22454136356504803,0.0388687166975,0.00163970166199,2.3297780941073547e-09,0,1.1648890470536774e-09,27,1,1,1,0,0
103,9,-3.4813928316245306,4.7933600660242854,0.38488938073608236,-2.2664745540264803,1.7482156976695513,-5.0605316709237993,0.614543570287,0.00212470539165,3.7903895643612663e-07,0,1.8951947821806332e-07,9,1,1,1,0,0
104,5,-1.6453407971310889,-0.60407620791637351,2.4525656825078372,5.4187940849678187,-1.422768160217091,-2.3609226425931049,0.111867913653,0.0827321557217,2.097501742966396e-06,0,1.048750871483198e-06,11,1,1,1,0,0
105,7,-5.9974868655982165,-0.79587494673932468,-1.2152696450720901,3.0904678720784555,-1.6293660196165713,1.788896109850806,0.0575300511242,0.00272086091445,5.564815164169103e-09,0,2.7824075820845515e-09,27,1,1,1,0,0
106,14,-3.3431954073012853,1.2795313609395995,-2.3967731684154998,-0.27316630398949049,-3.9696331318293727,1.782458146572889,0.0258011901409,0.0082035396978,2.1165863895071427e-08,0,1.0582931947535713e-08,35,1,1,1,0,0
107,8,-0.071656528121735591,-3.9156389972611829,-0.83233316373463795,-0.15633464426749516,-1.3881062153045194,1.2897080628213755,0.0851096375522,0.0151585128681,7.7238797199993345e-08,0,3.8619398599996673e-08,16,1,1,1,0,0
108,4,6.1102409061943854,1.36947967191418,-1.7698070351621191,4.7902542070693404,-4.2514163966948963,-2.0166248847621047,0.395141879978,0.0543729757766,1.056714288244676e-06,0,5.2835714412233799e-07,13,1,1,1,0,0
109,13,0.36966789707828829,3.6924865327902734,-2.0277207819379317,3.2133468067035125,-4.8244684101007183,3.9363612256547293,0.090196255471,0.0397418998415,4.8925378411322351e-07,0,2.4462689205661175e-07,17,1,1,1,0,0
110,10,2.4235211471004221,1.5348022475066512,-1.5655012363692142,1.1365581259152273,4.3409988666333819,5.6384420022301383,0.104953238901,0.00358240295607,1.4924523806717832e-08,0,7.4622619033589158e-09,29,1,1,1,0,0
111,5,-3.3503342458557763,-2.279613919071787,-2.4970833392751084,4.0168017415799264,-3.8956036906166971,-5.4345619825289919,0.00802609233205,0.236713722676,1.7068810036640784e-05,0,8.5344050183203921e-06,12,1,1,1,0,0
112,5,-1.8325473356621225,0.97236103879801328,1.8672378077047731,4.8842965928806112,5.3688228687478032,-4.2951385780376725,0.0319825547769,0.0179970519362,9.9686601330776272e-08,0,4.9843300665388136e-08,17,1,1,1,0,0
113,12,-3.9999596273154974,-2.777102619238708,-2.2521320756159779,0.047848957846196222,-0.76354285224655793,5.2471849911157555,0.0343471212164,0.0415390487187,5.2679481880073881e-07,0,2.6339740940036941e-07,15,1,1,1,0,0
114,8,4.2061414360299789,2.7646669203472598,-0.014234754726063725,0.14540906296228662,-0.72108691009550485,3.0202744370209706,169.785554775,0.229250302126,0.028843143992377408,0,0.014421571996188704,60,0,0,0,0,3
115,13,5.0283488709698183,-2.3296996805760934,-1.6796066760477051,5.7955302024303954,4.3606572231591141,2.390774309436277,0.0687380182041,0.00490319623043,1.2048324056815779e-08,0,6.0241620284078897e-09,8,1,1,1,0,0
116,1,0.3899714360283254,-2.2925898691854263,0.30527461156142693,1.0682246976087997,1.8959806552708973,3.5678379466644343,1.33141421497,0.0200327906167,1.8949106509824732e-06,0,9.4745532549123662e-07,15,1,1,1,0,0
117,4,-5.2018249629646496,-0.82295253353352182,0.55872127410162498,1.4248683647065061,-5.1514694344885097,-1.5957256017596553,1.52444829647,0.212035422002,1.601924333300802e-05,0,8.00962166650401e-06,16,1,1,1,0,0
118,13,-1.2736917102424579,1.1093715891742313,-1.6427843055853222,1.478025316706562,-0.44898614755489619,2.0754235021312062,0.45780994102,0.0548792971332,1.1270175734339859e-06,0,5.6350878671699294e-07,22,1,1,1,0,0
119,0,-2.1902233686961372,-1.3797996206019807,-2.1324610907722996,-1.0864096534286765,-1.2172041333576422,-3.0054138588794044,0.0112371805239,0.116848817471,4.1592647333734602e-06,0,2.0796323666867301e-06,20,1,1,1,0,0
120,5,-4.9708970741943102,-1.0569163094525615,-2.9437572277421231,-3.7664932564465818,-4.9788491171354492,-3.2604640328238106,0.184949993971,0.0197057367476,1.5249433676274252e-07,0,7.6247168381371259e-08,33,1,1,1,0,0
121,7,2.0017046374958314,6.1465621020654346,1.6588467410484902,-3.2176523174842608,-4.7550941158308833,2.6830688987892626,0.0468993754739,0.000611154262263,2.3133289298314788e-09,0,1.1566644649157394e-09,20,1,1,1,0,0
122,3,-1.7569459582047129,2.433735064205238,2.6178244938019533,-2.1709982229870262,3.821889475796465,3.2325846658435968,0.063589539277,0.00678869908472,1.8082360502416764e-08,0,9.0411802512083819e-09,21,1,1,1,0,0
123,10,-0.6454125526566391,-0.18108602210166705,2.2281040910018732,-1.1751949797536843,-1.1468597341131106,1.872609460582993,0.0288024533158,0.00780617352295,1.9391853523598527e-08,0,9.6959267617992635e-09,18,1,1,1,0,0
124,6,-4.5056802392541533,5.9573620667455733,1.1335517174481415,-2.5735784664353427,1.1373831428468035,2.9000430074767332,0.519039301385,0.0223822587359,4.2200461625896816e-07,0,2.1100230812948408e-07,26,1,1,1,0,0
125,0,-0.10608715115141697,1.131230338444595,2.2384588204463007,1.2014071929870678,1.5037574804375704,5.5950838746410723,0.0103816313002,0.263354327506,2.1127001789445514e-05,0,1.0563500894722757e-05,28,1,1,1,0,0
126,8,-2.7776954047814839,-1.5307513588546524,-2.637058940321849,0.88402280161492097,4.5654886813193372,-6.0727458506234582,0.130677832746,0.131954309637,5.3210568809748392e-06,0,2.6605284404874196e-06,16,1,1,1,0,0
127,1,4.9218340513791441,-0.74468785565900686,0.039919823063464421,6.1400215043233173,0.69146636129858852,-6.1313098375613428,1.69544224263,0.161111418126,1.0781444966340247e-05,0,5.3907224831701234e-06,46,1,1,1,0,0
128,6,2.4276416699859436,3.3864238789560095,1.1724476294153539,-2.8540053903835703,3.9763984487811039,-0.56965232417985334,0.0495135537712,0.0209089637116,1.3562568663191538e-07,0,6.7812843315957688e-08,9,1,1,1,0,0
129,8,1.7274938142894423,-2.759741413673475,-0.56088576668203582,-4.5662619267857965,5.8079837291574012,-3.1808040469630745,0.0185468906803,0.105236045084,3.3738677361125951e-06,0,1.6869338680562975e-06,20,1,1,1,0,0
130,10,-1.4646725998001848,-3.9934964510205884,0.12649079382704889,6.1803622816447392,5.2336541431470582,-3.4239674608430128,2.41684378398,0.0912519536275,8.3776584691732888e-06,0,4.1888292345866444e-06,29,1,1,1,0,0
131,11,-3.1233105294953556,0.89153821438694225,1.2982012647786785,-2.9980810045772399,1.1204332215206232,1.9276203481672616,0.123892287363,0.0184006089782,1.1848739922151849e-07,0,5.9243699610759245e-08,30,1,1,1,0,0
132,1,-1.9947032437911663,5.7492309707876288,-2.4677633331129263,-1.9345836747489684,5.0639029035011855,3.654095428255979,0.0379168637681,0.0522444155761,8.3288452637704918e-07,0,4.1644226318852459e-07,20,1,1,1,0,0
133,14,-3.2256068826923054,-5.3720352399588869,2.5157947102396085,0.33010379879703405,-2.8608641547160039,2.0721122225917696,0.022760330838,0.919352969271,0.00025746617149850721,0,0.00012873308574925361,23,1,1,1,0,0
134,1,-5.7824160507406974,4.1912677750477219,2.9417884583442251,-3.4781646508270025,1.3986901272792656,2.5763806375545384,0.927196480364,0.683825668215,0.00014330414316872855,0,7.1652071584364275e-05,13,1,1,1,0,0
135,9,2.3558640616911291,-3.7025425086834978,0.97838469159418429,-0.28075405559818811,-5.0239069172237452,1.5691944861600948,0.173059769807,0.02219901976,1.800640756274698e-07,0,9.0032037813734901e-08,9,1,1,1,0,0
136,5,2.8881287446076871,0.89490468416076963,-0.57644474338686402,1.324227327361061,4.8863415615580523,-1.2320566532826613,1.88024856303,0.126438360123,8.4051494471193915e-06,0,4.2025747235596958e-06,29,1,1,1,0,0
137,6,5.8694829157250155,-1.6783455865027161,-1.0692608811336057,-0.95164271334893491,4.3401185509625932,-3.3089800418862332,0.429311077537,0.0364511322734,5.8904861111210633e-07,0,2.9452430555605317e-07,36,1,1,1,0,0
138,0,-0.22709629300945205,0.67457457017973432,-1.972642429684986,-0.84341546540051571,3.2952484450069952,-1.2674788568428734,0.292890357107,0.00355230477475,8.9628688666702499e-08,0,4.481434433335125e-08,24,1,1,1,0,0
139,2,3.5684659685227045,-3.9457929970041117,-0.68740998060520764,4.7023889261665834,3.4804606321755545,1.7074480440568132,2.38317593705,0.129479225325,1.0786398925638035e-05,0,5.3931994628190176e-06,17,1,1,1,0,0
140,9,5.9554682082995081,4.3224818621949241,-1.9296563542317158,-0.97516633394843466,-1.550564142133114,1.1104039911272712,0.0354418566211,0.109587302457,3.6595215174824707e-06,0,1.8297607587412353e-06,8,1,1,1,0,0
141,10,1.6988811833768684,1.6820690822407243,-0.84882983333220563,0.51394301593360614,-1.5830678930271096,-0.65975183125859926,0.699687809557,0.0263936172109,7.0176654064599821e-07,0,3.5088327032299911e-07,16,1,1,1,0,0
142,6,0.32793421859716976,-2.3474192964840945,-1.3581978215053903,-2.0955856849224097,5.0772674987126454,2.0273047179659258,0.0633463237904,0.00194134565879,5.1608058655767713e-09,0,2.5804029327883856e-09,22,1,1,1,0,0
143,12,-1.7293830058478228,5.6767905143231232,-2.990529111814507,-5.6901524755579445,4.3786854576562027,-2.2889626622998986,5.18526118146,0.22597532396,4.2442175466764346e-05,0,2.1221087733382173e-05,60,1,1,0,0,1
144,6,1.0965108367563601,-3.5611630113214265,1.377242515673212,2.1643050158328956,5.3675206965426074,-4.0583025535769037,0.767057401297,0.059938583752,1.6827559020391129e-06,0,8.4137795101955647e-07,10,1,1,1,0,0
145,5,5.83094655956479,3.0769268576916069,-2.0605258648870848,-0.96755676325424711,2.6941099375366564,-0.36461750220800748,1.36428026226,0.0465668712489,2.5218154358091527e-06,0,1.2609077179045764e-06,37,1,1,1,0,0
146,9,0.067392195859137499,-0.42609303901520301,1.0550878936423862,-2.4229116014652008,-4.48415979411552,4.5325221930886892,0.879064452059,0.00315758097071,7.7579144329058962e-07,0,3.8789572164529481e-07,48,1,1,1,0,0
147,5,0.74592414149921238,5.9079150206838298,1.7512987780171938,0.17626465933862134,4.6584370462007572,0.62720818818509938,0.0167829354973,0.0138606799643,5.8804293173900191e-08,0,2.9402146586950095e-08,11,1,1,1,0,0
148,13,-0.14774967359178959,-2.1299734217018194,-1.4675409819534648,2.1444525153972105,1.492437041263339,4.7916502343136429,0.0437611854951,0.010563323142,3.5905409322964581e-08,0,1.7952704661482291e-08,25,1,1,1,0,0
149,0,-5.6184614197048184,0.24090872813834791,-1.1359313270387987,-6.0898352813309033,-4.8576054807208831,4.0339573066135994,1.85336990265,0.00194736778535,3.4361351788046321e-06,0,1.7180675894023161e-06,55,1,1,1,0,0
150,4,3.4876423848531348,-6.0286397347840301,-2.0256940037215236,2.5124100198558263,5.087380303318108,3.5022958860845059,0.0149825235374,0.00763757589088,1.7993591600351841e-08,0,8.9967958001759203e-09,34,1,1,1,0,0
151,13,3.1978420843623137,-2.5679222531554156,-0.96618389638762847,-1.6706822293351153,-1.8994524411685412,-1.6047161726670671,0.295594417302,0.0261062768585,2.9498431258586414e-07,0,1.4749215629293207e-07,22,1,1,1,0,0
152,15,4.8255222001381499,-0.11129707930479774,2.5162605657475732,1.5025270182961494,-4.686096235704091,5.7976285251967541,0.0538184270703,0.0251696200731,1.9587453604729833e-07,0,9.7937268023649165e-08,16,1,1,1,0,0
153,0,4.9050189416638581,-3.1353168092841774,0.26033493356598791,-3.9026115930044125,-3.0120089726799844,-5.4305232817943514,1.5361380546,0.0120406835388,2.4038829653826369e-06,0,1.2019414826913184e-06,11,1,1,1,0,0
154,2,2.5705719047659095,0.92834851502611859,-2.1338191413886327,0.27058226082642933,2.145895668589723,4.4320150524267801,0.163010577694,0.0531153060845,8.859700003070652e-07,0,4.429850001535326e-07,12,1,1,1,0,0
155,0,-4.5215373712355822,-4.9306769587867274,0.042785022360161969,-3.0186569276030011,-4.7675753556760343,-3.418426967389312,0.453731867377,0.00129885948055,2.0638650801192752e-07,0,1.0319325400596376e-07,60,1,1,1,0,0
156,5,4.8718917476930361,1.0929180830604495,2.8084991148769696,3.9637717195038822,4.0077948867603093,-3.7695819372014578,0.263326209635,0.00865087294328,9.2137530112378591e-08,0,4.6068765056189295e-08,17,1,1,1,0,0
157,12,-4.2638791509747449,1.3104585903703414,-1.1976520828774442,1.227389227754947,4.151471998640198,0.1164570291548073,0.0974799238437,0.182625539919,1.0169129275027793e-05,0,5.0845646375138965e-06,17,1,1,1,0,0
158,0,3.5525601342009918,3.8033897783378481,-0.71675522144909387,1.0155592746411441,-2.5836694097946888,-0.62893475933773157,0.0422803327807,0.0967355793041,2.8523280805253375e-06,0,1.4261640402626687e-06,19,1,1,1,0,0
159,15,-3.1087199603477789,-0.4157823931687562,-0.55010623019808103,1.4482349157373844,-1.3080673802919132,-0.40581100028294514,0.266192202932,0.0202312321498,1.9553903782724744e-07,0,9.7769518913623719e-08,9,1,1,1,0,0
160,4,4.519824786246291,4.3241838837749587,0.63674106928946073,3.1696057384353415,5.1794759481684558,4.1909606347691533,0.252082846194,0.022550107763,2.1844596132900386e-07,0,1.0922298066450193e-07,11,1,1,1,0,0
161,14,-4.7824411083051812,-3.9827440832192873,0.26247986462869194,-0.78736914593113583,-1.4261987889659498,-5.4626858602537416,43.8889438055,0.0458931408891,0.0019268809675963255,0,0.00096344048379816275,60,0,0,0,0,3
162,2,6.1087041713423407,1.6146676023296394,-2.2950771074330851,-4.4814168416492333,-1.3003376583182367,0.79911802177685232,0.0808356076934,0.0924295850632,2.6089505248692862e-06,0,1.3044752624346431e-06,16,1,1,1,0,0
163,14,2.6149534132195629,1.0471777961111979,0.88466675283299223,-5.5013099075302003,-4.4239439442823612,-4.1438858147366933,0.172387663958,0.0158989185666,1.0671736127216213e-07,0,5.3358680636081065e-08,15,1,1,1,0,0
164,14,-5.076814430231309,3.9818105649214832,-1.3503070817527552,-4.6008770772992431,1.5799212774403002,3.520192703343151,1.20005681596,0.016596991899,1.5240463186612194e-06,0,7.6202315933060968e-07,19,1,1,1,0,0
165,10,-3.4759686100558818,4.1299873336409538,2.8846286032896602,-3.9815668757217515,3.71174153836182,-0.62947120850435434,0.0263508831122,0.837757316359,0.00021379256823630388,0,0.00010689628411815194,44,1,1,1,0,0
166,1,-4.9222816665404769,5.6952816112195634,1.5018972000148989,-0.80737403784800466,1.5750001419614681,-3.5858011361170985,0.049017820957,0.00426257982316,7.9375194053801749e-09,0,3.9687597026900875e-09,14,1,1,1,0,0
167,10,3.1956007741976635,1.9092264430110406,2.5069584251809003,3.3604360223297229,4.7581615702147513,5.0649369307423289,0.0134145839141,0.088598523468,2.3913348118022741e-06,0,1.195667405901137e-06,21,1,1,1,0,0
168,4,0.23011318619939808,2.7497196445632359,2.911367889896463,1.7097213854274429,4.299911716928345,0.72141013955740152,0.136616532198,0.00808437759948,3.8573006670357855e-08,0,1.9286503335178927e-08,11,1,1,1,0,0
169,6,-0.2172818518517739,3.0232730700214034,-1.6642591268957654,3.5323461061969188,-4.4691479231690918,-0.79923497651593378,0.00719449978241,0.116500006746,4.134396015308687e-06,0,2.0671980076543435e-06,30,1,1,1,0,0
170,11,5.7924871811824303,2.2966676023502464,2.6977778479633754,-1.4751931121040733,-4.6318784645557152,-1.0694268331039904,0.0528856796844,0.0019700879564,3.9791904271100355e-09,0,1.9895952135550178e-09,51,1,1,1,0,0
171,3,-1.6364460434619683,-2.7112379099782742,-2.7214123052956349,-0.98589185355919762,-0.57633397399334796,5.1799114861652056,0.176067794041,0.00424349106442,3.6485179899818995e-08,0,1.8242589949909497e-08,16,1,1,1,0,0
172,2,-1.3846129801879923,5.1171370776954461,-0.45342751210013049,0.98438063080152038,4.1199931330190216,-3.921952668134737,0.959427075412,0.163727705569,9.0863068555568341e-06,0,4.543153427778417e-06,8,1,1,1,0,0
173,12,-4.2286309160622642,4.8740430409427233,-2.6905678497688363,1.8417057155395009,-1.8056517496843343,3.1443858655576831,0.228650525061,0.00554526385063,6.1648033395568355e-08,0,3.0824016697784177e-08,13,1,1,1,0,0
174,15,-5.7421612121116929,-0.98066506793299968,2.4889099544167195,-0.4213705115211005,4.4677487131354665,1.0898141159088046,0.0775411085936,0.00414609182313,1.1249020547226751e-08,0,5.6245102736133754e-09,28,1,1,1,0,0
175,7,4.8796694067393611,3.5684599847264518,-2.1922311242825736,1.1866360211430753,5.1199980241727117,-2.7352123503289438,0.153041546916,0.000245535725728,2.3440079794253962e-08,0,1.1720039897126981e-08,33,1,1,1,0,0
176,14,4.9117357317888768,5.6122756866589913,1.1684754753351791,-4.9374045585036246,-3.2690636740430565,-3.4873957789805181,1.8134695801,0.0167777308881,3.3744193619846488e-06,0,1.6872096809923244e-06,9,1,1,1,0,0
177,10,-1.3840649295741363,3.5135152048212839,-2.7373812151369519,0.69173545422952343,-1.7174640025733936,-3.7144535306458835,1.12504282304,0.0970302451264,4.133654294419739e-06,0,2.0668271472098695e-06,19,1,1,1,0,0
178,7,-1.8424642737380845,1.1598513537716324,-2.0407849843164168,-3.9964395202438689,-1.1098108311821859,2.7999926011111476,1.17432928521,0.0134443446901,1.4341089918336052e-06,0,7.1705449591680261e-07,33,1,1,1,0,0
179,2,0.23975802539237209,3.732764685477898,0.186273165226292,-2.3376463579170514,4.4900914796154368,6.2831853071795862,0.863680294611,0.95102713065,0.00027625796196714783,0.0075689999999999993,0.00017597398098357392,41,1,1,1,1,0
180,13,4.8849873122328447,-0.71176064834336394,-1.5124269521690852,2.1714008894474146,5.2960076210418725,-1.7716038767046289,1.29854983875,0.080851243063,3.6774924550962189e-06,0,1.8387462275481095e-06,22,1,1,1,0,0
181,9,-2.426081106564562,5.8191521711634842,-2.6153251290874491,-2.4426220213949326,3.3472437151373406,-1.5336726544634252,0.00812016663842,0.231932307664,1.6386227532747687e-05,0,8.1931137663738436e-06,16,1,1,1,0,0
182,8,3.7814146921299847,-3.2841427654685038,-0.48374544852274487,-3.9320590259872978,1.5963826522103775,1.0485865821287077,0.116247198208,0.0696913039543,1.4930030090163729e-06,0,7.4650150450818644e-07,22,1,1,1,0,0
183,6,0.067824487215020726,-0.8827037582783096,-1.7592658563592301,-1.8920870299080568,-1.6657517763550762,1.7046604335522149,0.0518677726068,0.0252608830599,1.9707036168336034e-07,0,9.8535180841680169e-08,18,1,1,1,0,0
184,2,-6.083339116788343,2.1807610065514993,-3.0194789115469587,-1.1925491641673482,-4.7662347453932989,4.6971737703417977,1.41543495235,0.0243504798567,2.1840777451113938e-06,0,1.0920388725556969e-06,17,1,1,1,0,0
185,11,-3.5569416983114341,5.0346812104380829,2.1816797162557129,3.1763857900569334,2.1469519134704549,2.189213428512057,0.0728579575564,0.000364085851423,5.3486616097196453e-09,0,2.6743308048598226e-09,53,1,1,1,0,0
186,11,-0.19380724925277543,5.0944586141670003,-2.3012131397649203,-2.1147984893280944,2.5642986997911512,5.7499063592790254,0.0693598960396,0.0774825060724,1.8335932779574998e-06,0,9.1679663897874989e-07,17,1,1,1,0,0
187,15,5.8297180221410692,2.4256711733687313,0.39346532622044361,-1.4491139200367933,-0.7734712612838831,-4.0114618524966854,0.409725263953,0.00270811363858,1.7010881936543176e-07,0,8.5054409682715878e-08,23,1,1,1,0,0
188,3,4.984469487160581,-2.9242084401247372,2.5224866517031725,0.97142038853839896,-3.5909610747097034,4.964960981750548,0.043019097977,0.0927037928932,2.6197306821510876e-06,0,1.3098653410755438e-06,18,1,1,1,0,0
189,2,5.0184356933552055,4.7604742206137551,1.4376862427759018,3.9182998820502513,-4.8428768846084411,0.3671224451697635,0.0297263173374,0.00831214364031,2.1930199041559922e-08,0,1.0965099520779961e-08,28,1,1,1,0,0
190,12,0.44265039038618376,-4.8666256712011595,-2.3983855481710976,-4.2674270971820834,4.8747733700676177,0.81230943067331784,0.031948709763,0.0723594991378,1.5959661896380918e-06,0,7.9798309481904592e-07,18,1,1,1,0,0
191,11,0.059479484533469074,-0.91555084499952955,2.4899544208091062,0.090594016175634132,3.9225376178693812,0.93663022601430845,0.0786922172667,0.00608134423233,1.7458054230839332e-08,0,8.729027115419666e-09,19,1,1,1,0,0
192,13,-1.853730785845729,-4.1185908662013055,1.2978331315535463,-1.7942343531861202,-0.337710215728243,-2.6413589362787921,0.0563169992343,0.00256371833916,5.1737486116356186e-09,0,2.5868743058178093e-09,30,1,1,1,0,0
193,8,-0.46813448873816427,0.55057335998246437,-2.0120816559312416,-1.3764430905433509,-3.7608181990680447,4.3337449965124542,0.0800923508686,0.0418924377585,5.4101114955553067e-07,0,2.7050557477776534e-07,25,1,1,1,0,0
194,11,0.3053827586687477,-5.2537809623183911,1.6617313060305918,5.0231622867282439,-2.1966373928905214,1.096955109103434,0.0849875159525,0.0119341747817,5.060787001622711e-08,0,2.5303935008113555e-08,22,1,1,1,0,0
195,9,-1.8473038048324915,6.0318584194740126,2.2703219251455473,2.5111239536868171,-4.699616779780909,0.31831222033786455,1.00331648918,0.0341803987337,1.3625284046988248e-06,0,6.8126420234941242e-07,11,1,1,1,0,0
196,1,-2.6113213481966926,-2.9395557227604865,-2.8739666646814981,5.4006199527082934,1.7455923518538328,-5.052917239942313,124.160584121,1.33560295688,0.01595923794296843,0,0.0079796189714842151,60,0,0,0,0,3
197,2,-2.697057046191822,2.1715914025537728,-1.9768420499267221,4.5291673301850475,-5.7347263261948784,-4.4352481222571862,0.313857637614,0.0577760650921,1.1153420134882192e-06,0,5.5767100674410959e-07,18,1,1,1,0,0
198,2,-1.2094288254376901,0.3192211276266308,2.8043112584369969,5.743789022152523,-1.4082132370645488,-3.9631792624660638,104.119166377,1.42027614662,0.011455270293722052,0,0.005727635146861026,60,0,0,0,0,3
199,6,-1.9221489247891808,-4.7558470823490264,-1.7581767673230295,-3.9614087433286125,4.274642091143007,3.3492676482462058,0.0253644310831,0.000987880090524,9.4063265877310312e-10,0,4.7031632938655156e-10,38,1,1,1,0,0
200,8,5.4039587894220613,5.5286214973994916,-2.2416533273607229,4.5427626651470696,-1.6219094951411701,-3.4088927152023292,2.94806945681,0.214500034834,2.2706641713089421e-05,0,1.135332085654471e-05,30,1,1,1,0,0
201,4,1.2979894444793629,-0.69498342790647816,1.3616703109144508,0.80444010261653631,4.5336272279649235,-0.56713240642643858,0.00748993430604,0.00380403961626,4.4641317133997561e-09,0,2.232065856699878e-09,13,1,1,1,0,0
202,3,3.5241412511136638,-1.1747149961995851,0.6999286473308145,-4.2657125357973023,-2.0832502512397371,4.4785148116004283,0.162717864625,0.0129622275907,7.7658722545721852e-08,0,3.8829361272860926e-08,9,1,1,1,0,0
203,13,-1.3752041376567115,0.92963989986195528,-0.14051624631876758,-2.045778892759595,2.5387148320102524,-6.1629171200144972,37.5816915267,0.000534351461606,0.0014123836249889991,0,0.00070619181249449953,60,0,0,0,0,3
204,8,-3.8525143030623719,-0.35504593671076778,-1.6033367515142598,3.5581847023699424,-1.7792115735547915,5.2798175119840769,1.3371403291,0.0557921851725,2.7361475938297947e-06,0,1.3680737969148973e-06,12,1,1,1,0,0
205,3,-2.5852421753606656,1.7449062356487059,1.5862277178125355,-0.6222001697263535,5.3763722868718764,-2.950772924582306,0.0518427016785,0.0342507084512,3.6003772061821279e-07,0,1.800188603091064e-07,14,1,1,1,0,0
206,1,-2.1588052353188014,5.6756838467778428,-2.0893753712940835,4.0647700343048276,-1.9833367109256794,-2.3220641302536649,0.195136224491,0.0903904305272,2.5269334302069732e-06,0,1.2634667151034866e-06,51,1,1,1,0,0
207,3,2.8141649218305385,-0.81364656210172415,1.1483171974432116,-3.9031810804934648,5.3686773215322976,4.8709860782654362,0.30775138673,0.213326912328,1.3957353628251416e-05,0,6.9786768141257079e-06,25,1,1,1,0,0
208,0,-4.2164335008831868,6.1811277702608871,2.0554734615799566,-0.61157110050158303,-1.5072193370916038,5.6885939277513549,0.0856033940645,0.00731415651379,2.3624024305525599e-08,0,1.18120121527628e-08,6,1,1,1,0,0
209,3,1.9030291261459622,-5.0897332848085242,-0.27299959506731436,-2.7302426906124526,-4.8666484681730235,2.4988017899310524,72.1429443579,0.0356581935759,0.0052049917437366052,0,0.0026024958718683026,60,0,0,0,0,3
210,3,-0.014336691414604724,-2.3276241647030602,1.4323023999779423,0.60984946996974643,3.9857377236803626,1.1849419104245931,0.415836427813,0.858073083481,0.00022445950223421931,0,0.00011222975111710966,15,1,1,1,0,0
211,12,0.013205952376733389,-0.82882045913931857,2.2234986351898409,-4.2136151544717872,1.2844779665722614,-0.62726967271258316,0.353499893117,0.134389280916,5.6264986342941696e-06,0,2.8132493171470848e-06,12,1,1,1,0,0
212,8,1.7320254203164138,-2.6473539102375567,-2.4702885825703036,-2.070716800905835,-5.2249850516442145,3.486110408915454,0.14536552723,0.00914478816983,4.6605423368438777e-08,0,2.3302711684219388e-08,14,1,1,1,0,0
213,10,-4.1315436818560851,-3.7245348689082558,2.6983951838530027,-5.9225304590556966,-4.6138149089435547,1.6012352201041116,0.0632841771504,0.253620644005,1.9598042490123491e-05,0,9.7990212450617457e-06,17,1,1,1,0,0
214,14,2.9711014254461547,1.298181046139129,2.5986539417142587,1.3669789900916305,1.5504252709419799,1.5059013752336645,0.0919641981287,0.0596324129198,1.0916844736055254e-06,0,5.458422368027627e-07,12,1,1,1,0,0
215,8,-6.0803163491336081,-1.6407399945841239,-2.1009332679536672,-1.2481470476128034,-1.5000746380260492,0.51352669749391266,0.0176080344055,0.183880066957,1.0299997389308291e-05,0,5.1499986946541453e-06,46,1,1,1,0,0
216,5,1.5568702584436138,-1.7488467553985698,0.45140298258871636,1.6935230051398715,-3.4879367056478277,-1.9249860068293223,0.617460323979,0.84518680914,0.00021798189103327487,0,0.00010899094551663744,28,1,1,1,0,0
217,1,-0.050270702747733029,2.7300428425431482,-2.6130954121331706,1.8878875469622758,5.015598925761223,-3.470369694984853,0.0114661060266,0.100970559881,3.1057225043091264e-06,0,1.5528612521545632e-06,16,1,1,1,0,0
218,7,-5.5005829950889495,2.5381755709688916,0.2291476638658517,5.4177507722371638,-1.693908688020298,-5.3722441530835585,3.73460775087,0.0390667209826,1.4412204805523776e-05,0,7.2061024027618879e-06,58,1,1,1,0,0
219,4,3.684824462587259,0.29171194712603088,2.1044035927679086,4.8548529114136221,3.2850573639864429,-3.5695798216896382,0.492058730085,0.2917621351,2.6172723359121059e-05,0,1.3086361679560529e-05,14,1,1,1,0,0
220,4,2.7639982424692149,-4.9596199216051549,-1.9271685866570671,1.4617911652921403,-2.144756193780319,-0.95608441172094061,0.287375692273,0.0013691441273,8.3155810812080086e-08,0,4.1577905406040043e-08,13,1,1,1,0,0
221,14,2.8592264999731642,2.0290587472698722,1.0308593916359807,5.2256523074098364,4.0890444397434331,4.330617994702207,0.0351994290472,0.00508912794888,9.1283543752926242e-09,0,4.5641771876463121e-09,46,1,1,1,0,0
222,10,-4.9481541464877719,4.8508388680569698,-2.3106985683487902,-1.4185848103049001,-1.1515935533587125,-0.0077234198823687133,0.0245764104836,0.121789218987,4.5188765631407886e-06,0,2.2594382815703943e-06,20,1,1,1,0,0
223,11,0.71950480419269669,2.1367926677773594,0.56208538237273664,0.36012000286690965,2.4072378742841147,1.4182999430391279,0.556086338119,0.0950335255085,3.0603449376333562e-06,0,1.5301724688166781e-06,11,1,1,1,0,0
224,6,-6.0460313525725446,0.65983352515144078,-1.0615309319478534,-4.8561274982867069,-1.538993305443721,1.903442591002112,0.0305857673516,0.166735246416,8.4694954446431987e-06,0,4.2347477223215993e-06,50,1,1,1,0,0
225,12,3.1340972539628509,-2.3871500608105753,2.2379363550265357,3.2668259985859427,3.6607488398600276,-0.22681273919500555,0.0927962028858,0.0145357208851,7.2972891378365187e-08,0,3.6486445689182593e-08,13,1,1,1,0,0
226,8,3.5775113059766492,5.9074805051204384,-1.7457530259245069,3.7694674713251897,4.6835074664334391,4.2459956988197742,0.239217110022,0.00165923330294,5.8063454284563439e-08,0,2.903172714228172e-08,53,1,1,1,0,0
227,14,6.2831853071795862,3.0034143953269097,2.8801321862299996,-6.1296381145630345,2.6932721495127874,6.0450679979598325,3.91333970393,0.408274377422,6.6090286134486059e-05,0.0075689999999999993,7.0890143067243024e-05,51,1,1,1,1,0
228,10,-5.2188111537072075,1.06730511157649,1.4452674016223042,-4.4482001841220269,1.6997535803411636,3.7308293828851995,1.02118946927,0.00200765136335,1.0440557426226934e-06,0,5.2202787131134668e-07,13,1,1,1,0,0
229,11,0.35407537807618616,-5.2673615425316038,0.95885120507236576,-4.9521149461581215,-1.494311723351718,-4.8443192534499975,0.147917529531,0.0142393297926,8.3643370595181222e-08,0,4.1821685297590611e-08,26,1,1,1,0,0
230,9,0.73765937917227986,-2.9415672396013535,-0.81105950219482004,1.6893954839369563,-5.0394648400794182,3.360105495933019,0.00437977370852,0.115924523114,4.0936188731353807e-06,0,2.0468094365676903e-06,22,1,1,1,0,0
231,9,-2.0526157085495176,1.4350764334210593,1.2853481469348824,4.3444700569095822,5.006344380217719,-2.3648582517980841,0.0292568711981,1.84359345986e-05,8.5606804679396253e-10,0,4.2803402339698127e-10,19,1,1,1,0,0
232,15,-2.7939561521157081,-3.6039002810340448,-0.087449110688908829,5.7989328974120351,6.2831853071795862,-1.5795892876700481,4.77783030839,0.146727851643,2.9385789909061559e-05,0.0075689999999999993,5.2537894954530774e-05,39,1,1,1,1,0
233,14,-6.0364823187303793,3.8958000914371809,1.101803017498725,3.8078257583068287,-1.5203181490671582,1.0817019160079204,1.33019683207,0.0813799714434,3.7868133225725999e-06,0,1.8934066612863e-06,21,1,1,1,0,0
234,15,1.9801345966800508,-3.1786233781235946,1.8685577785079726,2.8434576734930141,3.5101226517577309,5.2692926890762495,0.0238044423994,0.00229149312775,2.1661795020435405e-09,0,1.0830897510217703e-09,21,1,1,1,0,0
235,1,1.4000334851454106,-2.4865893138820359,-2.6082040744491031,0.014936580501628193,4.8238597443759943,-0.2003537883775213,0.0563607655419,0.000883100687813,3.414096912416605e-09,0,1.7070484562083025e-09,6,1,1,1,0,0
236,14,-3.6782778831518801,-5.4713614678157256,-0.77151436264281059,-2.1757985494267222,-4.3961742633207788,-4.3740305878394636,0.262992853525,0.00393403582628,7.387969450374746e-08,0,3.693984725187373e-08,12,1,1,1,0,0
237,1,5.5649733372617858,2.0037462792679022,-0.4808567638818031,-0.89823766641629099,0.11792141002699477,2.9267986575553135,1.42762956418,0.0152025376189,2.1085284824276407e-06,0,1.0542642412138203e-06,7,1,1,1,0,0
238,8,5.4698106087245595,1.6511642428299915,-0.82833773448778902,-0.27853593876366184,3.7893073350340969,0.76086208441282555,0.332594017569,0.0648855236563,1.3930980775825685e-06,0,6.9654903879128423e-07,15,1,1,1,0,0
239,1,-4.5952391216946111,1.2491170884674525,-0.59755019477497073,6.0795734187214077,-0.96437159192935329,1.176719549487292,0.285905289954,0.00549492107882,9.0939501223548957e-08,0,4.5469750611774479e-08,19,1,1,1,0,0
240,14,0.4600123364948917,-0.93292763518298827,-1.4277173207739169,-0.880032423647085,-1.644212431691582,-5.6539256377881282,72.9739437416,1.59918322565,0.0061042210912454486,0,0.0030521105456227243,60,0,0,0,0,3
241,2,0.63131937547521144,4.7042166037909583,2.4041912905244165,-2.8550331672020381,-4.4044990147175902,-2.0896929944286216,0.0370903623059,0.102209139882,3.1836250151107594e-06,0,1.5918125075553797e-06,13,1,1,1,0,0
242,15,4.0649604125838099,0.93614528698262067,-1.2470692822886482,2.4528101617744755,-0.3194375405756425,-2.8458207341279853,0.0277967857021,0.0202638953766,1.2585632815065011e-07,0,6.2928164075325057e-08,12,1,1,1,0,0
243,5,5.1734533022138098,-3.4004069380937509,-1.9959499049695006,-4.7855460683403939,3.1181565659841857,4.7740672679107927,1.02828945384,0.0255789978759,1.2566858496880345e-06,0,6.2834292484401724e-07,15,1,1,1,0,0
244,3,-4.1667462973747433,1.0670738184738517,0.49825382661232093,-0.32278139492976099,-1.0339734735618886,-0.63555360705919117,0.868893947801,0.318328030323,3.1622692934503529e-05,0,1.5811346467251764e-05,36,1,1,1,0,0
245,5,-3.2192923230403734,-4.4384082681690167,1.8878717577006308,-5.4318796796153173,-4.538279000334505,1.7470529981507825,0.0189898129754,0.0189928785568,1.102450829942712e-07,0,5.51225414971356e-08,14,1,1,1,0,0
246,14,-4.3489400115738936,-4.5235015069681763,-2.0030627644171553,5.0838015505748171,1.7996688494924551,2.0841535272544429,0.209824340452,0.112022617009,3.8666905793055294e-06,0,1.9333452896527647e-06,27,1,1,1,0,0
247,11,-5.0955116391206623,-1.6833474406985465,-1.634355945181063,5.8321951417585662,-0.99636434402571938,-4.9011505073074266,1.34318055445,0.277345783936,2.5235514249648098e-05,0,1.2617757124824049e-05,20,1,1,1,0,0
248,6,2.0670514609769564,5.4769753288141949,-0.79822196439426796,2.9668191737693714,4.7655457460926431,5.9159266400568296,0.0154836366342,0.00339887542427,3.7587913169681317e-09,0,1.8793956584840658e-09,53,1,1,1,0,0
249,13,-0.0092526324886310456,-1.8661313950913332,-0.45367540583575949,0.87504700203568042,-4.5860734466743507,4.8033462891983456,0.573770918007,0.00117934045062,3.2963674163007204e-07,0,1.6481837081503602e-07,23,1,1,1,0,0
250,9,0.47131732822491157,0.58881131698274369,0.30254545075612937,-2.3455338300004307,1.0190109690370324,-2.1300296102291778,1.36152925493,0.00311518387368,1.8567180323395301e-06,0,9.2835901616976506e-07,29,1,1,1,0,0
251,2,1.8302424412397922,-3.1661940734301903,2.6088957223413054,-3.9465299508603553,2.3666223086865021,-2.207066697612948,0.117404575373,0.0054766686539,2.2920498607028394e-08,0,1.1460249303514197e-08,14,1,1,1,0,0
252,15,-2.598511739610009,-0.25257043973080895,1.0832909188271571,3.5481867164982193,1.2152625138564803,-0.47922142457614203,1.62335342333,0.0514445237756,3.4414582266646908e-06,0,1.7207291133323454e-06,19,1,1,1,0,0
253,13,-3.2246643350480153,-2.5979866290245557,2.0362244355000185,-5.6872379272812541,-2.7251113243949141,-1.7400217398010436,72.9575164991,1.83014610748,0.0063430953925321066,0,0.0031715476962660533,60,0,0,0,0,3
254,9,-3.4724093669682681,4.2144359349962892,2.7830924826842378,-1.6849428059090035,-2.1320496263003381,3.9451850019742474,0.397136228168,0.00504213818092,1.6546152034432743e-07,0,8.2730760172163713e-08,15,1,1,1,0,0
255,11,-4.1837095698727227,-4.5406560171230268,0.37486770908776207,-5.0092582131487005,6.0173328475617343,5.006705088252934,2.36404929029,0.0858654088353,7.8346332058645119e-06,0,3.9173166029322559e-06,14,1,1,1,0,0
256,13,1.1420201253333322,2.7435092663964151,2.2879779354369529,5.967835794247331,1.7437198057939491,3.6360858717770563,0.42714237972,0.000822034070226,1.8265645473161054e-07,0,9.1328227365805272e-08,13,1,1,1,0,0
257,11,-5.4099623697763946,-1.6872172728632113,2.6267183891138619,-4.386717342121039,-1.4988205748159396,1.4326015631504596,0.0463155305787,0.134084561822,5.4787611093784012e-06,0,2.7393805546892006e-06,13,1,1,1,0,0
258,13,-5.211102506372967,2.8225395941319906,-0.82832462873126689,-3.4604834441217629,1.6418383441546884,-2.7623494569868678,0.0319865756409,0.0047660158587,7.9424974326320425e-09,0,3.9712487163160213e-09,20,1,1,1,0,0
259,0,4.2493394407674714,1.9032676064464829,0.55497441055537788,5.1943282586660642,4.5582634572855607,2.8488033112725351,0.0492101184316,0.013834103243,6.0720052455922241e-08,0,3.036002622796112e-08,41,1,1,1,0,0
260,5,4.5267573161843995,-6.1035318428536822,-0.51488960580212773,4.6759370717310995,1.168395317395335,0.90472231355093569,0.32797195869,0.163952893942,8.295849825358345e-06,0,4.1479249126791725e-06,23,1,1,1,0,0
261,1,4.5738951632333107,5.5099373448597468,1.2350205258768969,-2.7276309573653905,1.4161709272596112,-0.35164983750789036,0.0392310943392,0.00173348527929,2.4544453406434285e-09,0,1.2272226703217142e-09,25,1,1,1,0,0
262,5,-1.436529793019496,5.4277722887215187,1.7313546186142783,-3.5293316300261059,0.34792142278259081,-5.6302638291905351,0.524137327001,0.00054623966993,2.7481082862452962e-07,0,1.3740541431226481e-07,17,1,1,1,0,0
263,9,-5.5870659169794221,-3.5720566846790174,1.1287928336794317,5.9831711762081943,-5.1052919401416963,-3.3059315799741196,0.106179456177,0.0039438602857,1.601210660419037e-08,0,8.0060533020951851e-09,52,1,1,1,0,0
264,10,1.4804760910402246,-2.2262594110085909,0.86036534667024045,0.42832881570317272,-4.282182553466054,2.3700200923354044,0.200346420958,0.00179282112868,4.1117792016150342e-08,0,2.0558896008075171e-08,20,1,1,1,0,0
265,8,1.4795588128842934,-5.4733941947879723,1.2927115248171934,6.0874813268194536,-2.2791309048873756,0.29321335133018667,1.17945658883,0.0994071833036,4.4012826364987768e-06,0,2.2006413182493884e-06,20,1,1,1,0,0
266,0,-2.2567805645172583,5.5170168241209785,1.2831867751135808,-5.4892323259460776,-1.4030871305769066,3.9946330123276947,0.0181267929115,0.0286521338854,2.504026601311022e-07,0,1.252013300655511e-07,19,1,1,1,0,0
267,5,0.9761907187796921,-0.68375702873834487,1.1304162943870271,3.7688594692746413,-4.1465221874889178,3.2323162581873155,1.13915068352,0.107487734423,4.8170960766837358e-06,0,2.4085480383418679e-06,17,1,1,1,0,0
268,8,5.1431008455485712,-4.221069606029725,2.7996659567965216,-0.9550750212789868,-5.3618552705426783,0.52296794741987906,1.20958013117,0.0154942462077,1.5362141050342458e-06,0,7.6810705251712289e-07,17,1,1,1,0,0
269,14,-3.7047081832488384,1.2122385347452687,2.0967971374119063,5.7024129829608459,4.4922735761956671,4.587119317447927,1.42084498346,0.205456365643,1.4877407915247526e-05,0,7.438703957623763e-06,15,1,1,1,0,0
270,9,-0.023321458921465942,-3.6958472733719581,0.45925220984678539,-1.0311861715258557,-1.6248906254474011,-3.6871360777686411,0.372757405607,0.0981900401374,3.0758511335198624e-06,0,1.5379255667599312e-06,39,1,1,1,0,0
271,3,-0.63111749248274152,0.910391601218005,2.3771891738204216,-4.321020417925979,1.4468450542870874,-0.80633353104688521,0.617959623004,0.0390799270338,8.4709821616717275e-07,0,4.2354910808358637e-07,28,1,1,1,0,0
272,11,-3.0384121854194235,1.2619939177856263,2.4951941567916096,-5.717555470016114,-4.7708329408938628,1.4643134820638759,0.0616864305572,0.0325610997262,3.2676828521594637e-07,0,1.6338414260797319e-07,13,1,1,1,0,0
273,15,-1.1212476990360989,-4.2430762694460942,-2.2626092165901031,-0.83116881408246868,-4.4195310863154296,0.35834118468825121,0.616011043861,0.0164599966149,4.620000571437015e-07,0,2.3100002857185075e-07,23,1,1,1,0,0
274,8,-4.7596905104204543,-3.6921493057098811,-0.38280005573759684,0.93378710967119094,0.92607334712060208,-3.291294944234842,1.16459273023,0.00535111642544,1.3649987786573872e-06,0,6.8249938932869361e-07,11,1,1,1,0,0
275,9,-5.5661033895054395,-6.1079421761172688,-0.47852890144869425,3.5999681855406069,5.7895600745632994,4.3943952496830905,0.0418088784087,0.958764204461,0.00028001485315763355,0,0.00014000742657881677,52,1,1,1,0,0
276,0,-3.7782545701262276,-4.0460152409848584,-1.3960518179404104,-2.512833074578162,1.3560239611906766,1.7003500745015148,0.0415460577043,0.123102086519,4.6179361371713408e-06,0,2.3089680685856704e-06,11,1,1,1,0,0
277,14,-0.9949172301206709,-0.60787662598860848,-0.69477245965876322,-3.4400096207242465,2.9365570889715653,-3.0185916071552108,0.326106608184,0.0519046308566,9.2701247893437351e-07,0,4.6350623946718675e-07,14,1,1,1,0,0
278,4,-3.9456144545495913,-0.87620280943137452,-2.4679864411023598,3.3785402104904638,-1.7791703100489482,0.60973405801466574,0.391325785405,0.143571055661,6.4321075262364401e-06,0,3.2160537631182201e-06,16,1,1,1,0,0
279,4,5.3591181807374682,1.8045861215746615,0.25443038631750359,-2.7970897107159134,1.2457061428686997,-0.99074324168443884,120.130557388,2.34412382849,0.016105198111529426,0,0.0080525990557647129,60,0,0,0,0,3
280,5,2.5373037804250491,-2.0287892533609897,-2.3738421701885759,0.43086210019628951,4.9510445766582967,-0.85698197744065929,0.422481770543,0.0763233500336,1.9529646165209271e-06,0,9.7648230826046356e-07,39,1,1,1,0,0
281,10,3.0879728793411987,-2.6442469178266781,-2.8708186876599826,6.1061198931668423,3.0026785052993246,4.6828453700456851,1.95673465432,0.0424424239784,4.3775359456744477e-06,0,2.1887679728372239e-06,14,1,1,1,0,0
282,15,3.5176763566427391,0.16105686991904111,0.98077287157683712,3.7672622313488193,-4.6820981461452718,0.81608092063291182,0.536108497865,0.311292221701,2.9805707633417883e-05,0,1.4902853816708941e-05,18,1,1,1,0,0
283,2,-5.1996132512194189,5.1577552547762577,-1.8939000302372051,-1.0335028957678858,-1.2398538523820426,0.31793795264899433,0.266987980014,0.0028696471283,7.3791067737225178e-08,0,3.6895533868612589e-08,11,1,1,1,0,0
284,8,-4.0768191002091996,0.8163085433539895,2.2544292192930571,0.71103119695189765,-3.7414933083854556,2.1126649470809697,0.00457013392877,0.496025992455,7.49486346508515e-05,0,3.747431732542575e-05,21,1,1,1,0,0
285,14,3.2553110522039805,3.9060009587578053,-1.4820989317390818,-0.95654703625457238,4.6953672597326426,4.601532969658253,0.11361897161,0.00461143398077,1.9387058642167946e-08,0,9.693529321083973e-09,26,1,1,1,0,0
286,4,-0.39210759850069909,-4.195228860279312,0.040818785392838286,-1.1682223942869248,5.246068695115726,3.1899685393750987,40.347939491,0.00942752343796,0.0016279832950150787,0,0.00081399164750753936,60,0,0,0,0,3
287,0,0.2840532753535967,-1.6413580922177053,-2.5535621023449777,-0.18604617619210417,-1.4169596009470111,-4.8709046093212143,1.51376932743,0.00211529368064,2.2928605773616942e-06,0,1.1464302886808471e-06,26,1,1,1,0,0
288,2,4.3687154086660973,-3.6759433647013253,0.72249864998631663,3.245406102981756,5.2572376749463166,-4.5575403656449653,0.495556722511,0.0114103738522,2.8523662716182366e-07,0,1.4261831358091183e-07,15,1,1,1,0,0
289,0,-1.8591314209509546,4.8782502706200468,0.27291028901642916,1.6432848691101472,-2.1860559595186775,3.0843365959167772,0.115565919448,0.000289284654011,1.3380973832821545e-08,0,6.6904869164107724e-09,16,1,1,1,0,0
290,3,-0.13255185749081083,1.4415631905817614,-2.2722983373385968,-0.57837465924130227,2.7348270755211495,-1.3813447390859983,0.379932262675,0.0361479922839,5.4238520590207452e-07,0,2.7119260295103726e-07,33,1,1,1,0,0
291,6,-3.4902046242362283,3.8950487228643476,-2.4977832127538644,3.4258764428751589,-4.5994535820158449,-4.5011325821394603,0.0574045376187,0.00908295405684,2.842623464243296e-08,0,1.421311732121648e-08,13,1,1,1,0,0
292,8,1.8156240931666963,2.7436473927954999,-0.86763619793297986,0.88698164799021584,-2.2546245591263463,0.74087370763605542,0.0772299149613,0.0285437948387,2.5415096147254976e-07,0,1.2707548073627488e-07,13,1,1,1,0,0
293,0,-2.1983407062496219,2.0633835111492815,0.96242428705908045,1.4730122938045656,1.6232369031944163,0.75016116870624727,0.0564583027399,0.11137679906,3.7819030797345495e-06,0,1.8909515398672748e-06,43,1,1,1,0,0
294,5,2.030911296019398,3.4470801004688925,0.54723285486131135,-2.5369695904530634,5.2285509581927156,5.5452392078177004,0.185145093728,0.189071627441,1.0923766690053841e-05,0,5.4618833450269206e-06,35,1,1,1,0,0
295,1,1.3315129189186103,4.1548121096254,-0.79934360371811386,-0.22214497465358962,3.8422881720393658,0.44938460643257178,0.0219255153641,0.816175232818,0.00020291894122854574,0,0.00010145947061427287,59,1,1,1,0,0
296,2,1.0313222376649338,0.10169680760974728,-2.295409728833012,1.3546744242130195,2.6582955356023508,-1.8522794800393672,0.156684791938,0.00562548645125,3.4190076686867442e-08,0,1.7095038343433721e-08,25,1,1,1,0,0
297,13,-5.7823314185878791,-0.84735938718278958,2.6173192466665491,4.6757225105730109,-1.5901994386775329,1.7217478098658086,0.0202642021333,0.0475733335034,6.8982750240079436e-07,0,3.4491375120039718e-07,7,1,1,1,0,0
298,3,4.6561644521847363,-0.41419585690127692,2.6008515323914487,-4.3392889601480826,-4.2607820884581615,0.34993434508284232,0.0617386526162,0.0194312164971,1.1882672282354001e-07,0,5.9413361411770003e-08,24,1,1,1,0,0
299,7,-0.84773725979908354,-2.3872388787325267,-2.0819123365235668,-3.2549624112346325,1.478668847842685,-0.69012987310561669,0.533211614248,0.0896534711888,2.7327517367517821e-06,0,1.3663758683758911e-06,33,1,1,1,0,0
300,9,-4.8602933394873178,2.390233166231102,1.1222720394290253,1.3225920441603638,1.7427056347916863,3.3847303264728033,0.087057853304,0.0567490234772,9.8858474674896208e-07,0,4.9429237337448104e-07,16,1,1,1,0,0
301,12,-2.6191370130160547,3.7455698953351715,1.03879307743399,-3.1406034599184975,4.0530461690585486,3.641501394447233,0.0697819921536,0.00962969861306,3.3117033437091803e-08,0,1.6558516718545902e-08,29,1,1,1,0,0
302,9,3.2553320692005761,-4.9420350067787737,-0.74869090967495511,-1.8544309210119136,1.0132077077569284,-0.12231730846974252,0.0560917083849,0.24228737919,1.7885155711829978e-05,0,8.9425778559149891e-06,11,1,1,1,0,0
303,9,-1.0555567778720485,-4.1008139598959277,-0.71584696137960213,6.0229195164565503,5.2470311918788823,1.4059794792242097,0.65948318445,0.0179681935828,5.3326562635419029e-07,0,2.6663281317709515e-07,14,1,1,1,0,0
304,5,1.4817774599685101,3.3093723184793191,-1.8716851423866316,5.095688092965684,-3.3887842726329991,4.353695812096567,0.256860755395,0.00641463109397,7.8511690527604881e-08,0,3.925584526380244e-08,21,1,1,1,0,0
305,9,1.2189792747436261,2.6150582173070989,-1.4439775605757661,2.3896492357301442,5.4564157694218363,3.7893864584086021,0.370949906136,0.00771253137204,1.5572343354028924e-07,0,7.7861716770144618e-08,37,1,1,1,0,0
306,10,-5.2287869628564874,4.676788524189571,-2.468598944688563,-3.3609361511625515,2.1911188138939739,-2.854888256342603,0.278665132553,0.00366305202732,8.1741597455964584e-08,0,4.0870798727982292e-08,15,1,1,1,0,0
307,4,2.6635123752044425,-5.5474506231561351,-0.27827481105589102,-2.8728805892276479,-3.772562459230016,1.6879142156210973,0.0265526678798,0.484738575701,7.1577113068294998e-05,0,3.5788556534147499e-05,16,1,1,1,0,0
308,5,3.418536761912589,-5.8810531853051664,-0.48829768407280039,1.6084722987565323,-0.85747206922242625,-1.5535014689637432,1.55368945171,0.0677740737118,3.8131577426652482e-06,0,1.9065788713326241e-06,22,1,1,1,0,0
309,14,-3.981101968621632,1.9889341263692222,-1.5373969985672395,-2.2437567117893722,1.4924556810651397,2.4013429221294409,1.06407297524,0.0743995745488,2.8183990930296758e-06,0,1.4091995465148379e-06,20,1,1,1,0,0
310,3,2.1614080176026289,5.9562842723539067,-1.3119445498249052,-3.5398527187187687,4.0636594755439805,5.3926177158610162,0.0911276414771,0.0227589356916,1.6608667420590551e-07,0,8.3043337102952755e-08,46,1,1,1,0,0
311,14,-5.7849197232784642,-0.67220310874430467,-1.118374855201308,-2.9285859188041097,4.2970127817169974,-4.8276708221201217,0.926822025841,0.00860704650788,8.8156550668808041e-07,0,4.4078275334404021e-07,8,1,1,1,0,0
312,12,-4.8208472671211862,-4.4868573443629023,0.36900675460116505,3.510857659179853,-5.5408734987208366,2.7180860013423915,1.28876018036,0.000570608151223,1.6610019839744546e-06,0,8.305009919872273e-07,60,1,1,1,0,0
313,6,-4.5363055411833511,5.2275966932835143,1.0235285832334715,-1.4232086692215451,-4.7606070043848421,3.0167563913420445,0.213664024383,0.00831118731465,6.6694017814702385e-08,0,3.3347008907351192e-08,15,1,1,1,0,0
314,11,1.9652143666890594,4.5830699351443149,-1.8675344291076965,-4.7771584253186816,-4.4600589600354139,-3.6582479518060587,0.556096175346,0.0455231173809,9.4051815042047596e-07,0,4.7025907521023798e-07,8,1,1,1,0,0
315,7,4.5998363738012422,5.1801116584269815,0.57090906091399352,-4.451196320286642,4.9687396486412636,-2.9111639032743386,0.325703376712,0.0167942703299,1.9199927615668772e-07,0,9.599963807834386e-08,11,1,1,1,0,0
316,3,-1.3570783476941153,-4.389011143866659,-0.053875435436898933,3.5252187157603245,-5.0096905033219743,-0.49283248185000816,153.55702271,0.0158296189788,0.023579835553623352,0,0.011789917776811676,60,0,0,0,0,3
317,6,-5.6989684674196646,3.9493023427628073,-0.49024536819877568,4.0891281104504706,4.8723045345173643,1.5250138913218592,0.209646368407,0.0691855616909,1.5020461189667485e-06,0,7.5102305948337427e-07,19,1,1,1,0,0
318,4,1.2241434325417966,-3.2754548482758588,-1.0461451293887412,0.31328838638107143,-4.1206318707264735,-0.20485955847278098,0.0195059824005,0.515107968705,8.0826415020106906e-05,0,4.0413207510053453e-05,24,1,1,1,0,0
319,12,0.19497354053756855,1.100887905993498,-1.3156469740195351,3.9424809385089676,-4.1165920005040855,4.5055808364414762,0.758351902457,0.00659139026269,5.8833214602380097e-07,0,2.9416607301190048e-07,20,1,1,1,0,0
320,11,5.6526929793959626,1.5496325361374144,2.6340201629135032,-5.2955545183622776,1.7531769024802724,-1.1944818600446594,0.0628300203391,0.0781196874091,1.8629319407853232e-06,0,9.3146597039266161e-07,18,1,1,1,0,0
321,2,0.27512247727446565,-4.6546385593397028,-1.5736016533601103,-5.3040767570679019,4.4797749638551512,1.1515206589395484,0.0842000624638,0.0126810137851,5.6074602256064641e-08,0,2.803730112803232e-08,8,1,1,1,0,0
322,6,4.3797201125326017,2.3424770337284375,1.3078854549198577,-2.8156663050867268,-0.32240546675932719,-1.5303401504460596,0.147759731182,0.0282897401079,2.6562112120850109e-07,0,1.3281056060425054e-07,18,1,1,1,0,0
323,7,0.38992855581908248,3.0741947823249749,0.30501112550832493,5.8869635171799475,-1.7198550224679714,2.5554572432052782,1.56928931533,0.0150872869722,2.5320078695036349e-06,0,1.2660039347518175e-06,12,1,1,1,0,0
324,3,-2.4803539693755248,6.0368559211464605,1.2321610655456956,-5.4226543700986722,4.0432399266032757,-1.7821963116058961,0.276050095445,0.0580093691315,1.1012677461749227e-06,0,5.5063387308746136e-07,40,1,1,1,0,0
325,8,-3.2369235240137306,-2.2942666900539832,-0.33932936931243618,-4.002562837857492,-5.4044186085396957,0.61108750824463831,0.468962419037,0.0533182207273,1.0859021007074638e-06,0,5.4295105035373189e-07,17,1,1,1,0,0
326,4,4.8795362551345232,-4.8934331293246665,2.0529661252400406,3.5396259758992104,2.2217750510447138,-4.50673197090246,0.0627052562433,0.0166839281515,8.8723261496777928e-08,0,4.4361630748388964e-08,16,1,1,1,0,0
327,7,-1.8372947008112572,4.8376819025373994,-2.3270423310893129,5.3116303002506537,5.0170265888194887,-2.6285584014638443,0.0508649492632,0.0341454799017,3.5774489581837448e-07,0,1.7887244790918724e-07,15,1,1,1,0,0
328,5,-4.4823315855226129,4.7557334049361151,1.874750509771403,4.1896764455403366,1.5672189215867232,-4.2645829801553665,1.81253258663,0.00207822579294,3.2865900270605624e-06,0,1.6432950135302812e-06,19,1,1,1,0,0
329,6,4.9121092457826823,0.89179242044449614,0.56679586811091831,0.13254320943844988,4.3878351900069275,-3.0574744223355146,0.279451810838,0.0248030945172,2.6549197049862778e-07,0,1.3274598524931389e-07,23,1,1,1,0,0
330,13,2.4290553096616438,-1.0649841697148759,1.9309941484531457,5.5648503394788102,-1.4866313891456129,-1.2292141455035785,0.547888827208,0.000578087446118,3.0028396558062396e-07,0,1.5014198279031198e-07,10,1,1,1,0,0
331,12,1.2019447977869946,-1.9436891277199138,-1.4520153462951815,-1.5123133888688332,-2.4284114598161484,0.18543125077365955,0.0602446272503,0.00650264870365,1.6509992172132008e-08,0,8.2549960860660042e-09,44,1,1,1,0,0
332,2,-5.5185989294433213,-1.1292630693011316,-0.91155327871415748,2.000602356837883,2.7675795275815664,-1.7174872567962718,4.7805788751,0.129678721974,2.7976554828204262e-05,0,1.3988277414102131e-05,42,1,1,1,0,0
333,5,2.919384902733329,-5.8948410456338332,-0.51197892227926844,5.4085195367723262,0.39924381028080624,-2.6769552291185015,0.163451657614,0.0535003282417,8.9861835292447975e-07,0,4.4930917646223988e-07,28,1,1,1,0,0
334,12,2.6129001486711005,2.7412719466689777,-3.0243146448907234,1.2372051199791634,-1.3089588886358856,5.3717136398601495,1.1454227972,0.0457167282808,1.9486496539699013e-06,0,9.7432482698495065e-07,8,1,1,1,0,0
335,8,-1.8165884535462353,5.9744368658892082,-3.0393795587883847,-1.7110533935822789,-4.5463946596288594,1.5805919104226334,0.0312816813168,0.972695163733,0.00028821044954899743,0,0.00014410522477449871,13,1,1,1,0,0
336,14,-1.8554051546569321,-4.9149458661154704,-0.95719666523614155,-3.2019168837902598,-3.0551709995658811,0.92865030035380902,0.0713110647928,0.370781026424,4.1883452402074927e-05,0,2.0941726201037464e-05,10,1,1,1,0,0
337,1,1.0501683438852449,4.621719826615819,-2.7997152863642008,1.3302969248147338,2.2976551643741345,-0.81319044350621428,0.359359559489,0.0268669999255,3.49023016869131e-07,0,1.745115084345655e-07,27,1,1,1,0,0
338,8,1.8680058448118917,1.7931291496384758,2.5089800302641101,-5.0365536994200442,-4.0012880919142129,-3.5178316757365899,0.116321817166,0.0119933417322,5.734700971763141e-08,0,2.8673504858815705e-08,22,1,1,1,0,0
339,6,0.57807389903544382,2.0084696189362612,-2.3260837526945588,-2.0673730797006771,-5.2910041029313595,3.6556793144788964,0.315885259306,0.0503588094621,8.722962255038663e-07,0,4.3614811275193315e-07,17,1,1,1,0,0
340,3,3.5291815574828891,1.5789119697770717,-1.8427069251336976,-1.2422719337183674,-4.6513626234677199,-4.4041067006291579,0.00109676226797,0.00856019190434,2.2322618659968386e-08,0,1.1161309329984193e-08,23,1,1,1,0,0
341,11,-1.9364694595710912,1.2405098701898216,-2.245969243718088,-3.7086415743339094,-1.6608470497702239,3.5689665052443291,0.050286378478,0.00548373143216,1.1688964850216537e-08,0,5.8444824251082684e-09,18,1,1,1,0,0
342,10,4.0739831762342638,-2.8503741351104632,-0.29932917917471091,-1.1637079703074928,-0.84144320475312684,-1.80170751865034,0.0682188370861,0.0229230997951,1.6472066966674924e-07,0,8.2360334833374619e-08,48,1,1,1,0,0
343,1,-1.6500905314554157,-1.5207144206422045,-0.017857313947958087,1.5102824832260699,4.6467020447421703,5.1206017303643003,37.4520233663,0.0763094264744,0.0014044278806295701,0,0.00070221394031478505,60,0,0,0,0,3
344,11,-4.286460628557144,-1.6971386524656165,0.94342932519291878,-1.8281938907596818,-3.044165982350429,1.8981160932856882,0.235914507816,0.0302390403577,3.3419769015430828e-07,0,1.6709884507715414e-07,23,1,1,1,0,0
345,0,0.82860001941764794,5.9747906696787947,2.8056341218682737,-5.9954721587128033,3.7814507209804846,1.2711839169169943,67.7628196729,2.5113071188,0.006512919276083556,0,0.003256459638041778,60,0,0,0,0,3
346,9,-3.5600996690228111,-1.5496782910917577,0.44513438087918716,4.7519715571569048,-4.0657140997751497,3.6666385266976977,0.0100241834115,0.59971011946,0.00010955643401011312,0,5.477821700505656e-05,12,1,1,1,0,0
347,5,0.31268659412888039,5.0582060661034918,0.070262407751041173,-0.73791223518136351,-5.1674380926125751,4.039586947540152,3.42544325502,0.0199682747833,1.1855122205740371e-05,0,5.9275611028701853e-06,19,1,1,1,0,0
348,5,5.9935038238625022,0.0017778003070630915,-0.72821499887793317,-4.6617742309015817,5.005246767315163,-3.6827113033530336,0.0460219755831,0.0132556431662,5.5642981376775152e-08,0,2.7821490688387576e-08,10,1,1,1,0,0
349,0,1.1428892863604041,1.2754761779147448,-0.070749206437855705,5.3898056087209296,-1.1743339040466985,-0.25367270014116655,1.79373097939,0.00444906704242,3.2235004838222474e-06,0,1.6117502419111237e-06,16,1,1,1,0,0
350,4,-0.2148249778949651,-0.70473921733155798,2.3195736105737041,-5.9073423103501561,-2.8162261507708828,-3.9251952296014401,0.139451455022,0.385704546593,4.5336770181161944e-05,0,2.2668385090580972e-05,37,1,1,1,0,0
351,8,4.5160703696255551,-4.1735514266139777,-1.2243109025954528,3.8399295936419997,-5.3748547514167964,-5.4056229713633615,0.0251342998324,0.245706391592,1.8390882156704671e-05,0,9.1954410783523354e-06,22,1,1,1,0,0
352,8,-0.53066962994919964,5.8100788570503994,-2.7042675085538508,1.7331942937410796,2.7060835343191361,4.2345004683864067,0.102443327649,0.028494928469,2.5783208446506933e-07,0,1.2891604223253467e-07,20,1,1,1,0,0
353,3,-4.7249881726167322,0.60403092097755695,-0.80468109621966377,-2.222136536763677,1.5151315317966145,-2.5339567965157586,0.213547927556,0.0227558856578,2.0334285700652846e-07,0,1.0167142850326423e-07,21,1,1,1,0,0
354,8,1.8203709016472231,-3.0547691533067329,2.3711688651923892,-5.8049827206246798,4.3761017596163381,-0.45858410779868986,0.67817000321,0.0336707923426,8.0526610192933459e-07,0,4.0263305096466729e-07,8,1,1,1,0,0
355,15,-3.8987829493742501,5.0193059222604415,-2.4194969396032011,-0.3898957792755498,-2.5284485872212472,-0.20318491303693284,0.04277174338,0.00431240185334,7.4943342324517494e-09,0,3.7471671162258747e-09,16,1,1,1,0,0
356,2,4.0961245987634456,5.2801248435885153,0.84319775270639807,2.2288854745333873,4.542140436703523,-2.3566869718346251,0.162346800538,0.0207630946068,1.5767891076599371e-07,0,7.8839455382996857e-08,27,1,1,1,0,0
357,5,2.1117272766537418,-0.17267309226404615,1.8858699947922812,2.626037112171776,-4.3230159722106967,2.0216517346763792,1.66248634901,0.0141357980249,2.8247297528408019e-06,0,1.412364876420401e-06,18,1,1,1,0,0
358,3,2.8887232874489395,-0.52501543629226044,2.1051596848080991,1.9367088981102707,-4.1675388105801829,-5.2313248350554611,0.0577726450879,0.00842935307956,2.4981962637182946e-08,0,1.2490981318591473e-08,18,1,1,1,0,0
359,14,-1.1058212288369587,1.4512060551084354,1.751082255776369,4.6139436142278347,-1.8326067260851471,-3.4894148563541876,0.0236201930184,0.0145908397902,6.5408709784019218e-08,0,3.2704354892009609e-08,15,1,1,1,0,0
360,15,5.6729183711490201,0.99446161404213962,1.7905418550121053,-4.5632751425541818,1.8776930298884453,-0.66021687579438515,1.32728020909,0.155861563174,9.1616909954055335e-06,0,4.5808454977027667e-06,21,1,1,1,0,0
361,7,1.0710435479737772,-2.7092043241033075,1.80104616488896,2.6180707869281794,4.3901305042547829,0.26785871142762424,0.0484229483167,0.0240539665313,1.7859438187007857e-07,0,8.9297190935039283e-08,10,1,1,1,0,0
362,15,4.6361591000633098,-0.15049532591985676,0.96727774371768638,3.8760712926484482,1.9113271347387202,5.6653575798565026,0.0747945584058,0.0406611504203,5.0922708676566011e-07,0,2.5461354338283006e-07,21,1,1,1,0,0
363,10,-0.053846800222900296,0.0035352767582706767,-0.66040195966273452,5.3102489175401004,2.1429873321916109,-1.0728564176532134,0.0188835108508,0.0599677683127,1.0958014146665978e-06,0,5.4790070733329889e-07,20,1,1,1,0,0
364,5,4.9969017525156367,-2.2859113827022246,-1.6346191621672388,-1.3561844737217517,-2.7984731654976325,-3.8658011009186075,0.0675048674165,0.000871137267012,4.7880752344739858e-09,0,2.3940376172369929e-09,25,1,1,1,0,0
365,11,0.86816591434091239,3.2637234560851889,-2.5358154091884066,1.2194314123995023,-1.1751183888788144,0.3258433084181106,0.153472828406,0.015529409651,9.7016227086761773e-08,0,4.8508113543380886e-08,12,1,1,1,0,0
366,9,-5.0357853859977482,2.9520521947268463,-1.0752749308403264,-3.5019810581009869,-5.2933738612521086,-2.3096348110896692,0.5321103196,0.0147557576599,3.4946646927880732e-07,0,1.7473323463940366e-07,14,1,1,1,0,0
367,1,5.3184839209123966,6.2831853071795862,-2.9443433719163692,-0.89217498920975458,-2.0043167940807742,2.9523339290096819,5.48212899149,1.631101471,0.00084048594933432792,0.0075689999999999993,0.00045808797466716396,60,1,1,0,1,1
368,11,-0.56890444820506025,3.2951600205822831,1.3477465372189839,-2.7165326614450387,-1.7918390442878274,2.4845859651903486,0.420875910705,0.0205281809102,3.0550420503605706e-07,0,1.5275210251802853e-07,11,1,1,1,0,0
369,3,4.746133626634669,-1.9741542665661782,-1.1553736526218121,-1.6401825030257662,-0.61967022151482554,3.5553271063639231,0.11233279971,0.0198776239606,1.329790727896401e-07,0,6.6489536394820049e-08,51,1,1,1,0,0
370,12,-2.5416953558968274,6.1337298999938596,1.9430792526160365,-5.6759852409211922,-2.0693316484660218,4.5805056395871073,0.0273365908484,0.0194289996605,1.1573610899592485e-07,0,5.7868054497962427e-08,27,1,1,1,0,0
371,9,4.6299147507008289,1.9071706628037584,2.5548457029846614,-6.166842339244532,-4.7702522989560547,-0.59082317221214986,0.0748666275732,0.000505900498576,5.6829742793139049e-09,0,2.8414871396569524e-09,11,1,1,1,0,0
372,14,2.4565251029040094,-5.8712621313871285,2.722505724863884,4.8411038056411169,4.3462154472108683,-5.6072818141458258,0.0173809923736,0.680638746395,0.00014112014095013747,0,7.0560070475068735e-05,24,1,1,1,0,0
373,15,0.80929788795661861,-1.9512339579847153,-1.0029668504747213,1.1073474192290802,0.40107421284713424,4.0232163921490116,0.191513825683,0.0240324847145,2.1261248034967565e-07,0,1.0630624017483783e-07,24,1,1,1,0,0
374,14,-0.22006194209115171,-5.2055323900987931,-0.94977191929320703,-5.8927854553416035,4.0982805579591908,2.6600671335864243,0.118463129874,0.00457423531547,2.0407214933110405e-08,0,1.0203607466555202e-08,24,1,1,1,0,0
375,9,-5.4740267595395169,4.0898209848505198,-1.4139779218077091,-2.5039623156464086,1.680747430295729,3.5170393272034741,0.0662285520945,0.0357995551689,3.9478638903105353e-07,0,1.9739319451552677e-07,27,1,1,1,0,0
376,0,-5.9576297147899897,1.4781106577725951,-0.89043129176673452,3.2456587948531617,-4.4170430620297871,3.9933984148941759,0.144307587334,0.0578459706269,1.0401221834820228e-06,0,5.2006109174101142e-07,17,1,1,1,0,0
377,10,0.68745388586524336,-2.5385543331518061,2.3244948654161099,4.2838276869701311,-4.8316372393852367,4.133191129795164,0.493786484397,0.00628248718707,2.558482336708096e-07,0,1.279241168354048e-07,57,1,1,1,0,0
378,8,-1.6616533156212991,0.44742813917895335,1.7821393615847758,-4.4917686722087691,1.6951138664825887,-0.38723495934092034,0.186610843937,0.0720496028632,1.6161368857957726e-06,0,8.0806844289788629e-07,36,1,1,1,0,0
379,13,-1.9403883258801913,-3.6055773806060007,-1.9086640238315327,-1.7927744154408145,2.0402010584219155,-0.17563888151348084,0.0283323077912,0.685196458039,0.00014301691029697461,0,7.1508455148487307e-05,47,1,1,1,0,0
380,14,4.0439958275133723,-5.094769578116142,-1.876778780946976,5.3343617269550023,-4.5755901113004818,-4.0541441372296347,0.0222634387746,0.0706302811778,1.5201212759184726e-06,0,7.600606379592363e-07,8,1,1,1,0,0
381,8,-3.4308212436940937,-3.6454645336903364,2.1520039483780868,3.2395900435124023,-1.1430167112579315,-1.4830118990094279,0.0814867564178,0.0236789020594,1.7743615525280567e-07,0,8.8718077626402837e-08,10,1,1,1,0,0
382,12,1.0527447425182752,-3.201882874867116,-2.8542517253841,-4.7390233011658864,-1.6185601221298804,0.24614956681951361,0.0956105037561,0.0630362699807,1.2195604152485451e-06,0,6.0978020762427255e-07,8,1,1,1,0,0
383,9,3.2713963722170831,2.8148404787404373,-0.68314824023430243,-0.86513523023092542,4.6758531658477915,-1.4797525309145936,0.043515150847,0.0478155049182,6.9834723232765095e-07,0,3.4917361616382547e-07,18,1,1,1,0,0
384,12,0.092601777126602808,1.254884064991808,1.5210085438137846,3.1683068164252659,2.5345845480267313,4.7753142379301794,0.0385643990853,8.50483573416e-05,1.4894162425670595e-09,0,7.4470812128352975e-10,22,1,1,1,0,0
385,4,-0.057341573923458407,1.3075986328423681,0.4201411535344528,-3.1386934260102608,-4.3997682481389209,-0.50981362169117839,0.333357321522,0.0204816821753,2.3891389962105702e-07,0,1.1945694981052851e-07,25,1,1,1,0,0
386,7,-0.82900996733147536,1.3958176102391222,-0.093828110871798598,-2.9507471052972907,-4.6313224599223721,-1.038301235269758,2.94708323737,0.00072274832961,8.6854587295180511e-06,0,4.3427293647590255e-06,28,1,1,1,0,0
387,9,0.5173923030913905,-3.997160055446682,0.75899813901717361,-1.0847262818243721,5.2329533545050735,-5.0387583338076807,0.232875836029,0.24699516183,1.8637907273193319e-05,0,9.3189536365966593e-06,11,1,1,1,0,0
388,6,-6.1332271127115492,-3.0775710672152239,-0.68738098915344947,4.2894383108690199,3.4302456096109255,0.81518901758491791,0.390886367037,0.189479524763,1.1089316112428502e-05,0,5.544658056214251e-06,8,1,1,1,0,0
389,1,1.0904526583415539,4.2475091167003001,-1.4359887798354722,0.71522726376056955,5.8844554327809719,-0.69219519529846107,0.0490166221781,0.0216399992354,1.4505178883383831e-07,0,7.2525894416919155e-08,16,1,1,1,0,0
390,15,1.077146456593822,2.6276339052254136,-2.7120080560874693,-4.3521010743129578,-1.4298733794094352,0.53922632482362842,0.425109296984,0.0330628458011,5.1371098674617799e-07,0,2.56855493373089e-07,10,1,1,1,0,0
391,7,-1.7580108123101983,-5.8711642820329555,-0.051641023121351826,-1.0809023510127571,-3.5077190657272523,-4.4675657674627463,2.30723923005,0.39813480795,5.3608663785005761e-05,0,2.680433189250288e-05,13,1,1,1,0,0
392,0,1.6915111667540963,-5.208396895596211,1.8088560140957406,2.1602351135093447,1.3972423072889124,-3.2139745170296319,0.207310322471,0.0132540238311,9.6489452315853646e-08,0,4.8244726157926823e-08,12,1,1,1,0,0
393,13,-4.5452289196408291,1.6649233695533994,1.8233493247262755,-2.310847898376776,3.5719219500030559,-1.3048587379883898,0.0235130114497,0.000802738826453,7.4915401188133464e-10,0,3.7457700594066732e-10,9,1,1,1,0,0
394,13,-1.0709744419311589,-4.1253085915166947,-1.75957248373664,-4.4031558291217916,-1.9523193063732833,-3.1150857629230453,0.372840207753,0.000928356490976,1.3927235375359366e-07,0,6.963617687679683e-08,10,1,1,1,0,0
395,9,4.7481684375447895,4.7175914732404411,1.7546179385013776,3.2240520064197273,2.3056321564177429,4.6834630182481414,0.189574190771,0.0298296593132,3.0698956594754779e-07,0,1.5349478297377389e-07,11,1,1,1,0,0
396,0,-2.2667064444796785,2.3075113533717651,-2.7480733512439248,-2.4011305697574898,2.091932913266827,-5.229831314585411,0.0102630476615,0.126599048177,4.8823058898296267e-06,0,2.4411529449148134e-06,19,1,1,1,0,0
397,8,-5.5356716957191257,-0.86347392770349807,-1.3699138568053193,6.1316532207246519,-3.531859154007233,-1.944256613507386,2.74840411517,0.0847134005119,9.7397695158677539e-06,0,4.8698847579338769e-06,21,1,1,1,0,0
398,5,-4.7254194275883226,-4.1973071375788571,-0.34028627324496696,-2.1145064914299323,-4.4844162295117211,-3.2615286819012965,0.940770839162,0.977548741351,0.00029197792575408988,0,0.00014598896287704494,12,1,1,1,0,0
399,13,3.1479444167604704,-4.7397824787621126,0.084649360725656125,5.9531487716731029,-0.82389508092379737,-0.83931059843166511,4.85068023594,0.223161549439,3.8699374374832326e-05,0,1.9349687187416163e-05,51,1,1,1,0,0
400,6,3.542418978735741,3.8245962305676358,-1.0241657876147561,-2.5828189882727264,0.89558380090404677,4.1499120148473549,0.12757989701,0.0284596107829,2.6300134049339961e-07,0,1.315006702466998e-07,22,1,1,1,0,0
401,9,-0.89728955747882932,1.2805267998981678,2.7540787614134103,-1.9411275828992758,3.8849383659436549,2.5373687753942038,0.831952302134,0.106331367214,4.1362587378879593e-06,0,2.0681293689439796e-06,14,1,1,1,0,0
402,0,-4.863442639676407,5.3146151379303763,-2.5960681053759673,2.5630723961477417,1.2296750780220451,3.945050263508699,0.138153546557,0.0992888453856,3.0220886410351921e-06,0,1.5110443205175961e-06,15,1,1,1,0,0
403,3,-4.3734589849458274,0.48237116121090612,-1.7456929222815196,4.570005252006073,1.3537361494138413,-3.4570606875743617,0.147565445942,0.00531980983425,3.03963485570681e-08,0,1.519817427853405e-08,10,1,1,1,0,0
404,4,1.6250784114630192,1.5777249178024542,1.5043858076170382,2.0459929197078663,-4.4101160434763269,2.5975707581733096,0.0257465597687,0.00253255729915,2.6166547035885203e-09,0,1.3083273517942602e-09,45,1,1,1,0,0
405,10,3.2529245035793504,-1.2582842606994724,-1.343327972687506,-2.8867911962565511,-1.4105237628052123,-1.5781993520829551,0.0368530847421,0.0013573772996,1.9193992669486131e-09,0,9.5969963347430655e-10,25,1,1,1,0,0
406,13,-1.8846775020610882,0.065991843090823885,-1.1810160300724517,2.701022339823056,5.1135963639074946,-2.212388842757766,0.701130775375,0.00147040582654,4.9224297545919865e-07,0,2.4612148772959932e-07,13,1,1,1,0,0
407,11,-3.9980274431632923,0.65362639379571164,0.84342934757179178,2.5222678112167221,2.4900288325632793,1.1437963291616118,0.0640977431116,0.013997425531,6.3791578582021773e-08,0,3.1895789291010887e-08,22,1,1,1,0,0
408,7,-4.0520300286551976,-4.5633334681953288,-1.2431505418110607,0.2041602851661922,-1.3824800307197329,4.2597093622442053,0.0193697458548,0.183774491466,1.0288238713799081e-05,0,5.1441193568995404e-06,21,1,1,1,0,0
409,3,-4.8710397114207868,3.4920234922702083,1.9238171951927008,4.4751196730201332,-1.2322752186863353,-5.7380514803863854,0.0879818827348,0.0790853454924,1.9129679877086076e-06,0,9.564839938543038e-07,15,1,1,1,0,0
410,15,-2.8948169823809571,-3.989372334827876,0.18469083709030509,3.6022180413756764,0.36055437992955303,-5.2188598511482489,1.45943874203,0.895725865152,0.00024653207961718556,0,0.00012326603980859278,9,1,1,1,0,0
411,12,1.0627639660008996,-0.27463995441665995,0.9456980967423082,-0.83871306849313254,-1.7977366469524023,6.1623998817791108,0.0804933673459,0.0400654626069,4.9546364327059251e-07,0,2.4773182163529625e-07,12,1,1,1,0,0
412,1,-3.3073121115370983,-2.6836742775087261,1.6629344460571407,-1.3057283794323171,-4.6363235581395275,0.96013035695219862,0.0095794365026,0.0700588918605,1.495229707169562e-06,0,7.47614853584781e-07,35,1,1,1,0,0
413,0,2.1944369047341956,1.0513868148886856,-0.41897556383548662,-4.598997559057211,3.9929113770459113,-5.0879607616931484,0.554484375166,0.0939092740987,2.9938592531882837e-06,0,1.4969296265941419e-06,20,1,1,1,0,0
414,10,-1.7341670887057614,2.4485318285605815,2.1824546292869078,-5.126186191710671,-4.6457635533799078,4.3466711412300532,0.0570219443762,0.166417885523,8.4396043262538154e-06,0,4.2198021631269077e-06,8,1,1,1,0,0
415,3,4.4253901306033976,1.4876123340276259,-1.9017491076047246,-4.2814151340721933,-0.99855031277063122,2.9065879165578399,0.16282977352,0.0110450844584,6.3674999357652504e-08,0,3.1837499678826252e-08,14,1,1,1,0,0
416,5,-0.057640659739456458,3.1271519237802226,0.77353830083364128,1.0224347497773953,1.2849806352514954,-0.82911557495502008,0.4783904726,0.0206650210968,3.5894221059865889e-07,0,1.7947110529932944e-07,34,1,1,1,0,0
417,1,-1.097675311977961,-0.52074596436333531,-0.60347695321441286,2.16351465856419,-1.2577349227721617,3.4213424764859957,0.16795541958,9.44958594894e-05,2.821174303764566e-08,0,1.410587151882283e-08,18,1,1,1,0,0
418,13,2.3875454474364743,5.7792144821758251,-1.2382372065425931,-0.83057678553310799,2.863901016734931,-3.7659302057502919,1.83933147209,0.393584677416,5.0571089165247411e-05,0,2.5285544582623706e-05,29,1,1,1,0,0
419,13,2.8351228398700346,-2.2679425067746792,-2.1136759274684014,-2.6792839103076358,-4.322787112024959,-3.9899474411203242,0.163626489525,0.0106569522572,6.1369220778544235e-08,0,3.0684610389272117e-08,27,1,1,1,0,0
420,3,5.2798171772588072,5.0487915032844395,1.0009977092175244,-1.9483700277198235,-5.52638183614126,-0.66617901979119698,0.179915588383,0.0138436127066,9.0748211018770817e-08,0,4.5374105509385408e-08,17,1,1,1,0,0
421,12,1.7245533529960095,4.4940436297296671,2.8231665869244056,-1.9967520801276275,-3.7916587583457169,2.2230992451240543,1.55204876833,0.0772101640262,4.2248045378105127e-06,0,2.1124022689052564e-06,13,1,1,1,0,0
422,10,3.1188845564916563,-2.4527836358157584,1.301559286712817,-0.69267983139359757,-4.6436541446431194,1.3644023832351229,0.173197732959,0.00671918304495,4.3750145533640307e-08,0,2.1875072766820153e-08,15,1,1,1,0,0
423,10,5.8053002760759513,0.85071258547355666,-0.54109499235362624,-1.7290770738387313,-4.7361857942576666,-1.4803953005384907,0.376172220383,0.00109427579602,1.4187030032391007e-07,0,7.0935150161955037e-08,7,1,1,1,0,0
424,9,-1.1483850656176751,-0.71081614284829453,-3.0048945492662971,-0.70652011846781659,5.2111088521961735,2.5628242549611446,0.259908795186,0.0356275063061,4.5420932310681951e-07,0,2.2710466155340975e-07,7,1,1,1,0,0
425,12,2.4561705184631766,-5.4394786873824588,1.216187705512499,-0.57133512457787805,4.6692763307675538,-0.70984200574944611,0.322429126839,0.0458348720925,7.4391163115978158e-07,0,3.7195581557989079e-07,20,1,1,1,0,0
426,15,-2.2526051906104438,3.4620250304784554,-1.8646204536213282,3.0196770447251198,-4.4214274794963666,0.64267585363890001,0.080216368485,0.00730911129789,2.2708275078202809e-08,0,1.1354137539101404e-08,14,1,1,1,0,0
427,9,5.0548193830060484,1.8219578828315817,0.42597587589660413,5.9134558889470119,4.8222513404520839,3.5923351313644423,0.112617351275,0.488921248278,7.2829645208696383e-05,0,3.6414822604348192e-05,15,1,1,1,0,0
428,2,4.259417743874736,4.3055951816201068,-1.9177052744775274,-5.1959508213041152,-5.1235638880258136,2.2650159710957993,0.0313654232341,0.0882740104179,2.37465438878291e-06,0,1.187327194391455e-06,24,1,1,1,0,0
429,9,4.0576911707246035,-6.1868232010379902,-1.9815352745793384,0.080303740702634324,-4.8090139464409773,1.1599985421032806,0.0342961626192,0.15546119982,7.3632262756183474e-06,0,3.6816131378091737e-06,35,1,1,1,0,0
430,13,-6.1115878159851755,-1.5998884228063863,0.29865203786162081,5.8250699213882049,-4.2691065106494044,6.1501610738839831,0.0302138862248,0.631816052496,0.00012160160497877398,0,6.0800802489386988e-05,19,1,1,1,0,0
431,11,-0.18150901294763042,1.7144198836120335,-1.6410998029601398,-2.4669990515841378,-4.8478935858096319,-0.49214404821615054,0.0505955286,0.0371681058212,4.2337915270959366e-07,0,2.1168957635479683e-07,11,1,1,1,0,0
432,14,1.5445614379395174,-4.135709608078078,2.8135085885000475,3.2911487609997336,6.1918986540819683,-1.7771637826699118,0.495241023971,0.0104040656267,2.7823685696585389e-07,0,1.3911842848292695e-07,15,1,1,1,0,0
433,10,5.4982006747072729,-2.0846577588619284,2.2891687680607893,4.6639955912394031,-4.3934044245209911,4.9895874435306551,1.80391819743,0.0638602548905,4.4963909575337688e-06,0,2.2481954787668844e-06,31,1,1,1,0,0
434,2,-5.4073076507770663,-3.0792224451316441,-2.8124165685998501,2.1619736947005341,-3.0912217513846443,-2.9916789754598554,0.2852872907,0.0111792485622,1.1945858256054881e-07,0,5.9729291280274403e-08,12,1,1,1,0,0
435,4,1.5197167311816548,-5.8422197094921957,2.038523928057975,0.74591635332724182,4.2445842541556305,-3.9902060406933875,0.694831094681,0.0115619828139,5.2351133823421085e-07,0,2.6175566911710542e-07,16,1,1,1,0,0
436,14,-4.5276738016691835,0.031533938334285506,-0.4208178339251295,2.2893652302560366,-1.5675175122816871,0.087540756273788128,0.0542405794374,0.0953380843826,2.7717164866577503e-06,0,1.3858582433288751e-06,16,1,1,1,0,0
437,2,6.1866370381028073,-4.5616143813818111,0.10933547653851861,3.3643084689919744,2.023805732148801,4.404623179333198,22.1828572202,0.00935169124518,0.00049210579450386966,0,0.00024605289725193483,60,1,0,0,0,2
438,4,1.4444755540459662,0.83132472993975304,-1.2504222621639287,-4.251673988397541,-1.6820728734540447,-6.1886397522807242,0.920307418269,0.0688714422086,2.291850104077132e-06,0,1.145925052038566e-06,14,1,1,1,0,0
439,12,1.3038941640353354,-5.7133693844860796,0.88605479321092828,-3.3189427449138109,2.3258713342988537,-2.4441609969169176,4.43016906179,0.206268481208,3.2586859729335597e-05,0,1.6293429864667799e-05,8,1,1,1,0,0
440,12,3.5340507696376222,-2.1128717935996639,2.0427503120200163,2.3669662839062235,5.0298395899341184,3.7943611404698534,0.0683721453625,0.0638495145682,1.2465270180867267e-06,0,6.2326350904336333e-07,16,1,1,1,0,0
441,15,3.672955557865218,0.5176330733325557,-1.9078257447585141,-5.5481641211869475,0.93990373020895479,0.39416264649963578,0.0486135742194,0.0708128884954,1.5298567234441296e-06,0,7.6492836172206482e-07,35,1,1,1,0,0
442,6,4.3835632109484486,-2.5761725947964025,-0.35676818212506783,-1.5291790935818144,4.069772159916961,2.8148371273275221,0.58899765868,0.0364510637329,7.516573296499279e-07,0,3.7582866482496395e-07,12,1,1,1,0,0
443,5,0.88171913698563309,-1.2117028765058659,-1.2250032636937971,5.0667306005705051,-1.5702397873485767,-4.4060303310621283,0.0315228654857,0.250265208503,1.907999741812072e-05,0,9.53999870906036e-06,10,1,1,1,0,0
444,5,-4.386103946522959,-1.0445361359696732,1.5111931168071646,-1.3537139290096611,2.3676593671147539,-4.5423054441207267,0.0725562243818,0.0107115111612,4.021513355649776e-08,0,2.010756677824888e-08,17,1,1,1,0,0
445,8,-1.3694413881056675,0.075604195288776488,0.72172190675373971,1.1301933231779062,4.4495033680917588,3.1143106561293856,0.274882854444,8.35042553745e-05,7.5562707752385521e-08,0,3.7781353876192761e-08,17,1,1,1,0,0
446,13,-4.2325773044548987,-0.71287948240375743,-2.7214520473915673,0.40649315127875774,-4.2842412307358524,4.1732947977373813,1.12794880858,0.373463413243,4.3758759084182376e-05,0,2.1879379542091188e-05,60,1,1,1,0,0
447,9,-2.7971001617933409,-2.9636015512949578,-0.41874381395682697,-3.0284888067608766,-5.4898411157842713,-3.7047296297713963,0.956607564487,0.0593821926604,1.9892536265183188e-06,0,9.946268132591594e-07,5,1,1,1,0,0
448,5,-4.073662776494694,1.1411705940405015,-2.8148624379002265,-0.11172533342938384,2.9636516784111744,2.018585053974665,2.23800980055,0.018481198956,5.1127313832998329e-06,0,2.5563656916499165e-06,20,1,1,1,0,0
449,12,-4.3145114007746139,-3.2100467883420185,-1.9992362112283344,-4.8328713484171022,4.7766798985064893,-0.07044490057988495,0.243764978805,0.0205076567376,1.8753248081695659e-07,0,9.3766240408478295e-08,10,1,1,1,0,0
450,4,5.1405807687970251,-3.6130046333508798,1.7063741242221295,3.1726868800380945,-0.96158201759004547,-3.0538642821268436,0.179226973053,0.193107705069,1.1391484323455379e-05,0,5.6957421617276897e-06,12,1,1,1,0,0
451,11,-4.3427493580628527,0.95304581806018196,-2.7602232970211937,-0.27550930075313018,1.8253212635736875,2.4004248359055889,0.325683003359,0.0327790184961,4.3336988632857592e-07,0,2.1668494316428796e-07,12,1,1,1,0,0
452,13,-5.9952777022869137,4.6687381219641537,2.9874984087530341,3.2757856367891085,1.7231354168614215,-1.6774582674457672,0.955889537449,0.000428791362914,9.1378081538199726e-07,0,4.5689040769099863e-07,24,1,1,1,0,0
453,7,-5.8346373527136919,-5.0563558721271233,-0.62713469627923946,-4.3941687817385704,-1.4968902386773029,1.9131191084009851,0.700117434898,0.013280040517,5.4388659122361781e-07,0,2.7194329561180891e-07,32,1,1,1,0,0
454,12,4.6280537500732164,-4.8564452742459245,2.2302854683545368,-1.7618692867043702,4.1600657460646877,2.9133513081912046,0.0498538864291,0.0720884906967,1.58550613581216e-06,0,7.9275306790607999e-07,16,1,1,1,0,0
455,1,5.0207016662041557,5.1504442237628769,2.0235595709733456,-2.6305490599234318,1.6658100013346906,5.7347674558018085,0.0888761324843,0.00140253533069,8.4981814827085033e-09,0,4.2490907413542517e-09,19,1,1,1,0,0
456,15,0.1649889651914149,-1.2037753407851721,1.2754361805685415,0.96396898390625119,-1.347431242393357,1.1338036739601123,0.0235580276075,0.275049090583,2.3045472701909337e-05,0,1.1522736350954669e-05,22,1,1,1,0,0
457,0,5.0293325821893378,4.3480887832865358,-2.8412424767791937,-2.8182368839718013,1.3089198727165512,0.092934898392594847,2.76716822257,0.240672110191,2.5301594463764734e-05,0,1.2650797231882367e-05,20,1,1,1,0,0
458,6,-3.0306583574416255,0.86093908874735769,2.3753122869295709,-1.4555112202696581,-1.8995007795302363,-1.6948115356473368,0.817344746314,0.0129867890319,7.1942819986953529e-07,0,3.5971409993476764e-07,25,1,1,1,0,0
459,7,4.3291408514335838,-3.0580998404341413,2.3011871290355757,-5.7718144663582223,1.4941598336829665,-0.69044541551701399,0.00908353082342,0.0240886225903,1.7684034405328421e-07,0,8.8420172026642107e-08,19,1,1,1,0,0
460,12,3.2223522960496815,2.6589042551670019,0.78193614828955871,4.1088212202764147,5.8378018408515056,2.7439136249447857,0.0206996037383,0.776784251245,0.00018380468271463705,0,9.1902341357318526e-05,49,1,1,1,0,0
461,4,-5.8782995550451522,-2.847057960950313,-2.1120289547461719,-3.5703321143265927,2.5165775905211163,4.3953899670135392,0.316774732281,0.0234712562208,2.681599275393867e-07,0,1.3407996376969335e-07,18,1,1,1,0,0
462,14,4.8154950424205785,-1.357069309802297,1.4421787026068904,3.1491323440803995,-3.7983906726732939,-1.1762192565014702,0.102015778576,0.00521997183685,1.8707466815330959e-08,0,9.3537334076654794e-09,11,1,1,1,0,0
463,13,5.8198220323599825,3.4681739649425172,0.63546555941349314,-3.3667812535545885,-2.2521717422765022,-4.9435728437699691,0.319165048629,0.120616929855,4.5335757307045314e-06,0,2.2667878653522657e-06,22,1,1,1,0,0
464,7,-4.4310885201093591,-4.6752824824000898,-2.168339357994733,-1.6762760739166629,1.0779871213307546,2.6600535428903362,0.081510083711,0.0156615595066,8.1361808854993961e-08,0,4.0680904427496981e-08,16,1,1,1,0,0
465,9,0.87028877285024997,2.0513951169393243,-1.7199352521605975,4.0875950229250888,-4.6689915030483871,3.5638250514513174,0.0868301150813,0.025266609946,2.0200771041333524e-07,0,1.0100385520666762e-07,13,1,1,1,0,0
466,1,-1.035063606177266,1.956736185203416,2.2764392249144292,3.7851105226938442,-2.8667864335306525,-3.8461205908057954,0.0412262597795,0.00738570421976,1.8316066450775828e-08,0,9.1580332253879141e-09,19,1,1,1,0,0
467,6,3.0278910081435044,-2.8572242192638484,-1.2510952154732007,4.3245537316121645,-1.3268066215577312,6.0554633682622425,0.559871629577,0.00643069299651,3.2605333324205905e-07,0,1.6302666662102952e-07,12,1,1,1,0,0
468,10,3.2561436601661891,1.6596411472159134,-0.80800433207081712,1.0098936011210893,4.606562733295978,-2.0147261177294897,0.0267552067123,0.107304797242,3.5081781412005828e-06,0,1.7540890706002914e-06,37,1,1,1,0,0
469,2,-2.419321247781431,0.40250707015130083,1.9392191581010307,-3.4810881004361955,1.6976986246836216,-4.4149838250785596,1.18138101666,0.0234888327908,1.5637262334380259e-06,0,7.8186311671901293e-07,31,1,1,1,0,0
470,8,-2.9833900027519817,-5.862010853570248,2.8611632055291483,-2.5565782075160075,5.0074072376258458,5.2247364371256078,1.32325096439,0.0697019525188,3.230934867927985e-06,0,1.6154674339639925e-06,21,1,1,1,0,0
471,8,-1.1853643751710217,-4.3938938886207071,1.417311409891749,-1.4383122477418717,3.0256756084258001,3.5143611963361017,0.166751524314,0.031764659651,3.3516309871098707e-07,0,1.6758154935549354e-07,24,1,1,1,0,0
472,14,-2.4415151649648661,-1.6959768925707219,1.6516583398924738,5.1578947005125464,-4.7832920126768599,-5.2525130181554669,0.0530241885479,0.0730419361107,1.6279834029234474e-06,0,8.1399170146172372e-07,7,1,1,1,0,0
473,2,-0.020310224929962775,-4.8993606419985705,2.0332970002562525,-4.25569452606151,0.94990969246419088,3.994749225355704,0.355898438582,0.0459372086941,7.6947564592776107e-07,0,3.8473782296388054e-07,35,1,1,1,0,0
474,1,-5.639518376116655,4.4468698288449975,1.2066649674801508,-1.1848466994246223,1.4775922455653752,3.8482809729293641,0.202344940828,0.0321429737307,3.5566528626612579e-07,0,1.778326431330629e-07,24,1,1,1,0,0
475,8,1.0357358540141643,3.6441535361544273,2.2007492219967988,2.21575860733943,3.586206621620021,1.6746347783009468,0.576853951642,0.136107457651,5.9758712998903917e-06,0,2.9879356499451959e-06,13,1,1,1,0,0
476,13,3.1798619734783875,-1.1341572447175858,3.0325567640978361,-1.414056176234344,4.5322234977270259,-1.4546126025526795,2.30736089718,0.320120164468,3.6540169176218965e-05,0,1.8270084588109483e-05,34,1,1,1,0,0
477,4,-1.3532257362343414,-2.1382868459100468,-1.0103520941117459,3.7981913154891322,-1.4648848999629236,2.5485701045408353,0.105113015155,0.0340093285431,3.6337974103480837e-07,0,1.8168987051740419e-07,22,1,1,1,0,0
478,13,-4.0722073329087047,2.1422806051905638,1.7999340523522562,-3.2384285436118896,-2.8460730140685957,4.8122025146738192,0.125989202698,0.000701662999418,1.6023251784661376e-08,0,8.0116258923306881e-09,39,1,1,1,0,0
479,13,3.8812862121255143,4.6686164583040091,-1.0692205993611028,-5.0788010448939955,2.0195095425942644,-5.5004060776043504,0.175561703275,0.000828584705094,3.1031047542351987e-08,0,1.5515523771175993e-08,12,1,1,1,0,0
480,11,4.4869237765508778,0.32780732425824821,1.5567265884248565,-3.621379143282661,-4.6675439588609944,0.1169950751351454,0.0387569169633,0.0432352907658,5.7092050722524254e-07,0,2.8546025361262127e-07,53,1,1,1,0,0
481,8,3.4616939340454049,6.0907244397722655,-1.3822928833592323,0.86694247144207037,-4.8536314070542641,-4.5424283866621664,1.15956549601,0.118651045184,5.6330176579106884e-06,0,2.8165088289553442e-06,6,1,1,1,0,0
482,14,-0.7913510016766625,-5.3911769733027661,2.8963319425181893,3.880571497964258,-1.6168501949741567,2.0141767821865941,0.708174641772,0.00549944418139,5.1072413785928404e-07,0,2.5536206892964202e-07,22,1,1,1,0,0
483,5,-6.0061287124285849,0.74714006598352412,0.71787044616253837,-3.3953687461010009,0.94307112063407961,-2.2998385902127327,0.165168611521,0.0358023884102,4.177426345425578e-07,0,2.088713172712789e-07,28,1,1,1,0,0
484,11,0.45148013419250654,5.182271692981276,-0.58737439551517079,0.79297425174232983,0.71322037564797403,2.8480031572268758,0.0690889230633,0.0283014493727,2.4876331439923131e-07,0,1.2438165719961566e-07,11,1,1,1,0,0
485,8,-1.3931055131029175,4.6171832845718459,-1.7395044437809453,-1.2570831008548486,4.866609161825135,-3.5815291536271956,1.21617736278,0.337582254859,3.6193830388759074e-05,0,1.8096915194379537e-05,10,1,1,1,0,0
486,11,-2.3543559483631853,-3.8916493444637386,-0.7912459699927411,-2.0017628921041277,1.851811807623736,1.0790394322668,0.771078569935,0.00194918793489,5.9571950421297541e-07,0,2.9785975210648771e-07,19,1,1,1,0,0
487,12,-1.8297426308252427,0.91255509302205207,0.1736853672468518,0.32826383762988726,-1.9009191526983822,3.1461986531189603,2.20189878535,0.00680929523628,4.8624823050330234e-06,0,2.4312411525165117e-06,25,1,1,1,0,0
488,11,-4.6791440268095466,5.9212124344560992,-0.83215339812847144,-2.4088762526727816,4.1291926686373257,1.3320130084928496,0.0677041708716,0.00111753048393,4.9642836454522115e-09,0,2.4821418227261058e-09,13,1,1,1,0,0
489,1,-1.3380233776379091,4.168748501368583,-0.92010523595242166,-0.39537242885900092,5.648978305966085,-2.459977456269645,0.637250801473,0.103933502124,3.6966186098279581e-06,0,1.8483093049139791e-06,10,1,1,1,0,0
490,6,2.9003136155073155,-1.8886507395758325,-2.2335702832960873,5.3292513684042664,-0.99031248252901694,-1.6583852959550835,0.0520833279092,0.00480349355357,9.7412784096561297e-09,0,4.8706392048280648e-09,45,1,1,1,0,0
491,7,-5.4781125585615964,-1.7758394494785628,0.91701031105135633,5.2959583868535445,0.82993341246538788,-1.6855609619095109,0.753594999626,0.0575500443298,1.576800633607449e-06,0,7.884003168037245e-07,59,1,1,1,0,0
492,5,3.3044619034048357,-1.810411121169671,1.6152551196886666,-4.396600629438673,5.1222901212080023,-2.2021113303516873,0.02130954552,0.00566849284941,1.024200614615467e-08,0,5.121003073077335e-09,17,1,1,1,0,0
493,0,-1.8583289996365577,3.5305120284079279,-2.9735843650215532,-5.3940008898230358,4.4995985594866603,3.081057211799898,0.035680828775,0.00172254183504,2.1769672329564966e-09,0,1.0884836164782483e-09,20,1,1,1,0,0
494,14,3.6043515249422224,4.3881085693781321,-1.4560303746763485,4.8291231867964228,-1.7085806111751463,-2.1487503856625749,0.19483245272,0.0247455750474,2.2449017688169247e-07,0,1.1224508844084624e-07,14,1,1,1,0,0
495,7,5.6530712643371404,2.5568675290176346,-2.8849260908601515,4.3865592052337261,-5.0010029126698008,5.7440422082599332,0.161307851139,0.00785048169896,4.4793813582730855e-08,0,2.2396906791365428e-08,18,1,1,1,0,0
496,5,-4.6457915520006248,2.0337058207781542,1.0992998289266362,-3.1749673180294802,0.91494170959111454,-0.88692206668577667,0.064768006404,0.00175237657437,5.1303210329990876e-09,0,2.5651605164995438e-09,38,1,1,1,0,0
497,1,2.9764617891396346,3.7165011786867912,-1.892432463196337,2.1868408745339649,1.2352089855856294,2.117446530434572,0.0839909719013,0.0445655233888,6.1205083805194991e-07,0,3.0602541902597495e-07,12,1,1,1,0,0
498,1,4.9460732190402821,0.38571936518878508,-2.479997789267133,-0.35482710299728504,-5.2501367399653391,5.3054404002898634,0.78022953157,0.0315978701012,9.1289588958702135e-07,0,4.5644794479351068e-07,28,1,1,1,0,0
499,8,1.8729501067715786,-3.9666594935226405,0.78722330558214182,0.74309806993875693,2.5531635122612539,-3.3041824895132819,0.405509410294,0.00429072915781,1.7004599719383682e-07,0,8.5022998596918411e-08,33,1,1,1,0,0
500,3,-0.95182618407523012,5.0410429560425918,-0.9264762973109727,5.3307006158462213,-0.053912938330202796,-1.2644744916776411,0.549076353826,0.00141649356693,3.0209604317871085e-07,0,1.5104802158935543e-07,28,1,1,1,0,0
501,5,-5.4021252604604681,-5.9564236828587545,-1.8574463190177637,4.4862169992439975,-1.5367822412318151,1.9454084994098699,0.0330666785567,0.08770127667,2.3440625327028618e-06,0,1.1720312663514309e-06,16,1,1,1,0,0
502,14,-1.5636171348184189,-1.7904923923838587,-1.8052325131634428,-4.8775504471458655,2.299187424262898,5.8819619248425656,0.158727711738,0.019193485273,1.3741246025756712e-07,0,6.8706230128783558e-08,31,1,1,1,0,0
503,2,-5.7808959146718903,5.9844564090429753,-0.24769918379149447,-1.4624122252780454,-4.7238220830254791,4.4213567455532274,0.974598453713,0.00748672473052,9.6691627135128664e-07,0,4.8345813567564332e-07,28,1,1,1,0,0
504,5,0.23351302888197184,0.22983435704187941,2.6385629104579,-0.24245902208971076,-2.48961987219442,2.6507116640967276,3.71175556177,0.864258460978,0.00024130888350618244,0,0.00012065444175309122,41,1,1,1,0,0
505,15,-1.6409196702366879,-0.83520408696628157,2.7570288260736633,-5.0772204414696978,4.3028885994580239,-2.5937089319672042,0.0263860828936,0.0546851317899,9.1164354301159828e-07,0,4.5582177150579914e-07,18,1,1,1,0,0
506,14,3.1137257215850083,-1.9394423334668809,1.9547784294721497,5.2332100934864663,2.8127283080964016,-5.7410144188520302,0.29756750187,0.00174847801072,8.9477687037120536e-08,0,4.4738843518560268e-08,17,1,1,1,0,0
507,9,-4.591113448232429,3.5998758148488652,-2.661447280903372,-5.4114485701533699,-2.1466958927594346,-0.072502524035988045,0.0115679584635,0.11676936198,4.1536178929728847e-06,0,2.0768089464864424e-06,41,1,1,1,0,0
508,14,-5.8069035878837125,-0.50650023175637682,-0.88107192816405067,0.042530474625593284,-4.3288059984497149,3.90830426181993,0.167069843808,0.0390317323582,4.9198970080540501e-07,0,2.459948504027025e-07,5,1,1,1,0,0
509,4,-5.3257424064354568,0.88297989121609244,1.1025781244115314,1.9735428065699741,1.5353109259323603,-2.8307657571565485,0.0613043579283,0.00072495409111,3.9183185551802547e-09,0,1.9591592775901273e-09,13,1,1,1,0,0
510,15,-2.0154059280819725,-1.2213340423191528,-1.7446742962478612,-2.4256122692097706,-1.6511075512941862,-2.1482304394469383,0.0265760880675,0.00555371481105,1.0101831450962891e-08,0,5.0509157254814456e-09,30,1,1,1,0,0
511,14,-6.016643322420391,2.8836916582925975,-0.14649229573897746,-0.71638752838486242,3.7717364410966367,-5.1756410833198725,61.1712589249,0.0630918710617,0.0037431354737491227,0,0.0018715677368745613,60,0,0,0,0,3
512,12,4.8257978904244503,-5.4845955408657856,-1.2663680391057375,-1.1392449968598839,-4.774304685688433,5.941378930894289,0.0963073592147,0.00661572769841,2.2607557883146638e-08,0,1.1303778941573319e-08,20,1,1,1,0,0
513,11,2.5678825423100338,6.1806507362157461,1.5025309183880697,2.0562767153916801,1.4344515549037411,3.1636765268563143,0.0403679469477,3.29686189141e-05,1.629902238536429e-09,0,8.149511192682145e-10,18,1,1,1,0,0
514,3,4.626253047603579,1.2074351340892282,1.1533952136500027,-2.0091694522506605,-0.22149057583174109,5.1503599462880469,0.32692723967,0.136520026025,5.7842548373810278e-06,0,2.8921274186905139e-06,24,1,1,1,0,0
515,15,-1.4891330429454412,-3.6296696790285905,-2.820122816287792,0.16399992814958597,-3.5955757104327444,0.67779349947456469,46.6371173075,0.113975635906,0.0021789778267726503,0,0.0010894889133863251,60,0,0,0,0,3
516,15,-2.9414809909101036,2.8518704963810144,2.7822863202460018,3.2656754160860748,-1.9715765552012592,-2.6711412465318145,0.20893151435,0.0333332703278,3.8211489794761377e-07,0,1.9105744897380688e-07,21,1,1,1,0,0
517,14,4.3618546879057636,-0.20957018081208256,-2.2551617486595523,1.2092869417238381,-3.4916434207881348,0.51081951224648448,0.0406414609915,0.0365294179911,4.0813271945995742e-07,0,2.0406635972997871e-07,17,1,1,1,0,0
518,5,1.8608914450123586,0.88199534496778187,-1.2564407699325133,-4.778651989776133,4.4696286910342646,-0.72560554648384823,0.0505898054264,0.00608968679725,1.385584771231524e-08,0,6.9279238561576199e-09,13,1,1,1,0,0
519,15,0.10235223908573036,3.2790885111848502,-2.1624244705956119,-2.5672506255212948,-4.2140987481064247,-1.8688752943181857,0.0718025275356,0.0556018962269,9.4690194264755345e-07,0,4.7345097132377673e-07,36,1,1,1,0,0
520,2,2.8210702389764877,3.3596252877219364,-2.3160973074797835,-1.0167855653630804,-4.4179389558868856,2.0470230039716171,0.143821113981,0.000650569100559,2.0813439150631327e-08,0,1.0406719575315663e-08,9,1,1,1,0,0
521,12,-4.219331747985577,-2.5928834318766691,-1.136395700691734,5.5957302739682362,-2.2057932131647253,-0.049898554246448915,0.236065885979,0.000362129762254,5.5767049431285107e-08,0,2.7883524715642554e-08,9,1,1,1,0,0
522,6,-3.1728488029872821,-5.9686561971167889,-1.925111630853185,6.0251460754766377,-4.1321101857170639,-4.1594062461720966,0.0495910521044,0.0660392562827,1.3309516979464592e-06,0,6.6547584897322961e-07,52,1,1,1,0,0
523,6,4.7054124978989718,-2.8215873298124006,0.98694573521930973,-2.7158800364710221,4.8285189284490659,3.2951258361494435,0.0131233571439,0.015448948267,7.2875262861745387e-08,0,3.6437631430872693e-08,17,1,1,1,0,0
524,12,-1.0970944865209031,-6.0891377653166314,2.7737338451558893,3.6200316651771458,-1.867318034442248,2.8039819557953054,4.69989002871,0.715798046736,0.00017816483219765264,0,8.9082416098826319e-05,48,1,1,1,0,0
525,15,3.9182191289432802,-4.6307988063048153,-2.7045770903499564,6.0480510678601975,1.2114457642367666,1.1001979732456126,0.270143065755,0.054902945317,9.911957400243354e-07,0,4.955978700121677e-07,6,1,1,1,0,0
526,12,1.4348411592814072,0.46252738275121652,0.28689807406887979,-2.8549890351618914,1.4878532847856034,4.0678635689025464,1.52736013553,0.047379307235,3.0166337880153065e-06,0,1.5083168940076533e-06,25,1,1,1,0,0
527,2,4.9344964459165439,-3.022568876120094,1.2877405058418792,-2.1330786405489812,-1.4660290268164669,-2.6875610612467895,0.00815560116033,0.163947608777,8.1878228289317854e-06,0,4.0939114144658927e-06,24,1,1,1,0,0
528,8,-5.6598924029815869,0.67080678277281092,0.42195728552381717,-2.7221109605129215,-4.6766185029145433,-2.3476349653208066,0.356260307087,0.0121863506601,1.721592689467523e-07,0,8.6079634473376151e-08,25,1,1,1,0,0
529,0,-6.1105252746807777,2.2747467292003147,1.2645383117401858,-2.8294273938857093,2.1923350621167632,3.1079528081395575,0.223906738309,0.0227295083925,2.0750889312096876e-07,0,1.0375444656048438e-07,6,1,1,1,0,0
530,7,-3.1769998380771671,-3.8125696622234768,0.49527001760633438,4.6095658304279761,-1.9921132911385995,-1.8011374161300582,0.233176502557,0.00151395653646,5.5069484086699848e-08,0,2.7534742043349924e-08,22,1,1,1,0,0
531,10,-2.4739418899926524,-1.1082588862609577,0.54018784061064784,-1.2708018804751537,-4.5366272776090488,-4.867477787157493,2.3898085547,0.246364202002,2.420003670819962e-05,0,1.210001835409981e-05,15,1,1,1,0,0
532,4,3.864782986093009,3.9304344410947398,-1.9540758361073751,-3.5322884627511808,1.9780485495406992,-5.5794641425469704,0.669334293896,0.0445074044903,1.0514278019870762e-06,0,5.2571390099353812e-07,9,1,1,1,0,0
533,1,-0.2579557718180584,4.396648919351323,2.7825430561590445,4.8611225106632387,2.1581165136253992,5.1828415868288946,0.503367003689,0.00172693042498,2.5428679748933825e-07,0,1.2714339874466912e-07,15,1,1,1,0,0
534,8,4.5714334094969882,-2.6220303892073096,2.1626805869153665,-0.95090952478915547,1.5295950244710741,-6.0010293795639136,0.27754928227,0.0374413227463,5.0406234094596898e-07,0,2.5203117047298449e-07,16,1,1,1,0,0
535,4,-1.3625339557265437,2.5660252578417908,0.78733769101215201,-2.4019106348735422,-3.8375188273074312,3.6925818400182253,0.417686447099,0.00906491518196,1.9949320005903421e-07,0,9.9746600029517104e-08,20,1,1,1,0,0
536,3,1.2378351989234364,1.0431800108296587,-0.94663203175804134,-6.1700958669533037,6.0546315839984128,-4.1259766793178194,0.299347616379,0.000208543762327,8.9622243396215002e-08,0,4.4811121698107501e-08,18,1,1,1,0,0
537,5,-4.7126983989553768,-4.6871956310794944,-0.41024919327787784,4.6228619179191925,4.6632094693015578,6.2107491528554721,0.30206042466,0.898790577871,0.0002461686562047539,0.00021210560087102029,0.00012414485610673205,23,1,1,1,1,0
538,0,4.4150250242131337,-3.7457375865153533,-2.7942159163051503,2.3149118935596356,-1.4895513002506218,-3.0110738752500903,98.0994404505,0.73411045592,0.009787664076532275,0,0.0048938320382661375,60,0,0,0,0,3
539,4,-5.9546877339683739,-4.3645473659036398,-0.014585589871389304,6.1761441452773216,4.0135582662034226,-4.0377031560500551,4.76886621839,0.615344728141,0.00013808520734987596,0,6.904260367493798e-05,20,1,1,1,0,0
540,3,-4.0751750715401514,-4.0692468273048554,1.5121255433539713,-2.1319642054647749,-1.2951058554747878,0.11321059654672604,0.0686830606287,0.000320415322897,4.7486366629912272e-09,0,2.3743183314956136e-09,23,1,1,1,0,0
541,11,5.3747835970056563,-0.74205161030373468,2.5636265675753789,1.150641798205047,-4.7451019456303944,-0.73636316967953996,0.676345574142,0.0273113672962,6.8466075394965736e-07,0,3.4233037697482868e-07,15,1,1,1,0,0
542,2,-4.2651021568511975,2.1678930435628305,-0.99085921110066644,-3.0602036417547747,1.8276634398808491,2.6513568462217942,3.75209678228,0.350653733387,5.1533391375336839e-05,0,2.5766695687668419e-05,45,1,1,1,0,0
543,8,-1.8930902751287337,-0.36227746094042668,-2.429783271543223,1.617128949040064,1.9836764801436373,1.103952002357919,0.0362590323841,0.0157946984671,7.7308386585633594e-08,0,3.8654193292816797e-08,22,1,1,1,0,0
544,3,-2.8514421509252812,0.34291975462678209,1.0102415392311428,-0.65857126186000259,3.3649751193038653,-3.7026271889176496,0.161291592414,0.00375724405251,3.0315226218806249e-08,0,1.5157613109403124e-08,10,1,1,1,0,0
545,0,-0.82999267582621616,-0.95434207139628913,-2.283655613357912,-1.2893456475388863,4.5296914306930622,-3.711714924240451,0.229967063192,0.0461743209419,7.0234987706237669e-07,0,3.5117493853118834e-07,14,1,1,1,0,0
546,12,-0.38326490288969789,1.0055468029642407,1.513125468678066,5.994704782518931,-2.1087211349852928,3.8724238131725075,0.0636965841141,0.000586959027919,4.1622018955615004e-09,0,2.0811009477807502e-09,8,1,1,1,0,0
547,0,3.342112901735327,-4.4732270293816452,1.2078564136172487,2.3931633347436563,-3.8173228965984727,-4.1622456761309081,0.0994831980658,0.0726497301697,1.6176625593115574e-06,0,8.0883127965577868e-07,19,1,1,1,0,0
548,14,-5.6901362824315527,2.7397298083878137,0.43367770996643562,-0.066989033173824319,5.9618631936148248,6.0336863533380827,0.27171765279,0.0113618951375,1.1315435618043214e-07,0,5.6577178090216071e-08,23,1,1,1,0,0
549,14,0.35279227781128225,0.77740194929462714,0.86307211250741367,-5.1517103391651542,4.3917728014912356,1.4933519637814061,0.996976305514,0.00370170459323,9.9813580955897568e-07,0,4.9906790477948784e-07,22,1,1,1,0,0
550,14,-1.5351809395719593,0.065060888587093024,0.96150824409222302,5.2174823303296876,4.7523044153820599,-2.3522035432140642,1.92632034244,0.0558037635912,4.6593069933748069e-06,0,2.3296534966874034e-06,31,1,1,1,0,0
551,10,1.6029354857045319,5.8738176354507887,-0.77554228775651435,-3.8484069657880471,-2.9621281981707512,5.8135242108202654,0.668063467582,0.0240302106888,6.2221043823454142e-07,0,3.1110521911727071e-07,26,1,1,1,0,0
552,13,5.9028533682346414,3.9018448570711763,2.9908308885852404,-5.9434075544485196,-2.1261967348846276,4.1595664709500371,1.48023170989,0.0119022285435,2.2342389460117312e-06,0,1.1171194730058656e-06,15,1,1,1,0,0
553,12,-0.26179725921809704,-4.3100502736538626,2.2084696640777852,3.9604583512336617,-0.57197054034448225,-5.3532392284155996,0.679625568514,0.0268912246345,6.8217133361744678e-07,0,3.4108566680872339e-07,23,1,1,1,0,0
554,13,-5.0291253029605052,2.5739172396494934,-0.48532797408920586,-3.063358733805742,-4.0950369075485407,-3.1808511532740775,0.0201192417773,0.0386153114721,4.546326977848164e-07,0,2.273163488924082e-07,33,1,1,1,0,0
555,12,-4.4163826824278001,2.8042138686991653,-1.6681697694305155,0.50321238025634607,4.9904901934989541,-0.42718315132188456,0.31539266159,0.0525210008153,9.3974613610769933e-07,0,4.6987306805384967e-07,19,1,1,1,0,0
556,13,-0.083309681385630607,-3.9159570251099796,-2.1074212652204616,4.8670593285548662,-3.9583210591990263,-0.88580972710586625,0.323827762076,0.0548970480352,1.0228856372108384e-06,0,5.1144281860541922e-07,13,1,1,1,0,0
557,0,0.74780024280779722,-6.1509820074793584,-2.6876418716189598,6.1797888727749637,2.8747613627911304,-3.8113228580526783,1.38185822695,0.349519100399,3.9122693253588564e-05,0,1.9561346626794282e-05,12,1,1,1,0,0
558,3,-2.2203994697481071,-5.6583360046806979,2.3484525255216488,2.0262057431265648,-3.5892202038345293,5.9330146974001998,3.30248755941,0.131694057262,1.6189502906173645e-05,0,8.0947514530868225e-06,25,1,1,1,0,0
559,7,-1.9151703947965206,1.532987179506921,2.7121750696349611,2.0939635679183453,-3.8081045425581612,-4.4287401993136637,0.783395388174,0.0163533453022,6.9517275034377623e-07,0,3.4758637517188811e-07,11,1,1,1,0,0
560,13,-4.8598863181304708,4.7798133971734202,1.089613687260492,-1.1774265853717583,1.6207952417472606,-3.0920390666309023,0.842483338359,0.0176831910247,8.0503059406705e-07,0,4.02515297033525e-07,17,1,1,1,0,0
561,9,-2.704204625108912,5.7685965623631104,-1.626798216948121,-0.99438343142932106,2.7849435170266497,3.4656904200861982,0.221351527652,0.0593069613175,1.1204321199363522e-06,0,5.602160599681761e-07,6,1,1,1,0,0
562,1,5.8913764371751061,1.2083623391359273,-0.94286285159936412,-5.0714197799435086,5.6694411113347334,1.0731151190689165,0.0500142552718,0.00710689639964,1.7887035190737471e-08,0,8.9435175953687355e-09,12,1,1,1,0,0
563,13,5.1970407696927969,1.8891607592185296,-1.9157068693593744,-5.0666200326130983,-2.6953413130124804,2.7151070660176764,0.0923894235624,0.105442689019,3.3953212208956588e-06,0,1.6976606104478294e-06,18,1,1,1,0,0
564,4,2.0786398221621183,1.6669481656169136,1.7869586512798914,-4.7299140175650063,-5.2191276314472983,2.8653658276985068,0.030947402936,0.00740583563693,1.7664911052294072e-08,0,8.8324555261470358e-09,15,1,1,1,0,0
565,2,-2.5020004859359894,4.9495184046250476,0.48683016457277972,1.222993685608281,2.9002620280982709,2.0010093101405197,0.408295402726,0.00838465708309,1.8812049424360963e-07,0,9.4060247121804813e-08,13,1,1,1,0,0
566,9,0.8457586678655229,4.3433951797877679,-1.3536662295775828,-6.0654009892661929,-0.2527104412159295,-1.4300366213457836,0.0695796101923,0.00555849234103,1.4253036953103664e-08,0,7.126518476551832e-09,13,1,1,1,0,0
567,13,4.8449869081645671,5.138962527692243,2.0679093865748439,-4.6629417816175698,-1.9233997424101348,3.5067053871743896,0.130975666757,0.26672420503,2.1688186652133555e-05,0,1.0844093326066777e-05,16,1,1,1,0,0
568,4,-4.4748684470374958,-0.89560269526603697,-2.1805021041524983,-0.95105201528949557,-1.8777328426238906,0.22971872016858788,0.295724407069,0.121938157358,4.6167832096482944e-06,0,2.3083916048241472e-06,37,1,1,1,0,0
569,12,-5.4826570414338498,-5.818068836778993,1.15584175162123,-1.1854011875403454,5.4731767100903141,1.8350739929512354,0.0810053106765,0.0155069373583,7.9811720567831714e-08,0,3.9905860283915857e-08,36,1,1,1,0,0
570,14,-0.13578255623184779,5.554253011942337,2.3036468142294249,3.3298397029717277,1.6365036465235876,5.1430523944705477,0.871478125236,0.00150445976394,7.6016359358328754e-07,0,3.8008179679164377e-07,8,1,1,1,0,0
571,2,0.91331349212486201,2.5826476046761107,1.0603616493486228,0.9046765435445282,1.7811966403023562,3.3651319197093112,0.00691013409066,0.0162113917278,8.0104016979413019e-08,0,4.005200848970651e-08,22,1,1,1,0,0
572,6,-0.62589190766305436,0.95452362945422231,0.986995882236406,6.2692717726454648,4.3548290969448473,0.72404724878369142,3.71809352319,0.25933485386,3.4311131940842147e-05,0.0053416314342950534,4.3863723141896336e-05,21,1,1,1,1,0
573,3,-2.2248188285352808,1.9152446385557478,-1.5730552843294456,3.9706527560006144,-4.4867973637833174,-5.0628598727861887,0.0135597307285,0.0162497994465,8.0619918229174436e-08,0,4.0309959114587218e-08,34,1,1,1,0,0
574,8,3.2523897797652528,3.270764427030965,-0.67178845036660295,-0.33729674918606017,4.4947508143085502,4.254525616682213,0.0334786283358,0.0503340516668,7.7287415612011509e-07,0,3.8643707806005755e-07,12,1,1,1,0,0
575,1,-0.56330933776086956,4.417577466876355,1.9667055426108677,-1.5988221726915206,1.7022362426926227,-1.4512403568952184,0.402969721397,0.147153239377,6.758593312464741e-06,0,3.3792966562323705e-06,11,1,1,1,0,0
576,10,2.6559123117265027,0.29438405364685627,-2.5987702581695697,6.0848511412499811,2.0532015323451969,-3.3747819677661601,0.0402682260402,0.00183260874216,2.6445738646318648e-09,0,1.3222869323159324e-09,14,1,1,1,0,0
577,7,3.3211449523488539,4.7310232963183028,2.8763915611078996,-3.4639940999691508,1.6958936893722105,1.554558589756998,0.130594270772,0.0420129751194,5.5473204892666946e-07,0,2.7736602446333473e-07,10,1,1,1,0,0
578,3,-0.75683686832122721,3.3774149994295342,2.4160545242812748,4.5786841675980368,2.8330430905438062,-0.30644913720928618,4.55168828174,0.268990908944,4.2758797472409092e-05,0,2.1379398736204546e-05,55,1,1,1,0,0
579,14,2.6335940302277909,0.61336715100029748,2.4305486377876564,-0.15648394596385204,-1.2138712879158942,0.44684949071842089,0.985126658299,0.236059990654,1.7945072863234298e-05,0,8.9725364316171488e-06,25,1,1,1,0,0
580,14,3.4509782613055919,-2.3548165668326417,-1.9437173226550968,-2.7938316801921372,-5.0983016639525252,0.99484418628448434,0.0134560660528,0.371973891946,4.214844128479186e-05,0,2.107422064239593e-05,14,1,1,1,0,0
581,2,-4.7627508400931458,3.2197963655110202,-0.62995692219006361,-2.0245740432148942,-5.6918280250258482,2.9517008336280544,0.281853549358,0.302870753485,2.8022208536631326e-05,0,1.4011104268315663e-05,7,1,1,1,0,0
582,8,-4.1734255989278841,-5.6855381045356195,2.8400156257801861,-4.9739076012900139,1.6392832788376694,-3.6170648812259061,0.749059285506,0.000939324196109,5.6135858627355845e-07,0,2.8067929313677922e-07,32,1,1,1,0,0
583,6,4.3600746016079484,-3.0425939573558605,-0.63399237411050979,-0.45670346970632275,4.6000984185505009,3.926036857359898,1.9412522003,0.00720322792472,3.7842656346661956e-06,0,1.8921328173330978e-06,28,1,1,1,0,0
584,8,4.2974854511008509,-3.1211626607498566,-1.814536784313914,-2.7439613825554026,-5.2565180695859368,0.75728147196842521,0.0168092492894,0.027034437194,2.2291548027377751e-07,0,1.1145774013688876e-07,13,1,1,1,0,0
585,12,-1.2538225086621677,-4.4531614662657679,1.7129547140912473,4.5485380563997104,-1.6289487555355573,-2.9189546260930217,0.0129224178847,0.000677892352918,3.0697217667790469e-10,0,1.5348608833895235e-10,19,1,1,1,0,0
586,9,-5.0294245056749727,-4.3769213019494106,0.42504205165976827,2.6716486406492073,1.3125905740261161,3.3578590388093721,0.00540481130351,0.0623919351932,1.1858297625222775e-06,0,5.9291488126113873e-07,20,1,1,1,0,0
587,14,3.9292272494085947,1.6688401842099332,1.7462569561612085,-4.7756735477775836,-5.4342958545528184,5.6798181306712365,0.0115299991041,0.104362271651,3.3178686166567624e-06,0,1.6589343083283812e-06,24,1,1,1,0,0
588,2,3.9559422873873347,-3.6754259161033875,2.4811928485803394,-3.6703202123313656,4.7123869285160582,-2.3435807408575302,0.0420383411244,0.000593909358959,1.8746693172419523e-09,0,9.3733465862097617e-10,26,1,1,1,0,0
589,12,-1.3038202931323923,4.4499247670198629,-2.307157816297805,-0.43755596332865332,-1.3381096170438036,-3.2218192651568001,0.0559804898353,0.00384127778224,7.6285716874890032e-09,0,3.8142858437445016e-09,30,1,1,1,0,0
590,6,1.0972307578056573,5.8274347293273916,2.6141004001461363,1.7294448728954435,0.69052888252952205,-3.0177337401742146,0.0418392876638,0.00278467062542,4.112648415924737e-09,0,2.0563242079623685e-09,10,1,1,1,0,0
591,8,-2.8638334065566773,-2.0835591799417439,-0.014969915596772243,-1.4459018020628214,4.2213110838759267,-1.2461018316875176,3.57016836548,0.0323716335239,1.3065317653809604e-05,0,6.5326588269048019e-06,30,1,1,1,0,0
592,0,4.0883718957354072,1.9593050598075394,-2.2954699211468244,1.6030046981723902,4.4813260909275172,3.4037122015111407,1.07443389775,0.185029572235,1.1583272699824113e-05,0,5.7916363499120565e-06,13,1,1,1,0,0
593,2,-4.1359192129209728,-3.5097271619549808,-0.51075153956211838,4.4126187315248302,4.2668143988053897,5.8720721595979377,0.0354256386583,0.951466687024,0.000275768010609489,0,0.0001378840053047445,16,1,1,1,0,0
594,1,1.9994708479787433,2.6427372966973333,-2.5062693218015997,6.1278216626984552,-2.0851867997506113,-4.3496958290124299,147.334183188,1.76396772976,0.022655203662169405,0,0.011327601831084702,60,0,0,0,0,3
595,12,5.3201534159535626,1.3242396038119089,0.91660083552262206,5.7880238083509337,-2.1565813312302087,2.6954341680390153,0.0307358381238,0.133437218139,5.4248074744393263e-06,0,2.7124037372196631e-06,27,1,1,1,0,0
596,1,-0.62400529637700231,-2.4456987395546648,-1.9185091423936338,2.7908999600847446,-4.5053397569256282,4.7182596617577079,0.155104429112,0.00895887320077,4.8506407256544864e-08,0,2.4253203628272432e-08,17,1,1,1,0,0
597,5,4.1973429065743373,4.2854922265624618,1.4896635589973128,0.22904200122164073,-1.5582864346701031,-3.0030055494503221,0.0499378132275,0.0148642168105,6.9797463151387907e-08,0,3.4898731575693954e-08,6,1,1,1,0,0
598,6,-4.1001604578431046,-0.65595195764403535,-0.78757098032887629,-5.4528898856948196,1.2125704884926696,2.8188587901198465,0.226732105951,0.0163356648669,1.3269580855559957e-07,0,6.6347904277799783e-08,17,1,1,1,0,0
599,0,-1.1352962862764659,4.9954401541082518,1.4078143869165891,-2.1152556348052891,-4.9369368882275548,-5.9045866875239774,0.0465745810686,0.0177945483255,9.8625063909334207e-08,0,4.9312531954667104e-08,46,1,1,1,0,0
600,2,-4.6241595543394673,-2.3343324355177844,-1.4135573727231168,4.6860556156424602,5.4869276626361412,5.9603340964067204,0.0298231110788,0.00081245115075,1.0904888681343687e-09,0,5.4524443406718437e-10,33,1,1,1,0,0
601,15,3.1272604856960622,-0.15613474469994854,-2.3904219586951725,0.83733372831969599,1.7361491715734934,2.1396927423674068,0.285453762475,0.077205117055,1.8971956117150255e-06,0,9.4859780585751275e-07,30,1,1,1,0,0
602,2,-0.41742685328405466,-4.2853486236895995,2.8943201311495477,-5.9891201698344849,-4.5123097050060776,-2.9336635788684173,0.580813705589,0.0584552498934,1.3782272310280491e-06,0,6.8911361551402453e-07,23,1,1,1,0,0
603,8,-4.3838231673847989,2.0678938323716136,0.48382042867617631,4.3902327994316011,-3.0869923673294739,4.78395936370603,3.3152464745,0.675285191404,0.00014989947611688363,0,7.4949738058441813e-05,25,1,1,1,0,0
604,1,-4.6370889994230025,-1.2383187891191556,-1.390774400050893,-3.5645434838164682,2.1516256038118176,-2.6738277134848265,0.173703686233,0.00256095240039,3.2170797012387277e-08,0,1.6085398506193638e-08,5,1,1,1,0,0
605,12,1.7450836046335516,-1.3390601867127767,-2.3108336798078724,-0.74374914058284392,-0.89262639655070741,-0.040170879941612218,1.17938364195,0.0336360894322,1.7355858150428824e-06,0,8.6779290752144119e-07,21,1,1,1,0,0
606,15,4.7218409047088308,4.4941671568167534,2.2199589959543991,-1.9125066562500979,-4.3648496816509494,6.0905386142152009,0.0345860791327,0.0864555962965,2.2780804641834632e-06,0,1.1390402320917316e-06,15,1,1,1,0,0
607,0,1.6363082559576909,0.57101464913606348,2.546398939749813,4.6947554647912604,-0.80854540617244419,6.1443695084110814,0.0447511619341,0.0395729648161,4.79039499426717e-07,0,2.395197497133585e-07,49,1,1,1,0,0
608,6,-3.9625845799552915,-3.9261892191498196,0.23392624784109251,5.3495727068563195,1.3792085849376154,-6.2831853071795862,1.45615699391,0.366401982252,4.3015407481841415e-05,0.0075689999999999993,5.9352703740920705e-05,17,1,1,1,1,0
609,13,2.1628184715693135,-1.8663072490674522,1.606467425646795,3.6820002748391589,1.0267903888024195,-2.6479192722666935,0.0813022739122,0.00449110672869,1.275420517801084e-08,0,6.3771025890054199e-09,37,1,1,1,0,0
610,2,0.47582588667888703,0.76083807823062266,-2.2740822974886949,2.2719111282657853,-1.6189919036577367,-5.2885421807223727,0.0441745499059,0.00292305297807,4.5541148100652288e-09,0,2.2770574050326144e-09,15,1,1,1,0,0
611,6,3.9338510311997816,-0.24222588846072141,0.62655333898801724,3.9350060484284279,-3.1482139163153651,0.59672111324228649,1.59977020935,0.0359448168482,2.9528395244470307e-06,0,1.4764197622235153e-06,10,1,1,1,0,0
612,7,3.9571269914883498,-1.407188561831439,-2.6047074112269595,4.0454079487241552,-3.4780020898598139,-4.8735672222333397,0.0519672048943,0.00149979167552,3.3857892144698364e-09,0,1.6928946072349182e-09,16,1,1,1,0,0
613,15,1.60992324974699,-1.7475678817775671,2.0626931724757767,-4.9477445765031884,-1.7480044950023617,-6.148251649142316,0.113867606596,0.0110490037224,5.0153673648031965e-08,0,2.5076836824015982e-08,20,1,1,1,0,0
614,8,-1.720459078864641,2.8295763976122483,-2.4477153847768927,-4.706090119521436,-1.7749055390812616,3.0972490317643366,0.419779667419,0.0143913780349,2.3930481964798676e-07,0,1.1965240982399338e-07,27,1,1,1,0,0
615,0,-2.5385027072209452,-1.2438664755316697,2.3690542046202716,3.5646817286526984,2.0233328363180116,-4.6556296537934427,0.0116327742536,0.175605415403,9.3937024804327339e-06,0,4.696851240216367e-06,36,1,1,1,0,0
616,10,1.8186154887536048,-1.6928253646208471,1.3550881092793878,5.139308471471459,1.6410272692789323,-3.667556248281779,0.411476924044,0.032352453589,4.8815060171915458e-07,0,2.4407530085957729e-07,8,1,1,1,0,0
617,11,0.340275831044973,1.2869957258947669,-1.978851285104916,-2.424686838774861,3.7749296710754781,2.3045980760894866,0.21991541717,0.0854899434789,2.2746684745650749e-06,0,1.1373342372825375e-06,12,1,1,1,0,0
618,3,-1.6632325967910637,-3.1323200276088121,1.0469122019236112,-2.9165803978447045,-1.8961167562311274,2.6795854390810492,0.0736014860416,0.257876536359,2.0262569418126979e-05,0,1.013128470906349e-05,53,1,1,1,0,0
619,13,0.70722818212939687,-5.9995339668675811,0.23007923851748568,4.5402725246772917,1.1282156468558673,3.754729558729383,0.38589615499,0.223704878243,1.5393151174657678e-05,0,7.6965755873288391e-06,60,1,1,1,0,0
620,3,-1.3714708244382863,-4.0418011576587016,-1.7546356016569908,5.1438723829256441,-1.8552777961693252,-2.1418582984744883,0.119264448644,0.0587671034113,1.0662423354519319e-06,0,5.3312116772596594e-07,10,1,1,1,0,0
621,11,-2.8543403872456143,5.1786534233813954,2.1009531201206082,-2.7266958029256245,-4.5963514467438467,1.4597672850162238,0.188729354597,0.00712332689717,5.1075601238736754e-08,0,2.5537800619368377e-08,15,1,1,1,0,0
622,6,2.3577803209589585,3.8710965403884949,1.0006881223937103,-0.2904990030400561,-4.9010539408666629,-4.0728434524955279,0.219228003473,0.00732899094111,6.4423170557429182e-08,0,3.2211585278714591e-08,10,1,1,1,0,0
623,5,3.3919633473715356,-1.6429789451374874,-2.6787560007494586,-1.7923192842279854,4.3840821064203608,-3.5934591951368851,0.08463915042,0.00905258499641,3.2126968615759882e-08,0,1.6063484307879941e-08,20,1,1,1,0,0
624,0,-4.6195464801842148,5.8569537615609786,1.0598547084123187,1.2580294702673964,4.7029107381161275,0.065920807857172511,0.27521939171,0.0603604828747,1.1855851327790132e-06,0,5.9279256638950661e-07,17,1,1,1,0,0
625,11,-4.8988987252085847,-5.0410204955695912,0.050558637213849608,6.1757280079997905,-1.6855276068212859,-5.5379278457438215,1.60630432924,0.0192734171954,2.6933681892905776e-06,0,1.3466840946452888e-06,22,1,1,1,0,0
626,7,-1.5966976413402327,-3.8448221905509916,1.8433174274280104,0.40893257199494154,-5.0462802174858723,0.074351027874272183,0.0383830486056,0.00327857350402,4.7476045361196415e-09,0,2.3738022680598208e-09,20,1,1,1,0,0
627,4,-3.2237566364821384,0.83002248289002756,2.068125043184168,4.8477162687647146,-1.0505431987948299,-0.73416817668057344,0.179749001042,0.0200461636292,1.5471981027910304e-07,0,7.7359905139551522e-08,11,1,1,1,0,0
628,11,1.8515937274363927,0.59618788132796707,-1.015443889106576,1.5934470231767397,-2.4962391913094719,5.9609268724804121,0.245051458908,0.0606943146274,1.1821998161547542e-06,0,5.9109990807737712e-07,22,1,1,1,0,0
629,12,2.3089825325881619,-2.9569617462480693,-0.54035391907625774,1.8009065651905034,1.6187036154666143,2.4100905118720011,0.0782807575958,0.0898485801606,2.4652334398001052e-06,0,1.2326167199000526e-06,13,1,1,1,0,0
630,14,-2.6733961971719968,2.1140485073733051,1.4105093253997383,3.7144434037112837,4.8579049754104258,4.6455210255379642,0.20696839847,0.0146914449718,1.0858410178901749e-07,0,5.4292050894508744e-08,21,1,1,1,0,0
631,0,-0.16310378906061329,1.4635397536874322,1.8186424452413397,-1.9660972243477972,5.0628196025998546,1.8803320989234715,0.0749316668305,0.00117605256008,6.0360709327817216e-09,0,3.0180354663908608e-09,13,1,1,1,0,0
632,10,-0.53665404830500507,1.6062100658244109,-0.31815157817418316,-0.81026318735314107,5.9273309835113128,2.9540461723085811,0.577652863615,0.0140004550257,3.9339172622933906e-07,0,1.9669586311466953e-07,10,1,1,1,0,0
633,13,1.3684698518959555,-2.4269922748436361,-1.3462314721654727,3.6372592830549322,-2.8814781972757224,4.4566029665139064,0.221084093891,0.0216482011828,1.9163548982263457e-07,0,9.5817744911317284e-08,23,1,1,1,0,0
634,10,5.2544742171281795,-4.7891332352950613,-0.47260069037154456,1.1961708350104703,-0.67959826917221844,4.253915634913298,0.386011558625,0.00168702036722,1.498718760586127e-07,0,7.4935938029306351e-08,13,1,1,1,0,0
635,13,0.66632979021376604,4.1110114236209006,2.2851631565220574,-5.7123656464882426,4.6254494754584456,0.9242993284833062,0.168614088809,0.038398390645,4.7756972400966461e-07,0,2.387848620048323e-07,39,1,1,1,0,0
636,10,2.3834591299897978,0.72111690723403998,-0.88181667102554573,-0.14695949882754319,5.8148794235185894,-5.4926314366927516,0.145912522369,0.314853930035,3.0218928304882089e-05,0,1.5109464152441044e-05,18,1,1,1,0,0
637,7,-3.2983424728257296,4.0428582210139332,-1.8387274205703983,-3.5690983592065684,1.4234655652284123,1.6287049123075721,2.54307618866,0.0533549212139,7.3344054154501407e-06,0,3.6672027077250704e-06,7,1,1,1,0,0
638,3,-3.4311447032795441,1.0958667397524315,2.7947235500830927,-4.2922591536034371,-5.2210478540481953,1.5248638648640567,0.369321381677,0.00547288671119,1.4552233286500194e-07,0,7.2761166432500971e-08,14,1,1,1,0,0
639,9,4.2296989673094689,4.849568427825047,-2.6905589456076147,3.5084672716589296,1.1677749846727092,-5.1304269971336058,0.536878154812,0.0868088560365,2.583767247096195e-06,0,1.2918836235480975e-06,10,1,1,1,0,0
640,9,-5.8759137117181419,-3.3037270895526882,-2.8072124442939779,-3.3135560985192534,4.0658148631541753,-5.992764744515485,58.1639187189,0.130438341524,0.0033882242505405727,0,0.0016941121252702863,60,0,0,0,0,3
641,15,5.9670206446169685,3.7574894553295879,-2.9233372109360225,0.84614546839193538,-1.9508339389399749,-4.3723327135134289,0.16919687047,0.00757235174805,4.6094499485830966e-08,0,2.3047249742915483e-08,21,1,1,1,0,0
642,2,-3.371346356510891,4.6714124127797785,2.6631365494318153,0.14275167298822997,-2.0635251298089892,-0.8479738062711073,0.178622920952,0.033333446891,3.7037225376674091e-07,0,1.8518612688337046e-07,22,1,1,1,0,0
643,2,3.060370672436926,1.866422596630734,-1.1845739315436981,-0.93066097652864854,-2.3268048190880362,4.8761208856165554,0.0418770621383,0.00107223351043,2.1039023204866648e-09,0,1.0519511602433324e-09,12,1,1,1,0,0
644,2,4.6336940811715586,0.8282448068041296,1.9087082534450646,2.3053065408374893,1.4971837777330401,5.7746938728588111,3.12192737714,0.520654523657,9.2322465836716615e-05,0,4.6161232918358307e-05,14,1,1,1,0,0
645,4,-0.97651132294444665,-3.1234931792512364,-1.7395881928924277,3.9473220912416926,0.12149197822630987,-0.37240212428884717,0.0438210167234,0.0470370419894,6.7588124149549849e-07,0,3.3794062074774924e-07,19,1,1,1,0,0
646,0,3.7772163129670484,-3.6321640970840985,-1.6849650459562797,3.1551355828408174,-3.854388350645694,-5.5679139340899235,0.320236721489,0.182264615337,1.0222061045147012e-05,0,5.1110305225735059e-06,16,1,1,1,0,0
647,6,1.0186171673075668,-1.4438219058416681,0.15925896595070976,-0.25816350414040307,-4.5148975904311124,3.0480076042908304,1.99241419204,0.00129076800674,3.9702218302635385e-06,0,1.9851109151317693e-06,51,1,1,1,0,0
648,2,5.0449315667919574,-3.4146695844077946,-3.0108848789259897,5.3403386158979194,1.121259015950701,6.0921822709114961,2.50425153612,0.00870135278363,6.2943394194161108e-06,0,3.1471697097080554e-06,27,1,1,1,0,0
649,13,3.3665557791498189,3.3665029631200278,-2.0679408105622219,-1.8872007246235922,1.4154031376331524,1.5457779197032144,0.0301576486241,0.06067966296,1.1225173717659245e-06,0,5.6125868588296226e-07,18,1,1,1,0,0
650,6,-1.1656229970340406,2.6473607039322737,-2.1433543480555817,-0.90414978346475361,1.0166471607090048,-0.85607096155393114,4.23436048171,0.948099336609,0.00029174807764500407,0,0.00014587403882250204,53,1,1,1,0,0
651,11,3.2266768691935672,-5.3737541275469098,-2.647212949621375,-2.4915323873591304,-1.9133817782382618,-1.6441279110829374,1.59848058505,0.130680122792,7.7571815661231326e-06,0,3.8785907830615663e-06,21,1,1,1,0,0
652,10,4.2065899237687709,0.41825858890328588,2.7174592200892769,-1.0092379123753032,4.2963841011785888,3.3285236952527479,0.100645317328,0.315263087885,3.0286302968552502e-05,0,1.5143151484276251e-05,11,1,1,1,0,0
653,5,3.5307835709571824,-0.43308939536213165,0.64385078134567963,1.2166346458070676,-2.0717261014908872,-1.7616334397967004,0.026959586996,0.0735035739382,1.6465063157899575e-06,0,8.2325315789497875e-07,19,1,1,1,0,0
654,4,-1.900387170574154,0.30428869577850259,-1.3941208145210338,-0.24416398254911215,1.6254869293134333,-5.680330629967604,0.0737776867446,0.00344115213222,9.0502827661860154e-09,0,4.5251413830930077e-09,43,1,1,1,0,0
655,6,6.1379971432739202,4.6344548774971566,-2.9068379875331525,2.379575970359888,1.6488064676360106,4.3708749562281728,4.99692976899,0.110865374001,2.8713399774135678e-05,0,1.4356699887067839e-05,50,1,1,1,0,0
656,3,-4.155546058215875,-2.8388201884345512,-3.0082703224992415,-4.6996925870451296,-1.4562366820530808,-5.9591615082276617,0.0324377372701,0.000424791866762,1.107174442988832e-09,0,5.53587221494416e-10,25,1,1,1,0,0
657,3,3.6332590391256159,-4.3244558764352918,1.4731565761535967,4.5522816278007729,4.508117928552986,-2.1954194099176796,0.0381217925504,0.00364788805361,5.5068416507388337e-09,0,2.7534208253694168e-09,26,1,1,1,0,0
658,15,-3.9843591916022105,-4.0555953547918211,1.1585113205971707,2.4029238723220203,-4.9114424409563782,-4.9040999163529726,0.0117171645509,0.0313021090036,2.9860814998741331e-07,0,1.4930407499370666e-07,22,1,1,1,0,0
659,2,1.9908913927633074,4.95667845201329,-1.2514240503565763,3.9038962717134003,5.1349359747974495,0.21556698673449581,0.0545871072805,0.00551942710139,1.2259640364652484e-08,0,6.1298201823262422e-09,57,1,1,1,0,0
660,4,-1.3848309404127064,4.2495147405651172,2.4115133070818393,2.0714385435451481,-0.91116642921235091,-4.627098358051871,1.35400934008,0.0166174573602,1.9174583135345567e-06,0,9.5872915676727835e-07,21,1,1,1,0,0
661,12,-2.3892790446746379,-3.2689169604470356,0.73479303120186235,4.0662311923703101,-1.4242950859304175,-1.6537031028615889,0.0380124175312,0.269191458461,2.2075254234624755e-05,0,1.1037627117312377e-05,15,1,1,1,0,0
662,7,-0.45707719375546341,-0.26268822209197562,2.8947180725626773,-4.3455123029430585,-4.8149452723708128,-1.2195816526070604,0.183694023148,0.00513569945221,4.1777903134188069e-08,0,2.0888951567094034e-08,17,1,1,1,0,0
663,14,-3.2969154835127901,1.0713436192893955,-2.5014496559947133,3.740844384323017,-3.5222686447381113,0.2583427510615286,0.560560595873,0.0986215001855,3.2769982210095964e-06,0,1.6384991105047982e-06,12,1,1,1,0,0
664,9,2.5335643788076916,2.556796540709513,1.9075354441926413,-0.16426133955508912,-4.8556088320501729,-6.1223643525419602,0.0152317472778,0.179302885046,9.7935372328642716e-06,0,4.8967686164321358e-06,10,1,1,1,0,0
665,5,-1.986346378784402,0.11624808025560029,-2.5386376026941173,1.0841747849634977,1.8994033309979299,0.8170987949062154,0.0392269283596,0.0279985080073,2.4033335842932213e-07,0,1.2016667921466107e-07,24,1,1,1,0,0
666,12,-0.38178790182712641,2.5563721439863372,-0.87549127648866665,5.8885306299992939,-1.3757605494888154,-3.9631436503239703,0.261728711694,0.000381196041838,6.8546182610777402e-08,0,3.4273091305388701e-08,17,1,1,1,0,0
667,2,3.8053416372529849,-1.9616137804874689,-1.6436101879807363,5.4661037904481651,4.5666998931751914,3.5773104871010832,0.0610702980973,0.0278047327479,2.3923027210752738e-07,0,1.1961513605376369e-07,22,1,1,1,0,0
668,3,2.7694468081897905,1.8110068534998549,-2.1439658839331193,5.0592171886391428,-5.2047108415080583,-5.1812695859450475,1.17043957746,0.0595379286803,2.449725957784857e-06,0,1.2248629788924285e-06,13,1,1,1,0,0
669,10,2.9650800975705054,-0.83186252511290071,0.79485372944261501,2.0353826597229592,4.9673504119997354,4.5266519570438355,0.0958871097819,0.0097883326316,3.8380176245744957e-08,0,1.9190088122872479e-08,25,1,1,1,0,0
670,10,-2.5352832055537178,-2.9337732152512337,2.4306796037235827,-4.0672637037062973,-0.92160522584819859,3.9598275818284123,0.217969044598,0.0598582312408,1.1389571099143932e-06,0,5.6947855495719661e-07,46,1,1,1,0,0
671,13,4.4368184956633039,0.89887789817324071,2.2000394431290498,2.3430488367444018,-4.4347076320340335,5.7548149610579777,2.05963570859,0.0492579324469,4.9812058731436495e-06,0,2.4906029365718247e-06,22,1,1,1,0,0
672,13,-5.3911223676415405,-4.8042679806490307,0.95077274083401708,-3.9556280729864799,-4.7602725821354275,-2.5526104080050227,0.0867769820279,0.00963998770647,3.5838147383561576e-08,0,1.7919073691780788e-08,16,1,1,1,0,0
673,7,-4.3106132746724057,-5.8653243125132581,-2.5745769888757306,-2.3257290502376389,-1.7421518079496356,-0.47150904815916234,0.339617070928,0.016686339139,2.0015557528729807e-07,0,1.0007778764364903e-07,9,1,1,1,0,0
674,14,0.035526038902729019,-1.1034161987877733,-0.78239728712947776,3.1277255430261741,-0.72730913335709801,-4.5661329060952021,0.0441583481094,0.0221754986492,1.5174641064325402e-07,0,7.5873205321627009e-08,22,1,1,1,0,0
675,9,-4.4796976006792448,-0.39233499117077969,0.94240847304618491,1.0958774104728721,-2.5231457696047768,-0.39591663030969637,0.432579498072,0.0703862164402,1.6962665725648166e-06,0,8.4813328628240832e-07,18,1,1,1,0,0
676,13,0.39278666795534506,-5.4336939533611819,-1.9897391915985698,2.5585131992159238,-1.6272531930354259,1.191365685655948,0.0687104577505,0.0103617759028,3.7426802701590519e-08,0,1.871340135079526e-08,58,1,1,1,0,0
677,12,-5.4217576153694713,-4.1860330577605396,-1.3127363585668737,2.5183501670644755,-1.524935278741941,5.4124940507398591,0.650630933704,0.0355558148669,8.0842281898667336e-07,0,4.0421140949333668e-07,6,1,1,1,0,0
678,8,-1.3773723012633239,5.7916075429368501,0.98523194070797493,-2.5175681219723001,-4.7752240179524508,-5.9815644922475117,0.246179705268,0.0302732885163,3.3977778249893247e-07,0,1.6988889124946623e-07,17,1,1,1,0,0
679,2,-1.0686213431916052,-2.354993402717009,2.2514966990261742,1.5234667299972557,-1.539131758474575,-4.1447098963506939,3.05592272655,0.0450163978752,9.9559636246720633e-06,0,4.9779818123360316e-06,28,1,1,1,0,0
680,6,1.1152813040745813,2.1989553071138892,-2.6084334850660698,2.3567976395373447,-1.9396088786796033,-6.1310746642121847,0.0406865348579,0.145656861688,6.4643946162198553e-06,0,3.2321973081099276e-06,25,1,1,1,0,0
681,0,-4.4899676638659285,5.0653126965913984,2.746948772328369,-5.8673550204182821,-1.7718060733206054,-0.20508890400209889,0.375502911229,0.0693671957427,1.6067629266584051e-06,0,8.0338146332920253e-07,20,1,1,1,0,0
682,0,-6.2831853071795862,-0.13784966821490513,-2.97486970056503,-3.2322691749199715,-2.8019323603950892,-3.8535160070175594,8.69507406642,2.07507987997,0.0013872736742797656,0.0075689999999999993,0.00073148183713988278,60,1,1,0,1,1
683,12,3.0723145326922161,5.8253237880460231,-2.896411369092168,-0.86008318327070366,-1.8417208732172126,4.2195236665726688,0.747278204553,0.159429098227,8.3010798251121938e-06,0,4.1505399125560969e-06,19,1,1,1,0,0
684,9,-4.2459114513544227,2.4768993600007989,-0.059055362454887184,-0.7500076753710132,-2.3295345852204039,-5.3868505044758752,49.442401218,0.00862477066764,0.0024445736976734002,0,0.0012222868488367001,60,0,0,0,0,3
685,10,-4.6509514839875061,0.34878898593279628,2.6672584612680437,0.38930719410733672,2.0864340426044725,1.8667890110261531,65.7448656427,4.22778635847,0.0097671731870727085,0,0.0048835865935363543,60,0,0,0,0,3
686,11,-1.1534263259011559,1.9981722587713919,2.4768568837041682,-2.3226982891003094,-1.5664856580722673,-2.8703714878086903,0.96306870998,0.194210730254,1.2417002615629811e-05,0,6.2085013078149055e-06,26,1,1,1,0,0
687,14,-5.3092936925940943,1.9820787073384942,2.0657695690253357,0.69185793874709212,-4.3780417166785321,3.5746976653444862,0.0339900764191,0.032421814752,3.2136125879778605e-07,0,1.6068062939889303e-07,28,1,1,1,0,0
688,4,3.4357192975119237,-1.3756880253627572,2.6889671751957342,-0.078647837681069865,-1.8998422202502296,-2.2834839081454019,0.0104579323462,0.276874130015,2.3351862624026227e-05,0,1.1675931312013113e-05,22,1,1,1,0,0
689,7,0.18298225991447759,-4.1266803169528883,-0.2735506013255824,-6.1336623686461991,4.7219581413782024,2.1133057191940923,0.00756958731434,0.3034078884,2.804202411858365e-05,0,1.4021012059291825e-05,10,1,1,1,0,0
690,7,-5.009090409212769,-0.52934144925343152,2.9771733051865343,-1.5513774717433613,-1.0750831561019261,-0.46339216210390505,2.81001369868,0.203525496048,2.0514230909240175e-05,0,1.0257115454620087e-05,20,1,1,1,0,0
691,8,-2.0604737490869818,5.6095174308763935,1.0555183258640699,4.3969794594995708,-4.0844173373651449,1.1724911740595267,0.0327583192668,0.0641134842273,1.2532148488756207e-06,0,6.2660742443781036e-07,16,1,1,1,0,0
692,0,-0.3417785594097118,-3.8131385244678597,0.32097607964418706,-1.3514456825390551,-3.8433709452768468,5.9186213055007624,1.71601377504,0.023081213774,3.1069859003310088e-06,0,1.5534929501655044e-06,12,1,1,1,0,0
693,0,0.31778448639465695,-1.1671637545205131,2.9701745459241042,-1.697222091714043,-4.1589738209483986,-0.64970834867397498,2.51680773882,0.0307698104613,6.6227272513572861e-06,0,3.3113636256786431e-06,13,1,1,1,0,0
694,5,3.481145701846196,3.5909201155268815,-1.5564441582292221,-1.8130784630763876,-3.6324509998600973,-4.7684713726945338,0.737836456715,0.00650396373282,5.5728842411663091e-07,0,2.7864421205831546e-07,15,1,1,1,0,0
695,4,-0.4040091194008309,-2.6144457299056456,-1.5462194892031418,4.9971349757441255,4.068259898539325,1.4870761371194079,0.0347756374063,0.00885099499007,2.5073107835991138e-08,0,1.2536553917995569e-08,36,1,1,1,0,0
696,4,3.2237146127931435,-0.78528032897253719,2.6283311146982915,-2.0615973687446179,4.3230739325491747,-2.5302595840027684,0.0531066051628,0.10222374207,3.1859789656399888e-06,0,1.5929894828199944e-06,18,1,1,1,0,0
697,5,2.2482837844473771,-2.7711090666004181,-1.344048191703354,-0.083483470181264716,3.9725910748862576,5.0583786444778225,0.0289128981899,0.00205138439697,2.1178399890911435e-09,0,1.0589199945455718e-09,13,1,1,1,0,0
698,2,-3.3942103858736807,-4.1000467879580027,-1.48671910672347,0.67886526315300755,-2.098043554840157,-0.6248354344610717,4.07259818624,0.0301031695799,1.6862100541745436e-05,0,8.4310502708727182e-06,16,1,1,1,0,0
699,12,-4.6338044058735335,1.0252850138075649,-1.1320304562007473,-2.6764519414849302,4.24089395962823,5.7559870052004785,1.54048820321,0.0201352877407,2.496604887585448e-06,0,1.248302443792724e-06,22,1,1,1,0,0
700,13,5.6465960480704975,-3.7172038416817421,1.6913136265921953,-0.1836774230272345,1.7919876074558874,4.6007276035931417,0.0612131385836,0.000337121068131,3.7816682922209765e-09,0,1.8908341461104882e-09,7,1,1,1,0,0
701,9,-0.12845710601743765,2.4826618514029479,-0.30895090136094816,4.0360432144242218,3.7579122915844065,6.2831853071795862,3.03544968275,1.43338374982,0.00063507754683102269,0.0075689999999999993,0.00035538377341551134,60,1,1,0,1,1
702,7,0.87583362719616975,-5.8950796384504232,0.50009619284013207,-2.1090710046767276,-4.0118812321297179,-1.9962187520887056,0.188886248141,0.00335080440011,3.9098225657229261e-08,0,1.9549112828614631e-08,20,1,1,1,0,0
703,12,0.91702485771401221,-6.1463824435459395,2.4267512006742189,1.5275809971648691,1.6530669439380659,-2.678208229494409,0.162708692231,0.00658512772642,3.9683520042619693e-08,0,1.9841760021309846e-08,24,1,1,1,0,0
704,2,-5.7943250326696614,-4.4891972190343408,-2.3678911968916028,-4.2870209250654625,-1.5042735327646553,0.92292869293736335,0.14293072525,4.01232585919e-05,2.0429682616612549e-08,0,1.0214841308306275e-08,15,1,1,1,0,0
705,13,3.7462106131999215,5.2023366333112131,0.81613306120253981,4.3416295196518808,0.7854631593816731,-0.64517810663397868,0.30775530825,0.00138932930809,9.5301313243696962e-08,0,4.7650656621848481e-08,9,1,1,1,0,0
706,0,-0.96592549407356165,3.8163814039850799,-2.3657968213597362,3.7574662598785813,1.7317683932625385,-1.076440623991499,0.920471095186,0.0716369625927,2.4105192860203939e-06,0,1.205259643010197e-06,11,1,1,1,0,0
707,2,-1.9213843820828358,-4.6654530687802716,-2.6296604364099996,-0.93102354341294047,-4.3596484937234905,2.7354374983366951,1.11430414497,0.105784148571,4.6504298025432724e-06,0,2.3252149012716362e-06,9,1,1,1,0,0
708,2,0.14670453898683733,1.5758406202034378,-0.85029760102668017,-5.2927988065979239,-1.2230321106546305,1.0738830793977234,0.563804275618,0.115667778841,4.3933624010007077e-06,0,2.1966812005003539e-06,13,1,1,1,0,0
709,7,4.2377089982204597,4.0420796140293911,0.34409654184312394,-1.7457004479325504,-1.8000781128717651,3.8132368530484131,0.173859107365,0.0659232630498,1.3540567092094749e-06,0,6.7702835460473746e-07,11,1,1,1,0,0
710,2,0.62831735757641127,-2.9839027634240982,-2.2067264764616907,3.4931224476900091,1.4487631898400448,4.0572942410947892,2.24568180626,0.0951563695819,7.8013166876280108e-06,0,3.9006583438140054e-06,16,1,1,1,0,0
711,2,6.1612949326240756,0.55354473431498197,0.1772745524909109,-2.6833249194929927,1.9873226731196125,5.2739438985143821,116.32804766,0.0197708084757,0.013532333742825088,0,0.0067661668714125442,60,0,0,0,0,3
712,12,-4.1151525427663769,-4.2288190514071315,0.90660192045715227,5.2492478166578254,-0.92599490782151628,-0.97783328410788783,0.030693675663,0.282925529766,2.4384608653677957e-05,0,1.2192304326838978e-05,11,1,1,1,0,0
713,1,2.0469104524878872,-1.2041915928446401,0.55202415780220915,-1.1680973607890504,-5.1708946673549834,2.0165282159551134,0.216152563614,0.045224352369,6.6973828601246207e-07,0,3.3486914300623103e-07,25,1,1,1,0,0
714,0,0.55673747036511834,-5.7188301933073884,-0.69287971505402024,4.7110226446431582,0.43876811429161711,-2.3533163197922167,1.11862026079,0.0532552990144,2.1152449381287099e-06,0,1.0576224690643549e-06,24,1,1,1,0,0
715,13,-2.1711571191261703,-3.423079896364785,1.2665142829252363,-2.7669546077025422,4.7635318579874513,-2.8107444098143808,0.22048302178,0.193179310541,1.1416400576760343e-05,0,5.7082002883801713e-06,18,1,1,1,0,0
716,1,-5.2999296484398402,4.0528319017267975,0.69785019630772105,3.6954692147660855,4.6684807911048765,-0.090406291523785612,2.5050828822,0.775214949284,0.00018933778188984883,0,9.4668890944924413e-05,20,1,1,1,0,0
717,5,-3.6844205018045426,1.2491382844238157,1.9508195762035225,-1.2890728477942237,-1.3789487595937853,-0.95215195802318475,0.329871465772,0.00868313118311,1.3178235259826561e-07,0,6.5891176299132803e-08,23,1,1,1,0,0
718,3,0.45679537684919108,3.6479750327380822,-1.2861530016062646,-0.8035614676083066,4.5155115340624663,1.2957738904696807,0.21571645028,0.0438353546129,6.3186763016608891e-07,0,3.1593381508304445e-07,39,1,1,1,0,0
719,4,-0.69889319224466717,-0.46619234304494722,2.1882835901934468,-0.26718547245776408,4.5300127322071067,-3.5110743871735806,0.0173737050779,0.042411548074,5.4822920358176039e-07,0,2.7411460179088019e-07,12,1,1,1,0,0
720,8,-2.2414128050396704,-1.2658786309265349,-1.9358232645862681,-5.9183444344243465,-0.91789537092274764,2.8253786112214154,0.0688292378428,0.0397831710815,4.8685566790547987e-07,0,2.4342783395273994e-07,10,1,1,1,0,0
721,13,1.3525055477655541,2.1758319720600956,0.56542311541257206,4.5434649301804688,-2.044490229465481,-0.9369551933570176,0.182100430771,0.00942707760406,6.0231853669422198e-08,0,3.0115926834711099e-08,27,1,1,1,0,0
722,2,-0.24647437754018714,5.355115539558458,-2.9117589554852645,-1.3256945343238449,4.0364729427684605,0.61896821158206228,1.02973129128,0.0215575932499,1.2019113329561489e-06,0,6.0095566647807445e-07,20,1,1,1,0,0
723,10,-2.3258979970389562,0.23442112269602591,2.6661161789315839,-3.2458536205111539,2.3137820660644088,0.40158734576658639,0.176667737557,0.0283792427596,2.765446994782751e-07,0,1.3827234973913755e-07,8,1,1,1,0,0
724,11,5.2161084693054631,-4.4249040267407285,0.29385517507789477,3.0951232609832195,-4.4023667877886572,5.4820802230365873,0.960743819401,0.0335987753179,1.2669044996165612e-06,0,6.3345224980828061e-07,18,1,1,1,0,0
725,15,1.7130220178361752,4.1717429932060623,-2.6678811984317456,-2.9501401801441016,-4.7292425254019026,2.8942823043340922,0.201882644978,0.0633123661405,1.2618020369299464e-06,0,6.3090101846497318e-07,18,1,1,1,0,0
726,7,2.0847301086669874,1.3980934384143677,-1.7118582785852281,0.31043434294607541,-5.4355761199662052,-0.35909961023251891,0.095023133715,0.20739528019,1.3111478233633589e-05,0,6.5557391168167945e-06,19,1,1,1,0,0
727,8,-5.534071589497243,0.88765436200402525,-1.2899377237306699,5.4407387908738922,-4.9248353188341474,3.6846748791373654,0.0841746740449,0.110143896502,3.7026058064640026e-06,0,1.8513029032320013e-06,9,1,1,1,0,0
728,10,-3.8947116714142718,-0.11743974386115402,0.024422718991572723,3.9045565056325739,1.1957453037103194,1.5830326032146247,4.45077056365,0.00421343079047,1.9814766482988882e-05,0,9.907383241494441e-06,23,1,1,1,0,0
729,6,-2.8109710534308427,0.9077044974892251,0.81915272546208739,-3.0845422269676077,2.7583419775748164,1.5120805129805324,0.177559681144,0.00467233620685,3.8177459681545072e-08,0,1.9088729840772536e-08,29,1,1,1,0,0
730,6,4.283949230459366,-5.010543942083026,-0.59448268023595796,0.032273437220126946,-3.360130312402529,3.6604622812826295,0.263588019133,0.32626461966,3.2495577137731872e-05,0,1.6247788568865936e-05,13,1,1,1,0,0
731,1,-1.3472429802895483,1.6295428122765603,-0.037202939369102107,-1.6594672574177134,-4.4918923034135361,-0.32394281102135319,39.2101333121,2.73352440592,0.0038135833371597126,0,0.0019067916685798563,60,0,0,0,0,3
732,7,3.0503048646952848,0.97187026300618951,0.0013931492678864177,-0.35105501746272372,-2.3236186292163539,-2.3228887755976482,44.9645074285,0.0268021833167,0.0020220257523482915,0,0.0010110128761741458,60,0,0,0,0,3
733,14,2.350160996613277,-4.4462387686831208,-0.19817795576848993,-0.4229655242560576,4.701184642610241,-1.5050863194241439,2.1281901171,0.0297220315409,4.7982919469614888e-06,0,2.3991459734807444e-06,28,1,1,1,0,0
734,3,-5.5301361265374309,4.7950469681962238,2.1542364894594801,-2.3921216364847049,1.6563497687350497,3.7169385702370858,0.0157773787265,0.030659950004,2.8659921077673231e-07,0,1.4329960538836616e-07,23,1,1,1,0,0
735,15,3.0698807442570386,0.089307747391148135,2.605330533231041,-1.6141896756367984,4.3880410739435103,5.0937794175995306,2.51819329346,0.166445565765,1.4780456953282725e-05,0,7.3902284766413627e-06,28,1,1,1,0,0
736,7,-3.7064291132745923,-0.17101412972660029,1.7673587666457844,4.1843713040757322,-2.7305055636171947,2.208908413026593,0.0272350305472,0.000765710805109,9.2034805344496533e-10,0,4.6017402672248267e-10,29,1,1,1,0,0
737,4,-0.34020744977109635,2.7552470447577835,2.4695961818385288,-5.712387896541105,1.3755523507029637,-1.4678015728620064,0.0538192824368,0.00440470048078,8.8065154047383702e-09,0,4.4032577023691851e-09,12,1,1,1,0,0
738,13,-3.1393180213549132,5.23705037122481,-2.3169064151658034,-3.7572788254704692,1.8322693487232518,-5.7019740415415123,0.144068017874,0.26084001838,2.0746167919151244e-05,0,1.0373083959575622e-05,19,1,1,1,0,0
739,1,-2.0944790629561916,3.5518044006284661,-2.3647026768690806,3.3374074668409079,1.478913297708613,-6.1254127606849069,0.0206607653128,0.102465113546,3.1986354651838946e-06,0,1.5993177325919473e-06,17,1,1,1,0,0
740,4,2.5355477212511484,-3.8526090948597362,2.2589767271867562,-6.1477156492785161,1.774075354060642,2.1197205167159061,0.109035531926,0.0042487301718,1.7387611958360557e-08,0,8.6938059791802786e-09,17,1,1,1,0,0
741,9,2.6848741214198633,0.17214392464662207,-2.7458892153183272,-4.2307309022283937,-3.9341544710912699,2.8719130078822928,0.112462119594,0.0102010059582,4.4346376227336674e-08,0,2.2173188113668337e-08,13,1,1,1,0,0
742,14,6.0444878924106566,-0.37042428314206349,-1.3901370344234731,-2.9068723506082015,5.0505449444167683,2.0173347248544284,0.422390033289,0.00565449933543,1.8815298348014642e-07,0,9.4076491740073209e-08,8,1,1,1,0,0
743,14,1.2068300321861216,2.8546078433485986,0.64117560552909991,4.2040747456488958,4.7159978812191943,0.63851780099662658,0.561376127327,0.189456788021,1.1249042600922827e-05,0,5.6245213004614134e-06,45,1,1,1,0,0
744,7,-0.18115966783370924,-2.4694897430003611,0.85394379534678078,2.9137346342327222,-1.0259933916222905,0.49885635070079681,0.289524585472,0.372879981115,4.2437672228004944e-05,0,2.1218836114002472e-05,35,1,1,1,0,0
745,9,0.40368183613709735,-2.8761621034201537,1.4607015242454555,0.57620116851800207,2.3595449739547534,4.0766487788199202,0.0681097909057,0.0959370101366,2.808310233553265e-06,0,1.4041551167766325e-06,28,1,1,1,0,0
746,2,-1.3497223439356794,1.0566392407080714,1.6731842105013057,-2.8449130690512661,-0.50892646231867034,5.891936368382332,0.0357179422628,0.0336949696825,3.4712345805971349e-07,0,1.7356172902985675e-07,25,1,1,1,0,0
747,8,4.5912660869245387,1.6578453959321966,-1.1115119958454758,-0.5175398657344128,-2.669762857556313,-3.3073163281669387,0.257285382537,0.254730607126,1.9832114097779577e-05,0,9.9160570488897885e-06,14,1,1,1,0,0
748,6,5.1321578132090053,-0.56333407862914064,2.4986020192658978,-0.88450927442075744,4.4243106427477432,-3.6483277499328937,0.151934683999,0.00535591811531,3.1822360511638546e-08,0,1.5911180255819273e-08,17,1,1,1,0,0
749,2,-2.7020667693045257,3.1251596996870794,-2.7478170055486215,1.1934714026431479,4.6509844200351669,-1.8631060670512429,0.13904606201,0.013635434632,7.5969824773609625e-08,0,3.7984912386804812e-08,17,1,1,1,0,0
750,4,3.8368890642149798,-1.0389477830882865,2.1740910393516262,-5.1774904604859637,5.0805022008202281,-2.8042347938151662,0.128674533022,0.0182703374916,1.1824002394834348e-07,0,5.9120011974171742e-08,12,1,1,1,0,0
751,15,-5.9920352117582789,-4.7681780366351649,2.0475751069621362,5.3220761317735414,-2.4387959357627391,-3.8580730290577279,0.0509499880442,0.0115939641307,4.3542576148611949e-08,0,2.1771288074305975e-08,9,1,1,1,0,0
752,12,-2.4225311955994964,2.6286479634685018,2.2565923672836519,-2.1664591555372157,3.8713372990281285,-1.1238851344394269,0.0766757544001,0.0140663819419,6.6151718590571308e-08,0,3.3075859295285654e-08,9,1,1,1,0,0
753,8,-2.9930029967739396,1.7139353577002496,-2.8048449053280882,1.2263211273300856,-1.3696050923120346,-0.38062752888691592,3.12517675757,0.189646535749,2.0722541558466094e-05,0,1.0361270779233047e-05,56,1,1,1,0,0
754,7,1.3367548828688236,0.064998132513712295,2.0498887538388462,-0.69206400066546192,-2.2103730753114834,0.014732013870285852,0.119199180871,0.103149035964,3.2552536011922156e-06,0,1.6276268005961078e-06,24,1,1,1,0,0
755,13,3.3606066952129479,-5.1967658811761952,1.9393717978361722,5.3003896657986003,-1.5351233979308621,-1.792806928542483,0.119661208427,0.0428897913506,5.746729670548086e-07,0,2.873364835274043e-07,13,1,1,1,0,0
756,9,-2.9357156292252453,3.969192550784939,1.2154436451036226,-4.1831943154681737,5.0233408902731638,-1.9928666476257508,0.0445667830486,0.00721219583552,1.7831107422193524e-08,0,8.9155537110967622e-09,7,1,1,1,0,0
757,7,2.6021911600197227,-6.1912963228031819,2.7928910731797476,-6.0120657487075624,-4.3541640412822442,2.9466002224433043,31.553519258,0.210027384599,0.0010090617095710741,0,0.00050453085478553705,60,0,0,0,0,3
758,8,0.36324413033102387,1.8042279160594572,-1.4210319364575221,-0.033023323892695459,5.2623711012072034,-5.0857798572368615,0.120024581642,0.0390872063166,4.7980334821664479e-07,0,2.3990167410832239e-07,58,1,1,1,0,0
759,12,4.5023952707047679,2.3013137977160034,-2.5481880429804771,-1.3049125540131834,2.0771897112658357,0.63471538065320654,0.499013390165,0.00855522518423,2.7130988457544e-07,0,1.3565494228772e-07,20,1,1,1,0,0
760,15,2.3615806829150201,-2.0090342059343143,2.2755178948483463,4.6127856283978694,4.1616279984048434,-3.5010294069881529,0.0696152345666,0.00982393819811,3.4244835483255071e-08,0,1.7122417741627535e-08,5,1,1,1,0,0
761,12,-0.38378593699129521,5.1256831865895274,-1.0320358745703362,-1.2279515435726571,1.2822781024802758,-2.0262893329193568,0.0604083506986,0.00142809496511,4.2704224238686475e-09,0,2.1352112119343237e-09,13,1,1,1,0,0
762,12,-4.2161124034191086,3.9989664907212412,1.3682652381818412,2.8603816265012676,-0.29538522477481183,5.9382596023495084,0.236188571715,0.054673079627,9.6633087238498721e-07,0,4.831654361924936e-07,32,1,1,1,0,0
763,15,-4.6095181887399663,-2.7680584073633971,-0.33990242456941305,5.2696331081687093,-1.9097645325165782,0.97760670766311208,0.655804399938,0.226917614435,1.6115318883150385e-05,0,8.0576594415751926e-06,40,1,1,1,0,0
764,1,5.10888777731203,-2.6036412636168955,0.69831004942753516,4.1847411992860089,5.556013137486258,2.472512787027803,0.0119012840759,0.205268399284,1.2835231881093028e-05,0,6.4176159405465141e-06,33,1,1,1,0,0
765,0,-2.4324190001486259,4.8861602393727184,0.2703155094526532,1.4104166175036663,4.3616511213836633,4.5396418604957134,1.05267252768,0.0201720913724,1.2320723210108521e-06,0,6.1603616050542604e-07,8,1,1,1,0,0
766,9,-1.7070352647910454,-4.3916068977236229,-2.4407599061217664,-0.8690645817023589,-4.4840358124416184,0.42897677652375749,0.0486299606795,0.000888097302925,2.6051299581799618e-09,0,1.3025649790899809e-09,16,1,1,1,0,0
767,0,-1.348771193980834,0.28945793305885459,-2.6360286091756135,4.2733749684735516,-3.583449065419563,-4.8133790962525653,0.0621487872946,0.801214494524,0.00019555139034633205,0,9.7775695173166026e-05,18,1,1,1,0,0
768,11,-6.1816349204382854,-5.1340077256447554,-0.19993072371890969,4.2826405013963109,-5.6310158017131968,3.9014057393140029,1.85551120407,0.0975879529276,6.3439179705231573e-06,0,3.1719589852615787e-06,14,1,1,1,0,0
769,4,2.2109417975400234,-0.53521118383846522,-1.559032257803878,1.0391559876546403,-4.5336949578233172,1.8936515735903885,0.0270336707136,0.000389005812817,7.769157424360563e-10,0,3.8845787121802815e-10,34,1,1,1,0,0
770,0,-4.8823087734318449,-4.871530915141383,-3.0187774679068831,1.8338664273237471,-1.3427618353330821,4.8359422166975392,81.3243693979,1.14928040742,0.0070160055923704076,0,0.0035080027961852038,60,0,0,0,0,3
771,10,-2.8625492112271855,1.6725103008517299,-2.7665045726611663,2.1339721993438743,-1.2737025237831081,-1.9169211691267534,1.27690215783,0.0233444612147,1.7964846084444449e-06,0,8.9824230422222245e-07,25,1,1,1,0,0
772,2,-4.5506162101720822,-0.81540348891880132,-0.6661411070951887,-4.4714980313914561,4.6959870023405017,6.034558309415087,0.192700799454,0.000390842086581,3.7180130716709611e-08,0,1.8590065358354805e-08,16,1,1,1,0,0
773,8,-6.1773551657212922,-0.5669349053662226,2.4547571136951412,-0.57047436679638741,4.3541915794065904,1.8118075892375916,0.803187758821,0.315217825977,3.0912591267576788e-05,0,1.5456295633788394e-05,17,1,1,1,0,0
774,15,2.8399950240319582,4.2578623304618102,-1.8079043933499788,-3.3092507807452045,-4.5019240064577462,1.1294303499352256,0.0179298589045,0.0034237200287,3.8921622337330952e-09,0,1.9460811168665476e-09,18,1,1,1,0,0
775,14,-0.53860656725836276,4.1914190433776106,2.5275166948253127,-4.8993034023768018,-1.5505624528402762,-4.0484173437195281,0.267942144889,0.00436508498878,7.7597163259366768e-08,0,3.8798581629683384e-08,22,1,1,1,0,0
776,7,3.9990700667121555,-0.18981928371756943,1.1986698442371153,3.434244014555015,1.5699004731813424,0.72619037315270196,0.312571002923,0.00104789402024,9.8035126736883113e-08,0,4.9017563368441557e-08,19,1,1,1,0,0
777,14,4.5224066458032555,0.54314233248255794,-2.1910414216403287,-0.037054776874265227,2.6029882178294121,-5.4139414886479535,0.06787759733,0.0197738349818,1.2371416533039114e-07,0,6.1857082665195569e-08,20,1,1,1,0,0
778,12,2.5000137026457501,4.4786577459396391,-2.4356110933814676,-0.96972784117542754,5.3773284689672636,2.6091500152193734,0.0477559292431,0.0267020024164,2.1947191483855425e-07,0,1.0973595741927713e-07,22,1,1,1,0,0
779,14,1.1393956061117496,1.7397920653144971,1.1704502561429841,4.5739837163041379,-1.8788568648763651,0.43716412612699779,0.681098928881,0.13802165876,6.2668509836991595e-06,0,3.1334254918495797e-06,14,1,1,1,0,0
780,14,-4.6984539343322931,-3.2477023460232881,1.8354336033215692,2.3847845895908688,5.0889753135243811,0.47784446542686143,0.0517419102994,0.0274345418117,2.3194877046941102e-07,0,1.1597438523470551e-07,31,1,1,1,0,0
781,4,-4.2148132204957074,3.9993211266760667,2.3059051128535346,2.2439148375873237,1.1744897414683624,-0.45706797454147063,1.0460187088,0.0455334379092,1.7257165980912319e-06,0,8.6285829904561596e-07,6,1,1,1,0,0
782,11,6.0377877667676945,2.428609606113918,-0.45143644233266883,-1.9358030811221227,1.0579840969386316,3.2991815140022238,0.633794744577,0.00606490886246,4.1290055720968815e-07,0,2.0645027860484407e-07,7,1,1,1,0,0
783,7,-5.0623885694510458,-2.4006377362838309,1.1181376676205876,-2.7817342740583499,-0.97469899899009671,0.5611223109763106,0.043994725007,0.00367214715437,6.0431996031537326e-09,0,3.0215998015768663e-09,31,1,1,1,0,0
784,7,-4.989285151410467,-2.7760705581930187,-2.3924368330074524,3.449288496102985,-4.4251633162280859,3.8024046823476501,0.253220998059,0.117951450779,4.3021243554937442e-06,0,2.1510621777468721e-06,23,1,1,1,0,0
785,3,-2.4461971684584105,-3.1850448528350754,-1.7761502782124583,-5.8363382737168328,4.6881375317483105,4.7048288994754017,0.557027130494,0.185156127089,1.0753414683054344e-05,0,5.3767073415271721e-06,14,1,1,1,0,0
786,3,5.0692960927538566,5.8858897984050174,2.2241231676180542,2.9199791551281145,0.7526005881678175,0.12691049158640574,0.157748330081,0.031372817892,3.2470535890882664e-07,0,1.6235267945441332e-07,26,1,1,1,0,0
787,1,1.5611527654899187,1.1566983885363762,-2.242470216458412,-1.1730005655152627,2.8309091030821385,1.9297371360607436,3.03476292313,0.238861479094,2.658967384908375e-05,0,1.3294836924541875e-05,15,1,1,1,0,0
788,15,5.5096262142316164,-3.4535868777883945,1.9876629656744556,3.4370290655206466,2.5412346361848863,2.9566697805518269,1.27369977749,0.136731369112,7.3172761335302028e-06,0,3.6586380667651014e-06,38,1,1,1,0,0
789,8,-3.1744114610734391,-0.43693828045096988,0.061668210502148241,4.028291327935472,2.1996256193067141,1.4709769430771178,4.96647776111,0.115321907657,2.8717051790440032e-05,0,1.4358525895220016e-05,16,1,1,1,0,0
790,8,-0.80088922133343432,3.8284082965466086,-2.2997078090001275,-3.1102156103665752,1.1921902362139651,-1.119596869415723,1.25050872645,0.0930741449168,4.2026107782613428e-06,0,2.1013053891306714e-06,7,1,1,1,0,0
791,4,-2.4753343405544594,2.8745603560646957,0.80505117416287897,1.4782789333668684,1.4888497673544119,0.49264534601555454,0.180575364414,0.029056086308,2.8978259275394675e-07,0,1.4489129637697337e-07,10,1,1,1,0,0
792,3,-1.5870656215132997,-1.0172990218348601,0.80121239810099543,0.2612976900853311,6.0008612771528016,4.1938937235030203,1.66729687564,0.00840946245463,2.8014211287443069e-06,0,1.4007105643721534e-06,31,1,1,1,0,0
793,1,0.55352391341373774,3.5455247014565145,-1.2059366215977738,-0.67046133286192133,4.7213505033144312,-5.1507454651015214,0.590461635037,0.0359085242344,7.4142537943437719e-07,0,3.707126897171886e-07,34,1,1,1,0,0
794,3,3.7249124937720386,-5.2682212462704241,-1.8971501527984462,1.5972342269720994,-4.9438679473222438,0.70181731355027777,0.0739763926265,0.09690968551,2.8662830889334426e-06,0,1.4331415444667213e-06,7,1,1,1,0,0
795,5,-0.028039657232190079,4.6149792094744724,-0.81888479023538419,3.8999570065802667,-1.336314251594247,-4.4616081342993796,0.324071764095,0.0010959779297,1.0538840486574381e-07,0,5.2694202432871906e-08,17,1,1,1,0,0
796,11,-4.664516417895463,-0.30667714836572751,-1.5951702464793986,-5.3986229862553596,-4.4615083928856825,-3.4122733552824522,0.10997099738,0.00325153354604,1.5314178919041072e-08,0,7.6570894595205361e-09,18,1,1,1,0,0
797,2,-0.19107239491182793,-1.4425318803318581,-2.0988331270872425,-4.6603288629069386,-4.2122611029156785,4.9287421547019985,1.32087085918,0.0249238629522,1.9339278462559461e-06,0,9.6696392312797303e-07,9,1,1,1,0,0
798,9,5.8528265332372857,-2.9056179015812709,1.1276312284656862,-2.445561283784718,-1.4613263869159356,1.5180857700710084,1.30508853358,0.0727272630439,3.3144552271709072e-06,0,1.6572276135854536e-06,52,1,1,1,0,0
799,1,-5.6899631128282353,1.8588187237308906,-2.0008614829497162,-2.5884962154844859,1.9959098174290364,4.5737166223046142,0.0338266118026,0.00314776415999,4.162516759017361e-09,0,2.0812583795086805e-09,12,1,1,1,0,0
800,13,-0.7661434529446205,3.1771180842743272,-1.2644320844757733,5.3748243625756231,5.0834308624546294,2.8610975121081941,0.0474932008899,0.0102131704797,3.4029897258393248e-08,0,1.7014948629196624e-08,17,1,1,1,0,0
801,4,5.1258097297428673,3.2408080453605019,-1.1816936191162701,4.1047485500755458,2.4704372569808872,-5.283299889008906,0.692814354424,0.0527806961029,1.3285955107542524e-06,0,6.6429775537712622e-07,28,1,1,1,0,0
802,1,4.2847485381378601,-2.7502685053362459,-1.3289176911020428,-0.88928676538259677,4.5872373494555312,-3.5820047278713791,0.0103702706018,0.247315701109,1.8632049086878121e-05,0,9.3160245434390604e-06,14,1,1,1,0,0
803,3,0.30566287589529822,3.283551982743774,-2.6532702206781575,1.2401847540935704,-1.837722833544621,1.5320788931964113,0.183688509618,0.00111644741998,3.4121160423422535e-08,0,1.7060580211711268e-08,40,1,1,1,0,0
804,7,-2.0411249575861046,3.2111636644204773,2.3114392789660978,-3.4756253253399931,4.0532342426313051,3.2534529770684806,0.0592285546812,0.00704685296847,1.8634755180639996e-08,0,9.3173775903199979e-09,39,1,1,1,0,0
805,0,3.9821818113057335,0.13882348904596753,-0.12842338932209774,-1.7622176209557321,1.7526898878862112,-5.5251357075854868,48.5977639547,1.83884271532e-05,0.0023617426614963946,0,0.0011808713307481973,60,0,0,0,0,3
806,11,1.9482147465994875,-0.45080469615073598,-2.3201059720225858,1.1551999195459928,1.1187410522731491,2.6173104567758161,0.803587237264,0.0274659628877,8.7554946816112759e-07,0,4.3777473408056379e-07,15,1,1,1,0,0
807,4,2.9849141557704608,0.98167926417290852,-0.055490546415720043,-0.46382333235149187,-2.1321227649449419,-1.6402089005231524,121.545060442,0.488129807044,0.014845783126224229,0,0.0074228915631121143,60,0,0,0,0,3
808,3,-5.7275183125566347,-1.7398514487129593,1.1740307586608831,-1.2189317172314709,1.7074895439825055,-2.6948405098386408,0.126256307441,0.0157980587708,9.1966662893910064e-08,0,4.5983331446955032e-08,12,1,1,1,0,0
809,14,5.5535324749675681,1.3380060561889049,-1.6472477615908143,1.6311938325206661,-1.8502725229997581,-4.1232981001007136,0.0509372385686,0.16505041428,8.30087246255008e-06,0,4.15043623127504e-06,7,1,1,1,0,0
810,1,-1.1622772100227305,-1.9625988180055991,2.627488697145008,5.5150673517842321,2.2976334217204708,-1.4729691891203383,0.29363642709,0.012790735873,1.3605865194557583e-07,0,6.8029325972787913e-08,12,1,1,1,0,0
811,11,-3.5547818415874035,-1.8748010325877393,-1.5317289406824306,-0.18440842756984183,-1.9220197460159656,5.8447949796453118,0.0223920033793,0.00487560839804,7.7426322494652208e-09,0,3.8713161247326104e-09,10,1,1,1,0,0
812,5,2.7215161212526695,-5.1911300049201721,-2.8037840144455748,-1.7454247729260666,1.3050160147939327,-5.3977446250074212,1.71417394574,0.151112816324,9.8943564587328367e-06,0,4.9471782293664184e-06,7,1,1,1,0,0
813,3,-3.1351140431676354,-3.0009657791069655,1.7487172608492929,-1.5217878750337903,0.63997214844101236,1.3644832338512829,3.28052863479,0.00222757907353,1.0763379668360827e-05,0,5.3816898341804136e-06,8,1,1,1,0,0
814,5,-2.0185595888866286,-3.2740730782085761,-2.771910049571749,-3.9785099175303773,4.4315727646685126,-3.0075363003770565,0.117021131858,0.0127433913919,6.3161993931581587e-08,0,3.1580996965790793e-08,9,1,1,1,0,0
815,0,1.2120290809407903,-2.1536449073400044,-1.3958591973103036,-1.9901063565017687,3.5041076825405022,4.9840551139687772,0.222300461163,0.00281813005873,5.1836723029235756e-08,0,2.5918361514617878e-08,15,1,1,1,0,0
816,8,-2.0853341449225744,4.5872267805579989,-0.35458483988916545,-0.93725793101775179,4.8412918770320648,-3.0556477287662314,0.199409871308,0.249527796474,1.9006500246006569e-05,0,9.5032501230032845e-06,46,1,1,1,0,0
817,15,-2.3778568607521917,4.4869578223653335,-0.26615031286802238,0.70945021206078396,-4.7355221185740204,1.2311312847611362,0.0119245189059,0.102459727598,3.1980145814214039e-06,0,1.599007290710702e-06,18,1,1,1,0,0
818,9,4.2985400006688383,-2.2276360449623223,-2.3398363893700163,0.43841110208438755,-1.9703033133029053,-2.9625345900727895,0.119227335379,0.00288677096967,1.6753670512275799e-08,0,8.3768352561378993e-09,17,1,1,1,0,0
819,15,-1.6006019115722814,-2.2558840273773999,-2.7668010290702005,4.0770372665067418,-4.8053726369870811,-0.12144088078116444,0.244572626514,0.0227635893681,2.1766272912328578e-07,0,1.0883136456164289e-07,13,1,1,1,0,0
820,7,-0.2270546560063873,1.6957767469147162,2.6401414037832689,-1.865548445020879,4.7092643290119591,1.5380068357427727,0.0202406005996,0.0386144456645,4.5461722722626476e-07,0,2.2730861361313238e-07,12,1,1,1,0,0
821,6,-3.3988671585992978,-2.2810884049828859,-1.0147517304797575,1.0210541582090842,1.3533508249016826,1.2870081885581435,0.527900190529,0.00932964684201,3.0519321510460879e-07,0,1.525966075523044e-07,24,1,1,1,0,0
822,8,1.704660404597923,-1.9880068392573471,0.72244990285060662,3.0354526869673539,-2.3546218210307015,4.5308382174656048,0.471949176986,0.00115854948262,2.2314489440030922e-07,0,1.1157244720015461e-07,32,1,1,1,0,0
823,6,4.8129752297308634,0.5741311220559695,-2.2558746115948303,3.2146740019008693,4.856686091174292,-3.36011094352616,0.854509448337,0.0090463457789,7.5511518176536774e-07,0,3.7755759088268387e-07,9,1,1,1,0,0
824,9,-1.7215881079545929,4.6579322222139377,-1.7561824759829274,3.5262880358744084,-3.0102819310205513,-4.6717860030624818,0.0994757742859,0.00236967299566,1.1605963130373559e-08,0,5.8029815651867794e-09,9,1,1,1,0,0
825,6,-4.9092775688649315,4.8110741044601015,-1.4970821332920414,1.0753980238342367,2.2277004477090321,2.7022915594038337,0.395905406236,0.0167095000736,2.4179252623931243e-07,0,1.2089626311965622e-07,21,1,1,1,0,0
826,5,-1.2271779247584567,1.5619318596945622,1.0184755635561962,4.9992647837048638,4.5811339950576313,-3.536891188432763,1.33063015734,0.00199477662098,1.7717887290854457e-06,0,8.8589436454272286e-07,20,1,1,1,0,0
827,7,-5.212557170137349,5.0293528641814902,2.6757218820225521,0.47102087490827649,-3.7702434456384348,-0.31915586537997864,0.0652312464235,0.00430537065462,9.9015699447896184e-09,0,4.9507849723948092e-09,12,1,1,1,0,0
828,12,4.6681725246518004,-4.6155191528639419,2.4519506933780431,0.42228377960479568,-4.6511864576262161,6.1131469888085377,0.0281389127844,0.0261267118989,2.0872519498591993e-07,0,1.0436259749295997e-07,13,1,1,1,0,0
829,11,-5.6438889206674778,5.9889162585332718,0.20808687871294707,5.0817921168012985,-4.3430929341117981,-2.1849147689674093,0.660764158808,0.312905197572,3.0261598087603823e-05,0,1.5130799043801912e-05,20,1,1,1,0,0
830,4,1.5214185026049059,-4.7679499394823157,0.96119222308526875,-2.3895551634977918,-4.6246846439744633,-3.8996775013483558,0.237341992229,0.0455466035817,6.8825795609950275e-07,0,3.4412897804975138e-07,12,1,1,1,0,0
831,5,3.351248584749456,4.123457322170796,-2.6422874338084998,0.63105250725219464,4.4723090700638668,4.3042691932912005,0.0454936951982,0.177980889469,9.6514956974021583e-06,0,4.8257478487010792e-06,20,1,1,1,0,0
832,7,-5.9002565219464405,-4.0240582918276058,-0.8463625628403223,3.9578007543591935,-4.0329966584595747,5.097785491940857,0.0422942397609,0.0559471252822,9.5526594806566742e-07,0,4.7763297403283371e-07,14,1,1,1,0,0
833,8,0.8615287222283704,0.43478962026796258,2.3469853124204398,-3.0729083112025202,-4.0128956391708952,-2.1631835431463609,0.468208852804,0.493934084867,7.4536999557457209e-05,0,3.7268499778728605e-05,26,1,1,1,0,0
834,5,3.6517345871236788,-1.7942077405349275,1.4494890335638095,1.9599975113482784,-1.9653693084158408,-1.9713728194477442,0.227043725529,0.0181391632318,1.5177689226279896e-07,0,7.5888446131399481e-08,20,1,1,1,0,0
835,10,4.5382722227596064,-5.8392921325579756,-1.6493551679542959,-4.3497424789961929,-1.9142575147682261,-3.6864494949798972,2.61019574297,0.0481000088683,7.5178879850803796e-06,0,3.7589439925401898e-06,4,1,1,1,0,0
836,0,4.6389855201725503,-4.3657714713941216,1.9288564546777316,3.5297729222093506,5.4469030994414851,-2.5718738347886614,0.102187471034,0.0260536500973,2.1721435502170304e-07,0,1.0860717751085152e-07,20,1,1,1,0,0
837,6,-2.1797074635450095,-1.1500011730424768,-1.3424864366770979,-3.0263815196444828,4.7237440990950832,-2.7630853020497836,1.10218758933,0.113280742979,5.1238286638655833e-06,0,2.5619143319327916e-06,16,1,1,1,0,0
838,1,-1.7298314302718734,-1.6133759881205101,-0.99224154989622182,-4.4610361294577778,-4.8209652936620886,-0.23117149684280197,0.181444285057,0.170561469714,8.8946128653717838e-06,0,4.4473064326858919e-06,33,1,1,1,0,0
839,8,2.1159623778248218,2.9298549330699233,-1.5789090820740723,3.5446916074162282,1.2785989563101712,-3.415795686646157,0.527306130476,0.00930734743528,3.0443976203515602e-07,0,1.5221988101757801e-07,19,1,1,1,0,0
840,11,1.1220637112962824,-1.214127424329333,-2.1655373974740502,-3.8591422545452816,-4.8650264979170359,-0.87948376192882904,0.0652564986169,0.000614487095506,4.3734324407167458e-09,0,2.1867162203583729e-09,14,1,1,1,0,0
841,2,-2.4828995248053296,-3.4867722354608981,1.4591652581042052,1.0494343987897954,-5.3479520379893879,0.57343066401104903,2.66744273826,0.0863916959044,9.3887705268520929e-06,0,4.6943852634260465e-06,32,1,1,1,0,0
842,0,-5.6716548349597522,2.6541820258222222,-1.34036213802099,-0.26050510740092814,4.1540118408372058,1.011085225159519,0.0512679064418,0.00739285884829,1.9277068948448413e-08,0,9.6385344742242067e-09,14,1,1,1,0,0
843,3,-2.9138314056243826,2.2477238505311448,-0.87371250672287804,0.12822985170980028,-1.464938266089586,-1.9512796687506044,0.243270049284,0.0398528314673,5.4298837822118604e-07,0,2.7149418911059302e-07,12,1,1,1,0,0
844,15,-3.71148589049039,-4.3725308816384914,2.4639053936968751,-5.1198372154369691,2.1316810485331854,2.7356193165762717,0.0338776223386,0.00297484320391,3.8434636650286572e-09,0,1.9217318325143286e-09,30,1,1,1,0,0
845,0,5.1714049218173441,1.184851272542027,-2.1801381983158348,3.5455925988196499,-4.7152668897422805,-2.2895129831747165,0.0276439553712,0.00705041493696,1.5906217826022298e-08,0,7.9531089130111491e-09,11,1,1,1,0,0
846,2,4.8591499439243222,2.5407773390946633,-2.8524874144429702,4.057148986800482,1.9813546521689842,-2.2550584715164299,0.013063074763,0.568791797106,9.855124980046807e-05,0,4.9275624900234035e-05,44,1,1,1,0,0
847,14,1.0648883438290164,-1.3356336806884983,2.5283046572322392,-2.8605289480278637,1.6058034544124284,-2.4962320072217326,0.159445687305,0.00181632221041,2.6427868101332849e-08,0,1.3213934050666424e-08,20,1,1,1,0,0
848,3,-1.6171861879825391,-4.1358438882858302,1.1329718186220048,2.5902341206409343,2.390744098832212,1.1850402137491778,0.0143429908377,0.00192731813517,1.3372396050724979e-09,0,6.6861980253624893e-10,8,1,1,1,0,0
849,5,-1.4843283309987974,-1.6551885679133631,-1.2204363298466694,-1.3885581896279362,5.4664889129725802,-3.3210612523770235,0.0598761683841,0.0122873603544,4.9576057342214905e-08,0,2.4788028671107452e-08,15,1,1,1,0,0
850,13,1.2175826573227055,5.6481505440591651,-0.9059554978954113,0.69763038384144638,1.103042264969617,2.8609646467379775,0.071346056468,0.00510752765968,1.3036765297461575e-08,0,6.5183826487307877e-09,56,1,1,1,0,0
851,15,1.0395004928563243,-4.2851311475676326,2.005387070716659,2.1970567224388633,-4.4898990550517963,4.7784447326020851,0.613456526213,0.0180802402175,4.7590684728986476e-07,0,2.3795342364493238e-07,5,1,1,1,0,0
852,8,1.646129444241988,-0.69950437566581303,-2.2768391901747727,0.739856616930754,-3.7769528507894967,3.3629869808495805,2.57521261494,0.566956087908,0.00010454770144506996,0,5.2273850722534978e-05,18,1,1,1,0,0
853,13,3.1561104981707326,-4.0966184381854331,2.5850248810859235,0.93800778012519126,1.4069622618344382,-5.1587528829993516,0.259586805107,0.0368340240675,4.8067357081400889e-07,0,2.4033678540700444e-07,54,1,1,1,0,0
854,7,0.60319960442793163,4.6531998326188173,0.81564645417580961,2.5356747328209757,4.3485472160448406,1.1816936262854667,0.0585181527494,0.00123990857783,3.8926848834257673e-09,0,1.9463424417128837e-09,24,1,1,1,0,0
855,7,-4.8522546269276789,-0.80620380720234219,0.23449422143578436,4.5875233373780659,1.5343476291879266,2.7311092745653114,2.85079182305,0.00631375228534,8.1391571250840326e-06,0,4.0695785625420163e-06,12,1,1,1,0,0
856,10,1.5458058903871168,-3.3040942845097931,1.7200237128576674,-0.024894775040313386,-5.2079073228330079,3.1629901381573262,0.108146497606,0.0196616887601,1.2945527781314238e-07,0,6.472763890657119e-08,29,1,1,1,0,0
857,8,3.0844228530605502,-0.86304109191654355,-1.8864367997557594,4.1647937960017885,4.630759667790656,5.7772246111943506,0.0578985441944,0.00043237231839,3.4091883736817191e-09,0,1.7045941868408596e-09,17,1,1,1,0,0
858,14,-2.8464691798639494,-4.8086617220193038,0.96459818352895454,-2.2523418127771162,-4.3055404444972059,2.368457640449924,0.0738589315617,0.0865207237177,2.2857710771313284e-06,0,1.1428855385656642e-06,30,1,1,1,0,0
859,11,-1.7117538953482654,2.0597371487079519,-2.9764838779708707,3.6578379511790855,4.2316581138415152,4.0722802108725853,0.0410496667671,0.216678242366,1.4303308658403969e-05,0,7.1516543292019846e-06,31,1,1,1,0,0
860,2,3.8994001042392648,-3.7855344654391452,-2.0728454110898622,4.2279644061673816,0.98309455262399947,-5.6474959232647572,0.0646372766594,0.00286197776918,6.673073460406037e-09,0,3.3365367302030185e-09,19,1,1,1,0,0
861,10,4.8343765974701984,-0.21182791882393376,2.2193023743114222,5.140315244099809,-2.2937241251021838,-3.7734249801127584,0.0575001840415,0.414190065425,5.2261463471440581e-05,0,2.6130731735720291e-05,18,1,1,1,0,0
862,12,-1.6830718408291006,0.8281139337826291,-1.4358249803898324,-1.9995735162546229,2.2111583291445602,1.2646151917555737,0.0269863299322,0.0020008335152,1.9477475069931868e-09,0,9.7387375349659339e-10,11,1,1,1,0,0
863,3,1.6713473421603497,5.8681533122222493,-2.2773452129136702,-0.59420807024500344,4.5765758073665301,6.1416238654937567,98.7921219017,3.16594547166,0.012813127940249646,0,0.006406563970124823,60,0,0,0,0,3
864,7,0.11863715032738303,-3.1692185903284815,-0.92688755076934626,0.92012329765301026,2.1502203549617378,-2.8090109800688441,0.160312226169,0.00669260576546,3.9344120158933441e-08,0,1.967206007946672e-08,12,1,1,1,0,0
865,14,3.6913638172218626,1.4176148705968401,2.279440524263928,2.1888706574651802,2.5034890899872728,1.1796442917890158,0.0144791533589,0.0892024640156,2.424074698543877e-06,0,1.2120373492719385e-06,19,1,1,1,0,0
866,12,-4.4342490722461072,-0.35496556556651365,-1.8200517171731394,-0.049770063689615097,-4.6546875568602744,2.2872573522082837,0.0568583580839,0.00415776519006,8.4987976850725685e-09,0,4.2493988425362843e-09,16,1,1,1,0,0
867,3,1.0928138937786009,-3.4639024232493956,1.1886779131798577,-3.2151818548856057,-1.8328638391027758,5.7913453076539643,0.738959414009,0.0268163153343,7.6511590074367964e-07,0,3.8255795037183982e-07,11,1,1,1,0,0
868,9,-4.0602318207408983,-0.99855975128037722,-0.34594747736961362,1.4109971693659462,2.2263804993621643,0.3820940978692251,0.70594917986,0.275399423581,2.3602024473678081e-05,0,1.180101223683904e-05,57,1,1,1,0,0
869,10,-2.5491271158751814,-4.1953921433281129,1.7822509531965609,-2.5044044359375937,4.9475169390449825,3.569241717027861,0.0280745451673,0.142568161439,6.1923445769434023e-06,0,3.0961722884717012e-06,40,1,1,1,0,0
870,5,-3.7905959836949097,-4.2431316426025081,-1.6484271617923867,-5.9893323549291146,-1.6728944203060605,-0.99616772157610733,0.0820549621637,0.00261842128306,8.8215134507540421e-09,0,4.410756725377021e-09,22,1,1,1,0,0
871,2,-2.2968777623854959,-0.56465692843912607,-3.0237665194217986,-2.0512032016970565,3.9520365248221281,-1.9690757271293604,2.35240989142,0.0835026804716,7.6578374630929286e-06,0,3.8289187315464643e-06,48,1,1,1,0,0
872,5,4.1673971668494794,-1.8215564981798145,-1.2931841103972332,1.4886889680745075,-4.8291066816204387,0.69576527891094664,0.053328974472,0.00565397006688,1.2581799574871092e-08,0,6.2908997874355461e-09,16,1,1,1,0,0
873,11,-4.3419692965692285,1.0594441399835437,0.065620438288578303,-5.8439757411420814,-1.1279749786535926,5.7502886559373376,0.509208185737,0.15410603146,7.4935512299412608e-06,0,3.7467756149706304e-06,16,1,1,1,0,0
874,14,5.1218343291393618,-5.0682515908266836,-0.10494387134903815,-1.5873199414696613,2.2254665762262511,-0.5246409582364927,22.9495172996,0.00145990741507,0.0005266809935248818,0,0.0002633404967624409,60,1,0,0,0,2
875,6,2.3636838823216388,-2.5583523918987376,-2.9656063669313197,-5.2603831479680245,4.4374040503760703,-0.9542139643876294,0.33905058619,0.00963978444397,1.4326200901810507e-07,0,7.1631004509052537e-08,12,1,1,1,0,0
876,1,-2.4401208701886534,-3.3075925457160191,2.6436283750771121,-5.5441739280449092,1.6188780841299242,-0.404138373103203,0.154758537374,0.0193358292327,1.3783882707932625e-07,0,6.8919413539663126e-08,6,1,1,1,0,0
877,10,-1.1049568977571114,-1.8855236525563011,-2.5828220622488325,-2.1402661390583533,1.8718502404231436,4.8069863063102893,0.215340284594,0.0299154868232,3.1898464054849016e-07,0,1.5949232027424508e-07,21,1,1,1,0,0
878,10,5.8812864246623962,0.81322141640398204,0.53602028148532088,-2.7417383617872781,1.7145026624176725,-0.42125686289602465,0.382033693355,0.141433561128,6.2393497429151623e-06,0,3.1196748714575811e-06,13,1,1,1,0,0
879,10,-2.2299720346225227,-5.7726545862804297,-0.7285504430581704,-4.7073955781272145,-1.4371490803598017,-2.0255533564895911,0.0372083096178,0.209558488254,1.3378585339784087e-05,0,6.6892926698920435e-06,14,1,1,1,0,0
880,3,-1.5511306773799993,-4.5487940410621759,-2.4529419881975585,-5.1078423389441303,-1.5372609983460441,-3.9340152139469868,0.0282024127374,0.0508707519094,7.8909450917759113e-07,0,3.9454725458879556e-07,19,1,1,1,0,0
881,1,2.3304677125964757,-4.5155574751232743,0.99549982257124447,-4.3112675814964598,1.6430423783537964,-3.7626668922098467,0.291118923214,0.0298943430971,3.5697820983247121e-07,0,1.784891049162356e-07,16,1,1,1,0,0
882,6,0.13035927235057659,5.4715902721297631,-1.869730820482294,-5.6034123843994861,-2.8433682349964569,1.223652028755464,1.81827659976,0.604270249799,0.00011453490659596484,0,5.7267453297982421e-05,27,1,1,1,0,0
883,15,0.17136142726273251,2.0570526448544579,0.54355150105983119,-0.026801665550287228,-1.4956378994470039,0.48436421219253156,0.0154935470206,0.108254532313,3.5700649244828665e-06,0,1.7850324622414333e-06,10,1,1,1,0,0
884,8,-5.2106217755157562,4.0897979715019774,-0.44834886145046393,-5.0329858630238329,-4.7955092230899945,3.6847971485115831,0.182162826887,6.19834267681e-06,3.3183307202579022e-08,0,1.6591653601289511e-08,17,1,1,1,0,0
885,4,-3.1973879598171746,-5.5505670679251908,-2.1154311458855424,2.1881762295543239,4.6374043762758115,-1.0989328799326694,0.697334283863,0.0282717410851,7.2975317031278337e-07,0,3.6487658515639169e-07,32,1,1,1,0,0
886,7,-2.8740781682145808,-0.70954619927465556,-2.3867189048191895,1.6325486881494444,2.8828569379427167,-5.0775049123434499,4.50670996448,0.142019086487,2.6454391665215395e-05,0,1.3227195832607697e-05,41,1,1,1,0,0
887,0,0.64741050113394571,-4.2654779881471319,1.945313402194605,-5.2955278622676092,-4.3968940324201453,4.1619622600859776,0.0557167795759,0.00153180056952,3.8191177954897403e-09,0,1.9095588977448701e-09,11,1,1,1,0,0
888,2,6.0383047823243299,2.4533498457523502,-0.85741500136956827,0.89158375507460497,1.1191132994893795,5.5479247417062867,0.30595864678,0.147761235656,6.7444394159279311e-06,0,3.3722197079639655e-06,10,1,1,1,0,0
889,4,4.0799564136330071,-4.594945692898321,-2.7977956296066457,6.1363187631061313,-4.2508958760731819,-5.2130048771325965,0.257316820028,0.0112160410435,1.0453268833085579e-07,0,5.2266344165427894e-08,9,1,1,1,0,0
890,6,4.1420125648104502,-3.0417909594726749,-2.7534322604932115,-2.370553724295521,-4.7079540356338327,0.058094726351694527,4.24825668894,0.0168664456264,1.8134341541205958e-05,0,9.0671707706029789e-06,18,1,1,1,0,0
891,8,-5.8844892479492419,-2.2339102555877006,1.6855727921845274,0.94400888885487944,4.7239851153796675,1.0562517948456132,2.23787124251,0.27104320113,2.73866088137676e-05,0,1.36933044068838e-05,32,1,1,1,0,0
892,7,4.1669390723196384,-4.8881019671578985,-2.5304893758762557,2.1624790086341048,4.6942801154152818,-2.7781821906190718,0.459703056375,0.109567731808,3.8682857862956075e-06,0,1.9341428931478037e-06,14,1,1,1,0,0
893,1,-2.0343347449714786,4.8868209163704899,-0.55480259281696609,3.925048168686144,5.6034484137652303,-2.2213080746974367,0.0464378479461,0.0789608225377,1.9013886644378511e-06,0,9.5069433221892555e-07,26,1,1,1,0,0
894,15,0.1591071355222152,5.0927381238989406,-1.3380690315793626,1.6395643856777542,1.8132330896997815,-1.834852751103323,0.713107525869,0.0128179671376,5.585710712843997e-07,0,2.7928553564219985e-07,15,1,1,1,0,0
895,0,2.5102550497650835,1.7189041066450124,-1.0321744197672458,5.9389972996485696,5.0253723973733377,4.2395712731593029,0.0897771491392,0.420517371781,5.3875038708710941e-05,0,2.6937519354355471e-05,7,1,1,1,0,0
896,10,5.7171401906033541,1.029842985059378,-2.6748888054498576,-3.533708500679352,5.0593452297491561,-4.6302114565231696,0.862598518431,0.0532579997093,1.6080974804961424e-06,0,8.0404874024807121e-07,55,1,1,1,0,0
897,13,-2.9191465848143769,2.6214038557386474,0.75024300722421089,4.0327917234726574,-1.7327671727212868,-1.7431409403410956,0.283276188737,0.00103445633778,8.0571370180522712e-08,0,4.0285685090261356e-08,48,1,1,1,0,0
898,1,-6.0750468455075941,-1.9326438743127674,0.9471308798867627,-5.3074117836368755,3.842879250141761,-3.0862644524764367,0.171967207853,4.02954184131,0.004946165810938841,0,0.0024730829054694205,60,1,1,0,0,1
899,5,3.2143368164927231,-0.97923469610985137,1.1631662176112372,-1.181564129775041,0.71445559149335269,0.61981919040176503,0.10554195857,0.000817218895539,1.134254276450512e-08,0,5.67127138225256e-09,23,1,1,1,0,0
900,4,3.9569409496300136,3.7245269931020974,-1.5056866182553028,4.1382605178090817,-2.3437686540593514,-1.9245330584295826,2.62321262363,0.0113235119538,6.9203031001028521e-06,0,3.4601515500514261e-06,8,1,1,1,0,0
901,15,2.0027880587117446,-5.6371919694828918,2.0132812382726546,4.6044724525117111,4.8042749067792059,4.5934581484920001,0.402303185778,0.0440368756673,7.5257609363367635e-07,0,3.7628804681683818e-07,43,1,1,1,0,0
902,0,-5.9581995005543549,2.8072646107900807,0.51792823194369375,-4.0684679432495034,-0.059804838548334328,3.0806513617795073,0.358785251894,0.0242539241499,3.0791891826492619e-07,0,1.539594591324631e-07,13,1,1,1,0,0
903,10,-5.111357561925046,2.7105368181372698,-2.0475469606393171,-2.5137547291107039,-4.8801747138131919,-2.6817820378269182,3.43037421232,0.251025101392,3.0962507945758316e-05,0,1.5481253972879158e-05,33,1,1,1,0,0
904,12,-4.8900036185387101,1.8943466114215934,2.6554439914404866,-1.749967476127569,5.8776701861651555,-0.69771596108415523,0.242636907508,0.0175226247479,1.5240312585326888e-07,0,7.6201562926634439e-08,12,1,1,1,0,0
905,12,1.4333547611311219,-0.98624174060488223,1.1882314091737294,-1.3562960821678638,-5.1123898038025652,3.0787661431219164,0.0298273498263,0.0331236901495,3.3510946086096705e-07,0,1.6755473043048353e-07,23,1,1,1,0,0
906,14,-0.34370387434557087,3.1353663207295819,-1.4427064194792016,-3.4874552528245948,-4.9083555377937449,-0.899693019194858,0.022351706533,0.00361370760176,4.4775619173036702e-09,0,2.2387809586518351e-09,24,1,1,1,0,0
907,7,4.9729533193654989,-3.2017460990351658,-2.3620775126759184,3.5838223285098096,1.9734290925136699,-0.11374650883271838,0.753880636224,0.0960206828312,3.3768999520640362e-06,0,1.6884499760320181e-06,11,1,1,1,0,0
908,2,-2.6182582148928457,0.92698669351518048,-0.47911054274303005,0.60921479170143578,-1.7980014349849656,-2.355651767320075,0.261186778872,0.0217870251319,2.1281264394978478e-07,0,1.0640632197489239e-07,9,1,1,1,0,0
909,7,-3.2512923734608052,1.0108875270065714,-1.8855779562886803,2.6401527135888188,4.7832996534240895,-1.526671949861915,1.09461740232,0.012882102106,1.248738077993498e-06,0,6.2436903899674901e-07,32,1,1,1,0,0
910,6,5.8641047000017013,-3.4719302443230786,2.2920802633634034,-5.7132295476768071,0.42599395741738599,5.1223847097396433,0.0444497269645,0.00488900848998,9.2568668649872351e-09,0,4.6284334324936175e-09,22,1,1,1,0,0
911,12,5.0298357273278853,-0.79749472079839656,-1.1962713365373348,0.20501090134259187,1.3280927877966837,-0.67435353674379639,0.0527053072957,0.00463841012382,9.3316470472342815e-09,0,4.6658235236171408e-09,35,1,1,1,0,0
912,14,-1.5790166245029607,0.88425522160832681,-0.45243511556163535,5.6662346982144953,-0.12800421259960032,-1.6274619016850767,2.36025447972,0.356353921508,4.4253593867183746e-05,0,2.2126796933591873e-05,10,1,1,1,0,0
913,14,1.1143975771313532,-1.2375786793259151,-1.3713204409933915,1.8465426267949177,-5.5670192083534529,-3.2754939843275377,0.0407945765388,0.00504374269808,9.413463710067905e-09,0,4.7067318550339525e-09,16,1,1,1,0,0
914,8,-3.4161396000619493,2.0010313457610742,1.7453193154456808,-1.6320549975333332,5.0628234992529233,4.7835272244990366,0.0582108602742,0.000197774455634,3.4004192836024657e-09,0,1.7002096418012328e-09,9,1,1,1,0,0
915,11,6.1110470079756523,-4.2305952752689464,-1.9085804901382939,3.8185165203408462,1.6205818119559912,-0.20076393400978682,0.428819125624,0.038959196592,6.4623994970736189e-07,0,3.2311997485368095e-07,6,1,1,1,0,0
916,0,3.23989942121506,1.5284198662882809,1.4337474001413144,5.1253808196563169,-1.808201106796252,-2.4833671918002795,0.318661529563,0.0207544408384,2.3275815364202757e-07,0,1.1637907682101379e-07,7,1,1,1,0,0
917,0,-6.1578801695652556,5.0762358640137144,-0.84963539121280718,0.20514308161346145,-3.6527848794772177,5.0402705751571206,3.41960475691,0.00815126423008,1.1713936421755839e-05,0,5.8569682108779197e-06,27,1,1,1,0,0
918,0,-3.2538719249821706,-0.31800581929051869,0.8585355001863183,1.4154308946664413,5.9728421217432315,-2.3208347437987524,0.116269259271,0.0548094205585,9.2861137941804239e-07,0,4.643056897090212e-07,10,1,1,1,0,0
919,11,-5.8936226760640515,-2.2574845556434684,-1.7560372257953711,1.9928914965041284,2.0811042104460205,4.2865719731774599,0.0419574295865,0.0140656675873,6.2026851504936687e-08,0,3.1013425752468344e-08,17,1,1,1,0,0
920,14,-2.3931733328783409,0.20166170855821886,0.61888637771696808,3.6455216139895725,1.5201290928807922,-5.987276562203375,0.154431119602,0.603375841855,0.00011092359989056197,0,5.5461799945280985e-05,41,1,1,1,0,0
921,1,2.8075621591136084,-0.55415403160244125,0.30351332973576328,2.0217165101793264,4.4950345112343131,4.9439056777162227,0.0235213715598,0.0161990473126,8.0487648197682779e-08,0,4.0243824098841389e-08,24,1,1,1,0,0
922,12,5.3367863093668273,-2.4323018592012442,0.86384728838863445,-1.747812636171691,-1.6261648209884447,1.9132273731738021,0.211776456924,0.154209562985,7.2888310261260953e-06,0,3.6444155130630477e-06,19,1,1,1,0,0
923,14,-0.30289476942291771,-3.9886899673965144,2.3327890602317369,-5.3932348475738365,1.9601866191304036,-1.3245074169644671,0.077280954743,0.00257339486539,7.9896325272902082e-09,0,3.9948162636451041e-09,11,1,1,1,0,0
924,8,-0.10354348906194763,-1.8167829020869724,-0.1415284867999409,0.91720994441375991,2.664674693855956,-1.8864867057839514,3.14486410178,0.00578892811566,9.9003784628230061e-06,0,4.9501892314115031e-06,11,1,1,1,0,0
925,11,4.6755660822556919,-3.7564153493751187,-0.41209819001926984,-3.6292141466014871,-4.741123390096627,0.32868215889302599,0.889131131951,0.000452077829041,7.9061642579546026e-07,0,3.9530821289773013e-07,17,1,1,1,0,0
926,3,-2.5391236766261818,2.1927393121685963,-1.8791417679526334,4.2857268147071377,1.1400418124754166,-5.3880867749097785,0.818320421677,0.014438577044,7.3315266973007217e-07,0,3.6657633486503608e-07,22,1,1,1,0,0
927,2,5.6942628077465871,-1.0076727229451521,1.9842979013924928,3.0761977035836714,0.51244563063426907,-6.1551406433442342,0.482779412682,0.143842239049,6.5357900201701714e-06,0,3.2678950100850857e-06,10,1,1,1,0,0
928,2,0.52158792971417922,0.079896813214888937,-2.4392386736261731,1.9529409729166705,0.65181925979038435,-3.5903257145315397,0.666222297504,0.0325923859775,7.6743615387723911e-07,0,3.8371807693861956e-07,9,1,1,1,0,0
929,5,-0.31069852290865041,6.0882222320636714,0.81380381387489575,-3.2428799173776564,-4.1931158578563457,-2.0535903764803853,0.870887274537,0.0153310566035,8.3004231825784835e-07,0,4.1502115912892417e-07,19,1,1,1,0,0
930,11,5.2030779688583175,4.564885026470086,-0.66910305034095474,4.0690125819658682,4.0332179584635872,2.5562724882296295,0.179963401765,0.0371888000541,4.5367480400649306e-07,0,2.2683740200324653e-07,12,1,1,1,0,0
931,13,3.6711710436938128,2.0450070906398103,2.9839982516038743,2.3457163099065026,-2.6870676670404823,3.4848723022726018,2.53776216235,0.0630960030242,7.6529509077082171e-06,0,3.8264754538541086e-06,33,1,1,1,0,0
932,5,-5.3093464319812291,4.7967071921099835,0.85460515846700058,4.1366470560251729,-4.7988831438393449,4.6231215000078363,0.26738940975,0.181492580924,1.0105459937503543e-05,0,5.0527299687517716e-06,21,1,1,1,0,0
933,2,2.9748529585857084,3.1126515125170613,1.0053365508603576,4.7963895033919002,5.6700552229364884,-0.53275765721772417,0.0127272731996,0.109904853309,3.6796591858526638e-06,0,1.8398295929263319e-06,15,1,1,1,0,0
934,2,-1.189549486197127,0.12421391148827318,-0.47108919099122087,-4.2733390100704245,4.6781896967830541,2.6598834021479645,0.695575374685,0.00416312888161,4.8910462196137555e-07,0,2.4455231098068778e-07,23,1,1,1,0,0
935,0,1.7210943214588885,-0.33488344977130208,-1.5445604661179271,1.2307957061591437,1.1642401856252116,-2.6201200242313067,0.0671692781885,0.024347309598,1.8508632446166732e-07,0,9.2543162230833659e-08,14,1,1,1,0,0
936,11,2.3246016907027682,-0.44437176449997234,-0.45082296325143933,-0.65060594996489507,-3.9071902007997474,2.5762319506607749,1.006198755,0.18359597294,1.1280321909569066e-05,0,5.6401609547845332e-06,50,1,1,1,0,0
937,7,3.0266768344523851,4.7264145049571864,-2.5140296312098482,4.0210153835373497,2.4444889531230802,1.801781541749865,0.0687783273362,0.0236823100874,1.7557568988378859e-07,0,8.7787844941894293e-08,10,1,1,1,0,0
938,11,2.326298390387965,1.4868811247874756,-1.5487329839240469,0.6228706106374039,4.6807642787583736,4.8428531045837637,0.0491245286234,0.0235498995573,1.7135336077259055e-07,0,8.5676680386295276e-08,23,1,1,1,0,0
939,15,-5.4812859173366357,-4.8849979679819926,-0.75570255201468062,5.2670290852967252,-5.7328872101381423,-2.46962799280471,0.223774683596,0.127170913209,4.9764824087934719e-06,0,2.488241204396736e-06,7,1,1,1,0,0
940,14,-0.94595792071607065,1.3473702639237715,2.8897129496593958,0.56924925749093813,1.6557891445597683,-0.633747697333507,15.2391681609,0.107084331562,0.00023572531065980251,0,0.00011786265532990126,60,1,0,0,0,2
941,8,4.3270623447919565,-4.6357961631702604,2.0841246102546154,0.065636964312024093,2.3565140958623241,-0.21601090923753696,0.259638682839,0.0297104375336,3.3630111823201661e-07,0,1.6815055911600831e-07,25,1,1,1,0,0
942,9,-0.44078228395621483,4.8607023751319653,-2.2357759312614993,-1.5778073189885495,-0.71524572973842748,-2.8736666627802658,0.0333639529138,0.188698848502,1.0847703426935471e-05,0,5.4238517134677353e-06,43,1,1,1,0,0
943,12,-5.9001063561011859,-3.2365188094644832,-1.0811421745000376,-0.75747931778261435,-1.7462360799641912,1.341284779947306,0.0224817593935,0.062740839805,1.1996053945155822e-06,0,5.9980269725779109e-07,18,1,1,1,0,0
944,11,1.6686147984465836,1.1128635339148021,-1.4323489712759832,2.0009973439295252,-1.5287913391155221,-0.48456708899176654,0.0295410381153,0.0073043937539,1.7125281958087106e-08,0,8.5626409790435529e-09,8,1,1,1,0,0
945,12,0.36143093840369828,-2.9615040267252244,1.1899595695853702,1.0761387939096769,1.6180993569086168,3.2718908800651154,0.00438726259274,0.0219657037903,1.4699475974156085e-07,0,7.3497379870780427e-08,19,1,1,1,0,0
946,13,0.27179065690928,1.2221858181221223,-0.75199672441321963,-3.5322504466461497,5.6526417135831748,-0.58019862949078482,0.231177989096,0.000839197828355,5.3657790372635756e-08,0,2.6828895186317878e-08,13,1,1,1,0,0
947,9,1.1369673435986476,-1.5981622376427636,2.9354300635051374,-6.0073969693350469,4.352458848331703,-0.37133369498304847,2.64623118914,0.0772641664621,8.8210297804539622e-06,0,4.4105148902269811e-06,21,1,1,1,0,0
948,15,2.7490057717830068,-2.4505222009038379,-1.7123985993104909,-0.30763068079987999,-1.0792725270848786,4.4854767085944518,0.0348520330686,0.0684069502128,1.4266751813661828e-06,0,7.1333759068309141e-07,30,1,1,1,0,0
949,15,5.3183130918630708,-0.61696350358548369,1.0939674695001436,-5.2722870236675972,4.5692015925990246,-3.6778980903122132,0.0101064950872,0.0261005801832,2.07619799388701e-07,0,1.038098996943505e-07,23,1,1,1,0,0
950,1,0.023810136936902794,0.62265137704221329,-2.6319940172313849,-3.5434121390297526,5.5094260645438506,1.5175753697726047,1.01964435836,0.00227880976182,1.0412564878455033e-06,0,5.2062824392275166e-07,8,1,1,1,0,0
951,12,3.373974301280255,-3.4859172528096631,1.2952098008862005,-3.5665470124739289,-1.4732385059246238,4.3363205085878942,0.194158827955,0.00470597442186,4.4443767330765055e-08,0,2.2221883665382527e-08,28,1,1,1,0,0
952,1,-0.48363436351479466,2.5653382225382062,-1.8841637399829574,0.41885255559059847,-1.5081242421209362,1.7989624256056018,0.0468426974712,0.0118818724862,4.5199788657129874e-08,0,2.2599894328564937e-08,17,1,1,1,0,0
953,1,0.28855764206854539,-1.4739535140512023,-1.0735251542973021,-4.7694045104146374,1.5001388937687024,5.2485757732143483,2.14622986858,0.0173432900571,4.6979284341424997e-06,0,2.3489642170712499e-06,6,1,1,1,0,0
954,2,-1.5907043707628581,-4.9115838932786451,2.0895590291589103,-1.6778191485803535,-1.4133826217459864,-3.0514717325655996,0.0265403053563,0.0226092949203,1.5641878649341295e-07,0,7.8209393246706477e-08,19,1,1,1,0,0
955,10,-5.2489689973312235,-1.8832949987356584,2.939650075252183,-3.4470672903489663,1.0268321430241687,3.3385577228551186,0.733748752358,0.189181401832,1.1440523691434121e-05,0,5.7202618457170605e-06,31,1,1,1,0,0
956,7,-0.7746784665729779,-3.3427755168628823,-0.85191515554169883,2.6783941019680118,-5.4600044215649843,-0.57140943944545974,0.872677167893,0.00933777110114,7.8812624126177164e-07,0,3.9406312063088582e-07,24,1,1,1,0,0
957,1,4.6203768570390773,1.0847193877343402,-2.7637459324460765,-3.4867560244806524,4.4947677978354905,-2.8536501214686658,1.08911589852,0.0596520815697,2.2701151830004419e-06,0,1.135057591500221e-06,16,1,1,1,0,0
958,9,-0.40877624025026099,1.8131100925809762,-0.35411436207255487,5.3615700734502569,-1.9313828178040575,-5.4477092948784103,2.62530874948,0.0364143413956,7.2961700261626092e-06,0,3.6480850130813046e-06,13,1,1,1,0,0
959,5,-1.9989280368001201,2.8076416329714826,2.4716073014485085,-2.2176768710758079,4.0640553992227,4.6358338264884988,0.0495969421312,0.00525606284469,1.0875277403913175e-08,0,5.4376387019565876e-09,15,1,1,1,0,0
960,2,-5.3787493082724458,1.0741775056309948,-0.39530219004066319,-5.2689619756164152,-2.326465861884949,-0.79835166744627084,0.0155053974507,0.419252625964,5.3543686370910404e-05,0,2.6771843185455202e-05,36,1,1,1,0,0
961,6,4.4954669664264637,2.1281792328816884,0.73918639720484403,-2.835413239466241,2.8469749092516472,-4.1704171046261731,0.415063646576,0.132649744258,5.532312135427733e-06,0,2.7661560677138665e-06,6,1,1,1,0,0
962,7,-3.3435642661465446,1.0201597717236688,1.1489358993800154,2.3408816256969898,-4.288822713071843,3.8789764943334806,0.846291000514,0.0305333404758,1.0001986723894365e-06,0,5.0009933619471827e-07,9,1,1,1,0,0
963,5,-1.6685384859732326,-3.2011530635416032,2.3640247808295536,4.8534452664657719,-5.1672204997745528,-5.2781340004393584,0.0604345320596,0.00533419400029,1.2319802689077704e-08,0,6.1599013445388521e-09,31,1,1,1,0,0
964,15,2.0957319416891109,-6.1278200042918058,-0.81424589643203737,4.0418039408493804,3.015297218538231,1.0826177421074075,1.9195924579,0.0568534871102,4.6694558771085022e-06,0,2.3347279385542511e-06,16,1,1,1,0,0
965,2,1.5484249534891086,2.3719836069571203,-0.33176377644015498,-1.3587753767741029,-1.0754972919096621,-6.0262237440556978,3.08359482287,0.264701051481,3.0852078148775966e-05,0,1.5426039074387983e-05,17,1,1,1,0,0
966,4,-3.7073112058695314,-1.4690395300774803,1.2890498995273423,2.1912883929096951,4.798891005924129,5.2893296023823728,0.134809495401,0.00245760097235,2.0013429115781238e-08,0,1.0006714557890619e-08,27,1,1,1,0,0
967,14,3.7963572159239658,-0.76637962246455771,1.5394739724673754,-2.2067979022102433,1.8014755014652446,0.86681120607328532,0.0224775074124,0.00360380919654,4.4614390227744813e-09,0,2.2307195113872406e-09,29,1,1,1,0,0
968,10,-3.9671162291494313,-1.3852775911573392,1.7079449750684779,1.6034616853182366,-2.1274643751572819,-1.0583150562774417,0.0961619627892,0.0503024394225,7.8003136744136876e-07,0,3.9001568372068438e-07,11,1,1,1,0,0
969,0,3.3464066429025454,1.2965319394929855,1.5746838227958946,-6.1442733577101043,4.1940002460019414,-1.0085478817268461,0.051496833413,0.000923805214922,2.9118892543759626e-09,0,1.4559446271879813e-09,5,1,1,1,0,0
970,2,5.6486264844983252,-0.12419629109919472,0.82467418492948374,0.85751090085684545,4.8871135775088161,-4.3122363625453115,0.0280821722552,0.0270761359008,2.2410885856038241e-07,0,1.1205442928019121e-07,19,1,1,1,0,0
971,11,-0.45906889648838411,4.6661019106730999,1.3607021277510678,1.3361401318526989,4.7654981831160637,2.8488294944200039,0.109870128973,0.037888508812,4.4936166188394525e-07,0,2.2468083094197263e-07,25,1,1,1,0,0
972,15,2.0846544628413208,4.5411548996399294,1.4920688388719945,4.1797732599556063,-5.5863104293308368,3.9577736184015708,0.677477857878,0.00591163259735,4.6962183472044676e-07,0,2.3481091736022338e-07,7,1,1,1,0,0
973,9,5.0266345559498262,2.2554111480390056,2.7252449699390118,-4.6901577379444461,1.1719727486664919,-0.066726817042748826,0.0387736674818,0.18988636317,1.0985042197175154e-05,0,5.492521098587577e-06,10,1,1,1,0,0
974,1,4.9655260872177509,3.6138880021355022,-2.8177190243596604,1.2748705290654561,-1.8057829812119259,3.1670596257771138,2.75609516501,0.0580594932057,8.6228968662578668e-06,0,4.3114484331289334e-06,20,1,1,1,0,0
975,14,1.1516281985478869,-3.1404149539898851,1.21607504479326,-2.4377352032396855,4.7616034908599696,0.81446361608200568,0.0451708519774,0.00878332667603,2.5540673405513594e-08,0,1.2770336702756797e-08,23,1,1,1,0,0
976,5,2.3995990353186518,-5.1032215743548006,0.60899489238857718,-3.0389227094588551,-4.2257544549961388,-3.2222146033320667,2.1203519013,0.126712621711,9.3868564363503538e-06,0,4.6934282181751769e-06,11,1,1,1,0,0
977,5,-2.48463602277383,4.805296844813955,0.24319736356814375,-2.2429422447047225,0.30652337116937012,-3.3325629686933405,1.62915439464,0.0597440380266,3.741430253189764e-06,0,1.870715126594882e-06,30,1,1,1,0,0
978,0,-4.175170578948098,-1.7343827774436378,-0.74486755362407953,-3.871338270635674,2.2681616168723795,-1.4643697303679224,2.69212073323,0.0100161344863,7.2780741604812495e-06,0,3.6390370802406248e-06,20,1,1,1,0,0
979,13,-4.1607092108911345,1.8696883309374257,1.0458351663738252,5.5362910279885522,4.7133721892217046,-0.44359619650197307,0.238180753241,0.028593923954,3.0578907741682155e-07,0,1.5289453870841078e-07,9,1,1,1,0,0
980,15,-0.03034812039923445,-1.9587920688009743,0.99155099992513751,-0.23512736455825764,2.4904572828126219,5.0537963549989975,0.128554815696,0.00864859743053,3.931118675511323e-08,0,1.9655593377556615e-08,43,1,1,1,0,0
981,14,2.6688431176259115,-4.4744578350125179,2.0650659935780582,0.64751415277699764,-5.8767051982911163,1.707258514369127,0.849886151724,0.068083499349,2.1343187522717124e-06,0,1.0671593761358562e-06,32,1,1,1,0,0
982,13,2.5318018374473232,-4.8945220698819414,-0.76749554937364384,1.1438322593432495,5.1026719762637462,-0.31532297186396069,0.240799739545,0.0297212373224,3.27068905719846e-07,0,1.63534452859923e-07,11,1,1,1,0,0
983,3,1.198605707691019,1.397725358198203,1.2948029227798383,-3.7365328824252693,2.2028170735494919,2.7336856841838872,0.109604998019,0.0262479278559,2.2188055913243221e-07,0,1.1094027956621611e-07,13,1,1,1,0,0
984,2,4.4094318166369737,-4.1655986406523784,1.2591274249970337,-1.8979817619004198,4.9203206926183656,3.0301220398625981,0.169450872851,0.00137364444385,2.9288380632345723e-08,0,1.4644190316172861e-08,12,1,1,1,0,0
985,11,5.7116561112546096,-1.0464558707736662,-2.0372302648308991,-0.15386996452222476,5.0713186572097744,-2.8753782724969339,0.203962893071,0.0492110348197,7.7930077146810581e-07,0,3.8965038573405291e-07,14,1,1,1,0,0
986,5,3.3011856951309615,-3.461152297980103,2.6391281744111885,1.7817164060260948,2.4584115313800203,3.3167704679555285,0.0402877257333,0.0518180335212,8.1955395381523639e-07,0,4.0977697690761819e-07,8,1,1,1,0,0
987,9,-0.76538783241039277,-4.2882579797414415,2.3318986168491871,5.3038925750504173,-4.4716877835776856,-1.8502419261209579,0.0525965410195,0.0749074854765,1.7120147593119025e-06,0,8.5600737965595123e-07,21,1,1,1,0,0
988,7,-4.6926539544216146,-3.1767760787771993,-1.1256786292764371,3.1162442788007323,1.5796347225080118,3.1529491513518497,0.14784813458,0.0269927035887,2.4380516498570631e-07,0,1.2190258249285316e-07,30,1,1,1,0,0
989,15,-1.8639120131633653,2.3936594332282577,2.8402580101438515,-1.5048863047035974,-1.9545947848714011,1.8361222561679817,0.016611297135,0.684711260966,0.00014281391186345046,0,7.140695593172523e-05,13,1,1,1,0,0
990,15,-0.022297080898014372,-0.19831109518681547,-0.71970799043409672,-1.1230804712927489,-4.5778359682710059,-1.0338127951724845,0.0296986963434,0.227124608726,1.5714750693513237e-05,0,7.8573753467566186e-06,9,1,1,1,0,0
991,5,-2.2336911762105061,-5.4993630873470947,0.16198633032276916,-2.9770650907440595,1.2698813988993953,1.1613378349064802,178.891222893,0.0572622788012,0.032003068459256566,0,0.016001534229628283,60,0,0,0,0,3
992,0,-0.302328323703136,-1.5685675263590146,-1.7213982706908593,1.1886822690663545,-4.210734151827471,4.4528762583395505,0.0321032319699,0.181438900256,1.0029058778862144e-05,0,5.0145293894310718e-06,20,1,1,1,0,0
993,11,-5.8136253070913142,-4.4591321406616711,-2.668686611705184,4.2441239108600621,2.1410886077795594,2.2138187073393634,0.175209494996,0.0195088021091,1.4663373436623317e-07,0,7.3316867183116587e-08,24,1,1,1,0,0
994,9,3.4344956986457325,5.6246692268761667,-1.3890635177037518,-2.4506107028376731,4.7281894514334644,4.2859222482579522,0.211390763269,0.00369983979927,4.8855906160668499e-08,0,2.4427953080334249e-08,27,1,1,1,0,0
995,14,-1.9908717415034456,-2.5755343201873839,2.2734534366179275,2.1889418856715079,4.4841195256304234,2.7205459790327851,0.482031078977,0.622922543727,0.00011843381152864974,0,5.9216905764324868e-05,7,1,1,1,0,0
996,2,3.5276726443589883,-0.12443417209159943,-0.71082612285178959,-0.36266030890728862,1.8803091970722032,1.7429421331653865,0.337061434096,0.0274475996074,3.4310025650654484e-07,0,1.7155012825327242e-07,26,1,1,1,0,0
997,10,-1.2987229569190248,1.058837190151273,-2.1714296796383259,-1.2204879480132584,-4.821655944977981,6.0600393833316373,2.48369462647,0.0586076826989,7.2150573316578287e-06,0,3.6075286658289144e-06,12,1,1,1,0,0
998,2,-0.043116188481776188,1.0759432785829179,2.4446914671568978,3.9438173999338622,-2.3077851354487571,1.4200320526344774,0.0480560917613,0.0031901055463,5.4094104091837404e-09,0,2.7047052045918702e-09,25,1,1,1,0,0
999,9,-5.9732422629118442,1.0258365818880772,2.0491006581690576,-4.5093757968400414,-5.4075414139386702,-2.1210296764659979,0.0250833738714,0.152117491143,7.0493943614178693e-06,0,3.5246971807089346e-06,19,1,1,1,0,0
