target_id,best_seed_id,q,pos_err_mm,rot_err_deg,pose_cost,limit_score,iters,near_limit
0,0,[-2.11578895 -1.06785945 -0.67700172 -3.50449382  4.2734952   2.80213902],0.08545016414505927,0.8586301653004021,0.00022458520312310896,0.0,16,False
1,0,[-2.50498438 -4.28986624  1.26311129  2.70766849  2.80424133 -4.12580302],0.07043652399845556,0.019312727125611263,1.1857794445195156e-07,0.0,14,False
2,0,[ 2.19537105 -3.65916828  0.20576515 -3.05334175 -4.5089332   2.222019  ],137.7616948119857,0.23319807639689816,0.018994850061809693,0.0,60,False
3,0,[ 5.277641    2.63027589 -2.21196534 -3.55388198 -0.41640615 -3.68301062],9.648820736119584,0.03389522075676281,9.344971228371978e-05,0.0,60,False
4,0,[ 6.28318531 -3.46759756  2.3716023   1.92133645  4.17310033  5.15890523],1272.1956231110667,52.192679432827106,2.448282640812826,0.007568999999999999,60,True
5,0,[ 0.60365448  2.69092432  1.76939138 -2.46264104 -0.56337782  4.17961534],0.039107301449238754,0.12308570824944075,4.616511186216657e-06,0.0,8,False
6,0,[ 5.21241285  1.58082323  1.5609084   5.04788154 -1.24550548  2.3895687 ],2.639787418154398,0.6928133173746504,0.00015318188210763394,0.0,44,False
7,0,[-2.24492755 -3.67705155 -1.39502942  6.27621275 -1.29789681 -2.99026551],10.243231664501405,0.2178494422344065,0.00011938044403766142,0.006404392402800501,60,True
8,0,[ 3.07076602 -2.21880922  2.93479489 -1.49630728  1.01225203  6.28318531],30.316590841923166,1.8580219842704855,0.0019707098560625136,0.007568999999999999,60,True
9,0,[ 6.28318531 -4.62507765  2.75212938  6.28318531 -5.33949838 -6.28318531],350.1340065802553,54.53645158013357,1.0285944311412996,0.022706999999999998,60,True
10,0,[ 4.91618601 -4.5619095   2.73301546  0.09781323 -3.45562783 -6.28318531],59.21092250112835,4.701008558533846,0.01023782036666078,0.007568999999999999,60,True
11,0,[-1.25787392 -2.10934404  3.13635905 -4.15304664  0.49604931 -6.23081881],390.2082520120661,10.739251104482411,0.18739446823994133,0.007885223958939232,60,True
12,0,[-1.47977278 -3.79044986  2.51017878 -4.77944052 -4.44100641 -1.46417952],0.08269302811453871,0.9872541613868207,0.00029690853603086913,0.0,21,False
13,0,[ 1.35134968 -1.89885071 -3.10095012 -6.24108485 -3.11334876  0.3053643 ],749.8448353460988,15.36646344165952,0.6341960397232707,0.004164983173240147,60,True
14,0,[ 1.70349636 -0.794031    1.2953951  -3.05695744  2.29706712  1.13275804],0.15672220619383748,0.7056416456085361,0.00015170275389902546,0.0,21,False
15,0,[ 2.45044919  3.14829254  0.59741737  6.11201328 -4.48712613 -0.02464848],0.005264020667884146,0.6552289125492079,0.00013077987947877643,0.0,13,False
16,0,[ 3.49994795  3.98269288 -1.38216709  1.98986807  2.05678281  6.24746717],4.719777626038245,0.02972863295191288,2.254551916130862e-05,0.0026298291685210957,23,True
17,0,[-0.03469786  3.87789062  2.12177543  5.68747964  0.84327685 -1.35569826],0.0208889790255388,0.5138195980464629,8.04226578233627e-05,0.0,19,False
18,0,[ 1.14550737 -1.79177638 -1.56622261  6.28318531 -4.44723539 -3.46554961],8.560183458497216,0.7401187972414274,0.00024013880202688987,0.007568999999999999,60,True
19,0,[ 0.49257626 -3.72133011  0.06796254 -3.89748366 -5.20438098 -1.47619657],187.74693385508127,1.0192128519325232,0.0355653461750848,0.0,60,False
20,0,[-0.79391456  6.10418265 -2.62646626 -4.76008358  0.79829044 -0.49218928],0.9210440507847882,0.43481423856168794,5.8440333946224294e-05,0.0,33,False
21,0,[-0.87665906 -6.09198758 -1.80304499 -1.6921768  -5.40626422 -5.12926087],0.07438813271650062,0.2235625962477119,1.5230383650046571e-05,0.0,6,False
22,0,[-6.28318531  3.61509764  0.25553392  1.77425732 -4.6577527  -0.17644696],315.15951988006526,11.672693446450486,0.14083018628884383,0.007568999999999999,60,True
23,0,[ 4.56129229  5.72233319 -2.32828623  5.86675236  4.85561683 -2.77142992],71.45735262017502,7.342040537792145,0.021526725616993158,0.0,60,False
24,0,[-0.16742405 -6.28318531  2.52836341 -6.28318531 -0.3758099   2.53671565],192.84261731643693,37.20211379872419,0.4587779527657177,0.015137999999999999,60,True
25,0,[ 5.35147206  6.28318531 -1.22079021  1.49938478  3.45980206  6.28318531],294.4192559897958,57.10100584139827,1.0798953707684225,0.015137999999999999,60,True
26,0,[ 3.44935938  5.76139648 -2.68292511  6.27837563 -4.20050189  3.21449199],51.426910101432924,0.265811129231581,0.002666249995872144,0.006755248957681263,60,True
27,0,[ 2.26760135  2.21324741  0.11227     6.08303409  5.37119819 -1.46426747],0.027362876075874103,0.5082004813057616,7.867359800988309e-05,0.0,53,False
28,0,[ 4.32391239 -4.13336026 -1.5474005  -6.0272009  -0.55254369  4.65768356],124.10098704294884,2.726799402715969,0.01766601800444149,0.0,60,False
29,0,[ 2.73500253 -3.20012995  3.02796783  5.83046176 -4.23933551 -3.67027154],102.5052760843719,46.4460256166621,0.6676381720037975,0.0,60,False
30,0,[ 2.29693738 -6.28318531 -2.27533607  4.039655    4.78180205 -1.36030812],144.96119108628798,35.51682368300705,0.4052717962956782,0.007568999999999999,60,True
31,0,[ 4.11951452  4.99840298 -2.6065474   2.59804504 -3.79417912 -5.26641886],0.13645654768109503,0.10290894108215454,3.244595066410426e-06,0.0,9,False
32,0,[-3.79621948 -2.84289637  2.32380079 -4.08994012 -1.52406727  5.4295863 ],0.034477519932056416,0.0001650391101594339,1.1969965218848168e-09,0.0,60,False
33,0,[ 0.19015624 -0.57152456  2.76715034  4.76492386 -1.44940644  6.28318531],8.141272230683992,0.6981025533901029,0.00021473475253811207,0.007568999999999999,60,True
34,0,[ 0.75487843  0.93767133  2.24420378  5.51333009 -1.68252214  0.74369679],0.013689978418657676,0.2660370148124192,2.1559696477032078e-05,0.0,23,False
35,0,[ 0.6359689  -1.87302992  3.14159265  5.92933273 -1.91059625 -6.18849506],68.4935418316206,0.5871704750202448,0.004796387966632944,0.007568999999999999,60,True
36,0,[-0.5475061   1.17817792  1.49637729 -2.56508842  1.57714534  5.52576954],0.021909924248035475,0.22754838159212548,1.5773041824128372e-05,0.0,23,False
37,0,[ 0.14538377 -6.28318531 -2.99367001  2.75807288  6.28318531 -5.612828  ],103.18827439519056,39.46031005267034,0.4849724993578135,0.015137999999999999,60,True
38,0,[ 1.86858423  4.45894819  2.44815463 -4.49502719 -1.10427528  0.33824339],2.6539118783012934,0.7912636829758659,0.00019776367134771353,0.0,52,False
39,0,[-3.34403012 -5.74557626  1.46225546 -0.94859275 -3.82708746 -6.27146895],3.274309418785135,0.9966082075349387,0.00031327562821515336,0.0056676273244215414,11,True
40,0,[ 2.02920852 -6.28318531  3.14159265  0.62469667 -1.26338248  3.59906646],1003.4308226986486,7.026489923028303,1.0219128533542048,0.015137999999999999,60,True
41,0,[ 5.78702026  2.0821956  -3.11939892 -6.28318531  2.96070957  0.80512885],437.77672001392983,2.4671903162586215,0.19350267136693777,0.011768852705090616,60,True
42,0,[ 1.20288493  1.71380948 -1.69577456 -2.59040816 -4.58015282  4.94043516],0.06730165795167813,0.28212034305326766,2.424960506085982e-05,0.0,14,False
43,0,[-4.03147962 -4.07678268 -1.43385898 -2.45181587 -4.23103952 -2.72764005],0.018466507367223703,0.6857069967320591,0.00014322965009545268,0.0,17,False
44,0,[-4.99805883 -4.24226288 -0.02021745  0.81810261  4.68289954  5.87052591],174.18507895499138,1.9432228197130543,0.03149071211645371,0.0,60,False
45,0,[-5.89332465  1.50115644 -1.93824239  2.13109527  4.43208633  0.90662896],0.010833431008193431,0.10748972092114287,3.519679247730236e-06,0.0,40,False
46,0,[ 0.20677899  4.0561215   0.23267324 -0.71663692  6.05563908  5.959533  ],42.176058245197304,0.0011314251589948589,0.0017788202790500072,0.0,60,False
47,0,[ 1.2932105   0.03452973 -1.13835752 -1.20257542  2.05392876 -2.7332106 ],0.12875191055524357,0.5259930090229508,8.429466599505997e-05,0.0,17,False
48,0,[ 5.19928934 -3.52238643 -1.94339374 -5.97676354 -2.2836902  -5.66414108],0.06402654330999114,0.7315491752417753,0.00016302443588413543,0.0,11,False
49,0,[ 2.86227512 -1.92988784  3.14159265  1.87862552 -2.04343222 -1.40351706],587.428651580939,7.754821913578914,0.3633912785592826,0.007568999999999999,60,True
50,0,[ 5.73381876  6.28318531 -2.23839901  3.2690017  -3.11707209 -5.43271919],121.50881916177659,47.25862035599074,0.6950899925845937,0.007568999999999999,60,True
51,0,[ 5.49198059  2.9921562  -1.45676428 -6.28318531  1.61867645 -1.09147509],113.0961478879026,45.91670116875927,0.6550288792791826,0.007568999999999999,60,True
52,0,[ 0.774977    5.04565346 -3.055205   -2.36495658  2.26162391  4.18319738],15.2267364010286,0.0667137149437566,0.00023320926819638075,3.74964962943966e-07,60,True
53,0,[-5.40135881 -3.04111253 -2.42489946  6.28318531  3.14382895  6.07327938],154.06768498862158,10.71590082922183,0.05871623149629452,0.007568999999999999,60,True
54,0,[ 0.89534787 -1.83960043 -1.43528672  0.60824092  2.29997678  3.62757926],0.03505552634181643,0.24925885434977063,1.8927102014163596e-05,0.0,19,False
55,0,[-1.9788163   3.5301944   2.32722114 -5.85749628 -0.96126432 -3.41133251],91.03980310145289,0.07645272613156465,0.008290026243459116,0.0,60,False
56,0,[-3.61308472 -6.28318531 -0.80900868 -0.46960382 -5.76972392  2.61179302],170.47519055927535,4.178242027501618,0.03437971208748385,0.007568999999999999,60,True
57,0,[ 3.33772552  6.28318531  1.31716278 -6.28318531  3.03497477  6.07302832],596.1581690481643,10.701440220724892,0.3902896000753607,0.015137999999999999,60,True
58,0,[-5.96524225  0.80874078 -0.20124249  0.41629317  5.21209997 -4.64006497],1.0108503915816671,2.409351844942572e-05,1.0218186909905001e-06,0.0,20,False
59,0,[ 2.39975943 -2.54898575 -2.85795634 -0.42957236  3.33225853  3.80423278],0.3774943600736091,0.036502246931288514,5.48378516108191e-07,0.0,15,False
60,0,[ 0.05541675  6.10372953 -3.07311661 -4.49840384  6.28318531 -2.16887185],441.2712188518019,51.10935302609177,0.9904315454316757,0.007912136835399972,60,True
61,0,[ 5.38233006  3.02569732 -0.97192234 -0.46698851  4.61242035  1.92562589],0.6095220435121651,0.5281228650702772,8.533350722156479e-05,0.0,11,False
62,0,[-4.67977438 -1.32534566  1.71022291  6.28318531  6.05500855 -5.43732816],26.804258792503063,9.117766572293307,0.026042431509643752,0.007568999999999999,60,True
63,0,[ 3.37142432 -4.56312217  2.25108929  3.2462702  -2.4315438  -0.67064311],0.20593037764852723,2.6274997080444744,0.0021030463556797746,0.0,60,False
64,0,[-6.28318531  6.28318531  0.45718167 -6.28318531 -1.81000589  6.28318531],742.933518306879,18.047460865294983,0.6511674094235177,0.030275999999999997,60,True
65,0,[ 3.32921105  4.65721833 -0.16046725  5.16312431  3.58000916  6.28318531],21.694677282073528,2.0532289145670806,0.0017548495977934087,0.007568999999999999,60,True
66,0,[ 4.72541102  0.11410956  1.59460116  6.24174808 -1.76511312  2.8479316 ],4.9413427317541405,0.06170932628794842,2.5576863601568553e-05,0.0020759666058873987,39,True
67,0,[-1.02469813 -4.34643926  1.26126665  0.80753632 -4.02275442  0.51640275],0.2772543393939596,0.4014186542511865,4.916198763953035e-05,0.0,6,False
68,0,[ 2.7964537   2.32444072 -1.63226038  3.72926859  2.38456565  6.28318531],94.1959974988198,35.19982893449874,0.38630238525520993,0.007568999999999999,60,True
69,0,[-4.61396768  0.32610045  0.84395524 -5.37012365 -6.28318531  5.61170612],139.68807825953473,22.118609905403062,0.16854162414397933,0.007568999999999999,60,True
70,0,[-2.69722338  3.69737368  2.90756611  4.36355804  2.04422015  6.28318531],42.317434724876925,0.5428132782689493,0.0018805196636619615,0.007568999999999999,60,True
71,0,[ 3.29672548 -3.10568905 -2.1118243   3.81018014  0.95585913  2.11285421],0.09545564705136798,0.8590402554344014,0.00022480158559009253,0.0,19,False
72,0,[-1.26888862 -0.28433696  0.52303808 -5.14455344  5.01621841  3.67661334],1.2201270587578392,0.0025916070570876806,1.4907559802181243e-06,0.0,13,False
73,0,[ 4.57357288 -4.88468326  2.66283837  6.28318531  1.92329114 -6.12315169],84.47175608136632,19.742240766151074,0.12586196610784492,0.007568999999999999,60,True
74,0,[-1.05367464  5.45216948 -0.80455236 -3.52921282  4.34770336 -3.64118088],0.10044437741024409,0.04044600282373966,5.084063570088179e-07,0.0,17,False
75,0,[-5.08623199 -3.27241042  2.45886197 -3.9251086  -5.54209703  6.24490514],2.801200870362833,0.008394920854769885,7.868194136225352e-06,0.0023736221663075794,45,True
76,0,[-3.79330195 -2.17891898  1.33958747 -4.07329971 -0.6699173   3.80967927],0.0006502268070170911,0.5680189584967813,9.828345147394018e-05,0.0,19,False
77,0,[ 0.90108692  6.28318531 -3.12007118  1.2849313  -4.35292692 -1.26339352],382.1155086220032,12.137932521634356,0.1908913654133424,0.011856437123815112,60,True
78,0,[ 2.00363686  3.32351757 -1.8926377  -1.67777626  1.2516675  -3.19115875],3.33156929707544,0.5242145829567546,9.4808503923472e-05,0.0,26,False
79,0,[-2.3745556   0.45539373 -1.34381146  2.53226771  5.46482896 -2.21622978],0.12725965825742938,0.6520696255938934,0.0001295379368743966,0.0,13,False
80,0,[-2.21211354  0.2844764   2.06975025  1.30761431 -3.48066912  4.21131952],0.12945264804990259,0.9560107060622446,0.00027842381970903267,0.0,14,False
81,0,[ 2.71737418  5.02767311  2.2942747  -4.03106725  0.51792542 -4.25131143],0.009124896102278129,0.6024737037982798,0.0001105684583270703,0.0,18,False
82,0,[-1.34239013  1.36616333 -2.28957232 -6.28318531  2.74427852 -6.28318531],41.99787880180233,5.638925289206284,0.01144988765503718,0.015137999999999999,60,True
83,0,[-5.75546157  0.17392963  0.25702143 -3.25866195 -4.54460579 -1.10552963],149.06548246278373,18.730159942029168,0.12908606358901153,0.0,60,False
84,0,[-1.77487862 -0.28964501 -2.26686968 -2.50932202 -6.28318531 -3.11230333],88.48401087504188,1.3747473119266382,0.008405125832999455,0.007568999999999999,60,True
85,0,[ 2.82562639 -1.34668804 -0.0062926   1.44620883 -0.9413414  -3.37559666],77.5490239267871,0.6509805177737075,0.006142940552353637,0.0,60,False
86,0,[-0.21303873  5.42193024 -0.87079815  0.76792307  1.74745234  5.18938926],0.05089563361305527,0.02086282842475333,1.3517741558526161e-07,0.0,29,False
87,0,[ 2.71992972 -1.93114656  0.97380796  6.22669144 -5.0491031   2.73803912],4.559379625090676,0.4608829106220892,8.549266001048697e-05,0.0009306238936595211,18,True
88,0,[ 3.98499163 -4.57220822 -0.43318847 -5.16556     3.13491293 -2.59017888],214.36388882746172,51.31900104201649,0.8482044580557183,0.0,60,False
89,0,[-5.22104435 -4.77578927  2.55317725  0.74534608  6.28318531  4.8624434 ],636.9333197736687,54.318954773784625,1.3044726307839405,0.007568999999999999,60,True
90,0,[ 5.36355166 -2.93965103  2.17209112  3.12211329 -1.03877539  1.75723432],0.03577101650405326,0.9439337915031192,0.00027141875222229145,0.0,19,False
91,0,[ 0.2976259  -4.48798062 -2.01142021 -4.67802015 -1.86114696  1.65472011],0.04314732332405725,0.03797200424843667,4.410813569155562e-07,0.0,12,False
92,0,[-0.72361819 -4.7160722   0.59893434 -1.93474796  2.07476391  0.01383639],0.09818225109983453,0.7762052034408072,0.000183539965217104,0.0,7,False
93,0,[ 6.28318531 -0.66923572  1.6193764   2.21565073 -3.05078714  4.00591099],1009.0595879084103,7.83014958953681,1.0368777244729515,0.007568999999999999,60,True
94,0,[-4.51607854 -3.63861471  1.25554855  0.9030669   0.5912451  -2.87930473],0.17814043186270734,0.5570306085338482,9.454937098662265e-05,0.0,31,False
95,0,[-3.48713294 -2.84173519  1.22682748 -0.25144503  1.10100728  2.10421261],1.1276744581054925,0.3854470456664786,4.6528484590123466e-05,0.0,21,False
96,0,[ 6.17120976 -0.40578158 -2.52890588  2.90405574  6.07678452 -0.78015625],347.6375139931812,0.06493805935681907,0.12085312569226071,0.0,60,False
97,0,[-5.20674496 -6.28318531  2.56595603  5.55349227  3.29139468  5.88121827],166.88421741435974,12.93403798694965,0.07880958871873825,0.007568999999999999,60,True
98,0,[-3.19354187  0.27804742 -0.10589842  2.4611238  -4.97675525 -3.77474694],39.45307357580431,0.00012538514124377974,0.001556545019366851,0.0,60,False
99,0,[-6.08086664 -6.28318531  3.12330684 -5.93318531 -1.97739491 -3.29606815],441.3658590150822,29.86561943443651,0.4665089204659901,0.012290639654640854,60,True
100,0,[ 6.10262372 -5.9860604   2.27187012  5.06965831  5.71284068 -3.86934459],110.96049869526404,0.5769467002504046,0.012413629508138081,0.0,60,False
101,0,[-3.11856017 -6.28318531  3.12399962  3.54919686  5.26488141 -1.10335291],1092.0338479873897,28.7237500709512,1.4438636904166582,0.01238632687281739,60,True
102,0,[-1.08469537 -5.76506433 -0.89831805 -3.45644964 -1.97691988 -2.18300718],0.08989188169010945,0.39292301280352193,4.703750523456511e-05,0.0,20,False
103,0,[ 1.83970048 -1.18262041 -0.77554735 -1.18326003 -6.03541934  2.58445227],12.222566920263734,0.0004071435119442927,0.00014939119261548754,0.0,60,False
104,0,[ 4.85767609 -0.75532696  2.45658187 -1.0706714   4.33146657  3.32223917],0.009951828954009747,0.389270927311388,4.615934167876035e-05,0.0,20,False
105,0,[ 5.3928363  -2.16890173  1.24273322  2.13023404 -2.38396762  2.33545033],0.6896073929218056,0.728127098019637,0.00016197429277566022,0.0,34,False
106,0,[ 6.28318531 -2.30031838 -2.43273807  6.28318531 -0.84478754 -6.28318531],220.75169019465523,0.3561567766766779,0.048769948727515895,0.022706999999999998,60,True
107,0,[ 6.17813644  2.10985374 -0.0806406  -4.26174212 -4.69423674 -1.07889055],43.726283250532695,0.00013502152705830705,0.0019119878524592395,0.0,60,False
108,0,[ 3.3249768  -2.76204293 -1.38390703 -3.02325268 -4.39101043  6.28318531],5.800058549552759,42.16802171954115,0.5416866857128376,0.007568999999999999,60,True
109,0,[-0.60985206 -4.57559194  2.20207164  1.07932167  1.95032114 -6.28318531],404.6713110061256,54.662041174707284,1.0739370610514505,0.007568999999999999,60,True
110,0,[ 5.15518106  5.95101759 -3.13503254 -2.62941099  2.27622556  2.72326076],757.1660874426212,26.848934635689357,0.792888608953168,0.006470575497686125,60,True
111,0,[ 2.9717518   3.59191228 -2.44690599 -3.08355147 -4.03369371  0.02306251],0.7347480793139833,0.351030015401959,3.807544428607274e-05,0.0,8,False
112,0,[ 4.18504715 -4.81192693  1.73084395  1.18686693 -1.98285647  1.90270604],1.8243578980145096,11.068579388106796,0.03732305920963481,0.0,60,False
113,0,[-3.98762709 -4.61076597  1.8443766  -5.57842509 -5.62631089 -3.8490639 ],0.028548423821701616,0.1060855101240014,3.4290207177308977e-06,0.0,17,False
114,0,[ 0.73573903  6.04786323  0.84920502 -0.71204094  4.60928516 -5.03244777],261.62840991814625,3.4028776618876755,0.0719767655559367,0.0,60,False
115,0,[-5.45189298  6.28318531 -3.13346185 -5.61715251  0.69785898 -2.20780537],676.8531760502455,0.36404045451255107,0.45817059149070777,0.013789350669179688,60,True
116,0,[ 0.94179542 -2.22777569  0.01158094 -6.28318531 -3.09202175 -4.79987731],407.7948512247881,50.25499205975849,0.935627498997377,0.007568999999999999,60,True
117,0,[ 4.68963275 -2.8847264   0.6207479  -3.96468887  0.88651799 -2.89592457],0.006247213468963988,0.824309516079925,0.00020698336544212921,0.0,40,False
118,0,[ 2.64038694  3.73056746 -2.10862481  5.6720915  -6.28318531 -3.16930622],18.82639563055034,0.9386063055553432,0.0006227955742668849,0.007568999999999999,60,True
119,0,[-2.19022337 -1.37979962 -2.13246109 -1.08640965 -1.21720413 -3.00541386],0.01123718052393833,0.11684881747054807,4.159264733373015e-06,0.0,20,False
120,0,[-5.5659461  -0.2306791  -2.70935435 -3.21538416  5.34842389 -5.5521059 ],46.61136378014252,2.8856811211762445,0.0047092158661042735,0.0,60,False
121,0,[-4.27815707 -0.1647834   1.71304948  3.19549271 -4.73021791 -3.39279382],2.956948047532935,0.3346751288791558,4.286295970133548e-05,0.0,11,False
122,0,[-5.95238563  6.28318531 -2.30051515  2.03167418  4.73561548 -5.4567552 ],37.96487303938137,4.933868427603463,0.008856650999279465,0.007568999999999999,60,True
123,0,[-2.56867281  2.91552417 -2.28230743 -5.4377416  -2.12770393 -2.99693662],0.014614923566021568,0.06341805825840953,1.2253392002631236e-06,0.0,12,False
124,0,[-6.28318531  3.51610158 -1.98324837  6.28318531 -6.18136538 -6.28318531],829.6113385769742,15.179090378947485,0.7584402841271307,0.022706999999999998,60,True
125,0,[ 1.75983114 -0.22123829  2.2385998   5.64622398  4.42190413  6.20091125],0.02234426446469109,0.009202128996114556,2.629401888510943e-08,2.2334535230282204e-05,41,True
126,0,[-6.19939799  3.70405578  3.03321966  2.74793067 -0.27166127 -1.99454818],403.05893795949635,19.56218907909238,0.27902727064085575,1.0321320512158218e-05,60,True
127,0,[2.26063226 3.58840481 0.29814959 1.37561438 0.72418514 2.18467359],197.39838574723404,0.33350841087040245,0.03900000463937236,0.0,60,False
128,0,[ 2.45350974 -2.86067414  0.79809581 -6.22466581  2.01226056  2.1797404 ],4.992396865058663,0.046861407563863984,2.5592963728598198e-05,0.0008111389760107115,37,True
129,0,[-4.56875494 -3.79182669  1.40460038  4.97729959 -5.55349671  5.57615873],0.03180584781943342,0.10714063718360055,3.497750350768682e-06,0.0,38,False
130,0,[ 5.19876139 -3.59320168 -0.91669757 -5.92348268 -6.28318531 -4.6023702 ],269.43842977060666,47.25154606461072,0.7527190019790307,0.007568999999999999,60,True
131,0,[-4.58016584 -4.0153001  -1.32893847  6.28318531 -0.41633479  0.28708052],35.12459460567442,4.129517438998403,0.0064283518937234135,0.007568999999999999,60,True
132,0,[-1.92625097 -0.6834206  -2.58403687  5.93318531  6.26299045 -3.28050714],60.00197180853201,2.5798243831252545,0.00562761598422515,0.004462927099657839,60,True
133,0,[ 2.90085583 -4.54500432 -3.08619459  1.46854642 -1.9892153  -6.0440447 ],116.10731170972655,9.656648989154982,0.04188674715326338,0.0009986825982984942,60,True
134,0,[ 5.41452957 -3.34175387  2.41801414 -5.75306338 -3.70076051 -2.07301967],0.09026410901029434,0.919295074297738,0.0002574413750140502,0.0,24,False
135,0,[-4.01485501  3.09479496  0.29467622 -4.73548941 -2.42833954  2.66491784],58.758333072880745,0.0009803060637518018,0.003452541998240925,0.0,60,False
136,0,[-3.3659516   6.26721589  1.47757427  3.8527509  -4.61841597 -3.51408065],7.016521698460915,0.09561219821423708,5.201629551077084e-05,0.005045343520466282,60,True
137,0,[-4.04113696 -0.42503144 -1.13193272  5.44127016  1.64836324 -2.79083985],0.23907178990034883,0.08654144782648794,2.338563784517492e-06,0.0,20,False
138,0,[-0.22709629  0.67457457 -1.97264243 -0.84341547  3.29524845 -1.26747886],0.29289035710804007,0.003552304774760183,8.962868866709943e-08,0.0,24,False
139,0,[-5.45971119 -5.20325434  0.69094835 -4.60290294  0.03309416 -3.04025947],589.6728006144024,3.448886603867225,0.35133738079804894,0.0,60,False
140,0,[-3.92749626  0.58066366 -1.51363543  2.85753018  5.07263668 -1.36413337],4.90995877330568,0.4347003891167968,8.166955173525841e-05,0.0,25,False
141,0,[ 0.3639552   2.47767987 -1.48149182 -0.9883628   6.28318531  2.67585447],69.75946359358119,57.010234903950476,0.9949238327813279,0.007568999999999999,60,True
142,0,[ 0.3562674  -3.67423473  1.36978544 -3.29159431 -0.82800556 -3.76121975],0.3028178016922741,0.14024630719288905,6.083226778377669e-06,0.0,38,False
143,0,[ 3.84889108 -3.17282927  2.69732744  0.02629142 -0.01811346  0.2438469 ],123.1792897340032,17.45487652437411,0.1079817535840329,0.0,60,False
144,0,[ 3.9093824   5.74684011  0.76020515 -6.14131943 -2.31433792  1.94128015],0.11457871987537649,0.5173470759740649,8.154337054603082e-05,0.0,10,False
145,0,[ 1.58418894  0.23376003  1.80678956 -1.02567929 -1.05640776  4.0114671 ],0.0036673704066193984,0.7406948214249518,0.00016712190855736267,0.0,11,False
146,0,[-2.7022528  -2.62492793 -1.18851441 -6.28318531  6.08524513  4.13017069],57.71071193030942,23.735436139763465,0.17494312496858258,0.007568999999999999,60,True
147,0,[-6.28318531 -6.21380121  2.6682172   4.64926474 -0.9831304   4.36895326],457.5525738829986,56.29303809022537,1.1746583689964067,0.007879320130704564,60,True
148,0,[-0.12019145  4.16182586 -1.43238049  2.27097492 -5.00738275 -1.19101462],0.9067894942385387,0.9066982402833537,0.00025124876551808006,0.0,17,False
149,0,[-5.62386928  0.24672959 -1.14312212 -6.1124499  -4.92051713  4.01195613],1.2012102768641215,0.0025245023785521294,1.4448474902564232e-06,0.0,54,False
150,0,[-5.11788194  2.5974775   2.29098639 -1.96865019  4.10338444 -6.08315561],3.22274957333619,0.8790501240726528,0.0002457728657334553,0.0,8,False
151,0,[ 3.18860809  2.8101087   0.94917124 -2.78677656 -2.02820172  3.93127865],0.06834291770979452,0.5969998282336644,0.00010857299824948765,0.0,18,False
152,0,[ 5.13779646  2.1153323  -2.52520911 -2.02660255 -3.83184405 -0.38032919],0.05420996806103505,0.5909878028520424,0.00010639562408833643,0.0,15,False
153,0,[ 4.9050031  -3.13964168  0.26949867 -3.90602922 -3.01183294 -5.43004278],2.097480385188601,0.019007791654152797,4.509481065283398e-06,0.0,11,False
154,0,[-6.28318531 -2.0056046  -2.20199461  5.0840222   5.29117671 -2.4293542 ],75.15557992214323,3.1232679263104957,0.008619843973551033,0.007568999999999999,60,True
155,0,[-6.28318531 -4.4077739  -0.22336223 -6.20185407 -6.28318531 -3.92533342],142.7237453108422,55.838771271086316,0.9701575494735524,0.015170134909008334,60,True
156,0,[ 0.30195349 -6.28318531  2.80115696 -5.0094451   0.64842946  4.44355553],8.713349247334138,0.4733317701902267,0.0001441698449255891,0.007568999999999999,60,True
157,0,[-4.20667754 -6.13210602  1.22844463  0.26409618  3.58266828  5.32520849],0.11270564122150788,0.9439579381486976,0.0002714440615848429,0.0,14,False
158,0,[ 3.55256013  3.80338978 -0.71675522  1.01555927 -2.58366941 -0.62893476],0.04228033278070342,0.096735579304127,2.852328080524354e-06,0.0,19,False
159,0,[-3.18134469  5.19952307  0.96022809 -3.81647057 -5.72268812  2.32771462],0.025725428892471643,0.9567751506801861,0.00027885314085294207,0.0,11,False
160,0,[-3.61840353  3.1607029   2.87349092  3.41975162 -5.34324011  3.4419769 ],1061.253239400486,28.243308223150812,1.3692470199607225,0.0,60,False
161,0,[ 1.50096891 -3.99267011  0.29605329 -0.49233131  4.88109137  0.56505458],92.27371662932289,0.02069234089918976,0.008514569209534499,0.0,60,False
162,0,[ 6.08006871 -0.60689579  2.33354082 -0.83304895  5.07234156  0.97805974],0.03527974566363069,0.10591911238712926,3.4187043497340214e-06,0.0,8,False
163,0,[ 1.90884479  2.27436672 -1.43688989 -0.68902711  4.51043016 -3.0430288 ],57.89451639435004,1.9980476139004753,0.0045678669455624194,0.0,60,False
164,0,[-2.34455107  0.49482217 -1.79228597  0.07199661  1.3533454   0.69780588],1.537167690646626,0.5075608832506352,8.083783025345259e-05,0.0,17,False
165,0,[-4.9255422   4.90828257 -3.02285999 -4.63325772  1.41615034 -2.60999679],72.0006260850369,7.779890568284412,0.02362157650250848,0.0,60,False
166,0,[-5.00493391  1.03558534 -1.35391329  3.57127929  5.69634649 -5.02053081],2.2292335240745724,0.29163803323281207,3.0878029049029205e-05,0.0,6,False
167,0,[-6.28318531 -5.00411141 -2.6950308   6.28318531  1.59070501  6.28318531],322.16153956252805,2.5746539207097054,0.10580731856668651,0.022706999999999998,60,True
168,0,[ 1.92768329 -0.10892662 -3.03089442  1.71649987 -5.43853782  2.35073571],4.723060359926634,0.24072095711660407,3.995883660339817e-05,0.0,45,False
169,0,[-4.32022579  0.26186839  1.68946633 -6.10149693 -0.95840406  6.22150856],4.819058541232063,0.07752649166775749,2.505418463783781e-05,0.000641267268180441,51,True
170,0,[ 6.12644058 -0.86690163 -2.77920517 -0.32096652  0.54348364 -5.63284587],0.16957539155269433,0.927621610666283,0.000262146517518137,0.0,17,False
171,0,[-1.4439433   3.31194684 -2.89434087 -6.28318531  6.1880763  -6.15372609],74.65364961320165,35.424882076947256,0.38784435137130036,0.007568999999999999,60,True
172,0,[ 2.65654422  4.78188609 -0.84554884  0.40856874 -2.28732074 -5.20333934],0.09571554881883229,0.36097366981077506,3.970141754352652e-05,0.0,9,False
173,0,[-2.80526601  0.9674894  -2.99835922 -0.29717763 -4.0106485   3.75738835],0.6755389015584994,0.014052973309896086,5.165105012091862e-07,0.0,35,False
174,0,[ 0.66954309  1.56104138 -2.51749487  2.83473282 -2.18100549  1.65243459],0.4213418466137238,0.656493953162077,0.00013146285759646012,0.0,5,False
175,0,[ 4.98979531  1.43693057  2.30127702 -1.1074339  -0.43634297  2.97094116],0.024389059505257594,0.4306951228800786,5.650660495747068e-05,0.0,19,False
176,0,[-1.38553109 -0.72989889  1.51904518  2.81217176 -3.67932197  4.26246929],0.7648054354378061,0.32499575280855336,3.275930137501631e-05,0.0,11,False
177,0,[ 0.67293834  1.64795414 -2.42916184 -3.6833234  -1.09086042  6.28318531],22.761059203800425,1.6828467932061197,0.0013807342245867658,0.007568999999999999,60,True
178,0,[ 4.43570483 -0.96268133  2.05697257  5.78792381  5.20951926 -3.10342699],0.016391985851330948,0.3209303324129674,3.1374729229217e-05,0.0,13,False
179,0,[-3.20709755 -0.52295875 -0.10291034  4.06942726  1.48456591  1.93020156],101.91401385782893,0.0050622955754883615,0.010386474026994556,0.0,60,False
180,0,[-1.6756717  -6.28318531 -2.21237724  1.433714    0.31542203 -2.19989552],514.5825330918863,25.27763540678991,0.45943318013584467,0.007568999999999999,60,True
181,0,[-6.28318531 -2.2406757   2.46795769 -6.25825275  3.63622561  3.90281329],69.47125729305458,12.171211826884738,0.04995179195737293,0.011421367848596825,60,True
182,0,[-2.51335553 -3.71917358  0.62224682  2.47149164  1.71523023  1.84589186],0.011146674293273057,0.6858567020955975,0.00014329198056139722,0.0,51,False
183,0,[-4.10800327  4.28450446  1.68633874 -3.73887083  3.97898867 -0.3917934 ],0.03735450598523202,0.563071226481617,9.65801064641383e-05,0.0,25,False
184,0,[ 0.21343423 -4.46153731 -2.89848806  4.74354399  1.51989874 -2.92338901],0.005334823335452141,0.9779108393875492,0.00029130859431231,0.0,58,False
185,0,[ 0.15701533  2.38738346  2.30312484 -2.8834045  -0.89157412  2.29548738],0.019306562522440177,0.4908312902848877,7.338738672968732e-05,0.0,7,False
186,0,[-0.18185531  4.58504896 -2.39297595  1.05920516  3.79630062 -3.39463179],0.3782882121522704,0.7882696803883272,0.0001894229506037958,0.0,14,False
187,0,[-0.45315981  2.44608308  0.34185572 -1.35359451 -0.76845716 -4.31341871],1.1378282980457108,0.0035591994485253886,1.2985120990633285e-06,0.0,34,False
188,0,[-0.75282934  3.64628973  3.03517422  2.90817739 -0.44818722  5.0099049 ],166.39425511977996,0.3149466875455248,0.027717263570072075,0.0,60,False
189,0,[ 2.36493768 -2.71600788  0.78779687  0.88861905 -4.29865142  3.3402042 ],4.383950001293951,0.15914525335745955,2.6934127481997943e-05,0.0,9,False
190,0,[-1.76398754 -2.72022455 -2.71211753  0.67936034  4.06882279  3.06266027],2.5524199383347805,0.6949176457603525,0.00015361780851504047,0.0,17,False
191,0,[-1.94680248  4.32986235 -2.55760915  3.7120017  -5.06543217 -0.30234511],0.07501069177574633,0.005784359514166186,1.5818741771784086e-08,0.0,32,False
192,0,[-1.86967722 -2.88201183 -0.86877349 -2.54981944 -5.58624728 -0.49959099],1.986401805490264,0.6166554398006345,0.00011978080976475205,0.0,30,False
193,0,[-0.52968967 -1.39737275  2.09785425 -3.09464308 -4.25984245 -2.52575097],0.04776300807247286,0.23749739539561665,1.7184230773113933e-05,0.0,20,False
194,0,[ 0.31213467  2.7398479  -1.39289493 -2.96301397 -4.11658815 -2.68406722],0.05352981194964487,0.48049510354218083,7.033157810674146e-05,0.0,13,False
195,0,[-4.44886817 -0.96253668 -3.03608893  4.46069874 -2.7371891   3.18453952],423.43787098253426,33.81239966215418,0.5275621380277653,0.0,60,False
196,0,[3.71036112 0.25325925 2.56811572 0.02517546 4.37353883 4.64277325],111.41361844892269,3.652528677979158,0.016476884938117834,0.0,60,False
197,0,[-4.88724712 -3.43826972 -1.82846223 -5.62728007 -1.95662346  1.36905861],0.0013262766996746053,0.12397234353336109,4.6817101275521575e-06,0.0,24,False
198,0,[ 3.39232437 -0.50395947 -3.10630231  3.84886204 -0.00821364 -6.27156119],229.6279926119671,2.184178428106647,0.05418223363906148,0.008355412258564501,60,True
199,0,[ 1.84966771  1.64151842  1.77728672  1.0816526  -5.21577154  2.24047992],0.03518021237929602,0.26774212090657973,2.1837994270924312e-05,0.0,20,False
200,0,[ 3.63699034  5.93857612 -2.37664519 -3.53593674  5.31788564 -1.14039819],556.040218122667,20.49309099715107,0.4371099206685061,0.0,60,False
201,0,[ 1.63144652 -0.80866484  1.76119956  3.17720251 -4.62714355  6.28318531],277.10307593052937,47.81418920975194,0.7732014514576736,0.007568999999999999,60,True
202,0,[-2.81690818  5.97096692 -1.25809122 -0.6502286   1.67006065  0.92099138],0.12957979348119383,0.6083997809211692,0.00011277101823927287,0.0,38,False
203,0,[-5.93403139  0.52463019  3.06893562  2.68755653 -2.26673879 -5.76999657],1265.3693529783243,22.54291715369886,1.7559610283612668,0.00020572068200346212,60,True
204,0,[-3.72381833 -2.01565933  1.75438839  3.78917131 -4.132603    2.41622457],0.0061783290222070094,0.9761954471107132,0.00029028750851134964,0.0,57,False
205,0,[-2.53706404  3.67186812 -2.02357591  5.46911708 -5.97695054  4.6946896 ],0.04195498765394097,0.1896878020276512,1.0962340408106284e-05,0.0,11,False
206,0,[ 4.41702319 -0.9977933  -2.00837065  0.34269753  4.36026473 -2.80787792],31.171557557601435,48.93223725549505,0.7303366018334381,0.0,60,False
207,0,[-3.49981407 -0.99936572  1.04193079 -0.93472223  5.92383671  1.53887047],0.03228066416108307,0.7470656127805334,0.00017001016542352062,0.0,20,False
208,0,[-4.2164335   6.18112777  2.05547346 -0.6115711  -1.50721934  5.68859393],0.08560339406444305,0.0073141565137922315,2.3624024305500198e-08,0.0,6,False
209,0,[ 5.48307768  2.37165297 -0.20509056  2.97035838  1.86703301 -0.10056507],137.32719046595787,10.544057238249831,0.05272525169443879,0.0,60,False
210,0,[ 5.93318531  5.46256294 -1.61264412  2.62022724 -1.84550978  6.28318531],82.94399334656798,11.652158225737146,0.04823846340068628,0.007568999999999999,60,True
211,0,[ 3.68861887 -4.35376009  2.21727021  5.31040724  3.35421404 -0.26519366],0.6984969796470967,0.2617198724806891,2.1353366275775274e-05,0.0,15,False
212,0,[ 1.74549094  3.7373906  -2.53720789  4.50566894 -5.25363201 -3.39878314],0.10569020499242895,0.2419492694527178,1.7843306326105952e-05,0.0,24,False
213,0,[ 3.39366166  5.95861102 -3.13192336  1.68014318  1.72754922  6.28318531],35.54978932764196,6.055666356083426,0.012434441865828016,0.013549038404705335,60,True
214,0,[-3.34885298  3.66383351 -2.59211658  4.18644957  1.55722417 -4.72811695],3.6327120542286107,0.02634228369770645,1.3407975743116027e-05,0.0,12,False
215,0,[-3.2747793  -1.45973867  2.07587519 -1.90343152  1.61616597  6.28318531],106.34662093116475,41.80877262626945,0.5437727716181694,0.007568999999999999,60,True
216,0,[ 2.10206824 -1.97021672  0.78085629  0.85000733  2.15531161  2.76567206],69.8512143236505,8.133232911564084,0.02502947532733513,0.0,60,False
217,0,"[-6.06265738e+00  1.90338218e+00 -3.01596659e+00 -4.67567362e+00
 -5.49735142e-03  3.26581028e+00]",58.03714485815403,0.07187996083807476,0.0033698840588730346,0.0,60,False
218,0,[ 3.67959462 -5.91162357 -0.12841791 -5.80762655  4.21709414 -2.58612928],140.73545609399994,10.431157569102396,0.052951600123695645,0.0,60,False
219,0,[ 3.88188961  0.73150576  2.05193623 -4.84827802 -2.65848284  0.97220091],49.041114048154036,18.874794406144357,0.1109273821391729,0.0,60,False
220,0,[ 2.72065865  1.30226088 -1.95566889  1.27418612  4.39079197 -0.76557062],0.8815065990565004,0.967767680698912,0.0002860738956555507,0.0,16,False
221,0,[ 2.83238818 -3.17825963 -1.16148929  6.19852272  3.66561894  4.78346444],1.6424254562009437,0.1801365306110934,1.2582143715410418e-05,5.463516387349213e-06,21,True
222,0,[ 1.36363334  4.59258651 -1.79611115  3.37063452  0.9801689   6.28318531],1.2173462100407233,48.674125294981124,0.7216920785224363,0.007568999999999999,60,True
223,0,[-5.55404579 -3.17352908 -1.02678355  4.92187335 -4.00921058 -2.17838397],0.21026231727970557,0.1581332088264601,7.661507477301758e-06,0.0,6,False
224,0,[ 6.28318531 -5.16012581 -1.82433945 -0.6104932  -4.24107855 -6.28318531],245.4936620190598,43.139351705435885,0.6271612729096349,0.015137999999999999,60,True
225,0,[-6.25005187 -6.28318531 -2.48389971  6.28318531 -3.30311498 -0.15529046],446.4624650982768,7.043671633035535,0.21444181124345882,0.018039607120038957,60,True
226,0,[-4.28439957 -2.77205059  1.8572755  -1.13501876 -4.69218227  3.22844176],3.8807787296018383,0.24905300127890082,3.395506931422383e-05,0.0,8,False
227,0,[-1.70087481  1.70624382  2.97945534 -0.42789531 -4.22008095 -4.80200749],159.89462256157572,22.492987180756884,0.17968274386145608,0.0,60,False
228,0,[ 5.93788449  0.72427569  1.91023264  0.48634572 -0.18568897 -0.66050818],392.1588633021575,30.340487417869827,0.4342026706063182,0.0,60,False
229,0,[-5.59598191  2.06849323 -1.58130472 -6.28318531 -4.06792432 -1.22909916],31.31129865676865,11.420225310583966,0.0407090722947049,0.007568999999999999,60,True
230,0,[ 0.66129825  2.43668301  1.43572121  2.93551993  4.16712282 -5.77730211],1.221933237101563,0.36934762007447913,4.3048317795447664e-05,0.0,24,False
231,0,[ 6.28318531 -5.60435882  0.69866487  1.61010483 -4.83746055  1.24119349],256.7487870196331,37.094964370057625,0.4850845917365102,0.007568999999999999,60,True
232,0,[ 5.70062196  0.3331869   0.54851978 -4.99830718 -6.28318531 -4.93994979],503.8740046379405,56.419973240783975,1.223551259145503,0.007568999999999999,60,True
233,0,[-4.08894817  5.61619659 -1.25638731 -6.28318531 -5.06803728  5.49125858],130.87463497131554,45.99454196392234,0.66154567903838,0.007568999999999999,60,True
234,0,[ 4.52927984 -6.21959489 -1.58504949 -2.88926619 -6.1658367   3.30215325],4.854698745310317,0.08615709923154219,2.582928895043014e-05,0.0005480084751533313,39,True
235,0,[-2.49930252 -0.68288696  2.60833051 -3.07309698  1.64508274  0.4883012 ],0.22791808328322397,0.34894282140111554,3.714249651315526e-05,0.0,20,False
236,0,[-6.28318531 -3.6790806   0.70699847 -3.39034067 -4.31269998  5.71272389],291.0194187880751,13.756591749467107,0.1423392652233043,0.007568999999999999,60,True
237,0,[-1.01482427 -4.39698887 -0.30989303  0.58230819 -4.69642006  6.21587482],62.256876915306385,0.5400989093491153,0.0039647777057090815,0.000387676770808366,60,True
238,0,[-3.51749006 -4.67365857  1.80466764  1.48969366 -3.13771347  6.28318531],657.8404480273033,27.726718874056317,0.666935075064639,0.007568999999999999,60,True
239,0,"[-9.05846493e-01  2.04685633e+00  2.17588036e-03  8.36344360e-01
  3.66608593e+00 -6.28318531e+00]",80.32920619280794,41.69411771035328,0.5359995368862331,0.007568999999999999,60,True
240,0,[ 1.85951443  4.44390219  0.60286619 -5.15556341 -4.14612818  3.13755594],140.28749346480453,2.804714402865854,0.022076830263794835,0.0,60,False
241,0,[ 4.30284991  4.73163392 -2.38839841 -0.28679607  4.07585798  2.50276773],0.005722271988350277,0.8066208899829534,0.00019819547615048254,0.0,18,False
242,0,[ 1.36713695  2.09071513  1.77379967 -3.5049002   4.31125232  5.28190284],0.7645039789779922,0.9951375788084439,0.0003022467318382607,0.0,11,False
243,0,[ 1.21910858 -6.25006066  2.38878758  3.96537666  1.4884455   0.82862165],9.599123922075671,0.12689821027042503,9.704848183239662e-05,0.00290255326413004,60,True
244,0,[-4.04045701  1.57778014 -0.63785815 -6.2341659  -1.27022144  4.91396509],7.03196424154427,0.01830719517073707,4.9550614656780875e-05,0.0014425256715103574,60,True
245,0,[-1.6535626   6.28318531 -3.14159265  6.28318531  6.28318531 -5.27457241],412.1122240833449,52.17699842825233,0.9991388792019726,0.030275999999999997,60,True
246,0,[-0.64156784 -4.82426013  1.82910749 -1.21374407 -1.44594641  6.28318531],7.705600759137644,56.74749436806555,0.9810121872955365,0.007568999999999999,60,True
247,0,[-3.06938339 -5.95688445  3.14159265  2.4211293  -1.81055524  2.63396402],989.8123498840514,3.807654957108757,0.9841449033077428,0.007568999999999999,60,True
248,0,[ 2.28129568 -1.34685963  0.33268649 -4.28229956  4.04858148  5.19530802],0.4051879900639968,0.8020953289336559,0.00019614190127352238,0.0,12,False
249,0,[ 0.05049118 -2.35889031  0.9956144   2.92904822  4.87003586 -5.18516651],0.7807267691274967,0.007546376930002924,6.268815813837168e-07,0.0,47,False
250,0,[-2.52391484  2.72918404 -0.5614084  -1.12699235 -6.28318531  4.62389938],327.5522176912981,49.31811172567888,0.8482041385653573,0.007568999999999999,60,True
251,0,[-0.58894086 -2.95028158  2.76323186 -6.05308812  2.31840005  2.27938356],384.4845919983114,29.30907974590007,0.4095015140478315,0.0,60,False
252,0,[-2.5899144  -6.17848707 -0.09487984  0.31753813 -1.31981485  3.4171577 ],3.595126596666173,0.02786371796836368,1.316143618343824e-05,0.0,14,False
253,0,[-0.27666774 -2.59943819  2.93657522  2.70168884  0.1450739   1.21942063],402.4327629193443,0.4908436204954243,0.16202551937205148,0.0,60,False
254,0,[ 2.87372703  0.31642326 -2.86923851  1.2289639  -2.28343667  2.51175436],2.7777223967626705,0.16438926867588524,1.594767158521481e-05,0.0,52,False
255,0,[2.04252639 1.65327443 0.42484838 1.29547255 0.73548671 4.77990434],0.6786993969471353,0.32280239637588,3.2202190549845394e-05,0.0,16,False
256,0,[-3.36269907  0.09911139 -2.18921326  2.86580306 -0.7288253   5.29050396],0.12004939783920887,0.459683114530736,6.438268194608007e-05,0.0,28,False
257,0,[-1.02162096 -1.48604358 -2.50468534 -4.58367498 -5.87688437  0.78630138],0.10247453853344217,0.17442388176468163,9.278087140642804e-06,0.0,23,False
258,0,[ 1.05997013 -4.24448366  0.93742891  2.36085889  1.73344753  4.32088994],0.02880268848960814,0.5230381644050843,8.333468857294904e-05,0.0,13,False
259,0,[4.23979828 1.89994476 0.56577543 5.17891624 4.47641983 2.85268938],0.5007747544121425,0.15204786905981038,7.29308977126736e-06,0.0,35,False
260,0,[-1.65527863  5.97284555  0.11568417 -6.13722214  3.44687005 -6.28318531],113.26206266208821,22.5092133378263,0.16716718390695473,0.007568999999999999,60,True
261,0,[ 1.7194814  -3.48099636  1.07527061 -0.10159019  2.23649616  1.37513055],0.019467579059364307,0.8687000678479472,0.0002298768101310814,0.0,25,False
262,0,[ 4.84451401  0.55049124 -1.38294125 -3.78976158  5.99360677  1.81961924],0.05605985611987291,0.9210876485620889,0.0002584413098965268,0.0,9,False
263,0,[ 0.7108783  -2.34220061 -1.31785792  0.30585694 -5.29147228 -2.11468959],1.6286614543538347,0.10757766429078927,6.177861475293808e-06,0.0,13,False
264,0,[ 3.01362775  5.28511119 -0.70341585  2.40015182 -2.08690678 -2.55797411],0.14005257782798358,0.20950996833947474,1.3390621769626309e-05,0.0,15,False
265,0,[-4.0654493   0.62710095  1.41448632 -0.48991749  3.51778602  5.93318531],37.21903023022414,1.328463048092152,0.0019228493197295808,0.0,60,False
266,0,[-2.25678056  5.51701682  1.28318678 -5.48923233 -1.40308713  3.99463301],0.018126792911713416,0.028652133885429806,2.504026601312109e-07,0.0,19,False
267,0,[ 0.9778064  -0.35313145  0.33407869  1.245108   -2.15924998 -0.17391483],45.04651526608556,0.0006559167891891393,0.0020291886686722676,0.0,60,False
268,0,[-1.16491392 -4.20708351  2.84684578 -1.23323461  0.96590877  0.3400978 ],1.790778242596661,0.14527730103473516,9.635987899447285e-06,0.0,29,False
269,0,[ 5.02268747  1.59660401 -2.30612672 -4.38848135  2.48903649 -3.97624075],0.03516515302198771,0.909235823989088,0.000251831437788298,0.0,24,False
270,0,[ 2.82419246  0.56911208 -0.48560554  4.15588938  1.3661809  -3.32433627],4.168708713083263,0.8244723331324121,0.0002244432332346766,0.0,19,False
271,0,[ 0.76611552  6.0813009   2.66606079 -2.48821488 -3.3795702  -1.20266029],32.7857660705077,48.97084218431591,0.7315911564429418,0.0,60,False
272,0,[ 5.02257406 -0.68502178  2.47645393  5.71899133  4.77725072 -3.89349065],0.12708666677870362,0.36498794936296963,4.0596127107403e-05,0.0,12,False
273,0,[ 2.69892818  1.10244865  2.1598148  -1.8151274  -1.53277465 -6.24239477],6.885875848514008,0.14246691732943084,5.359805191112658e-05,0.0021353146750310403,60,True
274,0,[ 4.33148553 -0.77933893  2.42870702 -1.14172663 -3.65590059 -0.82743329],708.1131886590063,46.24464732368093,1.1528691732364118,0.0,60,False
275,0,[ 4.11834461 -2.85417997 -0.17100788  2.29630224  3.32598678 -5.08356751],144.41399363148628,0.027674405839234466,0.02085563485477246,0.0,60,False
276,0,[-3.77825457 -4.04601524 -1.39605182 -2.51283307  1.35602396  1.70035007],0.041546057704322424,0.12310208651918535,4.617936137171307e-06,0.0,11,False
277,0,[-1.26175366 -1.81186733  1.45548327 -1.28043575  1.0071102  -4.17979148],0.045658865900325966,0.7701629781735393,0.00018068621584047353,0.0,16,False
278,0,[-6.28318531 -6.0567899  -2.80794855  3.65482044  3.14999992 -4.10776316],390.48850915408326,8.136385338195119,0.172647182421397,0.007568999999999999,60,True
279,0,[-0.95660821 -4.6256629   0.15983636 -6.28102771 -1.37796994  2.62689548],194.46816966181635,0.21778447251825958,0.037832317039131584,0.007198232747930683,60,True
280,0,[-6.25417531  1.70597029  3.01365945 -1.03744252 -0.35269426 -3.27737554],733.4249751697796,27.192990357370153,0.7631642029219112,0.003362840126304101,60,True
281,0,[ 3.10897295 -4.76334845  2.70173978  1.79423557 -3.46442913 -2.28571181],0.026812545015712414,0.343535549228252,3.5950653511403493e-05,0.0,17,False
282,0,[ 6.28318531 -3.33440842 -1.01112175  2.70644406  1.60272252 -6.28318531],685.0068788824948,54.91010033628454,1.3876922304776682,0.015137999999999999,60,True
283,0,[-2.92800258 -0.15670043 -1.84023653  5.79701455 -4.41432071  0.65647155],0.004285072193242514,0.3105083119606203,2.9369832331007298e-05,0.0,10,False
284,0,[-3.83040207  2.623301   -2.61370028 -5.58575154 -1.40504376  5.93653029],68.5153306746597,12.633000404194574,0.053309066788329515,0.0,60,False
285,0,[ 5.98314398 -0.45185389  0.74985697  1.26140003 -6.28318531 -6.18050206],29.465154473426995,22.781590561096067,0.1589649007556698,0.007568999999999999,60,True
286,0,[-3.96818653  1.07375773 -0.18204923  2.80472137 -4.33697055  2.17886263],258.0667475215748,1.843514079948457,0.0676337019303188,0.0,60,False
287,0,[ 0.27511071 -1.62810812 -2.55559996 -0.24232092 -1.45040397 -4.84407928],0.08190970949835737,4.4892613878049254e-05,6.709814419841639e-09,0.0,25,False
288,0,[ 4.33332116  3.04074225 -0.12862005 -3.28717401  1.51473735  4.07272313],168.97101911301107,0.13980595470644816,0.02855715926230585,0.0,60,False
289,0,[-1.85913142  4.87825027  0.27291029  1.64328487 -2.18605596  3.0843366 ],0.1155659194464977,0.0002892846539976788,1.3380973832422237e-08,0.0,16,False
290,0,[-2.71726629 -4.34990462  1.90017064 -5.33010814  0.56187994  2.06792993],0.09730639558607412,0.48641948402742924,7.208314246323002e-05,0.0,37,False
291,0,[-1.65429551 -4.95587417 -2.5291801   2.05854284 -1.45644384  3.92035363],0.04766659162961209,0.9083718810691614,0.00025135412973460177,0.0,48,False
292,0,[4.5228073  0.40349359 0.89263555 2.27921953 1.12068016 1.2564351 ],2.2111257452064845,0.33994694988994234,4.0091862854148855e-05,0.0,9,False
293,0,[-2.19834071  2.06338351  0.96242429  1.47301229  1.6232369   0.75016117],0.05645830274306916,0.11137679906350989,3.7819030799588028e-06,0.0,43,False
294,0,[-1.48156891 -6.28318531 -0.62254004 -0.79457957 -1.18123657 -3.30914197],459.24775839674464,21.149609847005486,0.34716570215638637,0.007568999999999999,60,True
295,0,[-4.82616093 -2.50317151  0.25795196 -4.13018056 -5.05836444  1.35468279],75.73044476538705,0.0971028395223056,0.005737972490269464,0.0,60,False
296,0,[ 4.96658564 -3.63204599  2.12268882 -6.28318531  6.1064696  -4.4509517 ],118.72900787233492,50.26971500765509,0.783878275503367,0.007568999999999999,60,True
297,0,[ 3.60565596  2.8953404  -3.09777698 -6.28318531 -4.30142935  2.53583452],393.3355862885845,5.9446957965850675,0.1654778827574412,0.009433886311590678,60,True
298,0,[ 4.11262917  5.9566621  -3.14159265 -3.06436697  1.7200016   1.42739361],103.78162308754656,0.33097994935402525,0.010803995436589553,0.007568999999999999,60,True
299,0,[-4.5022692  -1.1776348   2.46975905  4.28226283 -3.35945678 -2.83239288],0.33412665393042673,0.8784018433871162,0.00023515133416329075,0.0,27,False
300,0,[ 4.21000705  5.79449675  1.68269429 -2.91803919  1.63796164  0.40776883],2.582658650335964,0.08616027585422595,8.931481490569376e-06,0.0,12,False
301,0,[-0.02538781 -0.58664099 -1.11927645 -6.23516531  1.0787159  -2.23005352],4.9542296286193395,0.009371414765964332,2.457114375507729e-05,0.0015194403982892143,40,True
302,0,[-5.56492845  1.77078796  1.05143387  3.82144544  5.91966529  0.62686598],0.06729161104727613,0.8816271106434912,0.00023677340190785947,0.0,60,False
303,0,[ 1.093865    1.307714   -0.15185251 -4.6500062   5.74835181 -0.67987474],51.00828296799728,0.00017844661070804288,0.0026018449410432727,0.0,60,False
304,0,[ 4.09918721 -6.20922576  1.44671438 -0.34417469  5.1515519   1.4905696 ],1.4827782419390594,0.7633640572752336,0.00017970672098250646,0.0001700533319904166,38,True
305,0,[-5.04693456  0.80620847  1.77287785 -0.58837709  0.73375987  6.13697442],3.5984728602259555,0.5832698471798577,0.00011658098467798787,0.0,9,False
306,0,[ 5.70897119  0.16574142  2.82433418  0.13920386 -0.64193133 -0.92885733],562.5119796956963,25.450868393125536,0.513734656328855,0.0,60,False
307,0,[ 2.63892089  0.56358377 -0.27589051  0.55281861 -2.10682298 -1.67494691],80.9959029406153,28.26814101652897,0.24997639905529245,0.0,60,False
308,0,[ 3.41683655 -0.08415221  0.52744857  1.13449073  5.46020261 -1.6065403 ],1.1752672854598958,0.09670771017534839,4.230151424519728e-06,0.0,21,False
309,0,[ 1.28753474  5.98275881 -3.14159265  6.28318531 -3.17618375 -6.27225001],877.9182275405723,20.085711587231224,0.8936339897292116,0.020923838339357976,60,True
310,0,[ 5.94611394 -2.77354326  1.26009057  0.68783093 -4.63288215  4.86747712],2.6460459286362035,0.21368701584655064,2.0911042551036256e-05,0.0,8,False
311,0,[-5.90193271  4.19886571  1.38094473 -1.14859041  1.67320962  4.96333736],0.015845569261188783,0.10735354343166893,3.510900830654249e-06,0.0,27,False
312,0,[-4.83709613 -4.48942879  0.38540892  3.53344533 -5.45484152 -3.50488679],4.454341711317622,0.00582382151709373,1.985149175885449e-05,0.0,16,False
313,0,[ 1.71167657 -0.56457494  0.20371029  1.79028588  5.15528767 -0.38809277],74.4837581585618,0.0006574216297874964,0.005547830361079744,0.0,60,False
314,0,[-4.37505442  3.0707579   1.99884584 -3.99140572  4.08601093 -1.42986934],0.09777500270928688,0.9124098600888839,0.00025360104967897214,0.0,12,False
315,0,[ 1.88731315 -2.32899671  0.10712215 -4.96812937  2.44215445  2.57573007],22.184724520179795,0.003209164012073087,0.0004921651392099402,0.0,60,False
316,0,[-6.28318531  1.64626788 -0.02796545  5.24341216 -6.28318531  6.28318531],272.2018179425028,52.64732050526243,0.9184142253715366,0.022706999999999998,60,True
317,0,[ 0.58932771  3.44942226  0.2606724   0.57863594 -4.93313748 -1.66710227],117.39156690901214,0.12162182298549351,0.013785285841964152,0.0,60,False
318,0,[-2.13344461 -5.80164872  0.34647599  2.86459369  2.39533247  4.36269944],34.20961691704537,0.0031169218889285882,0.0011703008490307819,0.0,60,False
319,0,[ 3.65750513  2.12965085  1.13999207 -6.28318531  4.65360835 -1.51166574],72.64723631065138,27.244983665589288,0.23139182196416624,0.007568999999999999,60,True
320,0,[-0.8217614   3.84445747 -2.59656564  3.63839169 -4.21023709 -0.935039  ],0.15673479367171844,0.07257323687524171,1.628947580214907e-06,0.0,17,False
321,0,[ 0.14271735  0.3452513   1.49440775 -6.01956535 -1.25056551 -5.16361719],0.24232416630294032,0.7464347943113796,0.0001697808558928629,0.0,25,False
322,0,[ 4.37527641  3.05785689 -0.25667423  1.44927835  5.97294946  6.22135889],4.939091443438273,0.4197869916415534,7.807464667079681e-05,0.0006337092168408205,38,True
323,0,[ 0.35168749 -3.05218386  0.00647701 -5.20962717 -4.06347677 -0.07616472],0.16052206794404844,0.5725618676484543,9.988761032235915e-05,0.0,16,False
324,0,[-5.21772558 -2.71361811 -1.77691146  6.1251956  -0.87063975  0.86195932],0.27498861865704466,0.07468664385536067,1.7748035766690307e-06,0.0,25,False
325,0,[-6.28318531 -1.70692911  1.56287406 -0.63726513 -5.50311361  3.47556438],551.9892759488083,35.367941836154145,0.6857354439647132,0.007568999999999999,60,True
326,0,[-5.23375142  1.58958297 -1.75076637 -5.51469432  5.1791686   4.22189358],0.015055699970859848,0.7389907290216647,0.0001663540225896048,0.0,7,False
327,0,[ 4.49566515 -1.27733199 -2.17477111  4.01735642  5.31795469 -3.06489753],0.036656695463705,0.9073081631941188,0.000250764871996293,0.0,26,False
328,0,[ 6.22068009 -6.28318531  3.12028623 -5.9152663   5.2431443   5.61697716],778.5738930173844,36.68400954174659,1.01610601195918,0.012484639870313625,60,True
329,0,[-3.55235923 -4.15423646 -0.70730812  0.62871248 -1.20172162 -1.26716407],0.0623635361200065,0.24567478145764704,1.8389408126197767e-05,0.0,23,False
330,0,[-0.28700572 -3.98928871  2.21097796  2.49008355 -3.39998864 -5.94921306],0.19306064893416436,0.34058617000915675,3.537256997172498e-05,0.0,19,False
331,0,[ 3.99217428 -1.22656695  1.51558847 -1.71262392 -5.46154625  6.2421165 ],4.698559410169985,0.09774672698714909,2.4986904102040267e-05,0.002109674536168467,46,True
332,0,[ 6.15303817 -2.22789056  0.95633481  6.28318531 -5.17478079 -6.28318531],183.89571211817102,56.68138732860437,1.0124862862002932,0.015137999999999999,60,True
333,0,[ 3.03317315 -6.19815373  0.25264051  1.4112961  -2.26170259  0.5622409 ],226.89786766696167,0.026298816904856595,0.05148285303368099,3.874673254508819e-06,60,True
334,0,[ 5.12263294 -0.44764159  2.63413228 -4.44343106  6.28318531  6.20420341],326.5132120487252,57.17101027729932,1.10226035179286,0.0076332899707688305,60,True
335,0,[ 2.75847573 -4.4062718  -3.07846554 -1.96839995  0.14834246 -0.38079539],380.4174505889013,8.927472602687395,0.16899537411555246,0.0005699146554131289,60,True
336,0,[-2.13472796  0.06526169  1.502697   -1.91040845  6.24914322  3.47396283],4.836691397085485,0.005671790485987683,2.340338297157021e-05,0.0028045410478896656,49,True
337,0,[-4.5442788  -3.99227757  2.74413437  4.83095509  5.87351384 -4.40905895],0.26903498999507863,0.10447474995302233,3.3972708532114187e-06,0.0,50,False
338,0,[ 1.89302823 -5.23330679  2.61897486 -1.41098767 -2.19367803 -0.81621373],0.9453450999435832,0.8128644490617494,0.0002021692148401472,0.0,15,False
339,0,[ 0.69227713  2.109572   -2.42768854 -1.40517173 -4.86159374  2.69824881],0.011944899063011853,0.2156172677802989,1.4162052098412458e-05,0.0,17,False
340,0,[-5.51160981  3.47638464 -1.9641295  -0.54630674 -2.27995192  1.31028577],0.11761699736634341,0.6528301001938778,0.00012983786060559395,0.0,6,False
341,0,[-6.12201695 -1.75451759  3.10685955 -1.31609263 -2.7336871  -1.08197125],499.5750345491194,56.86732791526974,1.2346753518650473,0.0027318285640362074,60,True
342,0,[ 0.68008873 -0.33219311  0.28010844 -5.07065215 -2.53738353  1.43159165],237.41183709330085,5.053969562698954,0.0641451038393787,0.0,60,False
343,0,[ 4.64671366  5.03564624 -0.53273396 -3.1602961   0.20655029  6.24278652],107.95703621328566,0.1476708099668433,0.011661364358932391,0.0021716731245497475,60,True
344,0,[-4.21443798 -0.78807739 -1.15152454 -6.28318531 -3.23190467  5.93318531],115.9432478012447,15.382380190499033,0.08552068569019076,0.007568999999999999,60,True
345,0,[-0.59704777  4.33733662  2.92372756 -6.25368297  3.69741038  0.02005569],124.60880868966099,44.888001678687765,0.62931095370824,0.003305981639136897,60,True
346,0,[ 0.41330138  4.4696426  -0.10207015 -1.15610076 -2.06055455  1.14961745],18.295743922220886,0.0001498762492837566,0.00033473425251007014,0.0,60,False
347,0,[-2.29481466 -2.05789371  0.08247521 -1.85539252  3.7916931  -1.963873  ],28.756226430679472,0.0005856970884121843,0.0008269206630287972,0.0,60,False
348,0,[-3.14182582  3.11765288  0.78043395 -5.33546085  3.00129673 -4.98199609],0.16926146103593248,0.7861997564800207,0.00018831574017693262,0.0,51,False
349,0,[ 1.14326237  1.2784777  -0.07705168  5.39188333 -1.17550487 -0.25244281],1.81240343147985,0.005007028441000708,3.2924430588380215e-06,0.0,16,False
350,0,[-2.69624292  1.48197091  2.36957464 -5.91657516 -4.58792881  2.32666056],0.04615319384129064,0.9271696015079454,0.00026186450587313234,0.0,14,False
351,0,[ 5.06796284  0.6944867   1.51323147 -2.90351182 -3.96767349 -5.36164301],0.02722887134710194,0.7512805473658021,0.00017193365510530535,0.0,43,False
352,0,[-0.69167419 -0.56311033 -2.65757705 -4.15101962 -3.86514101 -1.89354502],1.0384807190915688,0.038225014299852,1.5235344702472193e-06,0.0,19,False
353,0,[ 1.51769544 -0.17953131  0.80379834  3.08663583  1.02021465 -2.42054938],1.0798225670748405,0.0008074675614084987,1.1662153880984533e-06,0.0,18,False
354,0,[-5.60379798  2.93224315 -3.11936126 -2.80881196  2.68375715 -2.35095785],335.605525209105,21.764550548434453,0.2569270184395054,0.004194972779746925,60,True
355,0,[2.35520855 3.00551317 2.37161235 2.47335687 3.5059073  4.8296002 ],0.010337873932023758,0.31769448163514896,3.074507715021172e-05,0.0,12,False
356,0,[-4.08314759 -6.28318531  3.14159265 -5.45644201  0.49734935  3.38060056],949.439759342533,34.01330991541105,1.2538493492401166,0.015137999999999999,60,True
357,0,[-5.01571186  5.99532828 -3.12969547  0.83695695 -3.15224508  3.75763041],679.493105090098,3.8384760579162127,0.4661990819933672,0.00564043295499006,60,True
358,0,[ 2.59220907 -6.28318531  2.36897886  6.28318531 -3.06452476  0.04230028],404.80675668730305,2.045767696379163,0.16514338456579844,0.015137999999999999,60,True
359,0,[ 5.15431143 -3.15913228 -1.33033285  2.94794143 -4.2859438   5.85057677],0.0601248742702852,0.15525648705488126,7.346288982032916e-06,0.0,21,False
360,0,[-5.85521751  0.81463285  1.84721382  1.80865421 -5.37489435 -1.86594785],81.22063788917409,28.848671114839174,0.26011336788695727,0.0,60,False
361,0,[0.9415583  3.48908654 1.45617128 6.17792187 2.43001353 4.25552506],0.09505202864278556,0.838586788601541,0.00021422447346085985,0.0,51,False
362,0,[ 4.6598721  -0.36908739  1.04072418  5.42669042  2.23981419 -0.18931104],2.6226699495367822,0.8775186349189168,0.00024144567715883578,0.0,16,False
363,0,[-2.92509958 -2.7153485  -0.2284318   1.95338891 -5.15219436 -5.21147304],197.23897096251156,1.7224232785136058,0.03980693294444382,0.0,60,False
364,0,[ 6.28318531  4.54938641  2.6311077   5.17752804 -0.25670267  6.28318531],790.7654258876544,52.92231633636489,1.4784737667499406,0.015137999999999999,60,True
365,0,[ 2.2766253   5.95641544 -3.14159265 -2.67846181 -4.88017006  1.38173592],134.53954104322568,2.5381549554987224,0.020063303760500587,0.007568999999999999,60,True
366,0,[ 6.28318531  0.74765018  1.84720792 -5.85421315 -6.28318531 -4.07650038],892.4675868405936,1.5709765410347474,0.7972501793898263,0.015137999999999999,60,True
367,0,[-6.28318531  6.07945938  3.14159265  5.9328944  -1.64594504 -2.65931658],175.0729017620637,20.803183196662,0.16248054225212047,0.015137999999999999,60,True
368,0,[-6.28318531 -1.82610577 -1.07694607 -4.90741633  2.34010546  5.35710826],414.5366969225271,16.00674938755128,0.24988853783012155,0.007568999999999999,60,True
369,0,[-5.01363679 -0.53292476  0.05039204  1.89493371 -2.76029787 -0.48518717],50.027792647233426,0.06665098672841883,0.0025041332555775513,0.0,60,False
370,0,[-3.6090991   0.09479639 -3.14159265 -5.86963939  4.92428336 -1.0528798 ],474.52164460629604,52.119255458511525,1.0526386646977526,0.007568999999999999,60,True
371,0,[ 6.26189732  0.9062575  -2.588327   -3.55958233 -0.73680817  1.40360894],2.2904852219060094,0.3885982301428518,5.1246167918712216e-05,0.004318068657633957,12,True
372,0,[ 2.48986985 -5.82650612  2.72514437  4.86238222  5.20098767 -6.00600607],73.24370280162574,1.2236167309654515,0.005820724747307171,0.0,60,False
373,0,[ 6.28318531 -3.01376662  2.0303842  -2.1784325  -1.39528495  5.47722785],683.3867433558474,15.257518213783943,0.537929897357682,0.007568999999999999,60,True
374,0,[ 3.28827419  2.98773771 -0.96098994  3.83186483  1.61275054  2.79958659],0.44701772541507956,0.06576849963611052,1.5174461388647554e-06,0.0,12,False
375,0,[-5.38066474  2.61469235  1.75337911  1.83895423 -0.80981232  3.91282568],0.024101488006340648,0.8697152951816147,0.00023041462728751872,0.0,15,False
376,0,[-5.95762971  1.47811066 -0.89043129  3.24565879 -4.41704306  3.99339841],0.14430758733395269,0.057845970626828815,1.0401221834811735e-06,0.0,17,False
377,0,[ 5.20494739 -1.11801892 -2.08043821 -4.82156944  2.27624098 -5.96735199],48.23746473244495,2.0625434224957058,0.003622721512678269,0.0,60,False
378,0,[-1.83357892 -5.79144412  1.825471   -4.44361803  1.28187451  6.11485217],0.43367928677829864,0.02453120936951145,3.71390465675484e-07,0.0,17,False
379,0,[-2.72856954  0.75206316  1.73383878  0.5972603  -4.124889    0.47355557],24.527700526815426,3.3101114315721007,0.003939251719107336,0.0,60,False
380,0,[ 1.26470761 -4.26512507  1.68636935  4.83599612 -1.89215592  1.86016443],0.024930632829190585,0.11110724358367118,3.7610686236587202e-06,0.0,10,False
381,0,[-0.85333994  0.57286659 -2.06095371 -1.99721791 -1.77614406 -3.6685535 ],0.0074757122121239,0.6671868502953578,0.00013559693421126104,0.0,20,False
382,0,[-5.49956272  5.95407864 -3.14159265  6.28318531 -4.22398128  3.53113996],184.03914962605603,57.012843778418734,1.0240184737378069,0.015137999999999999,60,True
383,0,[ 0.06656769  0.51565171  0.09181043 -5.21138361 -0.84506167  6.28318531],357.3753566352616,54.58581772135959,1.0353587115027925,0.007568999999999999,60,True
384,0,[ 3.66637907  5.95976992 -3.14159265  6.28318531  4.83735157  2.67046343],1096.836731443184,11.981520333802115,1.2467807264408548,0.015137999999999999,60,True
385,0,[ 5.9163741   1.80896042 -0.51721746 -2.61397988  1.28900083 -0.2492127 ],0.8345731588627799,0.9567416153436805,0.00027952944398234025,0.0,23,False
386,0,[ 3.20340745 -4.13140151 -0.29247784 -2.79885842 -4.96898283 -4.99790698],0.11807919490754819,0.2876679898488158,2.5221909161718815e-05,0.0,36,False
387,0,[ 2.07891055  5.96149177 -3.14159265 -5.83480357  1.61579487 -0.31491842],1067.248735341535,20.280299276544312,1.2643061257836594,0.007568999999999999,60,True
388,0,[ 3.00576085  0.22292823  0.21511519  1.28497055 -0.24024635  4.62610872],133.9202657618347,0.09857972122395944,0.017937597842058842,0.0,60,False
389,0,[ 1.09864034 -1.95658933 -1.59502021 -5.84598002 -0.16078233  5.77937316],1.2208772915545072,0.21583911232694017,1.568160761442817e-05,0.0,18,False
390,0,[-4.94226108  0.90110052  2.69715438  0.78426167  0.54998345  3.46465649],71.54493009113696,5.7649513524100255,0.01524253464604182,0.0,60,False
391,0,[ 4.48845426  0.49590103 -0.28604812 -0.35150705  2.04477581  1.96339583],0.11992182913500732,0.7453868442104016,0.00016926029108073925,0.0,15,False
392,0,[ 1.69099901 -5.20817829  1.80899956  2.16112166  1.39808174 -3.22154422],0.2015600071624599,0.010039308067326025,7.132812757864878e-08,0.0,12,False
393,0,[-2.93572654  6.28318531 -3.14159265  6.28318531  1.74438245 -5.65069906],797.6531660818134,10.821181709558541,0.6719206559379702,0.022706999999999998,60,True
394,0,[-3.40949071  1.16069641  1.84643132 -4.47037469  6.28318531  2.53209805],240.9035004082007,37.39258810290883,0.4839522924303304,0.007568999999999999,60,True
395,0,[-1.51711576 -1.57439811  1.31834298  6.23774564  3.7964929  -4.72343863],4.999950442152321,0.20170530401022838,3.7392873184738745e-05,0.0017272615456607903,35,True
396,0,[-2.26670644  2.30751135 -2.74807335 -2.40113057  2.09193291 -5.22983131],0.010263047661696306,0.126599048177069,4.882305889824699e-06,0.0,19,False
397,0,[ 0.32652391  4.01003641  1.49160867 -2.67577844 -1.37048951  0.9557706 ],71.73665892119077,3.9309515977621996,0.009853212499666003,0.0,60,False
398,0,[-4.52886487  1.66315346  0.15237171 -5.75175036 -1.23453104  0.07247659],153.32472887151977,0.2640493307202705,0.023529711034210064,0.0,60,False
399,0,[ 2.53492575  1.32319831  0.95726774  3.74709647 -2.46573514 -6.25509841],9.481718842051329,0.725125742534052,0.0002500730681725688,0.0034707539360773246,60,True
400,0,[-6.28318531  6.28318531 -2.44631342 -6.28318531 -1.78775596  4.30909738],741.6161687297761,4.1791823726595165,0.5553148571594366,0.022706999999999998,60,True
401,0,[-3.3787827  -1.01116215 -3.1173998   4.19800256 -3.97974879 -4.06590984],345.1274671443167,48.59080918681162,0.8383350260773371,0.00394473716457561,60,True
402,0,[-4.88109292  5.29856397 -2.59958165  2.55546149  1.23726013  3.99400039],0.6720141556739256,0.37857111602767735,4.410818054177231e-05,0.0,17,False
403,0,[ 5.49706763 -3.41092941  1.46624228 -5.47467068 -4.12103445 -2.28109541],0.011817532730896118,0.4205400865310842,5.3872937962435486e-05,0.0,11,False
404,0,[ 1.82666761  3.08836531 -2.05832431 -0.3532185  -0.56475091  1.75311366],46.90404429985795,57.01230788586743,0.9923294407970812,0.0,60,False
405,0,[-2.93253681 -2.85650684  1.46635773  5.50262421 -5.38872508  1.15956013],0.7625993220478147,0.8015537387555546,0.00019629471519283298,0.0,9,False
406,0,[ 1.66474814 -1.70269511 -1.63440003 -1.48380118  4.13271201 -5.90302143],1.2531171391423936,0.2664014551121974,2.318892021014783e-05,0.0,46,False
407,0,[-0.27092796 -4.46890026  0.73969266 -5.23996838 -0.47977334  0.59620428],0.16801774726153865,0.7812333500550404,0.00018594402339301269,0.0,21,False
408,0,[-3.73957052 -5.66600021  1.0538919   0.50655303 -3.74646475 -0.98163063],0.052020578300315895,0.8576690427104592,0.00022407811857579727,0.0,22,False
409,0,[ 0.56228986  5.10510207 -1.65910253 -4.87520363  3.23494197  1.21470825],3.171008448604796,0.7628593814172782,0.0001873287532529299,0.0,45,False
410,0,[-0.22779502  0.81206719 -0.14204022  0.06707767 -1.78869866 -4.76077101],139.124465026836,0.06748555376858403,0.019357004088108327,0.0,60,False
411,0,[1.13407937 6.19612129 1.07574492 2.43365312 3.3598214  3.02768978],0.3434095357094687,0.7188377808522026,0.000157522205624484,0.0,19,False
412,0,[-1.00010153  5.84272133 -1.59825219  4.80527197 -3.01898674  4.10574355],23.66199713471747,48.83189343339107,0.7269365209692312,0.0,60,False
413,0,[ 2.1944369   1.05138681 -0.41897556 -4.59899756  3.99291138 -5.08796076],0.5544843751657575,0.09390927409871669,2.9938592531900536e-06,0.0,20,False
414,0,[ 0.80550857  5.17173782  2.33630779 -5.27372674  3.69338804 -1.34198515],1.9323809292694096,0.9595078342504177,0.0002841817331772059,0.0,13,False
415,0,[ 1.86981394  1.75204523  1.87588864 -5.24328793 -3.46504226 -3.13031414],0.13557932785063662,0.8646355825859222,0.00022774874747340457,0.0,37,False
416,0,[-0.04980156 -2.42871935 -0.68571194  1.9632489   1.20592433 -1.10833291],0.2640585244180446,0.04000470421759601,5.572294216477468e-07,0.0,48,False
417,0,[ 2.48780132 -1.57443062 -1.33711868 -1.53484231  3.9264674  -0.40938148],2.3124435354491757,0.11643490937216766,9.477120307729925e-06,0.0,36,False
418,0,[-3.51654679 -6.28318531 -1.54044628  6.28318531 -3.61405915 -2.86188496],490.94699871066217,9.644527892224708,0.26936352918106743,0.015137999999999999,60,True
419,0,[ 2.86206489 -4.27118557  2.11306457  1.36519997  1.82613745  2.28711017],0.08109147603936058,0.0448899930231726,6.204138851631064e-07,0.0,12,False
420,0,[-6.28318531 -2.33087917  1.63146548 -5.53736575  0.60283975 -5.83040656],996.0600468532057,17.69179093943383,1.0874807068611143,0.007568999999999999,60,True
421,0,[-0.48726018 -2.19721514 -2.74944205 -5.26770257  4.71946855  6.28318531],12.191259610359035,31.974181522178824,0.31157372321037,0.007568999999999999,60,True
422,0,[-1.88851546 -1.18991478 -0.80150073 -5.30042847 -0.01432185 -5.90581161],66.0479982046615,2.119282457653598,0.0057304839933616635,0.0,60,False
423,0,[ 2.95899472  2.18723982  0.93684623  3.68754847  4.65368785 -6.28318531],15.765713008542132,57.01702833990064,0.9905419756237503,0.007568999999999999,60,True
424,0,[-4.93849444  5.34507759 -3.10761789 -2.2317438   1.64009115  0.80993638],391.7363908244214,36.88016401704003,0.5677817166256118,0.0028116761266086293,60,True
425,0,[ 6.28318531 -3.99450104 -1.24289561  3.71790764  1.62627563 -1.9207634 ],297.5039712637217,26.75673637104451,0.30659121204115025,0.007568999999999999,60,True
426,0,[-6.04532008  5.75351166  1.93766576 -0.65859995 -1.19463219  6.28318531],12.608590153750214,18.862749929810445,0.10854287037884582,0.007568999999999999,60,True
427,0,[ 5.06665395 -4.233367    0.30795601 -3.7883663   1.34872033 -6.23588123],52.496229164404774,0.06444272620338969,0.0027571191114907,0.0015757661765601377,60,True
428,0,[ 0.79032286  6.28318531 -2.08028418 -6.28318531 -2.60727858 -1.81994008],345.6723752275683,2.4887238011861834,0.12137611396911246,0.015137999999999999,60,True
429,0,[ 4.07926475 -1.79995195  1.977236    4.40493106  1.59720355 -4.55140073],0.026868807031876836,0.7631689033213568,0.0001774180633469868,0.0,19,False
430,0,"[ 4.55604288e+00  4.64540181e+00 -3.42808418e-03  3.32024287e+00
  5.75509973e+00 -6.28318531e+00]",68.81978476713442,57.04461300898187,0.9959880145128149,0.007568999999999999,60,True
431,0,[ 3.49208878  3.31036397 -1.66684011  3.83250298  2.35100472 -4.07079734],0.03453432883024753,0.5754519374220154,0.00010087370746728374,0.0,9,False
432,0,[-4.6809533   4.33961971 -2.46518713  2.78629783  0.77643323  6.28318531],42.869352229119265,45.91905563798249,0.6441417877106562,0.007568999999999999,60,True
433,0,[-0.66386918  0.22167827 -2.26183898  6.10567785  2.56875726  4.89968339],1.3836850202503492,0.26114668092262,2.2688757818990828e-05,0.0,14,False
434,0,[-3.7342227  -3.23033015 -3.09689504  5.06751778  3.39694856 -1.56067632],63.29023410993728,0.15035661068052372,0.004012540253322036,0.0017894919989628027,60,True
435,0,[-0.12484463 -5.22429695  2.04991316  1.93062005 -4.94939776 -5.52374336],2.1604761475877767,0.08316421193976391,6.774478425072603e-06,0.0,24,False
436,0,[-5.17284954 -6.0013518   3.12210361 -3.85229345  0.02509011 -1.75158001],949.9071837823701,20.320494847948613,1.0281070476330532,0.004557728960993672,60,True
437,0,[-0.12817966  1.69018585  0.11813922  2.9488586   1.61979153 -6.28318531],94.24312935307756,50.76858408851604,0.7940176711498037,0.007568999999999999,60,True
438,0,[-1.27912632 -2.53700083 -1.84575487 -0.46025732  5.03997648 -3.86519436],0.1452919521727924,0.5151570387459848,8.086254426625393e-05,0.0,13,False
439,0,[-1.22040205 -3.91041555 -0.0476714  -3.13704554 -4.02932279 -0.25099219],232.27727144642833,51.18716582104777,0.8520887356491785,0.0,60,False
440,0,[ 3.38652561  5.62084883 -1.62017056 -4.14904538  0.86490216  1.04713708],1.2761054603151343,0.6833734624212071,0.00014388456364637184,0.0,30,False
441,0,[ 3.68858674 -5.6748137  -1.51691775 -3.50608244  5.19034606  3.02213486],0.01840198992840941,0.18155702355996892,1.0041428264925182e-05,0.0,12,False
442,0,[ 6.28318531 -0.08674715 -1.35656545  2.49614702  6.28318531 -5.66477953],823.3970479185197,0.1989171679888453,0.6779947516350987,0.015137999999999999,60,True
443,0,[ 6.28318531 -2.00655172  1.02375886 -2.73349414  0.72961153  1.253264  ],342.5635433030803,31.662414536967173,0.42273133205156027,0.007568999999999999,60,True
444,0,[-0.88528459 -2.25878489 -1.51487058 -0.47932386  5.42066445  6.28318531],17.948620377925565,31.83298275320747,0.309002800847318,0.007568999999999999,60,True
445,0,[ 4.9025835  -5.13032561 -1.49471512 -0.80312524  1.71750428 -0.16582569],0.7835974412978062,0.05193580369466707,1.4356779559499689e-06,0.0,19,False
446,0,[-3.70756318 -0.24933792 -2.46403019 -2.86298556 -1.27741169 -1.45576211],4.085599607913382,0.3740063145750834,5.930222917853148e-05,0.0,30,False
447,0,[-2.84156787 -3.15807777 -0.01277999 -3.19749589 -4.89302495 -5.18805896],4.514172605827442,0.07465349052615805,2.2075430953277903e-05,0.0,11,False
448,0,[ 1.87927796 -1.28358071  2.41914476 -0.3288293   4.76643398 -2.1168793 ],0.025173361130710392,0.9351875202058051,0.00026641162621539826,0.0,13,False
449,0,[-2.34628788  6.28318531 -3.14159265  0.90736933 -1.24963565 -4.0872051 ],414.15801891094634,27.49375043848821,0.4017890953477479,0.015137999999999999,60,True
450,0,[ 1.53932242 -6.04033458 -1.50804639  1.09174775  1.27916636  2.20331523],0.030066228764799113,2.445365573184946,0.0018215560458148356,0.0,60,False
451,0,[-5.62757073 -6.28318531  3.12074664  2.84831117 -5.1197797  -1.46957513],373.0601835643602,29.631500420865844,0.40663585950014824,0.011945349893338925,60,True
452,0,[ 4.61341338 -1.46476973 -2.45385359  3.39475005  2.00466632  0.79633238],0.004955752931838156,0.7357772698742028,0.00016491020601493565,0.0,23,False
453,0,[ 4.10371806 -3.61168963 -1.06491293 -6.23436435 -1.34513887 -1.01250101],4.960252026183516,0.10056980133497702,2.7685087544837638e-05,0.0014576393832340185,60,True
454,0,[ 0.89127757 -0.61447136  1.97175666  5.7931231  -1.37739768 -0.06937352],0.06200202997423904,0.6281549545251043,0.00012019937357163473,0.0,10,False
455,0,[-3.98379934 -2.23004656 -1.46429761  2.54596079  1.70816005 -3.84502301],0.01914280658025683,0.0648430095634467,1.2811656904198515e-06,0.0,17,False
456,0,[ 0.30467443  4.68717572  1.5887069   5.46220517  2.8833591  -2.06097501],20.141828746616042,34.80820658025333,0.36948358460333725,0.0,60,False
457,0,[ 5.02907589  4.34810943 -2.84115577 -2.81832406  1.30902812  0.09334908],2.7696168777677315,0.24143489765091933,2.542717372929976e-05,0.0,20,False
458,0,[ 3.65238232  3.06398309 -2.29914001 -4.27501573 -0.68907084 -3.483625  ],17.761042644751075,31.370879128536576,0.3000992226591027,0.0,60,False
459,0,[-6.28318531 -6.23428127 -2.14560436  2.90632588 -3.14405356  0.38713978],89.27406745420642,0.08419965438610104,0.007972018729933097,0.009020302251871164,60,True
460,0,[ 6.09590979  0.26368    -0.31141435 -3.97629631  2.64871449 -3.60512432],189.04876957516896,1.0832797705247093,0.03609690431556907,0.0,60,False
461,0,[ 3.13114307  1.86634216 -2.52287494  5.87155701  6.28318531  1.34764603],183.41857988773228,21.379137745282407,0.17287310732782296,0.007568999999999999,60,True
462,0,[-4.11711348  4.5219439  -1.46483458  0.08745178 -0.78393234 -1.83014182],1.9224707608571163,0.4912450008481878,7.72066724494858e-05,0.0,9,False
463,0,[-0.46253149  3.53411221  0.08388532  0.66815416  2.23845473 -2.00980447],43.20250454990986,0.0003001706447157079,0.001866456426831748,0.0,60,False
464,0,[-0.56329162  3.855784   -2.58387666  6.28318531  6.26686269  0.19385557],133.70707170120983,0.6390528741119251,0.018001983297176755,0.01256429286969526,60,True
465,0,[-1.4637412   1.0653028   1.76474311 -1.13765392  4.41452802 -3.4463663 ],2.1337957760474513,0.3502070256459879,4.191287592621338e-05,0.0,8,False
466,0,[ 1.60057916  0.8096122  -1.94599898 -4.85333444  5.4665069   0.70533935],0.34133824600708973,0.11091087709938238,3.86367850477965e-06,0.0,6,False
467,0,[ 3.07821582  2.73504628  0.03984274  0.95209561 -0.64324633  2.58186717],30.5193739776578,0.0002668355335088127,0.0009314322096772626,0.0,60,False
468,0,[ 1.58514674  1.37251693  0.97302282 -4.07886756 -5.38647201  2.28363011],0.016046234788489454,0.5244185994482304,8.377457680641387e-05,0.0,31,False
469,0,[ 1.88549828 -5.20123675  1.67955753 -0.31348533  5.35885465  6.21620769],2.2955124947777015,0.16585113460591952,1.3648366782497168e-05,0.00040089572560439814,27,True
470,0,[ 2.92748612 -2.80957415 -2.89889404  6.01003462  4.2432338  -0.91625443],0.03491316946507832,0.9091734124165645,0.0002517968491657769,0.0,19,False
471,0,[ 1.5783517   0.0951051   0.88980146  1.07680784  6.05675861 -5.38241773],2.3903796788577085,0.5489986320660305,9.752545241802481e-05,0.0,16,False
472,0,[ 3.83923889 -6.28175368 -1.35015546  3.05174955  4.79627189  3.91667688],8.614080567022459,0.04414494876816974,7.479601528485627e-05,0.007321946331325088,60,True
473,0,[-6.28036547  3.38725821 -2.13266752 -1.68281034  1.03882343  4.25126728],13.76486685580393,0.006533797676020082,0.00018948456383164608,0.0070862995390942735,60,True
474,0,[ 0.71860007  5.3389986  -0.28704425 -4.08582544  4.47986953  0.65531344],1.5165480875952615,0.21145888880160008,1.5920843884908543e-05,0.0,39,False
475,0,[ 0.79378071 -2.77115266  1.82771632 -5.87027146 -3.51716727 -1.04587766],30.14604012654279,2.9217471761099976,0.0035091827996897515,0.0,60,False
476,0,[-3.18606983 -3.23355631 -2.80780835 -2.84093714 -4.49398922  1.99659692],3.7088865281894767,0.5708477148763256,0.00011302063861092187,0.0,59,False
477,0,[ 4.91727372 -3.13142686  1.03239182 -3.45725033 -1.60865684  2.41081723],0.32168951404624574,0.048250358863379826,8.126630843362866e-07,0.0,19,False
478,0,[ 4.99265284 -5.14463702 -1.91371088  6.23429938  0.94243231  4.06262928],4.981430542307773,0.3592724059518867,6.41336498830103e-05,0.0014526827091413748,31,True
479,0,[-0.03247963  4.34761139  1.48373561 -1.41648963 -5.13937147 -1.7908861 ],3.128065725551501,0.3713695006030634,5.179619983953421e-05,0.0,22,False
480,0,[-4.41271483  1.57093835  1.30373928  6.22707476 -2.11819412 -6.28318531],4.168770739364705,0.5366544151597169,0.00010510784535559513,0.008523158522362776,28,True
481,0,[-5.38852811 -2.97020154  1.39539497  2.94485043 -0.08891697  0.17386122],0.20986932902253472,0.6630489973741206,0.00013396421161637702,0.0,12,False
482,0,[ 1.07593642 -5.13510603 -2.56113732 -4.45788912 -1.74918888  0.74841883],0.008600804668050323,0.8341860444858401,0.0002119730881031826,0.0,16,False
483,0,[-2.26761985  1.60216004  0.91388095 -1.10314371  4.58404259  3.00766265],0.14712045535668106,0.34764359837058173,3.683650909063103e-05,0.0,24,False
484,0,[-5.75136105  4.49468983  1.12009978  3.46902966 -1.10035292  6.13543501],0.030809936219628763,0.070350121336257,1.5085433787647378e-06,0.0,18,False
485,0,[ 4.72932623 -3.32976989  1.41493108  4.83392289 -2.10351989 -1.62005607],57.01321754414382,19.41366221216878,0.11805785175973721,0.0,60,False
486,0,[ 4.07732812 -4.34133817 -0.13137631  1.13584009 -1.32004052  3.8712781 ],69.73834751658656,0.09980123727489423,0.0048664711912587725,0.0,60,False
487,0,[ 1.86533227 -4.0327038  -0.60881591 -6.04970534 -1.59973739 -6.24036495],4.981028440068116,0.014580695015317257,2.487540496896372e-05,0.0019518412787429247,25,True
488,0,[-1.09679405 -2.37560504 -0.02660966 -0.03562147 -0.62542794  1.52407014],33.811044251964766,2.287239931617508,0.0027367825417967187,0.0,60,False
489,0,[-4.87483721  5.21725807  0.55945059  0.37817801  2.14593151  5.6663186 ],4.857332975851497,0.15945383635790028,3.133874174358317e-05,0.0,9,False
490,0,[-0.62323914 -1.53352543  2.0798285  -6.28318531  2.51464777 -6.28318531],193.76073545720388,49.136679963833636,0.7730155777925967,0.015137999999999999,60,True
491,0,[ 4.77114631  4.42895048 -0.32355375 -5.18856541 -3.91063589 -5.49512221],77.49681621674108,0.0006875908335405624,0.006005756667748718,0.0,60,False
492,0,[-4.93493221 -2.75000569  1.39674989 -5.98667091  1.00691153 -3.87237953],0.028665550310469974,0.9569952557137371,0.0002789816149169207,0.0,17,False
493,0,[-1.83466404  3.51978821 -3.00340329 -5.45198983  4.54930341  3.03184253],2.1959532920410836,0.008804780205721301,4.8458260687321934e-06,0.0,20,False
494,0,[-2.67906449 -2.28883891 -0.91418214 -4.85808423  1.70610856  1.11100972],2.496956539070856,0.240531517124458,2.385855789534048e-05,0.0,21,False
495,0,[-0.67888854 -4.96323022 -2.79812201 -3.81033445  5.03815698 -3.67930652],0.23911892880116184,0.6571359066907762,0.00013159938712485465,0.0,13,False
496,0,[ 1.58185804 -4.0973683   0.76629556  1.49049553  4.86027238 -1.79540409],0.7257204806027776,0.24055397926499222,1.8153727913114774e-05,0.0,9,False
497,0,[-3.24480455 -4.41038797  2.29066305 -2.96125042 -0.73017352 -0.95687926],0.960916200012173,0.3896506163416237,4.7172692565476385e-05,0.0,12,False
498,0,[ 2.70812454 -0.9626338  -2.28975576  4.07846171 -2.39999105 -2.76562853],4.616890837036662,0.49278617158169674,9.52884302317452e-05,0.0,50,False
499,0,[ 1.89183888  2.03711107  1.44867433  3.8426133  -2.261473    0.53422419],0.03305588341057235,0.03923029812158791,4.699038629134376e-07,0.0,10,False
500,0,[ 4.6879226  -1.80097386 -0.19216909 -5.19095679 -4.38537798  4.09588721],56.85707961886708,2.0093908077690776e-05,0.0032327275029091843,0.0,60,False
501,0,[ 4.63561467 -5.94805578  3.14159265  5.77284002  0.38745049 -2.29666357],751.2322570407712,28.162892697526946,0.8059567612398566,0.007568999999999999,60,True
502,0,[-5.16983406  4.73407063  1.55882926 -6.28318531 -6.28318531 -4.49154086],84.93974550688108,34.249531615916695,0.36454025899250925,0.015137999999999999,60,True
503,0,[-2.32394658  3.37540675  0.51364693  3.90970865  5.07733547 -1.55258132],0.008848136824335292,0.35019812779256754,3.7357971394910766e-05,0.0,12,False
504,0,[-1.18809066 -3.48354764 -2.74618406 -2.96745591  1.71494772 -6.28318531],120.10368513401271,3.8422889447181454,0.018922018302642934,0.007568999999999999,60,True
505,0,[-1.45968084  1.46614659 -2.67961765 -1.5547149  -3.04896522 -1.95959825],1.4031785639128274,0.029604400737420402,2.2358830466878244e-06,0.0,9,False
506,0,[-3.22441055  6.2668694  -1.59850921 -2.9228719   2.32788391 -1.51626823],7.159357847559435,0.015525257853144092,5.132982783229177e-05,0.004996241034247005,60,True
507,0,[ 1.00956552  4.09650934 -2.52947392  6.28318531  5.07292696 -5.10632225],354.79258664295935,43.92184381654401,0.7135238842904325,0.007568999999999999,60,True
508,0,[-2.17497091  3.74870191  0.75630462  3.11764111  5.88992808  3.72073491],0.3300089717674669,0.879741175310377,0.00023586589339459315,0.0,29,False
509,0,[-3.74840667  6.28318531 -3.14159265  5.93874211  1.84484282  6.25510218],1013.6557965726647,56.34349040397316,1.9945331568480158,0.018609197861050274,60,True
510,0,[-5.87916555  4.70854278  1.65484814 -4.49696102 -0.99468946 -4.53471674],0.016094237918512864,0.04132446270542164,5.204576094291905e-07,0.0,8,False
511,0,[ 0.26700647 -3.37519968 -0.23253294 -6.12722835 -2.45590248 -0.14027394],172.78675093900446,25.074405189984084,0.2213760909186708,0.0,60,False
512,0,[ 1.99053618 -2.70546184 -1.28507617  5.51946434 -1.66891549  5.68568649],0.17270463362902663,0.01291629934510862,8.064645489378244e-08,0.0,53,False
513,0,[ 0.076597   -2.72414909 -1.69213685  3.35801397 -0.07877816 -6.10099526],1.2120163409407703,0.6083274131824861,0.00011419638881630885,0.0,32,False
514,0,[-6.04696572  6.28318531  1.20754831 -6.28318531 -1.73925902  3.47270741],685.1302563965346,1.5292885436631374,0.47011588413284766,0.015137999999999999,60,True
515,0,[-1.19080486  2.80833478 -2.8408569   6.06165142  2.3250325   6.20138835],97.11529070552061,12.39724166230273,0.056248518577617805,2.7071682611214974e-05,60,True
516,0,[3.1610395  3.02465459 2.79555715 2.75126977 4.02264356 3.44247776],0.09729687507514086,0.21088074979226035,1.355601371864032e-05,0.0,28,False
517,0,[ 4.33300357 -1.97405614  2.34194455 -4.09484586  3.68788891 -2.08723671],0.06155607751928895,0.061849177282408206,1.1690484814643553e-06,0.0,26,False
518,0,[-0.91311671 -2.78431621 -1.27099805  3.08014888  1.74868552 -0.80262062],3.1032291947432324,0.12043001401036653,1.4048016149461019e-05,0.0,6,False
519,0,[ 0.09449948 -3.36066828 -2.32702244 -5.21604216  4.18576944  1.32314866],0.44780702390570865,0.10757304859625069,3.7255519666430835e-06,0.0,7,False
520,0,[-1.2045484   0.23106871  1.96079792 -5.03620267 -3.71876969 -5.93540977],0.012700428512163856,0.34273278154878245,3.578227788773246e-05,0.0,30,False
521,0,[-1.3137184   0.38696099 -0.72956737  3.9950322   1.74446875  0.1922903 ],0.004780645285993839,0.4389048133784996,5.8680741321598773e-05,0.0,24,False
522,0,[ 0.34311672  4.4603009  -1.77834741 -6.28318531  4.35708337  1.91377588],10.413071022231753,1.1472950112054867,0.0005093956452303602,0.007568999999999999,60,True
523,0,[-5.15072717 -1.30578009  0.89766101  5.5357645   1.70136706 -6.28318531],36.34498198591614,35.04379116002235,0.3754116496209342,0.007568999999999999,60,True
524,0,[ 0.01040298  2.80091798 -2.88623111  6.28318531 -4.62193508  4.93720327],46.4953966381921,3.011285086481438,0.004924043284175603,0.007568999999999999,60,True
525,0,[-2.81674011  0.39106118  3.09950587 -4.61066996 -4.85428141 -6.28318531],186.09407657113047,35.79229428415947,0.42487282697605955,0.009586196706579592,60,True
526,0,[ 1.39081904  0.27555946  0.31899896  0.40953097 -0.96719477  0.64661318],96.43956140546757,0.05787461259008717,0.009301609311226353,0.0,60,False
527,0,[-1.22596624  4.3153369  -0.52898585  2.01587621 -0.52300644 -6.28318531],15.374225185245395,5.781810339946766,0.010419523295706435,0.007568999999999999,60,True
528,0,[ 0.63863648 -5.34946623 -0.13268943 -2.61296379 -4.53239511 -2.16054235],3.04419072059717,0.010753706106042787,9.302323770433901e-06,0.0,11,False
529,0,[-6.11052527  2.27474673  1.26453831 -2.82942739  2.19233506  3.10795281],0.22390673830869054,0.022729508392464452,2.0750889312109918e-07,0.0,6,False
530,0,"[-6.28216652e+00 -4.53891611e+00 -1.90413034e+00 -3.67904813e+00
 -3.65679856e-03  5.93318531e+00]",894.2736583782707,20.975004356470542,0.9337420559603451,0.007392768874201832,60,True
531,0,[-2.50925257 -0.73591162 -0.02068502 -3.90039805  4.6652026   4.63815012],109.75901737667043,0.015523816623501108,0.012047115304903846,0.0,60,False
532,0,[-2.41396504  1.79441179  2.36208311 -2.43285506 -1.95277235 -2.4933069 ],0.5994532092059452,0.023044884410112376,5.211163171469239e-07,0.0,50,False
533,0,[-2.11037118 -1.85415628 -2.62659321 -3.45130265 -5.90844094 -5.87317668],0.2184434436834213,0.11307198477945242,3.942334636632321e-06,0.0,7,False
534,0,[ 3.00902274  5.42939201 -2.23492863 -0.61607516  4.11666965 -1.59613411],0.001957495772107481,0.7278775888279448,0.00016138807483880702,0.0,38,False
535,0,[ 1.48452694  0.48057075 -0.62486821 -0.27731065  5.6780212   5.37992392],2.999315041249435,0.5025827444825027,8.593902659510672e-05,0.0,8,False
536,0,[-1.52254019 -3.26242754 -0.94745756  4.27911399  2.88885496  2.08855978],0.49767961218395435,0.4592527799323143,6.449549415357136e-05,0.0,26,False
537,0,[ 5.89207584  1.71532031  0.24316668 -2.48844288 -3.92288539 -1.23570615],87.74088122573112,0.7207412667688361,0.00785670123205489,0.0,60,False
538,0,[ 4.59016598 -4.00713645 -2.76238837  2.39200479 -1.57405126 -3.27569817],90.56764358107239,0.0012268232596753966,0.008202498522306412,0.0,60,False
539,0,[ 0.65713527 -4.21057161 -0.06236274 -3.71888719 -5.99921784 -1.70319195],15.7411969592023,0.06493274744459064,0.00024906962846576726,0.0,60,False
540,0,[-4.04252885 -2.79791826 -0.81788758 -3.47292395  0.91448068 -3.7389781 ],0.010478873481699387,0.41172191303321665,5.1637311517187385e-05,0.0,20,False
541,0,[ 3.4017436  -2.41450612 -2.53448264  1.91347457  4.18668912 -6.09781428],0.013140372443745904,0.5413832152367308,8.928225467188311e-05,0.0,13,False
542,0,[-3.12397046  1.82807356 -1.00842377 -5.43466212  4.97426368  5.93318531],94.67534782128902,0.8921433529003361,0.009205872509377596,0.0,60,False
543,0,[ 4.21152176 -2.02324397  2.35890028  1.15576165 -1.65798207 -2.37479317],2.5245098524821326,0.3767703425381571,4.9615387240194045e-05,0.0,10,False
544,0,[-5.68488967 -3.72142993 -1.03994519  6.22305004 -2.14894503 -2.02128636],4.1697727884524864,0.4845611432762071,8.891102344373545e-05,0.000721714110127036,20,True
545,0,[-0.82999268 -0.95434207 -2.28365561 -1.28934565  4.52969143 -3.71171492],0.22996706319227977,0.04617432094191564,7.023498770621649e-07,0.0,14,False
546,0,[-5.3760566   2.26771637 -1.52679371 -3.02979055  1.10656253 -0.10575764],0.08114456860061232,0.9995135170406513,0.0003043276939525136,0.0,20,False
547,0,[ 3.3421129  -4.47322703  1.20785641  2.39316333 -3.8173229  -4.16224568],0.09948319806601953,0.07264973016973243,1.617662559312331e-06,0.0,19,False
548,0,[ 0.51034778 -3.0835632  -0.0846709  -3.00277255  1.62630619 -2.84657057],22.933981310395225,0.00015782359525469972,0.0005259675063330558,0.0,60,False
549,0,[ 4.34632512 -5.12511866  1.5072558  -1.81228079  5.67294417 -1.95142256],4.682177457644019,0.12187096295005964,2.6447125601322714e-05,0.0,25,False
550,0,[-1.57511506  6.28318531  0.68869378 -4.47477406  1.18707316 -5.99850287],342.6760516659637,19.972597563174887,0.23894018265125017,0.007568999999999999,60,True
551,0,[ 1.26990147 -6.28318531 -1.57143654  6.28318531  0.23660461 -5.69670312],205.7422411571376,7.40919773723467,0.05905221198058685,0.015137999999999999,60,True
552,0,[ 4.71642834  0.2696486   3.10153579 -0.3923876   1.61621319 -3.37966484],235.75380929134778,3.3602317345815917,0.05901934180158639,0.0022036576970182902,60,True
553,0,[ 6.01333971 -3.89522186  1.76960707 -4.83370963 -5.61655309 -1.9933155 ],2.791914913558343,0.7220296620783899,0.00016660002359453137,0.0,22,False
554,0,[ 3.959146    0.50529791  0.60236861 -0.33410425 -1.40318126  3.38435395],1.727163764904931,0.3585365161925502,4.2141186783980185e-05,0.0,22,False
555,0,[-1.95680768 -4.3415898  -1.71753962  4.616207    1.90067699  0.2667551 ],3.3810234640653336,0.9848857658311504,0.0003069102082482081,0.0,28,False
556,0,[ 4.11431943 -5.20779578  1.78189336  6.22081983  4.74987658  3.71381638],1.5906748612746067,0.34849569171356226,3.952580281400381e-05,0.0006068597608385894,38,True
557,0,[ 0.74838855 -6.09857531 -2.67674841  5.96687928  2.89864211 -3.94591252],0.484079787836939,0.9518763009852323,0.00027623857953900716,0.0,14,False
558,0,[ 4.10040079 -3.73454819 -2.5662039   0.14910143 -3.2470232  -5.01657228],3.418052232389549,0.5052543569601864,8.944641462894878e-05,0.0,10,False
559,0,[-6.05821817 -4.24381888 -2.42382326  3.47403368  2.25824632  4.46599527],0.19527459102361125,0.14122283872976293,6.11338853270319e-06,0.0,18,False
560,0,[ 0.79310837 -6.00661312  3.14159265 -6.28318531 -1.62836265 -0.51757968],982.7334525506814,55.40356951641951,1.9008051196825044,0.015137999999999999,60,True
561,0,[ 5.93318531 -2.45796461  1.71898411  3.80826646 -3.44152597  6.25500684],267.2293106086846,39.695063809010115,0.5513965912311534,0.0034599730353455462,60,True
562,0,[-6.28318531  6.28318531  1.12015634 -6.28318531  5.40432258  6.28318531],308.85392851628177,9.414923173891443,0.12239227435498011,0.030275999999999997,60,True
563,0,[ 3.02357773 -5.14516958  2.06625199 -4.29872823  6.28318531 -4.49573635],89.190003695059,0.2974394474809399,0.007981806330767038,0.007568999999999999,60,True
564,0,[-4.2501764  -3.11650891 -1.88473957  0.99910286  4.96596756 -0.20038717],0.3088636862969721,0.6483479701501146,0.00012814287980789148,0.0,26,False
565,0,[-4.99394849  4.51981487 -0.59050446  1.30902348  5.75907905  3.0544682 ],0.04938529851736737,0.8847363486512175,0.0002384442850500776,0.0,21,False
566,0,[-2.71802978  6.14211608 -1.28932779 -5.62182388 -3.55316544  0.45951903],3.0162716245721195,0.5889935282747406,0.00011477375210628743,0.0,37,False
567,0,[ 2.14673584 -1.88025833 -2.19904034 -5.2524348  -4.45066051 -3.24518586],0.024568508996938083,0.7890640394386141,0.00018966212852398727,0.0,29,False
568,0,[ 3.82319971 -6.28318531 -2.20454667  6.28318531 -4.59284607  1.41398597],108.26289750875101,0.015330073860808953,0.011720926565484902,0.015137999999999999,60,True
569,0,[-1.66499635  2.58521087 -0.91090269 -2.72015922 -3.52505512  1.03126354],2.2923920609168937,0.14118421751964874,1.1326995295335118e-05,0.0,21,False
570,0,[ 3.56915579 -2.41521646 -1.8064932   3.30497891  1.41031469  1.6170831 ],0.02278128058157164,0.3598206738128617,3.9439615753046316e-05,0.0,30,False
571,0,[-2.57441004  5.34798542  1.71006611 -1.44712467 -4.84874497  0.87743508],0.05244082230602903,0.5789675363849569,0.00010211154734568193,0.0,26,False
572,0,[-5.91349084 -3.94766707 -1.69884077  5.56899849  1.48112357  3.73503879],162.25596083240737,6.337822582773048,0.03856286784818437,0.0,60,False
573,0,[ 6.28318531  6.28318531 -3.14159265  4.69554909 -2.09455135 -6.28318531],891.717977636895,54.69400288333868,1.7064038433794704,0.030275999999999997,60,True
574,0,[ 3.27636024 -2.96574684 -0.7701941  -0.40930073 -1.49406646 -2.32738556],0.20248058074202033,0.059566572687985445,1.121834780871049e-06,0.0,41,False
575,0,[-0.5520066   0.01406436 -1.97432651  0.42076645  1.77301993 -1.4052931 ],4.184511169520105,0.004760751454502693,1.7517037806847468e-05,0.0,15,False
576,0,[-3.40647495  0.24346644 -2.26860975 -2.34182228 -3.33921623 -6.14698136],0.5678921824121747,0.3070792028399764,2.9047204349973397e-05,0.0,17,False
577,0,[-3.31972782 -5.88240318  3.14159265 -5.64846133 -0.44026662 -2.32069812],191.13603100723566,28.437762238156136,0.2828790152521163,0.007568999999999999,60,True
578,0,[-5.1556289  -6.20375913 -2.48894348  4.78649815 -6.28318531 -5.87627903],281.94722724473996,34.44760156365233,0.4409646173313414,0.0076263628539643075,60,True
579,0,[ 6.14109193 -2.89607172 -3.06886159  5.65792245  6.17126264 -2.62506534],463.36337839632705,49.63251164274665,0.9650959722665157,0.00020360241984255527,60,True
580,0,[-2.98430405  3.72990498 -1.92509308 -3.53441628  6.28318531 -1.56874392],166.03134678713042,57.29572546824909,1.027564521596271,0.007568999999999999,60,True
581,0,[-1.90816481 -0.03435869  0.53713887 -1.10366136 -2.59102258 -0.40205119],0.035469450271709585,0.9588582943248618,0.00028006932502477736,0.0,25,False
582,0,[ 1.1296392   2.68104421 -2.8233952  -4.47630199 -1.70973065  0.30719202],0.3371195885964846,0.0011329629176917216,1.1404062545032243e-07,0.0,27,False
583,0,[-5.32053733  6.28318531 -2.83694824 -6.28318531 -2.40407386 -0.19960398],1054.2215190661746,14.840995399028508,1.1784765650544222,0.015137999999999999,60,True
584,0,[ 4.17440813  3.12257884 -2.20904339  0.1956495   5.93389653 -6.28318531],84.39032701669214,57.141565373184875,1.0017458827170662,0.007568999999999999,60,True
585,0,[ 1.35610976  1.15164104 -1.91172696  6.2122557  -0.08291784 -3.68653083],4.803511138643072,0.10529076432008636,2.6450752159917767e-05,0.00025825755142768305,44,True
586,0,[ 3.68873825 -4.85832412 -0.9529985  -0.10150668  4.62381564  4.21224418],0.00978412670519258,0.8319840506625642,0.00021085550014688666,0.0,36,False
587,0,[-6.28318531  1.6972657  -1.7529682  -3.50035558  5.69328084 -0.1799869 ],68.34531695290266,5.781057064587855,0.014851585620291291,0.007568999999999999,60,True
588,0,[ 0.09132906 -5.61534462 -2.12364236  3.14337977 -1.49027086 -4.80002799],0.1258300874713221,0.00023462283469094286,1.58499794545533e-08,0.0,34,False
589,0,[-1.35500797 -3.95133171  1.98619734  6.23456429  1.67488172  0.46860788],4.855992302921946,0.00521541638521083,2.3588947012899745e-05,0.0014729466905462508,32,True
590,0,[ 5.40449975  3.61600875 -2.6126442  -4.0863874  -4.5982729  -1.7658113 ],0.031843254140067986,0.7425291290059983,0.0001679516783445204,0.0,19,False
591,0,[-2.84092731  4.37023483 -0.64255638 -5.78428104 -3.14639255  6.27102531],231.17483734845462,6.06611749796938,0.06465105067723678,0.005601026069309837,60,True
592,0,[ 4.0883719   1.95930506 -2.29546992  1.6030047   4.48132609  3.4037122 ],1.0744338977468408,0.18502957223474353,1.1583272699823318e-05,0.0,13,False
593,0,[ 2.12841902 -3.85060341  0.01704579  5.25998004 -2.27514721  5.90907716],38.97126908808536,0.0006522973339105161,0.001518759943948175,0.0,60,False
594,0,[ 1.69762253 -5.66265567  2.00531342  0.84002275  1.68879861  1.71462326],195.36294933059762,22.476927310878178,0.19206313746469222,0.0,60,False
595,0,[-4.8173326  -4.68777313 -0.95456861 -5.87759033 -2.13930787  5.86535374],2.135352069639375,0.1066787148987367,8.026380770062726e-06,0.0,30,False
596,0,[ 1.92447107 -5.00668894 -2.03881805  2.86231251  4.96421079 -1.02209379],0.019339325396764032,0.33502455222637567,3.41910750827157e-05,0.0,8,False
597,0,[-2.71390033 -0.69364593 -1.60619001 -4.07599279 -0.49231876 -2.82401196],0.0070846253684364105,0.5741460821558868,0.00010041527074057161,0.0,43,False
598,0,[ 5.74486048 -1.79530815 -0.68785244  3.12149939 -2.27274229 -3.77683706],0.3550307975152425,0.01636683767146929,2.076457636173162e-07,0.0,14,False
599,0,[-1.13529629  4.99544015  1.40781439 -2.11525563 -4.93693689 -5.90458669],0.04657458106883827,0.017794548325505026,9.86250639097711e-08,0.0,46,False
600,0,[ 2.46904672  5.95474044 -3.12873534 -5.93318531 -2.45604681  6.27856133],1030.813866797912,55.4881641246469,2.000474877021082,0.012282947079409853,60,True
601,0,[-3.72185698  3.68715062  2.17717394  5.64146283  0.36096483  1.44672591],0.03163126871606934,0.7883558115969491,0.00018932221519743473,0.0,30,False
602,0,[ 6.09337661  1.64834152 -3.10077307  4.53326563  5.86382929  6.06798794],115.85727567469878,15.895947531879377,0.0903939876398509,0.0021326313211395397,60,True
603,0,[ 4.67775623 -5.32384851 -0.02585252 -3.22753025  0.72472916  0.14896465],132.81419641738708,0.4349921726032661,0.017697249926879665,0.0,60,False
604,0,[ 2.19923573  3.53649463  2.00680541 -2.36878766 -6.28318531 -5.6336254 ],37.334637467299764,0.3318978060676609,0.0014274306381200567,0.007568999999999999,60,True
605,0,[-4.61612911 -1.28758191 -2.30671303  5.11927419 -1.32634699  6.10098806],0.5864452943741723,0.11820408299642628,4.600095191326816e-06,0.0,21,False
606,0,[-6.28318531 -6.28318531 -2.54075597  3.15999314  4.07285845  4.31087998],651.1119287261553,7.926233623838451,0.44308438779413467,0.015137999999999999,60,True
607,0,[ 1.63630826  0.57101465  2.54639894  4.69475546 -0.80854541  6.14436951],0.044751161865402324,0.039572964726943355,4.790394972700829e-07,0.0,49,False
608,0,[ 2.31144907 -3.55893891 -0.27119583 -2.31413667 -4.80819663  3.66010416],140.79196293091084,0.015879665835897644,0.019822453639421152,0.0,60,False
609,0,[ 2.33433775 -1.88418245  1.6442836  -2.26554207 -4.58283579 -2.56804938],0.019124443177027606,0.9133623616234305,0.0002541216006527903,0.0,20,False
610,0,[-1.93197931 -4.23538613  2.70034406  3.39454657  3.98720866  3.10554919],1.4360885633666325,0.8218463037916186,0.00020781050454507543,0.0,8,False
611,0,[-2.40727624 -0.39692181  0.69463333 -0.53323798  1.81797191 -3.71390426],0.02421803532012206,0.8281075060130217,0.00020889565018723235,0.0,15,False
612,0,[-0.29039264  6.28318531 -3.11403254  1.02537848  2.8907093  -5.91190552],125.90026083252734,5.847607084334258,0.026267118662190593,0.011102099530618238,60,True
613,0,[-4.76169766 -2.06641026  2.33360246 -2.37115641 -4.84574252  3.35623618],0.09215260367950719,0.46547301934287366,6.60084654895847e-05,0.0,19,False
614,0,[ 6.18372551 -3.63225277 -2.55722551 -1.56224991  2.1512123  -1.46743483],4.774601178697869,0.3171257270050257,5.3431802462883005e-05,0.0,50,False
615,0,[-2.53843687 -1.24378819  2.36899381  3.56433259  2.02377514 -4.65656252],0.011542585189164688,0.17469960375554824,9.297042125163708e-06,0.0,36,False
616,0,[ 5.52499179  4.84707767 -1.28393953 -2.39485094 -1.37057853  1.73869913],0.28080560665351284,0.9041737882003184,0.00024911280387231334,0.0,14,False
617,0,[-0.27587755  6.00100188 -3.09865634 -5.93302904  3.08164396  2.35603029],652.011558662273,1.2392320126129361,0.4255868723765415,0.0019416086333422027,60,True
618,0,[-1.62389079 -3.19263726  1.06427936 -2.51080396  4.83102342 -3.61579349],0.857890518053064,0.7780413168156549,0.00018513561051783709,0.0,11,False
619,0,[-2.16803836  2.91601183 -0.176647    2.40811948 -4.27003144 -5.77753947],262.69089401895195,2.5339548126280333,0.07096243201355239,0.0,60,False
620,0,[-3.13157489  1.2742647   1.25528672  2.52349941 -3.90353339  5.67229073],0.10964197944162891,0.9118657199117256,0.0002533011290648016,0.0,38,False
621,0,[ 0.74240361 -3.80115364  1.62417238 -5.57099125  1.56209498  4.27086906],1.7918970972996213,0.10810559330883347,6.77090394940828e-06,0.0,7,False
622,0,[-3.8228728  -2.32819052  1.21500278  3.082327    5.2001238  -1.30707294],0.003792020347379668,0.4788631906485794,6.985182131201954e-05,0.0,34,False
623,0,[-6.28318531  1.21991259 -2.29289739 -2.88808481 -3.52349039 -6.21225291],118.06611629125373,10.093413946854678,0.04497311824603919,0.007827167986963781,60,True
624,0,[-4.61954648  5.85695376  1.05985471  1.25802947  4.70291074  0.06592081],0.27521939170941734,0.060360482874699486,1.1855851327801466e-06,0.0,17,False
625,0,[ 0.61956196  1.49493334  0.00930425  2.00158031 -4.68122148 -0.49597517],109.52102414504576,25.24546075452446,0.2061376766802596,0.0,60,False
626,0,[-1.59156098 -3.92619054  2.29873138  3.08404841  5.08173111  3.4896145 ],2.7830014257400184,0.7731248170293826,0.00018982162505758657,0.0,25,False
627,0,[ 2.98406137  1.29091818  1.82533804  1.66838999 -4.98751814  2.63983593],0.052471753596810236,0.17415523540984124,9.241813645750256e-06,0.0,28,False
628,0,[-0.92860661 -3.75389247  1.10306156 -4.56162837  0.70683328 -0.83794357],2.6823966989288444,0.27863483545535406,3.084494784468115e-05,0.0,23,False
629,0,[-0.3333481  -4.98375587  3.12539452  4.97306206  6.25413755 -6.15816415],1220.0647135594195,26.71952917826265,1.7060344065917306,0.008371366675876086,60,True
630,0,[ 3.64293977 -4.16579647  1.41608174 -2.55459078  5.2339933   4.65557993],0.5878031071610232,0.17820741736415374,1.0019517054003918e-05,0.0,11,False
631,0,[-0.16310379  1.46353975  1.81864245 -1.96609722  5.0628196   1.8803321 ],0.0749316668305179,0.001176052560071507,6.036070932786042e-09,0.0,13,False
632,0,[ 5.18000828  1.41589159  0.29612352  5.08201171 -0.56896422  3.55140965],1.9983103376189313,0.7604452459252091,0.000180146483353453,0.0,20,False
633,0,[ 1.3665577   2.65109232  0.99947758 -4.94323695 -2.98640251  4.22196222],0.2307095570590328,0.10006742337201159,3.103510149072267e-06,0.0,7,False
634,0,"[-3.16860164e+00 -5.08972592e+00  1.31296886e+00 -2.09131615e+00
 -2.11767270e+00  3.99492754e-04]",0.08767599568109516,0.02800618468003963,2.4661265081459777e-07,0.0,39,False
635,0,[-5.6066793  -6.25726447 -2.67966222  0.12288584  1.49168697 -2.77638414],25.52016516740268,0.01307539690871059,0.0006513309093946204,0.003730663882344958,60,True
636,0,[-6.28318531 -3.86020531  0.8655453   3.00621119  6.28318531 -5.95443834],291.4518900959443,47.39972917731197,0.7693386175979848,0.015137999999999999,60,True
637,0,[-6.28318531 -1.0559893   1.96383829 -6.0331354  -2.28047233  6.28318531],372.96086289475056,50.2772265242096,0.9091115688015028,0.015137999999999999,60,True
638,0,[-3.83664497  3.07034771 -2.46189067  2.14717987 -1.35362182  4.65807486],0.06858932013480684,0.25770026644027133,2.02341728955996e-05,0.0,9,False
639,0,[-2.05801171  2.54758299  2.68501112 -5.65679352  1.19666162  0.86806013],2.9608659954631857,0.06513310603375455,1.0059012472814585e-05,0.0,4,False
640,0,[ 1.2359609   2.29062497  3.10659829  0.77466645 -4.09291345 -2.93096367],98.74919189400308,0.4339674126670918,0.00980877080241455,0.0027045861375304767,60,True
641,0,[ 6.19070084 -2.50497473 -2.7715275  -4.81782521  4.87943257  0.41793751],3.771705126065713,0.946923954127661,0.0002873655306253751,0.0,17,False
642,0,[-4.98418245  4.36021631 -2.92882695  1.1572047   4.16968374  0.76253364],0.047784732734133306,0.35860024431611476,3.917429705219165e-05,0.0,17,False
643,0,[-3.19546198  6.28318531  1.43917346 -1.48908781 -2.41718952 -0.31068661],557.6334873421263,20.936328926976877,0.4444780198968542,0.007568999999999999,60,True
644,0,[-2.29958339  2.44717255 -1.74088969  2.71484104  1.45038817  0.36341508],27.37214854573967,2.9229642153799062,0.003351800398204371,0.0,60,False
645,0,[-4.86672857 -5.99328877  1.62552495 -4.8321688   4.00172347 -4.66722794],0.023193912872927186,0.3227271092718137,3.172729121508351e-05,0.0,19,False
646,0,[ 3.77721631 -3.6321641  -1.68496505  3.15513558 -3.85438835 -5.56791393],0.3202367214895238,0.1822646153374043,1.0222061045145013e-05,0.0,16,False
647,0,[-1.27976845  4.44021976  0.2218172   2.72812158  4.77897554  2.10684786],54.328318264676845,0.0004105724585701376,0.0029515662168173,0.0,60,False
648,0,[-6.27743386  1.76963613 -3.07833708  1.85695986 -3.13484851  0.56383176],303.2208033691761,50.51627289576543,0.8692941688313418,0.007165124429188518,60,True
649,0,[ 1.39438109  5.68840628 -3.14159265 -2.28340975  0.38203505  2.94564537],703.604385846576,12.610985040500788,0.5435045552206775,0.007568999999999999,60,True
650,0,[ 0.14538639 -3.21688411 -2.6087739  -1.13561234 -2.87439424  2.78790347],371.18016174638024,46.806312320595765,0.8051399602125832,0.0,60,False
651,0,[ 3.15260785 -2.41332112  2.83162123  4.69908096  1.75188727 -4.78859126],0.04702721824268432,0.1843925948847971,1.0359395451088698e-05,0.0,23,False
652,0,[-5.93318531 -1.69439158 -3.13620079  4.68517806  2.38754687 -1.54640335],169.64530845136522,28.721777000931816,0.28007076937486136,0.006659888704478988,60,True
653,0,[ 3.51133526  5.58751754  1.30836639 -2.75999415  1.84588262 -4.67021691],0.1013583320313469,0.5341922664043345,8.693632002809922e-05,0.0,11,False
654,0,[-1.99878995 -0.97275881  0.99667859  5.68512881 -0.27902062  2.94273028],7.041182933639092,8.077274675795369,0.01992353950614782,0.0,60,False
655,0,[ 3.15041898 -1.46179209  3.00657436 -4.99995623 -1.46043679 -2.45537299],345.13693758695763,15.686340727275876,0.19407405955856682,0.0,60,False
656,0,[ 3.25553165 -0.86905425  2.85204869  1.35237861 -5.02357962  2.46066444],0.044498970162300894,0.9949100606688455,0.00030152632344364,0.0,12,False
657,0,[ 0.12881793  0.75171471 -0.87233392  1.37629499 -1.42231371  1.24589484],0.02618567765261595,0.11403375457600642,3.961838373196155e-06,0.0,9,False
658,0,[ 2.33334825  3.40195531 -1.25719516 -2.48716747  1.05412948  1.15088564],0.024994087659886914,0.17812448140702028,9.665626990162405e-06,0.0,16,False
659,0,[-5.71291918 -6.28318531  3.12529688 -0.37184598 -6.28318531 -3.14750292],1130.0689698026092,5.7839141251865795,1.2872464448966523,0.020137088107116667,60,True
660,0,[-3.4211914  -1.01840411 -1.98314373  2.82816063 -2.09809336 -2.03977279],0.794542691226679,0.8215115791319093,0.00020621189063376062,0.0,6,False
661,0,[ 0.51238165 -6.20554401 -0.71140221 -0.67371183 -4.11179451 -3.18793911],1.4856600975452305,0.7867229853387182,0.00019074497636137127,8.758524278613309e-05,25,True
662,0,[ 3.97136902 -4.32001303  3.03322681  2.24257415  4.38741499  3.93866683],3.3229450973931716,0.7189763183966303,0.00016850691675550142,0.0,6,False
663,0,[ 6.28318531 -1.71824969 -2.58731082 -4.21922377  4.44016825  6.28318531],203.3029449688752,36.828544427687774,0.454497391763966,0.015137999999999999,60,True
664,0,[-6.08351269 -5.22115048  3.11951038 -0.98984576  3.32664276 -4.29357234],716.1439008188318,38.654905318135356,0.9680219547449271,0.004214311485234571,60,True
665,0,[ 4.03293141 -1.96739137  2.59411947 -2.89779194  1.04252996 -4.53134748],0.029581810370401834,0.705128338242444,0.00015145847580088246,0.0,13,False
666,0,[5.81442793 1.87880371 0.56142719 5.58840131 4.20948767 3.16518972],0.0069395875423079005,0.5336455317542453,8.674825173688091e-05,0.0,33,False
667,0,[-2.33019501 -1.64853759 -1.93642604 -6.28318531 -0.20722468  6.28318531],207.68254129612393,20.246854700775675,0.16800541810022135,0.015137999999999999,60,True
668,0,[ 6.28318531  2.93993777 -2.4459163   2.40517332  5.4746763  -1.90448607],551.1013511166572,49.07938205460025,1.03747079701206,0.007568999999999999,60,True
669,0,[-6.02254807 -3.11797988  1.25869692 -3.16513255 -1.02873668  6.28318531],6.653687840031613,41.708187362885404,0.5299484777881494,0.007568999999999999,60,True
670,0,[-1.15511709 -2.10399468  2.39536845 -3.48675276  0.68193183  0.24314358],17.529408141552214,56.69810282537475,0.9795532426736768,0.0,60,False
671,0,[-1.41456511 -3.38553304 -2.42187258  5.68623732  1.80372873 -0.3022014 ],2.265222564171014,0.5872000310746761,0.00011016450045531736,0.0,12,False
672,0,[ 6.28318531  6.28318531 -3.14159265  5.94991189  1.10159131 -1.33786437],1046.6662110734221,19.59279828683286,1.2124460055094437,0.022706999999999998,60,True
673,0,[-5.66650502  3.58565423  2.67996637  1.41401803 -1.38715676 -5.26404037],3.056045173859255,0.0318449128768789,9.648324165878627e-06,0.0,10,False
674,0,"[ 3.35038278e-03 -1.09351080e+00 -8.13970494e-01  3.19559237e+00
 -7.15894734e-01 -4.33328211e+00]",3.4381661677023745,0.6423981389849528,0.00013752909270230797,0.0,55,False
675,0,[-4.47714764  5.88446043  1.01382774  1.33828814 -2.57167815  0.07928826],0.022877572327911915,0.13659347805798253,5.684007652166812e-06,0.0,29,False
676,0,[ 4.14006324 -3.94735753  1.96454568 -5.5473915   1.58394485 -5.40423112],0.6678790007020413,0.6473388320583024,0.00012809524991799445,0.0,10,False
677,0,[ 5.75308243  2.6604009  -1.64535392  3.74716332  5.60029803  4.72853237],1.800200896578419,0.21774408308363427,1.768339233311255e-05,0.0,17,False
678,0,[-4.28498067 -3.63042263  1.15608242 -1.75455711 -2.82299629  6.28318531],41.02258657434435,2.9870936665117966,0.0044008711644662035,0.007568999999999999,60,True
679,0,[ 4.21373705  5.5790125  -1.9783501  -3.52883173  4.80089005 -2.74374734],80.78498175361213,32.83213126093112,0.3348882085347859,0.0,60,False
680,0,[-6.00548623  2.83524604 -2.64728611  2.1768538   4.58183209  1.37382313],1.9150981161004568,0.22981426158522697,1.9755846397866094e-05,0.0,33,False
681,0,[-4.48996766  5.0653127   2.74694877 -5.86735502 -1.77180607 -0.2050889 ],0.3755029112283071,0.06936719574273383,1.606762926658474e-06,0.0,20,False
682,0,[-6.06502702  0.46254889 -2.92383202 -3.82264975 -2.35171767 -3.83853025],36.85364777477459,0.24430790801576857,0.0013763728574344432,0.0,60,False
683,0,[ 4.04936715  3.37066957  2.55261505  6.14033141  1.25223843 -5.83064995],56.88103871099593,0.7023013689293367,0.0033856981657735498,0.0,60,False
684,0,[2.09599141 2.39094444 0.11832031 6.08159601 4.72515482 0.48585775],154.03112279845806,0.15630197472681728,0.02373302868772906,0.0,60,False
685,0,[-4.8435321   6.28318531 -3.12228688  4.29770414 -2.05792222  0.50724088],212.72051493287256,27.288022438932874,0.27207916584053804,0.012151508863342438,60,True
686,0,[-1.22014296  1.2493215   2.39652385 -6.1968528  -6.27660512 -5.93318531],419.7716321008139,30.09499416258813,0.4521028623611328,0.006467792169486677,60,True
687,0,[ 3.47444233 -0.82431323  2.07635408  0.13096414 -1.39975665  4.10801279],0.04740774755297231,0.043415503846396024,5.764226889404991e-07,0.0,31,False
688,0,[ 1.87685176 -2.73712127 -3.11896813  0.98076171  5.14852427 -0.51291727],86.76964953966561,15.697901292306392,0.08259404711440523,0.004144201440552615,60,True
689,0,[-1.97390126 -2.52158503  3.12824451  2.55442732 -2.26325185  6.20190297],1268.3808843674651,57.13860787960101,2.6033112677792936,0.005457288050081414,60,True
690,0,[-3.75173986  6.2379936  -3.14159265  2.48663344  1.66046285  6.28318531],57.85588288738597,52.31113012473262,0.8369189620542064,0.01688593300326323,60,True
691,0,[ 4.25287893 -6.13752526 -0.42455584  1.41359429  2.74485256  3.31453145],256.60471617688563,52.649945929418934,0.9102505875262661,0.0,60,False
692,0,[-0.34175737 -3.813407    0.32128561 -1.35021575 -3.84377426  5.92120982],1.7181243679176197,0.023220745806746032,3.11620198114543e-06,0.0,12,False
693,0,[ 0.31778449 -1.16716375  2.97017455 -1.69722209 -4.15897382 -0.64970835],2.5168077388225174,0.03076981046133455,6.622727251356838e-06,0.0,13,False
694,0,[-2.78649738  2.20337021  1.25624111 -4.14919878 -3.78045058  6.25074123],4.878418857576031,0.045358005759498804,2.442567479843016e-05,0.0029763482674244834,21,True
695,0,[-3.89510791  0.93125607 -1.58786118 -6.26287181 -5.51395439 -4.20175856],7.328621155985745,0.3458707096118592,9.014901836686203e-05,0.004447089956522517,60,True
696,0,[-2.90748619 -0.19184854  2.32882071 -5.238676    2.43449361 -4.59234575],1.848197450295471,0.03613562897256704,3.8135982710585206e-06,0.0,13,False
697,0,[ 5.05997165 -0.30906158  1.24179081 -3.36715917  0.98069236 -0.65902514],0.7337305342683477,0.18190884338407665,1.0618402928057204e-05,0.0,10,False
698,0,[-3.8126645  -3.80033157 -1.88604719  5.82369313 -1.17132076 -5.72184392],116.88605652443276,8.228172703835197,0.034285810391666775,0.0,60,False
699,0,[ 1.66357877  0.00750148  0.51560797 -0.26100996 -2.22568434 -3.26827869],0.021854606215363233,0.6573611218093949,0.00013163286723002894,0.0,22,False
700,0,[-0.44488125  2.78094659  1.5213388   6.28318531 -0.12470085  1.27966337],33.16684467710075,13.746102515697684,0.05865912599718972,0.007568999999999999,60,True
701,0,[ 0.04532377 -3.93949035  0.05570822 -3.1439095   0.69219997 -1.71929884],139.3016835072322,1.364077737475516,0.01997176312038959,0.0,60,False
702,0,[-5.39464909  0.56510811 -0.01573378 -5.03996364  3.755073   -5.10742491],186.94551679135554,7.884296404753205,0.05388429383590154,0.0,60,False
703,0,[-5.37814274 -0.4441051   2.44371188  5.20765717  4.65042091  0.58867094],1.1006736741384544,0.09422237658138982,3.915832200641065e-06,0.0,13,False
704,0,[ 4.70736209  0.94054841  2.48413037  4.94184479 -2.18834489 -2.32132658],0.034388725286038584,0.7629759742712803,0.0001773288331517918,0.0,26,False
705,0,[ 1.05903094  3.53183285  0.47488908  4.9852798  -1.31808019  4.31335368],0.2019638462063703,0.9471965267463722,0.0002733378299827746,0.0,19,False
706,0,[-0.96592549  3.8163814  -2.36579682  3.75746626  1.73176839 -1.07644062],0.9204710951860127,0.07163696259274362,2.41051928602018e-06,0.0,11,False
707,0,[ 1.80515073 -3.97263396  2.5648295   2.17283583  2.61587208  0.04830518],0.03141655714801891,0.21016863709081715,1.345619918961347e-05,0.0,7,False
708,0,[ 4.20455983  1.41841031  0.90096202  6.06667952 -1.85696168  3.571469  ],0.7232669162033195,0.317422016400592,3.121537212955953e-05,0.0,33,False
709,0,[-1.98693813 -1.84109507 -0.45637861 -1.42494606  4.82543515  3.82816281],2.0726136658150796,0.05860425145620511,5.3419232300051206e-06,0.0,30,False
710,0,[0.52956773 0.86829096 2.33667076 5.00328088 4.57858    1.3336056 ],0.025882135926037084,0.18673625582139847,1.0622810066353988e-05,0.0,23,False
711,0,[ 3.28402927  2.56790618 -0.13982441 -6.17374376  4.64128213  4.08235659],197.13794599645564,16.123227001720032,0.1180512417222988,0.0,60,False
712,0,[-0.5565842   4.13780598  3.14159265 -1.17094979 -4.19279539  6.11403731],1082.3861833989356,54.06836164253244,2.0620746775772067,0.007568999999999999,60,True
713,0,[-0.71942706  4.05333339 -0.1648144   6.2786443  -3.81304691 -1.70224652],42.38520163925918,0.03040008290841185,0.001796786834770856,0.006799486302608791,60,True
714,0,[ 0.55673747 -5.71883019 -0.69287972  4.71102264  0.43876811 -2.35331632],1.1186202607952944,0.05325529901489258,2.115244938153189e-06,0.0,24,False
715,0,[ 4.10371993 -3.12456179  0.42693152 -5.39481636  1.66728885  6.28318531],4.992084100676225,0.8520734445262853,0.00024608203151370056,0.007568999999999999,43,True
716,0,[ 6.28318531 -2.37120183  1.76598716  0.59848     1.66800799  0.08010367],837.9356736254439,49.5896807144998,1.4512319883695768,0.007568999999999999,60,True
717,0,[-3.67773986 -4.67664677  1.73045849  1.50332645  1.34802468  2.28680523],3.030330669250456,0.029907983676496584,9.455380435502172e-06,0.0,13,False
718,0,[ 3.32037204 -6.28318531  2.1705056   6.28318531 -4.46222455  1.66959145],1026.5411049707761,52.70526542735313,1.8999666178097523,0.015137999999999999,60,True
719,0,[ 5.805341   -6.28318531  2.62552225  2.61124915 -3.43871369 -1.09422336],166.90977396001665,30.72805769398538,0.31548276177151247,0.007568999999999999,60,True
720,0,[ 4.04994429  5.40591274 -1.92086253  4.7326581   0.88526799 -4.30933809],0.01263620003340827,0.7290862203547729,0.00016192464136261187,0.0,24,False
721,0,[-4.86442325  2.32158465  0.26065957  1.42403171  1.29794486  2.29741384],174.54565048071407,0.06048252323008952,0.030467298433568265,0.0,60,False
722,0,[1.25696974 3.15451699 3.10352959 3.98317412 0.12716193 3.27082168],74.04918625483229,2.007921350072613,0.00671142270310003,0.002394823384804832,60,True
723,0,[-4.55296451 -6.2458112   2.72792372  6.09283705 -6.28318531 -2.23326314],358.57623991623115,14.1099332469629,0.1892232678063651,0.010031728946140519,60,True
724,0,[ 1.28863823 -4.89601914 -0.10818743  2.90495943  1.75289166  2.91694271],37.30539695807685,8.831163876138389e-05,0.0013916926445753839,0.0,60,False
725,0,[-5.80116995 -3.40856403  3.14159265  3.22352964  1.71939045  4.51675037],249.9018658956246,45.67841886455094,0.6980406568352165,0.007568999999999999,60,True
726,0,[ 2.04668751 -4.99069134 -1.57995587  0.37805772 -6.24457999 -0.65295966],3.956371079039887,0.10114281914895466,1.8769068678214628e-05,0.0023420457818723855,28,True
727,0,[-2.06395328 -4.02609639  1.24896618 -2.13720213  4.7312237  -3.01196851],0.0603184459969327,0.14114212988155833,6.071952648312217e-06,0.0,19,False
728,0,[ 2.3867837   0.06011637 -0.34212346  4.0098601  -5.11053545  1.74532153],32.67160495643579,0.0017609799418357524,0.0010674347150633576,0.0,60,False
729,0,[-5.3161528   1.27497312  1.12540955  4.31655153 -1.40146925 -3.84431421],0.015979101100064317,0.9336279695975506,0.00026552343662188924,0.0,22,False
730,0,[-1.97537386  6.24468711  0.94913926 -6.28318531 -3.15435814 -0.40141252],624.2811350079174,10.609116225035493,0.42401264570151753,0.009921424626531092,60,True
731,0,[-1.56196398 -4.78795999 -0.05493119  0.26544713 -2.07770307  2.94224703],215.72395197972548,17.104371804968036,0.13565555409549898,0.0,60,False
732,0,[-3.33611448  6.28318531  0.84811399 -0.5380419   4.63627532  5.3066402 ],639.5495718266516,36.17514272239823,0.8076584847401973,0.007568999999999999,60,True
733,0,[-1.90479308  6.28318531  1.44594399 -1.97250747 -0.45025895 -4.07957039],593.814859713738,51.562494914085775,1.1624996440305866,0.007568999999999999,60,True
734,0,[ 0.65567199 -5.90142187 -1.69084327 -3.70215642 -1.00060247 -5.10410631],0.015178047681025474,0.24635594478787545,1.8487842818534904e-05,0.0,17,False
735,0,[-1.97457147  5.96643601 -3.14159265  6.28318531  5.05941759 -1.59229113],442.87141204612414,19.10054875649099,0.3072689541538872,0.015137999999999999,60,True
736,0,[ 2.54396928  1.71129225 -1.82451972 -1.62365335  3.93795024 -4.77687823],1.036251971539951,0.0790023615167186,2.9750491258505398e-06,0.0,20,False
737,0,[-6.22443519 -3.32224287  2.57676929  0.26159927  0.80419028  5.28997886],2.1193600075896573,0.7721871793787235,0.00018612684177399358,0.0007980557017431808,29,True
738,0,[ 2.74171205 -3.18022028  2.2463429   0.13389637 -3.73174825  1.56258594],0.030235558436403815,0.4126505663013756,5.187131765285859e-05,0.0,13,False
739,0,[ 2.44521598  0.5857772   2.651133   -1.40032761 -6.28318531  3.6288102 ],540.1149040669337,54.87948980392411,1.2091581827711413,0.007568999999999999,60,True
740,0,[-1.3057585  -1.58153118  2.59448652  3.21736947 -4.15744367 -1.39386688],0.0703788283576688,0.856700694828919,0.00022357466831596072,0.0,27,False
741,0,[ 0.75596147 -4.32040364  2.8009149  -0.89581659  0.77499548 -6.28318531],44.368798004730834,29.93272231091221,0.2748960094668782,0.007568999999999999,60,True
742,0,[-2.68587261 -2.58671561  1.03173858 -5.9197324  -3.42510539 -5.42936177],0.16756625665484895,0.7389048953515053,0.0001663432326697054,0.0,21,False
743,0,[ 1.22544787 -3.42408303  0.72155696 -2.4862472   4.9718439  -4.94017904],0.025029553186188342,0.6703149476845116,0.00013687197409478248,0.0,14,False
744,0,[-6.28318531 -2.23649539  0.01374118  1.23345199  1.74469427  4.15424941],182.1733238575272,12.634144585160017,0.0818106427225419,0.007568999999999999,60,True
745,0,[-3.3533038  -1.70287486  1.39671156  6.28318531  4.44055257 -1.93086254],77.37243180543287,23.911255272251765,0.1801509329343716,0.007568999999999999,60,True
746,0,[-1.40418991 -3.89512927 -0.98095101  1.92786355 -0.76845448  3.824176  ],0.2235674249865844,0.6490772444893321,0.00012838568800476968,0.0,11,False
747,0,[-3.93172763 -4.25373564 -0.50355208  1.14897307 -6.17320237  5.51439507],0.028640863277883115,0.46296051600531485,6.529021495954781e-05,0.0,23,False
748,0,[ 4.98554454 -4.46467429 -2.51228347 -4.42753297  4.67975231 -4.56654667],0.010844308004512568,0.4751128980764501,6.87620980057482e-05,0.0,10,False
749,0,[-0.75195191  5.95618893 -3.14159265  2.55738998  1.79688208 -1.93669357],147.49916095968462,16.427650007566648,0.1039624003025976,0.007568999999999999,60,True
750,0,[ 1.27930335 -4.11420927  2.11248454 -0.20118064 -4.20799204  2.62010325],0.09333530980152491,0.35591925654392964,3.859719452546305e-05,0.0,16,False
751,0,[-3.67518761 -6.22638887  2.65496338 -4.33158618 -6.28318531  6.28244012],205.48596556559283,8.831462031801058,0.06598303290103016,0.01592114773610408,60,True
752,0,[ 3.86820233  3.03658349  1.85425956 -5.04048673 -3.92168963 -4.73569416],0.18291255897684322,0.28617225342383973,2.49799661485754e-05,0.0,12,False
753,0,[-2.80557165  6.28318531 -3.14011619  5.94684435 -6.11768085  0.71665744],337.154292018681,14.906792760331829,0.18136280600413843,0.01488327563725816,60,True
754,0,[ 5.85676133  1.10378859  2.19034218 -4.09962382  1.50736035 -6.21879774],4.979116120827226,0.0999371557740404,2.7833944056411634e-05,0.0005113222470751531,34,True
755,0,[ 5.66982102  1.95978963 -1.86872845  3.83217566 -4.4765415   0.15144553],0.0107624254769301,0.8669883727186495,0.00022897153792621755,0.0,16,False
756,0,[ 4.88600888  4.47720512  1.16767099 -4.40239318 -6.28318531 -4.18587448],91.16058090734155,48.52705830724831,0.725646316109464,0.007568999999999999,60,True
757,0,[-2.86722809  1.68648247 -3.13416407  1.80194224  1.75831968 -5.53474333],94.40592269143292,12.710397791075122,0.05812470545657994,0.006331610840027683,60,True
758,0,[ 4.4096183   2.33479818 -0.84313729  2.37402383  2.58585175  5.51806465],2.4666668467485175,0.5315142443396922,9.214111813506317e-05,0.0,9,False
759,0,[ 5.75089266 -5.21415272  3.1130287   2.00556077 -5.61606587 -5.66005842],473.3983216855626,13.838955867975285,0.2824452938272669,0.003414771779603334,60,True
760,0,[ 0.1385228   4.84387205 -2.13219833  2.12947803  5.75751538 -5.85620809],1.4122679749289095,0.3534935390992464,4.00587875627048e-05,0.0,27,False
761,0,[ 1.74279339 -1.23361002 -0.02328907  2.74759936 -3.25421242 -3.24936744],12.308592263774239,0.005730619694512391,0.0001515114471525434,0.0,60,False
762,0,[-4.81239021  4.86378124 -1.09708068 -5.67178588  6.28318531  4.31120318],131.7931423541687,7.68136715517134,0.035342896256330386,0.007568999999999999,60,True
763,0,[ 1.75177788 -2.91379429 -0.04317786  5.51329739 -0.83755629 -5.84858956],10.534710407313128,0.004915073176835342,0.00011098748229662177,0.0,60,False
764,0,[ 1.5913796  -6.28318531  0.34066424  6.28318531  4.01819472 -6.0761851 ],1278.411295494333,31.45838457592223,1.9357939654448937,0.015137999999999999,60,True
765,0,[-2.432419    4.88616024  0.27031551  1.41041662  4.36165112  4.53964186],1.052672527676292,0.020172091372404343,1.2320723210113097e-06,0.0,8,False
766,0,[-1.57662329 -0.36303075  2.28748674 -4.1197718  -3.72168388  5.64936687],0.010862464978164472,0.5787278609308361,0.00010202439274708665,0.0,15,False
767,0,[-1.34877119  0.28945793 -2.63602861  4.27337497 -3.58344907 -4.8133791 ],0.062148787294361796,0.8012144945242256,0.000195551390346324,0.0,18,False
768,0,[ 3.69916911 -4.14694711 -0.07937406  6.20692828  3.96441973  3.25603491],138.48267471522985,0.49444091033884413,0.019251921569419583,0.00011541147264182239,60,True
769,0,[ 1.83063832 -5.96401304  3.14159265 -6.28318531 -4.87024017  2.64623751],778.0556700338927,56.720526857307156,1.5853913225853684,0.015137999999999999,60,True
770,0,[-5.21438962 -4.69068929 -3.12259987  1.7102869  -1.6723018   4.90973359],69.98939211210055,0.47117345144749384,0.004966141422233919,0.0046249819523332715,60,True
771,0,[ 4.31083195 -3.09270174 -3.07848782 -2.84332421  4.59986076 -6.27762566],170.90085772252155,48.78825303762024,0.7542860084350967,0.007203510869766566,60,True
772,0,[ 5.58991186  3.95086648  0.66117996  1.24545792 -4.01094225 -0.70758843],0.10272272760680756,0.14846121985418706,6.724543419309397e-06,0.0,27,False
773,0,[ 0.34077392  1.89768994 -2.88261444 -6.04680195 -3.58065221 -1.42535973],1.5954706520920172,0.33785539991862434,3.731646922940703e-05,0.0,38,False
774,0,[-6.28318531 -1.32791631  2.73992536  1.57087001  4.56187074  6.28318531],492.1105131411431,7.146833747143235,0.2577317719513313,0.015137999999999999,60,True
775,0,[-1.90669718 -3.24822222  2.26736311 -6.16779578  1.57897954  6.27604334],8.991439094125539,0.2331222221813178,9.740070628519383e-05,0.006377305067294466,60,True
776,0,[-2.21988772  0.89947405 -1.41436802 -0.13403524  2.33780974 -4.92884552],0.013732540306484154,0.8310981838978733,0.0002104068095141331,0.0,12,False
777,0,[-1.77850882 -5.90192355 -1.68596888  2.31037596  3.87227402 -2.3792003 ],0.05463547267697368,0.07818416072508452,1.8650391241339623e-06,0.0,24,False
778,0,[-1.15771041 -5.34283876 -1.9841212   3.37851825 -2.94402419  0.24314743],0.9183298935937141,0.16501948714284242,9.138498083485717e-06,0.0,9,False
779,0,[-5.08490328 -3.78262202 -0.50266163 -6.28318531 -1.31159007  5.2374189 ],64.26113227983319,53.86032735236654,0.8878047859071903,0.007568999999999999,60,True
780,0,[ 4.23331538  4.6583414   1.74292131  5.51048891  1.84377421 -5.59563074],0.8038720983872141,0.7070932324429974,0.00015294908358123835,0.0,29,False
781,0,[-3.79183187  3.47313877  2.61471816 -2.83344669 -1.12041257  4.17705748],62.99802040502646,6.900682268937401,0.01847445414063966,0.0,60,False
782,0,[-0.1752488   2.48276904 -0.66186331 -1.82007871  0.31068695 -0.0273422 ],0.676753381473193,0.10478574420588795,3.8027103062055088e-06,0.0,14,False
783,0,[-2.79795605  5.60183488 -1.01672475  4.06835039 -2.07119459 -0.93182403],0.0072964878891101925,0.39888853292745563,4.8468358931043156e-05,0.0,43,False
784,0,[ 1.56676177 -4.7970918   2.52517095 -4.80745942 -5.01405522  2.19736737],0.035064905436753536,0.8996687342757638,0.0002465597362442978,0.0,15,False
785,0,[ 3.99556379 -4.78402416  1.67997113 -0.37899563  5.89193985 -3.7019906 ],0.016487279153142576,0.9048739747550532,0.00024942007394147906,0.0,38,False
786,0,[-3.73689777  1.66661104  1.85422734  0.38523151  2.03111774 -3.81233815],2.338689127511938,0.33264269797430035,3.917573906628581e-05,0.0,13,False
787,0,[-3.09669016  2.16444005 -3.13316117  4.06308279 -3.11442754 -2.07792578],665.2301752389255,56.79389790675071,1.425088941680535,0.006173011927450867,60,True
788,0,[ 5.53808504  4.69649716 -2.04828795 -0.24019147  2.25327861  3.6720562 ],3.238045564052378,0.1336409516778589,1.5925376938446812e-05,0.0,17,False
789,0,[ 0.26969479  3.30901536  0.42058478  6.28318531 -5.25005221 -0.73306723],51.10198035120241,57.02355831565247,0.9931316735032008,0.007568999999999999,60,True
790,0,[-1.05602146  4.2226049  -2.31377592  4.18501003  2.20550251  0.95433539],9.743569546115179,45.315048768685116,0.6256126881110816,0.0,60,False
791,0,[-5.95999392  5.6012156   0.93685616  6.28318531 -1.01720444  6.28318531],62.83935345294023,48.12514857921752,0.70945184447978,0.015137999999999999,60,True
792,0,[ 1.92486577  3.15019263  1.28066643 -3.01759554 -3.24777042 -6.1676746 ],0.029038295531881135,0.07135503801977447,1.5518154420882219e-06,0.0,30,False
793,0,[-2.82318974  0.57259072 -1.23869992  0.33340584  2.40001091  6.28318531],17.009913661170113,50.42929033132365,0.7749659559379845,0.007568999999999999,60,True
794,0,[-2.56143576  1.34110432 -2.1403252  -1.14678368 -1.23368678 -6.26900478],7.19758714595337,0.19846078152488242,6.380313010852543e-05,0.005302676186043767,60,True
795,0,[ 6.25676455  4.4397304  -0.7550955  -6.10216576  1.17290487 -6.28318531],13.260272177323488,47.9637985114944,0.7009561192364563,0.011238844854506358,60,True
796,0,[ 1.63007708 -0.05786786 -1.53017714 -2.60262598  4.39008155 -0.27336879],0.1043947934056765,0.030047393129221795,2.859208412664372e-07,0.0,29,False
797,0,[-4.08971432  0.13259808 -1.89670974  2.79415562 -1.542065   -0.94490127],0.23493452184149344,0.39475505707143493,4.752420046043044e-05,0.0,17,False
798,0,[ 2.17288297 -6.28318531 -1.18559186  6.28318531 -5.66476736 -5.34020925],364.87078116671904,2.681326893816306,0.13532073812645437,0.015137999999999999,60,True
799,0,[ 4.67792198 -5.18075757  2.11645295  5.4906899   5.35329922  4.21167494],0.13697629535134978,0.4716354731169603,6.777786730357145e-05,0.0,5,False
800,0,[-4.19615094 -5.30917279 -1.17365138 -6.28318531  2.83664337 -2.58659986],12.090785571842005,2.7093249232661707,0.0023822134577028294,0.007568999999999999,60,True
801,0,[ 6.21249042  2.50144177 -2.06390171  2.86548564 -0.10565649  3.76013423],614.6001368968793,19.760033361176525,0.4966739165399833,0.0002658566804168224,60,True
802,0,[ 4.29475329  3.38531521 -1.12542352 -0.36032024 -1.58314672 -3.35488945],0.7793975324516601,0.32938933576499113,3.36576386075003e-05,0.0,42,False
803,0,[-3.9086319   5.26111631 -3.14159265 -0.12351803  5.3738096   5.9848264 ],409.4863247767017,48.427937078257244,0.8820876505058761,0.007568999999999999,60,True
804,0,[ 6.24106288 -0.02801406 -2.02390128  3.21698277  5.17186891  6.28318531],8.031112533620307,35.077225372223474,0.37486934822586976,0.009582996503506901,60,True
805,0,[ 3.98218181  0.13882349 -0.12842339 -1.76221762  1.75268989 -5.52513571],48.59776395466299,1.8388427190660864e-05,0.0023617426614961426,0.0,60,False
806,0,[5.39129534 3.28000267 1.94999749 0.20248746 6.28318531 6.0541204 ],420.45739425332783,48.089670470657964,0.8812476629272628,0.007568999999999999,60,True
807,0,[-6.06021289  2.12634933  0.07097863  2.95076212 -4.29906816 -6.28318531],211.80758642036747,22.108012634431976,0.19374855005115518,0.007568999999999999,60,True
808,0,[ 0.66416769 -1.02638131 -0.43018    -5.62589307  3.17816175  4.29245877],39.75331607651105,3.065650701899382,0.004443185907222962,0.0,60,False
809,0,[ 0.02030323 -0.21301785  2.20961899  3.12344126  6.28318531  4.02107763],537.2787529317568,57.22677196413303,1.2862610910770005,0.007568999999999999,60,True
810,0,[-1.70404824 -1.95095532  2.59492644  6.24242048  0.48802788  2.36659392],4.284685168214179,0.17190120883074808,2.7359979542847825e-05,0.0021376916313935656,32,True
811,0,[-0.9554958   4.72656927  1.50253185  5.39521902 -6.26869965 -2.78247255],4.066519446370171,0.4100608830832508,6.775797756213041e-05,0.0052583300922244315,27,True
812,0,[-2.86053305 -1.85798483  3.00641725 -2.60366834 -3.79321571  4.49802543],0.17024536330042853,0.12116737456229337,4.501234080616755e-06,0.0,14,False
813,0,[-0.70260451 -0.19788909 -1.3609351   3.06999111 -2.24001741 -5.36855002],0.09082910934093553,0.49055746608467216,7.331340468609619e-05,0.0,11,False
814,0,[ 4.55867926  4.60726868 -2.94684723 -1.82491148 -4.92331107 -6.22534788],40.101887361710226,0.8140826312406562,0.0018100406341823372,0.0008504554276043484,60,True
815,0,[ 1.21202908 -2.15364491 -1.3958592  -1.99010636  3.50410768  4.98405511],0.22230046116274754,0.002818130058733025,5.18367230293346e-08,0.0,15,False
816,0,[-0.10316018 -6.28318531 -1.5237731   6.28318531  1.88926137 -4.13105375],755.0772090990483,1.1784446955253602,0.5705646236290869,0.015137999999999999,60,True
817,0,[-5.93410576 -2.26258055  1.55671105  3.83532062 -1.57031711 -5.03204518],343.5533018262666,24.111297412546815,0.2951196285942608,0.0,60,False
818,0,[-1.99437234  4.07224444 -2.36036689  0.36446074 -2.02869281 -3.03500619],0.5167044837504152,0.032475689654242836,5.882545051423161e-07,0.0,24,False
819,0,[-1.45419143  3.96225555 -2.81260665 -2.10928797  1.38658139  6.08884697],3.3521431299487907,0.13319578607209706,1.664111697851946e-05,0.0,14,False
820,0,[ 1.6550592   1.20203494 -2.52238373 -2.17637468  0.88554002 -2.32411621],13.058677099961931,57.2695303946582,0.9992544718494498,0.0,60,False
821,0,[ 5.56374977  0.13039369 -1.12762434  3.93204674  5.99783758 -4.64070496],0.03191900583217372,0.43092173929143684,5.6566507491886554e-05,0.0,8,False
822,0,[-4.58638834 -2.16424204  0.83607849  4.1796045   3.90412592  5.36721477],0.8929804874306502,0.12017097900857228,5.196413865254676e-06,0.0,13,False
823,0,[-3.7485457   2.49699608  2.50942847 -2.69872228 -1.86220313 -1.57907691],0.018494213902054118,0.6151382888936529,0.00011526608546356655,0.0,26,False
824,0,[-1.71663551  4.59004995 -1.67173166 -3.27649542  3.43772535 -4.83489317],0.46687209798135043,0.9296874479476395,0.00026350451731958877,0.0,14,False
825,0,[-2.65077085  4.4081259   1.2634222  -6.0595645  -6.07945175  0.06962177],1.9812996836399517,0.8318015038865586,0.00021468843485077482,0.0,33,False
826,0,[-6.28318531  2.46841384 -1.6640501  -0.30229504  5.46250448  3.60133008],425.2313744532899,55.08050919560112,1.104989086499914,0.007568999999999999,60,True
827,0,[ 6.0647801  -4.78322894  2.8328607  -0.86155992 -1.52978575  6.04672661],0.3400498322456439,0.008775475488638653,1.3909216216787067e-07,0.0,16,False
828,0,[-1.93328943 -4.30796121  2.8221599   2.61171479  3.34707512  2.64377413],15.783346903898043,16.164172880765133,0.07983970119621468,0.0,60,False
829,0,[-5.61473966 -6.19477744 -0.51181054 -1.88247618 -2.48679551  1.94420653],72.25315492578464,11.170010598993535,0.043227370912163846,0.0,60,False
830,0,[-4.65035375  2.52886726 -1.33380271 -6.28318531 -5.18464736  2.90483029],100.4830609629423,44.70321917726196,0.6188375362008293,0.007568999999999999,60,True
831,0,[-6.28318531  5.62889306  3.06293739  2.28714221  0.59744234  5.91710709],362.60566204996417,56.380248845532044,1.0997801462728498,0.007638634611939813,60,True
832,0,[ 0.33459496 -4.8832857   0.48578088 -0.04717552  3.91045052 -4.29125055],2.983869145548441,0.1826542851144861,1.9066300512331074e-05,0.0,14,False
833,0,[-0.59244392 -3.73053418 -2.07397576 -3.51907289 -6.01507855 -4.39314656],156.6794214241569,33.79848190321591,0.37252430600312864,0.0,60,False
834,0,[ 3.59691481 -2.05655818  1.70674278  4.37252492  1.78783699  0.75129211],0.042693014636100354,0.45340757098493556,6.262459221072108e-05,0.0,23,False
835,0,[ 4.622576    0.76831493 -2.07870342  5.11581812 -3.61175087 -1.13621659],0.3967579398372922,0.6572656678563595,0.00013175158114885345,0.0,7,False
836,0,[ 4.63898552 -4.36577147  1.92885645  3.52977292  5.4469031  -2.57187383],0.10218747103359592,0.026053650097326398,2.1721435502179283e-07,0.0,20,False
837,0,[ 0.3251789  -0.5702029  -1.62325038  5.46479634  4.27932675  5.54365578],114.29523638950332,54.29996385642027,0.9112236214465523,0.0,60,False
838,0,[-5.5713817  -1.60273853  1.23335595 -4.37503935 -2.24544065  0.9998785 ],0.04910202403673061,0.004662964779281609,9.034378593413318e-09,0.0,41,False
839,0,[ 5.78087094 -3.79386354 -1.89717471  2.55562223 -0.73247281  6.281541  ],590.4257188197098,3.690315399412842,0.35275093976565763,0.007285594523189374,60,True
840,0,[-3.90284755 -5.9744089   3.14159265 -6.28318531 -4.2418003   4.00479909],362.656043865026,1.0022756330388674,0.13182541154401076,0.015137999999999999,60,True
841,0,[ 0.21532908 -5.67194941 -1.96725694  5.77918836  2.3734664   4.29907389],0.06535113796694907,0.009292542030448587,3.057489282373378e-08,0.0,19,False
842,0,[-5.67165483  2.65418203 -1.34036214 -0.26050511  4.15401184  1.01108523],0.05126790644185391,0.007392858848275173,1.9277068948387103e-08,0.0,14,False
843,0,[ 3.25590734 -3.93789419 -0.5641826   3.26293351 -4.31228146  1.88877929],0.3427763181227132,0.7737731956838897,0.00018249954758144598,0.0,9,False
844,0,[-3.59777266  4.33151384 -2.51844997 -2.13214478  1.79532943  2.11864362],0.05039037217238661,0.2701881723178751,2.2240112983813532e-05,0.0,32,False
845,0,[ 5.17140492  1.18485127 -2.1801382   3.5455926  -4.71526689 -2.28951298],0.027643955371290167,0.007050414936973622,1.5906217826092496e-08,0.0,11,False
846,0,[ 5.72160295 -5.17501711 -3.11730999  1.13673948  2.49812699  4.34360848],59.7828622890121,0.25708823218055293,0.0035941241166063185,0.003933464009475576,60,True
847,0,[ 1.05816459 -5.26109128 -2.5153191  -0.28995081  1.57258263  3.62431796],3.7088885932875546,0.36679020083171426,5.4737574833730374e-05,0.0,21,False
848,0,[-5.20432925 -0.2443302   1.51684932  5.00430902 -0.02698399  0.32537313],0.01089445705867199,0.8451338014771063,0.00021757345876653107,0.0,51,False
849,0,[-5.21939491 -1.49542862  1.0076872   5.77967142  6.28318531  1.71305973],94.98484512988578,40.35227812892839,0.5050325998228768,0.007568999999999999,60,True
850,0,[-1.36742377 -2.53876866  0.9518477   2.48851707 -1.51150536  2.26046925],0.06777622197120074,0.027359252300112324,2.3260849335865014e-07,0.0,13,False
851,0,[-2.8079193  -4.76691229 -1.98513503  3.71527206  0.73073941  2.63909158],0.15975943176179283,0.32408505409492033,3.201983254462055e-05,0.0,13,False
852,0,[-4.64545223 -0.58116243 -1.88395592  2.5783574   4.43525786  5.70987707],52.53148830623012,3.4801377935606297,0.006448888211295899,0.0,60,False
853,0,[ 3.28395475  3.6528283  -2.83286702 -4.68546826  5.11936631 -2.71112158],0.3418001209145844,0.5068314078238384,7.83663640203595e-05,0.0,11,False
854,0,[-1.32212367  4.15384226  0.51180859  0.42370399  1.24061923  6.0233342 ],0.5897377454063548,0.1318496258685037,5.6433584817413415e-06,0.0,19,False
855,0,[-4.87465943  5.41127537  0.18962426  6.28318531 -1.77696641  5.28003367],238.14653318171523,50.39222287146571,0.8302519746144642,0.007568999999999999,60,True
856,0,[-4.72692896  4.60601279 -1.62366687 -4.25324716  1.00910864 -3.27978502],0.7598517437667969,0.2756197614125986,2.371801861602225e-05,0.0,14,False
857,0,[ 5.12394014  4.39072533  1.74541773  1.71693618 -1.60615124 -2.53691403],0.22566395538156905,0.40179645862514657,4.922848054025674e-05,0.0,12,False
858,0,[ 5.76467392 -4.60275581 -0.9832883  -0.91928866  4.47575883  2.03707203],0.05116033405996077,0.11875236910512821,4.298370361991046e-06,0.0,9,False
859,0,[-1.31604243  1.47279381 -3.01184022 -1.86909124  4.55739747 -3.08688593],86.37966466075396,6.1225259071871285,0.018880128986524594,0.0,60,False
860,0,[ 2.52885209 -3.63260235 -2.07187689  0.92117647  4.91896107 -2.17085655],0.030346387242143787,0.5619422908912136,9.619274723221781e-05,0.0,14,False
861,0,[-1.73040689  2.23497511 -2.09741951 -3.97676314  4.68057016 -3.20858295],0.15538580692103382,0.8373012946981896,0.0002135833326373541,0.0,12,False
862,0,[-4.61664746 -2.60792225 -1.15512552  1.85967184 -3.1412731  -5.23667481],4.253580681503159,0.7707368708214474,0.00019904645628639076,0.0,32,False
863,0,[ 5.47700497 -2.6832509   2.35308691 -2.66466759  1.82401326 -0.78478995],146.57073240660878,8.939447283344949,0.04582609009920454,0.0,60,False
864,0,[ 0.10182825  3.18167114 -1.03349473  0.61212441 -3.88781803  3.63133623],0.5236261774600875,0.5374781087434714,8.827289236252054e-05,0.0,11,False
865,0,[-2.41222547 -3.16778001 -2.03484772 -4.41846785  4.46734223 -2.21442728],1.5962517623676418,0.8706739906474318,0.00023347032127001116,0.0,18,False
866,0,[-4.4989246   4.24090695  1.80491857 -2.26702512  1.43229647  2.75067909],0.03827237025239694,0.09712192772462609,2.874820019575115e-06,0.0,41,False
867,0,[-5.20292604 -2.32255195 -1.15627612  4.18944711 -1.99135884  5.85834154],1.1390738574430535,0.08215182529210023,3.353328580180614e-06,0.0,34,False
868,0,[-0.35000619 -1.79034588 -0.82676545  6.18789185 -1.26053968  4.40009597],0.013268674658704353,0.5815233942842001,0.00010301248383476297,0.0,31,False
869,0,[-6.12015698  0.91385236 -1.3747723  -3.51431166 -1.28487153  1.57484431],0.014236447043259865,0.3123066238339843,2.9711192875475547e-05,0.0,13,False
870,0,[ 6.28318531  6.28318531 -3.14159265  6.19462038  3.27134355 -5.35434965],947.4582728244978,44.370743170213515,1.4973966381232071,0.022706999999999998,60,True
871,0,[ 4.63701818 -1.69045784  2.95626104  5.79423482  5.48615256  4.46115974],73.72191132897795,0.4301090814386495,0.0054912725507123145,0.0,60,False
872,0,[-5.17432938  2.61764156 -3.14159265  0.4809039  -4.52966911  1.9794468 ],1061.6690079171135,33.55477719064498,1.4701168635382704,0.007568999999999999,60,True
873,0,[-4.36265729 -5.45576453  0.50679178  6.25786739  5.14130073 -0.60297885],19.27975453244122,0.1362702589420539,0.00037736555343498323,0.0038046795508363414,60,True
874,0,[-3.86174396  1.97829294 -0.10688018  5.28681388  4.631549   -1.02120668],68.79026109456213,0.07849490162201869,0.004733976906331431,0.0,60,False
875,0,[ 4.19637621 -0.53968522  3.02125506  2.21575939  1.73181543 -0.20293941],4.826744700089037,0.4302629303595896,7.969012650156616e-05,0.0,12,False
876,0,[-2.08908125 -0.45577187 -2.67351633 -2.56504942 -4.81830738  5.23379275],0.016558059207243965,0.3986604903295753,4.841317752235035e-05,0.0,19,False
877,0,[ 1.12079385 -1.26130739  2.58739409  6.12315317 -3.59517174 -5.03036759],0.026051651508163055,0.7315703764981074,0.00016303046439846732,0.0,28,False
878,0,[-2.97725129 -3.91175697 -0.21148388 -3.23140613 -5.56172449 -5.07574342],39.38801023290465,0.017904574344055204,0.0015515130024658598,0.0,60,False
879,0,[ 4.0641603   5.93005829  0.81063271  6.22432128 -1.55923702  4.68769549],4.712411049739499,0.40547968499393744,7.229011780217001e-05,0.0007916327717422114,30,True
880,0,[-1.61464997  2.20020037 -2.30318761  3.75753689 -4.83919075 -0.7532095 ],3.649884603572594,0.6449449845541202,0.00014002850193265472,0.0,28,False
881,0,[-1.48538892  6.28318531  1.57257616 -3.97085795  1.41287907  6.28318531],317.17961194904944,19.87398228607753,0.22091922398237013,0.015137999999999999,60,True
882,0,[-1.78668511 -0.49497285 -2.20356077  5.95640847 -4.70712508  1.65369866],177.04685673979884,8.357491555474349,0.05262240500227769,0.0,60,False
883,0,[-6.10538412  2.1321514   0.83124912  2.89697869  1.44211113  4.00066209],2.383912056543728,0.09147774137791248,8.232129230448196e-06,0.0,9,False
884,0,[-2.46793919 -0.26470432 -1.20229707 -0.37983685  2.00581404 -6.10093402],0.07097046763833827,0.6819727899434543,0.00014167860406524044,0.0,9,False
885,0,[ 3.22220231 -5.32116346 -2.58907676 -6.24971805  2.34311801 -4.47128715],1.6179694580202388,0.009660001694866034,2.646250734358795e-06,0.0028657544161896408,43,True
886,0,[ 2.97844306 -5.91923345  3.14159265 -5.60969088 -3.1125708   2.69297754],423.4741723775745,50.549942321790844,0.9577182526909198,0.007568999999999999,60,True
887,0,[ 0.6474105  -4.26547799  1.9453134  -5.29552786 -4.39689403  4.16196226],0.05571677957596264,0.0015318005695322528,3.819117795506103e-09,0.0,11,False
888,0,[ 2.2381172   0.98104172 -0.00442138  2.14032526  0.92436837 -0.79403905],60.94709663252031,0.00456257202053683,0.0037145549291739215,0.0,60,False
889,0,[-2.30640286  1.85444426 -2.64448328 -1.16431768  1.66702831  0.33682347],0.03630384722165711,0.38439334223216176,4.5011052263240014e-05,0.0,17,False
890,0,[-2.29036768 -1.70367949  3.00511909 -1.24188845  5.45109316 -0.9939341 ],87.24398778953525,10.680201183270588,0.04235821642514832,0.0,60,False
891,0,[ 0.105748    5.56104661 -2.19959625  0.20735054 -5.198673    4.35087643],93.26534385637966,17.521053267170807,0.10221210591029901,0.0,60,False
892,0,[-2.07537842  2.17502046 -2.89960202  5.6369531   1.27097813  6.10799841],37.77366634329928,0.5222930061845067,0.0015099464501788413,0.0,60,False
893,0,[ 3.89801879 -1.63507167 -0.33262307  2.25411643  1.67870713  0.72155017],237.42679496258734,3.7957071900801034,0.06076022586990358,0.0,60,False
894,0,[ 1.66336639 -2.31484384  1.59621396 -0.81884516 -3.99839716  2.68014457],1.762189714817604,0.30651566527821894,3.1724683654615256e-05,0.0,18,False
895,0,[ 2.51025505  1.71890411 -1.03217442  5.9389973   5.0253724   4.23957127],0.08977714913914446,0.4205173717806642,5.3875038708704924e-05,0.0,7,False
896,0,[-0.31097976  5.3081917   3.07122375  2.80629404 -4.71732752 -2.3040397 ],16.505356801648986,0.02829617745182838,0.000272670702293649,0.00027659352491187406,60,True
897,0,[-2.90235766  2.96981396 -0.08526927 -4.95131611 -4.76745002  1.63074036],134.03149492849968,0.11603874716153785,0.017968543303536432,0.0,60,False
898,0,[ 2.50595442 -2.1429568   1.13156351  1.00945937  0.30721755  3.11428186],350.8429810885509,7.680866062804328,0.14106191635007811,0.0,60,False
899,0,[ 0.39351162  3.01889569  1.11610857 -3.2096584  -2.27406179  0.24773796],0.44301561849271065,0.004505588955033772,2.024466729318722e-07,0.0,44,False
900,0,[ 0.49205549 -0.16069216  0.81488093 -5.84853959 -1.16213535 -2.77291846],0.005901792866482226,0.5442526999410903,9.023106578798252e-05,0.0,33,False
901,0,[ 2.52832014  0.78401315  2.21660562 -3.08547881 -5.47229709  6.27284214],4.403289794784879,0.957065008141902,0.00029841042379865674,0.005876270270394491,48,True
902,0,[-5.9581995   2.80726461  0.51792823 -4.06846794 -0.05980484  3.08065136],0.3587852518937287,0.024253924149908672,3.0791891826492857e-07,0.0,13,False
903,0,[ 1.56231115 -3.42757595 -2.49479925 -0.438959    1.18354964  2.64037305],30.381138571848272,0.6208861768770415,0.0010404434879998595,0.0,60,False
904,0,[ 1.41565389  2.21613133  2.43955084 -0.03014685 -6.13542131  3.58773904],0.3427235950832323,0.07259385358326713,1.722752926875732e-06,0.0,22,False
905,0,[ 1.49731335  5.87065272  0.04807315  0.87307628 -1.90909759 -0.16601626],93.29609862581883,1.751646673016474,0.009638809311374485,0.0,60,False
906,0,[ 2.19884443 -0.07107187  1.92596173 -3.09462488 -4.90751127  2.6533796 ],0.03183157070919608,0.02099556429434053,1.3529278689830574e-07,0.0,21,False
907,0,[-6.18754508  2.11698944 -2.40852578 -4.554585    4.31628185  1.88053293],3.603763212157771,0.3690302834399127,5.447093001337673e-05,0.0,21,False
908,0,[ 6.26325348 -5.80342053  2.33485867 -2.80123734 -0.50173373  0.75281143],917.9686602105336,46.51024955247565,1.5016158729409121,0.004498139764908147,60,True
909,0,[-3.27495039 -1.03766609  2.34893566  3.63818091 -4.93742795 -3.79144187],0.062444676724431984,0.4892426682468775,7.29166340265152e-05,0.0,20,False
910,0,[ 5.86596313  4.97110042 -2.7126327  -6.18125317 -0.4087657  -4.10323196],0.8163413994037236,0.07683947699901007,2.464967503799754e-06,0.0,29,False
911,0,[-0.23920242  4.68914474  0.87367821  2.36152692 -6.28318531  0.29401658],407.8161478082737,47.63754512950161,0.8575931977941791,0.007568999999999999,60,True
912,0,[ 2.0556978  -3.89538385 -0.07668399 -5.85545656  5.23033116 -5.58155915],179.22806510698203,1.5460800494724336,0.032850845689617394,0.0,60,False
913,0,[-3.23973548 -6.28318531 -1.66686913  1.81433541  2.80458798  0.998506  ],476.56096159456354,35.775038714843745,0.6169759890208891,0.007568999999999999,60,True
914,0,[-0.70242339  1.1363364  -1.73917467  4.85725933 -4.52904135 -1.66296808],2.399763053774529,0.3016644440004888,3.347948558127821e-05,0.0,15,False
915,0,[-0.22609432  6.12926249  2.01361234 -1.11812153 -1.44685421 -3.26052822],0.08066127932674125,0.35027618786352094,3.738105554604428e-05,0.0,15,False
916,0,[ 3.23989942  1.52841987  1.4337474   5.12538082 -1.80820111 -2.48336719],0.31866152956328836,0.020754440838366806,2.3275815364199014e-07,0.0,7,False
917,0,[-6.20999093  5.05205292 -0.82130808  0.26741565 -3.62341518  5.13046331],4.475179582593404,0.5718002735804177,0.00011962358919563369,0.00019059527205006374,26,True
918,0,[-3.25387128 -0.31800606  0.85855927  1.41550811  5.97282084 -2.32094294],0.1156941121973616,0.0547316625860545,9.25883328845894e-07,0.0,10,False
919,0,[-3.98925214 -6.22221572  3.14159265 -5.54210635  1.20711197 -3.8350427 ],496.5794882949303,3.1900098238104526,0.2496910246129499,0.008246582276666,60,True
920,0,[-5.22405619  2.64843507  0.12283338 -4.5937089  -4.77326472  3.50573976],106.0257082539317,0.022504623722538256,0.011241605086704107,0.0,60,False
921,0,[-0.03044321 -2.48361328 -0.32251806 -4.10641358 -4.62295569 -0.63906675],108.65399441435746,28.37216848229992,0.25701660414171984,0.0,60,False
922,0,[ 5.49415462 -2.38379661  1.05788916 -1.67208109 -5.3443291  -4.55737573],0.007948691147640179,0.9841920606074083,0.0002950628566843266,0.0,18,False
923,0,[-2.36708446 -2.29974723  3.11672566  5.32890255 -5.5905254   5.4172418 ],591.9767775666307,36.52652367652202,0.7568530858841132,0.003860511066827466,60,True
924,0,[-6.27151835 -1.71273852 -0.29248937 -4.79641848 -3.83402819 -1.67570385],55.57198555842333,0.044566551503712595,0.003088850603174839,0.005675067327560565,60,True
925,0,[-1.64064234 -4.14299758  0.37620303  2.17053493  1.78938965 -5.86988678],0.5907251939211708,0.04037578718475278,8.455448490566607e-07,0.0,17,False
926,0,[ 3.77000143  1.79911702 -1.72854017  1.25768297 -1.23258464  3.89422616],1.6898529136652538,0.33328033740739826,3.669122138018433e-05,0.0,22,False
927,0,[ 3.02916107 -3.89738186  1.64925613  0.12844408 -4.07743177 -3.55398991],0.016426027026171366,0.2853071529742514,2.4796180038548026e-05,0.0,39,False
928,0,[-5.70216413  6.28318531 -2.44586575  1.58489768  0.32517261 -4.99598881],65.08065368088741,6.42117331802573,0.01679531450811484,0.007568999999999999,60,True
929,0,[-3.149847   -3.68658692  0.73315481 -0.51049773  5.13069083 -2.07620347],0.3638208222784913,0.5032714021158572,7.728650664651695e-05,0.0,34,False
930,0,[ 1.55092494 -1.36087778  0.37768584  6.28318531 -5.20528995  2.02715603],3.4935456082786964,0.08630824497717479,1.4473990544892416e-05,0.007568999999999999,17,True
931,0,[-6.28318531  5.96641141 -3.14159265 -5.1245448  -4.96101154  5.79807642],279.9893726830731,47.19946968019402,0.7570176715837016,0.015137999999999999,60,True
932,0,[-1.38382556 -2.09368042  0.15902033  1.64821042  1.05840051 -5.67611873],124.30487069289038,0.20919702863384299,0.015465031970987234,0.0,60,False
933,0,[ 5.78960784 -6.26609312 -0.98829518  4.1563745   3.41499933 -1.34207133],8.268920092034463,0.05428740845230501,6.927278440613633e-05,0.004887102385344572,60,True
934,0,[-4.03309001 -3.22241664  0.3988139   1.25358661 -4.57746257  2.02462441],3.0410529934262334,0.11903336948695839,1.3564110182254651e-05,0.0,13,False
935,0,[ 1.72109432 -0.33488345 -1.54456047  1.23079571  1.16424019 -2.62012002],0.06716927818834505,0.024347309598021616,1.850863244615882e-07,0.0,14,False
936,0,[-0.49924484  3.80746282  0.17797844 -3.39327797 -0.78938328  2.53061862],36.777805219903485,0.00027862997813042157,0.001352606980442031,0.0,60,False
937,0,[-1.17576079  0.6806299  -2.56278344  1.86354176  4.99005978 -3.58671401],1.8599213739767326,0.6689634267398807,0.000139779278481841,0.0,10,False
938,0,[-3.81487929  1.53884675 -1.68885327  0.41261699 -2.48301251  3.95091188],0.16869102745729092,0.6485942483260837,0.00012817323710651723,0.0,31,False
939,0,[-1.66492934 -4.09426693 -0.2823663   1.43095232 -5.32573427 -6.19154667],140.98371599247093,0.06007042029737907,0.019877507373417452,0.0,60,False
940,0,[ 4.51914104  4.57784747 -2.84959025 -2.3071146   1.52862327 -0.30556928],99.32466272235189,11.459407326602665,0.04986714391471613,0.0,60,False
941,0,[-6.04644252 -0.75408827  2.24322521  6.04321066 -6.28318531 -4.26130595],100.07632056447478,18.63368075428483,0.11578272053722741,0.007568999999999999,60,True
942,0,[ 1.97732071  0.49580705 -1.79297064  2.60329935  4.89702444  1.2065124 ],0.02337472730260935,0.5376231510717531,8.804675494186532e-05,0.0,18,False
943,0,[ 0.40987802  2.70281584 -0.33433615 -4.59504214 -4.81803241 -1.48538137],45.69053260707951,0.0003550069345909576,0.0020876248083095063,0.0,60,False
944,0,[ 5.25747823 -4.2720319   1.4404695   1.04946312 -4.61788082 -0.75481185],0.20651705241392715,0.017367123838157448,1.345270823202319e-07,0.0,13,False
945,0,[ 3.04519137 -0.18537836 -1.18287131  2.12710029 -2.20373941 -2.89869691],0.01711371475757824,0.11006414106090816,3.6904633784558697e-06,0.0,15,False
946,0,[ 3.99316307 -3.76164472 -0.13158721  2.66143151 -5.50147729 -2.35957394],0.012507108911276632,0.8422916498236508,0.000216112576022706,0.0,24,False
947,0,[ 1.53698771 -1.32057276 -3.01796463  2.71133838 -4.18241629 -3.80924792],0.12578131405147921,0.0677556817001432,1.4142684601333172e-06,0.0,9,False
948,0,[-0.89965403  0.59523672 -1.19227003 -4.32290367  5.64328487 -3.71813959],0.011184091149174418,0.40153691522245333,4.9114168708730286e-05,0.0,12,False
949,0,[ 2.58443579 -3.86360938  1.62839569  4.34003478 -1.01774553  5.37178941],0.25144210357894764,0.8003758297001015,0.00019520158965917442,0.0,20,False
950,0,[ 5.20765848  4.22362404 -2.8709377   2.49106548 -5.35019235  5.03090416],0.040009465419442905,0.9440299930067924,0.00027147439953913865,0.0,10,False
951,0,[ 3.36061602 -2.65585419 -0.89370479  1.20178112  1.66539131  6.28318531],3.7287116031644496,0.875588383174278,0.00024743976328841675,0.007568999999999999,38,True
952,0,[ 1.12368202  0.64028585  1.78987209 -3.94478702  1.08449418 -2.90192046],0.06876373620214729,0.026508407818698895,2.1878179790155e-07,0.0,30,False
953,0,[-4.11018933  5.28810265 -0.64389887  1.37190807  5.15506242 -1.24817729],0.6229335659724927,0.8519121444795648,0.00022146544907508277,0.0,27,False
954,0,[-5.294812    1.70227679 -2.01129606  4.56199785  2.01434698 -2.66283988],0.052613712678478454,0.3309798229762495,3.337288862335792e-05,0.0,14,False
955,0,[-4.03013662  3.85631829 -3.14159265  4.87464514  0.71289444  6.28318531],393.95629850275554,48.832668920181504,0.8816012669764111,0.015137999999999999,60,True
956,0,[ 5.49679249  1.6801993   1.45656734 -1.75059927 -0.94495911 -3.69509479],0.3860386393113252,0.5304126813730179,8.58493634584217e-05,0.0,30,False
957,0,[-3.22632615 -2.86389537  3.00947656 -5.42426407 -2.67146582 -2.23957123],0.02617020748518826,0.6709111826997683,0.00013711563077658116,0.0,22,False
958,0,[-4.93710297  1.50417041 -0.09094704 -3.78285002  1.28448185  2.70602652],190.6041455907759,3.239448118558757,0.03952660286482064,0.0,60,False
959,0,[-1.50286587 -0.57616635 -2.66168743  0.10116304 -5.22775522 -2.10869369],18.934198804379587,0.11047617096767254,0.0003622217352055148,0.0,60,False
960,0,[-1.6952347   1.81500094  1.06304836 -3.4278418  -5.65472213 -1.10994469],3.930041410912354,0.47928313217007473,8.54195999415462e-05,0.0,22,False
961,0,[ 4.60840968  2.20180929  0.24643005  6.13185645  4.85718948 -6.28318531],77.27165202655479,47.63861316693621,0.6972810930007464,0.007568999999999999,60,True
962,0,[ 5.43774946 -3.87399797 -1.89048806 -0.33070209  2.97856881 -3.24864982],245.81088169193598,14.029226942943634,0.1203775490514223,0.0,60,False
963,0,[-0.02272738 -6.20505276 -2.11692363 -2.90186277 -1.4347334   3.09009589],0.7742865141201394,0.9067666045826005,0.00025106378326357064,7.86316759855392e-05,33,True
964,0,[ 5.52966728 -2.85023019  0.24575095 -3.7672875  -5.68743335  5.62111958],36.468686963724984,0.0003723357106654955,0.0013299651710884596,0.0,60,False
965,0,[ 4.34820975  6.28318531  0.60773401 -6.28318531  3.55551817  2.78877231],590.9003801963179,1.3347710153930827,0.3497059698733953,0.015137999999999999,60,True
966,0,[ 1.18271907 -0.70101427 -1.7794702   4.40000988 -6.28318531  0.16757234],331.2004904516638,51.474142795390655,0.9168042350104609,0.007568999999999999,60,True
967,0,[-5.38924745  2.61190734  1.04928682 -6.00865537 -3.83043397 -2.66507562],0.035167048883158594,0.8290559334999895,0.0002093750673979616,0.0,11,False
968,0,[ 2.34918624 -6.03348574 -1.73422433  3.61950086 -2.3971688   5.96933293],0.026712965823709304,0.3086704005008854,2.9023874252692328e-05,0.0,23,False
969,0,[ 3.34640664  1.29653194  1.57468382 -6.14427336  4.19400025 -1.00854788],0.05149683341302909,0.0009238052149173042,2.911889254373292e-09,0.0,5,False
970,0,[-3.46752765  2.34104224  0.98820428  0.75555818 -4.09298486 -4.35495859],0.03130438501846755,0.4206865008067889,5.391129726375143e-05,0.0,40,False
971,0,[-6.28318531  5.88911076 -1.68655415  0.4327633   2.69448894 -0.30638085],99.17518133323392,12.192052663692294,0.055115922704459176,0.007568999999999999,60,True
972,0,[-6.28318531  3.55820806  1.12266766 -0.39536671  3.1624541   6.28318531],241.6001008177806,10.638950641510954,0.09284942308448982,0.015137999999999999,60,True
973,0,[ 0.48680874 -0.38801194  2.67648651  0.45218609  4.56028884  3.35902363],0.0018347071145266426,0.49984393557732876,7.610682579036628e-05,0.0,17,False
974,0,[ 5.23573611 -4.21146713 -3.14159265  2.91856911  3.70062239  2.15282874],121.25919494707902,0.6077899439571792,0.014816320658659144,0.007568999999999999,60,True
975,0,[ 1.10388172 -3.10230074  1.21908803  3.55472884 -1.99692468  1.37902422],0.2152256761001603,0.3765135814643668,4.322964206622795e-05,0.0,34,False
976,0,[ 2.3418832   6.28318531  1.29390571 -6.28318531  3.95510964  6.28318531],696.0804764788818,0.06386834133981141,0.4845292723197921,0.022706999999999998,60,True
977,0,[-2.1237224  -6.27178017 -1.56687795  5.981511   -0.0427818   1.1703173 ],814.7104131095008,1.3751632463557821,0.6643291112975857,0.005714583928496113,60,True
978,0,[-4.17517058 -1.73438278 -0.74486755 -3.87133827  2.26816162 -1.46436973],2.692120733225035,0.010016134486237773,7.278074160448626e-06,0.0,20,False
979,0,[ 2.02344936 -4.09888112  0.78741452 -4.43403758 -3.59647939  1.87353249],6.0979567027146375,9.951597078648742,0.030204753265103135,0.0,60,False
980,0,[-6.27136459 -0.76194684 -1.30149945 -0.15854225  2.36578613  3.53405658],17.04506013383903,0.06435494303692095,0.00029179566588923245,0.005651925074522442,60,True
981,0,[-1.03502563 -0.63308819  1.95219899  6.28318531 -2.70504586  6.28318531],53.92413425644685,50.927869351700295,0.7929781362921107,0.015137999999999999,60,True
982,0,"[-5.85852908e-03  1.81480770e+00  7.23884837e-01  2.12986570e+00
 -4.25164975e+00 -6.28318531e+00]",14.670543225056482,34.39726445681715,0.36062996636233186,0.007568999999999999,60,True
983,0,[ 3.50119097  0.7421255   1.43491819  2.90040664 -4.3338449   5.64170628],0.0168146989502585,0.7774159892520537,0.00018410362478550965,0.0,44,False
984,0,[ 0.90739183 -5.25006772 -1.29642851 -1.10812271 -4.89746028 -2.90989538],1.5317117975578238,0.28212795855214434,2.659252552936871e-05,0.0,26,False
985,0,[-2.54033609  5.88068278 -2.41645626  5.96825145  0.59712555 -1.79349455],519.2769110708501,32.35889083611153,0.5886127453891782,0.0,60,False
986,0,[-1.40821357 -1.27849794  2.88498549  1.18518386 -5.99992236  5.37261027],1.5483067231299334,0.1469493739315307,8.97519836858321e-06,0.0,55,False
987,0,[ 5.52179885 -2.20102624 -2.0971329  -5.36303549  4.49541068  5.02381498],0.036643747875626395,1.8717973719582257,0.0010672666725200588,0.0,60,False
988,0,[-1.92186742  0.09848275  1.37771931 -3.73578023 -3.95931004  6.11780282],0.05682465436466643,0.8889486837135288,0.00024072098026452752,0.0,59,False
989,0,[-1.27434479  5.79534401 -2.73860317  3.35604337 -4.62975108 -3.76445097],37.3091079722421,1.9703837683457026,0.002574619922939804,0.0,60,False
990,0,[ 6.28111158 -0.97588163  0.78697245  4.80536822 -4.28983965  3.49323854],4.997587478593921,0.02636329089921115,2.518759675175632e-05,0.007212471113187081,51,True
991,0,[-5.02472064 -3.73794765 -0.20230688 -3.33831434  1.76181026 -2.32267563],255.1329580469916,8.346700034893962,0.08631473036160532,0.0,60,False
992,0,[-0.30232832 -1.56856753 -1.72139827  1.18868227 -4.21073415  4.45287626],0.032103231969853506,0.181438900256285,1.0029058778863196e-05,0.0,20,False
993,0,[ 6.26019243  5.00931551  2.72841323 -0.89889142 -1.53112761  6.27218212],18.719477642423527,0.2132330717966245,0.00036426929250375306,0.009872427754307968,60,True
994,0,[-2.40229149 -1.9822524   1.39933389 -3.39872467  3.8471961   3.62128105],0.0035543367057438895,0.7011163272120587,0.00014973900173986094,0.0,37,False
995,0,[ 3.76931113  3.38667525  2.27980862 -3.02558253  3.94409032 -6.28318531],10.26225718989452,56.64529021673199,0.9775278486774807,0.007568999999999999,60,True
996,0,[ 6.28318531 -2.97707643  0.55402127  6.28318531  3.37309224 -4.21427602],628.5022537951464,36.67484055439701,0.8047388943876567,0.015137999999999999,60,True
997,0,[-3.92565967  2.49129802  1.78665536 -5.06883871  1.93700158 -4.28580052],0.2243285798367011,0.5250414824082917,8.402376824201517e-05,0.0,11,False
998,0,[ 0.12462568 -5.13447792  2.59117604  2.93625459  4.7040142  -4.76530969],0.22624153278547468,0.3875724708727552,4.580850508582212e-05,0.0,12,False
999,0,[-4.50923707  6.00198962 -3.14159265  0.83348905 -1.33656229  2.09064476],571.3786655672783,37.33688702641354,0.7511234016574169,0.007568999999999999,60,True
