N,run_label,target_id,strict_success_by_curobo,strict_success_by_our_eval,q0,q1,q2,q3,q4,q5,curobo_reported_pos_err_mm,curobo_reported_rot_err_deg,our_reeval_pos_err_mm,our_reeval_rot_err_deg,abs_diff_pos_err_mm,abs_diff_rot_err_deg,target_x,target_y,target_z,target_qw,target_qx,target_qy,target_qz,near_limit,reason_flag
1000,curobo_threshold_N1000_K16,0,1,1,-1.7918615341186523,4.677307605743408,0.47754740715026855,-3.1781299114227295,2.3198349475860596,1.0631890296936035,0.00013431724710244453,3.81723475893314e-06,0.00017032972429025184,2.091309789151873e-06,3.6012477187807315e-05,1.7259249697812673e-06,0.07882777165062335,-0.1105914457716395,1.239761953243328,-0.024760963395237923,0.7741779685020447,-0.4868920147418976,-0.40369734168052673,0,consistent_success
1000,curobo_threshold_N1000_K16,1,1,1,0.4369632601737976,-0.13254031538963318,1.4818065166473389,-1.3588452339172363,2.911104679107666,-1.3901435136795044,7.300048565639372e-05,1.856636551441026e-05,5.215330286456988e-05,2.0526110585337575e-05,2.0847182791823838e-05,1.959745070927314e-06,0.6522615539968614,0.3865275042722654,-0.46562988586154,0.6633250117301941,0.3671819269657135,0.603393018245697,-0.24717257916927338,0,consistent_success
1000,curobo_threshold_N1000_K16,2,1,1,-1.3114017248153687,-6.003872871398926,0.6028949022293091,3.7665488719940186,-0.2605191171169281,-5.564062118530273,0.00013328003944934608,2.1146402160021522e-05,0.00015837764373957525,2.1800504449438904e-05,2.5097604290229178e-05,6.541022894173818e-07,0.5187393341179228,-0.9682638560328939,-0.49966644408145494,0.5493733882904053,0.1617097705602646,0.7761316895484924,0.2639288306236267,0,consistent_success
1000,curobo_threshold_N1000_K16,3,1,1,-0.24852603673934937,-0.25427934527397156,2.3321263790130615,-1.6822479963302612,-1.6829476356506348,0.7369718551635742,0.00010975390551948294,2.6181807071283655e-06,9.116343581853693e-05,6.830189170012755e-06,1.8590469700946008e-05,4.21200846288439e-06,0.2173754365079794,0.1033278817505654,-0.2905031380744559,0.7282297611236572,0.2043396383523941,-0.5165029764175415,-0.4014366865158081,0,consistent_success
1000,curobo_threshold_N1000_K16,4,1,1,-2.1452672481536865,-0.12713253498077393,-0.28438276052474976,-0.3842878043651581,1.7922487258911133,2.461219072341919,0.00011920928955078125,1.1823161308936418e-05,7.857295789034379e-05,8.009106731400786e-06,4.063633166043746e-05,3.8140545775356326e-06,-0.5733830802321036,-1.1502463897904693,0.4171197645928857,0.5740078687667847,-0.08228697627782822,-0.3804461658000946,0.720419704914093,0,consistent_success
1000,curobo_threshold_N1000_K16,5,1,1,-2.9344735145568848,0.07262527942657471,-1.0794631242752075,2.337212324142456,2.7841248512268066,-1.8590035438537598,0.0001125012971670003,9.48448611877107e-06,9.505374772846492e-05,7.244509618354405e-06,1.7447549438535383e-05,2.2399765004166653e-06,-0.7783134659638649,-0.24281231649886048,0.5076865962909415,0.5695439577102661,-0.8074994683265686,-0.13365688920021057,0.07549893110990524,0,consistent_success
1000,curobo_threshold_N1000_K16,6,1,1,1.4528751373291016,0.010728954337537289,1.2864866256713867,1.3460736274719238,0.8508120775222778,0.3548421561717987,3.332000986233652e-05,6.406036097246765e-06,1.9751407812720433e-05,2.091309789151873e-06,1.3568602049616086e-05,4.314726308094893e-06,-0.14665566757103593,0.6723267788552697,-0.36178097332157294,-0.24418674409389496,0.3633827865123749,0.7400087118148804,-0.5106005072593689,0,consistent_success
1000,curobo_threshold_N1000_K16,7,1,1,0.0146819232031703,0.2207428514957428,1.5025415420532227,-1.5279502868652344,-0.6624048352241516,-1.0011588335037231,7.450580596923828e-05,9.515563344008087e-06,0.00012134755026174438,8.954453545231654e-06,4.6841744292506094e-05,5.611097987764334e-07,0.4286151634785514,0.242960922897679,-0.6748529403132706,0.0667167454957962,-0.4557432532310486,0.4822993874549866,0.7451404333114624,0,consistent_success
1000,curobo_threshold_N1000_K16,8,1,1,-2.757952928543091,-1.4251118898391724,2.4705893993377686,0.5608547925949097,2.816805601119995,-1.496771216392517,0.08021435496630147,0.022609635367561363,0.08023272563592565,0.022608766064355197,1.8370669624179214e-05,8.693032061656003e-07,-0.21169387209366156,-0.16792603287408514,0.21238388825175292,0.5714053511619568,-0.8006815314292908,-0.13559570908546448,0.11840075999498367,0,consistent_success
1000,curobo_threshold_N1000_K16,9,1,1,2.124415159225464,0.5343528389930725,2.841857433319092,-0.561048686504364,-0.8854878544807434,-3.810957908630371,0.010635329999786336,0.0007779866963987605,0.010639336801024628,0.0007792619891828421,4.006801238291835e-06,1.2752927840816103e-06,-0.1893868625496145,-0.11637694154174795,0.0811409770300571,-0.15122316777706146,-0.5386905670166016,0.29271265864372253,0.7754117250442505,0,consistent_success
1000,curobo_threshold_N1000_K16,10,1,1,0.9523101449012756,0.6234510540962219,-2.8581531047821045,2.696033477783203,3.1529741287231445,-1.8854286670684814,0.5998957785777748,0.1029433838708157,0.5999074129045853,0.10294178055884205,1.163432681050569e-05,1.6033119736441614e-06,-0.004776911078527249,0.11599783940627278,0.11759081301703823,0.5417730212211609,-0.05211426317691803,0.7028210163116455,-0.45804882049560547,0,consistent_success
1000,curobo_threshold_N1000_K16,11,1,1,0.9014452695846558,-0.33725836873054504,-2.653627872467041,2.7758140563964844,-1.4536322355270386,0.6980405449867249,0.00045570519091597816,1.1593983871475382e-05,0.00046912613762074265,8.2776426154535e-06,1.3420946704764485e-05,3.3163412560218827e-06,-0.16993828382416942,0.0668011647275279,0.2831580406992696,0.6266431212425232,0.5796200633049011,-0.5196325778961182,-0.036619335412979126,0,consistent_success
1000,curobo_threshold_N1000_K16,12,1,1,0.18827098608016968,-1.1262603998184204,2.6910223960876465,0.257714182138443,-0.4257327914237976,1.2041279077529907,3.332000986233652e-05,7.727297339466099e-06,3.260464542517684e-05,7.443026089337887e-06,7.153644371596789e-07,2.8427125012821164e-07,0.11476653602834433,0.27423663263481834,0.1732211354785796,0.8366275429725647,-0.5458173751831055,-0.04576902836561203,-0.006557794753462076,0,consistent_success
1000,curobo_threshold_N1000_K16,13,1,1,-1.0167675018310547,-1.4881961345672607,1.6378453969955444,2.281252145767212,1.8792266845703125,0.028094282373785973,0.00010745380052412656,3.34899909650432e-06,9.446904605692885e-05,8.622691156561379e-06,1.2984754467197711e-05,5.273692060057058e-06,0.3651730830727805,-0.33185555929932253,0.6822697185031986,-0.3545771539211273,0.8506336212158203,0.29531222581863403,-0.2519685626029968,0,consistent_success
1000,curobo_threshold_N1000_K16,14,1,1,1.634926676750183,0.5073969960212708,-1.569335699081421,-0.5219475030899048,1.5410569906234741,-1.5418915748596191,6.664001972467304e-05,6.283506678476319e-06,9.867055557929159e-05,2.699869328381916e-06,3.203053585461855e-05,3.5836373500944027e-06,-0.22582443632011395,0.9156023295709494,0.42338318077061937,0.6734439134597778,-0.005618831608444452,-0.015242558903992176,0.7390598058700562,0,consistent_success
1000,curobo_threshold_N1000_K16,15,1,1,-0.8877646923065186,-0.47746196389198303,-0.034168731421232224,0.05171520262956619,-3.4949986934661865,0.08154460042715073,0.012075494851160329,0.001831463490924515,0.01217843650474457,0.0018336982991834258,0.00010294165358424104,2.234808258910802e-06,0.768551430411471,-0.8218308729307092,0.5992198239270512,0.7592160105705261,0.5571198463439941,-0.33588600158691406,-0.019726499915122986,0,consistent_success
1000,curobo_threshold_N1000_K16,16,1,1,0.038662586361169815,-0.8846409320831299,1.2013407945632935,1.6190117597579956,1.9456534385681152,0.9502579569816589,0.0001365714012990793,2.079475759177292e-05,6.821869013562634e-05,2.405763859136635e-05,6.835271116345295e-05,3.262880999593431e-06,0.7872570309585297,0.16073282943815756,0.38370579664654336,0.12440286576747894,0.9032274484634399,0.34470775723457336,-0.22333988547325134,0,consistent_success
1000,curobo_threshold_N1000_K16,17,1,1,0.13089188933372498,-0.3818122148513794,-2.0859968662261963,1.7971757650375366,1.3467469215393066,1.5743687152862549,0.00014751397259260557,7.6009732390718536e-06,0.00016708867487923255,5.122641877509564e-06,1.9574702286626977e-05,2.4783313615622895e-06,0.23670832864116137,0.21717838518393245,0.6776437019137052,-0.10863523185253143,0.4250327944755554,0.12795592844486237,0.8894789218902588,0,consistent_success
1000,curobo_threshold_N1000_K16,18,1,0,1.218496561050415,-2.019350528717041,-1.3584697246551514,-0.1203840970993042,-1.181879997253418,1.1226806640625,8.972271345555782,0.612511567890321,8.972287166442392,0.6125094243970292,1.582088660967429e-05,2.143493291861809e-06,-0.4574839848629788,-0.6733859905864237,0.6873491731853597,0.7088130712509155,-0.517173171043396,0.2592962980270386,0.40358564257621765,0,reported_large_reeval_large
1000,curobo_threshold_N1000_K16,19,1,1,0.4033500552177429,2.5206825733184814,0.3095320463180542,-3.3602280616760254,-2.144833564758301,-1.5942859649658203,0.0,8.362944983441682e-06,0.00012366378079311727,5.263014220319209e-06,0.00012366378079311727,3.099930763122473e-06,-1.0112230073312565,-0.3077275467715193,-0.5430488828912347,0.33123278617858887,0.7834393382072449,0.31381478905677795,-0.42193350195884705,0,consistent_success
1000,curobo_threshold_N1000_K16,20,1,1,-0.306829035282135,-0.05855945870280266,-2.2599055767059326,1.3316034078598022,-2.1782419681549072,1.0333352088928223,6.191719137405016e-05,5.2433388896724885e-06,6.292067638226626e-05,3.818191820832846e-06,1.0034850082161014e-06,1.4251470688396428e-06,0.2973196064206702,0.02256822456693501,0.45582344352869314,-0.3679009974002838,-0.19066071510314941,0.8978718519210815,-0.1487395316362381,0,consistent_success
1000,curobo_threshold_N1000_K16,21,1,1,-0.6178192496299744,-0.17890730500221252,-1.6553353071212769,1.645298719406128,2.4942619800567627,-0.15351556241512299,0.0,1.0158095234980604e-05,1.4789003346754582e-05,1.0799477313527678e-05,1.4789003346754582e-05,6.413820785470739e-07,0.48401463572951164,-0.23305881997770284,0.6855651356942635,0.7460461258888245,0.6658133864402771,0.007669680751860142,0.006994933355599642,0,consistent_success
1000,curobo_threshold_N1000_K16,22,1,1,-0.15054583549499512,3.707948923110962,0.006020128261297941,-1.2976144552230835,-0.6101702451705933,-0.2667408287525177,1.7365533858537674,0.17264335659710664,1.7366166474002254,0.17264443626076784,6.326154645797111e-05,1.079663661196495e-06,-0.9884916617558593,0.39242976987385025,0.8882352199150132,0.5993182063102722,-0.5528067350387573,-0.07175608724355698,-0.5745201706886292,0,consistent_success
1000,curobo_threshold_N1000_K16,23,1,1,-1.9236717224121094,-0.5973725318908691,-1.779550552368164,2.402947425842285,-2.1111843585968018,-0.2537604868412018,0.0001123161155192065,5.6112223014582695e-06,0.00012796413059708913,3.818191820832846e-06,1.5648015077882624e-05,1.7930304806254238e-06,0.10553086212485432,-0.050574738804212635,0.754131833347319,0.028408057987689972,-0.1576298475265503,0.6811725497245789,0.7143876552581787,0,consistent_success
1000,curobo_threshold_N1000_K16,24,1,1,-0.14271801710128784,1.375627040863037,-2.892456531524658,0.3044241964817047,-2.1383869647979736,0.39457377791404724,5.196245922434173e-05,5.99681504171044e-06,4.376437550980925e-05,5.6632936810203185e-06,8.198083714532477e-06,3.335213606901216e-07,0.2445589545384587,0.08040694926194185,-0.015001448601086848,-0.3040390610694885,-0.5100922584533691,0.7966290712356567,-0.11290841549634933,0,consistent_success
1000,curobo_threshold_N1000_K16,25,1,1,-1.0231448411941528,0.4023570120334625,-1.5762630701065063,-0.20283684134483337,-1.7128551006317139,-1.6638751029968262,5.9604644775390625e-05,6.727139198333333e-06,9.284732912075412e-05,5.915117333884395e-06,3.324268434536349e-05,8.120218644489382e-07,0.5871660026976854,-0.6729723487359643,0.3035923072458333,0.008743340149521828,0.8904428482055664,-0.4390725791454315,-0.11937496066093445,0,consistent_success
1000,curobo_threshold_N1000_K16,26,1,1,-1.813944935798645,-2.3617162704467773,2.3350138664245605,0.653771162033081,-1.7142974138259888,3.1483278274536133,4.470348358154297e-05,9.987281230368799e-06,0.00011399119707366892,1.628896300592164e-05,6.928771349212595e-05,6.30168177555284e-06,0.14748088810847942,-0.0316199585669365,0.5327893680601585,0.8860741257667542,-0.45780083537101746,-0.006858705542981625,-0.07241550087928772,0,consistent_success
1000,curobo_threshold_N1000_K16,27,1,1,-1.2590680122375488,0.20119933784008026,0.9767309427261353,-0.8072903752326965,2.2886672019958496,-2.275615692138672,0.00019082797564351495,1.2991787273992444e-05,0.000174531492465105,1.463916852406315e-05,1.6296483178409942e-05,1.6473812500707061e-06,0.3564295435281687,-0.769334329968316,-0.6567020185989609,0.05257442966103554,0.40220311284065247,0.6889433860778809,-0.600687563419342,0,consistent_success
1000,curobo_threshold_N1000_K16,28,1,1,-1.1450387239456177,0.7458991408348083,1.2490947246551514,0.026264755055308342,2.851667642593384,-1.2984545230865479,0.0009418798185834021,3.570474848793074e-05,0.0009390820624863217,3.565463422438781e-05,2.7977560970803656e-06,5.011426354293067e-08,0.10944450794158349,-0.058318004532538215,-0.7829549481251186,-0.4084593653678894,0.40736767649650574,0.6802448034286499,-0.45219409465789795,0,consistent_success
1000,curobo_threshold_N1000_K16,29,1,1,-3.9534034729003906,-1.8496464490890503,2.7633450031280518,-0.09158789366483688,3.3397552967071533,2.5838985443115234,2.4180016480386257,0.347934238590813,2.4179827317858926,0.347936993445208,1.8916252733092165e-05,2.7548543949929005e-06,-0.11291537435197582,0.00866201375107585,0.19703156107811715,-0.3008479177951813,0.6415645480155945,0.13630260527133942,0.6923200488090515,0,consistent_success
1000,curobo_threshold_N1000_K16,30,1,1,0.713962733745575,-2.6072428226470947,1.5257949829101562,1.1735714673995972,1.802389144897461,1.375630497932434,6.506606098355405e-05,3.689655942439276e-06,4.757402763372036e-05,8.537736462515945e-06,1.7492033349833692e-05,4.84808052007667e-06,-0.2287513650689605,-0.00928267957335481,0.8206501109751624,-0.08915464580059052,0.6936160922050476,0.25231996178627014,0.6687920689582825,0,consistent_success
1000,curobo_threshold_N1000_K16,31,1,1,-0.6171118021011353,-2.477201461791992,2.505678653717041,0.606103241443634,2.046995162963867,-0.7731618881225586,0.007243914751597913,0.0004416184831198532,0.0072820254004013815,0.0004493575433512271,3.811064880346847e-05,7.739060231373859e-06,0.1418850007683467,0.04851007579162385,0.34659752851840864,0.45565715432167053,0.644455075263977,0.5900169610977173,-0.17010052502155304,0,consistent_success
1000,curobo_threshold_N1000_K16,32,1,1,-2.1913955211639404,-2.128687858581543,1.7933833599090576,1.2810837030410767,1.3099480867385864,-2.9026410579681396,7.45988799621955e-05,7.334929457964787e-06,0.00010903665373570727,7.040397847728103e-06,3.443777377351177e-05,2.945316102366843e-07,0.0511048037027207,-0.2513127191817167,0.6948856438212734,0.06369171291589737,0.35676950216293335,0.8743428587913513,-0.32277458906173706,0,consistent_success
1000,curobo_threshold_N1000_K16,33,1,1,0.5514733195304871,2.6817471981048584,-2.638218402862549,2.964850664138794,-1.7864620685577393,2.5267958641052246,0.1399392931489274,0.009773962349175231,0.13995187488743022,0.009763977755371701,1.2581738502825957e-05,9.984593803529992e-06,0.007323047261849597,0.1736508358064763,-0.04258073494462943,0.5940343737602234,0.21079657971858978,0.6250430345535278,0.46044450998306274,0,consistent_success
1000,curobo_threshold_N1000_K16,34,1,1,1.2497066259384155,0.7411503195762634,2.3352251052856445,-0.36609914898872375,-0.6193723082542419,-2.895864963531494,0.0012639279702852946,0.0003150717874587825,0.001283019493732733,0.0003152702974401708,1.9091523447438332e-05,1.9850998138825574e-07,-0.2644686878646875,-0.03783040756174082,-0.19570083332644572,-0.21865969896316528,-0.23615992069244385,0.5682270526885986,0.7573205828666687,0,consistent_success
1000,curobo_threshold_N1000_K16,35,1,1,2.1138293743133545,-1.8198692798614502,2.7044737339019775,0.30617478489875793,0.7336366772651672,1.8596187829971313,2.218164736405015,0.26515391999541876,2.218199989991855,0.2651507695801612,3.525358683997837e-05,3.1504152575578814e-06,-0.26686919783278207,-0.011637844605188243,0.1776971768015987,-0.3064943850040436,0.4889492392539978,0.7562588453292847,-0.30832186341285706,0,consistent_success
1000,curobo_threshold_N1000_K16,36,1,1,0.2078409343957901,0.9975690841674805,1.0667307376861572,0.25119641423225403,0.12479618191719055,0.5715759992599487,0.8713094866834581,0.03530726552704584,0.8713089135055849,0.03530991149326572,5.731778731643544e-07,2.645966219877449e-06,-0.08388052939984218,0.2424622066741544,-0.8209055804627257,0.673735499382019,-0.7118023037910461,-0.1980477124452591,0.01396428793668747,0,consistent_success
1000,curobo_threshold_N1000_K16,37,1,1,0.6750092506408691,-0.9823208451271057,2.7514841556549072,0.558326244354248,0.07067907601594925,0.4682467579841614,0.008531849744031206,0.0012883951875361508,0.008572853499039855,0.0012837576301867014,4.1003755008648876e-05,4.637557349449406e-06,-0.05192426446719569,0.28624479417490256,0.14997385019233475,0.676382839679718,-0.6240668892860413,-0.3690817654132843,0.1297130584716797,0,consistent_success
1000,curobo_threshold_N1000_K16,38,1,1,1.8587254285812378,-1.9049596786499023,2.0039432048797607,-0.15498673915863037,-1.0684537887573242,-0.9669548273086548,2.9802322387695312e-05,6.9235120385876305e-06,7.662342726274741e-05,3.415094585006376e-06,4.68211048750521e-05,3.5084174535812546e-06,-0.2834051854448382,0.22328300643760612,0.5288495346058827,0.5673439502716064,0.6700159907341003,0.2749690115451813,-0.3919075131416321,0,consistent_success
1000,curobo_threshold_N1000_K16,39,1,1,1.2748225927352905,1.183115839958191,0.8918145298957825,-0.017925158143043518,-1.0686875581741333,-0.2880023717880249,0.00022130231513983745,7.724895384570657e-06,0.0002437324997039884,8.365239156607499e-06,2.243018456415095e-05,6.403437720368421e-07,-0.2312277815819816,-0.044088399713212066,-0.8148669202373746,0.9175880551338196,-0.23412995040416718,-0.2401892989873886,-0.21336466073989868,0,consistent_success
1000,curobo_threshold_N1000_K16,40,1,1,-0.42854517698287964,3.565518379211426,0.9716875553131104,-1.9689255952835083,-2.2430341243743896,-4.65442419052124,6.664001972467304e-05,2.0148483536495506e-05,8.680237615295949e-05,1.7032730748045993e-05,2.016235642828645e-05,3.115752788449513e-06,-0.5557999736767391,0.3710385850058209,1.078912595826942,0.7857875227928162,0.389883428812027,0.3684955835342407,-0.3077983856201172,0,consistent_success
1000,curobo_threshold_N1000_K16,41,1,1,1.5061087608337402,-0.3135710060596466,2.228518486022949,-0.8944302201271057,-1.5257363319396973,-1.4867867231369019,0.00015557269250621175,2.602623489537192e-05,0.00018799414237014785,2.8161591390912678e-05,3.2421449863936095e-05,2.1353564955407587e-06,-0.15208084349500742,0.2526392148786836,-0.20465846246709984,0.6825931072235107,0.2199440896511078,0.16083504259586334,-0.6781027317047119,0,consistent_success
1000,curobo_threshold_N1000_K16,42,1,1,1.2494410276412964,0.05893361195921898,1.6521706581115723,0.4085138440132141,-1.9512200355529785,-0.9172555208206177,4.251566565471876e-05,6.182041182805893e-06,1.0179023938357907e-05,4.829673078902934e-06,3.233664171636085e-05,1.3523681039029591e-06,0.02754986047750904,0.49341150703002074,-0.3420279200654669,0.7399393916130066,-0.3077946603298187,0.09585995227098465,-0.5903922915458679,0,consistent_success
1000,curobo_threshold_N1000_K16,43,1,1,1.0424748659133911,2.5310001373291016,-1.9651997089385986,-0.9401008486747742,-1.3323233127593994,-1.5142958164215088,0.0006749358476554335,3.136324839752262e-05,0.0006954910956774891,2.5095717469822675e-05,2.0555248022055593e-05,6.267530927699946e-06,-0.19033493214054897,0.04232646807534021,-0.6708429995683376,0.20821568369865417,0.7544649243354797,0.32927170395851135,-0.5282130837440491,0,consistent_success
1000,curobo_threshold_N1000_K16,44,1,1,-2.591172695159912,1.4493056535720825,-0.7900815606117249,-0.8688049912452698,-0.36942312121391296,0.17607097327709198,8.429369557916289e-05,4.8998300276324455e-06,0.00012724048533692165,1.010198601586461e-05,4.294678975775876e-05,5.202155988232164e-06,-0.3108276056189686,-0.48397903675012044,-0.9508193681961886,0.6134034991264343,0.6549757122993469,0.3294965326786041,0.2935557961463928,0,consistent_success
1000,curobo_threshold_N1000_K16,45,1,1,0.4861695170402527,1.7702255249023438,-2.408846616744995,-1.3531198501586914,-2.4347174167633057,-0.05842521786689758,4.214684778958144e-05,9.762906888476646e-06,6.697103664387861e-05,1.024528375501914e-05,2.482418885429717e-05,4.823768665424945e-07,0.37022627269771685,0.3017862935850641,-0.13880365686241625,0.06187950819730759,0.7308064103126526,-0.5121567249298096,0.4469769597053528,0,consistent_success
1000,curobo_threshold_N1000_K16,46,1,1,2.501445770263672,5.225713729858398,0.021844282746315002,3.7533769607543945,-0.21985585987567902,3.663600444793701,0.04171512046013959,0.0041241202476852675,0.04189075903708492,0.004127113194582391,0.00017563857694533058,2.992946897123483e-06,-0.6033387119827593,0.13273792051558225,1.2664745401415634,0.6890081167221069,0.600232720375061,-0.3080063760280609,-0.2648029327392578,0,consistent_success
1000,curobo_threshold_N1000_K16,47,1,1,1.3414851427078247,-1.0294172763824463,0.6548570394515991,0.15183033049106598,2.7848973274230957,2.252455711364746,5.9604644775390625e-05,1.3129135940245765e-05,0.00012027738521104102,1.7245382313122805e-05,6.067274043565039e-05,4.11624637287704e-06,0.13018737894441074,0.8988905208451169,0.7554362720869506,-0.3550729751586914,0.6293715834617615,-0.2555888593196869,0.6422529816627502,0,consistent_success
1000,curobo_threshold_N1000_K16,48,1,1,1.469435691833496,2.1598312854766846,-1.8413264751434326,-1.9426203966140747,2.568530797958374,-1.7171999216079712,5.066942776466021e-05,5.89324478217401e-06,4.937652435749302e-05,8.365239156607499e-06,1.29290340716719e-06,2.471994374433489e-06,-0.05401250445557568,0.3235111579096457,-0.5046914632600707,0.6848142147064209,0.3474005460739136,0.3295368254184723,0.5493157505989075,0,consistent_success
1000,curobo_threshold_N1000_K16,49,1,1,-1.5358651876449585,3.028139591217041,-2.6974403858184814,-1.7934385538101196,-0.6525066494941711,-0.8540637493133545,0.0008238283726313966,1.4251716837067181e-05,0.0008238831592830084,9.883144480908979e-06,5.47866516117804e-08,4.368572356158202e-06,0.23852853518789563,-0.033902730931079275,-0.19594611148236088,0.42521166801452637,-0.3632999062538147,0.8184329271316528,-0.13181699812412262,0,consistent_success
1000,curobo_threshold_N1000_K16,50,1,1,-1.278330683708191,-1.8750197887420654,2.449631452560425,0.5473606586456299,-1.7407442331314087,0.022588128224015236,0.0001687519528559278,1.743646313337874e-05,0.00018048974671225639,2.0203972031729297e-05,1.1737793856328574e-05,2.7675088983505557e-06,0.1862731540175836,-0.10410967418426267,0.431815438506341,-0.1710437685251236,-0.11182059347629547,0.20858316123485565,0.9564169049263,0,consistent_success
1000,curobo_threshold_N1000_K16,51,1,1,1.747706651687622,0.2586132884025574,1.1894994974136353,-0.5163024663925171,0.8675761818885803,1.7175811529159546,6.664001972467304e-05,5.055010969873922e-06,0.00010740082505835205,4.517745487845102e-06,4.076080533367901e-05,5.372654820288202e-07,-0.32756108451540505,0.5618758478146039,-0.7226642975779246,-0.4303090572357178,0.5430530309677124,0.7150027751922607,-0.09326596558094025,0,consistent_success
1000,curobo_threshold_N1000_K16,52,1,1,0.03552909567952156,-0.6192902326583862,-2.9562501907348633,2.8669064044952393,-2.109042167663574,-0.04893177002668381,0.0023402237729897024,7.523335705919604e-05,0.002340621422840564,7.878808985381181e-05,3.976498508615617e-07,3.554732794615773e-06,-0.009858553016444678,0.11639742590077692,0.10254776836595983,0.45486629009246826,0.7200595140457153,-0.5107885003089905,-0.1170729324221611,0,consistent_success
1000,curobo_threshold_N1000_K16,53,1,1,0.797246515750885,3.399168014526367,-2.136866569519043,-2.2171294689178467,-1.7701048851013184,1.3524024486541748,2.9802322387695312e-05,1.1519174782701364e-05,4.687175258323508e-05,1.2313298636799924e-05,1.706943019553977e-05,7.9412385409856e-07,-0.36680927289551707,-0.16708956919716075,-0.4026945752170644,-0.26203009486198425,-0.48744699358940125,0.8138940930366516,-0.17695201933383942,0,consistent_success
1000,curobo_threshold_N1000_K16,54,1,1,1.0471562147140503,-2.0129313468933105,-1.0879145860671997,0.3954298198223114,-1.0105232000350952,0.7798724174499512,0.00013328003944934608,6.659357659627978e-06,0.000168857697919599,2.699869328381916e-06,3.557765847025292e-05,3.959488331246062e-06,-0.5414356715897206,-0.5118596117052996,0.7756336595365179,-0.4823933243751526,0.7344655394554138,-0.3735005557537079,-0.297244668006897,0,consistent_success
1000,curobo_threshold_N1000_K16,55,1,1,-0.8378756642341614,-0.17116519808769226,-2.239284038543701,2.532803535461426,-1.6300097703933716,-0.4156735837459564,6.664001972467304e-05,6.381468983998392e-06,8.107981732847377e-05,7.344438609485204e-06,1.443979760380073e-05,9.62969625486812e-07,0.1656654302109225,0.05284900342917265,0.5100774739043888,-0.137628972530365,-0.37838584184646606,0.5439728498458862,0.736190140247345,0,consistent_success
1000,curobo_threshold_N1000_K16,56,1,1,-3.454357385635376,-0.2836407721042633,-0.49835506081581116,-1.0724886655807495,3.355440616607666,-1.9755014181137085,8.940696716308594e-05,8.169492350384842e-06,8.789398319422374e-05,4.978313060379714e-06,1.5129839688621949e-06,3.191179290005128e-06,-1.0790131082001466,0.2713237599756547,0.7154674084072828,0.11507929116487503,0.053212959319353104,0.7739754319190979,0.6203927397727966,0,consistent_success
1000,curobo_threshold_N1000_K16,57,1,1,0.8644512891769409,1.3595949411392212,1.1390219926834106,3.0270934104919434,-2.664604425430298,-1.8087459802627563,0.0001163817913152343,1.140192925758989e-05,0.0001314744798031839,1.3004292747236537e-05,1.5092688487949591e-05,1.602363489646647e-06,-0.24477949356858253,-0.1605114112003101,-0.9273893043141478,0.5585001707077026,0.5605687499046326,0.5860767364501953,-0.1742248237133026,0,consistent_success
1000,curobo_threshold_N1000_K16,58,1,1,0.47740495204925537,0.4043409526348114,0.5562154054641724,0.5924937725067139,2.577517032623291,-0.3780736029148102,0.00010323827126512697,1.7647227754566724e-05,0.00016618488550893906,1.7203062292734435e-05,6.29466142438121e-05,4.4416546183228937e-07,0.6495382221197379,0.43287061050163894,-0.6338134237502294,0.3628034293651581,0.3106575906276703,0.8190037608146667,-0.3179596960544586,0,consistent_success
1000,curobo_threshold_N1000_K16,59,1,1,-1.6188899278640747,0.025873148813843727,2.558319568634033,0.44319650530815125,-2.1599724292755127,4.443302154541016,0.1785100466804579,0.027784342429752397,0.1785288321387599,0.02778112441943184,1.8785458302000846e-05,3.218010320556186e-06,0.10331093404356992,-0.19426185598016613,-0.06759147060845537,0.6917092204093933,0.3620351254940033,-0.5670425295829773,0.2625483572483063,0,consistent_success
1000,curobo_threshold_N1000_K16,60,1,1,-0.1478530317544937,-0.3630743622779846,2.6121578216552734,-2.1779677867889404,1.2613720893859863,0.9837725758552551,5.57550414725938e-05,4.105371232635276e-06,0.00010890866054592192,2.9575586669421963e-06,5.315361907332812e-05,1.1478125656930796e-06,0.31748304732013366,0.14684901752732618,-0.22261672964244664,0.1366565078496933,0.6828190088272095,0.259997695684433,0.6689427495002747,0,consistent_success
1000,curobo_threshold_N1000_K16,61,1,1,1.94404137134552,0.25153377652168274,0.19396378099918365,1.159316897392273,1.8218846321105957,3.2295358180999756,0.0,1.966991804312779e-06,7.780334435071554e-05,2.699869328381916e-06,7.780334435071554e-05,7.328775240691369e-07,-0.49250226872604985,0.8708884386319312,-0.3569506017049274,-0.012186664156615734,0.9816073775291443,0.14313635230064392,0.12573938071727753,0,consistent_success
1000,curobo_threshold_N1000_K16,62,1,1,-0.7629237771034241,-1.7813652753829956,-1.6783503293991089,3.555501699447632,0.7522767186164856,2.0367581844329834,6.664001972467304e-05,1.9677684092549052e-05,8.197053097920497e-05,2.2198114802541578e-05,1.5330511254531932e-05,2.520430709992526e-06,-0.2882346265317389,0.5955027040493894,0.42558077501163455,-0.2000236213207245,0.7090907692909241,-0.17281655967235565,0.6536935567855835,0,consistent_success
1000,curobo_threshold_N1000_K16,63,1,1,-0.24540893733501434,-0.901919424533844,2.2381625175476074,-1.1921495199203491,1.2415388822555542,1.9957624673843384,6.705522537231445e-05,2.1659367718601945e-06,9.201940535476866e-05,3.6222548091772005e-06,2.4964179982454206e-05,1.456318037317006e-06,0.6118687837421997,0.04649057006735173,-0.07623331303031448,-0.18130356073379517,0.7397129535675049,-0.14410291612148285,0.6318133473396301,0,consistent_success
1000,curobo_threshold_N1000_K16,64,1,1,-0.4070129692554474,1.4310146570205688,-0.9430642127990723,-0.810995876789093,1.497318983078003,0.575689971446991,6.664001972467304e-05,1.406899788906047e-06,9.798449870816046e-05,2.091309789151873e-06,3.1344478983487425e-05,6.844100002458261e-07,0.7238952054123778,-0.12616419987443286,-0.8275593201860023,0.506767749786377,0.5500936508178711,0.19773028790950775,0.633629322052002,0,consistent_success
1000,curobo_threshold_N1000_K16,65,1,1,-2.7647526264190674,-1.4517486095428467,-0.38683879375457764,-1.0836200714111328,2.859149694442749,3.091674566268921,0.00017409504948773247,9.113108066167921e-06,0.00017769342024465107,6.156649318399953e-06,3.5983707569186034e-06,2.9564587477679683e-06,0.10087245101075588,-0.04116292266510363,1.4053893299976288,0.058213699609041214,-0.12326537817716599,0.6741503477096558,0.7259050607681274,0,consistent_success
1000,curobo_threshold_N1000_K16,66,1,1,-1.763524055480957,0.22912956774234772,1.7372645139694214,0.7760387063026428,-0.7558347582817078,-0.48913508653640747,0.0,1.4205597674630712e-05,5.87633223193722e-05,1.6154155476968805e-05,5.87633223193722e-05,1.9485578023380927e-06,0.15229442094220222,-0.4258195374906281,-0.4086204639984538,0.04930618405342102,0.4015539884567261,-0.4532874822616577,0.7942630052566528,0,consistent_success
1000,curobo_threshold_N1000_K16,67,1,1,1.6458008289337158,-0.3649643361568451,1.5474170446395874,-0.8929187059402466,-0.47358229756355286,-0.6321645975112915,9.42432194506182e-05,1.53123321829182e-05,9.327539661595466e-05,1.024528375501914e-05,9.678228346635435e-07,5.0670484278990615e-06,-0.2988844736524633,0.6946194601067216,-0.282831173602524,0.5719799995422363,0.6232117414474487,-0.21564064919948578,-0.4877961575984955,0,consistent_success
1000,curobo_threshold_N1000_K16,68,1,1,0.5361785888671875,0.7330337166786194,2.0860025882720947,-2.4808576107025146,2.530656337738037,0.5433025360107422,6.705522537231445e-05,7.406206451709508e-06,0.00010384648416610508,6.722620413208828e-06,3.679125879379063e-05,6.835860385006796e-07,-0.11090899160620388,0.03694516552759783,-0.5903143309794067,0.49014970660209656,0.7016876339912415,0.32061144709587097,0.4057043194770813,0,consistent_success
1000,curobo_threshold_N1000_K16,69,1,1,1.9326673746109009,0.4826623797416687,0.3703594207763672,1.9368962049484253,1.272680401802063,1.2871752977371216,0.00010745380052412656,8.413421047791881e-06,0.00014812987604515386,8.365239156607499e-06,4.06760755210273e-05,4.8181891184382426e-08,-0.46041881130252854,0.6767275125637635,-0.5095908161363886,0.33302369713783264,0.4379652440547943,0.6876224279403687,-0.4737689793109894,0,consistent_success
1000,curobo_threshold_N1000_K16,70,1,1,1.618313193321228,-0.7498453259468079,-2.495166778564453,2.7933523654937744,-2.4116058349609375,0.29358989000320435,6.0068501284149534e-05,3.094732833049401e-06,7.645574501815382e-05,1.113184641628407e-05,1.6387243734004283e-05,8.03711358323467e-06,-0.08913295728451937,-0.13058594131922013,0.3543785964860101,0.4188615381717682,0.7944278717041016,0.12005407363176346,0.4231151342391968,0,consistent_success
1000,curobo_threshold_N1000_K16,71,1,1,-0.9210114479064941,2.1108312606811523,-2.4715490341186523,-0.5628304481506348,-2.711658477783203,-2.767749309539795,0.00020485710194861895,4.680212533499665e-05,0.00023052660374384522,5.029299308499392e-05,2.5669501795226276e-05,3.4908677499972666e-06,0.23921132103878204,-0.18236200734679897,-0.2960395217263867,0.017382903024554253,0.7667760848999023,0.2798377573490143,-0.5774453282356262,0,consistent_success
1000,curobo_threshold_N1000_K16,72,1,1,-1.1706620454788208,-0.36822187900543213,0.4675735831260681,0.505165159702301,-2.4811394214630127,0.13319404423236847,0.00012731557319511921,5.826862076861999e-06,0.0001028931188624084,4.978313060379714e-06,2.4422454332710807e-05,8.485490164822857e-07,0.4844411370999781,-0.9114426732302948,0.22778096589333482,-0.406605064868927,-0.4413627088069916,0.3617461025714874,0.7134500741958618,0,consistent_success
1000,curobo_threshold_N1000_K16,73,1,1,-0.05837542191147804,-1.3712007999420166,2.7665212154388428,0.2064695805311203,1.9498941898345947,1.2658063173294067,4.8856723111612155e-05,3.88236844769952e-06,4.504294931741823e-05,4.829673078902934e-06,3.8137737941939276e-06,9.473046312034139e-07,0.11035318534830871,0.12359166981441017,0.08161116248876117,0.18254274129867554,0.9741564393043518,0.12367519736289978,-0.04900796711444855,0,consistent_success
1000,curobo_threshold_N1000_K16,74,1,1,-1.3921974897384644,-1.0678688287734985,-0.9764715433120728,-0.187350794672966,-1.1528840065002441,0.2929806113243103,3.332000986233652e-05,1.828193619346709e-06,0.00010495481772229093,4.353408482428142e-06,7.163480785995441e-05,2.525214863081433e-06,0.2296105735654044,-0.13846027929581023,1.1773389835630477,0.2649366855621338,-0.014305726625025272,0.9276564717292786,-0.2627876400947571,0,consistent_success
1000,curobo_threshold_N1000_K16,75,1,1,0.8326075673103333,-1.2512041330337524,-2.545130491256714,-1.1249181032180786,3.9041550159454346,-0.36584001779556274,0.00016049041562382627,1.3178167574770707e-05,0.0001480575443248434,1.4539241291064202e-05,1.2432871298982879e-05,1.3610737162934956e-06,-0.333100482111651,-0.22158679010605864,0.39812110976476894,0.8001133799552917,0.1665756106376648,0.36656588315963745,-0.4446353018283844,0,consistent_success
1000,curobo_threshold_N1000_K16,76,1,1,-2.1399734020233154,-0.5702448487281799,-1.3791078329086304,-1.6488481760025024,3.024940252304077,-0.8707984089851379,9.335550998912368e-05,1.5886119310561193e-05,0.00018489199504537364,6.037091348628668e-06,9.153648505624997e-05,9.849027961932525e-06,-0.07000795481977064,-0.2436979386784994,1.0885773197766264,0.6689893007278442,-0.5741579532623291,-0.4427197575569153,0.16369234025478363,0,consistent_success
1000,curobo_threshold_N1000_K16,77,1,1,0.041336286813020706,0.41754692792892456,2.4636454582214355,-0.3345582187175751,-1.9405567646026611,-0.20928560197353363,0.00012014061212539673,3.1686161514111755e-06,0.00013288792903574887,2.4148365394514667e-06,1.2747316910352146e-05,7.537796119597088e-07,0.007355944363852007,0.13103643950441557,-0.12422376918066454,-0.4944588243961334,0.264435738325119,-0.41082438826560974,0.71889328956604,0,consistent_success
1000,curobo_threshold_N1000_K16,78,1,1,4.244287014007568,1.961855411529541,-2.1992905139923096,0.27096614241600037,1.1752163171768188,-0.6179882884025574,0.00017006266261887504,9.266857606136115e-06,0.00020852640825138702,1.1643920115677384e-05,3.846374563251198e-05,2.3770625095412692e-06,-0.0043251220716624406,-0.450648782644332,-0.42237379779606077,0.6565388441085815,0.6926402449607849,0.18899011611938477,-0.2312767505645752,0,consistent_success
1000,curobo_threshold_N1000_K16,79,1,1,-2.1898372173309326,0.3561324179172516,-1.6274110078811646,0.23032762110233307,-2.8306350708007812,-1.9184364080429077,0.0,2.5953246814097446e-06,6.915451297048549e-05,3.1945284701301985e-06,6.915451297048549e-05,5.992037887204539e-07,-0.4184436344457404,-0.718578223676507,0.3779284240442186,0.03287409991025925,-0.5946045517921448,0.5276875495910645,0.6057314872741699,0,consistent_success
1000,curobo_threshold_N1000_K16,80,1,1,-2.724343776702881,2.215175151824951,-2.0161499977111816,-2.973377227783203,1.4811933040618896,1.262044906616211,2.686345013103164e-05,1.1284002228665707e-05,2.9164123174138136e-05,9.734517300533534e-06,2.3006730431064953e-06,1.5494849281321733e-06,-0.0666262617884955,-0.21788429854483785,-0.33417299854331783,0.8236665725708008,-0.1662994921207428,0.5417970418930054,0.019335364922881126,0,consistent_success
1000,curobo_threshold_N1000_K16,81,1,1,0.5870484709739685,-1.463244080543518,-2.485477924346924,-0.45371294021606445,0.23575913906097412,-0.1966608464717865,0.08184881880879402,0.032671409481962635,0.08188397046499372,0.03267376591405676,3.515165619970284e-05,2.3564320941263373e-06,-0.5125329102336817,-0.03630486612061452,0.3371485960898631,0.575755774974823,-0.38560226559638977,-0.6800346970558167,-0.23951832950115204,0,consistent_success
1000,curobo_threshold_N1000_K16,82,1,1,-1.5707836151123047,-0.4792006015777588,1.9448041915893555,0.9451553225517273,-0.34413936734199524,0.1480046510696411,0.00011256295806560956,2.8504488905844357e-05,9.839062582778174e-05,2.9153588559787306e-05,1.4172332237827825e-05,6.490996539429482e-07,0.25074184974259583,-0.5490884480156719,-0.05274571660741713,-0.2892615497112274,0.4994836449623108,-0.3713688254356384,0.7272750735282898,0,consistent_success
1000,curobo_threshold_N1000_K16,83,1,1,-2.429407835006714,-3.501478433609009,0.45366954803466797,3.547121286392212,-2.8495306968688965,0.4075494408607483,5.21540641784668e-05,1.2785577410663816e-05,9.148578230657832e-05,9.352621701108691e-06,3.933171812811152e-05,3.4329557095551252e-06,0.9738672254294946,0.7408370919738891,-0.12349571295167511,-0.14257365465164185,-0.1712951362133026,0.6338177919387817,0.7406792044639587,0,consistent_success
1000,curobo_threshold_N1000_K16,84,1,1,-0.7899125814437866,-2.1602656841278076,2.0982277393341064,0.3798772692680359,-2.4703896045684814,2.6650304794311523,0.00033328339554827835,2.918681996810134e-05,0.000370020750475157,3.1554993483125875e-05,3.673735492687864e-05,2.3681735150245345e-06,0.16395528240019477,-0.035110949419097606,0.5795129850036593,0.6824544668197632,-0.21987655758857727,-0.5953764319419861,0.3625425398349762,0,consistent_success
1000,curobo_threshold_N1000_K16,85,1,1,0.881281316280365,-1.519471526145935,-0.8136307597160339,0.45764246582984924,2.344555616378784,-2.1436078548431396,3.332000986233652e-05,2.870386785371695e-06,8.284803341978234e-05,4.182619578303747e-06,4.952802355744582e-05,1.312232792932052e-06,-0.2506015124649634,-0.14751534430303975,1.2500266796355306,0.8957052826881409,0.3720364570617676,0.14288045465946198,0.1971956044435501,0,consistent_success
1000,curobo_threshold_N1000_K16,86,1,1,-0.2657392621040344,-1.1674429178237915,-0.24857009947299957,1.1758091449737549,1.4894975423812866,2.1157257556915283,0.0001497548112183722,4.750411334474032e-06,0.00013900226861530062,5.399738656763834e-06,1.0752542603071572e-05,6.493273222898018e-07,0.4746174764567729,0.0484850930539953,1.1651287826345322,-0.1342190057039261,0.5794119834899902,-0.21383248269557953,0.774946928024292,0,consistent_success
1000,curobo_threshold_N1000_K16,87,1,1,1.125062108039856,-1.7648512125015259,-0.0870136097073555,0.9397289752960205,-0.3118322491645813,0.1754945069551468,0.001034772708408127,0.00010386368234645758,0.0011812704465779026,0.00010332424964204228,0.0001464977381697755,5.394327044152972e-07,-0.31443967291111347,-0.07427584421148847,1.1844714976243105,0.18399548530578613,0.6700947880744934,-0.4150722622871399,-0.5872254371643066,0,consistent_success
1000,curobo_threshold_N1000_K16,88,1,1,2.100228786468506,1.157835602760315,1.097575068473816,-1.8242552280426025,1.4184951782226562,3.197319507598877,0.0006653998525507632,8.286091383229544e-06,0.0006682342604610241,6.6133022267264155e-06,2.8344079102609688e-06,1.6727891565031286e-06,-0.11222645224393346,-0.1605135101356349,-1.0197906078192096,-0.49658212065696716,0.8064879775047302,0.23689384758472443,-0.21648235619068146,0,consistent_success
1000,curobo_threshold_N1000_K16,89,1,1,-1.2055813074111938,-0.5926022529602051,2.4739692211151123,1.1642974615097046,-2.193420886993408,0.7173516154289246,4.770699391087874e-05,1.0866697984239724e-05,9.564554444358343e-05,1.3390916398898968e-05,4.79385505327047e-05,2.5242184146592445e-06,0.24441820842987502,-0.3307440245109708,0.046536230384063605,-0.18652768433094025,-0.33533763885498047,-0.5904614329338074,0.7100080251693726,0,consistent_success
1000,curobo_threshold_N1000_K16,90,1,1,0.8442397713661194,-2.18082594871521,1.6884125471115112,0.47475287318229675,1.5142165422439575,0.8348436951637268,8.696778053263188e-05,7.550629078685404e-06,7.032129881999211e-05,6.3890569402603996e-06,1.6646481712639764e-05,1.1615721384250043e-06,0.03816203525695822,0.29757614634152585,0.7854149902190117,-0.058382436633110046,0.4787001311779022,0.5118891000747681,0.710919976234436,0,consistent_success
1000,curobo_threshold_N1000_K16,91,1,1,-0.17417429387569427,-0.059880468994379044,2.190051317214966,-0.27715587615966797,-0.09431227296590805,-1.2638137340545654,0.006600541837542551,0.0011511063633428279,0.00660192629584256,0.0011538036170500273,1.3844583000091615e-06,2.697253707199419e-06,0.23981561435676063,0.21745595003825513,-0.2805888147830593,-0.14303983747959137,0.25977784395217896,0.6223267912864685,0.7244063019752502,0,consistent_success
1000,curobo_threshold_N1000_K16,92,1,1,-0.07729433476924896,1.9456144571304321,-0.6389719247817993,-0.6367071866989136,0.07752037048339844,-2.9974050521850586,0.012523404620878864,0.002323709229649017,0.012547912918335201,0.0023274079439124487,2.4508297456336814e-05,3.698714263431716e-06,-0.12069860947644877,0.26599071288613585,-1.0897888320965001,0.6510140895843506,-0.6436532139778137,0.3313124179840088,0.22830525040626526,0,consistent_success
1000,curobo_threshold_N1000_K16,93,1,1,-2.085968255996704,3.2702393531799316,-0.308756947517395,-0.9719527363777161,3.216006278991699,-0.47744280099868774,4.470348358154297e-05,8.120921565511027e-06,6.787269447857774e-05,7.636383641665695e-06,2.3169210897034775e-05,4.845379238453319e-07,0.6897907241062378,1.0722182317508067,0.15660045567563347,-0.46571895480155945,0.6682131290435791,0.13975054025650024,-0.5630869269371033,0,consistent_success
1000,curobo_threshold_N1000_K16,94,1,1,-1.945441722869873,0.4955502152442932,-1.6762408018112183,0.1970948874950409,-0.42347654700279236,-1.8904083967208862,7.028863535651908e-05,5.167706622458033e-06,3.585624964928012e-05,5.263014220319209e-06,3.443238570723896e-05,9.530759786117595e-08,-0.0734303848323003,-0.8644352163530818,0.2699436711732222,0.4405556917190552,-0.4385702908039093,0.6918855905532837,-0.3672344386577606,0,consistent_success
1000,curobo_threshold_N1000_K16,95,1,1,-1.0321216583251953,-0.7963064312934875,-0.665726363658905,0.4786347448825836,-1.4807658195495605,-2.181837797164917,6.664001972467304e-05,5.2328920143213155e-06,7.338316596166142e-05,5.122641877509564e-06,6.743146236988379e-06,1.1025013681175147e-07,0.42257368008733415,-0.3713501793853133,0.9931066886507739,-0.24109593033790588,0.932372510433197,-0.21257607638835907,-0.165425643324852,0,consistent_success
1000,curobo_threshold_N1000_K16,96,1,1,1.6894935369491577,-2.547036647796631,2.767127752304077,1.7196930646896362,-1.800839900970459,-0.9841757416725159,0.00013783574104309082,4.813948741012442e-06,6.427298605867037e-05,5.263014220319209e-06,7.356275498442045e-05,4.4906547930676685e-07,-0.13906760065175947,-0.040774219435576374,0.4706211727179818,0.877687931060791,-0.21433238685131073,0.0006215695175342262,-0.42863166332244873,0,consistent_success
1000,curobo_threshold_N1000_K16,97,1,1,-0.34425705671310425,2.1063873767852783,-2.769594192504883,0.6537172198295593,-1.7054028511047363,-2.4673635959625244,0.00028322008915893093,1.8967477325952977e-05,0.0002940277779485345,1.7497153036827848e-05,1.080768878960358e-05,1.4703242891251293e-06,0.09670178014213446,0.12634387099269878,-0.16322689628654508,-0.3693341314792633,0.6690834760665894,0.23880791664123535,-0.5990746021270752,0,consistent_success
1000,curobo_threshold_N1000_K16,98,1,1,3.1253724098205566,-0.044337302446365356,0.790238618850708,1.9403499364852905,-1.7206240892410278,-1.3564437627792358,0.0001519626238177807,7.559543995346484e-06,0.00014913072114131225,2.4148365394514667e-06,2.8319026764684447e-06,5.144707455895017e-06,-1.0650324898295784,-0.13292174494897968,-0.08995293250625207,0.8458497524261475,-0.12379104644060135,-0.5169668197631836,0.0442633293569088,0,consistent_success
1000,curobo_threshold_N1000_K16,99,1,1,0.7074673771858215,-1.5146980285644531,2.1336255073547363,1.4915074110031128,-0.7025822997093201,-1.1475340127944946,9.996002603429588e-05,3.261829669971662e-05,0.00010865882611214591,3.0995628734492465e-05,8.698800077850031e-06,1.622667965224154e-06,0.17590047989487323,0.4587116633321273,0.5168725128612511,0.5631164908409119,-0.18198339641094208,-0.4355461001396179,-0.6782930493354797,0,consistent_success
1000,curobo_threshold_N1000_K16,100,1,1,0.8178728818893433,-0.024795448407530785,2.4538378715515137,-2.314035177230835,-2.0660560131073,-1.8500620126724243,9.77844365479541e-05,1.8565315982254253e-06,0.0001342627305616958,1.1706354451251849e-05,3.647829401374171e-05,9.849822853026424e-06,-0.02960575688004217,0.14408087298499755,-0.3373034803321377,-0.3497670590877533,-0.4549406170845032,-0.49248987436294556,0.6543285250663757,0,consistent_success
1000,curobo_threshold_N1000_K16,101,1,1,-1.5239332914352417,0.03385559841990471,-0.537730872631073,-0.5624806880950928,0.6263616681098938,2.5739338397979736,0.00012287812012345967,6.099025143398452e-06,0.00025627556183236664,9.352621701108691e-06,0.00013339744170890697,3.2535965577102394e-06,0.29647615618149903,-1.2276933791346127,0.3742998372806039,0.11234797537326813,0.4870588183403015,-0.07861524820327759,0.862537682056427,0,consistent_success
1000,curobo_threshold_N1000_K16,102,1,1,-1.1874477863311768,-0.2577556073665619,0.5985813736915588,2.4421448707580566,0.6913229823112488,0.12014589458703995,8.429369557916289e-05,2.013824835886393e-06,7.957597627668349e-05,1.7075472925031877e-06,4.717719302479398e-06,3.062775433832052e-07,0.6052275069978461,-0.872464707338854,0.17971284601362547,0.5863660573959351,-0.7690834403038025,0.1428176462650299,-0.21044859290122986,0,consistent_success
1000,curobo_threshold_N1000_K16,103,1,1,1.6419951915740967,-1.392836570739746,-0.6343663930892944,0.07157830893993378,0.6898786425590515,-1.5968143939971924,0.002672630444067181,9.077543500653021e-05,0.002659521194986353,9.19463084300569e-05,1.3109249080827876e-05,1.170873423526691e-06,-0.23028438285362202,-0.0752530432777932,1.3411772217317774,0.6724115610122681,-0.15307502448558807,-0.42616939544677734,0.5855000615119934,0,consistent_success
1000,curobo_threshold_N1000_K16,104,1,1,-1.208728313446045,1.8814293146133423,-2.807894706726074,-0.304511159658432,-2.823847770690918,-1.5223758220672607,0.00015341684900249675,3.695720430728166e-05,0.00013432351208357064,4.272281960896979e-05,1.909333691892611e-05,5.76561530168813e-06,0.1621460170101568,-0.21252235312160558,-0.06357807606838158,0.4082508087158203,0.7040994763374329,-0.3892602026462555,-0.4313370883464813,0,consistent_success
1000,curobo_threshold_N1000_K16,105,1,1,-0.513446569442749,-1.092773199081421,-1.432056188583374,-0.525210976600647,-1.852252721786499,0.32568955421447754,0.0003977633298291039,6.5062322208216e-06,0.0004089625375021956,1.5649929441225568e-05,1.1199207673091708e-05,9.143697220403967e-06,-0.007437332111936215,0.16300277092854754,1.1088333570057998,0.3457585573196411,-0.17336376011371613,0.7168391942977905,-0.5801185965538025,0,consistent_success
1000,curobo_threshold_N1000_K16,106,1,1,2.71844220161438,0.9001442790031433,-2.361222743988037,0.3302062153816223,-0.9100051522254944,1.3534176349639893,2.1801701777235394e-05,1.6284628868596847e-05,6.174647518915506e-05,1.4787793334711022e-05,3.994477341191967e-05,1.4968355338858252e-06,-0.5616881259280931,0.011099880421239577,0.10157303898142701,0.36547785997390747,0.9109714031219482,-0.16522008180618286,0.09622535109519958,0,consistent_success
1000,curobo_threshold_N1000_K16,107,1,1,-0.0408703051507473,1.5622886419296265,1.265133023262024,-2.1661386489868164,1.1986805200576782,-0.008572745136916637,0.0002274563541959651,1.457777692168034e-05,0.00012784442651322153,1.8111274045886075e-05,9.961192768274358e-05,3.5334971242057344e-06,-0.5338299294477047,0.21945865702883566,-0.8055931284106403,0.19811321794986725,0.5777579545974731,0.672491729259491,0.41797342896461487,0,consistent_success
1000,curobo_threshold_N1000_K16,108,1,1,-0.34346097707748413,1.0193090438842773,-1.7229697704315186,0.8132337331771851,-0.48393887281417847,-1.270542025566101,4.281045917764459e-05,6.924542029415676e-06,4.622984229952074e-05,4.353408482428142e-06,3.419383121876152e-06,2.571133546987534e-06,0.7434387494000108,-0.005095520240443394,-0.13399809538656487,0.3587464690208435,-0.4200417995452881,0.5460085868835449,0.6298733949661255,0,consistent_success
1000,curobo_threshold_N1000_K16,109,1,1,0.20459814369678497,1.4919679164886475,2.48453426361084,-2.8599512577056885,-2.3569765090942383,-2.400745391845703,5.828211868674771e-05,2.615364272524611e-05,6.734590487687741e-05,2.432880400873432e-05,9.063786190129699e-06,1.824838716511791e-06,-0.4787920877841628,0.0014470709094790285,-0.05081952025464915,0.19477681815624237,0.0037674864288419485,-0.42723986506462097,0.8829008340835571,0,consistent_success
1000,curobo_threshold_N1000_K16,110,1,1,0.13185887038707733,1.100542664527893,2.1008639335632324,-1.9590861797332764,0.23632973432540894,-0.2544534504413605,0.00010848209086589122,7.533114349276645e-06,0.00013247096282532322,6.037091348628668e-06,2.3988871959432e-05,1.496023000647977e-06,-0.426419435230664,0.1992434176298338,-0.44181654968239875,-0.3082144558429718,0.34865817427635193,0.6994615197181702,0.5423973798751831,0,consistent_success
1000,curobo_threshold_N1000_K16,111,1,1,-1.4239224195480347,2.3203248977661133,-2.6051409244537354,-1.9188615083694458,1.3103023767471313,1.563918113708496,0.00034799575132637983,9.25820894006853e-06,0.00033800185139797593,1.277811388052082e-05,9.993899928403902e-06,3.51990494045229e-06,0.2109686686035591,-0.14356154886652825,-0.01961666946699385,0.6485803723335266,-0.1539718210697174,0.29450100660324097,0.6847666501998901,0,consistent_success
1000,curobo_threshold_N1000_K16,112,1,1,0.47430694103240967,1.9212627410888672,-1.6269071102142334,-2.6116538047790527,2.437670946121216,-1.1257212162017822,4.214684778958144e-05,1.3636873379374113e-05,6.724922348604675e-05,1.2489631698061449e-05,2.5102375696465303e-05,1.1472416813126641e-06,0.2970318080473415,0.2577726612760451,-0.4911625859181693,0.6893699765205383,0.3958697021007538,-0.3251737058162689,0.5121701955795288,0,consistent_success
1000,curobo_threshold_N1000_K16,113,1,1,-1.5007026195526123,-0.639670193195343,1.932059407234192,-1.2277113199234009,-1.9703338146209717,-1.751382827758789,0.0001645886982259981,8.04664334948e-05,0.0001851808149425212,7.858428728120416e-05,2.0592116716523106e-05,1.8821462135958436e-06,0.16670489068332456,-0.5457111113159278,-0.16760979488550712,-0.4422786235809326,0.6182624101638794,-0.2966138422489166,-0.5780669450759888,0,consistent_success
1000,curobo_threshold_N1000_K16,114,1,1,0.7257657051086426,0.09222546219825745,0.27932116389274597,-0.3810725212097168,1.3212623596191406,2.5002174377441406,0.00014600097131278744,9.708848247333245e-06,0.00022745147906916345,1.2074182697257354e-05,8.145050775637601e-05,2.3653344499241087e-06,0.7984213176249079,0.9580708667542696,-0.25168326189861484,0.5783112049102783,-0.7036309838294983,-0.016975464299321175,-0.41251838207244873,0,consistent_success
1000,curobo_threshold_N1000_K16,115,1,1,1.5480260848999023,0.7281174063682556,-1.7946981191635132,0.01151673961430788,1.5088988542556763,-0.5515225529670715,8.940696716308594e-05,6.044866352949242e-06,5.914612850579639e-05,5.6632936810203185e-06,3.0260838657289548e-05,3.815726719289236e-07,-0.1495793224556094,0.8829732982448589,0.24410854298391113,0.26615315675735474,-0.09548722207546234,0.23822110891342163,0.9291369318962097,0,consistent_success
1000,curobo_threshold_N1000_K16,116,1,1,0.38077324628829956,-1.9337735176086426,0.00031654673512093723,1.822591781616211,-1.9488812685012817,2.221313238143921,0.46457102871499956,0.04558757067682781,0.46468030697136753,0.04558713080502437,0.00010927825636797284,4.3987180343985077e-07,-0.5058607949503938,-0.06251389488880642,1.1104572120763212,0.5004499554634094,0.025740846991539,-0.7423730492591858,0.4447128176689148,0,consistent_success
1000,curobo_threshold_N1000_K16,117,1,1,1.027458906173706,-0.958885908126831,1.2101855278015137,2.4609405994415283,-0.32987552881240845,-0.24791564047336578,7.450580596923828e-05,2.9357297291916783e-06,0.0001092445086010315,4.517745487845102e-06,3.473870263179322e-05,1.5820157586534237e-06,0.24247447512395298,0.8872900579955739,0.6035753518743991,0.7528261542320251,-0.5067654252052307,-0.4192453622817993,0.025978391990065575,0,consistent_success
1000,curobo_threshold_N1000_K16,118,1,1,-1.1044491529464722,1.3639754056930542,-2.08766508102417,0.32251277565956116,1.893139362335205,0.744276225566864,8.940696716308594e-05,1.4378847831461894e-05,0.00011540741288095074,1.6555285230907042e-05,2.6000445717864806e-05,2.1764373994451487e-06,0.4261933256252253,-0.5470096802465626,-0.1650703578275182,0.7271906733512878,0.5210990309715271,-0.20799289643764496,0.3954598605632782,0,consistent_success
1000,curobo_threshold_N1000_K16,119,1,1,0.43929189443588257,-0.080795519053936,-1.629767894744873,1.1480841636657715,-2.5939061641693115,1.9543559551239014,7.300048565639372e-05,7.639693566208365e-06,3.478937021372035e-05,4.517745487845102e-06,3.821111544267337e-05,3.1219480783632635e-06,0.4627657511663699,0.31162884136656355,0.6199346031777446,-0.21466435492038727,-0.25766050815582275,0.7566078305244446,-0.5613152384757996,0,consistent_success
1000,curobo_threshold_N1000_K16,120,1,1,0.3314495384693146,-3.0313949584960938,2.5713531970977783,1.3498539924621582,1.7633737325668335,0.7947431206703186,0.00012644053981603065,1.3681367354701666e-05,0.00013548674164798146,7.917571076845593e-06,9.046201831950805e-06,5.763796277856073e-06,-0.16902629163662852,0.0965463780240566,0.3055467729305575,0.16167764365673065,0.8148978352546692,0.4660869240760803,0.3042447865009308,0,consistent_success
1000,curobo_threshold_N1000_K16,121,1,1,2.105340003967285,-0.4103641211986542,1.5260210037231445,-0.16241617500782013,2.4889347553253174,1.5937334299087524,0.00012287812012345967,1.293067584189843e-05,0.00014304951204660492,1.4489019236708836e-05,2.0171391923145258e-05,1.558343394810406e-06,-0.4605628226542172,0.5999117403775601,-0.25523281786359076,-0.03335065767168999,0.5476741790771484,0.6690424680709839,0.5013211369514465,0,consistent_success
1000,curobo_threshold_N1000_K16,122,1,1,-0.21208330988883972,-0.2943683862686157,-2.855020761489868,0.9189144968986511,0.3436327576637268,0.0903770923614502,8.024520781191313e-05,5.829752972067513e-06,5.2593136161864095e-05,5.533085616490782e-06,2.765207165004904e-05,2.966673555767315e-07,0.1366403946202214,0.22707603793390932,0.3958549817318216,0.7028199434280396,-0.5360966920852661,0.2819381654262543,0.37303534150123596,0,consistent_success
1000,curobo_threshold_N1000_K16,123,1,1,-0.789772093296051,-0.03663734346628189,2.6189992427825928,-2.363107442855835,0.8007200956344604,-0.08909109979867935,8.696778053263188e-05,1.36852479367463e-05,0.00010607565212682424,9.115808030550376e-06,1.910787159419236e-05,4.569439906195924e-06,0.2788168215051886,0.04277790240047288,-0.28123364620556823,0.4459797143936157,0.5567243695259094,0.5178085565567017,0.47226518392562866,0,consistent_success
1000,curobo_threshold_N1000_K16,124,1,1,1.840768814086914,0.6931540369987488,-1.288070797920227,-1.3259961605072021,-1.89547598361969,1.6128188371658325,5.967009286678149e-05,4.786377148589771e-06,9.863272902661508e-05,8.18910913293408e-06,3.896263615983359e-05,3.4027319843443083e-06,-0.4186042406796267,1.0082792239569014,0.014596571449932233,-0.22983606159687042,0.7433220148086548,-0.6265780925750732,-0.045251160860061646,0,consistent_success
1000,curobo_threshold_N1000_K16,125,1,1,0.44229739904403687,0.2564472258090973,2.7051711082458496,-1.5650510787963867,0.4476282298564911,-1.1110236644744873,0.00022450862502410018,8.693063964717137e-06,0.0002064004157465438,1.3660378340025534e-05,1.810820927755638e-05,4.967314375308397e-06,-0.1763300163197753,0.18985421627088717,-0.18973432607509275,-0.16496993601322174,-0.03896291181445122,0.843575656414032,0.5095556378364563,0,consistent_success
1000,curobo_threshold_N1000_K16,126,1,1,-1.3515287637710571,-0.4356842637062073,-2.713294744491577,2.1852262020111084,0.9469393491744995,-0.8834996223449707,9.570444348128149e-05,9.441491126142672e-06,0.00010486696709263312,1.2074182697257333e-06,9.162523611351629e-06,8.234072856416939e-06,0.2387448713060213,-0.07000535748831974,0.37681824893969873,0.8885145783424377,0.08888015896081924,0.39848265051841736,-0.20941290259361267,0,consistent_success
1000,curobo_threshold_N1000_K16,127,1,1,2.0918045043945312,3.5417327880859375,0.46421974897384644,-1.33638596534729,-3.73368763923645,-0.9992435574531555,0.00012287812012345967,1.6976277887404143e-05,0.00011659856630932631,1.9052738927482492e-05,6.279553814133359e-06,2.0764610400783493e-06,0.43863938590844187,-0.9399719280573765,0.8806912243168739,-0.280318945646286,0.6965427398681641,-0.37644392251968384,0.5427148938179016,0,consistent_success
1000,curobo_threshold_N1000_K16,128,1,1,-1.0604112148284912,-0.5728958249092102,-0.7464140057563782,1.0654345750808716,1.4920281171798706,2.194256067276001,0.00014600097131278744,1.0888707219079951e-05,6.568187340607408e-05,1.1518036199983981e-05,8.031909790671336e-05,6.293289809040304e-07,0.5278415587634592,-0.5923598447272255,0.9244364530470655,0.1477755606174469,0.43045178055763245,-0.435341477394104,0.776757001876831,0,consistent_success
1000,curobo_threshold_N1000_K16,129,1,1,-1.89401376247406,0.6205496191978455,-1.4180383682250977,-0.7828148603439331,0.36615535616874695,0.424249529838562,5.372690026206328e-05,8.504422569449166e-06,6.837785642573746e-05,8.18910913293408e-06,1.4650956163674174e-05,3.1531343651508604e-07,-0.08467661252157342,-1.039991534682762,0.21508180765803403,0.8230986595153809,0.20319700241088867,0.5288713574409485,0.03891845420002937,0,consistent_success
1000,curobo_threshold_N1000_K16,130,1,1,4.721048355102539,1.9224153757095337,1.1733927726745605,-1.7149806022644043,2.009007692337036,2.5906147956848145,0.2494801301509142,0.1451331422088671,0.24949026095744142,0.14513022311810356,1.0130806527230973e-05,2.9190907635534558e-06,0.11714449013129719,0.8815184014736617,-0.5774887212810167,-0.23365463316440582,-0.24819891154766083,0.9396264553070068,-0.03008268028497696,0,consistent_success
1000,curobo_threshold_N1000_K16,131,1,1,-3.1337332725524902,0.9488702416419983,0.7411847114562988,1.314396858215332,1.0961718559265137,0.609680712223053,3.332000986233652e-05,1.134701161223812e-05,0.00010969193272874816,1.1066171232981577e-05,7.637192286641164e-05,2.8084037925654253e-07,-0.18978041340675197,-0.2075747693556555,-0.8349406064538611,0.4860987961292267,-0.2046101838350296,0.7203711271286011,-0.45045316219329834,0,consistent_success
1000,curobo_threshold_N1000_K16,132,1,1,-0.39807114005088806,-0.17825369536876678,-2.002105474472046,2.0361175537109375,-1.539717197418213,-0.7689042687416077,6.664001972467304e-05,5.621868254088064e-06,5.624878275946413e-05,6.3890569402603996e-06,1.0391236965208905e-05,7.671886861723355e-07,0.24910429577973947,0.0762010684518239,0.5772972009021383,-0.11968938261270523,-0.6183282732963562,0.4353233575820923,0.6433025598526001,0,consistent_success
1000,curobo_threshold_N1000_K16,133,1,1,-2.6399662494659424,0.7159630656242371,2.50496244430542,-0.05128960683941841,-2.1883246898651123,-1.5297178030014038,0.0001403796971999327,1.2500604800092175e-06,0.00012583240554158923,7.636383641665695e-06,1.454729165834348e-05,6.3863231616564774e-06,0.07980080566664216,-0.08232525084334713,-0.11548144904235588,0.6982501149177551,-0.050349365919828415,-0.7133690118789673,-0.03187961131334305,0,consistent_success
1000,curobo_threshold_N1000_K16,134,1,1,0.8170922994613647,-0.5453205704689026,-2.78341007232666,2.1831064224243164,1.6760691404342651,-1.0210915803909302,0.00027880008701686165,1.6710351354264853e-05,0.00029410218345446855,1.4983666681503355e-05,1.5302096437606893e-05,1.726684672761498e-06,-0.04120261734449843,0.1815019054335884,0.37406722734371356,0.7639346718788147,0.022883985191583633,0.2156711369752884,0.6077549457550049,0,consistent_success
1000,curobo_threshold_N1000_K16,135,1,1,5.244361400604248,-0.14691965281963348,0.4747523367404938,-3.1719412803649902,2.457092761993408,-0.714514970779419,0.0001341104507446289,1.1245382050835006e-05,7.256315416545382e-05,6.037091348628668e-06,6.154729657917509e-05,5.208290702206337e-06,0.6505700340306296,-0.9229586384939793,0.16032152900325788,0.746628999710083,-0.23486724495887756,-0.5934399962425232,0.18764722347259521,0,consistent_success
1000,curobo_threshold_N1000_K16,136,1,1,0.20101448893547058,-3.0078701972961426,-1.2201768159866333,-1.8447078466415405,1.1957721710205078,1.091652750968933,8.43759764279639e-05,6.057661851654957e-06,1.3972730044007591e-05,8.009106731400786e-06,7.040324638395631e-05,1.951444879745829e-06,-0.8363825037826532,0.031349596509658684,-0.4286485656105031,-0.05787796899676323,0.6809760332107544,0.3653126358985901,0.6320351958274841,0,consistent_success
1000,curobo_threshold_N1000_K16,137,1,1,-0.19309495389461517,-2.4632227420806885,0.9830600023269653,3.070086717605591,-0.1736602485179901,0.39805182814598083,6.664001972467304e-05,2.175275165382671e-05,0.00013810108778835372,2.8470502914517292e-05,7.146106806368068e-05,6.717751260690583e-06,-0.48115267713222193,0.35365876061572477,1.099437182695044,0.5978828072547913,-0.5709201693534851,-0.29609403014183044,-0.4784502685070038,0,consistent_success
1000,curobo_threshold_N1000_K16,138,1,1,-0.4765525758266449,0.6136223077774048,-2.047907590866089,0.035007789731025696,0.2773088812828064,-1.5965073108673096,3.725290298461914e-05,5.475298930813243e-06,0.00010914852788201751,7.636383641665695e-06,7.189562489739837e-05,2.1610847108524516e-06,0.7348177049707351,-0.09504579856994896,0.34698970277439456,0.7830021381378174,-0.569908082485199,0.2008211463689804,-0.1475914716720581,0,consistent_success
1000,curobo_threshold_N1000_K16,139,1,1,-0.0069085052236914635,1.4524390697479248,-0.3867814540863037,-1.8507870435714722,1.7854676246643066,-0.601883053779602,0.0001794337407545754,1.4713765022974243e-05,0.00017736941326351293,1.6108968939569467e-05,2.0643274910624794e-06,1.3952039165952245e-06,0.49570934801874067,0.14087873532983766,-0.9993947572472478,0.8332634568214417,0.265841543674469,0.28979843854904175,0.38860923051834106,0,consistent_success
1000,curobo_threshold_N1000_K16,140,1,1,2.513134241104126,0.4113338589668274,-1.7448232173919678,0.43898269534111023,2.99098801612854,-1.2851271629333496,5.9604644775390625e-05,9.306024941149778e-06,8.077999556501454e-05,7.540324677666867e-06,2.117535078962391e-05,1.765700263482911e-06,-0.6853952985162142,0.4081394177993384,0.37723527361871073,0.33510228991508484,0.04566984251141548,0.6628783345222473,0.6679918169975281,0,consistent_success
1000,curobo_threshold_N1000_K16,141,1,1,0.99637770652771,2.2204082012176514,-1.5379661321640015,-0.76637864112854,-0.551649272441864,-2.239100217819214,6.828570064953965e-05,4.754404279154454e-06,5.695925865983301e-05,3.1945284701301985e-06,1.1326441989706641e-05,1.5598758090242551e-06,-0.18426807419947833,0.16153511910064255,-0.8403347889323742,-0.25779417157173157,0.6767333745956421,0.252984881401062,-0.6415393352508545,0,consistent_success
1000,curobo_threshold_N1000_K16,142,1,1,-3.219871997833252,-0.5504953265190125,0.7758111357688904,-0.38531458377838135,-0.7540884017944336,-1.5769872665405273,0.00010536712125031045,1.2649185455258679e-05,0.0001257182238121639,8.706816964856289e-06,2.0351102561853455e-05,3.94236849040239e-06,-1.0504420253618747,-0.14945904468282,0.19530432241616782,0.5817325711250305,0.2824675440788269,0.6890197396278381,-0.327186644077301,0,consistent_success
1000,curobo_threshold_N1000_K16,143,1,1,-1.902769923210144,-1.7447564601898193,2.796405076980591,1.9131966829299927,1.7754932641983032,-0.6004917025566101,7.450580596923828e-06,5.73999395317987e-06,6.802401440515301e-05,5.399738656763834e-06,6.0573433808229184e-05,3.402552964160359e-07,0.1148486048165482,-0.11236700119499626,0.33119250231026903,0.6056383848190308,-0.7470999360084534,-0.1670943945646286,-0.2170790135860443,0,consistent_success
1000,curobo_threshold_N1000_K16,144,1,1,-2.5275161266326904,-0.7326725125312805,1.0793781280517578,-0.2719329297542572,-0.3579058051109314,-1.0151351690292358,8.429369557916289e-05,1.0563834270140538e-05,2.759253324498388e-05,1.2547858734911261e-05,5.6701162334179e-05,1.9840244647707227e-06,-0.6341375788685927,-0.7533178754779011,0.22920940024689837,0.7162388563156128,0.401297926902771,0.5708548426628113,0.00930461660027504,0,consistent_success
1000,curobo_threshold_N1000_K16,145,1,1,0.36449146270751953,0.8569170832633972,1.7490408420562744,0.1262725442647934,-0.0975271463394165,0.12974421679973602,0.0002107342425006209,1.1855175703693657e-05,0.00020945916499736094,5.122641877509564e-06,1.275077503259958e-06,6.732533826184093e-06,-0.2119032236154123,0.19283317909730513,-0.517647327975776,0.7206783294677734,-0.6669495701789856,-0.1892087161540985,-0.0010463804937899113,0,consistent_success
1000,curobo_threshold_N1000_K16,146,1,1,-0.012531344778835773,0.21419431269168854,-0.7471218705177307,-0.024104680866003036,-0.7476449608802795,-0.7837637662887573,2.107342389479072e-05,1.0266442942092968e-05,3.812809171415214e-05,2.9575586669421963e-06,1.705466781936142e-05,7.308884275150772e-06,1.1017209421387468,0.21776195268628207,0.1566236119233229,-0.15583401918411255,0.6624829173088074,-0.49075570702552795,-0.5440505146980286,0,consistent_success
1000,curobo_threshold_N1000_K16,147,1,1,0.5903685688972473,1.5733835697174072,-2.338524103164673,-0.9211543202400208,-0.513698160648346,0.9699462056159973,7.300048565639372e-05,9.679327814557273e-06,8.7045245598878e-05,8.79013768592829e-06,1.4044759942484283e-05,8.891901286289826e-07,0.30545736742480734,0.4986896512554739,-0.11997289818495771,0.052478838711977005,-0.5077434778213501,0.6973236799240112,0.5031721591949463,0,consistent_success
1000,curobo_threshold_N1000_K16,148,1,1,-0.2670561373233795,-2.117013454437256,-1.4209924936294556,1.2285711765289307,-2.5966899394989014,0.3620283603668213,2.9802322387695312e-05,9.886022954196979e-06,6.0595169936746795e-05,1.1581149199548762e-05,3.079284754905148e-05,1.6951262453517833e-06,-0.6798388831684501,0.2742188740765986,0.4718424392677926,-0.07517880201339722,-0.2107413411140442,0.8044953346252441,-0.5502030849456787,0,consistent_success
1000,curobo_threshold_N1000_K16,149,1,1,0.6836431622505188,-0.233895942568779,-0.2698915898799896,-0.1781773716211319,-1.6568574905395508,0.11641012132167816,0.00021696418173178245,1.0397825803763612e-05,0.0002908238985137865,1.1390761175093017e-05,7.385971678200404e-05,9.92935371329406e-07,0.7528254918362983,0.8145695487994131,0.39769575370732657,0.41262954473495483,0.7997264266014099,-0.4176495373249054,-0.12547250092029572,0,consistent_success
1000,curobo_threshold_N1000_K16,150,1,1,1.428255319595337,-1.3066563606262207,-2.4893529415130615,1.0011861324310303,1.1129705905914307,-1.2701616287231445,0.04703798913396895,0.013928545807517817,0.04704986045475208,0.013931551488575056,1.18713207831328e-05,3.0056810572387516e-06,-0.24993158518491693,-0.3002940788192212,0.5066251136363141,0.6165666580200195,0.14209245145320892,-0.5721080899238586,0.5218693017959595,0,consistent_success
1000,curobo_threshold_N1000_K16,151,1,1,-0.15914183855056763,-0.4763855040073395,0.5160567760467529,5.09436559677124,-2.0373759269714355,-4.267226696014404,0.00023888378564151935,1.460430590283399e-05,0.0003409152427492204,1.1581149199548762e-05,0.00010203145710770107,3.0231567032852268e-06,1.1919752591334212,-0.06727725813744206,0.2627623005062164,-0.1692996323108673,0.23691800236701965,0.9226670861244202,-0.25277042388916016,0,consistent_success
1000,curobo_threshold_N1000_K16,152,1,1,-2.000115394592285,-0.3201495110988617,2.62742280960083,0.19391025602817535,0.5890377163887024,-2.5665440559387207,0.00010536712125031045,1.101516648032594e-05,0.00011000727437176163,1.024528375501914e-05,4.640153121451184e-06,7.698827253067995e-07,0.18284845368021826,-0.17861333462201026,-0.04191344187925173,0.39138832688331604,0.564752995967865,0.5890963673591614,0.4252466559410095,0,consistent_success
1000,curobo_threshold_N1000_K16,153,1,1,1.6305691003799438,0.31764334440231323,-0.937501072883606,0.20633697509765625,2.8136072158813477,-1.7173863649368286,0.0001341104507446289,1.1486681625409036e-05,8.584719786915309e-05,8.18910913293408e-06,4.826325287547582e-05,3.297572492474956e-06,-0.14347856803842485,1.1143230719307964,0.17460211867928216,0.7169124484062195,-0.037811025977134705,0.6586708426475525,0.2252989560365677,0,consistent_success
1000,curobo_threshold_N1000_K16,154,1,1,2.4477791786193848,-0.7397673726081848,1.6138348579406738,0.528535008430481,-1.1707658767700195,-1.7904406785964966,2.9802322387695312e-05,1.528633570295154e-05,9.151487754938999e-05,1.619921597029155e-05,6.171255516169467e-05,9.128802673400082e-07,-0.6590531216136284,0.2882354313165068,0.16529018017130498,0.869138240814209,0.21177905797958374,0.03352027013897896,-0.4456733763217926,0,consistent_success
1000,curobo_threshold_N1000_K16,155,1,1,1.5242115259170532,1.8389067649841309,-1.18179452419281,-0.31793832778930664,0.4958008825778961,-1.5293689966201782,0.00012644053981603065,9.679149499939612e-06,8.790057983061657e-05,6.830189170012755e-06,3.853995998541408e-05,2.848960329926857e-06,-0.23108827809663882,0.3049609685251256,-0.9361169230559899,-0.056986045092344284,0.6916443109512329,-0.31744110584259033,-0.6462289690971375,0,consistent_success
1000,curobo_threshold_N1000_K16,156,1,1,0.39577123522758484,-1.561518669128418,2.961489677429199,-1.2454034090042114,0.9547802805900574,-0.8240571618080139,0.00010276671247311242,4.225612687590066e-06,0.00011835640613321277,5.122641877509564e-06,1.558969366010035e-05,8.970291899194983e-07,0.0634391998735244,0.2619164512565023,0.04939751771525533,0.3968765437602997,-0.06777661293745041,0.7471502423286438,0.5288306474685669,0,consistent_success
1000,curobo_threshold_N1000_K16,157,1,1,1.8442813158035278,-0.1691632866859436,1.7777239084243774,-0.9205753803253174,0.9602615237236023,0.2541172504425049,8.429369557916289e-05,3.6862911700306623e-06,3.275553196989797e-05,4.00455336570039e-06,5.1538163609264917e-05,3.1826219566972795e-07,-0.36176083356080074,0.48693806236563325,-0.47890707711042163,-0.3685864508152008,-0.13674214482307434,0.8610662817955017,0.32250648736953735,0,consistent_success
1000,curobo_threshold_N1000_K16,158,1,1,0.19652290642261505,0.17852239310741425,-1.3944522142410278,0.6581131815910339,2.1372342109680176,-1.7385386228561401,7.300048565639372e-05,8.120441174531938e-06,2.0108115290009203e-05,4.182619578303747e-06,5.2892370366384515e-05,3.937821596228191e-06,0.8881583408088967,0.2935359902032505,0.49828625644983726,0.8414791226387024,0.1559557318687439,0.502341091632843,-0.12346719205379486,0,consistent_success
1000,curobo_threshold_N1000_K16,159,1,1,0.5977281928062439,-3.1689233779907227,1.4978681802749634,3.865959405899048,-0.511488676071167,-0.6762650012969971,8.429369557916289e-05,6.766985594493707e-06,0.00011613886435645482,4.829673078902934e-06,3.184516877729194e-05,1.937312515590773e-06,-0.7463671945718624,-0.21254015431733575,0.7842358978894582,0.6714065074920654,-0.3331303894519806,-0.43637487292289734,-0.49780964851379395,0,consistent_success
1000,curobo_threshold_N1000_K16,160,1,1,-1.418156385421753,-1.785029411315918,0.42690831422805786,-2.8248915672302246,-0.20717060565948486,0.5992311239242554,0.015157784218899906,0.0012477133735502581,0.015175375602590852,0.0012473524861914328,1.7591383690946163e-05,3.608873588253382e-07,0.23605578501214872,0.137083187673007,1.3595141349606803,-0.4284776449203491,0.5481738448143005,-0.3327789902687073,0.6365300416946411,0,consistent_success
1000,curobo_threshold_N1000_K16,161,1,1,4.314389228820801,0.952646017074585,-0.8219509124755859,-0.17350323498249054,1.652601957321167,-1.6792778968811035,0.00019082797564351495,1.6576333670207213e-05,0.00031058792418907236,1.3553236463535334e-05,0.00011975994854555741,3.0230972066718785e-06,-0.2506989637897478,-0.999834036114759,-0.5576962837540268,-0.34169456362724304,-0.5718190670013428,-0.38948309421539307,0.6360587477684021,0,consistent_success
1000,curobo_threshold_N1000_K16,162,1,1,-0.2938946485519409,2.334127187728882,-2.6392669677734375,-1.065313696861267,0.9169643521308899,0.6093182563781738,0.00014694842320750467,3.6630610093037516e-06,0.00014145405139759156,4.00455336570039e-06,5.494371809913111e-06,3.414923563966387e-07,0.3037032268975768,0.13795779518248757,-0.09426298502280724,0.5273895263671875,-0.015201395377516747,0.33290794491767883,0.7815378904342651,0,consistent_success
1000,curobo_threshold_N1000_K16,163,1,1,2.824880361557007,1.3274489641189575,0.5459330677986145,0.8038817048072815,-1.8360308408737183,-1.206308364868164,0.014517907402478158,0.0010219937349896032,0.014518883092722935,0.0010262266889417978,9.756902447765475e-07,4.232953952194645e-06,-0.04796068911429273,-0.13135345090188144,-0.8696725586031067,0.8447789549827576,-0.2800171971321106,-0.453328937292099,-0.04931257292628288,0,consistent_success
1000,curobo_threshold_N1000_K16,164,1,1,1.285862922668457,-2.2797608375549316,-1.3308554887771606,0.664766788482666,-0.7849273085594177,2.100816011428833,0.00012644053981603065,1.8522210255434065e-05,0.00019270169543618204,1.4589290462454086e-05,6.626115562015139e-05,3.93291979297998e-06,-0.45113087302124516,-0.724934869779086,0.43395803781441544,0.12751834094524384,-0.48928138613700867,0.5738778710365295,0.6442103385925293,0,consistent_success
1000,curobo_threshold_N1000_K16,165,1,1,-3.6627442836761475,-0.37395012378692627,-2.552633762359619,1.5700132846832275,-2.219428539276123,-2.284778356552124,0.00031682492362961057,6.2477411629721985e-06,0.000331228375736878,9.883144480908979e-06,1.440345210726744e-05,3.6354033179367803e-06,-0.1475703062099558,-0.04009327723374123,0.3765720803544182,0.266081303358078,-0.12463375926017761,0.9347800016403198,0.19963347911834717,0,consistent_success
1000,curobo_threshold_N1000_K16,166,1,1,1.413593053817749,-0.29288262128829956,0.90472811460495,-0.30240392684936523,4.138987064361572,0.1761036515235901,6.746788017153449e-05,2.0717051501128403e-05,0.00015078831142964524,1.6903855776160328e-05,8.332043125811075e-05,3.813195724968075e-06,0.035491585485751015,0.9515859357255481,-0.11134268019370942,0.7730519771575928,0.5956713557243347,0.13139742612838745,0.17407186329364777,0,consistent_success
1000,curobo_threshold_N1000_K16,167,1,1,-0.5977693200111389,0.7494993805885315,-2.433166742324829,0.1707419753074646,-1.557237982749939,-1.796527624130249,0.0,2.2941079348579342e-05,4.8991546841673e-05,2.271743917865515e-05,4.8991546841673e-05,2.2364016992419277e-07,0.5010729049912216,-0.1413183915488126,0.18029057323609382,-0.017788494005799294,0.9822781085968018,-0.18505898118019104,-0.023800911381840706,0,consistent_success
1000,curobo_threshold_N1000_K16,168,1,1,0.7183465361595154,-1.650950312614441,-2.6368260383605957,1.9396392107009888,-0.8360963463783264,0.8134159445762634,0.00023466371601443825,3.089474180272381e-05,0.00023580964343318755,3.092499675040067e-05,1.1459274187493036e-06,3.025494767685947e-08,-0.26475836270588776,0.06840280413525274,0.24824152466575344,-0.36009401082992554,0.6817013025283813,-0.5474818348884583,-0.32539090514183044,0,consistent_success
1000,curobo_threshold_N1000_K16,169,1,1,2.2245559692382812,1.9334995746612549,-2.192861318588257,-0.5623826384544373,-2.0442166328430176,2.33553409576416,6.828570064953965e-05,1.4387276657589896e-05,6.301684742054023e-05,7.443026089337887e-06,5.268853228999421e-06,6.944250568252009e-06,-0.3186742307977261,0.21549808203680718,-0.4369900087091954,-0.19056276977062225,0.6672083139419556,-0.617030918598175,0.37120309472084045,0,consistent_success
1000,curobo_threshold_N1000_K16,170,1,1,1.8599086999893188,-1.469160556793213,2.340017080307007,1.687524676322937,2.3997273445129395,1.3290637731552124,0.00010745380052412656,5.456431778665052e-06,0.00011337190511479497,7.040397847728103e-06,5.918104590668408e-06,1.5839660690630506e-06,-0.18180503910312323,0.27460191062225425,0.3606679327413314,0.5586774349212646,0.23482148349285126,0.794295608997345,-0.04281208664178848,0,consistent_success
1000,curobo_threshold_N1000_K16,171,1,1,-0.09479852020740509,-0.5884288549423218,2.4621994495391846,-1.5814810991287231,-0.9172912836074829,1.5300309658050537,0.00016726511375964037,2.1095791749041577e-05,0.0002009335019511491,2.8496094382978256e-05,3.366838819150874e-05,7.400302633936679e-06,0.25465131748888337,0.19677504130043239,-0.16893990278183918,0.7453636527061462,-0.27276021242141724,-0.5578659176826477,-0.24252933263778687,0,consistent_success
1000,curobo_threshold_N1000_K16,172,1,1,-2.2955880165100098,-1.0522829294204712,-1.2367801666259766,0.8320910930633545,0.5307390689849854,0.8377648591995239,0.00675642377245822,0.0002943552440321811,0.006776329241636693,0.0002990304869831003,1.990546917847273e-05,4.675242950919194e-06,0.15114055159243964,-0.19653861760686478,1.1229944153830749,0.8634213805198669,0.3843958377838135,0.3174799382686615,0.07713515311479568,0,consistent_success
1000,curobo_threshold_N1000_K16,173,1,0,2.4015157222747803,-1.6292393207550049,2.981945037841797,0.1930728256702423,-1.6504967212677002,-1.19004487991333,6.267691496759653,0.6682179504307103,6.267674828563617,0.6682182001078643,1.666819603585168e-05,2.4967715395174395e-07,-0.08701682683941855,-0.14088656640823236,0.2674120463278744,0.9829673171043396,-0.03274780884385109,0.0331730842590332,-0.1777704954147339,0,reported_large_reeval_large
1000,curobo_threshold_N1000_K16,174,1,1,0.49256908893585205,1.7514984607696533,-2.9824185371398926,-1.176512360572815,-1.6797631978988647,-0.41750794649124146,1.8683787202462554,0.18224026596886378,1.868369801404515,0.18224251148793819,8.918841740479522e-06,2.245519074406399e-06,0.12614460196328664,0.24100819269105428,0.09002251018804476,-0.26351115107536316,0.8565189838409424,-0.3166818916797638,0.31088533997535706,0,consistent_success
1000,curobo_threshold_N1000_K16,175,1,1,0.9147186279296875,-0.41653698682785034,2.3080546855926514,1.060651183128357,-1.3326184749603271,-0.8886206150054932,4.6079296822654214e-05,2.0348339211348195e-05,2.949563421393776e-05,1.716063790683883e-05,1.6583662608716454e-05,3.1877013045093637e-06,0.12459563767630592,0.46625593350253947,-0.037703716736680215,0.6010162234306335,-0.617659330368042,-0.164342001080513,-0.47986266016960144,0,consistent_success
1000,curobo_threshold_N1000_K16,176,1,1,-1.5830485820770264,0.40074941515922546,-1.3022751808166504,1.5054757595062256,-0.2395230233669281,-1.7424167394638062,6.664001972467304e-05,2.607826653085017e-06,0.00011940752835987414,2.9575586669421963e-06,5.27675086352011e-05,3.4973201385717934e-07,0.24326100722100374,-0.8379071024436363,0.25458327815709614,0.7190374135971069,0.07637225836515427,0.6533019542694092,0.22438596189022064,0,consistent_success
1000,curobo_threshold_N1000_K16,177,1,1,0.44484031200408936,1.2914743423461914,-2.9456627368927,0.3497338891029358,-0.611833393573761,0.09423083811998367,0.00010133885552932043,8.419805362481764e-06,8.86195466574385e-05,8.18910913293408e-06,1.2719308871881926e-05,2.3069622954768383e-07,0.09443087105564485,0.31024363879517974,0.02778841111371639,-0.1230725646018982,0.6856393218040466,-0.5540372133255005,-0.4558449387550354,0,consistent_success
1000,curobo_threshold_N1000_K16,178,1,1,-1.7186628580093384,-0.6514387130737305,2.2318670749664307,1.0467509031295776,-1.7828500270843506,-0.6624525785446167,8.462232869987929e-05,1.8210625409509432e-05,0.00011720153939682723,2.0203972031729297e-05,3.257921069694794e-05,1.993346622219865e-06,0.06889669353399529,-0.5185087100368467,0.07117587466909278,0.387553334236145,0.03912515938282013,-0.507905125617981,0.7683124542236328,0,consistent_success
1000,curobo_threshold_N1000_K16,179,1,1,-3.2457213401794434,-0.7359732389450073,0.15906162559986115,-2.5040199756622314,-1.0287760496139526,-0.43538081645965576,0.0001712013073529306,1.8585895443265194e-06,0.000182543003658903,8.537736462515945e-06,1.1341696305972406e-05,6.6791469181894265e-06,-1.0355922820374097,-0.10442958777209072,0.9609941352033741,-0.47833701968193054,0.25820544362068176,0.6777147054672241,-0.4952034056186676,0,consistent_success
1000,curobo_threshold_N1000_K16,180,1,1,-0.3739785850048065,-1.9446607828140259,1.5193861722946167,1.2473013401031494,-3.02812123298645,0.6567214131355286,0.00024846772816999874,2.766850112492701e-05,0.00025346953758311787,2.6971681077672704e-05,5.001809413119132e-06,6.968200472543058e-07,0.2181407648566445,-0.007904226896503622,0.8620251238776617,0.7014994025230408,0.6700748801231384,-0.09761258959770203,-0.22219373285770416,0,consistent_success
1000,curobo_threshold_N1000_K16,181,1,1,-0.3993249535560608,-1.9842509031295776,2.560375928878784,0.7826799750328064,-2.9810144901275635,1.6735566854476929,0.010458643373567611,0.0009296206791741372,0.010499629643232982,0.0009322746917798967,4.098626966537143e-05,2.654012605759473e-06,0.13690077431505737,0.02137157364784517,0.36602330359318647,0.7590886354446411,0.6042639017105103,-0.23813575506210327,-0.04405586048960686,0,consistent_success
1000,curobo_threshold_N1000_K16,182,1,1,0.2321939319372177,0.8458896279335022,-1.2862879037857056,-0.1323327124118805,-0.8516963124275208,-0.6784708499908447,4.214684778958144e-05,6.321224291221733e-06,5.087372041410939e-05,6.037091348628668e-06,8.726872624527946e-06,2.8413294259306433e-07,0.8512871264629801,0.43216377627862235,-0.22167946987168394,-0.022567542269825935,0.7229585647583008,-0.42568108439445496,-0.5437069535255432,0,consistent_success
1000,curobo_threshold_N1000_K16,183,1,1,1.6935844421386719,-1.944022536277771,1.522207260131836,3.0044195652008057,1.140538215637207,0.48508578538894653,0.00013978528556890524,3.1124543748457668e-06,0.00013713502299749652,9.195423586105984e-06,2.6502625714087177e-06,6.082969211260217e-06,-0.22127787295871443,0.1405428034959407,0.9851265378196532,-0.03648734465241432,0.25571584701538086,0.8219527006149292,-0.5076138377189636,0,consistent_success
1000,curobo_threshold_N1000_K16,184,1,1,0.27832403779029846,-2.124554395675659,2.721461057662964,0.37091153860092163,1.5925170183181763,0.6398945450782776,0.0001647572531737751,2.0747003471563555e-05,0.0002111996088758682,1.7990127040434818e-05,4.6442355702093106e-05,2.7568764311287367e-06,0.05980549221779445,0.18550880762559732,0.18462094356245085,0.10499656945466995,0.787400484085083,0.5401190519332886,0.27793458104133606,0,consistent_success
1000,curobo_threshold_N1000_K16,185,1,1,0.13867226243019104,2.8401782512664795,1.9470546245574951,1.0162591934204102,-1.0270673036575317,0.950951337814331,9.064022776783531e-05,9.574521973138188e-07,0.00012400066461406133,4.00455336570039e-06,3.3360436846226015e-05,3.0471011683865715e-06,-0.5821138598904037,0.13244574889894264,0.3772566419166922,-0.4307408034801483,-0.17543035745620728,0.8165168166160583,0.34203338623046875,0,consistent_success
1000,curobo_threshold_N1000_K16,186,1,1,0.27894875407218933,-1.5896449089050293,-2.501661777496338,1.111846685409546,-0.7164730429649353,-0.14058323204517365,8.940696716308594e-05,8.450929812594692e-06,0.00011646119259000271,1.2605816820395112e-05,2.7054225426916773e-05,4.1548870078004205e-06,-0.3201301207890709,0.1511686472164324,0.37817716782218785,0.651810348033905,-0.7278338074684143,0.1525244116783142,-0.14878688752651215,0,consistent_success
1000,curobo_threshold_N1000_K16,187,1,1,2.3001010417938232,0.5764244794845581,-0.4326733648777008,-1.1326056718826294,-0.9818362593650818,0.7753453254699707,0.0001365714012990793,8.876934833296163e-06,0.00018545169369501443,7.040397847728103e-06,4.8880292395935134e-05,1.83653698556806e-06,-0.9160885017565704,0.7022009560670311,-0.41588457977527227,0.3904339671134949,0.9145689010620117,-0.1043449118733406,-0.015400311909615993,0,consistent_success
1000,curobo_threshold_N1000_K16,188,1,1,-0.39074787497520447,-1.0085331201553345,-2.8470516204833984,2.207338333129883,1.9665576219558716,-0.6723659038543701,0.1696057297522202,0.016625357455632088,0.16962524323184344,0.01662502161824477,1.9513479623228802e-05,3.3583738731635115e-07,0.05115918574071136,0.1176064642723135,0.3640763743476866,0.9464702606201172,0.1341065615415573,-0.14829257130622864,0.2534141540527344,0,consistent_success
1000,curobo_threshold_N1000_K16,189,1,1,-1.0988973379135132,-1.3684293031692505,1.1792482137680054,2.6098992824554443,-2.9216887950897217,1.678366780281067,6.664001972467304e-05,1.7218388427088633e-05,5.645778459084687e-05,1.7329712313881727e-05,1.0182235133826165e-05,1.113238867930936e-07,0.34946044280859134,-0.5220340015994461,0.9346269870810767,0.5028408765792847,0.6516324281692505,-0.05818740651011467,-0.5649251341819763,0,consistent_success
1000,curobo_threshold_N1000_K16,190,1,1,0.22946344316005707,1.659894347190857,-2.9563426971435547,0.624097466468811,0.7550487518310547,0.23075446486473083,0.00015561728616830806,7.126903879579606e-06,0.0001083161999690466,1.7075472925031877e-06,4.730108619926146e-05,5.419356587076418e-06,0.1637047039102194,0.27554230222534026,0.01746013052772498,0.28955405950546265,0.02957483008503914,0.5345149040222168,0.7934592962265015,0,consistent_success
1000,curobo_threshold_N1000_K16,191,1,1,-0.31868645548820496,0.7875866293907166,-2.634104013442993,1.6837111711502075,-1.3055952787399292,-2.5478827953338623,7.450580596923828e-06,7.66993947078496e-06,3.320641197750105e-05,7.443026089337887e-06,2.5755831380577222e-05,2.2691338144707293e-07,0.2554684361943228,0.1137934455920143,0.11569633663643525,-0.46755722165107727,0.7426633834838867,0.16328410804271698,-0.4507545232772827,0,consistent_success
1000,curobo_threshold_N1000_K16,192,1,1,0.7965968251228333,0.08825676143169403,0.426310658454895,1.7774772644042969,0.3839675784111023,-0.6845515370368958,5.9604644775390625e-05,6.319664648983693e-06,5.402500888699787e-05,1.1197136397927998e-05,5.579635888392752e-06,4.877471748944305e-06,0.5194890646080217,0.8880178258446283,-0.15784359563236505,0.5850570201873779,-0.2318771779537201,-0.7660892009735107,-0.13057033717632294,0,consistent_success
1000,curobo_threshold_N1000_K16,193,1,1,-0.7743992805480957,0.27335304021835327,-2.184197425842285,0.26788410544395447,-0.08131396025419235,0.08207424730062485,0.00014901161193847656,5.942296365137913e-05,0.00018870702161375092,6.334056861476793e-05,3.9695409675274355e-05,3.917604963388795e-06,0.5465712790260883,-0.17678546435533626,0.5024856404670643,0.62432461977005,-0.27979978919029236,0.67986661195755,0.2640308141708374,0,consistent_success
1000,curobo_threshold_N1000_K16,194,1,1,0.6976780295372009,2.911884069442749,-1.7186673879623413,-2.9602720737457275,-0.8351527452468872,-0.6156439185142517,0.00013983490987357072,1.2358779337735851e-05,0.00011019095831654643,1.4080795695456234e-05,2.9643951557024298e-05,1.7220163577203826e-06,-0.34288189738650443,0.007218770811054452,-0.5885186450611068,-0.3096913993358612,0.925462007522583,-0.08428091555833817,-0.20126618444919586,0,consistent_success
1000,curobo_threshold_N1000_K16,195,1,1,-1.7612687349319458,-0.8518675565719604,2.3777427673339844,-1.0825080871582031,2.024782657623291,-2.061938524246216,0.00010975390551948294,7.522729761908355e-06,7.118385339728533e-05,1.1326587362040649e-05,3.857005212219761e-05,3.8038576001322943e-06,0.03532680467401009,-0.4691382828896844,-0.12394466561577662,0.052178218960762024,0.58538419008255,0.5916842818260193,-0.5518264770507812,0,consistent_success
1000,curobo_threshold_N1000_K16,196,1,1,2.514284372329712,-0.2271721363067627,2.849027156829834,-1.4868242740631104,-3.368989944458008,-0.07745800167322159,4.974508658051491,0.11800457798071527,4.974552574964973,0.11800616753947202,4.391691348182292e-05,1.5895587567454905e-06,-0.049193536101580816,-0.062022474906292854,-0.08679778369778846,0.4812202751636505,-0.25573402643203735,0.731979489326477,0.4089415371417999,0,consistent_success
1000,curobo_threshold_N1000_K16,197,1,1,1.4775676727294922,1.3756742477416992,1.5889852046966553,-0.032387249171733856,-1.606492042541504,-1.5398530960083008,8.024520781191313e-05,2.1194061830479068e-05,9.022629095950151e-05,3.064084067834109e-05,9.981083147588381e-06,9.446778847862019e-06,-0.19519987573787478,-0.3620190984765453,-0.4414970066390289,0.5238516330718994,-0.4808887541294098,-0.4060969054698944,-0.5739431977272034,0,consistent_success
1000,curobo_threshold_N1000_K16,198,1,1,-1.2385013103485107,0.6782057881355286,-2.971785545349121,2.3711435794830322,-2.686218500137329,-2.8400723934173584,1.4288340462371707,0.14066887987453652,1.4288362700093036,0.1406726067630043,2.2237721328810522e-06,3.72688846778102e-06,0.09118189668475747,-0.019340598724682988,0.060697699598820744,-0.47905412316322327,0.5708200931549072,0.3979061543941498,-0.5351095795631409,0,consistent_success
1000,curobo_threshold_N1000_K16,199,1,1,-1.9699422121047974,1.3941642045974731,-2.1661558151245117,0.100426584482193,-1.7248024940490723,-1.7427242994308472,1.4901161193847656e-05,1.7510656670321926e-05,5.322357340605634e-05,2.209938289076446e-05,3.8322412212208686e-05,4.588726220442534e-06,-0.06339313922630592,-0.5357458510374967,-0.22322677103061533,0.3471059799194336,-0.5850391387939453,0.6820213794708252,0.26850226521492004,0,consistent_success
1000,curobo_threshold_N1000_K16,200,1,1,-0.7164828777313232,-2.7436652183532715,1.7223440408706665,1.2487586736679077,1.1988766193389893,2.281090497970581,0.0003271528328241402,8.203997450235354e-06,0.0003267937087287686,4.353408482428142e-06,3.5912409537158015e-07,3.850588967807212e-06,-0.026966189082728118,0.2853084887749057,0.7204234324655121,-0.14283455908298492,0.6569851040840149,-0.41641750931739807,0.6120174527168274,0,consistent_success
1000,curobo_threshold_N1000_K16,201,1,1,1.2468714714050293,0.8851396441459656,-1.7998988628387451,-1.2180296182632446,1.3067554235458374,-0.49551287293434143,3.332000986233652e-05,1.7151983330671666e-06,6.4413785823283e-05,1.7075472925031877e-06,3.109377596094648e-05,7.651040563978895e-09,0.07229197237307991,0.8059825560831058,0.244078190692868,0.4128808081150055,-0.10245341807603836,-0.2847261130809784,0.8590481877326965,0,consistent_success
1000,curobo_threshold_N1000_K16,202,1,1,-2.908700942993164,-1.295384407043457,0.42497509717941284,-0.23103950917720795,-1.0359140634536743,1.642099380493164,0.00012287812012345967,5.920234612978785e-06,5.8574177186355505e-05,4.676310850554341e-06,6.430394293710417e-05,1.2439237624244436e-06,-0.5376440140337462,-0.3443185015962324,1.0307359130327434,0.22007589042186737,0.939914345741272,0.01445603184401989,0.2606121301651001,0,consistent_success
1000,curobo_threshold_N1000_K16,203,1,1,-1.5412540435791016,1.024256706237793,-0.4930468201637268,-1.6552852392196655,-0.6226872205734253,-1.2737621068954468,0.00013328003944934608,5.672864606295277e-06,0.00014097134756054002,6.722620413208828e-06,7.691308111193939e-06,1.0497558069135518e-06,0.2650984778933881,-0.8851827180832001,-0.7839423859434653,0.47660669684410095,-0.44581684470176697,0.7511599659919739,-0.0992579236626625,0,consistent_success
1000,curobo_threshold_N1000_K16,204,1,1,1.8915282487869263,-0.5537225604057312,-1.5005744695663452,3.4367494583129883,-0.33340179920196533,-3.383330821990967,0.03265034320065752,0.0048639513808669725,0.032651219259683714,0.0048656430527696404,8.760590261974732e-07,1.6916719026678975e-06,-0.2809137258755222,0.04913987109594344,0.9638002445277226,0.022499309852719307,-0.5334587097167969,-0.2338181883096695,0.8125544190406799,0,consistent_success
1000,curobo_threshold_N1000_K16,205,1,1,-0.14826084673404694,1.3761812448501587,-2.016141176223755,-0.10118169337511063,-0.2493206262588501,-1.5601011514663696,4.71216097253091e-05,5.554701452991543e-06,3.731045708068025e-05,9.115808030550376e-06,9.811152644628848e-06,3.5611065775588335e-06,0.6691454274998943,0.15615831458109852,-0.23210112873743904,0.5821912288665771,-0.7006571292877197,0.3039281964302063,0.27885591983795166,0,consistent_success
1000,curobo_threshold_N1000_K16,206,1,1,-0.34678906202316284,-0.6484271287918091,-1.7346972227096558,1.1413108110427856,-2.1946516036987305,-1.8706824779510498,6.0068501284149534e-05,3.969291938477546e-06,4.471083880713371e-05,4.00455336570039e-06,1.5357662477015826e-05,3.526142722284447e-08,0.18570393579147032,0.04993637596510739,0.7823414262115956,0.23754455149173737,0.9398171305656433,0.028223734349012375,-0.24396668374538422,0,consistent_success
1000,curobo_threshold_N1000_K16,207,1,1,0.09554005414247513,-2.8876118659973145,0.46342360973358154,2.77183198928833,1.1528353691101074,-1.5527578592300415,6.0068501284149534e-05,7.043923258829098e-06,7.195322238332114e-05,6.037091348628668e-06,1.188472109917161e-05,1.0068319102004293e-06,-0.998520544877219,0.10659724910053331,0.5198326781367392,0.5511202812194824,-0.15005600452423096,0.7957145571708679,0.20146451890468597,0,consistent_success
1000,curobo_threshold_N1000_K16,208,1,1,2.1350865364074707,-0.4318666160106659,2.3953044414520264,-0.8443114757537842,1.7059210538864136,-0.17530028522014618,0.00012731557319511921,1.15390206296917e-05,0.00018337545236494335,1.4886052178675805e-05,5.605987916982414e-05,3.347031548984105e-06,-0.2738255987298895,0.1493100999189949,-0.27798347907873255,0.02137765660881996,-0.3373481333255768,0.9121158123016357,0.2319137006998062,0,consistent_success
1000,curobo_threshold_N1000_K16,209,1,1,1.8240618705749512,1.3804593086242676,-0.6741244196891785,-2.7696480751037598,-0.7223497033119202,-0.09243845194578171,8.429369557916289e-05,9.208609792810665e-06,6.591899627978536e-05,1.1000103948581645e-05,1.837469929937753e-05,1.7914941557709802e-06,-0.39654719449462683,0.6017665345362516,-0.8441035627125784,-0.18938426673412323,0.8534350395202637,0.25086453557014465,-0.4157514274120331,0,consistent_success
1000,curobo_threshold_N1000_K16,210,1,1,0.6125805377960205,-0.9953930377960205,-1.4767452478408813,2.387843370437622,1.8422911167144775,-1.2188103199005127,2.2351741790771484e-05,5.741727431814579e-06,7.786023356822413e-05,3.415094585006376e-06,5.550849177745265e-05,2.3266328468082035e-06,-0.09435780602394926,0.103843901298593,0.888086078420066,0.6887648105621338,0.011683741584420204,0.6777225732803345,0.25721314549446106,0,consistent_success
1000,curobo_threshold_N1000_K16,211,1,1,0.24032992124557495,-1.3885339498519897,2.3510282039642334,-1.1517536640167236,2.7141404151916504,-1.7968294620513916,0.00013328003944934608,6.884659807487369e-06,0.0001200326433937429,4.353408482428142e-06,1.324739605560318e-05,2.5312513250592272e-06,0.4639463632498556,0.1961027475231297,0.15307894136213024,0.6506519913673401,0.2819083631038666,0.6176830530166626,-0.34006962180137634,0,consistent_success
1000,curobo_threshold_N1000_K16,212,1,1,1.584009051322937,-2.658665657043457,-2.853398561477661,-0.9384241700172424,-1.3801826238632202,-1.1753594875335693,0.00015413880305459315,7.1053155975125796e-06,0.00017870967326036094,7.443026089337887e-06,2.4570870205767786e-05,3.377104918253076e-07,-0.1787298093938245,-0.20397640250024038,-0.11652201211661242,0.49725762009620667,0.6643009781837463,0.3747773766517639,-0.4134984612464905,0,consistent_success
1000,curobo_threshold_N1000_K16,213,1,1,3.150343179702759,-5.398738384246826,-2.730048894882202,-3.24458384513855,-1.7964402437210083,0.3036966919898987,8.429369557916289e-05,7.24232229052655e-06,0.0001302541137413469,7.040397847728103e-06,4.5960418162184025e-05,2.019244427984472e-07,-0.09058945734177881,-0.14411100107799707,0.24555162659746627,0.5572423934936523,0.08403473347425461,0.19994857907295227,0.8015233278274536,0,consistent_success
1000,curobo_threshold_N1000_K16,214,1,1,-2.657512903213501,-0.4593314230442047,2.7795379161834717,-0.32723280787467957,1.2214239835739136,-3.8331260681152344,6.420049203370581e-05,8.630380269944106e-06,6.694767884259579e-05,1.1581149199548762e-05,2.7471868088899777e-06,2.950768929604656e-06,0.07534296703491089,-0.18126422885929877,-0.05196205251023274,0.2673026919364929,0.22473639249801636,0.9370373487472534,-0.001952490070834756,0,consistent_success
1000,curobo_threshold_N1000_K16,215,1,1,0.26652655005455017,-2.0033605098724365,-1.718345284461975,1.9323482513427734,1.0280238389968872,0.4381682872772217,0.00013514129193481494,3.387383557066469e-06,0.00014379720431972483,6.9360898910140305e-06,8.655912384909883e-06,3.5487063339475614e-06,-0.6725393782778961,0.03568861046103568,0.47140022128658654,0.42840898036956787,-0.2519690692424774,0.13622362911701202,0.8569833636283875,0,consistent_success
1000,curobo_threshold_N1000_K16,216,1,1,0.6433462500572205,-2.0053017139434814,1.0513955354690552,2.7480545043945312,2.989934206008911,2.4158153533935547,1.8566111102700233,0.08752207070496984,1.8566017499573717,0.08752714356401534,9.360312651640612e-06,5.0728590454962585e-06,-0.07654025049594645,0.03128152606641012,1.1613082243122228,0.5337821245193481,0.7574911713600159,-0.004167506471276283,0.3758541941642761,0,consistent_success
1000,curobo_threshold_N1000_K16,217,1,1,-0.07266457378864288,-0.10128127783536911,2.9221909046173096,-2.36179780960083,-1.2810226678848267,0.25026315450668335,0.21896678663324565,0.01585096474816206,0.21898369634596115,0.01584505622674422,1.690971271550712e-05,5.908521417838375e-06,-0.050775257387174005,0.1942660673457071,-0.05579275429147026,0.5957918167114258,0.20541195571422577,-0.4954231083393097,-0.5978243947029114,0,consistent_success
1000,curobo_threshold_N1000_K16,218,1,1,-2.5661208629608154,0.14153049886226654,0.26318997144699097,-0.03182731941342354,2.692350149154663,-0.1655115783214569,0.00010323827126512697,6.02820207841787e-06,0.00018394186140549188,5.122641877509564e-06,8.070359014036491e-05,9.055602009083055e-07,-0.9015288992166335,-0.68125508895212,-0.30671389054601694,-0.15836186707019806,-0.5192187428474426,0.5563443899154663,0.6291378140449524,0,consistent_success
1000,curobo_threshold_N1000_K16,219,1,1,-3.383760929107666,0.6103222966194153,1.8166334629058838,0.5842939615249634,2.4023807048797607,1.6876109838485718,0.009882577614916954,0.000453198569850259,0.00987546405405524,0.0004569276590959525,7.113560861714274e-06,3.729089245693522e-06,-0.015796682321880057,-0.09477261828513142,-0.4918642892768694,0.6211904287338257,-0.13936346769332886,0.7241283655166626,0.26521384716033936,0,consistent_success
1000,curobo_threshold_N1000_K16,220,1,1,0.3218444585800171,1.2452967166900635,2.272822380065918,-0.7362079620361328,0.8644412755966187,-2.264631509780884,4.770699391087874e-05,1.3925901019053558e-05,0.00010137353425185053,1.4235251457258534e-05,5.366654034097179e-05,3.09350438204976e-07,-0.4909239704738182,0.07220480219588926,-0.15852533847375927,-0.47228705883026123,-0.20310816168785095,0.7698227167129517,0.37823933362960815,0,consistent_success
1000,curobo_threshold_N1000_K16,221,1,1,-0.6011512875556946,-0.2658195197582245,1.451058268547058,-1.2495157718658447,1.371629238128662,0.4653051495552063,6.664001972467304e-05,1.4886059283179241e-05,6.489576869939517e-05,3.415094585006376e-06,1.7442510252778642e-06,1.1470964698172865e-05,0.8480252794987452,-0.3606874145257255,-0.35187019746481407,0.5021921992301941,0.6410104036331177,0.24005039036273956,0.5284736752510071,0,consistent_success
1000,curobo_threshold_N1000_K16,222,1,1,-2.422250986099243,-1.4578509330749512,1.7606884241104126,-0.47804880142211914,-1.8270649909973145,-0.2559315860271454,8.429369557916289e-05,1.6340924177570002e-05,8.051155507929251e-05,1.5320420339170408e-05,3.7821404998703766e-06,1.020503838399594e-06,-0.3192889996780412,-0.4665361337536963,0.43524796031011015,0.25180572271347046,0.14447206258773804,0.7506260275840759,0.5935336947441101,0,consistent_success
1000,curobo_threshold_N1000_K16,223,1,1,0.848481297492981,1.8837268352508545,1.1637042760849,-2.184678792953491,-1.0140876770019531,1.529062032699585,8.429369557916289e-05,7.683969330040333e-06,5.1359268061926274e-05,8.18910913293408e-06,3.293442751723661e-05,5.051398028937466e-07,-0.7525580491083625,-0.5323789679341032,-0.524570453750962,0.8668891787528992,-0.08910468965768814,-0.4118197560310364,0.2663981020450592,0,consistent_success
1000,curobo_threshold_N1000_K16,224,1,1,0.29780328273773193,-0.4013075828552246,1.4830423593521118,1.758588194847107,-2.140345811843872,-0.645756721496582,1.909211277961731e-05,2.7685154000350403e-06,5.742899563823299e-05,2.9575586669421963e-06,3.833688285861568e-05,1.8904326690715603e-07,0.8001587904884039,0.36507450754868653,-0.005321804822031373,-0.30718857049942017,0.47155696153640747,-0.39075329899787903,0.728410005569458,0,consistent_success
1000,curobo_threshold_N1000_K16,225,1,1,1.0590465068817139,-2.532210350036621,1.8053414821624756,0.8112004399299622,3.978489637374878,-0.6511335968971252,0.018714561520027928,0.0027689186271953347,0.018742412034367904,0.0027688480908323624,2.7850514339976262e-05,7.053636297228369e-08,-0.16358969865057102,-0.08262667684243882,0.7483744050945462,0.7076612710952759,0.6117019057273865,0.30748581886291504,-0.174610435962677,0,consistent_success
1000,curobo_threshold_N1000_K16,226,1,1,2.7510182857513428,-1.0063190460205078,-1.318442463874817,-3.8685078620910645,0.7990468740463257,4.260167121887207,0.0008413549608121684,3.3722049527045774e-05,0.0008559313816302789,3.5119063353756025e-05,1.4576420818110478e-05,1.397013826710251e-06,-0.07863574913190607,-0.21445157896028788,0.9403887742070082,0.0021303764078766108,-0.6757436990737915,-0.2748602330684662,0.6839720606803894,0,consistent_success
1000,curobo_threshold_N1000_K16,227,1,1,0.6907199621200562,1.5100830793380737,-2.9350452423095703,-2.431220769882202,-3.2178237438201904,-0.7410338521003723,2.8465769719332457,0.15021312208449053,2.8465807653057427,0.15021383286030848,3.7933724970073968e-06,7.107758179525359e-07,-0.013834392860680812,0.0782968618768271,0.16553967339898873,0.20567743480205536,-0.23597992956638336,0.6857540607452393,-0.6570780873298645,0,consistent_success
1000,curobo_threshold_N1000_K16,228,1,1,1.899195909500122,0.8362420201301575,1.8187659978866577,2.89457631111145,1.508399248123169,-0.35102322697639465,0.01181589141197037,0.0010729583520802037,0.011827700946935575,0.001072470884608334,1.1809534965205593e-05,4.874674718697777e-07,-0.17678159612032762,-0.0072679153632710936,-0.6188222028696783,-0.0023525399155914783,-0.16225862503051758,0.3735632598400116,0.913300096988678,0,consistent_success
1000,curobo_threshold_N1000_K16,229,1,1,0.3296433985233307,0.5437781810760498,1.405642032623291,-1.7836493253707886,-1.4396559000015259,1.4217795133590698,0.00020754916363330267,2.187259861822325e-05,0.0002101155782003652,2.664539873259316e-05,2.566414567062525e-06,4.772800114369912e-06,0.1350341900290395,0.2322114205006958,-0.8201289449672313,0.7622953653335571,0.10425569117069244,-0.6382264494895935,0.026523083448410034,0,consistent_success
1000,curobo_threshold_N1000_K16,230,1,1,-2.6688568592071533,0.4620104134082794,-0.66197270154953,2.287113904953003,-2.7994184494018555,0.42993178963661194,6.244724204407248e-05,9.243710088942047e-06,0.00011512194503379477,5.399738656763834e-06,5.267470298972229e-05,3.843971432178214e-06,-0.8760528051992201,-0.5346060097053161,0.05220489589320791,0.3980872333049774,-0.5467471480369568,0.23488803207874298,0.6981559991836548,0,consistent_success
1000,curobo_threshold_N1000_K16,231,1,1,0.47972390055656433,1.535364031791687,-1.357209324836731,-0.8645303845405579,-1.421812653541565,0.7739911079406738,6.664001972467304e-05,3.1998283339444367e-06,5.035060153001045e-05,3.6222548091772005e-06,1.6289418194662587e-05,4.224264752327638e-07,0.43939379061520173,0.4288267583584477,-0.7330182196973778,-0.4107799828052521,-0.5114192962646484,0.7428385019302368,0.1337948590517044,0,consistent_success
1000,curobo_threshold_N1000_K16,232,1,1,-0.08871114999055862,0.7451608180999756,-0.6276318430900574,-1.8241249322891235,-0.5336664915084839,0.7168416380882263,0.0,8.435083424060767e-06,7.071275510873767e-05,6.037091348628668e-06,7.071275510873767e-05,2.3979920754320985e-06,1.1562210509437534,0.1414413413354914,-0.385604131534064,0.2770387530326843,-0.3547183871269226,0.7913153171539307,0.41381698846817017,0,consistent_success
1000,curobo_threshold_N1000_K16,233,1,1,-4.2832560539245605,4.84109354019165,0.34908679127693176,3.081056594848633,0.5606300830841064,-0.3246777057647705,0.00012013700256829907,1.4656396569407124e-05,4.363699365846244e-05,1.0799477313527678e-05,7.650000890983663e-05,3.856919255879447e-06,-0.3099819428541005,0.09576912460389933,1.2445169973313508,-0.4632800221443176,-0.22191911935806274,0.8329479694366455,-0.2057211697101593,0,consistent_success
1000,curobo_threshold_N1000_K16,234,1,1,-1.4676483869552612,-0.17525094747543335,-1.5709824562072754,1.6804455518722534,-3.9579102993011475,1.878098964691162,7.450580596923828e-05,1.0058645345867354e-05,8.033598979002176e-05,1.5080649355333765e-05,5.830183820783482e-06,5.022004009466411e-06,0.1597064325608103,-0.5639310726934682,0.686487480233218,0.582578718662262,0.1926601082086563,-0.6625193953514099,0.42959532141685486,0,consistent_success
1000,curobo_threshold_N1000_K16,235,1,1,1.1673929691314697,1.5831507444381714,2.284979820251465,-0.5958635807037354,2.9044480323791504,-0.8408383727073669,6.3685035911476e-05,1.4139359086612427e-05,4.0900761476958235e-05,1.3872179782028085e-05,2.278427443451777e-05,2.671793045843427e-07,-0.24176199021871075,-0.37710902500846594,0.013053431349201698,0.012812627479434013,0.5663182139396667,-0.4049418270587921,0.7177336812019348,0,consistent_success
1000,curobo_threshold_N1000_K16,236,1,1,2.514371156692505,0.020477820187807083,0.40707308053970337,0.9998016357421875,0.785841703414917,0.640187680721283,0.00012644053981603065,4.190056834250548e-06,3.829498444835247e-05,5.7905745997743736e-06,8.814555536767817e-05,1.6005177655238256e-06,-0.9663633848942275,0.4175188281688615,-0.20362585375787157,-0.31512460112571716,-0.16635745763778687,0.9068641662597656,-0.22498679161071777,0,consistent_success
1000,curobo_threshold_N1000_K16,237,1,1,1.0717496871948242,1.3713552951812744,-0.26482248306274414,-1.1169978380203247,-0.8251295685768127,0.7613620162010193,2.60770320892334e-05,1.0525137555441982e-05,2.553098504962757e-05,2.4148365394514667e-06,5.460470396058272e-07,8.110301015990515e-06,-0.050036788326399836,0.3814567906243081,-1.1006940669922793,0.6833077669143677,0.38381505012512207,-0.5971012711524963,-0.17101627588272095,0,consistent_success
1000,curobo_threshold_N1000_K16,238,1,1,-1.3755803108215332,1.8475676774978638,-1.0702095031738281,-0.7120732069015503,-1.1624506711959839,-2.2999351024627686,5.819089565761715e-05,7.717389886188902e-06,9.988121939636174e-05,4.978313060379714e-06,4.1690323738744595e-05,2.7390768258091882e-06,0.2255882190357267,-0.10697354244011345,-0.9727525683900295,0.6894274950027466,-0.5877865552902222,0.3529442846775055,0.23372423648834229,0,consistent_success
1000,curobo_threshold_N1000_K16,239,1,1,-0.6339674592018127,2.6004202365875244,-0.9398775696754456,-1.690106749534607,0.6029549837112427,-2.644719123840332,0.00019082797564351495,8.366724601958507e-06,0.0001844154934709547,8.872676000826597e-06,6.412482172560253e-06,5.059513988680902e-07,-0.27699030208571396,0.5013839088048866,-0.8720672014417586,0.6615893840789795,-0.4603123962879181,0.5288960933685303,-0.2658587694168091,0,consistent_success
1000,curobo_threshold_N1000_K16,240,1,1,0.17359569668769836,-1.2851004600524902,-0.8021432757377625,1.3552987575531006,2.4238152503967285,0.45402634143829346,0.0018763254274745123,2.850099426502699e-05,0.0018785763670399447,2.839359011416723e-05,2.2509395654324825e-06,1.074041508597622e-07,-0.004192960188513277,0.09519421519383156,1.1666141632712999,0.5278353691101074,0.5234389901161194,-0.07893747091293335,0.6642065644264221,0,consistent_success
1000,curobo_threshold_N1000_K16,241,1,1,0.4815414249897003,-1.5905988216400146,1.933050274848938,1.102604866027832,1.1532504558563232,1.5560095310211182,0.00011920928955078125,3.0058965719526065e-05,0.00012776524865673705,2.8826716089393242e-05,8.555959105955804e-06,1.2322496301328229e-06,0.28141600091235236,0.37422233859538434,0.4488799611114329,-0.21545712649822235,0.943244218826294,0.2524391710758209,0.011961080133914948,0,consistent_success
1000,curobo_threshold_N1000_K16,242,1,1,1.495759129524231,2.265697956085205,1.5753923654556274,-3.3735527992248535,0.673399806022644,1.813937783241272,7.634573506720699e-05,0.000134817640886685,0.00013598848925680082,0.0001312092050547767,5.964275418959383e-05,3.608435831908293e-06,-0.29761681863125267,-0.8105589957351909,-0.10351950259031732,0.599132776260376,-0.4884612262248993,-0.6339890956878662,-0.02243538200855255,0,consistent_success
1000,curobo_threshold_N1000_K16,243,1,1,1.5498132705688477,2.197706699371338,-2.0439884662628174,-1.9606503248214722,2.689142942428589,-3.8392953872680664,0.00015269147013441398,6.923801087397081e-06,0.00014645280746009774,6.3890569402603996e-06,6.2386626743162355e-06,5.347441471366818e-07,-0.07450488604852257,0.31121603240184237,-0.3896952596735809,0.809999942779541,-0.08067228645086288,0.5300687551498413,-0.23752734065055847,0,consistent_success
1000,curobo_threshold_N1000_K16,244,1,1,0.9569332599639893,1.932861089706421,-0.32736948132514954,-4.2530951499938965,-0.7103552222251892,1.4054518938064575,0.0,1.142659204192308e-05,8.455477280100622e-05,1.4438622495364691e-05,8.455477280100622e-05,3.0120304534416103e-06,-0.26535906807176474,0.029388181405152113,-0.9436175245331891,-0.2919605076313019,0.5962984561920166,-0.546829879283905,-0.5100630521774292,0,consistent_success
1000,curobo_threshold_N1000_K16,245,1,1,-0.4768967032432556,-0.5745930075645447,1.8966244459152222,0.6448688507080078,-2.9997007846832275,-0.6988188028335571,6.322026990801533e-05,8.68286746263049e-06,9.303576066620035e-05,9.195423586105984e-06,2.9815490758185024e-05,5.125561234754948e-07,0.5245784826272498,-0.1892416326366061,-0.03809601345617308,-0.01895488053560257,-0.2850503623485565,-0.5945696234703064,0.7515809535980225,0,consistent_success
1000,curobo_threshold_N1000_K16,246,1,1,1.882724642753601,1.5689502954483032,-1.7019344568252563,-2.4037258625030518,1.4837640523910522,-1.08689284324646,2.9802322387695312e-05,6.3734260990976576e-06,5.923205004042748e-05,8.18910913293408e-06,2.942972765273217e-05,1.8156830338364222e-06,-0.33509390753277934,0.47888851740842975,-0.2614124592071902,0.3530292212963104,0.2692005932331085,-0.3798348009586334,0.8115583658218384,0,consistent_success
1000,curobo_threshold_N1000_K16,247,1,1,1.155107855796814,-2.906965732574463,1.4827430248260498,1.9186903238296509,-1.2422993183135986,-0.5091164112091064,0.00010323827126512697,9.2892584817576e-06,8.080033820143677e-05,1.0663629423853027e-05,2.2437933063690197e-05,1.3743709420954273e-06,-0.4369983168051019,-0.5103666676431219,0.7753146598850676,0.7207484841346741,0.511667013168335,-0.11663281172513962,-0.4528965353965759,0,consistent_success
1000,curobo_threshold_N1000_K16,248,1,1,2.389138698577881,-1.0594813823699951,-0.6942887306213379,0.15194150805473328,3.3633906841278076,-0.4913465976715088,0.00013075715799004684,7.74400436065239e-06,0.00010544853321485748,4.00455336570039e-06,2.5308624775189357e-05,3.739450994952e-06,-0.27805152295688085,0.15894202028701038,1.207090027460563,-0.11359523236751556,0.6252868175506592,0.46792665123939514,0.6141312122344971,0,consistent_success
1000,curobo_threshold_N1000_K16,249,1,1,-3.867039442062378,-1.6371151208877563,0.6730550527572632,-1.2794618606567383,-1.4487491846084595,-4.435163497924805,5.372690026206328e-05,1.3020941306869112e-05,0.0001623642758192478,7.73124918760008e-06,0.00010863737555718452,5.2896921192690315e-06,-0.44039748570494747,0.15640752207864494,1.2086262006476858,-0.017086388543248177,0.8359315991401672,-0.4351695477962494,-0.3339967727661133,0,consistent_success
1000,curobo_threshold_N1000_K16,250,1,1,0.5664662718772888,0.9898520708084106,-0.7576209306716919,-1.8126475811004639,-2.106046676635742,4.008884429931641,8.429369557916289e-05,1.2089775045442403e-05,0.00012174043858473276,1.6555285230907042e-05,3.744674300556988e-05,4.465510185464639e-06,0.7888810205833567,0.6402797374707538,-0.5942010236758468,0.26413586735725403,0.7771662473678589,0.5710194706916809,-0.013477013446390629,0,consistent_success
1000,curobo_threshold_N1000_K16,251,1,1,-2.468641996383667,-0.016192836686968803,-2.828359603881836,1.4111366271972656,1.2622393369674683,0.8991582989692688,6.143906006172983e-05,1.039071438882911e-05,0.0001114539317633786,1.0663629423853027e-05,5.001487170164877e-05,2.7291503502391764e-07,-0.029975801813425,-0.2693455253172039,0.37588985082709453,0.9857852458953857,0.1621827334165573,0.042412739247083664,0.011194182559847832,0,consistent_success
1000,curobo_threshold_N1000_K16,252,1,1,3.670742988586426,-0.13969485461711884,0.8536345958709717,1.966915488243103,-1.0376989841461182,-1.1902694702148438,6.143906006172983e-05,8.541192834899378e-06,0.00015400862302139914,1.0933637455190016e-05,9.25695629596693e-05,2.392444620290638e-06,-0.8071184183049807,-0.7161778225390198,-0.023296066244200837,0.6755375266075134,0.26098713278770447,-0.4903355538845062,0.4848771095275879,0,consistent_success
1000,curobo_threshold_N1000_K16,253,1,1,-1.6064510345458984,-2.354666233062744,2.210667848587036,1.6932944059371948,-2.850682258605957,2.3757712841033936,0.9883205639198422,0.03376726797756622,0.9883354512449586,0.03376682412000574,1.488732511634172e-05,4.4385756047676805e-07,0.07393575552113324,-0.020698940181139866,0.6667891472506663,0.7412262558937073,0.2051628977060318,-0.5606265068054199,-0.3069034814834595,0,consistent_success
1000,curobo_threshold_N1000_K16,254,1,1,1.6658283472061157,-1.3406870365142822,2.962400197982788,-0.5390311479568481,-0.8888833522796631,0.17456559836864471,0.4060099890921265,0.05389265382074019,0.40596819345714324,0.05389336325458277,4.179563498324379e-05,7.094338425814306e-07,-0.21876007115884655,-0.04631899569670703,0.1601879877654581,0.9172452092170715,0.2142944633960724,-0.333027184009552,0.042802318930625916,0,consistent_success
1000,curobo_threshold_N1000_K16,255,1,1,-2.2817001342773438,1.6815069913864136,-0.736890435218811,-2.9974522590637207,0.4355003237724304,0.2918277382850647,6.919419348605516e-05,2.122445103812739e-06,6.614801632505279e-05,5.6632936810203185e-06,3.0461771610023643e-06,3.5408485772075794e-06,-0.042285371975652616,-0.4284590471245737,-0.8565712779261538,0.7741923332214355,0.07444950193166733,0.5545815229415894,-0.29584258794784546,0,consistent_success
1000,curobo_threshold_N1000_K16,256,1,1,-2.74314284324646,-1.8924577236175537,2.055339813232422,0.3758711516857147,-2.9662978649139404,0.48171576857566833,8.688795105626923e-05,1.449182601907947e-05,9.790779639563382e-05,1.6378218265868204e-05,1.1019845339364586e-05,1.8863922467887337e-06,-0.24634813800712674,-0.18307608531814235,0.5240444387700727,-0.07269908487796783,-0.10011062026023865,0.6672621965408325,0.7344751954078674,0,consistent_success
1000,curobo_threshold_N1000_K16,257,1,1,0.8026026487350464,0.18291331827640533,-2.1654651165008545,1.8064111471176147,-1.2536017894744873,0.8788530230522156,7.028863535651908e-05,5.912890330552724e-06,0.00011725637926396059,1.3336370687868336e-05,4.6967743907441506e-05,7.423480357315612e-06,0.07457605909554679,0.3545160747078196,0.4111870923349054,0.6398369073867798,0.44005143642425537,-0.6241791844367981,-0.08581291139125824,0,consistent_success
1000,curobo_threshold_N1000_K16,258,1,1,-2.657970666885376,1.6093913316726685,-1.62405264377594,-1.4940143823623657,-0.26367560029029846,-2.422834873199463,0.00016049041562382627,1.0866992732603164e-05,0.00016053151756984646,1.1706354451251849e-05,4.110194602019706e-08,8.393617186486843e-07,-0.4689978932057417,-0.532050783040576,-0.507020392846432,-0.08707726001739502,-0.47660163044929504,0.6347558498382568,-0.6019580364227295,0,consistent_success
1000,curobo_threshold_N1000_K16,259,1,1,0.746781051158905,1.2513083219528198,-0.5934523940086365,-1.9895577430725098,1.9056940078735352,0.07605107128620148,6.664001972467304e-05,6.419980056081301e-06,5.375148777013216e-05,7.824964720612765e-06,1.2888531954540878e-05,1.4049846645314644e-06,0.4802628969328886,0.6266294638151313,-0.7464469288137868,0.3761477470397949,0.20015475153923035,0.03390386700630188,0.9040472507476807,0,consistent_success
1000,curobo_threshold_N1000_K16,260,1,1,-1.6529011726379395,-0.04776860401034355,-0.07102829217910767,-2.411668539047241,2.9818618297576904,-2.8450207710266113,0.003738619852811098,0.0001923298534898506,0.0038491687674392476,0.00019051591137561076,0.0001105489146281495,1.813942114239843e-06,-0.02853005666554457,-1.2357724685940705,0.3275244662501713,-0.36989626288414,-0.4987906217575073,0.45340636372566223,0.6393803954124451,0,consistent_success
1000,curobo_threshold_N1000_K16,261,1,1,-1.7738516330718994,-0.925031304359436,1.0112375020980835,0.0950995460152626,0.5802415013313293,0.8059784770011902,9.912352538776759e-05,6.861865662640631e-06,3.993844084331073e-05,6.273929367455621e-06,5.9185084544456854e-05,5.879362951850097e-07,0.04102224152061469,-0.9960748610461835,0.4438749266427008,0.42945292592048645,0.7387709617614746,-0.060364771634340286,0.5158912539482117,0,consistent_success
1000,curobo_threshold_N1000_K16,262,1,1,-1.2217689752578735,0.3879680633544922,-1.3782320022583008,1.6549768447875977,-3.4298925399780273,1.524634838104248,0.00011920928955078125,6.090568226611503e-06,7.495713761203557e-05,4.182619578303747e-06,4.425215193874568e-05,1.907948648307756e-06,0.3547252688879306,-0.7538105902490504,0.26707913414679374,0.6411041021347046,0.4543847143650055,-0.6174337267875671,-0.03599615767598152,0,consistent_success
1000,curobo_threshold_N1000_K16,263,1,1,0.701730489730835,2.8020341396331787,0.9255917072296143,-1.0163493156433105,-1.109156608581543,-4.824471950531006,0.00016049041562382627,1.3131515911147248e-05,0.0002628869812208897,9.809112393710968e-06,0.00010239656559706342,3.32240351743628e-06,-0.9167681215166459,-0.5064671799342471,0.3795652676379247,0.7482047080993652,-0.3848371207714081,0.40639233589172363,0.3562799096107483,0,consistent_success
1000,curobo_threshold_N1000_K16,264,1,1,1.3813470602035522,-1.0616908073425293,-1.3731504678726196,-0.03588147461414337,2.1447653770446777,-1.5396828651428223,0.267867639195174,0.03272777855293507,0.2678709893388518,0.0327248565205064,3.350143677804951e-06,2.9220324286732824e-06,-0.13524014737402829,-0.10200306836704795,1.172078326945161,0.5773135423660278,0.45958784222602844,-0.16653484106063843,0.6540292501449585,0,consistent_success
1000,curobo_threshold_N1000_K16,265,1,1,0.8847375512123108,1.0358728170394897,1.2320382595062256,0.5571814775466919,-2.1863033771514893,-1.9390416145324707,0.009544406566419639,0.0005013764893529324,0.009580973743726406,0.000504244237654368,3.656717730676773e-05,2.8677483014356115e-06,-0.09826448132006635,0.05472147245692657,-0.704605769813045,-0.025201957672834396,0.5968589782714844,0.12921011447906494,0.7914726734161377,0,consistent_success
1000,curobo_threshold_N1000_K16,266,1,1,1.3873026371002197,2.7243943214416504,1.3003098964691162,1.1564399003982544,0.776348352432251,0.2522152364253998,0.00016049041562382627,1.9183759115402488e-05,0.00018848572112586403,1.8271553931657168e-05,2.7995305502037763e-05,9.122051837453206e-07,-0.37008246602209494,-0.7351841234074347,0.3269070182509491,-0.12060335278511047,-0.3211022615432739,0.2904214859008789,0.8933104276657104,0,consistent_success
1000,curobo_threshold_N1000_K16,267,1,1,0.8471695780754089,0.22351519763469696,-1.1716257333755493,-0.34324216842651367,-0.38564226031303406,-1.1270099878311157,5.9604644775390625e-05,1.770154613252763e-05,6.039616740012553e-05,1.6108968939569467e-05,7.915226247349043e-07,1.5925771929581637e-06,0.49654572357720433,0.9386484039923397,0.39128412975508026,-0.37229296565055847,0.8203511238098145,0.08834832906723022,-0.42499008774757385,0,consistent_success
1000,curobo_threshold_N1000_K16,268,1,1,0.45512524247169495,0.36348941922187805,-2.425326108932495,1.9484542608261108,-1.4891403913497925,0.016277454793453217,0.00013075715799004684,1.5287514696405306e-05,0.0001144983065054188,2.1733528855063326e-05,1.6258851484628038e-05,6.44601415865802e-06,0.125770701411685,0.25244438904074495,0.28903564916078683,0.5514246821403503,0.6146044135093689,-0.422661691904068,-0.3735630512237549,0,consistent_success
1000,curobo_threshold_N1000_K16,269,1,1,-1.8232321739196777,-0.4769872725009918,2.5042829513549805,-1.6746026277542114,-0.2193087637424469,-0.8506706953048706,5.57550414725938e-05,5.881489452071321e-06,0.00011172410063169047,2.9575586669421963e-06,5.596905915909667e-05,2.9239307851291245e-06,0.18778347875415669,-0.2886758245994008,-0.2070745004916166,0.6401069164276123,0.35869747400283813,0.5777209997177124,0.35754409432411194,0,consistent_success
1000,curobo_threshold_N1000_K16,270,1,1,0.04570634290575981,2.4350032806396484,0.8650736808776855,-1.6483901739120483,-0.633557140827179,-0.4381088614463806,5.424104543294561e-05,5.736268073314941e-06,3.008575104196149e-05,5.263014220319209e-06,2.4155294390984123e-05,4.732538529957322e-07,-1.1512077530598568,0.18584235567790805,-0.11596153260403984,0.5105632543563843,-0.26424890756607056,-0.3676041066646576,-0.731002688407898,0,consistent_success
1000,curobo_threshold_N1000_K16,271,1,1,-0.02710343338549137,-0.07430385798215866,2.421856641769409,-0.2281273901462555,1.5125032663345337,-0.8860587477684021,3.332000986233652e-05,4.874014712060441e-06,6.718802508410773e-05,6.830189170012755e-06,3.386801522177121e-05,1.956174457952314e-06,0.06698956697629556,0.16755865743508278,-0.25362258822480116,-0.26532435417175293,0.3426821231842041,0.899146556854248,-0.06088884174823761,0,consistent_success
1000,curobo_threshold_N1000_K16,272,1,1,-1.1847529411315918,2.340376138687134,-2.793259382247925,-2.248588800430298,-1.6826658248901367,-0.7550559043884277,5.129095725919797e-05,9.83619053233656e-07,3.743922513456859e-05,7.443026089337887e-06,1.3851732124629374e-05,6.459407036104231e-06,0.22553081231354197,-0.14682923192772318,0.003812929926335952,-0.14453253149986267,-0.4301418662071228,0.7257207632064819,-0.5171244144439697,0,consistent_success
1000,curobo_threshold_N1000_K16,273,1,1,-1.4147851467132568,-0.28254246711730957,2.0343964099884033,-0.37871402502059937,-0.16663748025894165,1.2600558996200562,0.00014901161193847656,4.5283718555846484e-05,0.00016011351066250496,4.545091891504211e-05,1.1101898724028399e-05,1.672003591956248e-07,0.3089835462196953,-0.3241568919462017,-0.2727456711301166,-0.4457089304924011,0.5867044925689697,-0.2728716731071472,0.618597149848938,0,consistent_success
1000,curobo_threshold_N1000_K16,274,1,1,-1.9686155319213867,0.3244132101535797,0.3393201529979706,-0.6868234276771545,-2.1225228309631348,-3.345820188522339,0.00012287812012345967,1.0699268700475494e-05,0.00019514944470023612,1.1454575462498555e-05,7.227132457677645e-05,7.553067620230613e-07,-0.26340923786765613,-0.9252572733073946,-0.5378309142326156,0.6999936699867249,-0.703356921672821,-0.1229635626077652,-0.0133353965356946,0,consistent_success
1000,curobo_threshold_N1000_K16,275,0,0,0.7338625192642212,-5.28750467300415,3.7825026512145996,0.1993836611509323,-3.660999298095703,3.61818790435791,740.1689291000366,24.031673962589487,740.1688212807076,24.031675875532198,0.00010781932905956637,1.9129427109021435e-06,0.750814543351942,0.9798848332556167,0.2991042921624767,0.705351710319519,0.3389701545238495,0.5627753138542175,-0.2661994397640228,1,reported_large_reeval_large
1000,curobo_threshold_N1000_K16,276,1,1,1.7151204347610474,0.6194663643836975,1.8662729263305664,-1.1052985191345215,1.0871660709381104,2.364933967590332,0.00011920928955078125,9.480258678155094e-06,0.0001446557837368664,5.6632936810203185e-06,2.544649418608516e-05,3.816964997134776e-06,-0.19697651590570928,-0.08263524278923366,-0.679079539755038,-0.16181477904319763,0.8557202219963074,0.44989287853240967,-0.19787701964378357,0,consistent_success
1000,curobo_threshold_N1000_K16,277,1,1,-1.2977772951126099,-0.6013643741607666,-1.2204835414886475,0.9124594926834106,0.7548943161964417,-1.5038588047027588,2.9802322387695312e-05,4.417681957471531e-06,5.409159811609346e-05,8.099607985145754e-06,2.4289275728398146e-05,3.681926027674223e-06,0.3553508208691606,-0.4120117219425908,1.0066975798735336,0.7832781672477722,-0.10324817895889282,0.4679528474807739,-0.39602425694465637,0,consistent_success
1000,curobo_threshold_N1000_K16,278,1,1,-2.0792713165283203,0.7958994507789612,-2.654047966003418,-1.0494296550750732,1.0528564453125,0.3327082693576813,6.664001972467304e-05,8.37926362073471e-06,7.046847801699945e-05,1.1952831047522336e-05,3.828458292326416e-06,3.5735674267876256e-06,0.0784553834517207,-0.289739876756551,0.3699865672554099,0.7417922616004944,-0.46478894352912903,0.42806071043014526,-0.22467640042304993,0,consistent_success
1000,curobo_threshold_N1000_K16,279,1,1,1.3483939170837402,1.4216301441192627,-0.10644561052322388,-2.841639757156372,-2.171011209487915,0.47983551025390625,0.00012293457984924316,1.4441361964503747e-06,0.000154992961086517,5.533085616490782e-06,3.205838123727383e-05,4.088949420040407e-06,-0.0323798227874035,0.36397066143788503,-1.1127479391526536,-0.016934536397457123,0.8990537524223328,-0.32234132289886475,0.29582372307777405,0,consistent_success
1000,curobo_threshold_N1000_K16,280,1,1,-1.2991666793823242,-1.6622687578201294,2.2775511741638184,-0.4249970316886902,1.6278643608093262,-2.1177818775177,9.42432194506182e-05,2.934582490395856e-06,0.00016376055288223198,5.6632936810203185e-06,6.951733343161379e-05,2.7287111906244627e-06,0.28163495283463913,-0.4197761463296882,0.27539401867004504,0.36648645997047424,0.29999014735221863,0.7102264165878296,-0.5208378434181213,0,consistent_success
1000,curobo_threshold_N1000_K16,281,1,1,-0.8324400782585144,-0.6104785799980164,2.548919200897217,-0.823991060256958,-2.848776340484619,1.7238999605178833,8.330002287948446e-05,1.261288743856757e-05,0.00010638783598707709,1.0173887179578492e-05,2.3087813107592627e-05,2.4390002589890784e-06,0.17723041821223046,-0.08232378188694156,-0.08301770986853432,0.7821658849716187,0.4259167015552521,-0.43478628993034363,-0.1333129107952118,0,consistent_success
1000,curobo_threshold_N1000_K16,282,1,1,3.523643732070923,0.9141283631324768,-0.5598171949386597,3.9079372882843018,-4.618582725524902,3.915588855743408,5.9604644775390625e-05,1.249990192295201e-05,0.00015591553618445788,1.2891699348793929e-05,9.631089140906725e-05,3.917974258419182e-07,-0.8464337777166702,-0.5074629512667026,-0.4229883634036553,0.19023825228214264,0.15990664064884186,0.1619141697883606,0.9549989700317383,0,consistent_success
1000,curobo_threshold_N1000_K16,283,1,1,0.891197681427002,-1.069997787475586,-1.6601327657699585,-1.3831379413604736,2.0101048946380615,2.5060112476348877,6.143906006172983e-05,7.2293761607511205e-06,0.00010778641588405593,8.706816964856289e-06,4.6347355822326094e-05,1.4774408041051683e-06,-0.33162899376898225,-0.21197494560004154,0.8893707498488342,0.3551975190639496,0.9336984157562256,0.04376291111111641,-0.011260083876550198,0,consistent_success
1000,curobo_threshold_N1000_K16,284,1,1,-2.3410146236419678,-0.24555523693561554,2.5284650325775146,-0.7528276443481445,2.2198047637939453,-1.8747243881225586,7.233804666384458e-05,1.4879750691135213e-05,8.101088134989484e-05,1.5272767283331423e-05,8.672834686050259e-06,3.9301659219621045e-07,0.0031232749265619267,-0.1521973620331985,-0.23524969955782982,-0.30425283312797546,0.8101496696472168,0.491598516702652,-0.09704968333244324,0,consistent_success
1000,curobo_threshold_N1000_K16,285,1,1,-0.13475418090820312,0.6069098114967346,-1.4242641925811768,-1.656760811805725,-2.5396742820739746,0.07015304267406464,3.0034250642074767e-05,1.2315894265077243e-05,7.941499056230179e-05,1.4837004097464935e-05,4.938073992022702e-05,2.5211098323876916e-06,1.0095546376590305,-0.04812154701978237,0.25421059008268143,-0.041550979018211365,-0.34478920698165894,0.7459014058113098,-0.5683528780937195,0,consistent_success
1000,curobo_threshold_N1000_K16,286,1,1,-0.3461194336414337,2.063075065612793,0.21773318946361542,-1.7691401243209839,-0.47686317563056946,0.36693084239959717,0.0003111453850124235,1.474858929784815e-05,0.0003498381801565748,1.4388049231413678e-05,3.8692795144151316e-05,3.605400664344716e-07,-0.627621426455215,0.48769794128441585,-0.9261974679117325,-0.34277966618537903,0.22878845036029816,0.5790392756462097,0.7034710049629211,0,consistent_success
1000,curobo_threshold_N1000_K16,287,1,1,2.3983919620513916,-1.7099053859710693,2.197596549987793,0.0226884912699461,-0.007403220050036907,-2.8099968433380127,0.10471096175024286,0.07917429887874487,0.10473246216484017,0.07917083201429741,2.150041459730856e-05,3.4668644474655785e-06,-0.4410971025255817,0.05734817570842092,0.36458553614254924,-0.03704790025949478,-0.5009324550628662,-0.4966420531272888,0.7078423500061035,0,consistent_success
1000,curobo_threshold_N1000_K16,288,1,1,0.9380785822868347,0.5681044459342957,-0.4931090474128723,-1.5675510168075562,1.8493479490280151,-1.7081109285354614,0.0001341104507446289,6.471692516536154e-06,0.00028814107771088054,8.365239156607499e-06,0.00015403062696625164,1.8935466400713451e-06,0.6030689055527755,1.0567859626330025,-0.16552545326502047,0.9134132862091064,0.09930837899446487,0.10431279987096786,0.3807005286216736,0,consistent_success
1000,curobo_threshold_N1000_K16,289,1,1,-2.916419744491577,-1.3287445306777954,-0.6799106001853943,0.5929039120674133,-0.4169483482837677,1.036271333694458,0.5372926825657487,0.021929886470326298,0.5373100434036185,0.021937428467611354,1.7360837869850876e-05,7.541997285056418e-06,0.04304294517015625,-0.24426102361816399,1.1850313401353911,0.5474732518196106,0.7916197180747986,0.2706041932106018,-0.019611764699220657,0,consistent_success
1000,curobo_threshold_N1000_K16,290,1,1,-0.42098096013069153,-0.599036455154419,1.9012736082077026,0.9897575974464417,0.5528114438056946,0.5188488960266113,5.977096151354999e-05,4.7271661106401506e-06,3.750536280438021e-05,5.399738656763834e-06,2.2265598709169784e-05,6.725725461236832e-07,0.590485030137976,0.0012082283585249098,-0.039374706126030744,0.544743001461029,-0.8300963044166565,-0.09006840735673904,-0.077992744743824,0,consistent_success
1000,curobo_threshold_N1000_K16,291,1,1,-1.9216089248657227,2.4196743965148926,-2.848114013671875,-2.52054762840271,-0.8785437345504761,-0.603559672832489,0.00012219861389439757,2.7554705458422984e-06,0.00010101573657940723,8.706816964856289e-06,2.1182877314990337e-05,5.9513464190139905e-06,0.15662186480955692,-0.22029575724229755,0.06061242701864942,-0.042115312069654465,-0.3055015802383423,0.6930699944496155,-0.6515743136405945,0,consistent_success
1000,curobo_threshold_N1000_K16,292,1,1,2.0296125411987305,1.8685795068740845,0.9742758274078369,0.6218008995056152,-0.1828167587518692,-3.0104939937591553,8.195638656616211e-05,1.201404181470014e-05,8.393077646129494e-05,5.6632936810203185e-06,1.974389895132827e-06,6.350748133679822e-06,0.07018345776921794,-0.7169534155417865,-0.5218081608525736,0.6272453665733337,0.47041457891464233,-0.5545885562896729,-0.27875593304634094,0,consistent_success
1000,curobo_threshold_N1000_K16,293,1,1,0.5508105158805847,0.11824459582567215,0.9348620176315308,0.4210255742073059,-1.7743085622787476,-2.0172815322875977,5.9604644775390625e-05,5.345887707711857e-06,9.758691962374549e-05,5.399738656763834e-06,3.798227484835487e-05,5.385094905197677e-08,0.5775690282367402,0.5252822039262505,-0.36349664793957787,-0.056709758937358856,0.006312309764325619,-0.11209269613027573,0.9920581579208374,0,consistent_success
1000,curobo_threshold_N1000_K16,294,1,1,1.9708606004714966,3.4513423442840576,0.39108899235725403,4.386284828186035,-1.7889232635498047,2.393070697784424,0.00024027400513659813,6.565442851660222e-06,0.00035287418649232,3.6222548091772005e-06,0.00011260018135572186,2.9431880424830215e-06,0.29386214643633396,-1.0646222803176095,0.8090206018059223,0.18927118182182312,-0.010803621262311935,0.2135566622018814,0.9583596587181091,0,consistent_success
1000,curobo_threshold_N1000_K16,295,1,1,-2.1877973079681396,-0.8640860915184021,0.020365482196211815,1.2520925998687744,0.9545204639434814,-0.2593953013420105,0.04154397902311757,0.0034693646568045586,0.041693862574108544,0.0034641564538942103,0.00014988355099097156,5.2082029103482815e-06,-0.28622301564418323,-0.7789414429273698,0.8842729600556195,0.5812808871269226,0.8133646845817566,0.022209327667951584,0.0075600058771669865,0,consistent_success
1000,curobo_threshold_N1000_K16,296,1,1,0.556557834148407,-1.6860840320587158,2.228989601135254,1.6613237857818604,0.32205721735954285,-0.47243204712867737,5.372690026206328e-05,5.316280967404049e-06,3.1644460744950016e-05,7.143182815269534e-06,2.2082439517113266e-05,1.8269018478654854e-06,0.12962801139749353,0.37673645217985186,0.48453540612581647,0.5799810886383057,-0.38174334168434143,-0.6941391229629517,-0.18990746140480042,0,consistent_success
1000,curobo_threshold_N1000_K16,297,1,1,0.9198639392852783,1.872109055519104,-2.8250293731689453,0.3478032350540161,2.9196724891662598,-2.5392158031463623,6.322026990801533e-05,1.798199350078736e-05,5.6052631220498415e-05,1.9766288961818032e-05,7.16763868751691e-06,1.7842954610306706e-06,0.08195835542409059,0.2297326808640247,-0.07425179873094115,0.6845253705978394,0.03060385398566723,0.660650908946991,-0.30664125084877014,0,consistent_success
1000,curobo_threshold_N1000_K16,298,1,1,-1.7588489055633545,-0.3252156674861908,2.696113109588623,0.7764169573783875,4.664567947387695,1.4074231386184692,0.00012489448408814496,1.9323554518761168e-05,0.00010442382408114233,2.586807346968433e-05,2.0470660007002636e-05,6.544518950923162e-06,0.10772404212799544,-0.28729552856502133,0.03932945579693609,-0.3897210955619812,-0.5192044377326965,-0.48299524188041687,0.5875880718231201,0,consistent_success
1000,curobo_threshold_N1000_K16,299,1,1,1.754150152206421,1.0256996154785156,-2.440696954727173,1.1972259283065796,2.5619101524353027,0.789530336856842,4.214684778958144e-05,1.2988234009191188e-05,4.453549515537404e-05,8.365239156607499e-06,2.388647365792596e-06,4.6229948525836896e-06,-0.1729447492927788,0.456554121186165,0.06730518465141686,-0.05749547481536865,0.5182778239250183,0.41498830914497375,0.7455649375915527,0,consistent_success
1000,curobo_threshold_N1000_K16,300,1,1,-2.0980751514434814,0.9562915563583374,-1.828742265701294,-0.8483263254165649,-1.4073317050933838,-2.710017204284668,0.00012867090504187217,7.305698073998267e-06,0.00019589718568989713,4.517745487845102e-06,6.722628064802496e-05,2.7879525861531647e-06,-0.27246443821170224,-0.8235634127447794,-0.007073503091549457,0.07847875356674194,0.8846335411071777,-0.453012079000473,0.07774695754051208,0,consistent_success
1000,curobo_threshold_N1000_K16,301,1,1,0.05247950926423073,-1.1827223300933838,-0.0007075915345922112,1.007444143295288,1.5771855115890503,0.3890749514102936,1.0622318368405104,0.12238079490777616,1.0622174711460628,0.12238439260495838,1.4365694447571187e-05,3.597697182222692e-06,0.5498905646278672,0.1926372708278377,1.1268696649037055,0.4115592837333679,0.5258889198303223,0.37007132172584534,0.6458382606506348,0,consistent_success
1000,curobo_threshold_N1000_K16,302,1,1,0.7017823457717896,-3.946772575378418,0.08600892126560211,3.2024998664855957,0.6378360390663147,-1.3673523664474487,0.0004887944555775903,4.372412435690449e-06,0.000485139802623544,5.915117333884395e-06,3.6546529540462626e-06,1.5427048981939462e-06,-0.7191461564924579,-0.2962617550098123,-0.7488736550745518,0.634398341178894,-0.48831233382225037,0.2818100154399872,0.5288411378860474,0,consistent_success
1000,curobo_threshold_N1000_K16,303,1,1,1.4645664691925049,1.6483120918273926,-0.8499523997306824,-1.939664602279663,2.7731502056121826,-1.2657697200775146,6.831109544691572e-05,1.6858448565119775e-05,6.512601909296542e-05,1.3553236463535334e-05,3.1850763539502933e-06,3.3052121015844408e-06,-0.027546421922593683,0.47663305914928694,-0.9107380001605021,0.6036518812179565,0.3660430610179901,0.4497627317905426,0.547110915184021,0,consistent_success
1000,curobo_threshold_N1000_K16,304,1,1,-1.9989869594573975,1.7006386518478394,-1.5163531303405762,2.733798027038574,-2.229030132293701,-1.6217924356460571,7.300048565639372e-05,1.183732307215554e-05,7.89044219277336e-05,7.540324677666867e-06,5.903936271339877e-06,4.296998394488674e-06,-0.12175916226260361,-0.5257551131050052,-0.4554302947074965,0.7368156909942627,0.12284083664417267,-0.630268394947052,0.21159987151622772,0,consistent_success
1000,curobo_threshold_N1000_K16,305,1,1,2.9213976860046387,0.6723248362541199,1.3133070468902588,1.842334270477295,1.5496644973754883,1.7771241664886475,6.664001972467304e-05,4.1709034830699e-06,6.143023225196481e-05,2.4148365394514667e-06,5.209787472708227e-06,1.7560669436184332e-06,-0.2803655164560729,-0.1072411759879909,-0.62969958762879,0.9037039875984192,0.09990071505308151,0.4162001311779022,-0.010787582024931908,0,consistent_success
1000,curobo_threshold_N1000_K16,306,1,1,1.862500786781311,-2.9920167922973633,2.617860794067383,-0.017619092017412186,-0.6024755239486694,2.8494207859039307,0.005750709078711225,0.0002946973736021558,0.005796117617174951,0.0002975496087465706,4.540853846372612e-05,2.85223514441481e-06,-0.20774658872123472,-0.14232908854441517,0.30078406264640345,-0.38701698184013367,0.036095283925533295,0.7790287137031555,-0.4919646680355072,0,consistent_success
1000,curobo_threshold_N1000_K16,307,1,1,2.525869846343994,-0.09296586364507675,1.146459937095642,-1.2493879795074463,0.8281775712966919,-0.5051676630973816,0.00013328003944934608,1.3409640304045386e-05,0.0001624951183126375,1.3171378306389627e-05,2.921507886329141e-05,2.3826199765575852e-07,-0.9319672467929412,0.38214714841005815,-0.41357136361721264,-0.3850909471511841,-0.6033319234848022,0.25356197357177734,0.6506933569908142,0,consistent_success
1000,curobo_threshold_N1000_K16,308,1,1,0.6995856165885925,-3.5036890506744385,0.41771045327186584,0.4777630865573883,-1.043857455253601,-1.6889851093292236,6.998187984663673e-05,7.776703516110329e-06,3.0858504029001744e-05,7.040397847728103e-06,3.9123375817634985e-05,7.36305668382226e-07,-0.9129825239815746,-0.493475585991997,0.001428610940504206,-0.35387715697288513,0.7180356979370117,0.4518425762653351,0.39374351501464844,0,consistent_success
1000,curobo_threshold_N1000_K16,309,1,1,0.214813694357872,1.3413304090499878,1.418370008468628,0.37862658500671387,-0.7938211560249329,-2.3692851066589355,6.828570064953965e-05,4.441818754393721e-06,7.648165340777227e-05,6.502146373618259e-06,8.195952758232618e-06,2.060327619224538e-06,-0.3677263134028084,0.15373160106454034,-0.5660273456618897,-0.06750913709402084,0.4410848617553711,0.5516156554222107,0.7047033309936523,0,consistent_success
1000,curobo_threshold_N1000_K16,310,1,1,1.8298358917236328,-0.5974416732788086,-1.4657683372497559,0.5571261048316956,-0.7092137932777405,3.6991689205169678,0.00010745380052412656,3.3361065832474896e-05,0.00012682447900870026,3.157808532191564e-05,1.93706784845737e-05,1.782980510559258e-06,-0.31499150666680487,0.27551173104778065,0.9084749585171833,-0.3713895380496979,0.1484159231185913,0.896052360534668,-0.1926984041929245,0,consistent_success
1000,curobo_threshold_N1000_K16,311,1,1,0.1121157631278038,-1.1409542560577393,-0.800524890422821,1.4703352451324463,1.0743324756622314,1.811625599861145,0.00013493576034306898,3.255868994987575e-06,7.395627858702927e-05,2.4148365394514667e-06,6.097948175603971e-05,8.410324555361085e-07,0.14813547389113607,0.22584920609269563,1.1507600623694252,-0.2714843451976776,0.5189458727836609,0.17647017538547516,0.791106641292572,0,consistent_success
1000,curobo_threshold_N1000_K16,312,1,1,-2.8866310119628906,1.7309305667877197,-0.9551736116409302,4.837264060974121,-0.6713266372680664,0.03334296867251396,6.664001972467304e-05,6.012252690801141e-06,7.656518904755358e-05,4.353408482428142e-06,9.925169322880543e-06,1.658844208372999e-06,-0.26741438821533825,-0.31371901962274584,-1.0039246187219826,0.5481138825416565,0.6541669964790344,0.5150145888328552,0.07997903227806091,0,consistent_success
1000,curobo_threshold_N1000_K16,313,1,1,-0.9999291896820068,4.102517604827881,-0.5853587985038757,4.182311534881592,0.7891541123390198,-0.4459590017795563,0.00012287812012345967,1.1167687359298465e-05,7.245290780915138e-05,1.1581149199548762e-05,5.0425212314308284e-05,4.134618402502974e-07,-0.3408444364658157,0.9543393940943394,0.7564229383558827,0.0475148931145668,0.7909306287765503,0.4744257926940918,0.38352474570274353,0,consistent_success
1000,curobo_threshold_N1000_K16,314,1,1,-1.635831594467163,-1.3949815034866333,1.4820383787155151,1.7126173973083496,2.1511714458465576,-1.258412480354309,6.365778659755961e-05,8.954611611948737e-06,5.473451839676596e-05,7.443026089337887e-06,8.923268200793648e-06,1.5115855226108495e-06,0.07759521046034862,-0.553214070533352,0.6312642415408375,-0.26099303364753723,0.7690719962120056,0.5619187355041504,-0.15702949464321136,0,consistent_success
1000,curobo_threshold_N1000_K16,315,1,1,-1.5381425619125366,-0.3452737033367157,-1.020172357559204,-1.5979440212249756,2.438138723373413,2.788747787475586,5.9604644775390625e-05,1.6700981287506638e-05,8.817052760833683e-05,2.1293053117836167e-05,2.85658828329462e-05,4.592071830329529e-06,0.11494279425618226,-0.6509870582655802,1.0191494508622423,-0.15508203208446503,-0.427908718585968,0.5094733834266663,0.7302606105804443,0,consistent_success
1000,curobo_threshold_N1000_K16,316,1,1,-1.0833938121795654,-4.641567230224609,0.2109956443309784,-2.2519214153289795,-0.343575119972229,1.7980139255523682,0.0001341104507446289,2.146662508712776e-06,0.00012351784832728992,5.7905745997743736e-06,1.059260241733899e-05,3.6439120910615974e-06,0.13439761323682953,0.2818620922476151,-1.151562329817635,-0.21199136972427368,0.6675652265548706,0.346176415681839,0.6241620182991028,0,consistent_success
1000,curobo_threshold_N1000_K16,317,1,1,0.5021704435348511,-2.6067399978637695,-0.0573139563202858,4.698972225189209,3.733325719833374,-1.1466014385223389,0.0034657934975257376,3.1748701091591054e-05,0.003609475710563013,3.085420307475287e-05,0.00014368221303727533,8.944980168381858e-07,-1.0196364583815731,-0.46017677695249704,0.800053496903319,-0.28700578212738037,0.22065550088882446,-0.449349045753479,0.8167155385017395,0,consistent_success
1000,curobo_threshold_N1000_K16,318,1,1,-2.2464280128479004,1.1246006488800049,-0.922307550907135,-1.6886907815933228,1.1163089275360107,1.6517068147659302,0.00012287812012345967,7.165515915190323e-06,0.00018868525264343125,1.7075472925031877e-06,6.580713251997159e-05,5.457968622687135e-06,-0.43273674577533616,-0.8667973681820348,-0.46697430361290737,0.8553245067596436,0.222969189286232,0.05138785019516945,0.4648268222808838,0,consistent_success
1000,curobo_threshold_N1000_K16,319,1,1,0.12610852718353271,1.2789491415023804,-1.6683413982391357,-2.461714267730713,-1.5121911764144897,0.4486158490180969,6.664001972467304e-05,6.108139544449154e-06,9.440348485411501e-05,3.1945284701301985e-06,2.7763465129441973e-05,2.9136110743189554e-06,0.79900248579217,0.2719954059582474,-0.1570705948979043,0.535758376121521,-0.48269304633140564,0.6402894258499146,-0.2645748257637024,0,consistent_success
1000,curobo_threshold_N1000_K16,320,1,1,-0.2857683598995209,-1.5385061502456665,-2.9440677165985107,-2.7127246856689453,-1.3587844371795654,-2.280550956726074,0.25289104087278247,0.027764718976101832,0.2529024427121354,0.02776303543530516,1.1401839352942478e-05,1.6835407966736549e-06,-0.01965869731349488,0.19660442513156628,0.03963509033267501,-0.24171558022499084,0.9270758628845215,0.164430633187294,-0.2346625030040741,0,consistent_success
1000,curobo_threshold_N1000_K16,321,1,1,0.2840862572193146,-0.018958399072289467,1.7521289587020874,-1.3279250860214233,-1.8430688381195068,-2.1584136486053467,5.1619135632563484e-05,5.8002927917194266e-06,8.104553627773846e-05,8.706816964856289e-06,2.942640064517498e-05,2.9065241731368623e-06,0.33742796282863297,0.24348006371517458,-0.49718893702757166,0.05122917890548706,-0.4464367926120758,-0.33291664719581604,0.8289971351623535,0,consistent_success
1000,curobo_threshold_N1000_K16,322,1,1,0.7586580514907837,0.02896954119205475,0.31908950209617615,0.9963954091072083,-0.2587856650352478,-0.17933139204978943,8.940696716308594e-05,4.418183925333578e-06,7.939260428039292e-05,9.430238149809192e-06,1.0014362882693014e-05,5.012054224475614e-06,0.5746539327660415,0.8934125719756865,-0.0885954146898367,0.6598166823387146,-0.1035270243883133,-0.6038147807121277,-0.4351227581501007,0,consistent_success
1000,curobo_threshold_N1000_K16,323,1,1,0.45871272683143616,3.7860829830169678,-1.1021718978881836,5.557810306549072,-0.8431569337844849,-0.2820378839969635,0.00016858739115832577,1.4721868160302864e-05,0.0001537861393500738,1.2605816820395112e-05,1.480125180825198e-05,2.1160513399077514e-06,-1.0714290265349238,-0.2778854539904093,0.34958695386811117,0.7471328377723694,-0.3055555522441864,-0.24694021046161652,-0.5361426472663879,0,consistent_success
1000,curobo_threshold_N1000_K16,324,1,1,-2.659330129623413,-0.5792988538742065,1.516823172569275,-0.10025101900100708,0.3422323763370514,-2.9086897373199463,7.028863535651908e-05,7.135519162545255e-06,0.00010009190877951508,9.883144480908979e-06,2.9803273422995995e-05,2.747625318363724e-06,-0.579685885291684,-0.5865398141539562,-0.09944093565119724,0.36797118186950684,0.3049549460411072,0.7291394472122192,-0.4898523986339569,0,consistent_success
1000,curobo_threshold_N1000_K16,325,1,1,-0.6510621309280396,0.03766052424907684,-1.3813029527664185,-0.8674533367156982,0.7366839647293091,1.16001296043396,8.429369557916289e-05,1.2830268427714996e-05,8.137257887379445e-05,1.1952831047522336e-05,2.9211167053684405e-06,8.774373801926601e-07,0.774091245931014,-0.29781007816614213,0.7806521787792501,0.5493376851081848,-0.2395784705877304,0.41620200872421265,0.6838173270225525,0,consistent_success
1000,curobo_threshold_N1000_K16,326,1,1,1.212264060974121,2.0125155448913574,-2.0663609504699707,-0.5498338937759399,1.8937265872955322,-2.6075594425201416,9.541398782175747e-05,8.2869577154359e-06,7.103428587983101e-05,7.73124918760008e-06,2.4379701941926464e-05,5.557085278358205e-07,0.030911789809062534,0.4663087566111592,-0.44077425168397605,0.8770185112953186,-0.3525081276893616,0.3264537453651428,0.0021236236207187176,0,consistent_success
1000,curobo_threshold_N1000_K16,327,1,1,0.48430702090263367,-1.4585424661636353,1.8262611627578735,0.37005889415740967,-0.6410102248191833,-1.2878837585449219,4.214684778958144e-05,1.1964077895986969e-05,4.192522273049578e-05,6.830189170012755e-06,2.216250590856639e-07,5.133888725974214e-06,0.3175785865876727,0.4358221355762576,0.4811864409729175,-0.13774992525577545,-0.4010174870491028,0.37156736850738525,0.8259223103523254,0,consistent_success
1000,curobo_threshold_N1000_K16,328,1,1,1.8779523372650146,0.20703037083148956,-1.8396081924438477,0.0016824185149744153,2.160291910171509,-1.164958119392395,8.429369557916289e-05,4.557085312937953e-06,0.0001062075748963353,4.676310850554341e-06,2.191387931717241e-05,1.1922553761638868e-07,-0.31133889766450806,0.6088468129790118,0.6561582882172786,0.3898202180862427,0.2344989776611328,0.1736374944448471,0.873441755771637,0,consistent_success
1000,curobo_threshold_N1000_K16,329,1,1,-1.7643954753875732,0.9817858338356018,0.7897705435752869,1.4206528663635254,-0.2859050929546356,-0.6077300310134888,0.07314950198633596,0.24299433172866441,0.07314172876435066,0.24299289385070597,7.773221985307721e-06,1.4378779584489632e-06,0.198147241557406,-0.30137531869134565,-0.8281257682708805,-0.18525856733322144,0.5219561457633972,-0.48230457305908203,0.6786923408508301,0,consistent_success
1000,curobo_threshold_N1000_K16,330,1,1,-0.07463573664426804,1.8162459135055542,2.319917917251587,-1.0370053052902222,1.2215920686721802,-0.6466589570045471,0.02685371509869583,0.0044106213369621795,0.02690096196550183,0.004413722069009001,4.7246866805999294e-05,3.100732046821403e-06,-0.5358784537814446,0.2360840116844827,0.12546689821676343,0.6725738644599915,-0.44597578048706055,-0.5665737390518188,0.16656596958637238,0,consistent_success
1000,curobo_threshold_N1000_K16,331,1,1,-2.1461520195007324,-0.7483305335044861,0.5334306359291077,1.6316269636154175,2.4528884887695312,-2.3769590854644775,0.0004887944555775903,7.4945943207517535e-06,0.0005051163047048067,3.818191820832846e-06,1.632184912721648e-05,3.676402499918908e-06,-0.4131427422729894,-0.8074905972691233,0.5901000022087872,-0.41713857650756836,0.5856425166130066,0.6863144040107727,-0.1095026358962059,0,consistent_success
1000,curobo_threshold_N1000_K16,332,1,1,0.44791606068611145,-1.1243702173233032,-1.1375845670700073,1.405007004737854,2.656466484069824,0.731812596321106,0.19758063717745245,0.009759970966794618,0.1975967480365264,0.009762226715404668,1.611085907396448e-05,2.255748610050304e-06,-0.022045281804936867,0.08058370291866349,1.0770262501036714,0.3329223096370697,0.5296862125396729,-0.20767658948898315,0.7519745230674744,0,consistent_success
1000,curobo_threshold_N1000_K16,333,1,1,0.12227408587932587,-3.203817129135132,-0.34895312786102295,-1.290895700454712,-1.3040298223495483,0.33248358964920044,0.04966891719959676,0.053651902992710464,0.04965464097136234,0.053645692592039586,1.4276228234424981e-05,6.210400670877969e-06,-1.2752789328065919,0.03297056105777654,-0.06643488565290617,0.8344752788543701,-0.062114544212818146,-0.13432949781417847,-0.5307997465133667,0,consistent_success
1000,curobo_threshold_N1000_K16,334,1,1,2.710696220397949,-1.4835745096206665,-2.8957347869873047,3.804332733154297,-1.125862717628479,-3.4357080459594727,0.12385641457512975,0.015600047010129995,0.12386547899987158,0.015598083331100989,9.064424741828114e-06,1.963679029005558e-06,0.042860102458207046,-0.2436764646753547,0.05378399116320106,0.014302159659564495,-0.48360899090766907,0.7152206301689148,-0.5043582916259766,0,consistent_success
1000,curobo_threshold_N1000_K16,335,1,1,-2.321342706680298,0.8428137302398682,2.7845630645751953,-0.10101831704378128,-3.9986612796783447,-0.6481115221977234,0.015445064491359517,0.0016614568558188244,0.015444494603099624,0.0016678681786050547,5.698882598933336e-07,6.411322786230257e-06,0.1576245976897302,0.01716486531457473,0.07103866045764505,0.7202969193458557,-0.5378013849258423,-0.26249268651008606,-0.3507700264453888,0,consistent_success
1000,curobo_threshold_N1000_K16,336,1,1,-2.0757219791412354,1.6047656536102295,-1.5463149547576904,-0.47265753149986267,0.8862239122390747,0.39429140090942383,0.0,9.75131806677264e-06,8.856035679277828e-05,6.502146373618259e-06,8.856035679277828e-05,3.2491716931543818e-06,-0.12596460257278863,-0.6873254523750236,-0.5949485537002135,0.7977551817893982,0.5858719944953918,0.029354671016335487,0.1395670622587204,0,consistent_success
1000,curobo_threshold_N1000_K16,337,1,1,-2.999464273452759,1.013722538948059,-2.8248775005340576,-0.26677122712135315,1.7666598558425903,1.3192496299743652,6.828570064953965e-05,6.311204882419749e-06,8.010645854257625e-05,4.978313060379714e-06,1.1820757893036597e-05,1.3328918220400356e-06,-0.22139981264447517,-0.17916550560392014,0.29892571196938067,0.9632858037948608,-0.1416458636522293,0.22632332146167755,-0.028188910335302353,0,consistent_success
1000,curobo_threshold_N1000_K16,338,1,1,3.106344699859619,2.5666377544403076,-2.7564759254455566,3.2263336181640625,0.15882831811904907,-1.6026194095611572,0.010806364116433542,0.00020169689785600858,0.010808295314488094,0.00019809756505282847,1.93119805455208e-06,3.5993328031801055e-06,-0.030749532310817465,-0.2540438828222041,0.01602087237622272,0.49902087450027466,0.5648643970489502,-0.43499720096588135,0.4926295280456543,0,consistent_success
1000,curobo_threshold_N1000_K16,339,1,1,0.6622244715690613,1.8920648097991943,-2.7076234817504883,0.43735453486442566,1.3126072883605957,-0.7264100313186646,8.195638656616211e-05,1.2273722450889283e-05,4.641494043302723e-05,3.1945284701301985e-06,3.554144613313488e-05,9.079193980759084e-06,0.14071414425545486,0.347444222200637,-0.11129764653894786,0.5490709543228149,-0.05542397126555443,0.5642887353897095,0.6140256524085999,0,consistent_success
1000,curobo_threshold_N1000_K16,340,1,1,-2.757884979248047,-0.11254262179136276,1.3822656869888306,0.3656398355960846,-1.6036452054977417,1.8827908039093018,2.9802322387695312e-05,2.71307644904876e-06,4.610311948590485e-05,2.9575586669421963e-06,1.6300797098209537e-05,2.444822178934365e-07,-0.5594896882410921,-0.39940774956637065,-0.25110306365247237,-0.3401564359664917,-0.0328410267829895,0.015247628092765808,0.939671516418457,0,consistent_success
1000,curobo_threshold_N1000_K16,341,1,1,-1.8232531547546387,-1.24251389503479,2.253772020339966,0.3429604470729828,2.187110662460327,-0.24546770751476288,3.5613194171446594e-05,1.1872973782357878e-05,2.5777081051851222e-05,1.349934664190961e-05,9.836113119595371e-06,1.626372859551732e-06,0.006160677777349105,-0.4190871232065909,0.12325173350997484,0.0255153626203537,0.9471921920776367,-0.0360904298722744,-0.31760579347610474,0,consistent_success
1000,curobo_threshold_N1000_K16,342,1,1,-2.2762291431427,3.196000099182129,0.16457493603229523,-0.14776131510734558,-4.471299171447754,-0.9926390051841736,0.00021696418173178245,8.512664124517525e-06,0.000207872628805113,1.0731768324341125e-05,9.091552926669455e-06,2.2191041998236e-06,0.919026994019597,0.8602528808934904,0.4066832575668659,0.5415345430374146,-0.6569797992706299,-0.18391890823841095,-0.4912145137786865,0,consistent_success
1000,curobo_threshold_N1000_K16,343,1,0,-0.7013368606567383,-1.391210675239563,0.006686908192932606,1.8315527439117432,-2.0763564109802246,1.8990017175674438,5.408736877143383,0.5147577404065399,5.408649581985723,0.5147531809016609,8.729515765981688e-05,4.559504878987042e-06,0.14906677550966582,0.031747018158306696,1.227614294073123,0.827548086643219,-0.07126016914844513,-0.5565032958984375,-0.019755497574806213,0,reported_large_reeval_large
1000,curobo_threshold_N1000_K16,344,1,1,-0.7967885136604309,-1.9617810249328613,-0.13534463942050934,0.27807891368865967,-3.17720365524292,-0.6078721880912781,0.03204286258551292,0.015306108751981438,0.032073774443353825,0.015305599797048403,3.0911857840904e-05,5.089549330351828e-07,-0.23484323483476222,0.342925497381291,1.219568687673258,0.7044531106948853,0.3703894317150116,-0.5878627896308899,0.1448267251253128,0,consistent_success
1000,curobo_threshold_N1000_K16,345,1,1,-0.42155617475509644,-4.580714702606201,2.9054758548736572,-0.35865068435668945,4.017288684844971,-1.097123622894287,9.335550998912368e-05,6.982889177824936e-06,0.00011258303001755435,5.122641877509564e-06,1.9227520028430674e-05,1.860247300315372e-06,0.0384749537233059,0.09770040420970234,0.07811380056072885,0.32577160000801086,0.791133463382721,-0.466538667678833,0.22432656586170197,0,consistent_success
1000,curobo_threshold_N1000_K16,346,1,1,2.06915283203125,5.062985897064209,-0.5164225101470947,4.733704090118408,-0.4889964759349823,-1.7645756006240845,0.0002688382494397956,1.1609165854858568e-05,0.0003084171418230567,1.1326587362040649e-05,3.9578892383261056e-05,2.825784928179187e-07,-0.2833335722329793,0.0073970981252543914,1.3872509766059107,0.7219933271408081,0.1139117181301117,-0.6732020378112793,-0.1120215505361557,0,consistent_success
1000,curobo_threshold_N1000_K16,347,1,0,4.210951805114746,-2.0081357955932617,0.0024501183070242405,-0.6641339659690857,1.0465359687805176,3.1680572032928467,5.368032027035952,0.19213686323066848,5.368109391839621,0.19213970921531495,7.736480366915544e-05,2.8459846464767846e-06,0.43534886230572833,0.35564720461358845,1.3448634759960234,0.3257896304130554,0.34533578157424927,0.42781391739845276,0.7691420912742615,0,reported_large_reeval_large
1000,curobo_threshold_N1000_K16,348,1,1,-0.15979190170764923,-0.8411360383033752,0.8170313835144043,0.7883841395378113,2.9694700241088867,-0.8642882704734802,7.450580596923828e-06,1.245008944953055e-05,2.539954811805499e-05,6.3890569402603996e-06,1.7948967521131163e-05,6.061032509270151e-06,0.9114565523326948,-0.07284905271211423,0.5028295166787256,0.4489953815937042,0.5247177481651306,0.5328541398048401,-0.48902034759521484,0,consistent_success
1000,curobo_threshold_N1000_K16,349,1,1,0.9890289306640625,1.765284776687622,-0.7065520286560059,-1.2074956893920898,0.6356887817382812,-2.6179723739624023,0.00012128666071475891,8.329048921646014e-06,0.00011571026840678595,8.79013768592829e-06,5.576392307972961e-06,4.6108876428227714e-07,-0.07069101358992869,0.32587565297045873,-1.0783642751703095,0.68464195728302,-0.6751071214675903,0.015181516297161579,0.2743452191352844,0,consistent_success
1000,curobo_threshold_N1000_K16,350,1,1,-0.6286618113517761,-0.4615752696990967,2.4875597953796387,0.44523677229881287,-1.0506871938705444,-0.1474142223596573,3.315778229762145e-05,4.280575929373749e-06,6.706713470658501e-05,0.0,3.390935240896356e-05,4.280575929373749e-06,0.35561767452949133,0.000786964610868387,0.026200814060657503,-0.4398840069770813,0.4159252643585205,-0.23967678844928741,0.7589883208274841,0,consistent_success
1000,curobo_threshold_N1000_K16,351,1,1,-1.2712786197662354,0.6913692355155945,1.0445138216018677,-0.33657822012901306,-2.1223740577697754,0.2782411277294159,4.71216097253091e-05,6.4321555247351924e-06,7.210647976792503e-05,3.818191820832846e-06,2.498487004261593e-05,2.6139637039023468e-06,0.18424662694606164,-0.20476731111310173,-0.769795500557056,-0.2954600155353546,-0.272166907787323,0.07951357960700989,0.9123081564903259,0,consistent_success
1000,curobo_threshold_N1000_K16,352,1,1,-1.235284686088562,-0.2683757245540619,-2.9107327461242676,0.6533322334289551,2.053969144821167,0.7305513024330139,9.215859364530843e-05,1.1833821103340187e-05,8.426640120027279e-05,1.0663629423853027e-05,7.89219244503564e-06,1.1701916794871602e-06,0.12040425290876633,0.022520356430821432,0.4097227721766652,0.6868565082550049,-0.47922733426094055,-0.1207902580499649,0.5328968167304993,0,consistent_success
1000,curobo_threshold_N1000_K16,353,1,1,1.644433617591858,-0.25503745675086975,0.9186955094337463,2.572706699371338,-2.8306198120117188,-0.3209727704524994,0.0005537666538657504,0.00037123778495103116,0.0006606113184213538,0.0003682328804568155,0.0001068446645556034,3.004904494215664e-06,-0.15556540806181984,1.0735288572983774,0.041669058489411756,-0.4857814908027649,0.6639158725738525,-0.27146080136299133,0.49954086542129517,0,consistent_success
1000,curobo_threshold_N1000_K16,354,1,1,-2.4969100952148438,-1.670841097831726,2.5363430976867676,2.2188518047332764,1.623076319694519,-0.11533021926879883,7.028863535651908e-05,1.0034714547110773e-05,6.068787555264243e-05,6.9360898910140305e-06,9.600759803876652e-06,3.098624656096743e-06,-0.07329038507190706,-0.254183527447218,0.41072184276164697,0.6048340797424316,-0.674971342086792,0.2701449692249298,-0.3249785602092743,0,consistent_success
1000,curobo_threshold_N1000_K16,355,1,1,-1.270956039428711,0.17090655863285065,-2.424365520477295,-0.3173102140426636,-2.2911536693573,-2.9841361045837402,7.450580596923828e-05,7.596827220655723e-06,5.127276494361975e-05,6.830189170012755e-06,2.323304102561853e-05,7.666380506429676e-07,0.20569900046791237,-0.3162177323076773,0.5271735628787054,0.5070807933807373,0.831216037273407,-0.1101183071732521,-0.1995568424463272,0,consistent_success
1000,curobo_threshold_N1000_K16,356,1,1,-2.3179023265838623,-0.9649850726127625,0.6753509640693665,2.5761148929595947,0.002149212406948209,0.6987602114677429,0.015950703527778387,0.012841378460828806,0.015996007884858037,0.01284482089294474,4.5304357079650054e-05,3.4424321159343824e-06,-0.36216727578009716,-0.7679444949443142,0.8696006756460707,-0.23194199800491333,0.3335283696651459,-0.6240924596786499,0.6674356460571289,0,consistent_success
1000,curobo_threshold_N1000_K16,357,1,1,1.9079558849334717,-0.22219930589199066,1.7290172576904297,1.3209506273269653,0.43804800510406494,-0.0022789807990193367,8.429369557916289e-05,3.6798580020208718e-06,9.112440780636428e-05,2.9575586669421963e-06,6.830712227201397e-06,7.222993350786755e-07,-0.41896496588825966,0.4472108442742416,-0.21098300216319146,-0.3452933132648468,0.1956353485584259,0.7260836362838745,-0.5615174770355225,0,consistent_success
1000,curobo_threshold_N1000_K16,358,1,1,2.609884023666382,1.1076773405075073,-2.3289806842803955,1.7712684869766235,0.43827372789382935,0.9135295152664185,7.174443084068116e-05,9.440914656967766e-06,6.825982621668785e-05,9.583585410390605e-06,3.4846046239933105e-06,1.426707534228393e-07,-0.5066492040340422,0.010961099828923314,-0.0016210576717200463,0.6037280559539795,0.30777281522750854,-0.7184551358222961,0.15687759220600128,0,consistent_success
1000,curobo_threshold_N1000_K16,359,1,1,1.6981102228164673,-0.0007153373444452882,1.3839857578277588,0.7844387888908386,3.2531545162200928,-2.5731914043426514,2.9802322387695312e-05,2.1046812224724536e-06,4.004552603916057e-05,3.818191820832846e-06,1.0243203651465256e-05,1.713510598360392e-06,-0.15156402477553826,0.6144994982074329,-0.36100523699926257,-0.05860557407140732,0.6696339249610901,0.07450544089078903,0.7366170883178711,0,consistent_success
1000,curobo_threshold_N1000_K16,360,1,1,1.1633399724960327,0.1389552354812622,2.1895840167999268,-1.5946121215820312,2.8725249767303467,3.136437177658081,2.9831980355083942,0.6071102756390161,2.983189057107944,0.6071074057240913,8.978400450221358e-06,2.869914924819028e-06,-0.010749559195336503,0.17201180418582493,-0.47560793823313524,-0.19943925738334656,0.6636644601821899,-0.3899487853050232,0.6063937544822693,0,consistent_success
1000,curobo_threshold_N1000_K16,361,1,1,1.5283544063568115,-1.2548227310180664,-1.2873715162277222,1.8843514919281006,-0.047505561262369156,-1.2073496580123901,0.010111467418028042,0.0030560456642895546,0.010125918387099423,0.0030608260330603028,1.4450969071381353e-05,4.780368770748115e-06,-0.264922142353758,-0.2040272696347466,0.9376309275989424,-0.10368292033672333,0.7098372578620911,0.10328110307455063,-0.6889948844909668,0,consistent_success
1000,curobo_threshold_N1000_K16,362,1,1,4.582392692565918,-0.011364366859197617,0.7280092835426331,-2.794154405593872,1.254108190536499,2.5749213695526123,7.233205678858212e-05,4.367805160512193e-06,8.813828000187295e-05,4.978313060379714e-06,1.5806223213290832e-05,6.105078998675204e-07,0.048159702744513026,-1.1177985560558972,-0.10890968298063247,0.36345216631889343,0.0954110398888588,0.2747075855731964,0.8850621581077576,0,consistent_success
1000,curobo_threshold_N1000_K16,363,1,1,-0.11253415793180466,-0.0027181284967809916,-0.7632129788398743,-1.6951138973236084,-1.3648276329040527,-0.19857344031333923,0.00011926748300084,4.247888173023788e-06,6.18532283889152e-05,5.533085616490782e-06,5.741425461192481e-05,1.285197443466994e-06,1.1805653429487608,0.05054332813570872,0.5588242629245372,-0.3272516429424286,0.6914611458778381,-0.5743179321289062,0.29145628213882446,0,consistent_success
1000,curobo_threshold_N1000_K16,364,1,1,1.689019799232483,-0.482308566570282,0.9966466426849365,1.495097279548645,2.811480760574341,0.4916473925113678,6.143906006172983e-05,1.4982223786528726e-05,5.505626341609694e-05,7.73124918760008e-06,6.382796645632892e-06,7.250974598928646e-06,-0.18505024083784177,0.9075105334582323,0.15169478317798757,0.5943624973297119,0.02314876765012741,0.8038626313209534,0.0014863547403365374,0,consistent_success
1000,curobo_threshold_N1000_K16,365,1,1,-3.5584309101104736,-0.5622262954711914,2.3389434814453125,0.7933500409126282,1.2847026586532593,-1.8587952852249146,8.161702425013573e-05,1.1890527594422562e-05,8.428034084534656e-05,1.668685248064749e-05,2.663316595210834e-06,4.796324886224929e-06,-0.318119885609186,-0.0668903078990648,-0.05720227509127722,0.2811253070831299,0.8625930547714233,-0.12408784031867981,0.4018755257129669,0,consistent_success
1000,curobo_threshold_N1000_K16,366,1,1,-2.5538747310638428,-0.192305788397789,1.7371283769607544,-1.3998074531555176,0.6643051505088806,-2.0328075885772705,0.00010745380052412656,2.2268356105904128e-05,9.207095680060518e-05,1.6108968939569467e-05,1.5382843723521383e-05,6.15938716633466e-06,-0.4140366344134146,-0.560078989951165,-0.45053967297410846,0.3675278127193451,0.44504016637802124,0.5886294841766357,-0.5660193562507629,0,consistent_success
1000,curobo_threshold_N1000_K16,367,1,1,-1.698811411857605,-2.4077072143554688,2.7238378524780273,2.05163311958313,2.0690643787384033,-0.6630566120147705,0.11251181422267109,0.010101181938024398,0.11250763812691311,0.01009881841538302,4.176095757979503e-06,2.36352264137811e-06,0.12508032396900443,0.03361244270354537,0.38542177966409114,-0.4345426857471466,0.8361613154411316,0.3283541202545166,-0.06473421305418015,0,consistent_success
1000,curobo_threshold_N1000_K16,368,1,1,5.863400459289551,-1.7203189134597778,-0.9453781247138977,-2.451528549194336,0.39058810472488403,0.34437334537506104,0.00017881393432617188,1.2772781097736103e-05,0.00011919396353686607,1.6730478313215042e-05,5.961997078930581e-05,3.957697215478939e-06,-0.5307164664275134,0.509756572599315,0.9168254347027565,-0.24814742803573608,0.704707682132721,0.4223331809043884,0.5132685899734497,0,consistent_success
1000,curobo_threshold_N1000_K16,369,1,1,-1.6877301931381226,-2.022019386291504,-1.1089062690734863,-0.612102210521698,2.390509605407715,-2.239365577697754,0.00025981063345170696,1.5504324101709814e-05,0.00032815402263003005,1.1390761175093017e-05,6.834338917832309e-05,4.113562926616797e-06,0.20747895163131236,0.9386899273160884,0.743948043436039,-0.4892650544643402,0.23380586504936218,0.7990015745162964,0.25990578532218933,0,consistent_success
1000,curobo_threshold_N1000_K16,370,1,1,-2.774784803390503,-0.3695906698703766,1.9699681997299194,0.6975380182266235,0.8762139678001404,-3.922313690185547,6.664001972467304e-05,3.4538307894718567e-06,6.56361869597039e-05,7.344438609485204e-06,1.0038327649691424e-06,3.890607820013347e-06,-0.31230678545300383,-0.3588303029465288,-0.19968986808932787,0.45389050245285034,0.3029364049434662,0.8338063359260559,-0.08354631811380386,0,consistent_success
1000,curobo_threshold_N1000_K16,371,1,1,0.30826523900032043,0.5761552453041077,-2.949140787124634,1.3452023267745972,1.6264632940292358,0.5697881579399109,4.470348358154297e-05,1.7528819520441456e-06,8.675350445271757e-05,4.182619578303747e-06,4.20500208711746e-05,2.4297376262596013e-06,0.18851681214416835,0.22669433048178828,0.21073660709902414,0.33394449949264526,0.22898311913013458,0.14195780456066132,0.9032694697380066,0,consistent_success
1000,curobo_threshold_N1000_K16,372,1,1,-2.813812732696533,-0.7962585091590881,2.817178964614868,-1.6291766166687012,-1.530698299407959,2.605841875076294,0.0014975169051467674,0.0001735367890297426,0.0015172084928339342,0.0001775315495481469,1.9691587687166792e-05,3.9947605184043045e-06,0.00690775549082806,-0.17471359344902404,-0.022333003335699778,0.5148054957389832,-0.5156893730163574,0.20813117921352386,-0.6524730920791626,0,consistent_success
1000,curobo_threshold_N1000_K16,373,1,1,0.5768157839775085,-2.0778400897979736,-0.7686659693717957,0.5781709551811218,3.6542723178863525,2.676058053970337,0.0004349505786649388,1.1775091270591653e-05,0.0004833937950075897,4.829673078902934e-06,4.844321634265089e-05,6.945418191688719e-06,-0.654981447499597,-0.3264175834835859,0.868394148990364,0.5502241253852844,0.37837865948677063,0.7381062507629395,-0.09634416550397873,0,consistent_success
1000,curobo_threshold_N1000_K16,374,1,1,-0.2617664337158203,0.4822379946708679,0.7374029159545898,1.1980339288711548,-1.8183077573776245,0.6383057236671448,0.0001341104507446289,5.506428673369161e-06,0.0001931698559636893,4.676310850554341e-06,5.9059405219060406e-05,8.301178228148198e-07,0.741142767813571,-0.05222457015993981,-0.5480092162178494,0.7196329832077026,-0.02792835235595703,0.4220777750015259,-0.5506348609924316,0,consistent_success
1000,curobo_threshold_N1000_K16,375,1,1,-2.839340925216675,0.724643886089325,-1.9430809020996094,0.03483842685818672,0.2693917751312256,1.6601251363754272,6.143906006172983e-05,1.2172999932792449e-05,6.699014872561794e-05,1.2605816820395112e-05,5.551088663888109e-06,4.328168876026634e-07,-0.6618771584050644,-0.47119706353241936,0.2377970541230875,0.7432045340538025,0.6073296070098877,-0.08904718607664108,0.26621100306510925,0,consistent_success
1000,curobo_threshold_N1000_K16,376,1,1,0.1476580798625946,1.8346796035766602,-1.4685381650924683,-2.5516622066497803,-0.7674046754837036,0.07740076631307602,0.00013328003944934608,1.3358890661103706e-05,0.0001605735376574005,7.636383641665695e-06,2.7293498208054412e-05,5.722507019438011e-06,0.4667835125449477,0.30226211645480316,-0.6539725382670052,-0.45001959800720215,0.7223774194717407,-0.5116214752197266,-0.11788421124219894,0,consistent_success
1000,curobo_threshold_N1000_K16,377,1,1,-0.12625138461589813,-0.9587006568908691,-1.9807320833206177,0.7411642670631409,-1.3076353073120117,0.4337325692176819,0.0001747713156419195,1.59350100846804e-05,0.00016372033150131247,2.0738089811501745e-05,1.1050984140607031e-05,4.803079726821344e-06,-0.038907197643144056,0.19437127237851123,0.7389582789396301,0.3206048905849457,-0.49197691679000854,0.8054693937301636,-0.07993913441896439,0,consistent_success
1000,curobo_threshold_N1000_K16,378,1,1,-2.2338249683380127,0.15222607553005219,2.199200391769409,-1.4523420333862305,0.02176695689558983,0.22346118092536926,2.268492477014661,0.24485222322418723,2.2684945416082423,0.244849260649588,2.064593581430074e-06,2.9625745992245545e-06,0.13064352484297576,-0.24514364258074534,-0.44570025219982046,0.3724547028541565,0.7092650532722473,-0.07979803532361984,0.5931718945503235,0,consistent_success
1000,curobo_threshold_N1000_K16,379,1,1,-1.103222131729126,0.6801115870475769,1.6989226341247559,0.6842656135559082,-2.67384934425354,0.15933744609355927,3.9673643186688423,0.39710356980654476,3.9673729677235325,0.39710545340013714,8.649054690224034e-06,1.8835935923777747e-06,0.11195334447754039,-0.04937342182468997,-0.5344891604523679,0.14337705075740814,-0.2890262007713318,-0.6316208839416504,0.7049552798271179,0,consistent_success
1000,curobo_threshold_N1000_K16,380,1,1,-2.2048377990722656,-0.43525201082229614,1.4562665224075317,0.9873327612876892,-2.012815475463867,2.3424317836761475,2.986047320518992e-05,1.045416670916868e-05,4.3469314294011545e-05,6.6133022267264155e-06,1.3608841088821626e-05,3.840864482442264e-06,-0.36442684339895604,-0.7057628896856741,0.02189014383103776,0.6869155168533325,0.22868101298809052,-0.19579802453517914,-0.6614493131637573,0,consistent_success
1000,curobo_threshold_N1000_K16,381,1,1,-0.9494382739067078,0.13132794201374054,-1.9049859046936035,0.37744998931884766,-1.1361236572265625,-1.0232138633728027,6.664001972467304e-05,1.7130654378311148e-05,9.578337457330006e-05,2.2394272795856104e-05,2.914335484862702e-05,5.2636184175449565e-06,0.5088206969881809,-0.36236772510296017,0.5052702832022058,-0.22747738659381866,0.699948787689209,-0.6757822036743164,-0.04054867476224899,0,consistent_success
1000,curobo_threshold_N1000_K16,382,1,1,2.141505479812622,0.6172723770141602,-2.900608777999878,3.274750232696533,1.0800330638885498,-1.7370812892913818,1.9819762092083693,0.1762014315874337,1.9819644883735361,0.17619962987319698,1.1720834833139904e-05,1.8017142367210415e-06,-0.21203835284005457,-0.04995089552495636,0.07485019506053407,0.04290589317679405,0.8780223727226257,-0.3122631013393402,-0.3601771295070648,0,consistent_success
1000,curobo_threshold_N1000_K16,383,1,1,-3.0836904048919678,-4.106723308563232,0.8383287191390991,-2.282104015350342,3.7198705673217773,1.4228883981704712,0.00015360895133653685,1.4583673517393149e-05,0.00016110604472057062,1.3226604453452851e-05,7.497093384033768e-06,1.3570690639402974e-06,1.0342649218633102,-0.02692462764385334,-0.5005154295969411,-0.15740588307380676,0.3112417161464691,0.46939581632614136,0.8111840486526489,0,consistent_success
1000,curobo_threshold_N1000_K16,384,1,1,-4.511125564575195,0.6586754322052002,1.7296870946884155,3.814335346221924,0.448281854391098,2.639448642730713,1.839101081714034,0.2377645679389767,1.839146365001918,0.2377687811005335,4.5283287883890466e-05,4.213161556798628e-06,-0.2633390388807193,0.06413502514890045,-0.7507121950152343,0.6701257824897766,-0.40285971760749817,-0.5643664598464966,0.26481303572654724,0,consistent_success
1000,curobo_threshold_N1000_K16,385,1,1,-0.5948082804679871,1.1700153350830078,0.41608530282974243,-0.238058939576149,-0.946677565574646,0.15531755983829498,1.4901161193847656e-05,5.844762747498026e-06,0.00010847916139884346,2.091309789151873e-06,9.35780002049958e-05,3.7534529583461527e-06,0.20540829645894426,0.12402026218049172,-0.9610264695167194,-0.47811204195022583,0.2375912070274353,0.21871435642242432,0.8167761564254761,0,consistent_success
1000,curobo_threshold_N1000_K16,386,1,1,-0.9837742447853088,1.0223897695541382,0.26645752787590027,-0.20832917094230652,-1.0318772792816162,-0.782698392868042,2.9802322387695312e-05,4.239223222516233e-06,0.0001327091362830176,9.195423586105984e-06,0.00010290681389532228,4.956200363589751e-06,0.3636323392137538,-0.16519564355959726,-0.9293263580436949,0.15564028918743134,0.05203969031572342,0.34454432129859924,0.9243144392967224,0,consistent_success
1000,curobo_threshold_N1000_K16,387,1,1,-3.0547587871551514,0.05295221135020256,0.8708451986312866,3.3063266277313232,0.4563903510570526,5.016244411468506,0.00012644053981603065,7.492235519622231e-06,3.333424259266692e-05,4.517745487845102e-06,9.310629722336373e-05,2.974490031777129e-06,-1.0144672938906711,-0.3359494430451114,-0.2720684278507208,-0.03609717637300491,0.1458759605884552,-0.532444417476654,0.8330187201499939,0,consistent_success
1000,curobo_threshold_N1000_K16,388,1,1,3.1631247997283936,0.0946853756904602,0.27774837613105774,5.926749229431152,2.9658236503601074,-1.9238003492355347,9.685754776000977e-05,5.9265493116878e-06,0.00011804473663280273,9.809112393710968e-06,2.118718887279296e-05,3.8825630820231685e-06,-1.1547507556133414,-0.09804654418831563,-0.25475449198833744,0.5402227640151978,-0.6206018328666687,0.34095752239227295,0.4547094702720642,0,consistent_success
1000,curobo_threshold_N1000_K16,389,1,1,-2.7007522583007812,-0.03430375084280968,-1.2133523225784302,1.4113966226577759,-0.39888161420822144,-1.731703758239746,5.9604644775390625e-05,6.787452692868862e-06,3.765122287248631e-05,2.4148365394514667e-06,2.1953421902904314e-05,4.372616153417396e-06,-0.5623034277834518,-0.5405143187560287,0.5826540410934875,0.6790509819984436,0.24301856756210327,0.6397550106048584,-0.265603631734848,0,consistent_success
1000,curobo_threshold_N1000_K16,390,1,1,-5.702820301055908,4.017816543579102,-2.67142653465271,3.043659210205078,4.365123748779297,-1.7319307327270508,0.1711636723484844,0.024668490505177245,0.17116948802427698,0.024668722584417973,5.81567579258091e-06,2.3207924072787822e-07,-0.17897469678244132,0.040974344304557514,-0.006051649244469243,0.13379397988319397,0.9162569046020508,0.3263494372367859,0.18991707265377045,0,consistent_success
1000,curobo_threshold_N1000_K16,391,1,1,1.5603036880493164,2.9589455127716064,-0.4411448836326599,4.202075004577637,-1.8990516662597656,-1.2877196073532104,7.450580596923828e-05,1.1411550918945629e-05,0.00011913382422100912,1.5696437506434578e-05,4.462801825177084e-05,4.284886587488949e-06,-0.14674076400346026,-1.1928856324393367,-0.38607903420993867,0.7159649133682251,0.34334155917167664,0.42654022574424744,-0.4330984652042389,0,consistent_success
1000,curobo_threshold_N1000_K16,392,1,1,-3.568303346633911,0.22666001319885254,2.0780885219573975,-0.636466383934021,1.1814948320388794,-2.5352118015289307,0.00019880629054114252,5.418656356157747e-06,0.00021351791091360082,6.156649318399953e-06,1.4711620372458308e-05,7.379929622422057e-07,-0.16386534844545037,-0.14402902101615345,-0.508817587413353,0.17894716560840607,0.9472500085830688,0.2512136697769165,-0.08710385859012604,0,consistent_success
1000,curobo_threshold_N1000_K16,393,1,1,-1.661666989326477,-0.43488046526908875,1.850790023803711,-1.4107016324996948,-4.026788234710693,1.5739320516586304,5.9604644775390625e-05,9.436810163873557e-06,5.301731428134095e-05,1.0029569411827041e-05,6.587330494049672e-06,5.927592479534844e-07,0.04032990377081881,-0.7207192807325684,-0.29638228819149526,0.6507745385169983,0.2741124927997589,-0.6533589363098145,0.27290454506874084,0,consistent_success
1000,curobo_threshold_N1000_K16,394,1,1,-2.3393795490264893,0.609506368637085,1.9110101461410522,0.38940587639808655,1.308550238609314,-0.564030110836029,0.072162838478107,0.004256293829650603,0.07214357541545487,0.004262326216139829,1.926306265213895e-05,6.032386489225605e-06,0.1884140038823523,-0.07527033443735714,-0.46390895438845087,-0.4203236401081085,0.7650076746940613,-0.1601182073354721,0.46092671155929565,0,consistent_success
1000,curobo_threshold_N1000_K16,395,1,1,-1.801247000694275,0.06287042796611786,-1.916993498802185,-0.5757129192352295,0.6368271112442017,1.6875958442687988,9.215859364530843e-05,7.324312003104938e-06,8.942003212181991e-05,8.706816964856289e-06,2.738561523488514e-06,1.3825049617513508e-06,0.12102503867460085,-0.5264201746682841,0.7617521425221039,0.7305437326431274,0.12150899320840836,0.5394757986068726,0.4006335735321045,0,consistent_success
1000,curobo_threshold_N1000_K16,396,1,1,-2.8545455932617188,0.7771546244621277,2.7789499759674072,-0.5113919377326965,-1.9031387567520142,-2.661247968673706,9.453727045638516e-05,1.8333266783804668e-06,7.28816872064845e-05,8.45192788808014e-06,2.1655583249900656e-05,6.618601209699673e-06,0.04938548853633182,-0.12499208835537559,0.05221055648108596,0.6287182569503784,0.32668042182922363,-0.5895439982414246,-0.38785454630851746,0,consistent_success
1000,curobo_threshold_N1000_K16,397,1,1,0.15493175387382507,-1.2709523439407349,-0.4306071996688843,1.567051887512207,-2.04805326461792,-2.59918475151062,0.00026822738163900794,7.506617937002934e-06,0.0002667049757530388,8.537736462515945e-06,1.5224058859691523e-06,1.0311185255130118e-06,0.02125451470003077,0.1263828313521575,1.1537706293574466,0.1091405376791954,-0.520569384098053,-0.5371836423873901,0.6546216607093811,0,consistent_success
1000,curobo_threshold_N1000_K16,398,1,1,1.9193055629730225,2.19758677482605,-0.9280683398246765,-1.6294361352920532,-0.7505813837051392,-0.8033730387687683,0.00017881393432617188,8.011508041802685e-06,0.00013771310491176274,5.7905745997743736e-06,4.110082941440914e-05,2.2209334420283114e-06,-0.14668155799026544,-0.2738020342100274,-1.0453251066370441,0.4345702826976776,0.7560058236122131,0.22037623822689056,-0.4370791018009186,0,consistent_success
1000,curobo_threshold_N1000_K16,399,1,1,3.3599836826324463,1.2958285808563232,0.5269038081169128,-0.5695838332176208,-0.29403170943260193,-4.048739910125732,0.023623844754183665,0.0012945487777667756,0.023626632152364532,0.001296285963863614,2.787398180867373e-06,1.7371860968383793e-06,0.14713466521896776,-0.22564219437753585,-1.0266990484161644,-0.25324904918670654,-0.006049299146980047,-0.6019172668457031,0.75731360912323,0,consistent_success
1000,curobo_threshold_N1000_K16,400,1,1,-0.020341478288173676,-0.3699701428413391,0.6568623781204224,0.6859115958213806,-1.2399988174438477,1.5474683046340942,6.143906006172983e-05,2.757875961181233e-06,9.794579895289782e-05,3.1945284701301985e-06,3.650673889116798e-05,4.366525089489654e-07,0.9785267298363777,0.1740200265080678,0.19357792308800686,0.9413073658943176,-0.15690672397613525,-0.2907758355140686,-0.06906624883413315,0,consistent_success
1000,curobo_threshold_N1000_K16,401,1,1,1.1677403450012207,1.9475703239440918,-2.982823371887207,-1.5245826244354248,-1.4009253978729248,0.6489195227622986,2.993951318785548,0.2625893707250641,2.993959286232786,0.2625875635240708,7.967447237966496e-06,1.8072009932978972e-06,-0.08278875636562369,0.2582620420741212,0.09886698644380408,-0.45814746618270874,0.7795403599739075,-0.40604469180107117,-0.13245919346809387,0,consistent_success
1000,curobo_threshold_N1000_K16,402,1,1,1.0714035034179688,-2.6128692626953125,2.5755105018615723,0.5936838388442993,-1.4777122735977173,-1.4828743934631348,0.014847234524495434,0.0009526129535450913,0.014871420432964343,0.0009536112750112903,2.418590846890896e-05,9.983214661989223e-07,-0.19720503538612094,-0.0013049661685313602,0.4076120695738338,-0.45934420824050903,-0.4469459354877472,-0.1932557225227356,0.7428960204124451,0,consistent_success
1000,curobo_threshold_N1000_K16,403,1,1,1.9304863214492798,0.4988293945789337,-2.0440821647644043,-1.5497312545776367,-1.5014537572860718,0.4240454137325287,8.429369557916289e-05,6.3595391358030135e-06,6.352059518175246e-05,6.3890569402603996e-06,2.0773100397410423e-05,2.951780445738603e-08,-0.3879758814063611,0.5478046891634993,0.5179226591308044,0.6281402707099915,-0.7233529686927795,-0.0006620693020522594,0.28670522570610046,0,consistent_success
1000,curobo_threshold_N1000_K16,404,1,1,-2.414623737335205,0.01839536800980568,1.7738916873931885,-0.7426395416259766,-0.1882227212190628,0.2804062068462372,5.625064858350015e-05,1.029632733210225e-05,0.0001032426836012371,5.7905745997743736e-06,4.699203501773695e-05,4.505752732327876e-06,-0.11272065424582413,-0.4408874550428617,-0.48491933292301853,0.3647233843803406,0.6270121335983276,-0.1603713035583496,0.6694129109382629,0,consistent_success
1000,curobo_threshold_N1000_K16,405,1,1,-0.5398844480514526,-0.7759655714035034,-0.8008201122283936,0.7142747640609741,-1.946569561958313,1.2570946216583252,6.143906006172983e-05,7.939777526404826e-06,2.873918635995121e-05,6.830189170012755e-06,3.269987370177862e-05,1.1095883563920704e-06,0.4661368464227783,-0.1276652604453749,0.9878333834524508,-0.38264477252960205,0.039624568074941635,0.9228610396385193,-0.01844986341893673,0,consistent_success
1000,curobo_threshold_N1000_K16,406,1,1,-1.7970386743545532,-0.987250804901123,0.842983603477478,0.8438827991485596,-1.9020847082138062,0.8697990775108337,0.00019288947328277573,7.065641002193879e-06,0.00015907760427876397,1.2835032264144347e-05,3.3811869004011754e-05,5.769391261950468e-06,-0.04047017114646287,-0.7729706893068743,0.6879213357235681,-0.348800927400589,0.08922538161277771,0.43310976028442383,0.8263127207756042,0,consistent_success
1000,curobo_threshold_N1000_K16,407,1,1,-0.5537753701210022,2.8163132667541504,-1.0553919076919556,-2.3482131958007812,2.562565565109253,0.8549107909202576,8.429369557916289e-05,3.5552307402714063e-06,3.847971511100909e-05,3.6222548091772005e-06,4.58139804681538e-05,6.702406890579418e-08,-0.4493442365868574,0.37985178294352784,-0.698624023773886,0.6406941413879395,0.44789350032806396,-0.3844275176525116,0.4910375773906708,0,consistent_success
1000,curobo_threshold_N1000_K16,408,1,1,0.07000436633825302,2.332620143890381,-0.8173632621765137,-3.3700788021087646,1.982121467590332,-0.19001124799251556,3.071953003086492e-05,1.969116313062247e-06,0.00010197931479886903,1.7075472925031877e-06,7.125978476800411e-05,2.6156902055905913e-07,-0.31142222951588616,0.10555260078675817,-0.7734019892221877,0.7059197425842285,0.07583064585924149,-0.23305657505989075,0.6645386815071106,0,consistent_success
1000,curobo_threshold_N1000_K16,409,1,1,0.7413848042488098,-2.4804418087005615,1.7709800004959106,1.445141315460205,-2.2525634765625,0.16819506883621216,7.75182726897583e-05,9.215020162604499e-06,8.627394931521404e-05,5.263014220319209e-06,8.755676625455731e-06,3.952005942285289e-06,-0.20390017440966152,-0.043192744284853514,0.8381606402131022,0.8588422536849976,0.48181653022766113,0.08552791178226471,-0.15141938626766205,0,consistent_success
1000,curobo_threshold_N1000_K16,410,1,1,-0.36199304461479187,1.0980316400527954,-0.6327775120735168,-0.7456833720207214,-0.24326613545417786,-0.7468283772468567,6.143906006172983e-05,4.121508298422649e-06,4.4551309143540114e-05,3.1945284701301985e-06,1.688775091818972e-05,9.269798282924503e-07,0.8386727867118865,-0.046600325852338434,-0.791660760295525,0.3707325756549835,-0.31486597657203674,0.6589328646659851,0.5737806558609009,0,consistent_success
1000,curobo_threshold_N1000_K16,411,1,1,0.9923095703125,-0.0868825688958168,1.1404470205307007,1.9523732662200928,-1.0352710485458374,-0.4070635735988617,2.9802322387695312e-05,7.532874153787101e-06,5.640418999704725e-05,9.115808030550376e-06,2.6601867609351934e-05,1.5829338767632751e-06,0.3458195903801152,0.9154728434645593,-0.1916724689167004,0.7224162220954895,-0.6488608121871948,-0.14431478083133698,-0.19044078886508942,0,consistent_success
1000,curobo_threshold_N1000_K16,412,1,1,-1.3481736183166504,-0.9354918599128723,-1.0384840965270996,1.9588600397109985,1.6987605094909668,1.5972304344177246,9.541398782175747e-05,9.4637633546884e-06,0.00014318067387698784,1.4235251457258534e-05,4.776668605523037e-05,4.771488102570134e-06,0.19960259521854393,-0.19250069112321777,1.0320008002075698,0.47181951999664307,0.5124079585075378,-0.47952285408973694,0.5337436199188232,0,consistent_success
1000,curobo_threshold_N1000_K16,413,1,1,2.0085530281066895,0.447955459356308,0.6303198337554932,0.25530025362968445,-0.6750759482383728,-1.535368800163269,0.00013328003944934608,1.7539436161079306e-05,0.00011164061071640778,1.1581149199548762e-05,2.16394287329383e-05,5.958286961530543e-06,-0.5088088273143461,0.5305688345939332,-0.6132325977251428,0.7368723750114441,0.4175046682357788,-0.1481977254152298,-0.5106333494186401,0,consistent_success
1000,curobo_threshold_N1000_K16,414,1,1,0.5199645161628723,0.9343269467353821,-2.740088701248169,0.470873087644577,1.2134273052215576,-1.186220407485962,9.42432194506182e-05,1.0691660610121933e-05,0.00011107272285543515,1.2074182697257354e-05,1.6829503404816948e-05,1.3825220871354203e-06,0.2177151938417064,0.35071714127974674,0.2486451698057066,0.8698456287384033,-0.1839294135570526,0.10360274463891983,0.4458755850791931,0,consistent_success
1000,curobo_threshold_N1000_K16,415,1,1,-1.6076854467391968,-0.22214893996715546,2.0730230808258057,1.2997421026229858,3.8396973609924316,-0.17164883017539978,6.143906006172983e-05,1.1319784028609796e-05,0.00012097018080712737,1.574280817616329e-05,5.9531120745397536e-05,4.423024147553494e-06,0.07484073526870709,-0.5021661356824836,-0.17269948926253464,-0.364958256483078,0.2534763514995575,0.6623064279556274,-0.603245735168457,0,consistent_success
1000,curobo_threshold_N1000_K16,416,1,1,2.7095067501068115,-1.15834641456604,1.1465808153152466,0.05890060216188431,1.7125701904296875,0.09883338958024979,0.0,1.514311853164436e-06,6.69441089078107e-05,3.818191820832846e-06,6.69441089078107e-05,2.3038799676684097e-06,-0.883484068237373,0.24123025951572027,0.5748397631336545,-0.35761523246765137,-0.31616002321243286,0.6506652235984802,0.5905835628509521,0,consistent_success
1000,curobo_threshold_N1000_K16,417,1,1,-0.9366983771324158,-0.9326700568199158,-0.0009270053124055266,0.9195588827133179,-2.5428168773651123,-0.31585320830345154,3.2547262962907553,0.18668833328434203,3.25482880662757,0.1866930240306497,0.00010251033681463184,4.690746307656202e-06,0.46008161849742124,-0.47667693881839496,0.9650635937259675,0.42630916833877563,0.5786030292510986,-0.4101603925228119,-0.5614690184593201,0,consistent_success
1000,curobo_threshold_N1000_K16,418,1,1,-0.11605256050825119,-2.16965913772583,0.595194399356842,1.7074147462844849,-0.8400485515594482,1.5852283239364624,0.00010745380052412656,5.792243800153703e-06,0.00010320211756327753,2.9575586669421963e-06,4.2516829608490314e-06,2.834685133211507e-06,-0.40147209933770234,0.2738069134795569,1.09951662595341,0.6899840235710144,-0.30840280652046204,-0.5962643027305603,-0.2707003057003021,0,consistent_success
1000,curobo_threshold_N1000_K16,419,1,1,-0.7930489778518677,-1.1941922903060913,2.4190094470977783,-0.9922738075256348,-3.7886369228363037,-1.434838056564331,7.156049264267494e-05,5.653714919113621e-06,0.0001384155305622825,1.3390916398898968e-05,6.685503791960755e-05,7.737201479785347e-06,0.3777415316685078,-0.25476409406883965,0.032627984700796385,0.4128198027610779,0.561695396900177,0.5039448738098145,-0.5100172758102417,0,consistent_success
1000,curobo_threshold_N1000_K16,420,1,1,-0.8443121910095215,-0.41742727160453796,-0.8796254992485046,-1.008829951286316,-2.3576014041900635,-1.91116464138031,8.429369557916289e-05,5.477842153225417e-06,0.0001567471963604529,1.2074182697257354e-05,7.245350078129002e-05,6.596340544031937e-06,0.6341359087527656,-0.5651098057978462,0.9557041184549037,0.4820743501186371,0.8003668785095215,-0.3482813835144043,0.07561271637678146,0,consistent_success
1000,curobo_threshold_N1000_K16,421,1,1,1.3537176847457886,-1.6509549617767334,2.4772067070007324,-0.6956852674484253,-1.316185474395752,1.6436572074890137,4.214684778958144e-05,4.155998335166189e-06,5.514261052331042e-05,4.00455336570039e-06,1.299576273372898e-05,1.5144496946579857e-07,-0.13209763691843104,0.27006435459285416,0.2133692445418079,0.6186532974243164,0.3143424093723297,-0.5815407037734985,0.42457902431488037,0,consistent_success
1000,curobo_threshold_N1000_K16,422,1,1,-2.3008885383605957,-0.8765145540237427,-1.4263626337051392,-1.3071938753128052,-0.8881130814552307,-0.11686476320028305,3.468993352726102,0.22093263394653812,3.468967700937285,0.2209329354808716,2.5651788817082632e-05,3.0153433347446246e-07,0.14914888565470266,-0.1611938111010393,1.1587978587529182,0.1693151295185089,0.12462565302848816,-0.5569223165512085,0.8035162687301636,0,consistent_success
1000,curobo_threshold_N1000_K16,423,1,1,-0.48305749893188477,0.022923802956938744,0.8020615577697754,-0.695800244808197,1.4863202571868896,1.5597686767578125,0.0,6.313349543163679e-06,8.779748829513856e-05,8.537736462515945e-06,8.779748829513856e-05,2.2243869193522665e-06,1.0329852342490347,-0.3478965645638635,-0.4336755313840363,0.1304885298013687,0.7363120317459106,-0.14841793477535248,0.6471394300460815,0,consistent_success
1000,curobo_threshold_N1000_K16,424,1,1,-0.5670130252838135,-2.4317708015441895,2.590625286102295,-0.061712801456451416,-0.7552677989006042,0.2162380963563919,0.0013632729860546533,5.278824964186738e-05,0.00137663125150486,5.4010884227285616e-05,1.3358265450206727e-05,1.222634585418233e-06,0.14670033295024054,0.18052492426027306,0.32658454898954387,-0.17108295857906342,0.03454642742872238,0.6823228597640991,0.7099103331565857,0,consistent_success
1000,curobo_threshold_N1000_K16,425,1,1,2.2723541259765625,1.1117991209030151,1.0485361814498901,-4.405387878417969,1.6116893291473389,-0.5576474070549011,5.819089565761715e-05,1.0274436973673795e-05,8.621760747789282e-05,1.1581149199548762e-05,2.8026711820275675e-05,1.3067122258749676e-06,-0.11319823629917751,-0.1142014500276177,-0.7528531256460969,-0.07457724958658218,0.21032412350177765,-0.25593867897987366,0.9405835270881653,0,consistent_success
1000,curobo_threshold_N1000_K16,426,1,1,0.3509904742240906,-0.6966221928596497,2.069023609161377,-0.043846894055604935,1.9164761304855347,1.7829163074493408,9.064022776783531e-05,2.2517319137927614e-05,0.00013533046610927606,2.1293053117836167e-05,4.469023834144075e-05,1.2242660200914468e-06,0.41515467389250765,0.2933254870767949,-0.1530633051437767,0.13092748820781708,0.9769686460494995,0.04711537063121796,0.1617727279663086,0,consistent_success
1000,curobo_threshold_N1000_K16,427,1,1,1.264443039894104,1.6086794137954712,-1.286953091621399,-1.3252272605895996,-0.920025110244751,-1.090633749961853,0.00011973200741977053,1.0116074866084357e-05,0.00011379475564020744,4.676310850554341e-06,5.937251779563081e-06,5.439764015530015e-06,-0.03527210011700853,0.6172943397081601,-0.789261768255176,0.005716992542147636,0.8748056888580322,0.26497116684913635,-0.4055522382259369,0,consistent_success
1000,curobo_threshold_N1000_K16,428,1,1,0.5398098826408386,-1.0200356245040894,1.535611629486084,0.9822492599487305,-0.9830511212348938,-0.136840358376503,8.940696716308594e-05,6.977225449603686e-06,0.0001363836981984203,6.273929367455621e-06,4.697673103533435e-05,7.032960821480644e-07,0.48752649771207274,0.5428265604521011,0.434725731920755,0.7921876311302185,-0.09366302937269211,-0.2761123478412628,-0.5361230969429016,0,consistent_success
1000,curobo_threshold_N1000_K16,429,1,1,-2.135293483734131,-0.22788888216018677,-1.6568413972854614,0.2926914691925049,-2.007058620452881,-0.9484074711799622,7.450580596923828e-05,1.0316569705205831e-05,4.529777554553965e-05,9.195423586105984e-06,2.920803042369863e-05,1.1211461190998468e-06,-0.18164413100429877,-0.5204665270916785,0.7288055295717737,-0.16449446976184845,-0.18399107456207275,0.9587563276290894,0.14097918570041656,0,consistent_success
1000,curobo_threshold_N1000_K16,430,1,1,-0.503944456577301,-1.3657233715057373,-0.36723291873931885,-0.4064992070198059,0.5502446889877319,4.0282182693481445,0.00023888378564151935,8.865961563422989e-06,0.0001957072718540132,8.009106731400786e-06,4.317651378750616e-05,8.568548320222031e-07,0.20797457942513314,0.1622781551845368,1.3941968324126934,0.6173909306526184,-0.44487783312797546,-0.2859746813774109,-0.5823492407798767,0,consistent_success
1000,curobo_threshold_N1000_K16,431,1,1,-0.044776033610105515,-0.2024693787097931,1.701798915863037,-0.8872115015983582,-2.2326345443725586,-0.6230172514915466,7.028863535651908e-05,2.85020950931689e-05,0.00011000192428824408,2.8161591390912678e-05,3.9713288931725e-05,3.40503702256222e-07,0.518641802859365,0.08414716185618691,-0.3733727375129105,0.5009709000587463,0.5208246111869812,0.04583019018173218,-0.689687967300415,0,consistent_success
1000,curobo_threshold_N1000_K16,432,1,1,-2.6498563289642334,1.3058308362960815,-2.563074827194214,-1.0172172784805298,1.934855580329895,1.8786022663116455,6.143906006172983e-05,5.54116704782223e-06,9.722270498149671e-05,7.824964720612765e-06,3.5783644919766875e-05,2.283797672790535e-06,-0.26360413266637067,-0.289925984406744,0.22160736401433212,0.8261556029319763,-0.20034413039684296,0.32188647985458374,0.41679519414901733,0,consistent_success
1000,curobo_threshold_N1000_K16,433,1,1,-0.8691943883895874,0.07300987094640732,-1.8035808801651,2.395512342453003,-1.5509998798370361,-1.3788583278656006,2.9802322387695312e-05,8.802658245709135e-06,1.8040852317587517e-05,9.809112393710968e-06,1.1761470070107796e-05,1.0064541480018335e-06,0.3689047918950309,-0.17973226627782113,0.6134953428785207,0.30276915431022644,-0.3729167580604553,0.22910065948963165,0.8466266989707947,0,consistent_success
1000,curobo_threshold_N1000_K16,434,1,1,1.876943588256836,0.5957653522491455,2.754708766937256,-0.6279021501541138,-1.6284137964248657,-0.43062639236450195,0.00019894585534530052,1.661170510226408e-05,0.0001991724263534777,1.6333651602943885e-05,2.265710081771912e-07,2.7805349932019446e-07,-0.14634677445572977,-0.06333875487097049,0.04569764093929626,0.8357621431350708,-0.5165325403213501,-0.17348985373973846,-0.0678015798330307,0,consistent_success
1000,curobo_threshold_N1000_K16,435,1,1,0.8490092754364014,0.2603808641433716,2.070208787918091,-0.8310542702674866,-0.970140278339386,-0.036498550325632095,5.424104543294561e-05,1.2415545267024112e-05,8.333738987730234e-05,1.3766686389570068e-05,2.9096344444356725e-05,1.3511411225459555e-06,-0.11171724812980029,0.2000720247891593,-0.37753292282898987,0.8829367160797119,-0.06728027760982513,-0.28989261388778687,-0.3631230294704437,0,consistent_success
1000,curobo_threshold_N1000_K16,436,1,1,-1.0934945344924927,-2.926429271697998,0.4188527464866638,3.206827402114868,1.7344017028808594,-3.0793426036834717,0.00012644053981603065,1.1877133642547983e-05,0.00015243270436533893,1.0731768324341125e-05,2.599216454930828e-05,1.145365318206858e-06,-0.3564195346486491,1.0133325436462952,0.4498887734838691,0.040727123618125916,-0.15240809321403503,0.8912332057952881,-0.425225168466568,0,consistent_success
1000,curobo_threshold_N1000_K16,437,1,1,-0.03593853861093521,1.2547612190246582,0.9783816933631897,-2.083035469055176,1.9690806865692139,1.8074061870574951,1.4901161193847656e-05,6.177727027547081e-06,5.455095796546881e-05,4.676310850554341e-06,3.9649796771621153e-05,1.5014161769927395e-06,-0.09034441173296238,0.13151346388047794,-1.0327865118986654,0.08519914001226425,0.7187387943267822,-0.2287665754556656,0.6510157585144043,0,consistent_success
1000,curobo_threshold_N1000_K16,438,1,1,1.4152331352233887,-0.723369836807251,1.4768211841583252,0.3159295618534088,1.4196966886520386,-0.01922355219721794,0.0002591659153949877,2.2367407840460135e-05,0.0001452188181509903,2.4148365394514843e-05,0.00011394709724399737,1.7809575540547077e-06,-0.048857491683445685,0.8361609863929693,0.005304431024481304,-0.05124722048640251,0.047117434442043304,0.9650055766105652,0.2528199553489685,0,consistent_success
1000,curobo_threshold_N1000_K16,439,1,1,1.0706557035446167,0.6293075680732727,0.5464659333229065,1.0511356592178345,-0.2063121646642685,-2.571406841278076,9.541398782175747e-05,4.819794040739348e-06,0.00015476643919504508,8.099607985145754e-06,5.935245137328761e-05,3.2798139444064057e-06,0.08138738353823029,0.6789806879564934,-0.6755925892004901,-0.2287643700838089,-0.38591498136520386,0.5195291638374329,0.7272042036056519,0,consistent_success
1000,curobo_threshold_N1000_K16,440,1,1,1.8530281782150269,-1.2280335426330566,-1.500633955001831,2.5519726276397705,1.1191025972366333,-1.760980248451233,0.00026151431598009367,9.473672436409595e-06,0.00019315856455581613,1.024528375501914e-05,6.835575142427754e-05,7.716113186095454e-07,-0.13580819687778675,-0.2648118880768228,0.834040876824285,0.39730867743492126,-0.6232775449752808,0.18014191091060638,0.6490144729614258,0,consistent_success
1000,curobo_threshold_N1000_K16,441,1,1,-2.4240400791168213,0.3201064467430115,-1.4558907747268677,1.536481261253357,-3.3125977516174316,-2.102146863937378,6.664001972467304e-05,1.1766825288863342e-05,6.317798863507609e-05,1.1518036199983981e-05,3.4620310895969495e-06,2.4878908887936024e-07,-0.5482034780758422,-0.5754488067149491,0.34106692455686927,-0.49541178345680237,0.725322425365448,0.08423960208892822,-0.47050851583480835,0,consistent_success
1000,curobo_threshold_N1000_K16,442,1,1,4.434734344482422,-2.4358115196228027,-0.5604049563407898,-0.5740398168563843,1.5219640731811523,1.6244806051254272,0.0002384185791015625,6.410737822176842e-06,0.00020467925254943542,7.824964720612765e-06,3.373932655212708e-05,1.4142268984359229e-06,0.48101858763540317,1.0731621570327845,0.6741206673557057,0.4352145195007324,-0.4777657687664032,0.6923294067382812,0.32094886898994446,0,consistent_success
1000,curobo_threshold_N1000_K16,443,1,1,1.8638907670974731,-1.5835825204849243,-0.04917047172784805,0.8526549935340881,-0.17119327187538147,1.2139595746994019,0.18423418805468827,0.04720849996487613,0.18422430454380348,0.04720793070114787,9.883510884795e-06,5.692637282603275e-07,-0.25189113123613344,-0.04785761740936162,1.2171368163746172,0.6214291453361511,0.5222613215446472,-0.536135733127594,-0.23157596588134766,0,consistent_success
1000,curobo_threshold_N1000_K16,444,1,1,1.8069878816604614,-0.6598199009895325,1.1356658935546875,-3.3464081287384033,1.3626865148544312,-2.2073721885681152,6.664001972467304e-05,8.871518628562442e-06,5.480233223073664e-05,8.2776426154535e-06,1.1837687493936395e-05,5.938760131089433e-07,-0.39701077547118274,0.8675057335803219,0.37590314907322847,0.6947996616363525,0.5372574925422668,-0.2835144102573395,0.38500308990478516,0,consistent_success
1000,curobo_threshold_N1000_K16,445,1,1,-1.4163514375686646,0.944370687007904,-1.477036476135254,-0.654751718044281,-1.3558547496795654,-2.238359212875366,5.9604644775390625e-05,8.341846048795726e-06,0.00014567116680717449,1.0173887179578492e-05,8.606652203178386e-05,1.8320411307827655e-06,0.3237774126150943,-0.8861450934757578,-0.2046839853233328,-0.21666954457759857,0.9009369015693665,-0.37595921754837036,-0.004652837291359901,0,consistent_success
1000,curobo_threshold_N1000_K16,446,1,1,2.489811897277832,-1.0324392318725586,-2.594994306564331,0.6268275380134583,-1.3916140794754028,0.5213613510131836,0.004133131824346492,0.00024314138381718967,0.004110747999412059,0.00024844079612599423,2.2383824934433215e-05,5.299412308804562e-06,-0.04088006430077583,-0.19568607217880557,0.48730136055908885,-0.4462246000766754,0.7257230281829834,0.2060566395521164,-0.48140454292297363,0,consistent_success
1000,curobo_threshold_N1000_K16,447,1,1,-0.05719399452209473,-0.20854701101779938,0.45631182193756104,0.8818395733833313,1.0299352407455444,1.1419671773910522,1.561181051101812e-05,4.72823029879213e-06,7.065641591790076e-05,5.399738656763834e-06,5.5044605406882636e-05,6.715083579717035e-07,1.0930084536427125,0.14917690075809184,-0.007219101297421329,-0.20227521657943726,0.9133175611495972,0.23116961121559143,0.2673880457878113,0,consistent_success
1000,curobo_threshold_N1000_K16,448,1,1,1.6719657182693481,-1.6834052801132202,2.554704189300537,-0.8728403449058533,-0.9127813577651978,1.4506179094314575,9.657055954903626e-05,9.039153096270283e-06,7.987771700537874e-05,7.040397847728103e-06,1.6692842543657518e-05,1.9987552485421804e-06,-0.2421177542710506,0.2035111905123698,0.18170700977936272,0.6374218463897705,0.38034096360206604,-0.5966159701347351,0.30509597063064575,0,consistent_success
1000,curobo_threshold_N1000_K16,449,1,1,2.1306192874908447,3.557011127471924,-2.4662423133850098,-1.6342660188674927,-0.9047369956970215,-0.39924365282058716,0.021147663574083708,0.009552607357407957,0.021142641020672006,0.00955556647824627,5.022553411702241e-06,2.9591208383136086e-06,-0.028988605062694545,-0.36970647871270623,-0.2698571637173255,0.48574161529541016,0.8043516874313354,0.23718737065792084,-0.24660813808441162,0,consistent_success
1000,curobo_threshold_N1000_K16,450,1,1,1.5480785369873047,0.4993552565574646,-1.3970750570297241,-1.7126448154449463,1.364743947982788,0.32950571179389954,2.9802322387695312e-05,6.91944988503734e-06,5.7508225465226356e-05,6.273929367455621e-06,2.7705903077531043e-05,6.455205175817191e-07,-0.16288497403707908,0.8787658879282638,0.42719825843183,-0.08142788708209991,-0.17444096505641937,-0.47077834606170654,0.8609921932220459,0,consistent_success
1000,curobo_threshold_N1000_K16,451,1,1,1.6279630661010742,0.9767739772796631,-2.7248404026031494,-0.9757758378982544,0.9262703657150269,-0.3355415463447571,1.4901161193847656e-05,7.014752941512461e-06,3.018120493446085e-05,9.274355708402698e-06,1.5280043740613195e-05,2.2596027668902363e-06,-0.23161606924085576,0.20829631022845363,0.3191213791720421,0.28130048513412476,-0.1595451682806015,-0.5589168667793274,0.7635622620582581,0,consistent_success
1000,curobo_threshold_N1000_K16,452,1,1,-0.9156509041786194,0.0014317703898996115,-2.8821792602539062,-1.3625539541244507,0.6546039581298828,-1.2104512453079224,0.03722844849107787,0.0025624479783312665,0.03722410146973103,0.0025699987926033683,4.347021346842728e-06,7.5508142721018336e-06,0.14561184738128147,0.19955023171144565,0.27625155712613164,-0.08254247903823853,0.6021197438240051,0.6395167708396912,0.47080448269844055,0,consistent_success
1000,curobo_threshold_N1000_K16,453,1,1,0.37956422567367554,0.2485167235136032,0.9700415134429932,-0.7080036997795105,-0.9517130255699158,-0.15076681971549988,6.664001972467304e-05,8.353119766586329e-06,0.00012308569147858413,1.3115919625095442e-05,5.644567175391109e-05,4.762799858509114e-06,0.5404381506458557,0.44969067777318955,-0.6246463192689232,0.5478191375732422,0.28725260496139526,-0.46744027733802795,-0.6315692067146301,0,consistent_success
1000,curobo_threshold_N1000_K16,454,1,1,0.9716976284980774,-0.9136666655540466,2.2289886474609375,-0.44276121258735657,1.8003894090652466,-0.9417691826820374,6.322026990801533e-05,4.242741068660557e-06,7.571830723487102e-05,4.00455336570039e-06,1.2498037326855692e-05,2.3818770296016708e-07,0.15687007115676385,0.4832577431258922,-0.08502459403967347,0.3139042854309082,-0.12054995447397232,0.9265023469924927,0.16889411211013794,0,consistent_success
1000,curobo_threshold_N1000_K16,455,1,1,-1.3799635171890259,-1.388536810874939,1.9337375164031982,-0.9392731189727783,0.63248610496521,2.0106544494628906,8.429369557916289e-05,6.40053317787021e-06,0.0001524045065475212,2.4148365394514667e-06,6.811081096835833e-05,3.985696638418743e-06,0.36580616452399967,-0.6371882251368518,0.3464692427013131,0.11234462261199951,0.6007758975028992,-0.15994177758693695,0.7751551866531372,0,consistent_success
1000,curobo_threshold_N1000_K16,456,1,1,0.2442399263381958,-1.378356695175171,1.219688057899475,0.9725695848464966,1.9162871837615967,1.7134872674942017,2.9802322387695312e-05,5.729104141061538e-06,8.165772802795964e-05,6.3890569402603996e-06,5.185540564026432e-05,6.599527991988613e-07,0.6060070788596064,0.2878022006713023,0.6759147024705342,0.08676585555076599,0.9174525737762451,-0.01696738973259926,0.38789767026901245,0,consistent_success
1000,curobo_threshold_N1000_K16,457,1,1,-0.5856412649154663,-1.8029729127883911,2.732956886291504,-0.604695200920105,-1.4541500806808472,-0.3717404901981354,7.634573506720699e-05,7.700513506826934e-06,6.79629936123021e-05,6.156649318399953e-06,8.382741454904881e-06,1.5438641884269807e-06,0.16120028370198486,0.10268156700902933,0.18374986451692948,-0.2124137580394745,-0.32856959104537964,0.4830493628978729,0.7833171486854553,0,consistent_success
1000,curobo_threshold_N1000_K16,458,1,1,-1.3845094442367554,-0.34061673283576965,2.4798731803894043,-0.8794873356819153,-0.142816424369812,-0.29651132225990295,0.011528819413797464,0.001085726812101794,0.011564255872371827,0.0010843731992805745,3.543645857436231e-05,1.3536128212194957e-06,0.2794295672510877,-0.10464416973899965,-0.17345946657127664,0.14240822196006775,0.6002104878425598,0.2683165669441223,0.7399145364761353,0,consistent_success
1000,curobo_threshold_N1000_K16,459,1,1,-1.0221816301345825,0.25676342844963074,-2.6697614192962646,-0.5741744637489319,1.5766167640686035,0.1103208065032959,7.13723693479551e-05,6.145575843494102e-06,7.546991821522815e-05,3.415094585006376e-06,4.097548867273054e-06,2.730481258487726e-06,0.18721081086729607,0.007031819886493582,0.4814355465036223,0.7180740237236023,-0.6344185471534729,-0.14356476068496704,0.24753184616565704,0,consistent_success
1000,curobo_threshold_N1000_K16,460,1,1,3.0919227600097656,2.8161821365356445,0.3012855350971222,-1.0898768901824951,-2.547621250152588,-0.2047715038061142,7.990400519020113e-05,1.799988155098241e-06,0.00012647925638539824,2.091309789151873e-06,4.657525119519711e-05,2.91321634053632e-07,1.2272266721754306,-0.14864699187961028,0.015181589100953637,0.7454531192779541,-0.47724488377571106,0.14525675773620605,0.4420830309391022,0,consistent_success
1000,curobo_threshold_N1000_K16,461,1,1,0.6627739071846008,-4.789206504821777,2.1061511039733887,-0.24433517456054688,-1.335189938545227,-0.3805330991744995,0.00030172552101248584,0.0001275522663429382,0.00030155151763158533,0.00012641040765104815,1.7400338090051495e-07,1.1418586918900489e-06,-0.3931850043408419,-0.07163031598157961,-0.1355753394694473,0.5531697273254395,-0.7657334208488464,0.13038578629493713,-0.30108991265296936,0,consistent_success
1000,curobo_threshold_N1000_K16,462,1,1,-1.7273550033569336,-0.3562087118625641,-1.1004999876022339,1.7604832649230957,0.06013110652565956,-1.32709538936615,6.664001972467304e-05,6.076147540796873e-06,5.805598985471363e-05,4.978313060379714e-06,8.584029869959409e-06,1.097834480417159e-06,0.15782433698044024,-0.6418695615617769,0.7972382752321515,0.6910311579704285,0.26492616534233093,0.6624213457107544,0.11613781005144119,0,consistent_success
1000,curobo_threshold_N1000_K16,463,1,1,2.4976537227630615,-0.2573004364967346,-0.3993777632713318,3.4055099487304688,3.621168851852417,1.6332125663757324,8.429369557916289e-05,1.290124334509829e-05,0.00019738712152457189,1.3606912857609226e-05,0.000113093425945409,7.056695125109347e-07,-0.881158978141704,0.5587611256922994,0.755591670834205,0.4799562990665436,-0.2963300347328186,0.5691129565238953,0.5982816219329834,0,consistent_success
1000,curobo_threshold_N1000_K16,464,1,1,-0.48294365406036377,-2.1539783477783203,-2.399524211883545,-1.7586324214935303,-0.9246241450309753,-1.6670392751693726,0.00010745380052412656,3.441327840730186e-05,0.00011521505282917083,3.5980254080870084e-05,7.76125230504427e-06,1.5669756735682216e-06,-0.33895259794140625,0.42553062094124083,-0.044728400729497596,-0.4069298803806305,0.6249735951423645,-0.3477974534034729,-0.5682015419006348,0,consistent_success
1000,curobo_threshold_N1000_K16,465,1,1,0.6361397504806519,0.3150953948497772,2.0637547969818115,2.0356621742248535,-0.6904832720756531,0.6998345255851746,8.97168703772877e-05,2.5132592054743996e-05,9.334968873666983e-05,2.4027320194202514e-05,3.6328183593821266e-06,1.1052718605414813e-06,0.09845021962941926,0.36488310753360415,-0.47994920929010554,-0.18267959356307983,0.658270001411438,-0.6091890335083008,-0.40273746848106384,0,consistent_success
1000,curobo_threshold_N1000_K16,466,1,1,1.831064224243164,0.7964862585067749,-2.088519811630249,1.6262940168380737,2.4651682376861572,-1.78592848777771,7.450580596923828e-05,8.161188914444601e-06,3.442759823682139e-05,3.415094585006376e-06,4.007820773241689e-05,4.7460943294382255e-06,-0.2438521737263138,0.5580082544944904,0.11175434146615851,0.6158505082130432,-0.4967604875564575,0.5965874195098877,0.13431541621685028,0,consistent_success
1000,curobo_threshold_N1000_K16,467,1,1,-0.5292624831199646,-0.02529117651283741,0.6009800434112549,-0.2785414755344391,-0.5328122973442078,2.2100841999053955,5.9604644775390625e-05,3.8640122198553594e-06,8.211750647449025e-05,8.18910913293408e-06,2.2512861699099625e-05,4.32509691307872e-06,0.9974473145579325,-0.3014986982399851,-0.26570781240294544,0.713280200958252,-0.6174408197402954,-0.21072101593017578,-0.2561149001121521,0,consistent_success
1000,curobo_threshold_N1000_K16,468,1,1,-3.0500943660736084,0.589682936668396,1.2062487602233887,0.30489763617515564,1.617250919342041,-3.103376626968384,7.598131190889035e-05,1.0227436008813e-05,9.821755366745787e-05,1.3924626773561162e-05,2.223624175856752e-05,3.697190764748162e-06,-0.21892785978872847,-0.18041774777493902,-0.7918591092931406,0.15592607855796814,0.6594061851501465,0.7043530941009521,0.21155913174152374,0,consistent_success
1000,curobo_threshold_N1000_K16,469,1,1,1.5010287761688232,-3.5594067573547363,-1.6905114650726318,2.2232532501220703,2.229090690612793,0.8892765045166016,7.300048565639372e-05,1.545883026176816e-05,0.00010241788998839086,1.4388049231413678e-05,2.9417404331997144e-05,1.0707810303544824e-06,-0.12996620264078784,-0.3172245995171075,-0.4893190792508213,0.47870373725891113,0.07637936621904373,0.6699329614639282,-0.5623154640197754,0,consistent_success
1000,curobo_threshold_N1000_K16,470,1,1,-1.8407906293869019,-0.1709900200366974,2.523001194000244,0.6545537710189819,0.9493796825408936,-1.0262908935546875,0.000137583796799845,4.682158768342571e-06,0.00015920133561277264,5.122641877509564e-06,2.161753881292763e-05,4.4048310916699327e-07,0.1803317864917945,-0.16428863961299678,-0.07037442909574425,-0.36026671528816223,0.7407177090644836,0.077865369617939,0.5616779923439026,0,consistent_success
1000,curobo_threshold_N1000_K16,471,1,1,1.7619736194610596,0.15465311706066132,0.9091020822525024,2.465484380722046,2.3839921951293945,1.6056636571884155,0.00016049041562382627,1.143588129714795e-06,0.0001800852633240669,7.244509618354405e-06,1.9594847700240626e-05,6.10092148863961e-06,-0.2600645175848188,0.8334479053962417,-0.33620191582503534,0.733820378780365,0.08325566351413727,0.60265052318573,-0.30230528116226196,0,consistent_success
1000,curobo_threshold_N1000_K16,472,1,1,-2.289214611053467,-0.34432825446128845,-1.1680811643600464,1.085986614227295,-3.128944158554077,-1.5067977905273438,0.0004053554221172817,0.000610729864853803,0.0003983805230264718,0.000613464734179827,6.974899090809918e-06,2.7348693260240402e-06,-0.3779358551153085,-0.5412934931230862,0.7993928991263829,0.08426695317029953,-0.5810296535491943,0.4062335193157196,0.7001985311508179,0,consistent_success
1000,curobo_threshold_N1000_K16,473,1,1,-0.40620115399360657,1.4007647037506104,2.198878049850464,-3.569577217102051,2.529123306274414,1.412589192390442,5.9604644775390625e-05,2.1906786171494363e-05,0.00010935724838134711,1.9014441926092368e-05,4.9752603605956485e-05,2.8923442454019956e-06,-0.2959618461265119,0.2236392211861915,-0.34004466198726646,0.48986631631851196,0.5922358632087708,-0.3973633050918579,0.5013881325721741,0,consistent_success
1000,curobo_threshold_N1000_K16,474,1,1,0.44922980666160583,-1.1432950496673584,-0.4147184193134308,1.1003774404525757,0.4950668215751648,-0.02940385788679123,0.0001519626238177807,5.105274115171526e-06,0.00014024258845221683,6.3890569402603996e-06,1.172003536556386e-05,1.2837828250888734e-06,0.21016577321412483,0.37338702660294254,1.172035080608081,0.16980195045471191,-0.13609644770622253,0.613615095615387,0.7590267658233643,0,consistent_success
1000,curobo_threshold_N1000_K16,475,1,1,2.189946174621582,-2.5414891242980957,1.8398241996765137,0.6873611211776733,1.7697395086288452,1.9121202230453491,0.002717910092542297,9.311359397994853e-05,0.0027436412208055577,9.425599186760091e-05,2.5731128263260447e-05,1.1423978876523745e-06,-0.13263174785699042,-0.06496994640602309,0.7279322613206022,0.6549400687217712,-0.47725239396095276,-0.5149945020675659,-0.2794000208377838,0,consistent_success
1000,curobo_threshold_N1000_K16,476,1,1,-1.7668704986572266,0.8989570140838623,-2.802804470062256,2.895176887512207,2.4747672080993652,-1.5679982900619507,8.024520781191313e-05,1.284801195350532e-05,7.695620547500215e-05,1.0316186218701491e-05,3.2890023369109807e-06,2.5318257348038296e-06,0.06475487316219933,-0.14360456952017864,0.07808175597098238,-0.15978503227233887,0.7461288571357727,0.4495062232017517,-0.46444013714790344,0,consistent_success
1000,curobo_threshold_N1000_K16,477,1,1,-1.2834529876708984,3.1927590370178223,0.5655023455619812,-0.55976802110672,-0.4716910123825073,-2.9027981758117676,0.00021503672087419545,2.9747437869141324e-05,0.0002922320485798416,2.456732739880241e-05,7.719532770564616e-05,5.1801104703389155e-06,-0.055833011995708365,1.0572016543294638,0.6027034767187639,0.4667128920555115,0.6110119819641113,0.3736110031604767,0.518900990486145,0,consistent_success
1000,curobo_threshold_N1000_K16,478,1,1,-1.1107423305511475,1.1082369089126587,-1.8151357173919678,-1.0185439586639404,-2.958679437637329,-0.5042544603347778,9.064022776783531e-05,7.346396146369024e-06,7.831730360547057e-05,1.0663629423853027e-05,1.232292416236474e-05,3.3172332774840028e-06,0.4320313050895994,-0.7068372274856839,-0.047439456631284946,0.6388176083564758,0.3116147518157959,-0.7019675374031067,0.045275796204805374,0,consistent_success
1000,curobo_threshold_N1000_K16,479,1,1,0.10586371272802353,-0.7749757170677185,-1.096387505531311,-0.10151687264442444,-1.7517058849334717,2.2769742012023926,1.4901161193847656e-05,2.0569399262595634e-06,0.0001670700103789568,2.091309789151873e-06,0.00015216884918510914,3.4369862892309596e-08,0.3919008950639774,0.18982531766891392,1.063974399619229,0.21766391396522522,0.3057626187801361,0.9268894195556641,-0.0027694436721503735,0,consistent_success
1000,curobo_threshold_N1000_K16,480,1,1,-1.7966477870941162,0.3556472063064575,1.3949140310287476,0.9245462417602539,-1.6136722564697266,0.18297365307807922,9.313225746154785e-05,3.0540789729331594e-05,0.00010360000688528008,2.9526252879164574e-05,1.0467749423732225e-05,1.0145368501670203e-06,0.043596749750528525,-0.5247010243963376,-0.5041076498714242,0.02948884665966034,-0.12432064861059189,-0.5097804665565491,0.8507635593414307,0,consistent_success
1000,curobo_threshold_N1000_K16,481,1,1,-2.9031870365142822,-0.4224134087562561,-0.7775813341140747,1.0527050495147705,-0.6560513973236084,-2.305694341659546,0.00024027400513659813,1.4525233547676064e-05,0.000326137869308113,1.4235251457258534e-05,8.586386417151488e-05,2.8998209041752945e-07,-0.6504048100582579,-0.401965845732721,0.7889013571286076,0.48590394854545593,-0.06278319656848907,0.7354038953781128,-0.46812039613723755,0,consistent_success
1000,curobo_threshold_N1000_K16,482,1,1,-5.8910698890686035,2.617093086242676,-2.8462963104248047,3.416093587875366,-0.4234570860862732,2.6262431144714355,0.003312443595859804,7.126586170155809e-05,0.003346348431257632,7.253559602668369e-05,3.39048353978277e-05,1.2697343251255995e-06,-0.029446879299102766,0.25618478613590695,0.06471573090617116,0.17500336468219757,-0.15681712329387665,0.6962127089500427,0.6782847046852112,0,consistent_success
1000,curobo_threshold_N1000_K16,483,1,1,0.420335978269577,1.6515682935714722,-1.2751051187515259,-0.9218606352806091,1.9316107034683228,0.4077063798904419,5.9604644775390625e-05,4.656928878387456e-06,0.00011662774519698125,8.2776426154535e-06,5.7023100421590625e-05,3.6207137370660432e-06,0.5093208701833991,0.3715729142350624,-0.7472661165529131,0.39312225580215454,0.45032620429992676,0.2335142195224762,0.7668978571891785,0,consistent_success
1000,curobo_threshold_N1000_K16,484,1,1,0.8752177953720093,-0.8902517557144165,-0.8352285027503967,-0.0912923514842987,2.922091007232666,-1.5196641683578491,0.00012013700256829907,9.601378271535216e-06,7.985867044015311e-05,1.1390761175093017e-05,4.027833212814596e-05,1.7893829035578014e-06,0.20227393320842812,0.3577168052177891,1.2160768209420558,0.6585360765457153,0.6070672869682312,0.1608562469482422,0.4146381914615631,0,consistent_success
1000,curobo_threshold_N1000_K16,485,1,1,1.1669471263885498,0.11168290674686432,-1.7098727226257324,-0.11333152651786804,0.4192199110984802,0.26753225922584534,9.253429311684158e-05,8.28251124910234e-06,0.00012144325343214488,7.443026089337887e-06,2.89089603153033e-05,8.394851597644526e-07,0.04758744463691425,0.7428637192314081,0.6845642921637939,0.0951748713850975,-0.5322573781013489,0.12324753403663635,0.8321381211280823,0,consistent_success
1000,curobo_threshold_N1000_K16,486,1,1,-0.2017824649810791,0.6832966804504395,1.2441524267196655,-1.500476598739624,1.0922186374664307,-2.261038303375244,0.00020267771105864085,8.570174252712373e-06,0.00022190294609287725,6.3890569402603996e-06,1.9225235034236397e-05,2.1811173124519737e-06,0.3366227515807749,0.14181315501783215,-0.9345784457355248,0.5603508949279785,-0.32200947403907776,0.761646568775177,-0.047023843973875046,0,consistent_success
1000,curobo_threshold_N1000_K16,487,1,1,-1.951143503189087,0.42860764265060425,1.0673778057098389,-0.03849828243255615,1.2231931686401367,-0.6251375079154968,2.2584572434425354e-05,3.986047405872745e-06,9.915739874345522e-05,4.829673078902934e-06,7.657282630902986e-05,8.436256730301892e-07,-0.0021021590855594754,-0.5314590849593066,-0.796961078885919,0.1320585310459137,0.9748023152351379,0.12977614998817444,0.12441521883010864,0,consistent_success
1000,curobo_threshold_N1000_K16,488,1,1,1.4283843040466309,-0.3756943941116333,-0.8915191888809204,-1.3893879652023315,0.3261072039604187,3.1870672702789307,6.664001972467304e-05,8.191658730070772e-06,8.000152126447441e-05,8.009106731400786e-06,1.3361501539801372e-05,1.8255199866998644e-07,-0.13970531703866787,0.7960951711146543,1.014111345380521,0.6802765727043152,0.3710925877094269,-0.5362973213195801,-0.33451345562934875,0,consistent_success
1000,curobo_threshold_N1000_K16,489,1,1,1.2840206623077393,-0.11289205402135849,-0.9772752523422241,-2.6146035194396973,-0.8690980672836304,-0.53559809923172,7.450580596923828e-06,9.111447867513073e-06,3.9271436079092274e-05,1.0933637455190016e-05,3.1820855482168446e-05,1.8221895876769434e-06,0.03189107034444162,0.8981307568182604,0.8391299766186634,0.8201704025268555,-0.41250112652778625,-0.3549219071865082,-0.17661769688129425,0,consistent_success
1000,curobo_threshold_N1000_K16,490,1,1,-0.75600665807724,-0.8752956390380859,1.6879247426986694,2.006403923034668,1.935841679573059,0.4064134359359741,0.00012287812012345967,9.524307274049492e-06,5.9340963070651755e-05,9.274355708402698e-06,6.353715705280792e-05,2.499515656467949e-07,0.5754023130460322,-0.3624501986105339,0.26403893461754674,-0.3863813877105713,0.7599130868911743,0.265680193901062,-0.4501728415489197,0,consistent_success
1000,curobo_threshold_N1000_K16,491,1,1,1.094805359840393,-1.5526868104934692,0.8175994753837585,-2.1065874099731445,-4.204180717468262,1.3068780899047852,3.332000986233652e-05,3.9197216961006265e-06,4.842768858475699e-05,7.73124918760008e-06,1.5107678722420473e-05,3.8115274914994535e-06,0.07416325599789914,0.40372463287380467,1.2573461536439097,-0.45089757442474365,-0.3198122978210449,-0.5183324217796326,0.6524897813796997,0,consistent_success
1000,curobo_threshold_N1000_K16,492,1,1,1.425187587738037,-1.3869236707687378,-1.231608510017395,2.219327449798584,0.6754906177520752,-1.207595944404602,0.00011920928955078125,6.238278682017158e-06,4.8115206067659114e-05,5.399738656763834e-06,7.109408348312214e-05,8.385400252533242e-07,-0.274864918263559,-0.24854320550687373,0.930672137809673,0.2837520241737366,-0.5633964538574219,0.24711477756500244,0.7355294227600098,0,consistent_success
1000,curobo_threshold_N1000_K16,493,1,1,-0.8223832249641418,-1.115261197090149,2.9183993339538574,0.10594610869884491,0.3091678321361542,-1.8656885623931885,0.46333271893672645,0.02161489235313239,0.46330907414492345,0.021612592686809318,2.3644791803001386e-05,2.2996663230738512e-06,0.19708702894687577,0.1570767364702169,0.13188940768511964,0.19288404285907745,0.3032821714878082,0.742538332939148,0.5652012825012207,0,consistent_success
1000,curobo_threshold_N1000_K16,494,1,1,0.21001972258090973,-0.22628140449523926,-0.8882274627685547,0.9027570486068726,2.966803789138794,2.3601324558258057,2.9802322387695312e-05,1.0169548081610868e-05,4.164332311775969e-05,5.122641877509564e-06,1.1841000730064376e-05,5.046906204101304e-06,0.8537831058289691,0.25678424516607284,0.6686100736997548,0.06895550340414047,0.3186013698577881,-0.6166186928749084,0.7166029214859009,0,consistent_success
1000,curobo_threshold_N1000_K16,495,1,1,-0.3499639928340912,-2.349031925201416,2.9463393688201904,-0.4633791148662567,1.5749164819717407,1.45099675655365,0.010507897059142124,0.0007289365041260305,0.01049791951540811,0.0007297922089292527,9.977543734013966e-06,8.557048032222046e-07,0.1683245394972809,0.11266783204471101,0.11429236385095293,0.15468670427799225,0.7477007508277893,-0.08778943866491318,0.6397722959518433,0,consistent_success
1000,curobo_threshold_N1000_K16,496,1,1,-2.0239734649658203,1.4094698429107666,-1.1627472639083862,-1.7368134260177612,1.2814674377441406,0.2072964906692505,0.00012287812012345967,2.7390398716022828e-05,0.00020758893192674493,2.6398040527968538e-05,8.471081180328526e-05,9.923581880542901e-07,-0.16858632226181114,-0.780714666389843,-0.5377717329005478,0.9819992184638977,0.08447194844484329,0.12331483513116837,-0.11547932028770447,0,consistent_success
1000,curobo_threshold_N1000_K16,497,1,1,-0.8284631371498108,-0.6489818096160889,1.797936201095581,1.499153733253479,0.7463358640670776,-1.1758335828781128,7.450580596923828e-06,2.2781389244910424e-05,9.227864312085751e-05,2.1800504449438904e-05,8.482806252393368e-05,9.808847954715197e-07,0.5843832065070003,-0.29436814773018166,0.04729002889875633,-0.3850499391555786,0.6199174523353577,0.525843620300293,0.4369524121284485,0,consistent_success
1000,curobo_threshold_N1000_K16,498,1,1,-1.2806025743484497,-2.108419418334961,2.078397512435913,0.34636908769607544,1.2370187044143677,-0.16657531261444092,6.143906006172983e-05,7.844068987374474e-06,5.188028121816444e-05,1.1891690845819462e-05,9.558778843565391e-06,4.047621858444987e-06,0.2734258309662548,-0.2371110131065842,0.5330841256708099,0.5693326592445374,0.7556055784225464,0.27572503685951233,0.16998903453350067,0,consistent_success
1000,curobo_threshold_N1000_K16,499,1,1,-1.507019281387329,-0.13597747683525085,0.7850316166877747,-0.37380343675613403,-1.8347405195236206,1.462907314300537,6.322026990801533e-05,3.7790428618736256e-06,4.276768620560021e-05,7.244509618354405e-06,2.0452583702415117e-05,3.4654667564807795e-06,0.19984214052474125,-0.9343374395856373,-0.22280878881069358,0.6038718819618225,-0.3048625886440277,-0.5252341628074646,-0.5162621140480042,0,consistent_success
1000,curobo_threshold_N1000_K16,500,1,1,0.4782288074493408,-0.9388713240623474,-0.9646327495574951,-0.133144348859787,1.700209617614746,-1.3135781288146973,0.00012013700256829907,5.872587155851217e-06,0.00018294875804766465,4.182619578303747e-06,6.281175547936558e-05,1.68996757754747e-06,0.14034715516782426,0.24400584112494564,1.295690795241937,0.9006829261779785,0.08793389797210693,-0.2219991683959961,0.3629797697067261,0,consistent_success
1000,curobo_threshold_N1000_K16,501,1,1,0.7691813111305237,-1.260772705078125,1.2861599922180176,0.6189374923706055,-0.5807321667671204,0.6764617562294006,0.0001365714012990793,7.2988309256633e-06,9.617386278658068e-05,2.4148365394514667e-06,4.039753851249862e-05,4.8839943862118335e-06,0.2985674277451775,0.6245035712850093,0.6334771752394706,0.7724004983901978,0.004356512799859047,-0.5789727568626404,-0.261091947555542,0,consistent_success
1000,curobo_threshold_N1000_K16,502,1,1,1.2540854215621948,-1.4577744007110596,1.4890872240066528,0.7899757623672485,2.472071886062622,0.08209533989429474,6.365778659755961e-05,4.205987494761313e-06,9.003995829207503e-05,3.415094585006376e-06,2.6382171694515423e-05,7.908929097549371e-07,0.0983238438218628,0.5942628336366534,0.5967673657488439,0.4410911798477173,0.32220184803009033,0.7895168662071228,0.27979931235313416,0,consistent_success
1000,curobo_threshold_N1000_K16,503,1,1,0.5776798725128174,-0.4099159836769104,-0.1450391262769699,-1.877190351486206,-2.752495050430298,0.5778598189353943,0.00017881393432617188,6.932391129480779e-06,0.00028756535601509576,9.734517300533534e-06,0.00010875142168892388,2.802126171052755e-06,0.9201302765269187,0.6936577195877676,0.737749624470497,0.23491311073303223,-0.3690941631793976,0.6980886459350586,-0.5667958855628967,0,consistent_success
1000,curobo_threshold_N1000_K16,504,1,1,-0.2071840614080429,0.3672071099281311,2.6446139812469482,-0.4230102598667145,-2.423082113265991,-0.3607093095779419,0.00028817473207709554,9.436324073340479e-06,0.00030834169069088936,9.956626120759439e-06,2.0166958613793823e-05,5.203020474189605e-07,0.014177456248508434,0.09361950809083724,-0.03613891061076439,-0.2055835872888565,0.1019897386431694,-0.5628366470336914,0.7940707802772522,0,consistent_success
1000,curobo_threshold_N1000_K16,505,1,1,-1.9574295282363892,0.720665454864502,-2.5420923233032227,1.8000633716583252,-1.0057607889175415,-2.5584824085235596,0.0001281846380152274,1.9568532748324215e-05,6.731220114542526e-05,1.786815867113289e-05,6.087243686980213e-05,1.7003740771913258e-06,0.10611676646150593,-0.3050488858525529,0.1605326602466929,0.6880826950073242,-0.5162925720214844,0.49240514636039734,-0.13236822187900543,0,consistent_success
1000,curobo_threshold_N1000_K16,506,1,1,0.39466503262519836,-1.6173179149627686,-1.635624885559082,2.4305543899536133,2.0525269508361816,-0.7831209897994995,8.56006536764653e-05,1.4944919391447527e-05,5.4027405901407195e-05,1.961822478742201e-05,3.1573247775058104e-05,4.673305395974484e-06,-0.46832655749707175,-0.06374822562766666,0.6561858430786386,0.7991186380386353,0.28706973791122437,0.30479684472084045,0.43139219284057617,0,consistent_success
1000,curobo_threshold_N1000_K16,507,1,1,-2.703624725341797,-0.4090507924556732,2.959425687789917,-3.8472368717193604,0.21057520806789398,3.5132083892822266,0.015646242900402285,0.0016406197554262438,0.01566043241335438,0.0016416249018976284,1.4189512952095251e-05,1.0051464713846034e-06,-0.07603025120668862,-0.3161763058992677,0.0389835007746828,0.2063959538936615,0.382363498210907,-0.5031718611717224,0.74700528383255,0,consistent_success
1000,curobo_threshold_N1000_K16,508,1,1,0.5096717476844788,-0.44884663820266724,-0.8992313742637634,-0.444461464881897,2.2842156887054443,0.49884945154190063,0.0,5.091898890402911e-06,7.900889238330343e-05,5.263014220319209e-06,7.900889238330343e-05,1.7111532991629818e-07,0.6262382842675114,0.46870981264673306,1.044481705183312,0.22126784920692444,0.1738101691007614,-0.3177773356437683,0.9054546356201172,0,consistent_success
1000,curobo_threshold_N1000_K16,509,1,1,0.020405491814017296,2.5372188091278076,-1.6657328605651855,-2.279254674911499,-0.5277475118637085,-0.5504145622253418,0.11686328798532486,0.005547611878747926,0.11686590709929039,0.005551378850264021,2.6191139655268314e-06,3.766971516094668e-06,-0.03353776761708262,0.24284598756085657,-0.7230334745614864,-0.3957495093345642,0.7389189600944519,-0.4499153792858124,-0.30815133452415466,0,consistent_success
1000,curobo_threshold_N1000_K16,510,1,1,0.4550723135471344,-0.39396438002586365,-1.2042118310928345,1.362783670425415,-1.2909740209579468,-0.16974173486232758,0.0001115100829451876,1.1132400606329437e-05,9.708577113800444e-05,9.507220963046152e-06,1.4424311807183164e-05,1.6251796432832852e-06,0.3571206192057501,0.3856136634923956,0.8011266330026655,0.42515185475349426,0.6528674960136414,-0.4310925304889679,-0.45515838265419006,0,consistent_success
1000,curobo_threshold_N1000_K16,511,1,1,0.3630059063434601,2.7785849571228027,0.08339814096689224,-0.135930135846138,1.046743392944336,-0.2590232491493225,0.0003772672698687529,1.796868911333261e-05,0.0004066869852714515,1.8111274045886075e-05,2.94197154026986e-05,1.4258493255346329e-07,-1.2355948124085154,-0.24460491519086835,-0.1743281811153801,0.5142622590065002,-0.4954443573951721,-0.6552015542984009,0.2465362697839737,0,consistent_success
1000,curobo_threshold_N1000_K16,512,1,1,-1.3647396564483643,-0.2734029293060303,0.5617040395736694,0.45248493552207947,-3.164050340652466,-1.25143301486969,0.0006271003485380788,0.0005669420219259654,0.000677891467129331,0.0005669867009588164,5.079111859125217e-05,4.467903285104019e-08,0.28740861109055904,-1.0242577315420298,0.043050587423677615,0.06958754360675812,-0.6758337020874023,-0.22544100880622864,0.6982712745666504,0,consistent_success
1000,curobo_threshold_N1000_K16,513,1,1,0.06720899045467377,1.5940368175506592,1.8064936399459839,-1.0862234830856323,-0.3608425259590149,-0.06205249950289726,7.598131190889035e-05,8.124403992998416e-06,9.190339870975704e-05,6.156649318399953e-06,1.5922086800866693e-05,1.9677546745984632e-06,-0.6459549057312097,0.20729000223279695,-0.2357187145271931,0.6889813542366028,-0.5741820335388184,-0.2009250968694687,-0.39401623606681824,0,consistent_success
1000,curobo_threshold_N1000_K16,514,1,1,-0.04339861869812012,0.9495594501495361,0.5575124025344849,-0.4506145119667053,-0.6559375524520874,0.6501259207725525,0.00026697625798988156,8.925996594035046e-06,0.0002984743136429939,8.79013768592829e-06,3.1498055653112356e-05,1.3585890810675522e-07,0.2742929225163268,0.2253190259037765,-0.9494539267615911,0.7167419195175171,-0.2897690236568451,-0.38799211382865906,-0.5017739534378052,0,consistent_success
1000,curobo_threshold_N1000_K16,515,1,1,-2.133573055267334,2.5659677982330322,-2.7527737617492676,0.42961540818214417,-3.0861592292785645,-2.206493616104126,1.1778210755437613,0.07342207230829749,1.177828328254003,0.07342295031716331,7.252710241711924e-06,8.780088658205676e-07,0.051165634072635496,-0.051411820618483414,-0.21063737491708112,-0.484026163816452,0.6959326863288879,0.09161291271448135,-0.522497296333313,0,consistent_success
1000,curobo_threshold_N1000_K16,516,1,1,-2.042402982711792,0.15304826200008392,-2.7799484729766846,-0.399515837430954,1.5074955224990845,1.439740777015686,0.00020336126738129678,1.1430180318270272e-05,0.0002673214110893918,1.7245382313122805e-05,6.396014370809502e-05,5.815201994852534e-06,0.13825539934808756,-0.10259287596111988,0.441232229789693,0.6703181862831116,-0.36439135670661926,0.5566622614860535,0.32866328954696655,0,consistent_success
1000,curobo_threshold_N1000_K16,517,1,1,-2.453968048095703,-0.2670804560184479,-1.9607234001159668,1.9334920644760132,-1.1108136177062988,-0.9425026178359985,6.749358050228693e-05,1.1500119545271531e-05,3.2108364921315325e-05,1.1390761175093017e-05,3.538521558097161e-05,1.0935837017851361e-07,-0.020861515556129875,-0.28225272902693144,0.6072867332682306,0.5709582567214966,0.11256586760282516,0.7856805920600891,0.20986095070838928,0,consistent_success
1000,curobo_threshold_N1000_K16,518,1,1,1.7252029180526733,-0.4609338939189911,1.4310575723648071,0.6917406320571899,0.477538138628006,1.6114368438720703,7.634573506720699e-05,1.5406687484987122e-05,3.1668345864208064e-05,1.5835142153691226e-05,4.4677389202998924e-05,4.284546687041043e-07,-0.3586345488020257,0.7057591421476286,-0.10429084080597198,-0.29964113235473633,0.5858139991760254,0.6210206747055054,-0.42587605118751526,0,consistent_success
1000,curobo_threshold_N1000_K16,519,1,1,0.9083698987960815,3.1950886249542236,-2.6784706115722656,-1.148524284362793,-0.3864087760448456,-1.479874849319458,0.0015037627463243552,2.9501122687056814e-05,0.0014876240694333227,2.0383566426149207e-05,1.613867689103255e-05,9.117556260907607e-06,-0.24163151481733766,0.09562833220650718,-0.23654240860861817,-0.2571043074131012,0.7793675661087036,0.062371544539928436,-0.5679730176925659,0,consistent_success
1000,curobo_threshold_N1000_K16,520,1,1,4.083391189575195,0.5210744738578796,2.091708183288574,0.83689945936203,0.10484160482883453,1.8751722574234009,0.0003772672698687529,7.470028428836378e-06,0.000376317541063411,1.0933637455190016e-05,9.497288053419029e-07,3.4636090263536385e-06,0.1699158841051943,-0.2009696409800412,-0.35291199751240804,0.7176377773284912,0.3754557967185974,0.5858038067817688,0.02937452308833599,0,consistent_success
1000,curobo_threshold_N1000_K16,521,1,1,-1.2569552659988403,0.1744300276041031,-0.8029056191444397,0.029602013528347015,-2.571535348892212,-0.5419846177101135,5.372690026206328e-05,3.6816749384104237e-06,0.00010476952832237642,4.182619578303747e-06,5.104262806031314e-05,5.009446398933233e-07,0.4185359695076434,-1.009904098994584,0.2339371899147455,-0.37480512261390686,-0.5258138179779053,0.6128882765769958,0.4554216265678406,0,consistent_success
1000,curobo_threshold_N1000_K16,522,1,1,0.46076181530952454,-1.6290216445922852,-1.4772682189941406,2.604806661605835,-1.0994153022766113,0.44328242540359497,1.4901161193847656e-05,1.1058695602585325e-05,3.954576523808699e-05,9.352621701108691e-06,2.4644604044239334e-05,1.7060739014766336e-06,-0.6504061217685488,-0.09308762241793109,0.6175193813376509,-0.40242984890937805,-0.5133548974990845,0.6712797284126282,0.35199499130249023,0,consistent_success
1000,curobo_threshold_N1000_K16,523,1,1,1.1508234739303589,-0.46970245242118835,-0.8572600483894348,0.2793096899986267,1.4721356630325317,0.5911492705345154,0.0002154235829721074,3.6633199318992603e-06,0.00021549166094798943,3.818191820832846e-06,6.807797588203116e-08,1.548718889335854e-07,0.18041508740979895,0.828379113016061,0.9813507130315726,-0.0951804667711258,0.08341255784034729,0.2490425556898117,0.9601879119873047,0,consistent_success
1000,curobo_threshold_N1000_K16,524,1,1,0.44830816984176636,-0.40503695607185364,2.596449375152588,-0.8768618106842041,2.572425365447998,2.784823179244995,0.01374948442389723,0.001861830193476801,0.013758877209866177,0.0018629959174669732,9.392785968948339e-06,1.1657239901720871e-06,0.08005957522881818,0.13425834278203863,-0.17450833872786095,0.23818375170230865,0.7840895652770996,-0.3819264769554138,0.427322119474411,0,consistent_success
1000,curobo_threshold_N1000_K16,525,1,1,-2.4150149822235107,-0.7677788138389587,2.287412166595459,1.2894227504730225,0.9894812703132629,-0.5562965273857117,7.450580596923828e-06,2.127633896342291e-05,5.7630319347109e-05,2.359877309145089e-05,5.017973875018517e-05,2.3224341280279793e-06,-0.12577136733389627,-0.39885098911479583,0.06501421345198691,-0.27475014328956604,0.7482941746711731,-0.27652549743652344,0.5367511510848999,0,consistent_success
1000,curobo_threshold_N1000_K16,526,1,1,1.482488751411438,1.0324487686157227,-1.0511956214904785,-2.093345880508423,-2.033677816390991,0.8237440586090088,8.948454421897623e-05,1.1772230094489083e-05,0.00013433461739479033,1.5972642350651045e-05,4.48500731758141e-05,4.200412256161963e-06,-0.031661389082002604,1.0344726104190494,-0.39849868524318455,-0.32228899002075195,0.8150534629821777,-0.4680973291397095,0.11270584166049957,0,consistent_success
1000,curobo_threshold_N1000_K16,527,1,1,-1.2501201629638672,-2.1418871879577637,-0.39039933681488037,1.8346351385116577,0.5498077273368835,-2.770066738128662,8.770270198965591e-05,8.793106607445264e-06,0.0001261504847296412,1.2605816820395112e-05,3.844778273998529e-05,3.8127102129498485e-06,0.013047425118280928,0.7302177883539716,0.9119919329146362,-0.4625706970691681,0.4332582354545593,-0.3800627887248993,0.6736972332000732,0,consistent_success
1000,curobo_threshold_N1000_K16,528,1,1,0.5129179954528809,0.6434409022331238,0.04456393048167229,0.5464518666267395,0.24055913090705872,-1.8751635551452637,0.011755570994864684,0.001439396083395737,0.011827318838907,0.0014438784045863872,7.174784404231568e-05,4.4823211906501285e-06,0.5986029906943623,0.6280560643594041,-0.6622074498513797,0.06764231622219086,-0.4030454754829407,0.6708201766014099,0.6188530921936035,0,consistent_success
1000,curobo_threshold_N1000_K16,529,1,1,3.021261215209961,-0.048689257353544235,1.2094608545303345,3.3490004539489746,1.541536808013916,-4.0018205642700195,0.00026362846483607427,4.9164328284029346e-06,0.0003410170969303278,2.091309789151873e-06,7.738863209425352e-05,2.8251230392510615e-06,-0.9474476681192453,-0.05329084275911172,-0.254218804225134,0.9521905183792114,0.05413016304373741,0.08664815127849579,0.2879153788089752,0,consistent_success
1000,curobo_threshold_N1000_K16,530,1,1,-0.22320611774921417,0.6591185927391052,-0.5218514204025269,-2.3655006885528564,-2.4024274349212646,-0.6625238060951233,0.00019140888696256297,9.030532927972643e-06,0.0003338326910584732,6.502146373618259e-06,0.00014242380409591022,2.5283865543543837e-06,1.1721902660471781,-0.16783406076140162,-0.30427557465166755,0.2609078288078308,0.6610062718391418,-0.5741921663284302,0.40657249093055725,0,consistent_success
1000,curobo_threshold_N1000_K16,531,1,1,-5.236166954040527,-2.3227131366729736,0.2481360137462616,-3.1195545196533203,-1.44644033908844,4.266330242156982,0.00014600097131278744,5.67991780435689e-06,0.0001941443419774995,2.4148365394514667e-06,4.814337066471206e-05,3.2650812649054233e-06,-0.5716022091940862,-0.6389891075065319,1.1029619280194676,-0.2727195620536804,-0.21574674546718597,-0.11739078909158707,0.9302133321762085,0,consistent_success
1000,curobo_threshold_N1000_K16,532,1,1,0.19207197427749634,-1.2532399892807007,2.139310598373413,-0.05759569630026817,1.5726879835128784,0.11997824907302856,9.884312390795458e-05,5.8173397505900725e-06,0.00011063709647019577,1.1518036199983981e-05,1.1793972562241191e-05,5.700696449393909e-06,0.48910899281906084,0.26195112306543966,0.1192460249385046,0.2142098993062973,0.6350322961807251,0.6820439696311951,0.2926844358444214,0,consistent_success
1000,curobo_threshold_N1000_K16,533,1,1,-0.48481735587120056,-1.1510251760482788,2.474062442779541,1.404822826385498,1.4413588047027588,-0.5726418495178223,5.372690026206328e-05,5.572206818847319e-06,6.489903685604318e-05,4.676310850554341e-06,1.1172136593979895e-05,8.958959682929776e-07,0.31157975780633607,0.03462076797575586,0.200523928234894,0.5415219068527222,-0.5903720259666443,-0.5922788381576538,0.08614353090524673,0,consistent_success
1000,curobo_threshold_N1000_K16,534,1,1,-2.307020425796509,-0.8566694259643555,-1.799489140510559,1.2215152978897095,-1.1577142477035522,-2.366790533065796,0.12012270599370822,0.006587005003714875,0.12014764367927132,0.006589182630114228,2.4937685563095058e-05,2.1776263993533024e-06,0.1502847870190566,-0.13324111197492683,0.757434126294567,-0.07050806283950806,0.7012218832969666,-0.6796849370002747,0.2033344805240631,0,consistent_success
1000,curobo_threshold_N1000_K16,535,1,1,1.6091068983078003,0.76631760597229,-0.973112940788269,-0.6835846900939941,2.3397204875946045,-2.6966516971588135,7.450580596923828e-05,5.7368017958349285e-06,9.646888849790741e-05,4.829673078902934e-06,2.1963082528669126e-05,9.071287169319943e-07,-0.14313726477493988,1.1279994975126846,-0.20089059649708702,0.8784302473068237,-0.2315625697374344,0.40873953700065613,0.08758493512868881,0,consistent_success
1000,curobo_threshold_N1000_K16,536,1,1,1.4237685203552246,0.28474289178848267,0.571170449256897,-0.5176677703857422,3.872185230255127,-1.195729374885559,0.00016961324433850677,1.5649071603263092e-05,0.00020076305036919722,1.619921597029155e-05,3.1149806030690444e-05,5.501443670284566e-07,0.03263563140416925,0.8706963165374507,-0.5655288781889481,0.7300170660018921,0.2902103066444397,0.5523226261138916,-0.2789135277271271,0,consistent_success
1000,curobo_threshold_N1000_K16,537,1,1,-5.3450140953063965,-4.560384273529053,-0.4255034923553467,4.617839336395264,-0.7782639265060425,2.7289319038391113,6.322026990801533e-05,1.5933557512635156e-05,8.252895381965861e-05,1.2134403433412637e-05,1.9308683911643286e-05,3.799154079222519e-06,-0.15965721743383043,0.17054935403476,-1.1599127250383008,0.5363080501556396,-0.30054765939712524,-0.732097864151001,0.29338976740837097,0,consistent_success
1000,curobo_threshold_N1000_K16,538,1,1,-1.9286868572235107,0.1059662401676178,2.816410541534424,-0.3857737183570862,3.5198638439178467,0.5176272392272949,0.177543013705872,0.007001001428932592,0.17756218226030612,0.007008133567222399,1.9168554434123575e-05,7.132138289806661e-06,0.06887134374647222,-0.038749994884350464,0.05264650900039495,0.2014555186033249,-0.6132739186286926,-0.13718357682228088,0.7513264417648315,0,consistent_success
1000,curobo_threshold_N1000_K16,539,1,1,0.6467289328575134,1.4649295806884766,1.1237953901290894,-2.660093307495117,-0.24275127053260803,-0.23337066173553467,4.0978193283081055e-05,1.1174980345738623e-05,6.81384994746867e-05,4.353408482428142e-06,2.7160306191605644e-05,6.821571863310481e-06,-0.5008506158616468,-0.060602554826255955,-0.8987913280252655,-0.20255085825920105,-0.4001763164997101,0.5902788639068604,0.6711206436157227,0,consistent_success
1000,curobo_threshold_N1000_K16,540,1,1,-1.2104822397232056,-0.31220197677612305,1.0593230724334717,1.8339775800704956,-2.7137088775634766,1.1113511323928833,2.2351741790771484e-05,4.162332982314167e-06,3.382700218419814e-05,5.6632936810203185e-06,1.1475260393426657e-05,1.500960698706152e-06,0.4180250020586072,-0.8824642345671058,0.044719265464841194,-0.3000245690345764,-0.5896111130714417,-0.2050974816083908,0.7213036417961121,0,consistent_success
1000,curobo_threshold_N1000_K16,541,1,1,-1.9518296718597412,1.523938536643982,2.857438564300537,0.20147699117660522,0.13370521366596222,-5.449776649475098,0.6089294911362231,0.029928835066151283,0.6089481463817774,0.029931356463823146,1.8655245554333177e-05,2.521397671862574e-06,0.2540029697553777,-0.05415930624587655,0.08435167639485432,0.7415899038314819,0.33465471863746643,0.5673508048057556,0.1271364837884903,0,consistent_success
1000,curobo_threshold_N1000_K16,542,1,1,-3.6539580821990967,0.6308962106704712,1.5706895589828491,-0.6606928110122681,1.872441291809082,-2.569049835205078,0.00022227219176329527,7.937343816851444e-06,0.0002334110088172819,7.443026089337887e-06,1.1138817053986643e-05,4.94317727513557e-07,-0.1049786447374339,-0.09761982481042644,-0.7873245515016547,-0.11951248347759247,0.9600483179092407,0.23562327027320862,0.09222614020109177,0,consistent_success
1000,curobo_threshold_N1000_K16,543,1,1,-1.8689671754837036,-0.41062265634536743,-2.3130414485931396,0.7489157319068909,-2.0342695713043213,-3.6057257652282715,0.00015997075308860076,1.2861046019256583e-05,0.00019393835946863406,1.2313298636799924e-05,3.39676063800333e-05,5.477473824566583e-07,0.06534249120545998,-0.20513452900316145,0.573517662743611,0.09753438830375671,0.9540224075317383,0.03311634436249733,-0.28148114681243896,0,consistent_success
1000,curobo_threshold_N1000_K16,544,1,1,-3.0742597579956055,0.296743243932724,1.105108618736267,-1.2040278911590576,-1.0841363668441772,-0.7903256416320801,6.664001972467304e-05,1.118927726980949e-05,8.249908261206856e-05,1.5177012312529228e-05,1.5859062887395525e-05,3.987735042719739e-06,-0.5635910785324264,-0.24553671177033554,-0.7132319736714288,0.7470620274543762,0.3893619477748871,0.5114080309867859,0.16958022117614746,0,consistent_success
1000,curobo_threshold_N1000_K16,545,1,1,1.584443211555481,-2.076201915740967,1.8448805809020996,0.17556731402873993,2.3651180267333984,1.0789439678192139,7.450580596923828e-05,4.429065188120926e-06,0.00010712561463266475,3.415094585006376e-06,3.261980866342647e-05,1.01397060311455e-06,-0.10268402900697447,0.3303364993598603,0.682074606797847,-0.1209794282913208,0.5638678669929504,0.4031473696231842,0.7105555534362793,0,consistent_success
1000,curobo_threshold_N1000_K16,546,1,1,0.20511989295482635,0.8594710826873779,1.5452748537063599,-0.336582750082016,-1.2045387029647827,0.1203317791223526,0.00025331974029541016,2.2116042446430207e-06,0.0002428978379045294,2.9575586669421963e-06,1.0421902390880756e-05,7.459544222991756e-07,-0.12325088872440966,0.17553578079922583,-0.5899918991878985,0.8003087043762207,-0.29763373732566833,0.033737119287252426,-0.5194053649902344,0,consistent_success
1000,curobo_threshold_N1000_K16,547,1,1,-0.09428323805332184,0.00739715900272131,1.544946312904358,-0.9153866767883301,2.6510472297668457,-0.8244960308074951,1.6763806343078613e-05,5.238659962958368e-06,6.032330165468806e-05,4.182619578303747e-06,4.3559495311609443e-05,1.0560403846546215e-06,0.5938122662520072,0.026829092425995724,-0.5682756389377003,0.512788712978363,0.5238184928894043,0.6047396659851074,-0.3113710284233093,0,consistent_success
1000,curobo_threshold_N1000_K16,548,1,1,-2.997870445251465,-0.4148397445678711,0.8458284139633179,-0.7465928792953491,-0.07416436821222305,0.4318798780441284,0.00014245277668578638,7.203518098524197e-06,8.588323146797172e-05,1.5696437506434578e-05,5.6569545217814655e-05,8.49291940791038e-06,-1.0613843967884036,-0.41215696811766445,0.022767184738078743,0.6893594264984131,0.7143483757972717,0.03472642973065376,0.11525654047727585,0,consistent_success
1000,curobo_threshold_N1000_K16,549,1,1,0.1812012493610382,0.2848126292228699,1.5179312229156494,-2.062363386154175,-1.077070713043213,1.0255171060562134,9.42432194506182e-05,1.5007060814369588e-05,0.00010464768335232774,1.1581149199548762e-05,1.0404463901709545e-05,3.4259116148208254e-06,0.36294029642067116,0.2775860747685403,-0.7342972071372024,0.5463091731071472,0.13385815918445587,-0.7714332938194275,-0.29752132296562195,0,consistent_success
1000,curobo_threshold_N1000_K16,550,1,1,2.0973753929138184,2.042405605316162,0.6822701096534729,0.8327847719192505,0.6137324571609497,-3.489656448364258,0.00012013700256829907,6.398827382783447e-06,0.00011153829559397332,7.443026089337887e-06,8.598706974325749e-06,1.04419870655444e-06,0.1967536024444589,-0.8146274411095532,-0.5223521339430743,0.7631821632385254,0.6023730039596558,-0.14427407085895538,-0.18407803773880005,0,consistent_success
1000,curobo_threshold_N1000_K16,551,1,1,1.3221501111984253,-1.2496241331100464,0.8970066905021667,1.8969653844833374,0.24028311669826508,0.4796454608440399,0.00010745380052412656,6.206890423976731e-06,0.00013686454980621563,4.00455336570039e-06,2.941074928208907e-05,2.2023370582763407e-06,-0.09429950260996757,0.6586665761911337,0.8806593278782918,0.6142938137054443,-0.2725531756877899,-0.7380121350288391,0.06079419329762459,0,consistent_success
1000,curobo_threshold_N1000_K16,552,1,1,1.05619215965271,-0.9882502555847168,2.861217975616455,0.13588477671146393,-1.9608595371246338,-0.10419834405183792,0.00030610917178819363,8.764871831204851e-06,0.00030199825991594764,7.344438609485204e-06,4.1109118722459925e-06,1.420433221719647e-06,-0.0640656464847168,0.14854740973276628,0.21828919601601154,0.8993111848831177,-0.17014369368553162,0.2286337912082672,-0.33168819546699524,0,consistent_success
1000,curobo_threshold_N1000_K16,553,1,1,2.1843841075897217,0.691178560256958,-1.8606147766113281,1.0306915044784546,-0.9698200821876526,1.33560311794281,9.541398782175747e-05,1.2322434096168831e-05,7.938421969622784e-05,4.182619578303747e-06,1.602976812552963e-05,8.139814517865085e-06,-0.5427632322092177,0.39541384195345936,0.1388976443235997,0.5368247628211975,0.6055422425270081,-0.43629390001296997,0.39342769980430603,0,consistent_success
1000,curobo_threshold_N1000_K16,554,1,1,-2.414262294769287,1.6156798601150513,-1.3777103424072266,-0.6565672755241394,0.6580979824066162,2.123777151107788,8.940696716308594e-05,5.826007957985621e-06,9.54002523555733e-05,8.009106731400786e-06,5.9932851924873645e-06,2.1830987734151647e-06,-0.3110360138269311,-0.5939962429484829,-0.7017805382986985,0.4603375792503357,0.41071856021881104,-0.45497921109199524,0.6421787142753601,0,consistent_success
1000,curobo_threshold_N1000_K16,555,1,1,-2.2234506607055664,0.03565267100930214,1.6847798824310303,-0.2445402592420578,0.2972763180732727,0.9622447490692139,8.237862658688755e-05,8.451760319033116e-06,4.0142953378931895e-05,6.9360898910140305e-06,4.2235673207955654e-05,1.5156704280190858e-06,-0.05093815705835868,-0.4817507878200628,-0.4982689526156387,-0.05388757586479187,0.5756109356880188,-0.5607776045799255,0.5927028656005859,0,consistent_success
1000,curobo_threshold_N1000_K16,556,1,1,-0.8813303112983704,0.2903648316860199,1.9918360710144043,0.0060419910587370396,0.40751639008522034,0.018694614991545677,0.0001399836975224389,5.485066337906705e-06,0.00014051182522141685,2.4148365394514667e-06,5.281276989779575e-07,3.0702297984552384e-06,0.25639107873444045,0.07979985566167333,-0.43286803000418905,-0.45351600646972656,0.8022680282592773,0.07537158578634262,0.38079968094825745,0,consistent_success
1000,curobo_threshold_N1000_K16,557,1,1,0.12373937666416168,-0.45644479990005493,-2.7134270668029785,1.5509859323501587,1.6620606184005737,0.7416272163391113,0.00032993540344250505,3.1034136608859256e-05,0.00034238957925954253,3.139287501286945e-05,1.2454175817037483e-05,3.5873840401019703e-07,0.06855468827174431,0.1652626513749575,0.47813480339331677,0.34395816922187805,-0.0004274793900549412,-0.05153905972838402,0.9375693798065186,0,consistent_success
1000,curobo_threshold_N1000_K16,558,1,1,2.8731963634490967,0.6032872796058655,2.1437923908233643,-0.1510740965604782,-2.710867166519165,0.7283535003662109,0.00013102221885219478,1.1804310441228197e-05,0.0001414568730489709,1.219432677776366e-05,1.0434654196776126e-05,3.9001633653546336e-07,0.02840124104290919,-0.09094997777005971,-0.3210087305975887,0.6117567420005798,-0.5291494727134705,0.33416834473609924,0.48382437229156494,0,consistent_success
1000,curobo_threshold_N1000_K16,559,1,1,-0.17675313353538513,2.684792995452881,-2.934882402420044,0.017916440963745117,1.547051191329956,-2.1085493564605713,0.012185250852780882,0.0010281888049457175,0.012172887206466823,0.0010278385158227505,1.2363646314059173e-05,3.5028912296697703e-07,0.14888070549729782,0.14215460626153917,-0.09238846781730203,0.7372598648071289,-0.12054086476564407,0.6086488962173462,-0.26732808351516724,0,consistent_success
1000,curobo_threshold_N1000_K16,560,1,1,1.3239796161651611,-0.8790134787559509,-0.39953720569610596,-0.1538238823413849,-0.8338276743888855,-0.267329603433609,3.3527612686157227e-05,3.5830726543975644e-06,9.962627296272765e-05,5.7905745997743736e-06,6.609866027657043e-05,2.207501945376809e-06,-0.057696101129672446,0.6956333163276117,1.063055262102849,-0.028968947008252144,0.9308474659919739,-0.015363804064691067,-0.3639336824417114,0,consistent_success
1000,curobo_threshold_N1000_K16,561,1,1,-2.929762601852417,-0.7189532518386841,-1.6279376745224,0.7138499021530151,2.0853404998779297,1.7521570920944214,3.332000986233652e-05,3.390260610498009e-06,9.59929809662603e-05,2.091309789151873e-06,6.267297110392378e-05,1.2989508213461358e-06,-0.14138483331883842,-0.1516823538378737,1.0260894053314336,0.9464530944824219,-0.2547490894794464,0.026215344667434692,0.19657625257968903,0,consistent_success
1000,curobo_threshold_N1000_K16,562,1,1,-0.1610535979270935,-0.016598815098404884,1.5193549394607544,-1.409369945526123,2.609036684036255,0.8304861783981323,3.725290298461914e-06,1.7988788997586464e-05,4.454972915733467e-05,7.73124918760008e-06,4.082443885887276e-05,1.0257539809986384e-05,0.6913111574290769,-0.02669333719561666,-0.5530790016964537,0.5848245620727539,0.710604190826416,-0.13680270314216614,0.3664790987968445,0,consistent_success
1000,curobo_threshold_N1000_K16,563,1,1,-2.0194172859191895,2.5344836711883545,-2.339665651321411,-0.3693158030509949,0.10898470878601074,-2.293282985687256,0.0002623620218855649,8.133250515011626e-06,0.00025359983622709703,1.2835032264144347e-05,8.76218565846787e-06,4.701781749132721e-06,0.19178664903941972,-0.19087078901112367,-0.4448354963565366,0.5337851643562317,-0.1184973269701004,0.6903017163276672,-0.47383052110671997,0,consistent_success
1000,curobo_threshold_N1000_K16,564,1,1,-1.929194688796997,-0.4995896518230438,2.062375783920288,-0.3913881182670593,0.8850241899490356,-2.957720994949341,0.00015273690223693848,9.58585431491268e-06,0.00012399866680319805,9.195423586105984e-06,2.8738235433740423e-05,3.904307288066966e-07,0.04581434471208767,-0.5115110684888557,-0.2625255077992291,0.31198859214782715,0.1829635500907898,0.9072118997573853,-0.2148348093032837,0,consistent_success
1000,curobo_threshold_N1000_K16,565,1,1,-2.8156654834747314,-0.3533274531364441,-1.3883910179138184,-1.0372453927993774,0.8416260480880737,2.5711867809295654,2.9802322387695312e-05,1.289447797451313e-05,7.396928713819238e-05,9.734517300533534e-06,4.416696475049707e-05,3.159960673979597e-06,-0.35756837654841683,-0.3587446187476117,1.0355917206918217,0.7306334972381592,0.4525164067745209,0.40368515253067017,0.31375446915626526,0,consistent_success
1000,curobo_threshold_N1000_K16,566,1,1,-2.857926845550537,0.1361551433801651,-1.35850191116333,-1.4519816637039185,1.2999709844589233,2.4432501792907715,8.429369557916289e-05,1.012718492525327e-05,8.758620482107134e-05,1.024528375501914e-05,3.2925092419084566e-06,1.180988297658699e-07,-0.6908024724393442,-0.39784618804035093,0.7254516478349711,0.7453728914260864,0.2607265114784241,0.4636898636817932,0.40178680419921875,0,consistent_success
1000,curobo_threshold_N1000_K16,567,1,1,-1.6489778757095337,-1.3855828046798706,1.85188889503479,0.0009360469994135201,-0.09838031232357025,2.48166823387146,6.664001972467304e-05,1.471749741661516e-05,7.987845832385335e-05,6.156649318399953e-06,1.3238438599180315e-05,8.560848098215207e-06,0.21088787994610314,-0.581951006818508,0.37231312277462913,-0.4615846574306488,0.5361207127571106,-0.4364100694656372,0.5559320449829102,0,consistent_success
1000,curobo_threshold_N1000_K16,568,1,1,2.4008519649505615,-0.7476704716682434,-2.197133779525757,-0.6202327609062195,-0.6550512313842773,2.652925491333008,0.0002103387402030421,1.4747954204689355e-05,0.00021706759331426698,1.6466989746779886e-05,6.728853111224873e-06,1.7190355420905312e-06,-0.07966533834992168,-0.24837901833120618,0.783876141879282,-0.3643960952758789,-0.591681718826294,0.15732693672180176,0.701695442199707,0,consistent_success
1000,curobo_threshold_N1000_K16,569,1,1,-1.368057131767273,1.756675362586975,0.4630233645439148,0.6115199327468872,-1.0477064847946167,1.1351885795593262,0.0001077117914860537,8.12483960176759e-06,9.825032305291213e-05,5.122641877509564e-06,9.46146843314157e-06,3.002197724258026e-06,0.12148658337133823,0.4519520758949537,-0.7955708922707196,0.6035382151603699,0.06929196417331696,0.602421224117279,-0.5177150964736938,0,consistent_success
1000,curobo_threshold_N1000_K16,570,1,1,-0.28304925560951233,-0.6091123223304749,2.008159875869751,0.9963616728782654,-0.5426167845726013,-1.3485151529312134,3.0034250642074767e-05,2.408438708059342e-05,4.7763506599631714e-05,2.9003182112398563e-05,1.7729255957556947e-05,4.918795031805143e-06,0.601869316378199,0.07790441590252856,0.030845944241563956,-0.17272599041461945,0.45047491788864136,0.34900277853012085,0.8033897876739502,0,consistent_success
1000,curobo_threshold_N1000_K16,571,1,1,-2.4814767837524414,-0.49179139733314514,1.116016149520874,1.437499761581421,-2.4882166385650635,0.6348901391029358,0.0001341104507446289,3.6906061395114726e-06,0.00013052697407727381,2.091309789151873e-06,3.583476667355092e-06,1.5992963503595996e-06,-0.6775930054335226,-0.6408695885664469,0.18577118019583644,0.22613421082496643,-0.45963528752326965,0.1438617706298828,0.8467009663581848,0,consistent_success
1000,curobo_threshold_N1000_K16,572,1,1,-0.40633538365364075,2.340468406677246,-1.5398675203323364,-1.3272700309753418,2.1937217712402344,0.8976156711578369,0.0001365714012990793,5.638017126094415e-06,0.00011312879626761302,1.0316186218701491e-05,2.3442605031466276e-05,4.678169092607076e-06,0.13124204049235377,0.06344313101801773,-0.7853642273534196,0.555128276348114,0.5057942867279053,-0.2001238316297531,0.6292496919631958,0,consistent_success
1000,curobo_threshold_N1000_K16,573,1,1,-2.140416383743286,0.3895200490951538,1.5441759824752808,1.0263351202011108,-2.2128348350524902,2.109920024871826,6.664001972467304e-05,1.253203682256502e-05,6.642948828107532e-05,1.344524082641768e-05,2.1053144359771956e-07,9.132040038526609e-07,-0.13210917698916708,-0.4078877369026008,-0.5129991805288182,-0.3626197576522827,-0.64676433801651,0.0969049260020256,0.6639369130134583,0,consistent_success
1000,curobo_threshold_N1000_K16,574,1,1,-0.24206912517547607,0.5421427488327026,-1.1005072593688965,-0.3353064954280853,0.16079722344875336,0.14589247107505798,2.83709660209297e-05,1.8821816267317432e-05,0.00011005544271896535,2.0276000680978356e-05,8.168447669803565e-05,1.4541844136609234e-06,1.1378254387805795,-0.01833330381319713,0.053741670389526444,0.3870997428894043,-0.13080215454101562,0.6484593749046326,0.6422966718673706,0,consistent_success
1000,curobo_threshold_N1000_K16,575,1,1,-0.7192232608795166,-1.5281424522399902,1.3984601497650146,0.5929072499275208,-0.7758442163467407,-0.7957072854042053,7.450580596923828e-05,8.475200956146627e-06,0.00011466058053004002,3.415094585006376e-06,4.015477456080174e-05,5.060106371140251e-06,0.5155807691958565,-0.14609350193291543,0.7380974042450641,0.181593656539917,-0.13200774788856506,0.5710606575012207,0.7896122336387634,0,consistent_success
1000,curobo_threshold_N1000_K16,576,1,1,1.2908848524093628,-2.9964470863342285,2.699038505554199,2.7725353240966797,-0.8273562788963318,-1.4520150423049927,9.253429311684158e-05,5.267599041227444e-06,0.00010377904232735632,6.6133022267264155e-06,1.1244749210514743e-05,1.3457031854989715e-06,-0.23868826095208612,-0.011055413423301394,0.5164274205468613,0.6638729572296143,-0.15844760835170746,-0.497340589761734,-0.5355551838874817,0,consistent_success
1000,curobo_threshold_N1000_K16,577,1,1,-3.421327829360962,-0.4187760353088379,-2.7270302772521973,1.425835132598877,-0.8302422761917114,-2.4218811988830566,1.1365599930286407,0.11413684996106332,1.1365500296902677,0.11413493291661879,9.96333837299801e-06,1.917044444535443e-06,-0.1689776842136929,-0.18558605596321623,0.32360555603512486,-0.2520903944969177,-0.2882431447505951,0.8839569091796875,-0.2683030664920807,0,consistent_success
1000,curobo_threshold_N1000_K16,578,1,1,-0.6342223286628723,-0.6361796855926514,-2.041893482208252,2.7300944328308105,2.895488739013672,-1.2527474164962769,2.0126865711063147,0.028237699570965297,2.012725786472963,0.028235610869836465,3.921536664819314e-05,2.0887011288328594e-06,0.04038497994121102,0.06030331263934795,0.6300690496136521,0.4660918712615967,0.638276219367981,0.3143058121204376,-0.5259027481079102,0,consistent_success
1000,curobo_threshold_N1000_K16,579,1,1,1.5272774696350098,-3.311842679977417,-2.6109516620635986,1.6657593250274658,2.8952274322509766,0.27024587988853455,0.4270367498975247,0.08555219478954923,0.4270401304325469,0.08555068849899963,3.3805350221904895e-06,1.5062905495966117e-06,-0.08192039278633176,-0.17798375007839637,-0.1475109827259628,0.6153877973556519,-0.016508452594280243,0.7803934216499329,-0.10959663987159729,0,consistent_success
1000,curobo_threshold_N1000_K16,580,1,1,-0.3630409240722656,-0.5997838973999023,1.9392486810684204,0.32905566692352295,-1.5240384340286255,-1.2940576076507568,2.0061301952978283e-05,1.079508471680964e-05,2.7999595250737567e-05,9.583585410390605e-06,7.938293297759283e-06,1.2114993064190348e-06,0.555420523067592,-0.031010918076909283,0.018645462277261896,0.041933655738830566,0.053694479167461395,0.006809468846768141,0.9976533055305481,0,consistent_success
1000,curobo_threshold_N1000_K16,581,1,1,-2.0510354042053223,0.7622637152671814,-0.9401249289512634,-0.5790373682975769,0.45809829235076904,0.9978336095809937,0.00016049041562382627,1.1963051976268916e-05,0.0002467998199404215,1.413246851386007e-05,8.630940431659525e-05,2.1694165375911546e-06,-0.29638609119318976,-1.1028239166782443,-0.2501803007612183,0.7003753781318665,0.575088620185852,0.132043719291687,0.4016364514827728,0,consistent_success
1000,curobo_threshold_N1000_K16,582,1,1,1.2285813093185425,-1.8838179111480713,-2.8387765884399414,-3.0688297748565674,-1.6193076372146606,0.03478837013244629,7.517797939726734e-05,7.504261578539406e-06,0.00011154638924072341,7.824964720612765e-06,3.6368409843456076e-05,3.207031420733589e-07,-0.17468598868450552,-0.0151579642376552,0.03814651333532405,0.03460738807916641,0.981658935546875,-0.1864955574274063,0.019168755039572716,0,consistent_success
1000,curobo_threshold_N1000_K16,583,1,1,1.0098985433578491,0.5924655199050903,-0.9141818881034851,-2.2460570335388184,-2.546400308609009,0.21613702178001404,0.0001687519528559278,1.026845976998314e-05,0.00020018830838944662,1.6333651602943885e-05,3.1436355533518806e-05,6.0651918329607446e-06,0.541210267564046,1.026194177098758,0.03562018937174662,-0.34546706080436707,0.6331567168235779,-0.5012883543968201,0.47799065709114075,0,consistent_success
1000,curobo_threshold_N1000_K16,584,1,1,0.03301934897899628,-0.2846503257751465,2.239837884902954,-1.244618535041809,0.7635290026664734,1.3499228954315186,6.828570064953965e-05,2.248948333046644e-06,0.00010496318363634164,1.2074182697257333e-06,3.667748298680199e-05,1.0415300633209107e-06,0.3378217725341104,0.2418307459581709,-0.3606585963539523,-0.3194506764411926,0.8084169626235962,0.26828086376190186,0.41525739431381226,0,consistent_success
1000,curobo_threshold_N1000_K16,585,1,1,-1.164617657661438,1.9176340103149414,1.5638082027435303,-0.9391788244247437,-0.8184000849723816,-0.1426558494567871,6.746788017153449e-05,8.446562325794981e-06,7.5318063332371e-05,5.7905745997743736e-06,7.850183160836515e-06,2.6559877260206077e-06,-0.09072115401743144,0.7853403493468593,-0.12397895588608612,-0.2780897319316864,0.43040063977241516,-0.3299209475517273,0.7928262948989868,0,consistent_success
1000,curobo_threshold_N1000_K16,586,1,1,1.3278995752334595,1.2886133193969727,1.3409231901168823,-2.173956871032715,-0.9033374190330505,-2.2608633041381836,2.9802322387695312e-05,1.1093348076617556e-05,3.519748494728605e-05,8.009106731400786e-06,5.395162559590739e-06,3.0842413452167706e-06,-0.3214134193630479,-0.37821436364650013,-0.812944085190035,-0.08677007257938385,-0.501567542552948,-0.2750442922115326,0.8156296014785767,0,consistent_success
1000,curobo_threshold_N1000_K16,587,1,1,0.13891400396823883,1.79606032371521,-1.9378454685211182,-1.6980229616165161,2.1584532260894775,-0.12447912991046906,6.664001972467304e-05,8.028438974038551e-06,7.087807795861963e-05,5.6632936810203185e-06,4.238058233946591e-06,2.3651452930182327e-06,0.5003619689216093,0.18387946960867527,-0.2836422824016729,0.6381703615188599,0.149778351187706,-0.27642661333084106,0.7027754783630371,0,consistent_success
1000,curobo_threshold_N1000_K16,588,1,1,0.1719168871641159,0.20237615704536438,-2.234790563583374,0.5270557999610901,-1.8874744176864624,0.951066255569458,9.884312390795458e-05,5.075827776597414e-06,0.00014455895463315048,2.9575586669421963e-06,4.57158307251959e-05,2.1182691096552174e-06,0.42450099233454,0.2109585069201853,0.42169502020685434,-0.06648962944746017,-0.3853003978729248,0.9086607098579407,-0.14648719131946564,0,consistent_success
1000,curobo_threshold_N1000_K16,589,1,1,1.166648507118225,-1.5407451391220093,2.0149266719818115,-0.12205657362937927,1.0453954935073853,0.2312479168176651,9.455561666982248e-05,5.658807063491957e-06,0.0001106054188931378,6.502146373618259e-06,1.604980222331532e-05,8.433393101263016e-07,0.02794734243522769,0.5998459478722945,0.3415945318652163,-0.1644369512796402,0.10618417710065842,0.7986941933631897,0.5690105557441711,0,consistent_success
1000,curobo_threshold_N1000_K16,590,1,1,1.4269418716430664,1.0407212972640991,-2.7096662521362305,1.7666490077972412,1.882346749305725,-1.7518773078918457,7.570684346092094e-05,1.0538017733235537e-05,7.776193960317015e-05,1.5272767283331423e-05,2.0550961422492113e-06,4.734749550095886e-06,-0.08705439382218699,0.34545048810495294,0.045121776310645866,0.6060101389884949,-0.4547107517719269,0.5828073024749756,0.29381197690963745,0,consistent_success
1000,curobo_threshold_N1000_K16,591,1,1,-0.19710032641887665,-1.0510481595993042,-0.2975600063800812,-1.4613395929336548,-1.7320311069488525,-4.596945285797119,0.00011944189282075968,8.13193717492812e-06,5.989642327910114e-05,9.659346157805877e-06,5.954546954165854e-05,1.5274089828777571e-06,0.5722717427742292,0.0378053961081562,1.2964777759921553,0.575645387172699,0.17248934507369995,0.7943143248558044,-0.08913199603557587,0,consistent_success
1000,curobo_threshold_N1000_K16,592,1,1,-2.9853076934814453,-0.04660097882151604,2.540557622909546,-0.43641945719718933,0.9026108980178833,-0.9483442306518555,2.986047320518992e-05,4.753880734409447e-06,8.72669099408578e-05,6.9360898910140305e-06,5.740643673566788e-05,2.182209156604583e-06,0.015833245639182647,-0.2212972896064499,-0.19930929538648184,0.20801039040088654,0.8738240003585815,-0.28865912556648254,0.3314199447631836,0,consistent_success
1000,curobo_threshold_N1000_K16,593,1,1,5.06361198425293,0.7483524084091187,-0.3890282213687897,-0.32411128282546997,-4.153801441192627,-3.452206611633301,0.00019768624781590916,1.2887576628854229e-05,0.00022424676831563466,1.6422663987382993e-05,2.6560520499725504e-05,3.535087358528764e-06,0.4721534538216562,-0.9540967487100922,-0.6087501066724746,-0.18473874032497406,-0.043616171926259995,0.716257631778717,-0.6715238094329834,0,consistent_success
1000,curobo_threshold_N1000_K16,594,1,1,-2.291518449783325,2.4827558994293213,-2.3544039726257324,0.4542376697063446,-3.044086217880249,-1.3929224014282227,1.0092586744576693,0.04345092875591047,1.0092876006057652,0.04345003687461776,2.89261480959091e-05,8.918812927152797e-07,0.045200905196283836,-0.05638332959407537,-0.41229283801030825,-0.41129574179649353,0.6739795804023743,-0.13643263280391693,-0.5983088612556458,0,consistent_success
1000,curobo_threshold_N1000_K16,595,1,1,0.9268200993537903,0.7893937230110168,1.4040273427963257,-3.272345781326294,0.09578122198581696,-0.2579459846019745,0.009372392014483921,0.001824226633692042,0.00941765934303747,0.0018213911603164516,4.526732855354883e-05,2.8354733755903225e-06,-0.08236685126479876,0.31619806651522353,-0.8189529095692447,0.16551385819911957,-0.6055375933647156,0.30194759368896484,0.7174656987190247,0,consistent_success
1000,curobo_threshold_N1000_K16,596,1,1,1.9708716869354248,1.2429159879684448,-2.456378936767578,0.39458563923835754,1.5939080715179443,-1.0793371200561523,3.071953003086492e-05,4.072229140410177e-06,6.133492182920598e-05,6.9360898910140305e-06,3.061539179834106e-05,2.863860750603853e-06,-0.3611976050245336,0.43868928561725673,0.0723476044714454,0.3138510286808014,-0.23953932523727417,0.27843984961509705,0.8755511045455933,0,consistent_success
1000,curobo_threshold_N1000_K16,597,1,1,-2.8072335720062256,-0.802746057510376,-1.876543402671814,1.3672579526901245,0.37972718477249146,1.6568669080734253,0.17453826148994267,0.008757490628696492,0.17455282194324764,0.008756498317493595,1.4560453304973686e-05,9.923112028967923e-07,0.050154225303925604,-0.24659614676789798,0.8261753370516949,0.7877163887023926,0.5652509927749634,-0.037069812417030334,0.24211573600769043,0,consistent_success
1000,curobo_threshold_N1000_K16,598,1,1,-0.5612624287605286,-2.0449066162109375,-0.6431583166122437,-0.22568196058273315,3.744364023208618,1.9703155755996704,5.9604644775390625e-05,6.676629343770198e-06,0.00013148771595101653,4.676310850554341e-06,7.18830711756259e-05,2.0003184932158564e-06,-0.5599961559960116,0.45600977679263044,1.0234459574845527,0.5194491147994995,0.5769785046577454,0.4807540476322174,-0.4076076149940491,0,consistent_success
1000,curobo_threshold_N1000_K16,599,1,1,-1.0200436115264893,-0.8739635348320007,0.6201517581939697,1.6580567359924316,-2.4945318698883057,0.35923802852630615,0.0,8.98365246796762e-06,0.00010708597397850563,8.2776426154535e-06,0.00010708597397850563,7.060098525141205e-07,0.5079378425176861,-0.6543709201700739,0.7759637320821683,-0.4253445863723755,-0.4491618573665619,0.03166423365473747,0.7850687503814697,0,consistent_success
1000,curobo_threshold_N1000_K16,600,1,1,-1.8323254585266113,0.08317576348781586,-0.5962498188018799,0.3371734917163849,-1.8683876991271973,-1.9105335474014282,4.214684778958144e-05,5.766702877395178e-06,7.935534220642359e-05,2.9575586669421963e-06,3.7208494416842144e-05,2.8091442104529814e-06,-0.13715471258328846,-1.041921793634461,0.22803302652141733,0.5090345144271851,-0.6211845278739929,0.4447261393070221,0.3965252935886383,0,consistent_success
1000,curobo_threshold_N1000_K16,601,1,1,2.660126209259033,-0.10070070624351501,-2.1059367656707764,-2.0556719303131104,0.6472771167755127,1.5140904188156128,0.00025156055016850587,1.0061778472117407e-05,0.0002547084885044308,1.3766686389570068e-05,3.147938335924913e-06,3.704907917452661e-06,-0.2346569602122455,-0.14535044369839084,0.6495541255428088,0.07712982594966888,0.28113600611686707,0.8321323990821838,-0.4717724621295929,0,consistent_success
1000,curobo_threshold_N1000_K16,602,1,1,-0.6433796286582947,1.1192835569381714,2.919843912124634,-1.2027136087417603,-1.8347680568695068,3.6950080394744873,2.686345013103164e-05,1.0625087376862284e-05,7.295634761917002e-05,8.872676000826597e-06,4.609289748813838e-05,1.7524113760356865e-06,0.0521628065719438,0.13572744903171163,0.16114646492869011,0.6425798535346985,0.5957765579223633,0.004724092315882444,0.48178744316101074,0,consistent_success
1000,curobo_threshold_N1000_K16,603,1,1,-1.6331758499145508,1.1149506568908691,-0.58237624168396,-1.0361658334732056,-0.1233200952410698,1.4696874618530273,6.143906006172983e-05,8.191683156730724e-06,9.048649783001427e-05,9.956626120759439e-06,2.904743776828444e-05,1.7649429640287147e-06,0.20455194517235964,-0.8227059772079773,-0.8196044588143558,0.18811561167240143,0.6900116205215454,0.23143930733203888,0.6594940423965454,0,consistent_success
1000,curobo_threshold_N1000_K16,604,1,1,2.566925048828125,-2.3080523014068604,1.579910159111023,1.1550203561782837,-0.2196083664894104,0.23226316273212433,0.018866749087464996,0.0009883830677750581,0.01888183302817593,0.0009923127217543316,1.50839407109353e-05,3.929653979273468e-06,-0.09567732036888181,-0.24053879149373006,0.8642287103094713,0.7313013672828674,0.5879252552986145,-0.3305152952671051,0.10149800032377243,0,consistent_success
1000,curobo_threshold_N1000_K16,605,1,1,-2.2694251537323,-1.5275294780731201,1.7461614608764648,0.24423420429229736,-1.1611266136169434,0.8404027819633484,8.024520781191313e-05,1.4962872986513453e-05,5.401515769014236e-05,1.4539241291064202e-05,2.6230050121770772e-05,4.2363169544925097e-07,-0.14079736114466124,-0.47962080455648,0.5488350239405061,0.0477597750723362,0.48262259364128113,0.2495838850736618,0.838154137134552,0,consistent_success
1000,curobo_threshold_N1000_K16,606,1,1,-1.780268907546997,-1.4810034036636353,1.8144757747650146,1.755061388015747,0.5961664319038391,-0.7999658584594727,0.00010745380052412656,2.7462897042765233e-05,0.00013802676089338633,2.8316468405101867e-05,3.057296036925976e-05,8.535713623366345e-07,0.13735578494594544,-0.5091877485781926,0.5617841453841297,0.02090030163526535,0.8520717620849609,0.1338571161031723,0.5055879354476929,0,consistent_success
1000,curobo_threshold_N1000_K16,607,1,1,-2.8208887577056885,-0.33486077189445496,2.238454818725586,0.6747866868972778,2.1626057624816895,1.8888334035873413,0.00021696418173178245,9.252353055455643e-06,0.00019681310820127688,1.1454575462498555e-05,2.0151073530505568e-05,2.202222407042912e-06,-0.21561438245208134,-0.19017102750500975,-0.15549756143880597,0.35823896527290344,-0.14188940823078156,0.8375080823898315,0.3874434232711792,0,consistent_success
1000,curobo_threshold_N1000_K16,608,1,1,-1.1373772621154785,0.6919611692428589,-0.0012257103808224201,-1.1985454559326172,1.7050039768218994,-0.7220931053161621,1.5969355590641499,0.0460081575842592,1.5970256183003182,0.046005203939497336,9.005923616833833e-05,2.95364476186194e-06,0.5785814314138162,-0.8888821793142382,-0.6854784000883781,0.846446692943573,0.45497122406959534,0.2274657040834427,-0.15744374692440033,0,consistent_success
1000,curobo_threshold_N1000_K16,609,1,1,0.20277324318885803,-2.797220230102539,1.5852247476577759,4.232113361358643,-0.8314878940582275,-0.1763315051794052,7.300048565639372e-05,1.3466765305234967e-05,8.736923855581566e-05,1.6643112294063987e-05,1.4368752899421934e-05,3.17634698882902e-06,-0.36043535939795585,0.15668666560158784,0.9928731467579363,0.6672442555427551,-0.6634019613265991,0.12299317121505737,-0.31552445888519287,0,consistent_success
1000,curobo_threshold_N1000_K16,610,1,1,0.3240184783935547,0.6364855766296387,-2.8208985328674316,-0.17324931919574738,-1.0782970190048218,1.01870596408844,0.00012013700256829907,2.2644295430142618e-05,0.00010875495934584157,2.119010463505997e-05,1.1382043222457494e-05,1.4541907950826477e-06,0.22005938227803706,0.2928362760724441,0.2560091507680852,0.3950009047985077,-0.46457967162132263,0.7715198993682861,0.18137548863887787,0,consistent_success
1000,curobo_threshold_N1000_K16,611,1,1,-2.5002543926239014,-0.18631891906261444,0.2288929671049118,-0.19004496932029724,0.1862446665763855,-0.6377068161964417,0.0003488272284357663,1.5118392645106287e-05,0.0003645531173761058,1.0316186218701491e-05,1.5725888940339486e-05,4.802206426404796e-06,-0.8149387162570909,-0.9261229337861099,0.10437521273049714,0.7071860432624817,0.5676698684692383,0.4051501750946045,-0.11615569144487381,0,consistent_success
1000,curobo_threshold_N1000_K16,612,1,1,-0.8598688244819641,-0.43670955300331116,-2.887817144393921,3.0983848571777344,0.38082355260849,-1.3716504573822021,0.11475442443042994,0.00500558067271721,0.11478396216236243,0.005004023497857711,2.953773193249687e-05,1.5571748594993967e-06,0.2223748239292357,0.12400062014488533,0.1769695183081266,0.7261329293251038,-0.11796543747186661,0.6666338443756104,0.12005997449159622,0,consistent_success
1000,curobo_threshold_N1000_K16,613,1,1,1.4805309772491455,-1.7745482921600342,1.837556004524231,1.8953375816345215,1.2969290018081665,1.0043795108795166,7.300048565639372e-05,1.1471451602927941e-05,2.9103920286443123e-05,1.9280923575057597e-05,4.38965653699506e-05,7.809471972129655e-06,-0.16046461871647136,0.3224414565309435,0.6521492320762186,-0.03601709380745888,0.5283292531967163,0.8164161443710327,-0.23029471933841705,0,consistent_success
1000,curobo_threshold_N1000_K16,614,1,1,-0.7357321381568909,2.3683083057403564,-2.9204366207122803,-0.13019490242004395,-1.3570500612258911,-1.563263177871704,0.00016323404850027146,8.61696433407557e-06,0.00015404671050634782,3.818191820832846e-06,9.18733799392364e-06,4.798772513242724e-06,0.16194830895265702,0.10091212581718682,-0.14661777863345632,-0.24217312037944794,0.8198531270027161,-0.3687337636947632,-0.3650047779083252,0,consistent_success
1000,curobo_threshold_N1000_K16,615,1,1,-2.543330192565918,0.8759638667106628,-2.3951504230499268,-1.017180323600769,-1.9911699295043945,-3.273632526397705,4.214684778958144e-05,4.040513565126372e-06,9.598981883763324e-05,2.4148365394514667e-06,5.38429710480518e-05,1.6256770256749052e-06,-0.38862839755433787,-0.41774903634159405,0.2759822697635838,0.2895781397819519,0.7513236403465271,-0.4418363869190216,-0.3955223262310028,0,consistent_success
1000,curobo_threshold_N1000_K16,616,1,1,-4.509899616241455,-1.319586992263794,0.9813324213027954,-2.9997336864471436,-4.931186676025391,-0.2774668037891388,0.293958029942587,0.1172802711037898,0.2940594045322342,0.11727807231653684,0.00010137458964720736,2.1987872529660724e-06,-0.2971873541632124,0.532537406961866,1.006002458809109,-0.10741692781448364,-0.11512874811887741,0.7634356021881104,-0.626396894454956,0,consistent_success
1000,curobo_threshold_N1000_K16,617,1,1,0.10025610029697418,-0.9244292378425598,1.9284520149230957,-0.9592292308807373,-0.467343270778656,2.2110350131988525,3.5390257835388184e-05,7.874270109741155e-06,4.64231143914052e-05,2.699869328381916e-06,1.1032856556017018e-05,5.174400781359239e-06,0.6013935247861735,0.3079932334037133,0.01930777567225045,0.7048887610435486,-0.5220988988876343,-0.4661823809146881,-0.11497217416763306,0,consistent_success
1000,curobo_threshold_N1000_K16,618,1,1,1.2362306118011475,-0.39246079325675964,-0.45619913935661316,-0.4295560121536255,-2.1137173175811768,0.6841372847557068,5.9604644775390625e-05,6.977468087759225e-06,9.61659860822317e-05,6.3890569402603996e-06,3.656134130684107e-05,5.884111474988254e-07,0.22893245490959852,1.0127504479059048,0.6818610312309058,0.09216079860925674,0.8511646389961243,-0.43061262369155884,0.2856534719467163,0,consistent_success
1000,curobo_threshold_N1000_K16,619,1,1,0.7634861469268799,0.11140374839305878,0.45026177167892456,3.782829523086548,-1.8992396593093872,-2.8367316722869873,0.881421088706702,0.1023676869691909,0.8814591150433054,0.10236355982392673,3.802633660343613e-05,4.127145264168353e-06,0.7977054658876415,0.9494396832715479,-0.28558655647134257,0.20070898532867432,0.5374022722244263,0.8080655336380005,0.13395839929580688,0,consistent_success
1000,curobo_threshold_N1000_K16,620,1,1,-1.4271676540374756,0.9906651377677917,0.9777072668075562,0.536241352558136,-1.7782679796218872,-2.082136869430542,7.028863535651908e-05,1.1385175825749687e-05,5.460812511709304e-05,6.502146373618259e-06,1.568051023942604e-05,4.8830294521314275e-06,0.16028734977160908,-0.09562881248848523,-0.7655604935365945,0.7586365342140198,0.3607066869735718,-0.28086188435554504,0.46419599652290344,0,consistent_success
1000,curobo_threshold_N1000_K16,621,1,1,3.5199341773986816,-1.2632614374160767,1.7754615545272827,-0.1656777709722519,2.496633529663086,-0.28453922271728516,0.00019082797564351495,3.562363894933268e-05,0.00018933080632824127,5.00022797068883e-05,1.4971693152736776e-06,1.437864075755562e-05,-0.614321833007901,-0.3413181500208847,0.30245700347278565,-0.13416782021522522,-0.5455921292304993,0.5517392158508301,0.6163700819015503,0,consistent_success
1000,curobo_threshold_N1000_K16,622,1,1,-1.6598812341690063,-1.144413948059082,-0.5345454216003418,0.1020055040717125,-2.583744525909424,2.663625955581665,0.00012840098406741163,7.595623800542007e-06,7.330576554918331e-05,6.722620413208828e-06,5.509521851822832e-05,8.730033873331783e-07,0.05803687813234616,-0.31373552148755607,1.2053681187475687,-0.13311682641506195,0.8582663536071777,0.16749536991119385,-0.46648046374320984,0,consistent_success
1000,curobo_threshold_N1000_K16,623,1,1,-0.30485010147094727,-0.8948048949241638,2.2877297401428223,0.45364120602607727,-2.720722198486328,2.5307443141937256,1.862645149230957e-05,3.5610052026844466e-06,4.246590158946301e-05,1.2891699348793929e-05,2.3839450097153437e-05,9.330694146109482e-06,0.3893830499534657,-0.03887907635488352,0.10919186272707049,0.8111002445220947,0.5026556849479675,-0.22534023225307465,0.19666056334972382,0,consistent_success
1000,curobo_threshold_N1000_K16,624,1,1,1.6480064392089844,0.542037844657898,-1.513039469718933,-0.33515793085098267,-1.4209740161895752,0.8327836990356445,0.0001497548112183722,8.595611362166095e-06,9.863166247412548e-05,9.115808030550376e-06,5.1123148744246715e-05,5.20196668384281e-07,-0.24930480965131577,0.9186570819961525,0.16572993481813364,0.1507798284292221,0.9151322245597839,-0.3737921714782715,-0.008822867646813393,0,consistent_success
1000,curobo_threshold_N1000_K16,625,1,1,0.10244622826576233,1.102031946182251,0.9092316031455994,-0.34573355317115784,0.4151858687400818,-1.2663804292678833,0.0008504112543050724,1.369776741419454e-05,0.0008756799571854126,1.6063655294419955e-05,2.526870288034025e-05,2.3658878802254155e-06,-0.11115606384654868,0.2381899025181614,-0.9624360491183269,-0.14906765520572662,0.11008255183696747,0.8298539519309998,0.5263108611106873,0,consistent_success
1000,curobo_threshold_N1000_K16,626,1,1,0.9470719695091248,-1.1169766187667847,1.7033509016036987,1.522806167602539,1.475594162940979,-0.24985840916633606,8.429369557916289e-05,5.224165182941879e-06,0.0001288767195479823,1.7075472925031877e-06,4.458302396881942e-05,3.516617890438691e-06,0.20943687407296563,0.5867646629806035,0.34119987545289476,-0.15394261479377747,0.19138459861278534,0.9437675476074219,-0.22130604088306427,0,consistent_success
1000,curobo_threshold_N1000_K16,627,1,1,-1.5795505046844482,0.020057272166013718,2.0282633304595947,-0.770074725151062,-0.36391234397888184,1.3124594688415527,4.214684778958144e-05,2.3811486736037365e-06,3.893320339738264e-05,6.3890569402603996e-06,3.2136443921988055e-06,4.007908266656663e-06,0.24809207031982403,-0.2307905252013169,-0.3951987883565579,-0.428428590297699,0.5169472098350525,-0.24972105026245117,0.6977491974830627,0,consistent_success
1000,curobo_threshold_N1000_K16,628,1,1,1.6827442646026611,-0.5376729965209961,1.1932011842727661,0.7608329653739929,0.5959982872009277,0.6352089047431946,4.470348358154297e-05,5.997293804245531e-06,8.576376557630364e-05,5.122641877509564e-06,4.1060281994760676e-05,8.746519267359672e-07,-0.3362633427928011,0.8406605321537393,0.022930953813582032,-0.459602415561676,0.1929575651884079,0.8602875471115112,-0.10695014894008636,0,consistent_success
1000,curobo_threshold_N1000_K16,629,1,1,-1.171592354774475,-0.2258562296628952,0.6411670446395874,1.4006584882736206,-1.242876410484314,-0.4219980239868164,0.00019082797564351495,8.953402492281033e-06,0.00024553362653313254,8.954453545231654e-06,5.470565088961759e-05,1.0510529506214543e-09,0.5783884061334198,-0.8728757459445314,0.14620339755844153,-0.00879841297864914,0.196690633893013,-0.04594767838716507,0.9793488383293152,0,consistent_success
1000,curobo_threshold_N1000_K16,630,1,1,0.05259867385029793,0.6961954236030579,-1.0835939645767212,0.09902529418468475,-0.6137280464172363,0.7342689037322998,0.00013075715799004684,4.796705961751168e-06,0.0001891537651051101,4.353408482428142e-06,5.8396607115063275e-05,4.432974793230265e-07,0.9675274926602835,0.29058412680762813,-0.1749970250469047,-0.3497411012649536,-0.05725793540477753,0.760667622089386,0.5438634753227234,0,consistent_success
1000,curobo_threshold_N1000_K16,631,1,1,-0.32500606775283813,1.5330740213394165,1.868744134902954,-1.4534733295440674,2.488893508911133,0.44158974289894104,0.00010745380052412656,1.6084703170652294e-05,6.922520146980766e-05,1.7704227144513012e-05,3.82285990543189e-05,1.6195239738607184e-06,-0.5947309046275974,0.29610033576521494,-0.3464130503619788,0.21333320438861847,0.7777763605117798,0.421121746301651,-0.41498109698295593,0,consistent_success
1000,curobo_threshold_N1000_K16,632,1,1,0.4365699589252472,1.5647714138031006,-0.46610698103904724,-1.3851488828659058,-2.426954746246338,1.1863735914230347,4.470348358154297e-05,7.928416686860388e-06,5.546357046867534e-05,7.540324677666867e-06,1.0760086887132368e-05,3.8809200919352147e-07,0.17643488737716165,0.18638354194645948,-1.1224384806629202,0.5360273718833923,0.5187088847160339,-0.5688015222549438,0.3465263545513153,0,consistent_success
1000,curobo_threshold_N1000_K16,633,1,1,-1.9338667392730713,-0.7717636227607727,1.5186266899108887,-1.1995806694030762,2.862924575805664,1.4896390438079834,6.0068501284149534e-05,2.924377642533724e-06,0.00010390186773957032,1.7075472925031877e-06,4.383336645542079e-05,1.216830350030536e-06,-0.26060410696784214,-0.8979779723522483,0.07237161481346115,0.7428286075592041,-0.1536213904619217,-0.6451666355133057,0.09146658331155777,0,consistent_success
1000,curobo_threshold_N1000_K16,634,1,1,-0.8185125589370728,0.8316881656646729,0.6310968995094299,-0.2995765209197998,-1.5019400119781494,1.4586138725280762,6.143906006172983e-05,6.092245523928319e-06,5.9429501506564605e-05,5.122641877509564e-06,2.009558555165228e-06,9.696036464187552e-07,0.35069118935730903,-0.12551553992482262,-0.8553921463526724,0.8715273141860962,-0.1015862450003624,-0.17812401056289673,-0.44541242718696594,0,consistent_success
1000,curobo_threshold_N1000_K16,635,1,1,0.09768930077552795,-0.849379301071167,-2.44327712059021,0.8112772703170776,-1.46891188621521,0.6676523685455322,0.00017540540397931181,1.52671803162159e-05,0.00020523891281141036,1.4738418260860163e-05,2.983350883209855e-05,5.287620553557361e-07,-0.03500052809437816,0.1707185476174865,0.5358428000255848,0.4219435453414917,-0.4500025808811188,0.7762410640716553,-0.1300426870584488,0,consistent_success
1000,curobo_threshold_N1000_K16,636,1,1,-0.2754361927509308,2.4967610836029053,0.3190956711769104,0.5441843271255493,0.1284143030643463,-0.8516635298728943,0.00013328003944934608,5.214765804191718e-06,0.0001308631180029978,1.7075472925031877e-06,2.4169214463482718e-06,3.50721851168853e-06,-0.9099510303911786,0.5225550847053901,-0.30818140827382273,0.6623393893241882,-0.6768322587013245,-0.16739661991596222,-0.2741951644420624,0,consistent_success
1000,curobo_threshold_N1000_K16,637,1,1,-0.6661564707756042,0.6182743906974792,-2.110574960708618,0.44409215450286865,-1.9210777282714844,-2.4382786750793457,7.300048565639372e-05,1.1019652843537424e-05,3.4990303609261466e-05,9.507220963046152e-06,3.8010182047132255e-05,1.512431880491273e-06,0.5539642487738583,-0.26714636951722415,0.21031299644336807,-0.05528074875473976,0.9419386982917786,0.14038223028182983,-0.2999805510044098,0,consistent_success
1000,curobo_threshold_N1000_K16,638,1,1,1.7587900161743164,-2.6599795818328857,-2.461962938308716,3.1723456382751465,-2.7732462882995605,2.6993908882141113,0.00019800189932084322,3.403786059225338e-06,0.00020705673222935802,3.415094585006376e-06,9.054832908514794e-06,1.1308525781037761e-08,-0.040161441214667096,-0.2058521196435697,-0.10224460939277893,0.5707367658615112,-0.1497422754764557,0.8030260801315308,0.08358199894428253,0,consistent_success
1000,curobo_threshold_N1000_K16,639,1,1,-1.8552190065383911,-2.608114242553711,2.8201422691345215,-0.09584920853376389,-0.9611918926239014,2.7498111724853516,0.9418618865311146,0.05614388817324036,0.9418636185453526,0.056148776707905156,1.7320142380317094e-06,4.888534664793109e-06,0.22285521547921616,-0.006739890042819399,0.21195727240227769,0.6057500243186951,-0.6453153491020203,0.19014471769332886,-0.4248293936252594,0,consistent_success
1000,curobo_threshold_N1000_K16,640,1,1,-0.22007650136947632,2.4548110961914062,-2.7759342193603516,-3.353248119354248,2.9124181270599365,-3.507899045944214,0.3671073936857283,0.010444939222453058,0.36712094554449154,0.010445231149699846,1.3551858763227731e-05,2.9192724678751836e-07,0.009256138591278586,0.07353754218773348,0.008920110540633183,0.6592339873313904,0.7163637280464172,-0.21118928492069244,-0.08736494928598404,0,consistent_success
1000,curobo_threshold_N1000_K16,641,1,1,0.5633631944656372,-0.1001972034573555,-2.951586961746216,-2.6102588176727295,-0.16755160689353943,-1.5928786993026733,1.977153355255723,0.07662082865547164,1.97717424198435,0.07662428381582488,2.0886728627100837e-05,3.4551603532440023e-06,-0.16958283757092335,0.19198177140984501,0.15459422416316693,0.10321297496557236,-0.4995630383491516,0.44890066981315613,0.7336702942848206,0,consistent_success
1000,curobo_threshold_N1000_K16,642,1,1,-3.5721492767333984,3.3646132946014404,2.7670388221740723,-0.2295273244380951,1.8101286888122559,0.04413687065243721,0.10801543248817325,0.006145487718618765,0.10801391881529646,0.006140216011930888,1.513672876790606e-06,5.271706687876888e-06,-0.14565185440133865,-0.08933862020451871,0.2749628315202873,-0.4035102128982544,-0.20553846657276154,0.5263981223106384,0.7196099162101746,0,consistent_success
1000,curobo_threshold_N1000_K16,643,1,1,1.5777111053466797,1.2118492126464844,0.6683239340782166,-0.4132130444049835,-0.6471450328826904,-0.8853380680084229,0.0002728377808125515,5.91529513522516e-06,0.00028669149652512163,8.872676000826597e-06,1.3853715712570133e-05,2.9573808656014376e-06,-0.23693915295690782,-0.08173571140502824,-0.947527963361319,0.7993462085723877,0.23390984535217285,-0.3813847005367279,-0.40109536051750183,0,consistent_success
1000,curobo_threshold_N1000_K16,644,1,1,-0.8448700904846191,0.1912713646888733,2.0132999420166016,-0.5210049152374268,2.392723798751831,-1.594083547592163,9.996002603429588e-05,8.755158976985285e-06,0.00013722449631435412,6.156649318399953e-06,3.726447028005824e-05,2.598509658585332e-06,0.16497149980006967,-0.04063033321515593,-0.49955591578582076,-0.21462108194828033,0.34486261010169983,0.8481231927871704,-0.34013909101486206,0,consistent_success
1000,curobo_threshold_N1000_K16,645,1,1,1.0868911743164062,0.2936038672924042,1.529677391052246,1.117669701576233,-0.08272198587656021,-1.272692084312439,0.00012435161522716953,9.631543568133965e-06,0.00012784373774157577,6.273929367455621e-06,3.4921225144062397e-06,3.3576142006783435e-06,-0.02767922181315785,0.49721613477259813,-0.4890729089902132,0.6935715079307556,-0.22826842963695526,-0.663068413734436,-0.16490092873573303,0,consistent_success
1000,curobo_threshold_N1000_K16,646,1,1,-1.7152485847473145,-3.554612159729004,-2.273743152618408,0.17308630049228668,1.4593899250030518,0.34936267137527466,6.3027904673163e-05,7.055028432666021e-06,3.7241356673542085e-05,6.9360898910140305e-06,2.5786547999620908e-05,1.1893854165199067e-07,0.17816973614202483,0.01474566962955165,-0.5172180687409651,0.44601425528526306,0.8687363862991333,-0.19288884103298187,0.09571970254182816,0,consistent_success
1000,curobo_threshold_N1000_K16,647,1,1,0.9525741338729858,-1.097792148590088,-0.4824124276638031,-0.3662802278995514,1.5142687559127808,-0.05580553039908409,0.00024677061105649045,6.197951487766697e-06,0.0003845084037225051,5.915117333884395e-06,0.00013773779266601467,2.8283415388230147e-07,0.0634342556955454,0.3810354372946234,1.372464103518731,0.32970428466796875,-0.07847556471824646,-0.1716301292181015,0.9250295758247375,0,consistent_success
1000,curobo_threshold_N1000_K16,648,1,1,-1.6663100719451904,-1.1203327178955078,2.9178640842437744,-0.2442225068807602,0.6534121036529541,0.6505993604660034,0.016953476006165147,0.0013169647132383437,0.016957788736336743,0.0013180390423235906,4.3127301715961686e-06,1.074329085246897e-06,0.2338817309228448,-0.04561438780245452,0.06253725877771173,-0.11376935988664627,0.8363434076309204,-0.32317471504211426,0.42795369029045105,0,consistent_success
1000,curobo_threshold_N1000_K16,649,1,1,-0.8612982630729675,-0.2081356644630432,2.443906307220459,-1.9464031457901,1.342077374458313,-2.3297739028930664,0.0001077117914860537,7.094264162327554e-06,0.0001354316564357751,7.73124918760008e-06,2.7719864949721408e-05,6.369850252725263e-07,0.334836480249234,-0.10621077856953431,-0.3331136869141966,0.47567442059516907,-0.027394350618124008,0.7988786101341248,-0.3671190142631531,0,consistent_success
1000,curobo_threshold_N1000_K16,650,1,1,-0.6697726249694824,2.212611198425293,-2.193660259246826,-0.4386895000934601,-1.7794195413589478,1.1433229446411133,0.00011225527885017073,5.580851006693913e-06,0.0001255063328157993,4.182619578303747e-06,1.3251053965628582e-05,1.398231428390166e-06,0.22366703458414217,0.007641712473653788,-0.5161790198854742,0.5074314475059509,-0.04457716643810272,-0.8350781798362732,-0.2077755331993103,0,consistent_success
1000,curobo_threshold_N1000_K16,651,1,1,-3.3976051807403564,-1.9071965217590332,2.4493141174316406,-0.11562129855155945,-1.2033255100250244,2.038283109664917,6.143906006172983e-05,2.396546832927512e-06,4.761548667883267e-05,6.502146373618259e-06,1.3823573382897165e-05,4.105599540690747e-06,-0.2066474582503974,-0.14961235977671322,0.3399775055178855,0.011132415384054184,0.44351184368133545,-0.33206090331077576,0.8324114680290222,0,consistent_success
1000,curobo_threshold_N1000_K16,652,1,1,-0.6958909034729004,0.07502684742212296,2.718782901763916,1.1033813953399658,2.5080740451812744,1.4088530540466309,0.00031882396456239803,3.067549135986794e-05,0.0003645484488079771,2.8161591390912678e-05,4.5724484245579045e-05,2.513899968955263e-06,0.143305192221996,-0.002914018897160489,0.008019691882772906,0.1778218299150467,-0.45053327083587646,-0.3066766858100891,0.8193586468696594,0,consistent_success
1000,curobo_threshold_N1000_K16,653,1,1,0.674476683139801,-3.5137104988098145,1.4230828285217285,2.4683709144592285,-1.5751718282699585,-1.6742875576019287,6.664001972467304e-05,9.606747251393027e-06,9.595624424872166e-05,7.040397847728103e-06,2.931622452404862e-05,2.5663494036649243e-06,-0.8697017686289498,-0.48599850386987137,0.3279464101542058,-0.23416920006275177,-0.5191173553466797,-0.21472544968128204,0.793457567691803,0,consistent_success
1000,curobo_threshold_N1000_K16,654,1,1,-1.9939842224121094,-0.605087161064148,0.614942729473114,2.211989402770996,0.36525216698646545,0.09954226016998291,4.470348358154297e-05,8.329323314459494e-06,8.284472875608908e-05,4.517745487845102e-06,3.814124517454611e-05,3.811577826614392e-06,-0.16773013432094996,-0.9813069540880425,0.5137065817551526,-0.17345848679542542,0.707148551940918,-0.376831591129303,0.5725827813148499,0,consistent_success
1000,curobo_threshold_N1000_K16,655,1,1,1.2310857772827148,-1.6383785009384155,2.6596531867980957,1.646084189414978,2.0213770866394043,0.1259343922138214,3.725290298461914e-05,5.813696514257987e-06,9.570370624454172e-05,7.636383641665695e-06,5.845080325992258e-05,1.8226871274077074e-06,-0.07309747377431783,0.16466553492410413,0.3148901244509748,0.13535620272159576,0.0786358118057251,0.8362753391265869,-0.5254889726638794,0,consistent_success
1000,curobo_threshold_N1000_K16,656,1,1,2.397656202316284,-1.203575611114502,-2.72086763381958,-2.5839269161224365,1.1353026628494263,-0.1250290721654892,6.143906006172983e-05,9.094827153858617e-06,5.633959850035038e-05,7.244509618354405e-06,5.099461561379455e-06,1.850317535504212e-06,-0.07947489537787286,-0.20252106468674053,0.2007387832343019,-0.3889182507991791,-0.42896124720573425,0.4634324014186859,0.6707944869995117,0,consistent_success
1000,curobo_threshold_N1000_K16,657,1,1,0.219033345580101,-0.14738668501377106,1.2691737413406372,1.7848329544067383,-2.3699350357055664,-1.2757784128189087,3.332000986233652e-05,7.51047164972162e-06,1.8724380009664434e-05,3.818191820832846e-06,1.4595629852672085e-05,3.692279828888774e-06,0.8468628885685526,0.2887669468878808,-0.1709086482491031,0.04916556924581528,0.5585481524467468,-0.32687869668006897,0.7607607841491699,0,consistent_success
1000,curobo_threshold_N1000_K16,658,1,1,-1.3866530656814575,1.0309736728668213,-1.1635903120040894,1.9819252490997314,-0.13986678421497345,-2.407263994216919,0.0001365714012990793,1.2049789417320293e-05,9.139053138771377e-05,1.1706354451251849e-05,4.518086991136553e-05,3.4343496606844446e-07,0.39267116391000323,-0.7143017971442488,-0.27783200879084474,0.6296759247779846,0.27729007601737976,0.5967333316802979,0.4129500687122345,0,consistent_success
1000,curobo_threshold_N1000_K16,659,1,1,-2.066525936126709,-0.4527241587638855,-1.28032386302948,-1.2057596445083618,0.4087175726890564,-0.6470676064491272,7.916241884231567e-06,3.703121545849719e-06,9.221758521283399e-05,3.415094585006376e-06,8.430134332860242e-05,2.880269608433433e-07,0.006806783668903457,-0.5099278828618283,1.0804917957659,-0.3573637008666992,0.5588515400886536,-0.3842705190181732,0.6421154737472534,0,consistent_success
1000,curobo_threshold_N1000_K16,660,1,1,-0.8849863409996033,-1.7963393926620483,1.940086007118225,0.8109071850776672,-2.796675205230713,3.283783435821533,8.56006536764653e-05,1.4358736548100064e-05,7.506917604207047e-05,1.3924626773561162e-05,1.0531477634394829e-05,4.341097745389017e-07,0.2605379927749502,-0.19652737776256024,0.6003965852185816,0.6434311866760254,-0.09174177050590515,-0.5946525931358337,0.47325262427330017,0,consistent_success
1000,curobo_threshold_N1000_K16,661,1,1,0.42509546875953674,-0.3678560256958008,-0.0271905604749918,-0.8969619870185852,-0.964833676815033,1.1023544073104858,0.026570454792818055,0.0024385390753390453,0.026642141471430375,0.002437151570239698,7.168667861232048e-05,1.3875050993471597e-06,0.9945294298005071,0.6878266524741931,0.46294620332764513,-0.1262001246213913,-0.3709862530231476,0.8703314065933228,0.29827168583869934,0,consistent_success
1000,curobo_threshold_N1000_K16,662,1,1,-1.0950270891189575,-1.2390804290771484,2.867896556854248,-0.14962796866893768,0.10517958551645279,-0.6836243867874146,1.3352989917621017,0.07974934878002839,1.3352986488485328,0.07975273389037124,3.4291356887372615e-07,3.3851103428544915e-06,0.24977733729228924,0.07043103744720063,0.11436595368628046,0.10270873457193375,0.6041041612625122,0.43273040652275085,0.6612514853477478,0,consistent_success
1000,curobo_threshold_N1000_K16,663,1,1,2.152698040008545,-1.3061840534210205,2.762096881866455,0.31681498885154724,-0.41782328486442566,-1.145346760749817,0.00036870966368951485,1.0537502330710515e-05,0.0003788831486814765,8.18910913293408e-06,1.017348499196167e-05,2.3483931977764353e-06,-0.27321171650321396,-0.03632155388087815,0.20932817616584073,0.8165050745010376,0.35736075043678284,-0.4165690839290619,-0.17911721765995026,0,consistent_success
1000,curobo_threshold_N1000_K16,664,1,1,-1.200458288192749,0.611102819442749,-2.1761412620544434,-0.36176425218582153,1.4208056926727295,0.8013328313827515,5.1619135632563484e-05,2.082755445387067e-06,5.7404873410395706e-05,4.182619578303747e-06,5.785737777832221e-06,2.0998641329166797e-06,0.3760254368804048,-0.47747959292815223,0.4742164982865305,0.825114369392395,-0.15671466290950775,0.10979143530130386,0.531575620174408,0,consistent_success
1000,curobo_threshold_N1000_K16,665,1,1,-2.342958927154541,-1.7881574630737305,2.358266592025757,1.1415237188339233,-0.7080448269844055,1.2425483465194702,3.40800774267791e-05,1.3537618089318493e-05,4.4100799502182226e-05,1.522496507755375e-05,1.0020722075403128e-05,1.687346988235258e-06,-0.00238071975202038,-0.3378093319463626,0.49162510386794933,-0.23976746201515198,0.16872960329055786,-0.3867492973804474,0.8743379712104797,0,consistent_success
1000,curobo_threshold_N1000_K16,666,1,1,2.174823045730591,1.4244632720947266,-1.1972999572753906,-1.0120669603347778,-0.5966330766677856,-1.0708993673324585,0.00010323827126512697,1.2896340914445594e-05,0.00011434804479240828,8.622691156561379e-06,1.1109773527281309e-05,4.273649757884215e-06,-0.590712329685163,0.4330876328060065,-0.7255146973989377,0.22918425500392914,0.6795765161514282,0.48654407262802124,-0.49892401695251465,0,consistent_success
1000,curobo_threshold_N1000_K16,667,1,1,0.2004883736371994,0.07840307056903839,-1.4699535369873047,0.9964593052864075,0.6714340448379517,0.03221426531672478,2.9802322387695312e-05,7.148857747323939e-06,5.4232944942127684e-05,1.010198601586461e-05,2.443062255443237e-05,2.9531282685406707e-06,0.7463841186184034,0.3926326921428483,0.5577875514327788,0.27571937441825867,0.04587395116686821,0.6149576902389526,0.7373611330986023,0,consistent_success
1000,curobo_threshold_N1000_K16,668,1,1,0.45123299956321716,1.3294312953948975,2.160287857055664,-1.8225979804992676,-0.7035260200500488,3.203296422958374,0.00012015144079668971,8.383622151092437e-06,5.3664952150176445e-05,1.7075472925031877e-06,6.648648864651327e-05,6.676074858589249e-06,-0.5531059308672502,-0.007718933815749521,-0.20123066129986117,0.43990981578826904,-0.32425618171691895,0.27000388503074646,0.7927390336990356,0,consistent_success
1000,curobo_threshold_N1000_K16,669,1,1,0.2959534227848053,-2.495266914367676,0.0006001252331770957,2.387855052947998,0.36899682879447937,-0.6107791662216187,1.185390050522983,0.15662224076434259,1.1854285387669417,0.15662432478854696,3.848824395857875e-05,2.0840242043740353e-06,-0.9345337974497802,-0.023457367497068504,0.7300516017509323,0.27533331513404846,-0.217289000749588,0.6575542092323303,0.6667829155921936,0,consistent_success
1000,curobo_threshold_N1000_K16,670,1,1,-1.1556288003921509,-2.0161352157592773,2.145775318145752,1.9726160764694214,0.609143853187561,-0.268000066280365,6.664001972467304e-05,3.60095744770462e-06,8.195690243817093e-05,1.2074182697257333e-06,1.531688271349789e-05,2.3935391779788865e-06,0.29075760629154807,-0.06569991013033025,0.6187816024334754,-0.2650158107280731,0.84675532579422,0.17212867736816406,0.4279530346393585,0,consistent_success
1000,curobo_threshold_N1000_K16,671,1,1,-0.8001905679702759,2.399984359741211,-1.9756816625595093,-2.817171812057495,2.22381329536438,0.869772732257843,0.00010736093258856272,9.216023284106595e-06,0.00012908348209121086,5.399738656763834e-06,2.1722549502648143e-05,3.816284627342761e-06,0.14387511274700937,0.00673688338101284,-0.38709297125872677,0.4985201954841614,-0.39255765080451965,-0.2749042212963104,0.7223598957061768,0,consistent_success
1000,curobo_threshold_N1000_K16,672,1,1,0.9684118032455444,2.697948932647705,-1.4848219156265259,-2.7072086334228516,-1.3115050792694092,0.32575640082359314,8.462232869987929e-05,6.755024266225409e-06,6.862515075036422e-05,7.443026089337887e-06,1.599717794951507e-05,6.880018231124779e-07,-0.29274127070766925,-0.09465844499497592,-0.7691960313694404,0.01985137350857258,0.8838620781898499,-0.4479423761367798,-0.13319671154022217,0,consistent_success
1000,curobo_threshold_N1000_K16,673,1,1,0.3309367299079895,-0.4924182891845703,-2.4596729278564453,-1.4808349609375,1.8290003538131714,0.7886807918548584,0.0001125012971670003,6.757845138339055e-06,9.711021482013554e-05,4.829673078902934e-06,1.5391082346864762e-05,1.928172059436121e-06,-0.19558127679829174,0.08125726589868007,0.4706612460305716,0.09336425364017487,0.8243502378463745,0.5339632034301758,-0.16313530504703522,0,consistent_success
1000,curobo_threshold_N1000_K16,674,1,1,-0.8914624452590942,-1.5735814571380615,-0.6282869577407837,-0.23180170357227325,4.152954578399658,2.582179069519043,0.00013328003944934608,4.474389262775904e-06,0.00019976010705269388,4.978313060379714e-06,6.64800676033478e-05,5.039237976038093e-07,-0.03917227170196611,0.23156351083046336,1.2384551014881617,0.4162292182445526,0.7779056429862976,0.4128282368183136,-0.22624951601028442,0,consistent_success
1000,curobo_threshold_N1000_K16,675,1,1,1.6473889350891113,-0.43491852283477783,0.993154764175415,1.8178675174713135,0.7054545283317566,-0.4778881072998047,8.462232869987929e-05,3.464037469333485e-06,0.00010740614881223797,3.818191820832846e-06,2.278382011235868e-05,3.541543514993607e-07,-0.3036279629647491,0.8965687529628413,0.12401912131053991,-0.44892680644989014,-0.07057597488164902,0.8483200073242188,-0.27172940969467163,0,consistent_success
1000,curobo_threshold_N1000_K16,676,1,1,0.23513540625572205,0.6098146438598633,-2.3966946601867676,0.38984036445617676,-0.6446590423583984,0.6926800012588501,5.1619135632563484e-05,1.1456456890604399e-05,6.186652075262027e-05,7.244509618354405e-06,1.0247385120056788e-05,4.211947272249994e-06,0.41469992222097,0.3437093582389426,0.2612153663980766,0.06696132570505142,-0.4379933178424835,0.7772390842437744,0.4467409551143646,0,consistent_success
1000,curobo_threshold_N1000_K16,677,1,1,1.1212620735168457,0.45218029618263245,1.422855019569397,-1.0232288837432861,4.069566249847412,0.575066089630127,0.00012377833513710357,1.332738026976351e-05,0.0001035605422753985,1.2013660097101191e-05,2.021779286170507e-05,1.3137201726623185e-06,0.007886849125023833,0.2664261184945593,-0.7067893703249934,0.8794188499450684,0.4358871579170227,0.0941314697265625,0.16662557423114777,0,consistent_success
1000,curobo_threshold_N1000_K16,678,1,1,-1.291763186454773,-0.4696255922317505,0.48352834582328796,0.1754543036222458,-3.383523941040039,-0.9450594782829285,5.9604644775390625e-05,6.979539468523294e-06,8.806871361102614e-05,6.037091348628668e-06,2.846406883563552e-05,9.424481198946254e-07,0.3794477763438955,-1.0541674779186083,0.27851610196431487,0.3186420500278473,0.7223658561706543,0.027113493531942368,-0.6131228804588318,0,consistent_success
1000,curobo_threshold_N1000_K16,679,1,1,-2.0575246810913086,-0.7494313716888428,-2.361135721206665,-0.6005409359931946,-2.360989570617676,0.5356190204620361,7.450580596923828e-05,1.1923458803150061e-05,0.00011519981619982179,7.143182815269534e-06,4.069401023058351e-05,4.780275987880527e-06,0.1486226112093077,0.07040057721434068,0.6943854154723735,0.1648995578289032,-0.5112186074256897,-0.22119544446468353,0.8139632940292358,0,consistent_success
1000,curobo_threshold_N1000_K16,680,1,1,0.09599477797746658,-0.21938303112983704,2.934828758239746,5.513922214508057,1.7819938659667969,2.394080877304077,0.03580787233659066,0.002161432414342544,0.03581997591937354,0.002159866439043134,1.2103582782876932e-05,1.5659752994096228e-06,-0.07804096293765861,0.13773129003767312,-0.01753569311995,0.17510643601417542,0.9200713038444519,-0.3291179835796356,-0.12036577612161636,0,consistent_success
1000,curobo_threshold_N1000_K16,681,1,1,1.272104024887085,-0.4909878373146057,-2.7483115196228027,1.8713405132293701,-1.0931642055511475,1.1150424480438232,9.185692562141412e-05,2.7592695021315884e-06,9.922920153761821e-05,4.517745487845102e-06,7.372275916204093e-06,1.7584759857135137e-06,-0.1774818138257112,0.12471537707249136,0.2565171435802783,0.18370340764522552,0.7194682955741882,-0.6459914445877075,-0.1769561767578125,0,consistent_success
1000,curobo_threshold_N1000_K16,682,1,1,-0.04344921186566353,-1.7382909059524536,2.9514055252075195,-0.26353731751441956,3.00168776512146,0.27998098731040955,0.7950686267577112,0.012518265156362245,0.7950748008665268,0.012517218400338474,6.174108815648616e-06,1.0467560237707035e-06,0.014914350193633873,0.07285788300158859,0.11686176921911474,0.6334174275398254,0.7004539966583252,0.2569161057472229,-0.20528197288513184,0,consistent_success
1000,curobo_threshold_N1000_K16,683,1,1,-2.1645145416259766,-0.1884889304637909,-2.383319854736328,2.171562433242798,-1.9417556524276733,-1.2287191152572632,7.45988799621955e-05,1.0908211092830933e-05,9.9265755658161e-05,1.0933637455190016e-05,2.46668756959655e-05,2.5426362359083017e-08,0.060506388415476495,-0.14365244474995573,0.41066330586181343,0.33487027883529663,-0.3525538146495819,0.7465096116065979,0.45419275760650635,0,consistent_success
1000,curobo_threshold_N1000_K16,684,1,1,-1.269139051437378,0.7813431024551392,-0.30465027689933777,-2.0924808979034424,-2.9037442207336426,-1.6773325204849243,5.9604644775390625e-05,1.1071675929684689e-05,0.00013251560560447183,1.1197136397927998e-05,7.29109608290812e-05,1.2546046824330944e-07,0.38577831716964317,-0.9896295120195059,-0.5827846549938068,0.488752156496048,0.6491016149520874,-0.44311851263046265,-0.37872737646102905,0,consistent_success
1000,curobo_threshold_N1000_K16,685,1,1,-3.892428398132324,2.6689913272857666,-2.6863508224487305,3.1527822017669678,2.833620309829712,-1.7232810258865356,0.030129251172184013,0.0004969641617193227,0.030117372963459333,0.0005013708955566407,1.187820872467979e-05,4.406733837317937e-06,-0.050928542716987685,-0.05657503893684626,-0.025824864807085582,-0.12834970653057098,0.6697379350662231,0.2288810759782791,0.6946876049041748,0,consistent_success
1000,curobo_threshold_N1000_K16,686,1,1,1.2044367790222168,-1.4823389053344727,2.1400394439697266,-0.7042611241340637,-1.2749085426330566,-2.2546563148498535,0.0010768344509415329,0.0006128251642032982,0.0010137653697770658,0.0006237609726162154,6.306908116446709e-05,1.0935808412917232e-05,-0.026180265452883468,0.4644731125441834,0.26738235401810245,-0.07271542400121689,-0.5020120143890381,-0.5198458433151245,0.6873548626899719,0,consistent_success
1000,curobo_threshold_N1000_K16,687,1,1,1.2004921436309814,3.9705870151519775,-2.5164575576782227,1.346698522567749,0.637936532497406,1.1071361303329468,7.450580596923828e-05,2.8645054563213573e-06,6.977626342633149e-05,5.399738656763834e-06,4.729542542906788e-06,2.5352332004424765e-06,-0.3801261527194787,-0.321505371221441,0.10078504333312535,-0.15705987811088562,0.6830446720123291,0.3646462559700012,-0.6130377650260925,0,consistent_success
1000,curobo_threshold_N1000_K16,688,1,1,-2.5247976779937744,-1.4777247905731201,2.6313652992248535,0.04171333461999893,-2.555218458175659,0.5791366100311279,6.537857899502342e-05,5.433798849774008e-06,6.392269422799505e-05,7.443026089337887e-06,1.4558847670283648e-06,2.0092272395638796e-06,-0.0820727228488021,-0.1650233755747364,0.21846814678670193,0.07468406111001968,-0.22032836079597473,0.4405163526535034,0.8670772910118103,0,consistent_success
1000,curobo_threshold_N1000_K16,689,1,1,0.24001967906951904,1.4451631307601929,1.2715275287628174,-1.0746310949325562,1.1991602182388306,0.56240314245224,7.450580596923828e-06,4.578257934674768e-06,4.267276639517111e-05,4.517745487845102e-06,3.522218579824728e-05,6.051244682966637e-08,-0.5969474674174217,0.05715356781868711,-0.7932463161984,-0.1842964142560959,0.8007992506027222,0.568687379360199,0.03674284368753433,0,consistent_success
1000,curobo_threshold_N1000_K16,690,1,1,0.8858728408813477,1.1917332410812378,2.664189338684082,-0.8293409943580627,-1.4957982301712036,2.3749189376831055,0.0001003454173087448,9.723378038895669e-06,0.00010326899472555381,6.273929367455621e-06,2.9235774168090135e-06,3.4494486714400476e-06,-0.213206158498716,0.009054678683383527,0.0591515526845114,0.4765241742134094,-0.055133432149887085,0.6631309986114502,0.5745800733566284,0,consistent_success
1000,curobo_threshold_N1000_K16,691,1,1,1.2756201028823853,-3.443387985229492,1.0781394243240356,-1.6526808738708496,2.186885356903076,0.9698823094367981,9.42432194506182e-05,9.671012979509055e-06,0.00010956312942749007,8.2776426154535e-06,1.531990997687187e-05,1.3933703640555558e-06,-0.43452414796308536,-1.048673008291769,0.3626125732943426,0.37636300921440125,0.4465218186378479,0.7836969494819641,-0.21163222193717957,0,consistent_success
1000,curobo_threshold_N1000_K16,692,1,1,2.554619789123535,0.48049283027648926,0.25278258323669434,-1.7339593172073364,1.3696452379226685,-4.202875137329102,0.00021490760104825313,1.4507512820101696e-05,0.00019632470624358103,1.4688877218970437e-05,1.8582894804672096e-05,1.8136439886874102e-07,-1.0286007005998627,0.465183035065468,-0.5250144385300005,0.9551736116409302,-0.063590869307518,-0.2890034019947052,-0.008755520917475224,0,consistent_success
1000,curobo_threshold_N1000_K16,693,1,1,-0.3349439203739166,-1.0550508499145508,2.8376846313476562,-1.5308558940887451,-1.1762256622314453,1.793648600578308,0.0002061086519233868,6.923678139875315e-06,0.0001920589534798262,1.2074182697257354e-05,1.4049698443560583e-05,5.1505045573820385e-06,0.13187975038056232,0.16521373787189184,0.009339653524080702,0.767018735408783,-0.3143284022808075,-0.5349820852279663,-0.16332201659679413,0,consistent_success
1000,curobo_threshold_N1000_K16,694,1,1,0.00820247083902359,1.3204435110092163,-1.8553472757339478,0.10850858688354492,1.40426504611969,-1.1274815797805786,8.024520781191313e-05,1.6644928616689022e-05,4.794704045346373e-05,1.5696437506434578e-05,3.22981673584494e-05,9.484911102544449e-07,0.7731199364739384,0.18557195924343983,-0.24162122091985389,0.8064582943916321,0.04819769039750099,0.5419799089431763,0.23142985999584198,0,consistent_success
1000,curobo_threshold_N1000_K16,695,1,1,-0.25509530305862427,-3.7710981369018555,0.8508918881416321,0.8071685433387756,-0.35386937856674194,0.8585875034332275,0.00013328003944934608,1.2562176064059817e-05,0.00012819587066889102,1.2313298636799924e-05,5.08416878045506e-06,2.488774272598924e-07,-0.8439035408323191,0.4788734964054723,-0.07500414663013313,0.45063894987106323,-0.3282194435596466,0.7353113889694214,0.3853747546672821,0,consistent_success
1000,curobo_threshold_N1000_K16,696,1,0,1.919043779373169,0.19829930365085602,2.675703287124634,-1.243485689163208,-0.1645033210515976,-0.4278988540172577,7.9845646396279335,0.5855569733828062,7.9845342675439195,0.5855562811786285,3.0372084014018697e-05,6.922041777546184e-07,-0.20945190283379925,-0.14662186315436163,-0.12266387683027213,0.7616261839866638,0.22057649493217468,-0.6091490983963013,-0.014454393647611141,0,reported_large_reeval_large
1000,curobo_threshold_N1000_K16,697,1,1,-1.2067350149154663,-0.7060331106185913,1.5401684045791626,-0.9127991795539856,1.179943323135376,0.7697094082832336,4.0046870708465576e-05,1.4252337274230004e-05,0.0001025071913886186,9.809112393710968e-06,6.246032068015303e-05,4.443224880519035e-06,0.5222423200382644,-0.8114830350879805,-0.008176993165800906,0.5369217395782471,0.6809118390083313,0.005556127056479454,0.49803945422172546,0,consistent_success
1000,curobo_threshold_N1000_K16,698,1,1,-2.8937504291534424,0.7760269641876221,1.376488447189331,-0.45945924520492554,-2.0670812129974365,2.224147081375122,0.15845258894842118,0.008993047944965964,0.15846910986400867,0.008992300161820555,1.6520915587486806e-05,7.477831454084927e-07,0.012560746404914593,-0.12048053318820594,-0.6849579912672921,-0.40788036584854126,-0.008651616051793098,0.25197309255599976,0.877535343170166,0,consistent_success
1000,curobo_threshold_N1000_K16,699,1,1,1.648632526397705,0.19186747074127197,0.603381335735321,2.993765115737915,2.0331764221191406,-3.04380202293396,6.664001972467304e-05,5.294179318366996e-06,6.685947411881116e-05,6.3890569402603996e-06,2.1945439413812622e-07,1.0948776218934033e-06,-0.20061835159354294,0.9928094986921051,-0.25599104459399386,0.8591724038124084,0.4356330633163452,0.20080962777137756,0.1781070977449417,0,consistent_success
1000,curobo_threshold_N1000_K16,700,1,1,2.203582525253296,0.2399388998746872,-1.6814124584197998,1.1330645084381104,2.7651937007904053,-1.018839716911316,4.214684778958144e-05,6.7931147926461156e-06,8.278855343013243e-05,1.0799477313527678e-05,4.064170564055099e-05,4.006362520881562e-06,-0.4981347033634411,0.546998855901713,0.44942941762917293,0.4537355899810791,-0.05092521011829376,0.6645444631576538,0.5915330052375793,0,consistent_success
1000,curobo_threshold_N1000_K16,701,1,1,-3.6667938232421875,0.7070807218551636,0.412174254655838,3.7625205516815186,5.8811798095703125,-1.6558080911636353,8.429369557916289e-05,3.6971003741711473e-06,0.0001549454013701849,3.1945284701301985e-06,7.0651705791022e-05,5.025719040409488e-07,-0.8367910935014927,0.19736595094634818,-0.8402701225537076,-0.0978371798992157,0.22698111832141876,0.8008196949958801,-0.5455229878425598,0,consistent_success
1000,curobo_threshold_N1000_K16,702,1,1,4.200112819671631,-3.623823881149292,-0.3159302771091461,0.024523204192519188,-3.7798709869384766,3.555490493774414,8.429369557916289e-05,8.501361094734977e-06,0.00011946604186752149,7.636383641665695e-06,3.5172346288358605e-05,8.649774530692818e-07,0.5988233055675807,0.8814628747278469,-0.5219445830948564,-0.39676201343536377,0.2116522490978241,0.8144713044166565,0.366632878780365,0,consistent_success
1000,curobo_threshold_N1000_K16,703,1,1,0.43754076957702637,-0.47781553864479065,2.780759811401367,-1.0676101446151733,0.9693040251731873,2.8061015605926514,6.828570064953965e-05,3.972662817551148e-06,5.646317420618654e-05,2.4148365394514667e-06,1.1822526443353106e-05,1.557826278099681e-06,-0.022125687688773144,0.22824064410007064,-0.12679006001368712,-0.3140800893306732,0.8869909644126892,-0.3201776444911957,-0.10994075983762741,0,consistent_success
1000,curobo_threshold_N1000_K16,704,1,1,-0.028022950515151024,-0.42400601506233215,2.6238880157470703,-0.5327310562133789,0.1362481713294983,-2.004201650619507,0.008434310984739568,0.000724021417206591,0.008455130150013127,0.0007265347861076432,2.0819165273558773e-05,2.5133689010521697e-06,0.11180444732238103,0.25224448023620255,-0.08499081076844253,0.11480552703142166,-0.12052473425865173,0.7436871528625488,0.6474742293357849,0,consistent_success
1000,curobo_threshold_N1000_K16,705,1,1,-2.510432720184326,-0.485802561044693,-0.6949754357337952,0.25714731216430664,1.1060104370117188,1.640548586845398,8.429369557916289e-05,2.929587034879837e-06,9.84830052971914e-05,2.091309789151873e-06,1.4189309718028509e-05,8.382772457279639e-07,-0.6061151611267109,-0.6972562653143868,0.9383704616320667,0.841393768787384,0.2955268323421478,-0.2368163764476776,0.3855365216732025,0,consistent_success
1000,curobo_threshold_N1000_K16,706,1,1,0.7044726610183716,1.4774043560028076,-2.897242784500122,0.8399653434753418,-0.41357773542404175,-1.6196004152297974,4.485843518864385e-05,1.9779911292899032e-06,2.7463711429695382e-05,8.009106731400786e-06,1.739472375894847e-05,6.031115602110882e-06,-0.02710099568210861,0.30292678726840205,-0.03333083884836117,-0.32730862498283386,0.780546247959137,0.029125789180397987,-0.5317596793174744,0,consistent_success
1000,curobo_threshold_N1000_K16,707,1,1,2.259336471557617,1.998185634613037,2.4172980785369873,0.7012428641319275,0.6661239862442017,1.8349924087524414,2.686345013103164e-05,8.999647044905263e-06,4.528085309870449e-05,1.1066171232981577e-05,1.841740296767285e-05,2.066524188076314e-06,0.0031778439015909127,-0.3759530558943147,0.12447130583415153,0.8660622239112854,0.2617787718772888,-0.38394632935523987,-0.18437279760837555,0,consistent_success
1000,curobo_threshold_N1000_K16,708,1,1,0.09890285134315491,0.3882139325141907,1.6221184730529785,-1.3434414863586426,1.0389026403427124,-0.1709344983100891,6.143906006172983e-05,1.7166671895523789e-06,1.8816406510273357e-05,4.00455336570039e-06,4.2622653551456476e-05,2.2878861761480114e-06,0.29146719309865815,0.24065777305053226,-0.7623286217492187,0.14743278920650482,0.43427303433418274,0.7602323889732361,0.4601273536682129,0,consistent_success
1000,curobo_threshold_N1000_K16,709,1,1,0.5228263139724731,-1.0678313970565796,-0.3176790475845337,-1.3324474096298218,-1.471986174583435,0.058958958834409714,0.0003698370960592001,1.2891911546774002e-05,0.0005121303614547465,1.5462498375200197e-05,0.0001422932653955464,2.5705868284261953e-06,0.37421137266200943,0.415382171596723,1.2937688553204738,-0.49674075841903687,0.7277782559394836,-0.4181798994541168,0.22071018815040588,0,consistent_success
1000,curobo_threshold_N1000_K16,710,1,1,-3.6821961402893066,-0.4864726960659027,2.312345504760742,0.1546596884727478,1.7360800504684448,-1.8082449436187744,9.085796648378164e-05,1.0110815806196338e-05,8.359749083691897e-05,1.0526028440638429e-05,7.260475646862671e-06,4.152126344420908e-07,-0.29455552929831064,0.003292429470380799,-0.17769072246879664,0.0021156780421733856,0.9670942425727844,-0.1307346373796463,0.2182491421699524,0,consistent_success
1000,curobo_threshold_N1000_K16,711,0,0,6.120538234710693,-5.984513759613037,0.5159761309623718,-2.6495797634124756,4.506649494171143,2.467637777328491,27.11547538638115,1.8996113581903,27.115466495393317,1.8996129258347678,8.890987832188557e-06,1.5676444677925616e-06,1.1232103336918933,-0.009986411868888299,-0.5244702355374761,0.16690674424171448,0.506676435470581,0.8435447812080383,-0.06207510083913803,0,reported_large_reeval_large
1000,curobo_threshold_N1000_K16,712,1,1,-1.4003843069076538,-0.04841310530900955,0.8943453431129456,0.18466688692569733,1.3356376886367798,-2.0208609104156494,0.00010745380052412656,1.2377131901581019e-05,0.00010777787488275173,9.883144480908979e-06,3.2407435862516574e-07,2.49398742067204e-06,0.3417479321397697,-0.8925985212052349,-0.40790074211063587,0.24973294138908386,0.4100167751312256,0.8653831481933594,-0.14363723993301392,0,consistent_success
1000,curobo_threshold_N1000_K16,713,1,1,2.1339123249053955,-1.0096575021743774,0.010446378029882908,-0.09090972691774368,1.865896463394165,-1.290250539779663,4.049870185554028,0.32852550901228134,4.049851625705437,0.32852462600735377,1.8559848590449235e-05,8.830049275654339e-07,-0.5330830295109238,0.5870134053492841,1.1548217765657278,0.3743882179260254,-0.10410289466381073,0.2577977478504181,0.8846108317375183,0,consistent_success
1000,curobo_threshold_N1000_K16,714,1,1,-2.1787543296813965,3.227356195449829,-0.6662129759788513,-0.10951458662748337,0.4986001253128052,-3.095240354537964,9.541398782175747e-05,8.174376053931572e-06,6.736604542517539e-05,6.156649318399953e-06,2.8047942396582087e-05,2.0177267355316193e-06,0.8841580558488925,0.8417743206864454,-0.0729540016303878,0.545515775680542,0.4561108350753784,0.6664466857910156,0.22410771250724792,0,consistent_success
1000,curobo_threshold_N1000_K16,715,1,1,-2.1944656372070312,3.613119125366211,-0.0398273691534996,-3.0798187255859375,-4.499411106109619,-2.4201295375823975,0.011968666512984782,0.0008661633171719511,0.012098281793156888,0.0008739323129657019,0.0001296152801721056,7.768995793750746e-06,0.7249078380278057,0.7602223969915333,0.5001786167417335,-0.06619558483362198,0.5743955969810486,0.6336840987205505,-0.5139380097389221,0,consistent_success
1000,curobo_threshold_N1000_K16,716,1,1,0.8550565242767334,-1.6821255683898926,-0.5432868599891663,-0.341696560382843,2.2268779277801514,-0.6096034646034241,2.9802322387695312e-05,7.263923600145552e-06,5.7170492520456395e-05,3.1945284701301985e-06,2.7368170132761082e-05,4.069395130015353e-06,-0.35351627456327384,-0.24241788158000926,1.3263333538773625,0.390272319316864,0.2586402893066406,-0.46670401096343994,0.7503199577331543,0,consistent_success
1000,curobo_threshold_N1000_K16,717,1,1,-1.3463644981384277,0.03906916454434395,1.969879388809204,1.0954254865646362,-1.1368895769119263,-0.1996501088142395,9.42432194506182e-05,1.319314030310029e-05,9.446108394484668e-05,8.45192788808014e-06,2.1786449422848313e-07,4.7412124150201495e-06,0.2973274803334625,-0.3916695327591932,-0.29611048279227675,-0.15805216133594513,0.2941393554210663,-0.6297628283500671,0.701356053352356,0,consistent_success
1000,curobo_threshold_N1000_K16,718,1,1,0.5486541390419006,-2.9866976737976074,-0.4628450274467468,0.9615600109100342,-0.5516980290412903,2.7445242404937744,4.770699391087874e-05,5.777867082326989e-06,0.0001480789698696204,8.706816964856289e-06,0.00010037197595874167,2.9289498825293002e-06,-1.0149472073546855,-0.33622122978831853,0.1107187310591147,-0.08002238720655441,0.0352051742374897,0.811241090297699,0.5781391859054565,0,consistent_success
1000,curobo_threshold_N1000_K16,719,1,1,-0.5673776865005493,-0.8886760473251343,2.6128017902374268,-1.5963127613067627,2.307286024093628,-2.571063280105591,4.0122603905956566e-05,1.4088230830441466e-05,4.762612444292628e-05,1.4489019236708836e-05,7.503520536969715e-06,4.0078840626736946e-07,0.3511819430891775,-0.1028349316333695,-0.086691039250028,0.24560825526714325,0.08178436756134033,0.7352049350738525,-0.6264675259590149,0,consistent_success
1000,curobo_threshold_N1000_K16,720,1,1,-0.33885785937309265,-1.8134385347366333,1.5662776231765747,0.4464334547519684,-1.2168660163879395,2.8235511779785156,6.664001972467304e-05,7.837757138442453e-06,8.299899260440489e-05,7.540324677666867e-06,1.6358972879731848e-05,2.974324607755869e-07,0.34823464952031036,0.08497150361086003,0.7650966519166692,0.732873260974884,-0.5406876802444458,-0.3388414978981018,0.23609334230422974,0,consistent_success
1000,curobo_threshold_N1000_K16,721,1,1,-4.801003456115723,-3.6098036766052246,-0.48730602860450745,-0.6355705261230469,-0.28717297315597534,1.6949589252471924,0.00013328003944934608,1.11145056352474e-05,0.0001572074520955251,6.156649318399953e-06,2.392741264617903e-05,4.957856316847448e-06,-0.3392245700652087,-0.9664359310358709,-0.5924750359676629,0.5605869293212891,-0.4607369303703308,-0.3822689652442932,0.5721312761306763,0,consistent_success
1000,curobo_threshold_N1000_K16,722,1,1,0.979988157749176,-0.6968860626220703,-2.759567975997925,3.026763916015625,0.7449721693992615,-1.613142967224121,0.010423295861983206,0.0006034417832869632,0.0104217291008087,0.0005993588292065818,1.5667611745068255e-06,4.08295408038141e-06,-0.17562629434845417,0.15412283411953134,0.26372668997237725,0.5897666811943054,-0.5365583896636963,0.2662566900253296,0.5416527390480042,0,consistent_success
1000,curobo_threshold_N1000_K16,723,1,1,-2.513979911804199,2.0190935134887695,-2.4653658866882324,0.9545162320137024,-1.9914048910140991,-1.19695246219635,0.0031707472771813627,0.000432467591896069,0.003177097163182057,0.0004312714847095803,6.349886000694364e-06,1.196107186488709e-06,-0.02391079859737162,-0.17337090705264058,-0.23733518951615123,0.6888793110847473,-0.24123293161392212,0.4687109589576721,0.49755603075027466,0,consistent_success
1000,curobo_threshold_N1000_K16,724,1,1,0.9464384317398071,1.037969708442688,0.41286176443099976,0.30035096406936646,-0.2805960476398468,-3.478358507156372,5.9604644775390625e-05,4.387585055520652e-06,5.4259512120378185e-05,3.1945284701301985e-06,5.34513265501244e-06,1.1930565853904538e-06,-0.04698155198667393,0.3667906819280292,-0.9221718613235871,0.3198530972003937,-0.5823405981063843,0.15704092383384705,0.7306925058364868,0,consistent_success
1000,curobo_threshold_N1000_K16,725,1,1,-3.554288625717163,-1.302172303199768,2.8075196743011475,-0.433910608291626,-0.9827880263328552,2.0381953716278076,0.00045540053861259366,1.160364868659704e-05,0.00048520847463259,1.2134403433412637e-05,2.9807936019996342e-05,5.307547468155979e-07,-0.14264841999248,-0.17234001808824284,0.1582195934413959,0.046214647591114044,0.0943446233868599,-0.35479068756103516,0.9290246963500977,0,consistent_success
1000,curobo_threshold_N1000_K16,726,1,1,-0.4079858064651489,1.609758734703064,1.6294509172439575,-1.6515882015228271,-0.13129368424415588,1.3315610885620117,8.429369557916289e-05,5.039362844396621e-06,5.8377350712274435e-05,6.3890569402603996e-06,2.591634486688845e-05,1.3496940958637782e-06,-0.5493981651253307,0.515651117958738,-0.4144426061859697,0.7146757245063782,-0.6562962532043457,0.06185545399785042,-0.2338540107011795,0,consistent_success
1000,curobo_threshold_N1000_K16,727,1,1,0.7459003329277039,-0.11308504641056061,0.4123671054840088,1.1505138874053955,1.3207210302352905,-1.0305696725845337,0.00038194673379621236,9.269038092647977e-06,0.0005148045382416725,6.037091348628668e-06,0.00013285780444546012,3.2319467440193086e-06,0.6451073683373394,0.850332468381185,-0.07501752942124922,-0.026638036593794823,-0.10916852951049805,0.9843714237213135,0.13559351861476898,0,consistent_success
1000,curobo_threshold_N1000_K16,728,1,1,2.3711440563201904,-0.3344228267669678,-0.005124403163790703,0.4543743133544922,0.9475273489952087,2.650831699371338,4.421751480549574,0.4540983501399806,4.421825258538107,0.45409606703211275,7.377798853269724e-05,2.283107867873113e-06,-1.0009413124384565,0.6673144547287534,0.39657650545541095,0.5873034596443176,-0.4465561509132385,-0.5920798778533936,0.3241969347000122,0,consistent_success
1000,curobo_threshold_N1000_K16,729,1,1,0.8126152753829956,1.3545714616775513,1.219486951828003,-2.8469104766845703,-2.0713982582092285,-0.8322373032569885,6.828570064953965e-05,9.284408975534804e-06,7.943984505685768e-05,0.0,1.1154144407318035e-05,9.284408975534804e-06,-0.3605667781792167,-0.2066805251258954,-0.911308630581438,0.5508564114570618,0.7658075094223022,0.1781712919473648,-0.2799125015735626,0,consistent_success
1000,curobo_threshold_N1000_K16,730,1,1,-2.328037977218628,1.2474477291107178,-0.06625647842884064,-3.110650062561035,0.28275060653686523,1.1282175779342651,0.00627330018687644,0.0007422029814045316,0.006346001580193619,0.0007411394568563269,7.270139331717884e-05,1.0635245482047175e-06,-0.16762853023024965,-0.5448972307405555,-0.9177012667500725,0.7931165099143982,0.39422720670700073,0.4625605642795563,0.0398600772023201,0,consistent_success
1000,curobo_threshold_N1000_K16,731,1,1,-2.0977566242218018,1.642483115196228,-0.21371272206306458,-1.4946510791778564,-2.147573947906494,-0.4173998236656189,0.021350542738218792,0.0010317973326224527,0.02136163338305055,0.0010327478382277883,1.1090644831759228e-05,9.505056053355897e-07,0.11448101184590762,-0.029210386270440356,-1.1702016195903782,0.11311239749193192,-0.15575726330280304,0.7094590663909912,0.6779477000236511,0,consistent_success
1000,curobo_threshold_N1000_K16,732,1,1,0.4540233612060547,1.6141166687011719,0.6722909808158875,-0.30351752042770386,1.053048014640808,-1.1425814628601074,5.972094641037984e-05,1.3270672557348139e-06,4.0933666289507484e-05,5.915117333884395e-06,1.8787280120872355e-05,4.5880500781495815e-06,-0.5772803856761202,-0.04852997149912526,-0.9431039764297902,-0.2858271896839142,0.04015960544347763,0.9468280076980591,0.14215049147605896,0,consistent_success
1000,curobo_threshold_N1000_K16,733,1,1,-1.6565877199172974,0.7698438167572021,1.0598430633544922,-1.5202792882919312,1.682105302810669,2.290560245513916,0.0002616204426431068,1.738968119423553e-05,0.0002769792746301868,1.1326587362040649e-05,1.5358831987080017e-05,6.06309383219488e-06,0.12357541130375228,-0.35686396501438644,-0.9900005711966426,-0.3059074878692627,-0.27062880992889404,0.7603058815002441,-0.5050897598266602,0,consistent_success
1000,curobo_threshold_N1000_K16,734,1,1,0.6806405186653137,0.21285027265548706,-2.0322039127349854,1.318014144897461,1.179503083229065,0.43754300475120544,0.0001115100829451876,6.489886714202622e-06,9.728460663793394e-05,5.915117333884395e-06,1.4225476307253669e-05,5.747693803182272e-07,0.33148505327043015,0.5246024570334233,0.49222948423579227,0.09283266961574554,0.1762644499540329,0.49678289890289307,0.8447009325027466,0,consistent_success
1000,curobo_threshold_N1000_K16,735,1,1,-2.641528367996216,-0.2193959802389145,2.62835431098938,-0.3970266282558441,1.852427363395691,-2.231964588165283,0.00013743242277541867,1.6936685528507287e-05,0.00014067463538253524,1.9167170820781278e-05,3.242212607116571e-06,2.230485292273991e-06,0.04049020887163632,-0.13549295502585057,-0.15296474566469828,-0.11907611787319183,0.7909489870071411,0.555626630783081,0.2269352525472641,0,consistent_success
1000,curobo_threshold_N1000_K16,736,1,1,-0.24570666253566742,3.0675830841064453,-1.2586034536361694,-2.8821308612823486,2.1104257106781006,-0.35415971279144287,4.214684778958144e-05,1.1330491047889474e-05,4.4576768199947734e-05,1.0799477313527678e-05,2.4299204103662904e-06,5.310137343617963e-07,-0.5593744210349908,0.26045274172963806,-0.45982134893457777,0.8568354249000549,0.35079991817474365,0.004176890943199396,0.37782931327819824,0,consistent_success
1000,curobo_threshold_N1000_K16,737,1,1,0.8436346054077148,-2.3653271198272705,2.5073888301849365,-0.6128931045532227,-1.0530709028244019,2.2129595279693604,6.143906006172983e-05,7.69381245977965e-06,9.93737230221344e-05,2.4148365394514667e-06,3.793466296040457e-05,5.2789759203281834e-06,-0.08281782261147133,0.22218965394864718,0.33559647274453386,0.5197460055351257,-0.05023719742894173,-0.8334058523178101,0.18103864789009094,0,consistent_success
1000,curobo_threshold_N1000_K16,738,1,1,-2.688889741897583,-0.2848905920982361,-2.7096025943756104,0.1366434544324875,1.4773863554000854,2.734487771987915,0.3157600585836917,0.028981096293012428,0.31571854828972556,0.028978958568877704,4.151029396615158e-05,2.137724134723684e-06,0.10640615438807911,-0.13976348122248453,0.5199567903555102,0.5724104046821594,0.24378328025341034,0.548750102519989,0.5583810210227966,0,consistent_success
1000,curobo_threshold_N1000_K16,739,1,1,-0.28844618797302246,1.363100528717041,-2.784036636352539,0.695684015750885,-1.128836989402771,-0.3058621287345886,3.0034250642074767e-05,6.684287915887662e-06,3.5200133242547124e-05,4.353408482428142e-06,5.165882600472358e-06,2.33087943345952e-06,0.27453741973365064,0.13067898754737511,-0.04752575978139292,-0.011245092377066612,-0.5715900659561157,0.687807559967041,0.44730204343795776,0,consistent_success
1000,curobo_threshold_N1000_K16,740,1,1,-1.664658784866333,-1.8524616956710815,2.2518811225891113,0.5329633951187134,0.6845157742500305,0.8431418538093567,0.0001115100829451876,1.8496140495487545e-05,0.0001251880250172743,2.013168567464644e-05,1.3677942072086707e-05,1.6355451791588944e-06,0.20631340595458217,-0.31971664301046865,0.376861634002912,0.11485838890075684,0.8261038064956665,-0.26727035641670227,0.48262467980384827,0,consistent_success
1000,curobo_threshold_N1000_K16,741,1,1,0.2478354275226593,-1.1016558408737183,-2.835268020629883,-0.538479745388031,2.8119418621063232,1.062654733657837,0.00010905624492352217,8.20907331017372e-06,0.0001353054261574705,3.6222548091772005e-06,2.624918123394834e-05,4.5868185009965195e-06,-0.2547926040254479,0.014650929466276538,0.2626519951141985,0.5600578784942627,0.7254449725151062,0.3620249927043915,-0.17030179500579834,0,consistent_success
1000,curobo_threshold_N1000_K16,742,1,1,-0.10144764184951782,-0.8246631622314453,-0.785914421081543,1.07508385181427,-1.7855721712112427,-1.0380762815475464,2.9802322387695312e-05,4.9600812341850924e-06,9.479161606526278e-05,8.537736462515945e-06,6.498929367756746e-05,3.577655228330853e-06,0.38692220349078765,0.1056486801524035,1.0030809506475025,0.19625259935855865,0.8374446630477905,-0.21899200975894928,-0.4606667757034302,0,consistent_success
1000,curobo_threshold_N1000_K16,743,1,1,-2.1387782096862793,-0.15215565264225006,-0.020489446818828583,-1.0775686502456665,-2.450369119644165,-1.9449652433395386,0.04003265348728746,0.0049908810083908045,0.04014335201540458,0.004992045540173231,0.00011069852811711883,1.1645317824268003e-06,-0.5994970107796921,-1.1121818002082628,0.22614006558764277,0.007442661095410585,-0.62000572681427,0.6465975046157837,0.44435256719589233,0,consistent_success
1000,curobo_threshold_N1000_K16,744,1,1,2.299809217453003,-0.7681331634521484,-0.7016010284423828,0.4196338355541229,0.8634761571884155,-1.9837205410003662,0.00020647654253025394,2.928023117976305e-06,0.0003245202798912913,3.415094585006376e-06,0.00011804373736103738,4.870714670300708e-07,-0.5887035879479571,0.3230906886256908,1.125129048530251,0.4599420130252838,-0.30716800689697266,-0.27561214566230774,0.7862182259559631,0,consistent_success
1000,curobo_threshold_N1000_K16,745,1,1,0.5231290459632874,-2.636139392852783,1.5990577936172485,1.268996238708496,-1.8093618154525757,2.5573673248291016,8.170199805590528e-05,6.14533442667156e-06,0.00011741808444586388,1.0731768324341125e-05,3.5716086389958604e-05,4.586433897669565e-06,-0.38123206330120096,-0.05576568571332193,0.8243280014520201,0.5165125727653503,-0.05067578703165054,-0.621100664138794,0.5872654318809509,0,consistent_success
1000,curobo_threshold_N1000_K16,746,1,1,0.2950350344181061,0.5853413343429565,1.1953861713409424,-0.5480614304542542,-0.6727142930030823,1.0091689825057983,5.372690026206328e-05,5.461963602922553e-06,5.542711626334526e-05,1.7075472925031877e-06,1.7002160012819791e-06,3.7544163104193653e-06,0.1826602357510187,0.3022249420131652,-0.7547381438813032,0.8704348802566528,-0.32629576325416565,-0.31562134623527527,-0.19041380286216736,0,consistent_success
1000,curobo_threshold_N1000_K16,747,1,1,-2.1831276416778564,1.0421087741851807,0.3754473626613617,0.8400719165802002,0.014322459697723389,-3.411770820617676,0.2164157631341368,0.08647144887240436,0.216427544168765,0.08647216546649021,1.1781034628205456e-05,7.165940858477882e-07,0.034030487931621826,-0.39754262656552736,-0.8944239960176121,0.6997495889663696,0.3476102948188782,0.6206272840499878,-0.06587423384189606,0,consistent_success
1000,curobo_threshold_N1000_K16,748,1,1,-1.9061144590377808,-0.5546790361404419,2.858215808868408,-0.819526195526123,0.9685434699058533,-1.9333230257034302,0.021283640307956375,0.0013662284531430523,0.02132783096827852,0.001370987690159887,4.419066032214369e-05,4.759237016834774e-06,0.1946533963536971,-0.09827331263963532,-0.06151539589401302,0.286060094833374,0.6561884880065918,0.6927409172058105,0.08772838860750198,0,consistent_success
1000,curobo_threshold_N1000_K16,749,1,1,-1.1332073211669922,-1.0857031345367432,2.6947402954101562,-0.14613080024719238,1.2173196077346802,-0.030073614791035652,8.101971360474636e-05,3.875795233505996e-06,0.00011936599235840932,2.9575586669421963e-06,3.834627875366296e-05,9.182365665637993e-07,0.24426173247507932,-0.059914950859310964,-0.001642636941352471,0.016455359756946564,0.9540424942970276,0.23698700964450836,0.18267259001731873,0,consistent_success
1000,curobo_threshold_N1000_K16,750,1,1,-2.211319923400879,0.7291603088378906,-1.9356279373168945,2.926227331161499,-3.101492404937744,-0.3989796042442322,0.00876320063980529,0.004639985876124684,0.008792092464266318,0.004642062867883041,2.8891824461026866e-05,2.0769917583570233e-06,-0.2689748645174899,-0.4810508473438612,0.27512152280456975,-0.40194472670555115,0.692296028137207,-0.0299881212413311,-0.5985543727874756,0,consistent_success
1000,curobo_threshold_N1000_K16,751,1,1,0.596747875213623,1.5405129194259644,2.048896551132202,-0.46610841155052185,-0.6260277032852173,-0.9343703389167786,1.343172506551582e-05,9.805154425310464e-06,5.333093292588324e-05,1.1326587362040649e-05,3.989920786036742e-05,1.5214329367301852e-06,-0.5025677265180986,-0.052908612118411386,-0.11994547848346618,0.6275061964988708,-0.6302015781402588,-0.3122299313545227,-0.33405742049217224,0,consistent_success
1000,curobo_threshold_N1000_K16,752,1,1,0.2836664617061615,-1.8436328172683716,1.9613007307052612,0.17760500311851501,2.440403938293457,-0.9729196429252625,6.143906006172983e-05,6.207622002442342e-06,7.670726832658591e-05,5.122641877509564e-06,1.5268208264856075e-05,1.0849801249327782e-06,0.3834501967652686,0.20917160240288366,0.5214745444351129,0.6327741146087646,0.36172041296958923,0.6804590821266174,-0.07570116966962814,0,consistent_success
1000,curobo_threshold_N1000_K16,753,1,1,-2.2195076942443848,-0.5181023478507996,2.5073249340057373,0.07482030242681503,2.728466749191284,-0.8580629825592041,6.018390763529169e-05,8.82136499612363e-06,4.242489556072603e-05,6.9360898910140305e-06,1.7759012074565662e-05,1.8852751051096003e-06,-0.045223298093516974,-0.1912316952979724,-0.07036623440293296,0.5119765400886536,-0.7933743596076965,-0.21763838827610016,0.2471247911453247,0,consistent_success
1000,curobo_threshold_N1000_K16,754,1,1,0.6749449372291565,0.04487757757306099,2.271888017654419,-0.297760009765625,1.1448746919631958,-1.0921233892440796,0.0003750721759843145,5.2467740922839686e-06,0.0003818222282960025,6.3890569402603996e-06,6.750052311687996e-06,1.142282847976431e-06,-0.06197447352459149,0.20917167897703356,-0.3460007473174467,-0.29444998502731323,-0.04662627354264259,0.9529846906661987,0.05427131801843643,0,consistent_success
1000,curobo_threshold_N1000_K16,755,1,1,-0.8343571424484253,-0.2848571836948395,2.337947130203247,-1.4311434030532837,0.9589454531669617,1.8184340000152588,6.664001972467304e-05,2.930615804374884e-06,5.944721912826839e-05,7.443026089337887e-06,7.19280059640465e-06,4.5124102849630034e-06,0.37282118932094355,-0.08830588351330662,-0.3457422928077943,-0.13049966096878052,0.7979732155799866,-0.3189051151275635,0.49447765946388245,0,consistent_success
1000,curobo_threshold_N1000_K16,756,1,1,-0.5885010361671448,-0.9631146192550659,-0.7362173795700073,1.3661214113235474,2.7608704566955566,2.1979751586914062,0.00013328003944934608,1.2597958678225905e-05,9.316241487963682e-05,9.430238149809192e-06,4.011762456970926e-05,3.1677205284167132e-06,0.3315255765102656,-0.12706818507966938,1.0991846231638016,0.3120366036891937,0.13355307281017303,-0.6491485834121704,0.6807370185852051,0,consistent_success
1000,curobo_threshold_N1000_K16,757,1,1,3.6588168144226074,0.834328830242157,2.980376720428467,0.8416709899902344,-2.9900763034820557,1.6208233833312988,2.959044184535742,0.2261276331405675,2.9590354537031645,0.226128637378457,8.730832577352743e-06,1.0042378895125381e-06,-0.03190113709003463,-0.10529932248025381,0.023409777152760023,0.6194392442703247,-0.7424889802932739,-0.1564360409975052,0.20132781565189362,0,consistent_success
1000,curobo_threshold_N1000_K16,758,1,1,0.6316270232200623,0.47895848751068115,1.64198899269104,-2.0531697273254395,1.9312894344329834,-0.8372032642364502,0.00019082797564351495,8.959149271146125e-06,0.00023603174120430439,8.099607985145754e-06,4.520376556078944e-05,8.59541286000371e-07,0.18241315917096418,0.2962903501942012,-0.7638752527556799,0.6038063168525696,0.15886953473091125,0.7116507291793823,0.32207390666007996,0,consistent_success
1000,curobo_threshold_N1000_K16,759,1,1,-2.358034133911133,-0.0017802518559619784,2.4580020904541016,0.2073729932308197,-0.5119156837463379,0.9191581606864929,0.00019155383768065803,1.4380021939583665e-05,0.00022065305057321157,1.924308070525986e-05,2.9099212892553535e-05,4.863058765676194e-06,0.06206448196910122,-0.2830523496206153,-0.11034598664571245,-0.3104661703109741,-0.05411945655941963,-0.6200043559074402,0.7185238003730774,0,consistent_success
1000,curobo_threshold_N1000_K16,760,1,1,2.102989673614502,-1.5094330310821533,2.2129781246185303,0.7649819254875183,-1.0165414810180664,-0.25597238540649414,0.00010745380052412656,1.6273978844857062e-05,0.0001356834667837504,1.4183953086968167e-05,2.8229666259623837e-05,2.0900257578888946e-06,-0.36110729109474693,0.19450749861697933,0.4340883020111862,0.9533665180206299,0.15030597150325775,-0.23341600596904755,0.11839496344327927,0,consistent_success
1000,curobo_threshold_N1000_K16,761,1,1,1.6976604461669922,-1.874323844909668,1.0472266674041748,-1.4303046464920044,2.621884822845459,2.4169039726257324,4.214684778958144e-05,1.1193508781535458e-05,0.00016277666283115165,8.009106731400786e-06,0.0001206298150415702,3.1844020501346723e-06,-0.11676820438284868,0.25224561241642846,1.2412767013439754,0.8281812071800232,0.07006028294563293,0.5504956245422363,-0.07849811017513275,0,consistent_success
1000,curobo_threshold_N1000_K16,762,1,1,-2.9057860374450684,-1.0443984270095825,-0.5678914785385132,1.6000958681106567,-1.0506535768508911,-2.254222869873047,0.19098630582448095,0.03864334269408097,0.19097754798299776,0.03864228698219708,8.757841483186812e-06,1.0557118838919188e-06,-0.15042630758564796,-0.25183579237389464,1.1114109243088057,0.6217785477638245,-0.14297232031822205,0.6960756182670593,-0.32928571105003357,0,consistent_success
1000,curobo_threshold_N1000_K16,763,1,1,-4.505521297454834,3.173231601715088,0.6560258865356445,3.9627175331115723,-0.04562464728951454,-1.6839081048965454,0.00021489347545866622,0.0001270305910516403,0.0002015661078158265,0.0001232749810179718,1.3327367642839718e-05,3.7556100336684983e-06,-0.010342222859199349,-1.1973175340828246,0.5069458085063152,0.5199992656707764,0.5728947520256042,-0.38604533672332764,-0.5023558139801025,0,consistent_success
1000,curobo_threshold_N1000_K16,764,1,1,-1.2498606443405151,-2.4583523273468018,0.6037912368774414,4.370902061462402,1.4540555477142334,-1.1612567901611328,0.00024755667027420714,3.967674893588615e-06,0.00029989898117152634,4.182619578303747e-06,5.234231089731921e-05,2.1494468471513228e-07,-0.07929065319756698,0.7922604584806608,1.1032882041502032,-0.3938569128513336,0.6736217737197876,0.5804243683815002,0.23284746706485748,0,consistent_success
1000,curobo_threshold_N1000_K16,765,1,1,-3.9183125495910645,-1.0895377397537231,-1.3386809825897217,-0.7391611337661743,-0.4532359540462494,-2.5181989669799805,3.725290298461914e-05,9.678108110003588e-06,8.376633964264127e-05,6.3890569402603996e-06,4.6513436658022125e-05,3.289051169743188e-06,-0.09307662244184173,-0.25460778381478066,1.1609938808688647,0.6761415600776672,0.42873647809028625,-0.5572609901428223,-0.22017674148082733,0,consistent_success
1000,curobo_threshold_N1000_K16,766,1,1,-1.9844534397125244,-0.8007972240447998,2.320220947265625,-0.49390271306037903,0.2396051436662674,1.6815334558486938,0.00012128666071475891,2.4622027636837015e-05,0.00013833744286160992,2.3225154141253322e-05,1.705078214685101e-05,1.3968734955836932e-06,0.08426481228544874,-0.43872314514120814,-0.08359927411121133,-0.1816207617521286,0.5225260853767395,-0.5730781555175781,0.6046171188354492,0,consistent_success
1000,curobo_threshold_N1000_K16,767,1,1,-2.168431043624878,-0.4972931146621704,-2.9792191982269287,0.7667970061302185,2.3187081813812256,-0.26116153597831726,0.20468719594646245,0.017380551928748024,0.204640653043925,0.017388356839733533,4.65429025374442e-05,7.804910985509395e-06,0.0926036016378238,-0.0442220137459363,0.3645285405925297,0.7947477102279663,-0.5464146137237549,-0.2193688005208969,-0.1472564935684204,0,consistent_success
1000,curobo_threshold_N1000_K16,768,1,1,0.2802430987358093,1.2010918855667114,-0.39340320229530334,-1.4456642866134644,2.240159511566162,0.5109732151031494,8.429369557916289e-05,5.134338990739363e-06,2.7491452501331027e-05,9.274355708402698e-06,5.680224307783186e-05,4.140016717663335e-06,0.6851536352842212,0.30826420458994813,-0.906825662534702,0.45720136165618896,0.5151006579399109,0.033808957785367966,0.7242203950881958,0,consistent_success
1000,curobo_threshold_N1000_K16,769,1,1,-0.26752346754074097,-2.475797176361084,1.2622551918029785,2.759908676147461,2.053098201751709,1.0367149114608765,0.00020485710194861895,4.300517691715501e-05,0.00021301524473330848,4.4560114361702576e-05,8.158142784689534e-06,1.5549374445475653e-06,-0.3487506054982849,0.22123639846749388,0.9570039444824497,0.22450461983680725,0.9627677798271179,0.12613841891288757,-0.0822497010231018,0,consistent_success
1000,curobo_threshold_N1000_K16,770,1,1,2.6119394302368164,2.9052793979644775,-2.8176662921905518,-1.5485568046569824,2.724160671234131,-2.5288333892822266,1.3158320216462016,0.14542801428194127,1.3158019311361424,0.1454264962075569,3.0090510059199715e-05,1.5180743843656863e-06,-0.12215267693056664,-0.022312770584198227,-0.04162653108397514,0.5892913341522217,-0.1599372923374176,0.522699773311615,0.5949291586875916,0,consistent_success
1000,curobo_threshold_N1000_K16,771,1,1,-3.375417947769165,-2.2958860397338867,-2.8056130409240723,2.963735818862915,-1.2536160945892334,4.60478401184082,0.16510930436197668,0.019220374105460708,0.1650933335420332,0.019224546768223414,1.5970819943478265e-05,4.172662762706031e-06,-0.0017678403070917892,-0.19782201634618737,0.04413747546897695,-0.29798564314842224,0.015568653121590614,0.9489325881004333,-0.10241660475730896,0,consistent_success
1000,curobo_threshold_N1000_K16,772,1,1,1.7483419179916382,-1.6304374933242798,0.6843013763427734,1.2706060409545898,1.6466691493988037,2.7428534030914307,9.996002603429588e-05,1.1460294318883117e-05,0.00010454423950452775,1.4183953086968167e-05,4.58421347023187e-06,2.723658768085051e-06,-0.21602906127254695,0.3152684201567859,1.0634676533557315,0.5762246251106262,-0.784288763999939,-0.2093696892261505,-0.09497740864753723,0,consistent_success
1000,curobo_threshold_N1000_K16,773,1,1,-0.38267356157302856,0.0705326572060585,2.6079509258270264,0.0067731281742453575,-1.0306370258331299,-0.8922867774963379,0.023782276912243105,0.002542720512705732,0.02377598065406,0.002544133155080238,6.296258183106224e-06,1.4126423745056994e-06,0.18882040204733996,0.15185875492767062,-0.03278953233116504,-0.2600944936275482,0.5541788935661316,-0.06261856108903885,0.7882357239723206,0,consistent_success
1000,curobo_threshold_N1000_K16,774,1,1,-0.9991956949234009,0.6764200329780579,-2.3741207122802734,0.4471253752708435,0.3431744873523712,0.9738900661468506,2.9802322387695312e-05,5.340299396803214e-07,5.428421412742307e-05,4.182619578303747e-06,2.448189173972776e-05,3.6485896386234256e-06,0.4945919578230736,-0.305381193667811,0.30490921920263536,0.513706386089325,0.24130290746688843,0.5311177968978882,0.6291204690933228,0,consistent_success
1000,curobo_threshold_N1000_K16,775,1,1,-1.016647219657898,-2.2745087146759033,2.338944673538208,1.966383457183838,1.1121139526367188,-1.2384250164031982,0.00012665987014770508,1.0223065265125295e-05,0.00011291083008235419,1.010198601586461e-05,1.3749040065350892e-05,1.210792492606854e-07,0.19240228135936055,0.07820880449622919,0.5343568784317245,-0.13488782942295074,0.6326253414154053,0.7081647515296936,0.28300726413726807,0,consistent_success
1000,curobo_threshold_N1000_K16,776,1,1,-2.2224795818328857,0.6353894472122192,-1.0840009450912476,1.0362879037857056,-3.9836573600769043,-0.9019343852996826,0.0001383883869721103,4.965517794468774e-06,0.0001939170958953622,4.517745487845102e-06,5.552870892325189e-05,4.4777230662367236e-07,-0.5258038004687475,-0.8583160079018631,-0.1221258784836983,0.09428080171346664,0.838272213935852,-0.06408622860908508,-0.5332014560699463,0,consistent_success
1000,curobo_threshold_N1000_K16,777,1,1,-1.939644455909729,-1.3228684663772583,2.1520862579345703,1.8518089056015015,-1.3033161163330078,1.6714175939559937,8.562091835528918e-05,2.4658812965394197e-06,7.17640468875443e-05,6.273929367455621e-06,1.3856871467744875e-05,3.8080480709162015e-06,-0.02805262087191416,-0.594871084939158,0.44173675679065455,0.5664710998535156,0.3858274519443512,0.36988112330436707,-0.6272444725036621,0,consistent_success
1000,curobo_threshold_N1000_K16,778,1,1,-1.4029210805892944,1.0125693082809448,-2.4321165084838867,0.10080762952566147,1.0276461839675903,0.2361840009689331,7.300048565639372e-05,4.5017597423649565e-06,7.168047070057421e-05,2.9575586669421963e-06,1.3200149558195088e-06,1.5442010754227602e-06,0.2992011872608861,-0.49914969319469854,0.22155246444320154,0.9295056462287903,0.13010509312152863,0.26183152198791504,0.22480256855487823,0,consistent_success
1000,curobo_threshold_N1000_K16,779,1,1,-2.3341941833496094,0.5364194512367249,0.21312856674194336,1.52427077293396,1.9197304248809814,-2.070535659790039,0.00035762786865234375,7.4191191983830006e-06,0.00042856906038874284,2.4148365394514667e-06,7.09411917363991e-05,5.004282658931534e-06,-0.45790275936632974,-0.6700347607695573,-0.5666792637385201,-0.21300144493579865,0.6977179050445557,0.6096299290657043,0.31011515855789185,0,consistent_success
1000,curobo_threshold_N1000_K16,780,1,1,-2.208353281021118,-1.3376314640045166,1.3109946250915527,0.22218798100948334,-0.5147485136985779,2.5683491230010986,7.450580596923828e-05,1.4305668815128784e-05,6.964686410619783e-05,1.0731768324341125e-05,4.858941863040454e-06,3.573900490787659e-06,-0.18859464635250042,-0.6648462100239448,0.6333068223654126,-0.36689314246177673,0.535457193851471,-0.4067619740962982,0.6428216695785522,0,consistent_success
1000,curobo_threshold_N1000_K16,781,1,1,1.9605642557144165,-0.7255048751831055,-2.1428310871124268,2.7161645889282227,1.1571167707443237,-2.110887289047241,0.0007045035204100714,3.508991642934565e-05,0.0007009457038757254,3.2978215886223634e-05,3.5578165343459495e-06,2.111700543122014e-06,-0.1888895241806972,-0.06916446691998084,0.5862501030024514,-0.4758594036102295,0.6540664434432983,-0.0528959184885025,-0.5856252908706665,0,consistent_success
1000,curobo_threshold_N1000_K16,782,1,1,-0.4509291350841522,-4.498204708099365,0.5540390014648438,-1.3771910667419434,3.5543174743652344,-4.282497882843018,0.0,2.345685234461044e-06,3.273124579733456e-05,1.2074182697257333e-06,3.273124579733456e-05,1.1382669647353108e-06,-0.5448127481255988,0.352109344872431,-0.9181320699293236,0.8001721501350403,0.36525654792785645,-0.4495396912097931,0.1556479036808014,0,consistent_success
1000,curobo_threshold_N1000_K16,783,1,1,1.0379236936569214,-1.3460299968719482,-0.9282247424125671,-1.3548986911773682,-4.573550701141357,-3.893000364303589,5.372690026206328e-05,1.8345372636477693e-05,5.321482701281218e-05,1.7704227144513012e-05,5.120732492511042e-07,6.411454919646804e-07,-0.31750848239891705,-0.2407536066411415,1.2197882975547132,0.4474413990974426,0.84581458568573,0.12876270711421967,-0.2604113519191742,0,consistent_success
1000,curobo_threshold_N1000_K16,784,1,1,2.5042455196380615,-0.3910543620586395,2.9529449939727783,-2.2975900173187256,-0.05542458966374397,-2.7310049533843994,3.2360944896936417,0.7127015851128282,3.236094315956482,0.7127037503889031,1.7373715976987114e-07,2.165276074883593e-06,-0.1920241511640524,-0.1723302435072962,-0.06319325166740766,-0.03282096982002258,-0.41505107283592224,-0.5715121626853943,0.7071274518966675,0,consistent_success
1000,curobo_threshold_N1000_K16,785,1,1,0.16087783873081207,-0.4230603575706482,1.9783927202224731,-0.9082313179969788,1.7302957773208618,2.675748586654663,6.664001972467304e-05,4.147574801481176e-06,5.4586069471479305e-05,7.540324677666867e-06,1.2053950253193733e-05,3.3927498761856906e-06,0.5384951059233116,0.23863768022511184,-0.34086235064194736,-0.20523054897785187,0.7786560654640198,-0.4373861253261566,0.40033552050590515,0,consistent_success
1000,curobo_threshold_N1000_K16,786,1,1,-1.0354828834533691,-0.6887205839157104,1.915002703666687,-1.1418315172195435,-1.9211761951446533,0.454235702753067,0.0001163817913152343,3.0122719302005065e-05,0.00011808685221839355,3.350449725204057e-05,1.70506090315925e-06,3.381777950035507e-06,0.40441665275598876,-0.4225543725352898,-0.13039796230198847,-0.44807007908821106,-0.15523505210876465,0.6605222821235657,0.582104504108429,0,consistent_success
1000,curobo_threshold_N1000_K16,787,1,1,1.265373945236206,0.7083955407142639,-2.137576103210449,1.105303406715393,-0.5275207757949829,1.7496936321258545,0.002819471319526201,0.0016345446431687179,0.0028039713687971553,0.0016353578998226234,1.549995072904582e-05,8.132566539054923e-07,-0.07045424721624435,0.5866917757374577,0.17123707704386298,0.6472434401512146,0.11479480564594269,-0.752951443195343,0.031018925830721855,0,consistent_success
1000,curobo_threshold_N1000_K16,788,1,1,2.0962917804718018,0.316157728433609,-1.9915485382080078,0.5452189445495605,2.5023250579833984,-3.0701847076416016,0.00013328003944934608,1.83028490783864e-05,0.00017031330549079676,1.7118108379478333e-05,3.703326604145068e-05,1.1847406989080658e-06,-0.4038921134215013,0.5172010094397917,0.5065978895531098,0.862197756767273,-0.28889399766921997,0.3830517828464508,0.1625625491142273,0,consistent_success
1000,curobo_threshold_N1000_K16,789,1,1,-3.3096396923065186,-0.2814920246601105,-0.6217581033706665,-0.43229782581329346,0.17503789067268372,-2.462043046951294,0.00010133885552932043,2.0814344516167745e-05,0.00014830086265068783,2.009544498697894e-05,4.696200712136741e-05,7.188995291888057e-07,-1.0861528168970118,-0.07410932292410885,0.735405020101816,0.3193567395210266,0.14165833592414856,-0.6286959052085876,0.6947558522224426,0,consistent_success
1000,curobo_threshold_N1000_K16,790,1,1,1.2970852851867676,-0.4708743095397949,2.495602607727051,2.0833349227905273,1.2895399332046509,0.004105912521481514,3.094458378427589e-05,2.3955795371933477e-06,4.731737181341598e-05,4.517745487845102e-06,1.637278802914009e-05,2.1221659506517543e-06,-0.09075660552807492,0.3779201242585744,0.029230710552181155,0.16837207973003387,-0.1733236312866211,-0.27328163385391235,0.9310891032218933,0,consistent_success
1000,curobo_threshold_N1000_K16,791,1,1,0.2999415993690491,0.5228652358055115,-1.6138116121292114,-0.8936775922775269,-1.44150972366333,0.4080739915370941,6.664001972467304e-05,1.2997548708853508e-05,6.842922717533553e-05,1.1326587362040649e-05,1.7892074506624893e-06,1.6709613468128593e-06,0.8433408912922424,0.4448669096864426,0.2921679759989445,0.2126639485359192,-0.6621280908584595,0.7180249691009521,-0.028293875977396965,0,consistent_success
1000,curobo_threshold_N1000_K16,792,1,1,-1.391363263130188,-0.20215409994125366,-0.9368519186973572,1.1321221590042114,-3.626887798309326,1.1685045957565308,6.664001972467304e-05,1.0702411597389528e-05,9.20356097954758e-05,8.009106731400786e-06,2.5395590070802763e-05,2.6933048659887427e-06,0.2386272845000041,-0.8539697708858889,0.6545493550052368,0.7018676400184631,0.3571721613407135,-0.608951985836029,0.09480150043964386,0,consistent_success
1000,curobo_threshold_N1000_K16,793,1,1,3.4556798934936523,0.7196232080459595,-1.194764256477356,4.10727596282959,-2.4483134746551514,-3.4526569843292236,0.21321432723198086,0.20393610840335807,0.21330944663198437,0.20393781913804096,9.511940000350716e-05,1.7107346828859615e-06,-0.9944635886208801,-0.4208705518554416,0.059957250902834894,0.07247019559144974,0.5910784006118774,-0.5472416877746582,-0.5881334543228149,0,consistent_success
1000,curobo_threshold_N1000_K16,794,1,1,-2.4683382511138916,1.3143781423568726,-1.7201640605926514,-2.0346667766571045,2.025991678237915,0.7588196992874146,4.214684778958144e-05,7.396421945954079e-06,9.649552049669586e-05,6.273929367455621e-06,5.434867270711442e-05,1.1224925784984575e-06,-0.464366840066965,-0.5282125338845316,-0.09695196455647932,0.8880165815353394,-0.4282725155353546,0.16395457088947296,0.03358729928731918,0,consistent_success
1000,curobo_threshold_N1000_K16,795,1,1,2.4965803623199463,-0.8631482720375061,-0.5385246872901917,-0.724179744720459,-0.9132319092750549,1.2368892431259155,1.4901161193847656e-05,1.1228978734454139e-05,7.87117748296279e-05,1.225395709315776e-05,6.381061363578024e-05,1.024978358703621e-06,-0.6366254119653716,0.2032951803948571,1.1554431037787103,0.15216301381587982,0.9129370450973511,-0.053619761019945145,-0.37485629320144653,0,consistent_success
1000,curobo_threshold_N1000_K16,796,1,1,1.6770206689834595,-1.4241600036621094,1.3325636386871338,2.8843233585357666,2.2083044052124023,4.153748035430908,6.143906006172983e-05,1.5486826470963024e-05,4.534610791492407e-05,1.4388049231413678e-05,1.6092952146805764e-05,1.0987772395493463e-06,-0.1667781187458584,0.5354796813069631,0.8684833633931511,0.32561159133911133,0.7780677080154419,-0.17876124382019043,0.5065886974334717,0,consistent_success
1000,curobo_threshold_N1000_K16,797,1,1,0.07509905099868774,-1.2480658292770386,-1.806147813796997,2.0790295600891113,-1.0234087705612183,-1.3339170217514038,0.00016391277313232422,4.5230312106523845e-05,0.00020683831351860164,4.3601008898878594e-05,4.292554038627742e-05,1.6293032076452512e-06,-0.33939345163069584,0.1869903128716054,0.6275662982575025,-0.21136580407619476,0.9109821319580078,-0.15341980755329132,-0.31921523809432983,0,consistent_success
1000,curobo_threshold_N1000_K16,798,1,1,2.166450262069702,-1.1033530235290527,0.759838879108429,3.1677632331848145,0.3334153890609741,-0.06006540358066559,8.940696716308594e-05,3.6141983258434896e-06,0.0001922897360652293,3.1945284701301985e-06,0.00010288276890214337,4.196698557132911e-07,-0.6285371203875884,0.4798642349221422,0.9669030703582384,-0.32657989859580994,0.10955823957920074,0.7342061400413513,-0.5850503444671631,0,consistent_success
1000,curobo_threshold_N1000_K16,799,1,1,0.6219033598899841,0.008382671512663364,2.089974880218506,0.7491484880447388,-2.1238820552825928,0.07679354399442673,0.00010848209086589122,3.92822380220849e-05,0.0001660002350291185,3.676187127947384e-05,5.751814416322728e-05,2.5203667426110617e-06,0.22970618249117766,0.3067653499436554,-0.23884511635981484,0.6315578818321228,-0.3919057250022888,0.47231918573379517,-0.4737711548805237,0,consistent_success
1000,curobo_threshold_N1000_K16,800,1,1,1.908036231994629,-0.06214506924152374,0.9260470867156982,-0.7179898023605347,-0.3479401767253876,-1.315049648284912,0.00012287812012345967,1.0190365295445359e-05,0.00010766726852474362,8.365239156607499e-06,1.521085159871605e-05,1.8251261388378599e-06,-0.5457393231484153,0.7990197606450087,-0.37975840952046835,0.37083396315574646,0.6821852922439575,0.09917765855789185,-0.6223095655441284,0,consistent_success
1000,curobo_threshold_N1000_K16,801,1,1,1.770113229751587,1.2503937482833862,-1.489133596420288,0.08085412532091141,2.6690890789031982,-2.8599660396575928,0.00010745380052412656,1.0878204569521885e-05,0.00014705913104943192,9.115808030550376e-06,3.960533052530535e-05,1.7623965389715089e-06,-0.24029537905447362,0.776237316164059,-0.42588108389247625,0.7108524441719055,-0.5368942618370056,0.4194822609424591,-0.17455080151557922,0,consistent_success
1000,curobo_threshold_N1000_K16,802,1,1,0.7775962948799133,0.8787639737129211,-1.288141131401062,-1.2463629245758057,0.7839856743812561,0.06566336750984192,0.00013457530201321788,5.669802724470088e-06,0.00012234757619395022,7.344438609485204e-06,1.2227725819267661e-05,1.6746358850151166e-06,0.5698035827061271,0.8826589593426648,-0.041428235105010314,0.3435334265232086,-0.36454319953918457,0.12380458414554596,0.8566011190414429,0,consistent_success
1000,curobo_threshold_N1000_K16,803,1,1,2.2444117069244385,-1.2257099151611328,2.695526599884033,-0.43408867716789246,1.588806390762329,1.1798287630081177,0.007385086519207107,0.0013807730374907437,0.007442892909601741,0.0013818325805530422,5.780639039463381e-05,1.0595430622985583e-06,-0.2592113718872451,0.06461200509023077,-0.004462609869561082,-0.20617306232452393,0.24380268156528473,0.9330607056617737,0.16568219661712646,0,consistent_success
1000,curobo_threshold_N1000_K16,804,1,1,-0.38599294424057007,-0.5181981325149536,-2.1833958625793457,1.118419885635376,0.07099627703428268,0.6446267366409302,0.5087406607344747,0.0676392632990371,0.5087464849985278,0.06764272292143637,5.8242640531558365e-06,3.459622399268336e-06,0.21609515328764373,0.18786710169411946,0.6821803832604055,0.44941553473472595,-0.18658913671970367,0.6554726362228394,0.577551543712616,0,consistent_success
1000,curobo_threshold_N1000_K16,805,1,1,1.1029833555221558,3.2504427433013916,-0.12281592190265656,-2.491091728210449,-1.153715968132019,-2.291942834854126,0.00019082797564351495,1.4248801922312713e-05,0.00021311218875938502,8.706816964856289e-06,2.2284213115870077e-05,5.5419849574564246e-06,-0.7736279085667312,-1.0848917801923421,0.14285770207209877,-0.07422173023223877,-0.41585370898246765,-0.23523873090744019,0.875339686870575,0,consistent_success
1000,curobo_threshold_N1000_K16,806,1,1,0.8291721940040588,-0.9864192008972168,-1.8577555418014526,2.8476438522338867,1.0973817110061646,-0.29062849283218384,6.244724204407248e-05,1.3830615875462402e-05,0.00010289927577998311,1.2431131930566654e-05,4.045203373591063e-05,1.3994839448957485e-06,-0.23826893147721753,0.044833823219820476,0.6894722225386238,0.19417914748191833,-0.00737918633967638,0.7081591486930847,0.6787860989570618,0,consistent_success
1000,curobo_threshold_N1000_K16,807,1,1,0.43955767154693604,1.858491063117981,0.36816373467445374,-1.6614668369293213,-0.07651811093091965,0.22068916261196136,3.3527612686157227e-05,1.0109151536431497e-05,3.390302943166748e-05,9.583585410390605e-06,3.754167455102551e-07,5.25566126040892e-07,-0.6433224472962867,-0.01976676701752414,-1.007041455448538,-0.433370441198349,0.09674759209156036,0.6856889128684998,0.5767674446105957,0,consistent_success
1000,curobo_threshold_N1000_K16,808,1,1,0.38940301537513733,-0.6680684089660645,-1.1451460123062134,0.03196650743484497,0.8077401518821716,0.619008481502533,0.0,3.0611355907271663e-06,0.00020655477079881327,4.00455336570039e-06,0.00020655477079881327,9.43417774973224e-07,0.32273796652237763,0.3785243827032687,1.1513176357055745,0.2936951220035553,-0.30648183822631836,0.22951731085777283,0.8758617639541626,0,consistent_success
1000,curobo_threshold_N1000_K16,809,1,1,-0.8044538497924805,-0.5059894919395447,1.877150535583496,0.1223188266158104,1.4025799036026,0.8207481503486633,6.828570064953965e-05,1.4028304091355204e-05,0.00010899776016403931,1.2891699348793929e-05,4.0712059514499664e-05,1.1366047425612753e-06,0.5040541286417444,-0.2649864711175234,-0.23657720377807068,-0.03283124789595604,0.9954404234886169,-0.023837385699152946,0.08632653206586838,0,consistent_success
1000,curobo_threshold_N1000_K16,810,1,1,-1.2013696432113647,-1.3970717191696167,2.365668773651123,-0.18014638125896454,-2.1406784057617188,3.0327579975128174,6.664001972467304e-05,6.947607310187899e-06,0.00011001316983957654,1.3115919625095442e-05,4.3373150114903506e-05,6.168312314907544e-06,0.21235435774933575,-0.23216889101801183,0.23195752796774313,0.8657411336898804,-0.2939358055591583,-0.3391387164592743,0.2215377390384674,0,consistent_success
1000,curobo_threshold_N1000_K16,811,1,1,-0.7964479923248291,-1.4069032669067383,1.210949182510376,0.5441068410873413,1.8104541301727295,-0.8633038997650146,6.664001972467304e-05,4.91831083144237e-06,6.374940665550784e-05,1.0663629423853027e-05,2.8906130691651983e-06,5.745318592410657e-06,0.5951673211767845,-0.405313957700378,0.703212485872536,0.564918577671051,0.6054653525352478,0.546916127204895,-0.12313181906938553,0,consistent_success
1000,curobo_threshold_N1000_K16,812,1,1,2.2149784564971924,2.7036478519439697,2.7793939113616943,0.16696344316005707,1.13273024559021,2.612187147140503,7.300048565639372e-05,5.780537323370921e-06,7.049372614699344e-05,8.872676000826597e-06,2.506759509400284e-06,3.0921386774556766e-06,-0.15046316108702415,-0.13777853080754782,0.23449650018247173,0.8637287020683289,-0.25992393493652344,-0.40561115741729736,0.14795908331871033,0,consistent_success
1000,curobo_threshold_N1000_K16,813,1,1,-0.7148755192756653,-0.20530569553375244,-1.7397211790084839,0.14990484714508057,2.160004138946533,0.8359175324440002,3.332000986233652e-05,1.1173192314230018e-05,7.129569737149063e-05,7.824964720612765e-06,3.7975687509154114e-05,3.3482275936172524e-06,0.4406608787232703,-0.2332682523795575,0.8852269474916135,0.6061623692512512,-0.10421454906463623,-0.28959307074546814,0.7333773374557495,0,consistent_success
1000,curobo_threshold_N1000_K16,814,1,1,-1.4688338041305542,0.8391943573951721,-2.9225313663482666,2.1110684871673584,-1.8305848836898804,-1.9246160984039307,8.786079774836253e-05,7.92531775793427e-06,0.00010977828061390115,1.0731768324341125e-05,2.1917482865538624e-05,2.806450566406855e-06,0.14318485119883081,-0.021459513937110944,0.057483150624205705,0.5064266324043274,-0.6357982158660889,0.2869877517223358,0.5068833827972412,0,consistent_success
1000,curobo_threshold_N1000_K16,815,1,1,-2.112076759338379,0.32438331842422485,-1.3849446773529053,0.6814960241317749,2.3576037883758545,1.8840762376785278,0.00013328003944934608,1.3869890687779862e-05,0.00012833157875365058,1.237235556379974e-05,4.948460695695494e-06,1.4975351239801222e-06,-0.4115574221991597,-0.8760663004776555,0.3482518051804912,0.7323512434959412,-0.11545421183109283,-0.5966753959655762,0.3071000277996063,0,consistent_success
1000,curobo_threshold_N1000_K16,816,1,1,5.8225860595703125,-1.0344700813293457,-0.6446775794029236,4.891225814819336,-5.40265417098999,-0.1593279242515564,4.770699391087874e-05,1.3801510695905643e-05,0.0001840154162054624,1.3553236463535334e-05,0.00013630842229458366,2.4827423237030876e-07,0.2674292102531374,0.11585392985102883,1.3427337842722165,0.7176644206047058,-0.6633541584014893,-0.18113204836845398,0.11004626005887985,0,consistent_success
1000,curobo_threshold_N1000_K16,817,0,0,-0.27752286195755005,-6.206222057342529,3.7325801849365234,5.927596569061279,-3.653122663497925,1.3959143161773682,748.9666938781738,37.89561755309076,748.9667345820473,37.89560733891392,4.0703873423808545e-05,1.021417683944037e-05,0.31279107711230403,0.06958636883173175,1.293346656179846,0.10139303654432297,0.7195558547973633,0.47408995032310486,-0.49718964099884033,1,reported_large_reeval_large
1000,curobo_threshold_N1000_K16,818,1,1,0.4361814260482788,1.1124136447906494,-2.559809923171997,-0.8360113501548767,-0.6407039761543274,0.8044033646583557,7.300048565639372e-05,2.0969846261876613e-05,6.896379146517187e-05,2.3004407680670755e-05,4.036694191221854e-06,2.034561418794142e-06,0.3208198885051777,0.4119678666420706,0.1803694139264524,-0.3766094744205475,0.6028634905815125,-0.6022501587867737,-0.3633396029472351,0,consistent_success
1000,curobo_threshold_N1000_K16,819,1,1,-0.8317078351974487,-0.935055136680603,2.7568674087524414,0.40351882576942444,1.5150295495986938,-0.015106882899999619,0.000231088137070401,5.050044215683349e-06,0.00024145499660883517,7.040397847728103e-06,1.0366859538434177e-05,1.990353632044754e-06,0.17441100294077191,0.059641876198171455,0.06277572225707558,-0.3098566234111786,0.8833486437797546,0.3402119576931,-0.08910617232322693,0,consistent_success
1000,curobo_threshold_N1000_K16,820,1,1,1.6581562757492065,0.5033995509147644,-2.57131290435791,1.6520452499389648,-0.8924798369407654,2.396608352661133,7.598131190889035e-05,3.338102078521302e-05,6.811198568543353e-05,2.8419250842508193e-05,7.86932622345682e-06,4.961769942704826e-06,-0.2422574651757411,0.22394130955688357,0.20025656861527202,-0.4300534427165985,-0.15330089628696442,0.7961006164550781,-0.3972111940383911,0,consistent_success
1000,curobo_threshold_N1000_K16,821,1,1,-0.5461518168449402,-0.40923887491226196,-0.37212273478507996,0.4840514063835144,-2.4980921745300293,2.5049819946289062,2.9802322387695312e-05,6.232257103227586e-06,3.2982444478921026e-05,7.143182815269534e-06,3.180122091225713e-06,9.109257120419477e-07,0.857594116752221,-0.4157325236430773,0.6470320779056726,-0.45250341296195984,0.2886733412742615,0.7103185653686523,-0.4553634822368622,0,consistent_success
1000,curobo_threshold_N1000_K16,822,1,1,2.989522933959961,-1.1370916366577148,-0.9234940409660339,-0.034682851284742355,1.2013154029846191,-3.256770610809326,0.00019097336689810618,1.027995169926933e-05,0.00019212661422333803,7.917571076845593e-06,1.1532473252318489e-06,2.3623806224237365e-06,-0.0744042636117157,-0.18813723017953493,1.3200128614943987,0.7836504578590393,0.30659836530685425,0.049096059054136276,0.5380324721336365,0,consistent_success
1000,curobo_threshold_N1000_K16,823,1,1,-1.3431119918823242,-1.7278852462768555,2.5406835079193115,2.0654168128967285,-1.9139115810394287,-0.19006706774234772,7.300048565639372e-05,9.536483149814383e-06,6.536445795680062e-05,1.4589290462454086e-05,7.6360276995931e-06,5.0528073126397026e-06,0.20881220767844239,-0.3123321744087231,0.45046692893224777,0.08908994495868683,-0.00832361076027155,-0.6142855882644653,0.783994197845459,0,consistent_success
1000,curobo_threshold_N1000_K16,824,1,1,1.161184310913086,0.14964964985847473,-1.786566972732544,1.669011116027832,2.538516044616699,-1.6446568965911865,1.4901161193847656e-05,1.6296415546246475e-05,4.386343745193994e-05,1.1830234667768806e-05,2.896227625809228e-05,4.46618087847767e-06,0.16455926136655963,0.5999992159983202,0.4897868285218594,0.6998865008354187,-0.10433948785066605,0.705842137336731,0.032542962580919266,0,consistent_success
1000,curobo_threshold_N1000_K16,825,1,1,1.7388540506362915,-1.2810564041137695,-1.6644234657287598,0.3914231061935425,0.3857712149620056,-0.6103038787841797,0.00021490760104825313,1.1709009013197072e-05,0.00021193434589564613,1.3872179782028085e-05,2.9732551526069964e-06,2.1631707688310127e-06,-0.18710385514817643,-0.387983173707285,0.9408365291103472,0.41759514808654785,-0.30690905451774597,-0.5491086840629578,0.6556681990623474,0,consistent_success
1000,curobo_threshold_N1000_K16,826,1,1,1.31914484500885,0.2504781186580658,1.3204269409179688,-1.0213572978973389,0.9232880473136902,-0.9845221638679504,8.940696716308594e-05,1.0867188145882793e-05,3.719396948471359e-05,4.182619578303747e-06,5.2212997678372345e-05,6.684568567579046e-06,-0.06445362475244959,0.6310450491331957,-0.7337680116196281,0.04229221120476723,-0.4415006935596466,0.7164971828460693,0.5384424328804016,0,consistent_success
1000,curobo_threshold_N1000_K16,827,1,1,0.3812759220600128,-1.173758625984192,2.798656463623047,-0.6744639873504639,-1.5750640630722046,1.6256422996520996,3.4659716874330115e-05,3.790456625847963e-06,6.133323431452413e-05,2.4148365394514667e-06,2.667351744019401e-05,1.3756200863964964e-06,-0.007052968378840327,0.1733728509538535,0.12798973944250366,0.9295841455459595,0.051602333784103394,-0.3008438050746918,0.20664836466312408,0,consistent_success
1000,curobo_threshold_N1000_K16,828,1,1,0.7875899076461792,-1.2310937643051147,2.436077117919922,-0.2945014536380768,3.199777603149414,-3.273801565170288,0.0021854091301065637,0.0008628672944119987,0.0021823207254037867,0.0008652834794107095,3.088404702776982e-06,2.41618499871078e-06,0.1705719911693094,0.273225751088379,0.10316181169420145,0.10449350625276566,0.5396806597709656,-0.4310271441936493,0.7155707478523254,0,consistent_success
1000,curobo_threshold_N1000_K16,829,1,1,0.5742043852806091,-0.09664372354745865,-0.2788936495780945,-0.6660314202308655,0.9917309284210205,0.9885513186454773,0.0002230201658903752,7.347722514004507e-06,0.0002694596866189788,5.399738656763834e-06,4.643952072860358e-05,1.9479838572406734e-06,0.958596574710233,0.8754801202588606,0.4044569060394565,-0.07095040380954742,0.05929557606577873,0.3677594065666199,0.9253123998641968,0,consistent_success
1000,curobo_threshold_N1000_K16,830,1,1,-2.812690496444702,1.5707217454910278,-0.7192352414131165,0.14620429277420044,-0.22867415845394135,-1.4041311740875244,6.664001972467304e-05,9.82730614900042e-06,7.814964203394429e-05,1.1830234667768806e-05,1.1509622309271254e-05,2.0029285187683853e-06,-0.17221252270195841,-0.32688820483101455,-0.9603953935524355,0.7713892459869385,0.5765641331672668,0.26896175742149353,0.013855955563485622,0,consistent_success
1000,curobo_threshold_N1000_K16,831,1,1,-0.6574773788452148,-1.2974127531051636,2.298809051513672,-0.32110247015953064,-1.519343614578247,-1.271427869796753,5.625064858350015e-05,9.410086583662276e-06,8.107707313408006e-05,8.954453545231654e-06,2.482642455057991e-05,4.556330384306215e-07,0.36383259024843867,-0.0677963723798235,0.20254212121443307,0.1715833991765976,-0.3715137243270874,0.21882179379463196,0.8858067989349365,0,consistent_success
1000,curobo_threshold_N1000_K16,832,1,1,1.173539400100708,0.9825020432472229,1.3843529224395752,-1.9217835664749146,1.277198314666748,2.060594081878662,0.0003694053134495334,1.2379980864353613e-05,0.00034733526409291013,7.636383641665695e-06,2.207004935662329e-05,4.743597222687918e-06,-0.19105980160372601,0.037328413792650346,-0.924580108119888,-0.4734601676464081,0.7620509266853333,0.3540172874927521,0.2641696333885193,0,consistent_success
1000,curobo_threshold_N1000_K16,833,1,1,-0.1327628642320633,0.3499157130718231,2.422609567642212,-3.0048279762268066,-1.6389137506484985,1.169472575187683,8.435446829935245e-05,1.231067998739914e-05,0.00012308651106089223,1.0386604689550578e-05,3.873204276153979e-05,1.9240752978485623e-06,-0.0006670324058146715,0.1591542265075974,-0.4227290334882195,0.605105996131897,0.12587317824363708,-0.7739499807357788,-0.13785532116889954,0,consistent_success
1000,curobo_threshold_N1000_K16,834,1,1,1.6397027969360352,-1.4011701345443726,-0.9562153220176697,1.2980400323867798,-1.0648804903030396,-0.474695086479187,7.450580596923828e-05,2.489706449991701e-06,4.0620677574339864e-05,4.829673078902934e-06,3.388512839489842e-05,2.339966628911233e-06,-0.19157315360072252,-0.25421743937980645,1.0077531065079182,0.19108371436595917,0.9192997217178345,0.19048944115638733,-0.28651148080825806,0,consistent_success
1000,curobo_threshold_N1000_K16,835,1,1,-1.9459301233291626,-1.3067598342895508,1.7947677373886108,0.21025900542736053,-0.18873444199562073,-0.326011061668396,7.12933356794565e-05,1.8549892174937526e-05,0.00011513397105600737,2.456732739880241e-05,4.3840635376550866e-05,6.017435223864882e-06,0.025180911218712715,-0.6306652561729044,0.3722575660984669,0.4927884340286255,0.5854597091674805,0.3113337457180023,0.5634428262710571,0,consistent_success
1000,curobo_threshold_N1000_K16,836,1,1,0.89438396692276,-0.4069921374320984,1.390150547027588,1.0081404447555542,0.1251237690448761,-1.5650089979171753,2.9802322387695312e-05,8.536487445970309e-06,3.6348310714832e-05,8.954453545231654e-06,6.545988327136689e-06,4.1796609926134525e-07,0.2821936627427246,0.7595558599688538,-0.07001157091328952,-0.42237722873687744,-0.1905832439661026,0.7215545177459717,0.5144264698028564,0,consistent_success
1000,curobo_threshold_N1000_K16,837,1,1,0.3240792751312256,-1.6076618432998657,0.8492873311042786,1.129096508026123,2.769360065460205,1.5936667919158936,4.470348358154297e-05,1.7359260231929268e-05,0.00010704440718177544,1.686067855168235e-05,6.234092360023247e-05,4.985816802469188e-07,0.33749180952643437,0.1957126341015859,1.0124906249999575,0.3780497610569,0.721568763256073,-0.21264977753162384,0.5396266579627991,0,consistent_success
1000,curobo_threshold_N1000_K16,838,1,1,0.4137331545352936,-1.5865429639816284,0.8041055202484131,1.716981291770935,0.9440544247627258,1.4397740364074707,1.4901161193847656e-05,1.1137864035939068e-05,6.368963392007478e-05,8.18910913293408e-06,4.878847272622712e-05,2.9487549030049882e-06,0.23057470956534754,0.3393471378302949,1.0138895597898763,-0.3317998945713043,0.8443160653114319,0.33594685792922974,0.2533356547355652,0,consistent_success
1000,curobo_threshold_N1000_K16,839,1,1,-2.0295655727386475,-0.04736426845192909,1.9038469791412354,-0.3952622413635254,1.3091061115264893,-2.0135486125946045,6.169265276412261e-05,6.928327347486491e-06,0.00010716469116241905,6.037091348628668e-06,4.547203839829644e-05,8.912359988578228e-07,0.015699240713818115,-0.3922781807049693,-0.49400716363076025,0.14088094234466553,0.7005825638771057,0.6994744539260864,-0.008494586683809757,0,consistent_success
1000,curobo_threshold_N1000_K16,840,1,1,1.2696171998977661,-2.8681249618530273,2.5160250663757324,1.9300634860992432,-1.1122219562530518,-0.8306256532669067,4.0122603905956566e-05,6.069304004899861e-06,5.426636339673558e-05,6.9360898910140305e-06,1.4143759490779014e-05,8.667858861141696e-07,-0.2451298474610599,-0.09890810869347083,0.5734543530379246,0.8224451541900635,0.0560983382165432,-0.22027766704559326,-0.521454393863678,0,consistent_success
1000,curobo_threshold_N1000_K16,841,1,1,0.020044498145580292,0.290019690990448,-1.8466273546218872,0.3323846757411957,-0.6961432695388794,-1.4546154737472534,6.664001972467304e-05,4.771344574943302e-06,6.853160184287947e-05,4.182619578303747e-06,1.8915821182064342e-06,5.887249966395552e-07,0.6784580124788373,0.24833632721438909,0.4296183863160376,-0.4055783152580261,0.8877806067466736,-0.11581482738256454,-0.18422457575798035,0,consistent_success
1000,curobo_threshold_N1000_K16,842,1,1,0.7997393012046814,2.7168049812316895,-0.9969151020050049,-3.803018808364868,-1.0088539123535156,-0.506010890007019,9.541398782175747e-05,1.4330709398469258e-05,4.997742039248829e-05,1.1768457563181822e-05,4.5436567429269184e-05,2.5622518352874363e-06,-0.5037125363373601,-0.21263176121395228,-0.7021593555629717,-0.35534998774528503,0.9305685758590698,-0.05316966772079468,-0.07029546797275543,0,consistent_success
1000,curobo_threshold_N1000_K16,843,1,1,-0.6432281732559204,1.8876909017562866,-1.4566270112991333,-1.4868913888931274,-1.2947065830230713,0.09226015955209732,0.0001077117914860537,6.077892011428561e-06,7.07371840154752e-05,4.676310850554341e-06,3.6974607470578494e-05,1.4015811608742199e-06,0.4224604635928023,-0.08037071641910949,-0.8275422186453284,-0.0069700926542282104,-0.35648471117019653,0.8897150158882141,0.2850916087627411,0,consistent_success
1000,curobo_threshold_N1000_K16,844,1,1,-1.5379165410995483,2.0841012001037598,-2.859441041946411,-1.906038522720337,-1.752479910850525,2.5330216884613037,0.00018940454538096674,3.0654788544224232e-06,0.00017104165237668173,6.273929367455621e-06,1.8362893004285005e-05,3.208450513033198e-06,0.15511914927758702,-0.23586174922368142,0.058143563720281,0.48153263330459595,0.8181679248809814,0.22139614820480347,-0.22296041250228882,0,consistent_success
1000,curobo_threshold_N1000_K16,845,1,1,-1.1663175821304321,1.347418189048767,-2.725554943084717,0.5148319602012634,1.331129550933838,-0.43817129731178284,6.664001972467304e-05,4.284020902649211e-06,8.041942794254222e-05,5.7905745997743736e-06,1.377940821786918e-05,1.5065536971251628e-06,0.3248220822644021,-0.28658890757352945,0.08508880011122509,0.9319197535514832,0.2679885923862457,0.24299435317516327,0.025717729702591896,0,consistent_success
1000,curobo_threshold_N1000_K16,846,1,1,-2.3012731075286865,0.2590000033378601,2.935347557067871,-1.3839476108551025,-2.2097256183624268,-0.9041470885276794,0.0023486891223001294,0.00019801475148306105,0.0023688977091667488,0.0001982299881437472,2.0208586866619395e-05,2.152366606861624e-07,0.13102911827548366,-0.017023795626210512,0.10009115238507575,0.7131273746490479,-0.30079028010368347,-0.14008207619190216,0.617536723613739,0,consistent_success
1000,curobo_threshold_N1000_K16,847,1,1,-1.2409576177597046,-1.42262601852417,-2.3020522594451904,-1.7621982097625732,0.7140460014343262,1.4392750263214111,0.0001115100829451876,4.0468339633893756e-06,0.00011810393728376281,6.6133022267264155e-06,6.593854338575209e-06,2.56646826333704e-06,0.08244476286907798,0.4804636281722115,0.29341031438461096,-0.07990444451570511,0.7986074090003967,-0.310289591550827,0.509472131729126,0,consistent_success
1000,curobo_threshold_N1000_K16,848,1,1,-1.415360689163208,1.8643207550048828,1.197991967201233,-0.19504335522651672,-0.20443736016750336,0.9114936590194702,4.214684778958144e-05,1.421436033177808e-05,4.8666678239590736e-05,9.883144480908979e-06,6.519830450009293e-06,4.331215850869101e-06,0.13336149186374113,0.7910782430230644,-0.3874047528257508,0.6425743103027344,-0.2948455512523651,0.6209412813186646,-0.33852073550224304,0,consistent_success
1000,curobo_threshold_N1000_K16,849,1,1,4.642971038818359,-1.6445631980895996,-1.1653395891189575,-0.7394586205482483,2.081106185913086,3.9525468349456787,0.00013328003944934608,5.4514829373584445e-06,0.00014857189200273406,4.829673078902934e-06,1.529185255338798e-05,6.218098584555103e-07,0.16758578580923605,0.6960012717260451,0.998309002308106,-0.3891594707965851,0.21911922097206116,0.7905728816986084,0.4189704358577728,0,consistent_success
1000,curobo_threshold_N1000_K16,850,1,1,1.4151182174682617,-1.0308372974395752,0.004576224833726883,0.27635082602500916,3.319133996963501,-0.3796655535697937,1.2572294799610972,0.4796356270338649,1.257273814093752,0.479633596904718,4.433413265481079e-05,2.0301291469015936e-06,0.032355290798963474,0.6818419456911607,1.0469591789390569,0.45397529006004333,0.6698097586631775,0.3304477334022522,0.48586586117744446,0,consistent_success
1000,curobo_threshold_N1000_K16,851,1,1,1.218276858329773,1.9193060398101807,2.040464401245117,1.8212764263153076,0.6845309138298035,1.74753737449646,7.028863535651908e-05,4.205706588171846e-06,8.479706206792133e-05,9.195423586105984e-06,1.4508426711402247e-05,4.989716997934138e-06,-0.39125055067155673,-0.3817986497018727,-0.10354364479556871,0.666746973991394,-0.21548914909362793,-0.5489978790283203,-0.45564699172973633,0,consistent_success
1000,curobo_threshold_N1000_K16,852,1,1,2.087122917175293,-2.5214457511901855,1.8292346000671387,0.7024625539779663,2.3955204486846924,2.0586087703704834,0.13666634913533926,0.005438530622752715,0.13666918852490456,0.0054417815014011165,2.8393895653011647e-06,3.2508786484012134e-06,-0.08574506595169998,-0.04416220547088369,0.7318967676652043,0.5391550660133362,-0.6560173034667969,-0.2704252302646637,-0.45367759466171265,0,consistent_success
1000,curobo_threshold_N1000_K16,853,1,1,-1.6569592952728271,0.5721530318260193,-2.6928553581237793,1.8782281875610352,-1.1978627443313599,-1.3001755475997925,9.996002603429588e-05,2.516128360952554e-06,9.436033335173524e-05,5.915117333884395e-06,5.599692682560641e-06,3.398988972931841e-06,0.18304305280973368,-0.17627854755236094,0.15093315515749095,0.499330073595047,-0.34751594066619873,0.7007375359535217,0.3726513981819153,0,consistent_success
1000,curobo_threshold_N1000_K16,854,1,1,-1.4638278484344482,-2.1925272941589355,1.022873878479004,-2.077040195465088,1.5923402309417725,-2.7024331092834473,0.005956384029559558,0.0011818388795545797,0.005944724060091937,0.0011809242022133395,1.1659969467621434e-05,9.146773412402505e-07,0.13574170075482964,0.25273414712816844,1.2570365800579442,-0.1881067305803299,0.11578013002872467,0.7341920733451843,0.6420068740844727,0,consistent_success
1000,curobo_threshold_N1000_K16,855,1,1,1.3441016674041748,-0.5859948992729187,-0.3303920328617096,-2.017674446105957,-0.41775181889533997,0.6410253643989563,3.725290298461914e-05,8.65836752269699e-06,6.957535436449177e-05,6.9360898910140305e-06,3.232245137987263e-05,1.7222776316829587e-06,-0.03537820198409584,0.9509745152514956,1.0253306102150603,-0.4298582375049591,0.7350892424583435,0.03795652836561203,-0.5229006409645081,0,consistent_success
1000,curobo_threshold_N1000_K16,856,1,1,-2.35105037689209,-0.22476309537887573,-1.6357182264328003,0.686279296875,-1.2752034664154053,-1.3781378269195557,7.450580596923828e-05,8.064651497419822e-06,4.6277378675672854e-05,6.830189170012755e-06,2.8228427293565427e-05,1.2344623274070671e-06,-0.22018661965626057,-0.49369379643376216,0.6861064886973803,0.23992730677127838,-0.25786662101745605,0.9352505803108215,-0.0352986603975296,0,consistent_success
1000,curobo_threshold_N1000_K16,857,1,1,-1.2392683029174805,-1.9200960397720337,1.7665388584136963,1.7540582418441772,-1.3858320713043213,0.675606369972229,9.996002603429588e-05,7.1101659179573734e-06,8.82526437037953e-05,3.1945284701301985e-06,1.170738233050058e-05,3.9156374478271745e-06,0.2501920171060797,-0.17103691966903284,0.8839023875166442,-0.48163914680480957,0.08844537287950516,-0.0303779449313879,0.8713657855987549,0,consistent_success
1000,curobo_threshold_N1000_K16,858,1,1,-0.4955824017524719,1.8660691976547241,-1.0447372198104858,-0.9456409215927124,1.8879631757736206,-0.7432160973548889,0.00019028176723168144,9.280665182785909e-06,0.00023865069886910804,7.824964720612765e-06,4.8368931637426596e-05,1.4557004621731434e-06,0.3396796855517139,-0.029949943725169764,-0.9811145304897195,0.7473501563072205,0.49490657448768616,0.4429052174091339,0.019240550696849823,0,consistent_success
1000,curobo_threshold_N1000_K16,859,1,0,-2.517705202102661,-0.6084586977958679,2.984335422515869,0.5838804244995117,1.6589171886444092,-0.3166387379169464,7.165125571191311,0.6086791380748563,7.165120974661054,0.6086809579353808,4.596530256861797e-06,1.8198605244990063e-06,0.10732337262231648,-0.10705918707236053,0.1796565404942512,0.5339525938034058,-0.7373988628387451,0.21431557834148407,-0.35384511947631836,0,reported_large_reeval_large
1000,curobo_threshold_N1000_K16,860,1,1,-1.7842382192611694,-0.13120949268341064,2.2284867763519287,-0.9464472532272339,2.3840384483337402,-2.2782137393951416,0.00010563021390908034,5.013942915027067e-05,0.00013033196920593583,5.468151935450071e-05,2.4701755296855488e-05,4.542090204230043e-06,0.044055848296916555,-0.25445414916545267,-0.3924534625208182,-0.30544936656951904,0.5313942432403564,0.7289292812347412,-0.304931104183197,0,consistent_success
1000,curobo_threshold_N1000_K16,861,1,1,-1.6853978633880615,-0.027844678610563278,2.1234195232391357,-0.7309399247169495,-1.6965042352676392,-0.19352377951145172,5.57550414725938e-05,5.867740092294416e-06,8.07910467374079e-05,5.6632936810203185e-06,2.5036005264814093e-05,2.0444641127409733e-07,0.12930579413107873,-0.20921205087587394,-0.28509847917150133,0.14595118165016174,-0.06648189574480057,0.10015024989843369,0.9819614887237549,0,consistent_success
1000,curobo_threshold_N1000_K16,862,1,1,4.549317836761475,-0.9685268402099609,1.7017145156860352,-0.8119783997535706,1.6859862804412842,-0.06256651878356934,7.598131190889035e-05,6.3872031424225095e-06,8.278960604960375e-05,3.818191820832846e-06,6.808294140713407e-06,2.569011321589664e-06,0.009682141335896607,-0.885684678424252,0.1404807308237548,0.7241304516792297,0.6746043562889099,-0.07625722140073776,-0.12136247009038925,0,consistent_success
1000,curobo_threshold_N1000_K16,863,1,1,-0.12369725853204727,-2.4437384605407715,1.7454686164855957,1.4368318319320679,2.6859097480773926,-0.16382630169391632,6.188916756855178e-05,5.4244772292247e-06,4.4807287880766825e-05,3.415094585006376e-06,1.708187968778496e-05,2.009382644218324e-06,-0.0678495759517646,0.09020968879583274,0.775614798197526,0.5644338130950928,0.6919280290603638,0.41154664754867554,-0.18242643773555756,0,consistent_success
1000,curobo_threshold_N1000_K16,864,1,1,3.073397397994995,0.9059661626815796,-0.9371129274368286,4.162769317626953,2.7509515285491943,2.2306301593780518,0.00024593265379735385,2.1904592657430526e-05,0.00013081931048855396,2.1293053117836167e-05,0.0001151133433087999,6.115395395943592e-07,-1.0300229148578222,-0.008518396403782574,-0.243702383900924,0.7150869369506836,-0.41349709033966064,0.41212305426597595,0.38448068499565125,0,consistent_success
1000,curobo_threshold_N1000_K16,865,1,1,-0.6318044662475586,2.100010871887207,-2.583405017852783,0.9082220792770386,0.5790631175041199,-1.982979416847229,9.42432194506182e-05,1.3888625935964303e-05,0.00013908312337884406,1.277811388052082e-05,4.483990392822586e-05,1.1105120554434836e-06,0.30059621000045755,0.0787859711236556,-0.2611945320474793,0.6126874685287476,-0.17539846897125244,0.7628969550132751,0.10880124568939209,0,consistent_success
1000,curobo_threshold_N1000_K16,866,1,1,1.451606035232544,-0.6481165885925293,-1.6828484535217285,0.3986351191997528,0.023260025307536125,-0.7541966438293457,0.2691234403755516,0.045647024672107996,0.2691351757885637,0.045647430068711296,1.1735413012137208e-05,4.05396603300745e-07,-0.23066073308505353,0.2300965960053031,0.9544525658562402,-0.41173213720321655,0.6130127906799316,0.3365667164325714,-0.5843071341514587,0,consistent_success
1000,curobo_threshold_N1000_K16,867,1,1,-2.2410247325897217,0.1487283557653427,-0.9109668135643005,0.016505403444170952,-3.224283456802368,-3.400895833969116,8.429369557916289e-05,1.010491351092954e-05,8.841859931152877e-05,7.73124918760008e-06,4.124903732365882e-06,2.3736643233294595e-06,-0.6288511210554566,-0.9093783044679329,0.35198575809051685,0.5448363423347473,-0.6675885319709778,-0.1621859222650528,0.48080623149871826,0,consistent_success
1000,curobo_threshold_N1000_K16,868,1,1,-0.4316391348838806,-2.1038167476654053,-0.12105099856853485,1.517969012260437,1.7157080173492432,-1.74747633934021,6.664001972467304e-05,4.87842006018308e-06,3.6231515590688415e-05,6.830189170012755e-06,3.0408504133984623e-05,1.951769109829675e-06,-0.40444267480420754,0.3521261333874671,1.0798642272053296,0.8551165461540222,0.11829403042793274,0.4057965874671936,-0.3001854121685028,0,consistent_success
1000,curobo_threshold_N1000_K16,869,1,1,0.20113347470760345,-0.4429608881473541,1.0765372514724731,1.5389889478683472,1.6456931829452515,-0.33717313408851624,3.1828893298779803e-05,9.415393682648203e-06,2.4170039296166145e-05,1.1066171232981577e-05,7.658854002613659e-06,1.650777550333374e-06,0.8178886934001678,0.327032548361605,0.04050133717886846,-0.19965635240077972,0.46146160364151,0.835503101348877,-0.22164173424243927,0,consistent_success
1000,curobo_threshold_N1000_K16,870,1,1,2.1363399028778076,0.5514870285987854,1.978732705116272,-1.831729769706726,1.3658474683761597,1.8892701864242554,0.23126890300773084,0.02198595205144792,0.23126321429546184,0.021990527003412412,5.688712268997476e-06,4.57495196449359e-06,-0.17944350702458922,-0.057793948163517385,-0.6685096444416874,-0.4269729554653168,0.5199778079986572,0.7378348112106323,0.054008595645427704,0,consistent_success
1000,curobo_threshold_N1000_K16,871,1,1,-1.290734052658081,-0.673206627368927,2.902204751968384,-0.5994745492935181,-1.626061201095581,0.5941706895828247,0.0921289247344248,0.005540779605169598,0.09213740462471987,0.005541294580445066,8.479890295065573e-06,5.149752754680936e-07,0.15762923928844685,0.026299268281874125,0.15481786875096357,-0.42225056886672974,-0.031822845339775085,-0.02468610182404518,0.9055839776992798,0,consistent_success
1000,curobo_threshold_N1000_K16,872,1,1,0.4424952268600464,-0.4240928888320923,-1.2089229822158813,0.349371075630188,-1.2600517272949219,0.0361054390668869,2.9802322387695312e-05,4.608884080924641e-06,1.583363581581603e-05,1.7075472925031877e-06,1.3968686571879284e-05,2.9013367884214536e-06,0.4674411932169873,0.43409887851296847,0.8333684911487754,0.04125737398862839,0.8045260310173035,-0.5561462640762329,-0.2042962908744812,0,consistent_success
1000,curobo_threshold_N1000_K16,873,1,1,-0.1957242637872696,1.635204792022705,0.5450414419174194,0.4750441014766693,-0.22809278964996338,-2.759547472000122,2.9802322387695312e-05,7.471886483436852e-06,4.0004907872052125e-05,6.6133022267264155e-06,1.0202585484356812e-05,8.585842567104364e-07,-0.34559055230745084,0.32720978497749953,-0.840665609551257,0.18093617260456085,0.10146288573741913,0.6609580516815186,0.7211808562278748,0,consistent_success
1000,curobo_threshold_N1000_K16,874,1,1,-1.1676533222198486,1.191725254058838,-0.17518514394760132,4.185286521911621,-2.1749086380004883,-4.642303943634033,5.9604644775390625e-05,1.06142777656108e-05,0.00015705531176955412,9.115808030550376e-06,9.74506669941635e-05,1.498469735060424e-06,0.335706519308687,-0.5027265328983708,-1.0492422590703618,-0.3479071855545044,0.47864118218421936,0.7963004112243652,-0.12557394802570343,0,consistent_success
1000,curobo_threshold_N1000_K16,875,1,1,-2.799589157104492,-1.2093816995620728,2.872945547103882,0.8028123378753662,0.7463406920433044,-1.171034336090088,4.726863522819258e-05,4.633342495536221e-06,4.546418437108088e-05,7.244509618354405e-06,1.8044508571117001e-06,2.6111671228181843e-06,0.03792458334345551,-0.2323710876862513,0.18110720828386345,0.19281348586082458,0.8205424547195435,-0.19724750518798828,0.5006260871887207,0,consistent_success
1000,curobo_threshold_N1000_K16,876,1,1,-1.8808577060699463,4.241213798522949,2.731661319732666,-0.1487712264060974,-1.4815753698349,-2.0982463359832764,9.094592456904138e-05,1.1949947887425786e-05,7.102733691052614e-05,1.2313298636799924e-05,1.9918587658515242e-05,3.633507493741384e-07,0.15619995327974642,-0.07670731066732107,0.2565652741968094,0.8195427060127258,-0.35927143692970276,0.3383583128452301,0.2911827862262726,0,consistent_success
1000,curobo_threshold_N1000_K16,877,1,1,0.3385327160358429,2.2875659465789795,-2.780569553375244,-2.0458149909973145,0.8776781558990479,-0.5597506761550903,6.0643330357379455e-05,5.17403068472003e-06,6.599152096756534e-05,4.00455336570039e-06,5.3481906101858826e-06,1.1694773190196401e-06,0.02904960231897699,0.24648856717816126,0.0722679638723754,0.7488004565238953,-0.42822179198265076,-0.3139564096927643,0.39668041467666626,0,consistent_success
1000,curobo_threshold_N1000_K16,878,1,1,-0.5438470244407654,-4.772885322570801,-1.0771368741989136,-1.634276270866394,-0.49815312027931213,2.545654535293579,0.00016924465739975858,1.001798717037452e-05,7.701706848117956e-05,1.0663629423853027e-05,9.222758891857902e-05,6.456422534785068e-07,0.6815986928232678,-0.12591110057041122,-0.8066819369576256,-0.2617378532886505,0.6498218178749084,0.548173189163208,0.4568709433078766,0,consistent_success
1000,curobo_threshold_N1000_K16,879,1,1,1.2883071899414062,3.6155576705932617,-1.486231803894043,0.8108389377593994,1.29140305519104,0.8470268249511719,8.57828510447689e-05,8.98937970550475e-06,0.00010186082955414615,9.352621701108691e-06,1.6077978509377246e-05,3.632419956039414e-07,-0.4488459995233348,-0.867053550998534,0.016926763072346987,-0.07084610313177109,-0.4849328398704529,-0.6008288860321045,0.6315264105796814,0,consistent_success
1000,curobo_threshold_N1000_K16,880,1,1,-2.5680618286132812,0.45670607686042786,2.4516642093658447,0.035831719636917114,0.08886473625898361,-2.5870516300201416,0.029405402528936975,0.0018269417839645208,0.02942356820738592,0.0018297614201160238,1.816567844894687e-05,2.819636151503045e-06,0.1708930046184975,-0.19407484721732116,-0.16300623542693535,0.6119646430015564,0.7050871253013611,0.10755608230829239,0.34173545241355896,0,consistent_success
1000,curobo_threshold_N1000_K16,881,1,1,-3.774697780609131,1.663190245628357,1.2847766876220703,1.4924507141113281,-0.39070942997932434,-0.3703068196773529,0.00019082797564351495,7.902044850552439e-06,0.0001655343201266874,1.0799477313527678e-05,2.529365551682755e-05,2.897432462975239e-06,0.25339665420600715,-0.4950609109573455,-0.5949531303468464,0.046156853437423706,0.6074864864349365,0.5606986880302429,-0.5607554316520691,0,consistent_success
1000,curobo_threshold_N1000_K16,882,1,1,-0.1526656448841095,-0.7701103687286377,-1.5717723369598389,2.3740956783294678,-2.770291328430176,0.012278744019567966,0.00020936536770932435,5.335030057362465e-06,0.0002165567864094584,8.622691156561379e-06,7.191418700134059e-06,3.287661099198914e-06,0.015135024421789683,0.07661310101766977,0.8492479523066023,0.6853137016296387,0.6805803775787354,-0.17597584426403046,-0.19023142755031586,0,consistent_success
1000,curobo_threshold_N1000_K16,883,1,1,2.771784782409668,0.018195457756519318,1.305382490158081,-0.8782464265823364,0.4800088703632355,1.3495508432388306,4.0978193283081055e-05,1.1658826068766316e-05,4.5624208953360686e-05,8.18910913293408e-06,4.646015670279631e-06,3.4697169358322363e-06,-0.7792810559970534,0.03854461060275863,-0.5614910914334185,0.5641154050827026,0.22232919931411743,-0.7416391968727112,0.2869056761264801,0,consistent_success
1000,curobo_threshold_N1000_K16,884,1,1,1.1223456859588623,4.582758903503418,-0.9476411938667297,-1.7145441770553589,1.0767308473587036,-3.214663028717041,0.00012287812012345967,1.4401123316895617e-05,7.667281167107914e-05,9.956626120759439e-06,4.620530845238052e-05,4.4444971961361774e-06,-0.4991390878181919,-0.5584363010212792,0.9686728887606003,0.10093124210834503,0.9301431179046631,-0.21996594965457916,-0.2761550843715668,0,consistent_success
1000,curobo_threshold_N1000_K16,885,1,1,0.8693374395370483,-1.5212076902389526,-2.282904863357544,2.993044137954712,-0.6491424441337585,0.6550312638282776,7.300048565639372e-05,1.3779601610371224e-05,7.170495695319571e-05,5.399738656763834e-06,1.2955287031980094e-06,8.37986295360739e-06,-0.42359363853008714,-0.13356847374097416,0.26642803828713907,-0.322439044713974,-0.5442748069763184,0.6503111124038696,0.42058703303337097,0,consistent_success
1000,curobo_threshold_N1000_K16,886,1,1,-3.037919521331787,-0.1833803951740265,-2.4085912704467773,4.329229354858398,-3.073528289794922,1.2936956882476807,0.027492966182762757,0.0005095650353123031,0.027482676119059562,0.0005085510446069986,1.0290063703195101e-05,1.0139907053044808e-06,0.006788715612614614,-0.07166418675841185,0.5632055272440435,0.11961003392934799,-0.18838651478290558,0.6564857959747314,0.7205764055252075,0,consistent_success
1000,curobo_threshold_N1000_K16,887,1,1,0.7933916449546814,2.180914878845215,2.0639138221740723,0.5047892928123474,-1.0518989562988281,2.2221035957336426,9.996002603429588e-05,2.5257882907422204e-05,8.277835646050003e-05,2.8826716089393242e-05,1.7181669573795847e-05,3.568833181971038e-06,-0.4973151606048254,-0.20641994818554443,0.05227803424906041,-0.1830843985080719,-0.06383150070905685,0.9642654657363892,0.18054848909378052,0,consistent_success
1000,curobo_threshold_N1000_K16,888,1,1,-0.3890053629875183,2.415128469467163,-0.24740968644618988,-2.8622140884399414,2.16233491897583,-1.3688017129898071,2.9802322387695312e-05,1.0386891616546364e-05,5.8000212105986326e-05,9.734517300533534e-06,2.8197889718291013e-05,6.523743160128303e-07,-0.5553555404660439,0.3492489675075396,-0.7924608481037962,0.8508874773979187,0.3706911504268646,0.3113875389099121,-0.20400094985961914,0,consistent_success
1000,curobo_threshold_N1000_K16,889,1,1,-2.3539493083953857,-0.8463883996009827,2.371870756149292,1.1413770914077759,1.511826753616333,-2.8110737800598145,6.188916756855178e-05,3.628465937922411e-06,8.544763425015839e-05,4.829673078902934e-06,2.35584666816066e-05,1.2012071409805233e-06,-0.08932324869629829,-0.3297970862109766,0.07474305880470775,0.1413796991109848,0.4639476239681244,0.7161745429039001,0.5018550157546997,0,consistent_success
1000,curobo_threshold_N1000_K16,890,1,1,5.079334735870361,2.5023820400238037,-2.7752277851104736,-3.036527633666992,-2.1718969345092773,-0.4635487198829651,0.10957141785183921,0.011798375557540132,0.1095839821063021,0.011794969495049325,1.2564254462887892e-05,3.4060624908068687e-06,0.14572588373516177,-0.06783381441468067,0.043192997999525584,0.2259998619556427,0.04183457791805267,-0.6552714705467224,0.7195785045623779,0,consistent_success
1000,curobo_threshold_N1000_K16,891,1,1,0.8720279335975647,-0.8387475609779358,-1.5737301111221313,2.53690505027771,1.688856601715088,-0.7493667602539062,0.0004619960805030132,5.308349305228303e-05,0.00048237203202569146,5.433382213766002e-05,2.0375951522678243e-05,1.250329085376994e-06,-0.07941277659382612,0.14345248356670848,0.8376130812656826,0.47075384855270386,0.020097380504012108,0.7491444945335388,0.4655850827693939,0,consistent_success
1000,curobo_threshold_N1000_K16,892,1,1,2.8330371379852295,0.6778761744499207,2.8181705474853516,-0.2742479741573334,0.7044718265533447,-1.1236090660095215,3.071953003086492e-05,9.827942056381213e-06,5.3264393768067486e-05,1.306022544728445e-05,2.254486373720257e-05,3.2322833909032366e-06,0.03395399629323104,-0.25662384886685796,0.06223535247429929,0.237783744931221,0.45832154154777527,-0.5138065814971924,0.6851299405097961,0,consistent_success
1000,curobo_threshold_N1000_K16,893,1,1,3.873464584350586,-2.0531532764434814,0.6511349678039551,-1.6099103689193726,1.726995825767517,-0.9086328148841858,0.00025122932356680394,5.137124851307076e-06,0.00028376041916745095,6.273929367455621e-06,3.2531095600647005e-05,1.1368045161485456e-06,0.2957022645841363,0.06453500542461688,1.3601467704480927,0.5203712582588196,-0.6553564667701721,-0.08151387423276901,-0.5413660407066345,0,consistent_success
1000,curobo_threshold_N1000_K16,894,1,1,0.5546221733093262,-1.1279144287109375,-0.9877365827560425,1.4299805164337158,-1.5401893854141235,2.2148799896240234,5.67419320418594e-05,3.3098358326006497e-06,0.00013498246042173442,5.263014220319209e-06,7.824052837987502e-05,1.9531783877185595e-06,-0.1153798828701589,0.12469241866291308,1.0217828896516714,-0.3613714575767517,0.046950049698352814,0.90235435962677,-0.23013675212860107,0,consistent_success
1000,curobo_threshold_N1000_K16,895,1,1,1.054917812347412,1.2811771631240845,0.7213810682296753,0.09788299351930618,0.0003694751940201968,0.4008398950099945,4.756496287882328,0.6001721374636054,4.756495801509078,0.6001708406092846,4.86373250119243e-07,1.2968543208202732e-06,-0.2998026204686747,-0.019053270955866022,-0.9204483690002961,0.6917510628700256,-0.4713716506958008,-0.5282930135726929,0.1421118676662445,0,consistent_success
1000,curobo_threshold_N1000_K16,896,1,1,-0.5837534666061401,-2.6522655487060547,2.8640270233154297,-0.42146801948547363,1.2003793716430664,0.8206241726875305,0.0006395792979674297,4.980683574834191e-05,0.0006816142730536151,5.211517139797114e-05,4.2034975086185336e-05,2.3083356496292307e-06,0.2151257430418273,0.09437742151153207,0.19939866780653454,0.3815329968929291,0.6044201850891113,0.19403500854969025,0.6719071865081787,0,consistent_success
1000,curobo_threshold_N1000_K16,897,1,1,-0.03213448449969292,0.07046479731798172,-0.14164258539676666,-0.9376598000526428,-1.5477187633514404,0.6126158833503723,0.0003580847476314375,5.772174449224794e-06,0.00021425959918175815,4.182619578303747e-06,0.00014382514844967935,1.5895548709210467e-06,1.2348245402344522,0.12646024406443332,-0.014738346617456433,-0.2387077361345291,-0.4262476861476898,0.8609917163848877,0.14150893688201904,0,consistent_success
1000,curobo_threshold_N1000_K16,898,1,1,-0.013980130665004253,-1.0632456541061401,-0.9236457347869873,1.819749116897583,-2.330738067626953,-0.0023471477907150984,0.00016340399611181056,1.3932155872445686e-05,0.0001902608580994835,1.1891690845819462e-05,2.6856861987672933e-05,2.0404650266262243e-06,0.02088467039646287,0.10014400148736448,1.0604115753626433,0.6223897933959961,0.6688534617424011,-0.33605366945266724,-0.22876614332199097,0,consistent_success
1000,curobo_threshold_N1000_K16,899,1,1,0.5325703024864197,-2.469917058944702,-0.864485502243042,0.5675198435783386,0.3803699016571045,0.3287898004055023,0.0003734220399564947,1.0822264261340055e-05,0.0004223946053085097,1.4388049231413678e-05,4.897256535201498e-05,3.5657849700736225e-06,-1.0142884958875658,-0.3081270525966408,0.5186846139427346,0.5337083339691162,-0.6536957621574402,-0.06884808093309402,0.5320688486099243,0,consistent_success
1000,curobo_threshold_N1000_K16,900,1,1,0.5203908085823059,-0.3035237491130829,0.9292620420455933,-0.27122002840042114,-1.455641269683838,0.5399593710899353,6.0068501284149534e-05,3.164989199519059e-06,2.561854844933291e-05,4.182619578303747e-06,3.4449952834816624e-05,1.017630378784688e-06,0.713024207269269,0.6097844753370524,-0.10168715404733764,0.7845109105110168,0.3656434416770935,-0.4403238594532013,-0.23866799473762512,0,consistent_success
1000,curobo_threshold_N1000_K16,901,1,1,2.3376283645629883,2.9280753135681152,-2.0680487155914307,-1.4135137796401978,0.9576534628868103,-2.7846248149871826,0.1150297248386778,0.021927440208726588,0.11500084997976887,0.021923591527835566,2.887485890892827e-05,3.848680891021389e-06,-0.08697513543462425,-0.22230996810565193,-0.49488832182395526,0.6263057589530945,-0.4010295271873474,-0.35268300771713257,0.5679181814193726,0,consistent_success
1000,curobo_threshold_N1000_K16,902,1,1,3.0469446182250977,0.43519923090934753,-0.3242536187171936,-2.945385456085205,1.160986304283142,-3.4069900512695312,0.0004895320557807281,1.0359098962851113e-05,0.00039463979146570495,1.277811388052082e-05,9.489226431502317e-05,2.4190149176697064e-06,-1.0922485135921909,-0.09789007469644677,-0.05822471536374048,0.7180549502372742,0.49811601638793945,0.33648955821990967,0.3507881760597229,0,consistent_success
1000,curobo_threshold_N1000_K16,903,1,1,1.0672543048858643,3.008817434310913,-2.2721481323242188,-2.8160650730133057,-1.471505880355835,2.058100938796997,0.01271623568754876,0.0012322625926871667,0.012704411350801333,0.0012330371502801381,1.1824336747427375e-05,7.74557592971405e-07,-0.16942688339133735,0.05112713315541137,-0.3619979174887729,0.14540956914424896,-0.28835275769233704,0.9227215647697449,0.21046054363250732,0,consistent_success
1000,curobo_threshold_N1000_K16,904,1,1,-3.075235605239868,-1.6809141635894775,2.3998916149139404,-0.8776785135269165,-0.8746918439865112,-1.21796715259552,0.00022152168810407602,1.2301178016677174e-05,0.00024566572942138343,1.0799477313527678e-05,2.414404131730741e-05,1.5017007031494963e-06,-0.2963355746836961,-0.24324774062807022,0.2332406531721028,0.6505769491195679,0.3211366534233093,0.6763913631439209,-0.12694717943668365,0,consistent_success
1000,curobo_threshold_N1000_K16,905,1,1,-1.3446532487869263,-2.9802935123443604,0.22290252149105072,-0.36168235540390015,-1.3674030303955078,5.933248519897461,0.0002485637082827452,1.0897654704620969e-05,0.0003625657960690473,1.010198601586461e-05,0.00011400208778630208,7.956686887563595e-07,-0.05566578772597907,1.056162745074904,0.5537338611523509,-0.02943018637597561,0.27011942863464355,-0.6618625521659851,0.6986467242240906,0,consistent_success
1000,curobo_threshold_N1000_K16,906,1,1,2.1018550395965576,-0.4071046710014343,1.9735896587371826,-2.0415775775909424,-0.6384357810020447,-1.6282860040664673,8.429369557916289e-05,1.8721686502835474e-05,5.8019915413257696e-05,1.619921597029155e-05,2.627378016590519e-05,2.522470532543925e-06,-0.4931246830005745,0.36968769525620715,-0.3306914936681492,-0.19689679145812988,-0.5660749077796936,-0.5620115399360657,0.5700297355651855,0,consistent_success
1000,curobo_threshold_N1000_K16,907,1,1,0.5194146633148193,-0.38038724660873413,2.742765188217163,-2.305169105529785,3.184938430786133,-2.906740665435791,0.014929857570677996,0.05596500925413743,0.014932400393352032,0.05596506289510356,2.5428226740360077e-06,5.364096612725522e-08,0.09499016963506063,0.1370381128803254,-0.1629238511806571,0.22748181223869324,-0.10495524853467941,0.6980385184288025,-0.6708044409751892,0,consistent_success
1000,curobo_threshold_N1000_K16,908,1,1,-2.6742231845855713,0.08346353471279144,1.1424784660339355,-0.03578004613518715,1.3485872745513916,-2.8454151153564453,0.00010745380052412656,9.21499329327855e-06,0.00016585274578394236,8.622691156561379e-06,5.8398945259815794e-05,5.923021367171705e-07,-0.5681001621976598,-0.49309286201274516,-0.5888062799883463,0.026285992935299873,0.6124930381774902,0.76003497838974,-0.21565744280815125,0,consistent_success
1000,curobo_threshold_N1000_K16,909,1,1,-3.1847567558288574,0.780408501625061,-2.2280895709991455,0.03664171323180199,-1.9420963525772095,-1.8345962762832642,0.004792854724655626,0.002908891856638475,0.004761362411621228,0.0029095934464865637,3.1492313034398034e-05,7.01589848088862e-07,-0.6108106100138051,-0.10422505826905154,0.16145190514719043,0.1056118905544281,-0.12251443415880203,0.9721054434776306,0.1698451042175293,0,consistent_success
1000,curobo_threshold_N1000_K16,910,1,1,1.1871861219406128,-1.8097468614578247,2.3121650218963623,0.3633694350719452,-0.1939687579870224,-0.08133231848478317,0.00016049041562382627,8.341016356579301e-06,0.0001562183343169069,1.1706354451251849e-05,4.272081306919357e-06,3.3653380946725477e-06,-0.13969976106637674,0.33362425957978736,0.3848791385905161,0.6547408103942871,0.17380738258361816,-0.629594624042511,-0.38041573762893677,0,consistent_success
1000,curobo_threshold_N1000_K16,911,1,1,3.231041431427002,-2.344364881515503,1.2061614990234375,-2.018294334411621,0.6608107089996338,-1.4516716003417969,0.0003071953074140765,9.997625106637166e-06,0.0002933240731386268,1.024528375501914e-05,1.3871234275449724e-05,2.4765864838197385e-07,0.2661470034826078,-0.2138121505878155,1.1995626282363625,0.24572356045246124,0.6352380514144897,-0.3178781270980835,0.6595801711082458,0,consistent_success
1000,curobo_threshold_N1000_K16,912,1,1,-1.3829939365386963,0.8632246851921082,-0.3954170048236847,-0.8559752106666565,-3.1246747970581055,-0.04758570343255997,0.2576978877186775,0.5353604724293545,0.25772910963496304,0.5353643561195761,3.1221916285517626e-05,3.883690221639924e-06,0.24780557332309688,-0.9207753827026747,-0.7034368542168692,0.6064866781234741,0.4605887234210968,-0.5434660315513611,-0.35309574007987976,0,consistent_success
1000,curobo_threshold_N1000_K16,913,1,1,0.46476495265960693,-2.4091763496398926,1.3219505548477173,2.235438346862793,2.6280391216278076,0.4332868158817291,6.0068501284149534e-05,5.370490239617164e-06,3.964009235063333e-05,5.533085616490782e-06,2.04284089335162e-05,1.6259537687361802e-07,-0.28413638040101036,-0.04890680987064117,0.9544436219403558,0.525265097618103,0.6635003685951233,0.5327259302139282,0.008183741942048073,0,consistent_success
1000,curobo_threshold_N1000_K16,914,1,1,-0.805661678314209,0.9672918915748596,-1.9614288806915283,-0.5314467549324036,-0.8235206604003906,0.18181496858596802,0.00012065571297625866,1.0786983207925017e-05,0.0001543044741889597,9.809112393710968e-06,3.3648761212701054e-05,9.778708142140484e-07,0.6980823912077713,-0.39980022826724304,0.030368526006247717,0.31517112255096436,-0.2597329020500183,0.8938319683074951,0.1851225644350052,0,consistent_success
1000,curobo_threshold_N1000_K16,915,1,1,0.08963685482740402,1.9946904182434082,-2.3290891647338867,0.12442231178283691,2.885451316833496,-1.7035529613494873,6.828570064953965e-05,1.3480984063993981e-05,8.250105740830068e-05,1.4080795695456234e-05,1.4215356758761027e-05,5.998116314622531e-07,0.3277978593872984,0.10451207990737943,-0.35099481522529946,0.6069144010543823,0.4167444109916687,0.5476498603820801,-0.39756590127944946,0,consistent_success
1000,curobo_threshold_N1000_K16,916,1,1,-0.43561118841171265,1.7376856803894043,-1.7618703842163086,-0.8389028906822205,1.1953125,0.9182758927345276,0.00013328003944934608,1.2215142434988465e-05,0.00020354547592001454,1.3281600966983096e-05,7.026543647066847e-05,1.0664585319946305e-06,0.6402383233246284,-0.07986348492735873,-0.47239587301993907,0.4216815233230591,0.3194761276245117,0.21089737117290497,0.8219744563102722,0,consistent_success
1000,curobo_threshold_N1000_K16,917,1,0,-0.4824279248714447,-1.593367338180542,-0.19222111999988556,6.067162990570068,-2.3916401863098145,-4.626321792602539,8.494244888424873,0.8295707642059479,8.494324917084976,0.8295712757080003,8.002866010237142e-05,5.115020523804858e-07,0.039419199798877105,0.08580897948042976,1.281310618666282,0.10892538726329803,0.3362467288970947,0.8355274796485901,-0.42067471146583557,0,reported_large_reeval_large
1000,curobo_threshold_N1000_K16,918,1,1,0.37707480788230896,-2.8526220321655273,-0.8093526363372803,0.9973016977310181,-0.6676754951477051,-0.39479637145996094,0.00014136482207049994,3.2595769619685376e-06,0.00016320884506693958,4.829673078902934e-06,2.1844022996439635e-05,1.5700961169343967e-06,-0.9975601930138961,-0.14085758486951,0.09372886054803041,0.5938155651092529,-0.7962694764137268,0.08981378376483917,-0.07260458916425705,0,consistent_success
1000,curobo_threshold_N1000_K16,919,1,1,-3.096579074859619,-0.913329541683197,1.5737757682800293,1.6966321468353271,2.0661120414733887,-1.0652341842651367,2.9802322387695312e-05,1.7731009569763713e-05,5.8290719639641056e-05,1.5509568494356516e-05,2.8488397251945744e-05,2.221441075407197e-06,-0.6807061804173812,-0.1509010238254065,0.2852109982894683,-0.3188631534576416,0.8933228254318237,-0.112969309091568,0.2958690822124481,0,consistent_success
1000,curobo_threshold_N1000_K16,920,1,1,3.900752305984497,0.6965272426605225,-0.8864507079124451,-0.8266289234161377,-1.645901083946228,0.26086270809173584,6.664001972467304e-05,9.41278165847716e-06,0.00018671701350936933,9.195423586105984e-06,0.00012007699378469629,2.173580723711768e-07,-0.6764193658588322,-0.8582822937416801,-0.2963618004510021,0.03959107771515846,0.482246458530426,0.8314981460571289,0.2729134261608124,0,consistent_success
1000,curobo_threshold_N1000_K16,921,1,1,-0.06526137888431549,3.7420923709869385,0.09337960183620453,3.330909490585327,-4.230214595794678,2.3173530101776123,0.0001341104507446289,9.430113187936267e-06,0.00017683206609088778,1.698988104306101e-05,4.272161534625888e-05,7.5597678551247425e-06,-0.9724691354479379,0.18500069606218758,0.7025541546289651,0.102513387799263,0.808186411857605,-0.4349345564842224,0.3836113512516022,0,consistent_success
1000,curobo_threshold_N1000_K16,922,1,1,-1.1569896936416626,-1.8009976148605347,-0.06835753470659256,-3.0664865970611572,2.960467576980591,-3.014846086502075,0.025513896616757847,0.00793588774039472,0.02556080592049511,0.007933498473342746,4.6909303737262265e-05,2.3892670519744946e-06,-0.10064412200312461,0.4113815746213575,1.2283219900467581,0.5902780294418335,0.03857821971178055,-0.7657298445701599,0.2524704039096832,0,consistent_success
1000,curobo_threshold_N1000_K16,923,1,1,1.705556869506836,-1.7624729871749878,2.514420509338379,0.17086759209632874,0.8002001047134399,1.9535980224609375,3.332000986233652e-05,2.256181677725416e-06,6.085863506846193e-05,7.344438609485204e-06,2.753862520612541e-05,5.088256931759788e-06,-0.2595596632379513,0.21616361928221914,0.2145971775988409,-0.4341132342815399,0.6197561025619507,0.6339821815490723,-0.1597331166267395,0,consistent_success
1000,curobo_threshold_N1000_K16,924,1,1,0.5516303181648254,-1.1118181943893433,-1.2079092264175415,-0.42019662261009216,0.9919652342796326,-0.2791425287723541,0.00030656218541480484,1.025565042950345e-05,0.00035411771211494095,1.3872179782028085e-05,4.75555267001361e-05,3.616529352524634e-06,-0.2352666377226304,0.10694417495932736,1.2317894539812948,0.6086241006851196,-0.41315507888793945,-0.40702369809150696,0.5414898991584778,0,consistent_success
1000,curobo_threshold_N1000_K16,925,1,1,0.9280427098274231,0.4850618839263916,0.6984941363334656,0.5658800005912781,-0.41790929436683655,-2.339447498321533,5.9604644775390625e-05,1.9278244692991163e-06,0.0001382887454140579,5.122641877509564e-06,7.868410063866727e-05,3.194817408210448e-06,0.1911231015905639,0.6693180279594142,-0.6305942187401531,-0.11494505405426025,-0.35780611634254456,0.41506484150886536,0.8285430669784546,0,consistent_success
1000,curobo_threshold_N1000_K16,926,1,1,-2.2762491703033447,0.011567833833396435,2.2195568084716797,-2.1872708797454834,-4.20737886428833,-2.4656054973602295,0.0,1.4213441889363824e-05,7.348742185183373e-05,1.2431131930566654e-05,7.348742185183373e-05,1.7823099587971704e-06,-0.12730600131289702,-0.333529608102628,-0.4509029088342489,0.19033120572566986,-0.5788127183914185,-0.42913803458213806,0.666776180267334,0,consistent_success
1000,curobo_threshold_N1000_K16,927,1,1,-0.38894975185394287,-0.8929797410964966,1.4344735145568848,0.2781883180141449,-2.367002487182617,-0.13001562654972076,3.332000986233652e-05,2.16271469185681e-06,4.163995366116201e-05,5.263014220319209e-06,8.319943798825489e-06,3.1002995284623993e-06,0.7271178306793524,-0.1920337805338058,0.2772160149301579,0.5534738898277283,0.4920195937156677,-0.0479830726981163,-0.6702842712402344,0,consistent_success
1000,curobo_threshold_N1000_K16,928,1,1,0.9767544269561768,-1.7714120149612427,2.151998281478882,-0.413407564163208,3.569044351577759,-0.13787411153316498,5.1619135632563484e-05,5.497682707772761e-06,6.02635148180944e-05,9.352621701108691e-06,8.644379185530916e-06,3.85493899333593e-06,0.1435627986848973,0.35554710084550717,0.3975444309136906,0.6852385997772217,0.6737744212150574,0.22984765470027924,0.15377305448055267,0,consistent_success
1000,curobo_threshold_N1000_K16,929,1,1,-0.4385828673839569,0.4063350260257721,-0.9260579943656921,0.5163373351097107,-0.3072139620780945,-1.6685755252838135,0.00012753339717619383,7.576231475204812e-06,6.966057010190131e-05,1.113184641628407e-05,5.787282707429252e-05,3.5556149410792588e-06,1.040730467967173,-0.2100053148895238,0.05384299071484059,0.5543085336685181,-0.4926036298274994,0.5077928900718689,0.43844056129455566,0,consistent_success
1000,curobo_threshold_N1000_K16,930,1,1,1.539841651916504,-0.794552743434906,-0.7087991237640381,-1.2152999639511108,-0.9950681924819946,1.2165577411651611,5.9604644775390625e-05,3.2724927619745244e-06,6.665081930925519e-05,7.73124918760008e-06,7.046174533864561e-06,4.458756425625555e-06,-0.19591990212726382,0.5916968993701456,1.2087543922992634,-0.2985698878765106,0.743621826171875,-0.34520426392555237,-0.4885863661766052,0,consistent_success
1000,curobo_threshold_N1000_K16,931,1,0,-1.3229445219039917,-3.413451910018921,-2.9203293323516846,3.857360601425171,0.5355948805809021,2.313190460205078,7.235794328153133,0.4094869962564688,7.235789785622535,0.4094860986213573,4.542530598783401e-06,8.976351114631242e-07,0.2326424834399642,0.04293522246536789,0.11170602115139938,0.43080762028694153,0.1900087147951126,0.5558553338050842,0.685073971748352,0,reported_large_reeval_large
1000,curobo_threshold_N1000_K16,932,1,1,1.1508439779281616,-1.3255023956298828,0.15117880702018738,0.2759286165237427,2.563936948776245,2.4974570274353027,3.071953003086492e-05,5.263327632623551e-06,8.654161828430514e-05,5.533085616490782e-06,5.582208825344022e-05,2.6975798386723054e-07,0.12122440880003266,0.4841395478736679,1.21620861245408,0.6355376243591309,-0.338544100522995,0.41447341442108154,-0.5564994215965271,0,consistent_success
1000,curobo_threshold_N1000_K16,933,1,1,-0.5720834136009216,-0.2096618413925171,-0.9457986354827881,0.7302904725074768,1.7040133476257324,-1.6915310621261597,0.00021696418173178245,1.0442531476810764e-05,0.0002508977280797382,5.6632936810203185e-06,3.393354634795574e-05,4.779237795790445e-06,0.8896809327123174,-0.39245370171557104,0.710612652878821,0.776458203792572,0.17552730441093445,0.5145674347877502,-0.3186270594596863,0,consistent_success
1000,curobo_threshold_N1000_K16,934,1,1,-1.1240726709365845,0.19853360950946808,-1.0787185430526733,-0.2837117612361908,-2.4583702087402344,-3.0584378242492676,6.664001972467304e-05,7.716435618006714e-06,5.0948875100697134e-05,8.537736462515945e-06,1.5691144623975904e-05,8.213008445092313e-07,0.5360092929202239,-0.9050034968709024,0.348512299673891,-0.06600016355514526,0.8542476296424866,0.24522817134857178,-0.453616738319397,0,consistent_success
1000,curobo_threshold_N1000_K16,935,1,1,1.8850964307785034,-0.280303418636322,-1.5698972940444946,0.952384352684021,2.205021619796753,0.36148208379745483,0.0,8.623559532263052e-06,4.5681619020036095e-05,3.415094585006376e-06,4.5681619020036095e-05,5.208464947256677e-06,-0.2792573569732703,0.5054806778510577,0.8326729567888884,-0.2001705765724182,0.3016554117202759,0.30668291449546814,0.8802734613418579,0,consistent_success
1000,curobo_threshold_N1000_K16,936,1,1,-0.6042854189872742,-2.379305839538574,-0.37261420488357544,-0.16135916113853455,2.0430586338043213,2.6482648849487305,0.00013328003944934608,1.0286488273472923e-05,0.0002384670417996189,8.18910913293408e-06,0.00010518700235027283,2.097379140538843e-06,-0.7748402923316039,0.6832391708489249,0.8986233169511544,-0.31989586353302,-0.5397369861602783,0.328486829996109,0.7060077786445618,0,consistent_success
1000,curobo_threshold_N1000_K16,937,1,1,-1.1748554706573486,-2.109020709991455,2.8119900226593018,-0.7144490480422974,1.2936898469924927,-0.42855411767959595,0.00012377833513710357,8.876210989939537e-06,2.2089790452824473e-05,8.79013768592829e-06,0.00010168854468427909,8.607330401124653e-08,0.25664352093266996,-0.1234806504490706,0.16811737184320172,0.7058283090591431,0.5986121892929077,0.36897513270378113,0.0855989009141922,0,consistent_success
1000,curobo_threshold_N1000_K16,938,1,1,2.1235485076904297,0.3104763329029083,1.5210849046707153,1.2280025482177734,-0.16255471110343933,-0.5419559478759766,0.0,8.84201366600444e-06,2.6477350196852898e-05,7.344438609485204e-06,2.6477350196852898e-05,1.4975750565192363e-06,-0.4482812820311666,0.2411263273841839,-0.49609216901488207,0.5582125782966614,-0.1931520253419876,-0.6753236055374146,0.4416208565235138,0,consistent_success
1000,curobo_threshold_N1000_K16,939,1,0,-1.667297601699829,2.4854743480682373,-0.5355228185653687,4.636639595031738,0.9640142917633057,-0.08037188649177551,2.3980310652405024,2.0397568081186184,2.3979970058017956,2.039761108247675,3.40594387067128e-05,4.300129056833413e-06,0.27803955532872315,0.6361774305813415,-0.9088273401599934,0.5921488404273987,0.7649216651916504,0.15821169316768646,0.1980496197938919,0,consistent_failure
1000,curobo_threshold_N1000_K16,940,1,1,-1.072590708732605,2.0029571056365967,2.8777434825897217,-0.6742964386940002,-1.814226508140564,0.41926470398902893,0.5553398514166474,0.053599102428775094,0.555337112383578,0.05360113431515472,2.7390330694654352e-06,2.0318863796289777e-06,0.11737927555618091,0.08194457552178147,0.11351108281266516,0.004216973204165697,-0.007572651375085115,0.9613926410675049,-0.2750437557697296,0,consistent_success
1000,curobo_threshold_N1000_K16,941,1,1,0.8253360986709595,-0.6489152908325195,1.9700939655303955,0.8387795686721802,2.595860004425049,1.6916413307189941,4.360340355447079e-05,9.877908417760381e-06,4.934004610956336e-05,9.659346157805877e-06,5.7366425550925694e-06,2.1856225995450397e-07,0.28080423000108956,0.4296877085670519,-0.032914651370982685,0.5330111980438232,0.7336381673812866,0.421359121799469,-0.011425936594605446,0,consistent_success
1000,curobo_threshold_N1000_K16,942,1,1,1.953543782234192,-1.272912621498108,2.0730693340301514,1.52121102809906,-1.237866759300232,-2.204113483428955,6.664001972467304e-05,6.1883851935068525e-06,6.119082451350779e-05,3.818191820832846e-06,5.449195211165248e-06,2.370193372674007e-06,-0.3865980249657414,0.44060077429672734,0.4443793884435147,0.6106178164482117,0.049293551594018936,-0.3898701071739197,-0.6875444054603577,0,consistent_success
1000,curobo_threshold_N1000_K16,943,1,1,0.39082714915275574,-3.729077100753784,0.4137941300868988,-3.083458185195923,1.6640207767486572,-4.6132001876831055,5.9604644775390625e-05,4.23830315165798e-06,0.00015064504303060204,1.0663629423853027e-05,9.104039825521141e-05,6.425326272195047e-06,-0.9547021051657161,-0.22532991782344322,-0.41516051102947765,-0.15087538957595825,0.662377119064331,0.06210897117853165,0.7311878204345703,0,consistent_success
1000,curobo_threshold_N1000_K16,944,1,1,1.7809702157974243,-0.5669029951095581,1.6126900911331177,0.051783736795186996,2.5529139041900635,1.4980868101119995,1.4901161193847656e-05,1.621804505045122e-05,8.838187069193651e-05,2.024001839764399e-05,7.348070949808886e-05,4.02197334719277e-06,-0.23627585037329552,0.6893352259374625,-0.13756516591489634,0.14526456594467163,0.6030716300010681,0.6192132830619812,0.48143303394317627,0,consistent_success
1000,curobo_threshold_N1000_K16,945,1,1,0.2533782720565796,-1.7074497938156128,-1.575617790222168,1.1554772853851318,2.382805824279785,-0.49368420243263245,6.0068501284149534e-05,6.630356293376021e-06,5.2947532718655944e-05,3.6222548091772005e-06,7.120968565493589e-06,3.00810148419882e-06,-0.5908922659586313,-0.052773296407751746,0.7678974470782662,0.6279821395874023,0.2469097077846527,-0.38337692618370056,0.6306315660476685,0,consistent_success
1000,curobo_threshold_N1000_K16,946,1,1,0.4780982434749603,0.42392176389694214,0.4467070400714874,0.2712334394454956,3.307948589324951,0.8794406652450562,2.9802322387695312e-05,4.9400725427950675e-06,6.255053641389707e-05,3.6222548091772005e-06,3.2748214026201756e-05,1.317817733617867e-06,0.6900383910510649,0.4398098427734211,-0.5963319876916533,0.7563140988349915,0.6159454584121704,0.2128772884607315,0.05730118602514267,0,consistent_success
1000,curobo_threshold_N1000_K16,947,1,1,0.1855120062828064,-1.279951572418213,-2.6693577766418457,2.878124713897705,2.7770915031433105,0.7336816191673279,0.00020624116814360605,1.196009390774853e-05,0.0002357370047225897,1.059505231752994e-05,2.9495836578983647e-05,1.3650415902185903e-06,-0.11532994810522978,0.05751236776144729,0.2734098870707814,0.38826486468315125,0.446503221988678,-0.3797103762626648,0.7111296057701111,0,consistent_success
1000,curobo_threshold_N1000_K16,948,1,1,-0.908252477645874,-0.940832257270813,1.7674258947372437,-1.4851988554000854,0.4909745752811432,1.586031436920166,6.664001972467304e-05,2.361033074865315e-05,0.00012584782643563897,2.232907826801379e-05,5.9207806710965936e-05,1.2812524806393586e-06,0.7183066148959357,-0.5219835131848566,0.1359296328227056,0.1283148229122162,0.5438388586044312,0.24486975371837616,0.7923467755317688,0,consistent_success
1000,curobo_threshold_N1000_K16,949,1,1,-1.0608686208724976,-0.6906670331954956,1.1065305471420288,0.7923917770385742,-0.692711353302002,-0.3182079792022705,8.940696716308594e-05,6.962023110670539e-06,3.852663270020192e-05,6.830189170012755e-06,5.088033446288402e-05,1.318339406577838e-07,0.6278134235308206,-0.6413506815831427,0.29999856289093796,-0.00893606897443533,0.31712082028388977,0.3176116943359375,0.8935756087303162,0,consistent_success
1000,curobo_threshold_N1000_K16,950,1,1,0.6595770120620728,-2.067100763320923,2.595796823501587,-0.23962490260601044,2.2283756732940674,-0.32137107849121094,6.188916756855178e-05,5.204336434613512e-06,0.00012991222353573518,7.040397847728103e-06,6.80230559671834e-05,1.8360614131145906e-06,0.12349854973508677,0.23190830341912166,0.24508700535742214,0.5382871031761169,0.4052336513996124,0.6697725057601929,0.31214970350265503,0,consistent_success
1000,curobo_threshold_N1000_K16,951,1,1,-0.0293123796582222,0.03872482106089592,-0.7281157374382019,0.13098804652690887,-2.2841756343841553,1.2301377058029175,3.071953003086492e-05,2.875043931647356e-06,5.148905613900295e-06,7.636383641665695e-06,2.557062441696462e-05,4.761339710018339e-06,1.0579042790163582,0.07263193295429468,0.3325636389422741,0.5027555227279663,0.2943180203437805,-0.7833865880966187,0.21660856902599335,0,consistent_success
1000,curobo_threshold_N1000_K16,952,1,1,-0.34337127208709717,0.7858498096466064,2.181994676589966,-1.92723548412323,1.1940226554870605,-1.1850073337554932,0.00026289043830729497,1.0780224351115844e-05,0.0003076824614401042,7.443026089337887e-06,4.479202313280924e-05,3.337198261777957e-06,-0.11002663345452576,0.24946837434692118,-0.5370530061869075,0.2534734904766083,0.2921728491783142,0.9031801819801331,0.1861499845981598,0,consistent_success
1000,curobo_threshold_N1000_K16,953,1,1,0.6573126912117004,-1.393593668937683,-0.9308130741119385,1.2796486616134644,-0.1297874003648758,1.7932472229003906,0.001003175839286996,0.00017439448396913877,0.001020374143038612,0.00017468801342889042,1.7198303751616044e-05,2.9352945975165455e-07,-0.3061703721445289,0.0862731229180639,1.0786368376696107,-0.4480668306350708,0.010964639484882355,0.7455486059188843,0.4932273030281067,0,consistent_success
1000,curobo_threshold_N1000_K16,954,1,1,0.7897295355796814,1.495435118675232,-2.323254346847534,0.8611644506454468,0.8199660778045654,0.27872443199157715,0.00013328003944934608,6.35263371903412e-06,8.863716310318303e-05,2.4148365394514667e-06,4.4642876346163047e-05,3.9377971795826535e-06,0.18862983944380785,0.5124756552769059,-0.17937120390935257,-0.0945284515619278,0.11805836856365204,0.7058680653572083,0.6920093297958374,0,consistent_success
1000,curobo_threshold_N1000_K16,955,1,1,0.5624530911445618,-0.8401772379875183,-2.948864459991455,0.717743456363678,-0.515515923500061,1.3759663105010986,3.511217422783375,0.24408841597590938,3.51123366949845,0.2440824493713694,1.6246715075052265e-05,5.966604539997533e-06,-0.12337046079879828,0.2067782522652683,0.35057457360833516,0.5118274688720703,-0.5523832440376282,0.45899924635887146,0.47140753269195557,0,consistent_success
1000,curobo_threshold_N1000_K16,956,1,1,1.7790535688400269,1.3947833776474,-1.299739122390747,-2.0528953075408936,0.689691960811615,0.3341299295425415,2.9802322387695312e-05,5.50507543640773e-06,7.228715154704059e-05,6.156649318399953e-06,4.248482915934528e-05,6.515738819922231e-07,-0.3875109979544966,0.6968146087090704,-0.43155702138011615,-0.15876393020153046,-0.4285907447338104,-0.14729347825050354,0.8771594166755676,0,consistent_success
1000,curobo_threshold_N1000_K16,957,1,1,-1.070090889930725,-0.9289770126342773,2.8213584423065186,0.7485162019729614,-2.931790590286255,1.102786898612976,0.26766894734464586,0.07844268156497337,0.2676832292204916,0.07843769219123531,1.4281875845734149e-05,4.989373738065184e-06,0.13493736788552504,-0.09348381929300362,0.18524374022552886,-0.25752848386764526,-0.6347447633743286,-0.21833805739879608,0.6950587630271912,0,consistent_success
1000,curobo_threshold_N1000_K16,958,1,1,0.6530802249908447,1.3992913961410522,0.1460220366716385,-0.5968525409698486,-0.2975444495677948,-3.1559855937957764,0.9917763527482748,0.055173784532633684,0.9917850863747703,0.05517076861209779,8.73362649544962e-06,3.0159205358926133e-06,-0.14641462487851947,0.20663306120103545,-1.093400233874204,0.5068100094795227,-0.6162638664245605,0.02555037848651409,0.602253794670105,0,consistent_success
1000,curobo_threshold_N1000_K16,959,1,1,-0.09597595781087875,-0.38574671745300293,-2.2430756092071533,2.5451369285583496,1.6106141805648804,-2.0479655265808105,6.143906006172983e-05,5.507479426858167e-06,5.079297649886876e-05,9.809112393710968e-06,1.064608356286107e-05,4.301632966852801e-06,0.18438574683070752,0.1432606634417823,0.5307377518200258,0.7020993828773499,-0.11382351815700531,0.6672956943511963,-0.2209460288286209,0,consistent_success
1000,curobo_threshold_N1000_K16,960,1,1,0.7161576151847839,0.24212616682052612,1.1614972352981567,-1.2814592123031616,-0.9588755369186401,2.4491751194000244,6.664001972467304e-05,3.5807598568109537e-06,7.26245329541495e-05,5.122641877509564e-06,5.984513229476457e-06,1.5418820206986103e-06,0.31048313904524993,0.557755526204736,-0.6894000794738396,0.6417601108551025,-0.27604323625564575,-0.611494779586792,0.37150800228118896,0,consistent_success
1000,curobo_threshold_N1000_K16,961,1,1,1.1730927228927612,1.1757018566131592,-0.9656225442886353,-0.40080487728118896,2.7520697116851807,-2.4740095138549805,5.9604644775390625e-05,7.35166172003303e-06,9.321608255911425e-05,5.122641877509564e-06,3.361143778372362e-05,2.2290198425234663e-06,0.25731129695335586,0.8155813920647921,-0.6638622834877537,0.6824350953102112,-0.23737813532352448,0.6384802460670471,-0.26509785652160645,0,consistent_success
1000,curobo_threshold_N1000_K16,962,1,1,2.086644411087036,0.8548995852470398,1.266160249710083,-0.7973345518112183,-1.6832524538040161,-1.5857527256011963,0.06788753671571612,0.005051365952024104,0.06790286458181656,0.005052067025124187,1.5327866100436904e-05,7.010731000829315e-07,-0.11766415349449098,-0.10374264386612733,-0.761739384656508,0.8559133410453796,0.012763544917106628,0.13445071876049042,-0.49917182326316833,0,consistent_success
1000,curobo_threshold_N1000_K16,963,1,1,-0.035283613950014114,-1.9929840564727783,1.8602694272994995,0.2177102118730545,-1.407691240310669,0.1549321711063385,4.470348358154297e-05,8.57093555028093e-06,9.169836442736642e-05,1.3004292747236537e-05,4.699488084582345e-05,4.433357196955607e-06,0.22220301795158431,0.1711806957587172,0.6537339095040807,0.5126010179519653,0.38302889466285706,-0.558037281036377,-0.528321385383606,0,consistent_success
1000,curobo_threshold_N1000_K16,964,1,1,1.9236693382263184,-0.48372456431388855,0.12707124650478363,0.7441097497940063,0.13705241680145264,0.6903176307678223,6.664001972467304e-05,6.162021499418889e-06,8.179704786599982e-05,7.244509618354405e-06,1.5157028141326784e-05,1.0824881189355162e-06,-0.6010459410676213,0.8933434765964131,0.49985868100635494,0.6823282241821289,0.25618138909339905,-0.6783669590950012,-0.09283098578453064,0,consistent_success
1000,curobo_threshold_N1000_K16,965,1,1,-2.074768304824829,0.9961652755737305,-0.3918963074684143,-1.4675434827804565,-1.1311349868774414,-1.2695542573928833,0.00014600097131278744,5.005452533715981e-06,0.00014046899558387978,1.0799477313527678e-05,5.5319757289076625e-06,5.7940247798116966e-06,-0.22641375768068786,-0.8313151139290466,-0.8501720679360745,0.3912980556488037,-0.27187344431877136,0.8774587512016296,0.055106956511735916,0,consistent_success
1000,curobo_threshold_N1000_K16,966,1,1,-0.06612121313810349,-2.4753613471984863,0.9019466042518616,2.8823513984680176,2.100947141647339,-0.6827079057693481,5.9604644775390625e-05,9.162945780471333e-06,8.671514655422252e-05,9.659346157805877e-06,2.7110501778831894e-05,4.964003773345441e-07,-0.5647845910726074,0.15497450810942895,0.97104666275799,0.2192731350660324,0.4697610139846802,0.8342570662498474,-0.18777397274971008,0,consistent_success
1000,curobo_threshold_N1000_K16,967,1,1,-2.4183719158172607,0.342051237821579,-1.1666017770767212,0.43051233887672424,-2.848702907562256,-1.0757514238357544,0.00012287812012345967,3.883337371877682e-06,8.875445947399924e-05,9.956626120759439e-06,3.412366064946043e-05,6.073288748881757e-06,-0.6882904930581364,-0.7085440760762254,0.2251765524554024,0.0815596953034401,-0.404849112033844,0.6257155537605286,0.6617592573165894,0,consistent_success
1000,curobo_threshold_N1000_K16,968,1,1,-0.3861275911331177,-1.8132238388061523,-1.4767800569534302,0.8971284031867981,-1.8320564031600952,-2.5535807609558105,5.9604644775390625e-05,5.493585949787536e-06,8.428365057658565e-05,8.954453545231654e-06,2.4679005801195027e-05,3.4608675954441185e-06,-0.47425942677628496,0.3440659266546599,0.6609064464087603,0.3429853916168213,0.8840466141700745,0.2173975557088852,0.2314322292804718,0,consistent_success
1000,curobo_threshold_N1000_K16,969,1,1,-0.573173463344574,0.4470379650592804,1.7262752056121826,0.9269634485244751,-1.8174701929092407,1.6053454875946045,3.725290298461914e-05,3.355911027049202e-06,8.17403110855148e-05,4.517745487845102e-06,4.4487408100895657e-05,1.1618344607959002e-06,0.3389018176827434,-0.05041651365024054,-0.4894960343904185,0.6676066517829895,0.2902851700782776,0.6290528774261475,-0.27263227105140686,0,consistent_success
1000,curobo_threshold_N1000_K16,970,1,1,-0.5219895839691162,-0.18104428052902222,0.840021014213562,1.032293677330017,-2.8924720287323,-1.200355887413025,6.705522537231445e-05,1.8039902597761453e-05,0.00011811888281584649,1.5972642350651045e-05,5.106365744353204e-05,2.0672602471104073e-06,0.8540368754759613,-0.40520164242703416,-0.07645670873088725,0.09650049358606339,-0.22152464091777802,-0.5731879472732544,0.7829878926277161,0,consistent_success
1000,curobo_threshold_N1000_K16,971,1,1,-0.24067090451717377,-1.6824005842208862,1.524539828300476,2.1281769275665283,-2.6514506340026855,0.010601475834846497,0.00014098390010985895,4.771508640675991e-05,0.00010378421346263322,4.889671318228678e-05,3.7199686647225726e-05,1.1816267755268732e-06,0.4152657577438632,-0.01687062708277999,0.910451198423917,-0.4421829581260681,-0.29407799243927,-0.44348493218421936,0.7220204472541809,0,consistent_success
1000,curobo_threshold_N1000_K16,972,1,1,-0.39841508865356445,-2.496385097503662,1.066566824913025,3.1020522117614746,2.1343913078308105,0.07895837724208832,4.214684778958144e-05,1.4854500242074638e-06,0.0001447193917028263,1.0731768324341125e-05,0.00010257254391324487,9.24631830013366e-06,-0.44542972511439527,0.31192398324890325,0.9961338206365038,0.12317430227994919,0.8121607303619385,0.510776162147522,-0.25363510847091675,0,consistent_success
1000,curobo_threshold_N1000_K16,973,1,1,0.06665629148483276,-1.325842022895813,2.723557949066162,-1.055130958557129,-0.7674903869628906,2.206064462661743,6.828570064953965e-05,5.605467787484191e-06,4.0744364165379684e-05,3.6222548091772005e-06,2.7541336484159965e-05,1.9832129783069908e-06,0.13214653151627417,0.23962722221274946,0.0698098764298243,0.783839225769043,-0.4554489552974701,-0.41945838928222656,0.04708459973335266,0,consistent_success
1000,curobo_threshold_N1000_K16,974,1,1,0.8900015354156494,0.6592399477958679,-2.8010618686676025,1.2986036539077759,-2.714632511138916,2.3997764587402344,4.71216097253091e-05,1.1582318512903522e-05,5.435389059304344e-05,1.1830234667768806e-05,7.232280867734338e-06,2.479161548652837e-07,0.08601231847106067,0.2333225407064819,0.1284824929054606,0.18784599006175995,-0.2164679914712906,0.7795935273170471,-0.5568567514419556,0,consistent_success
1000,curobo_threshold_N1000_K16,975,1,1,1.2396578788757324,-2.722583532333374,0.7135220766067505,2.2336864471435547,-0.4775196611881256,-1.190066933631897,8.429369557916289e-05,1.1574974230477462e-05,6.571538462704804e-05,8.18910913293408e-06,1.8578310952114844e-05,3.3858650975433826e-06,-0.5150025161578713,-0.7418697113455673,0.7911519634020011,-0.26049408316612244,-0.6534333229064941,0.14778877794742584,0.6952166557312012,0,consistent_success
1000,curobo_threshold_N1000_K16,976,1,1,0.3424932062625885,1.183771014213562,0.9605391621589661,-1.5054717063903809,-1.6172091960906982,-1.0051912069320679,7.337970941989624e-05,7.239099599856666e-06,6.513297217486887e-05,6.037091348628668e-06,8.246737245027372e-06,1.2020082512279976e-06,-0.2631576735797777,0.07568088755324813,-0.9581321220887578,-0.40110838413238525,-0.4486923813819885,0.02940293401479721,0.7980743646621704,0,consistent_success
1000,curobo_threshold_N1000_K16,977,1,1,4.498459815979004,-1.430295467376709,0.26084795594215393,4.469666004180908,2.8459970951080322,-1.2020694017410278,0.0001497548112183722,1.4185742056976397e-05,0.00021878257451190546,1.277811388052082e-05,6.902776329353327e-05,1.4076281764555771e-06,0.0101035313990646,-0.3102508648270019,1.378581733364521,0.7156479954719543,-0.24423231184482574,-0.6460206508636475,-0.10419141501188278,0,consistent_success
1000,curobo_threshold_N1000_K16,978,1,1,-1.4503833055496216,-1.4578970670700073,1.0917367935180664,1.707119107246399,-2.405184507369995,2.179126024246216,0.00012287812012345967,5.766851472909896e-06,0.00011961693174601582,7.824964720612765e-06,3.261188377443847e-06,2.058113247702869e-06,0.152182346943748,-0.4616062514383985,0.9742433403926586,0.8478751182556152,0.11761225014925003,-0.3989768922328949,-0.3287743330001831,0,consistent_success
1000,curobo_threshold_N1000_K16,979,1,1,-1.3279441595077515,-0.00763603113591671,1.0700066089630127,-0.507495105266571,-2.680285692214966,-0.48319897055625916,8.429369557916289e-05,2.828340972037995e-06,5.638308310899279e-05,4.829673078902934e-06,2.7910612470170096e-05,2.0013321068649392e-06,0.2701036994941643,-0.7518515818091431,-0.44465739812651217,-0.16531087458133698,-0.5770460367202759,0.22308123111724854,0.7680657505989075,0,consistent_success
1000,curobo_threshold_N1000_K16,980,1,1,-0.8329043984413147,-1.8376328945159912,0.9984622597694397,3.2015342712402344,0.8885504007339478,0.2829324007034302,0.00010848209086589122,5.669325590378994e-06,5.714780401751902e-05,3.818191820832846e-06,5.1334286848372204e-05,1.8511337695461482e-06,0.2240167885029375,0.0837322009731612,1.1755102477944455,-0.4678129255771637,0.8762152194976807,0.07044357061386108,0.09184593707323074,0,consistent_success
1000,curobo_threshold_N1000_K16,981,1,1,-1.277302622795105,1.0543557405471802,-2.0932772159576416,1.0406534671783447,-1.6078972816467285,-2.2232980728149414,4.348389026631594e-05,8.570670113909433e-06,4.880242587073929e-05,1.1326587362040649e-05,5.318535604423354e-06,2.7559172481312156e-06,0.29833611548809735,-0.4322800943619001,-0.027183361285593902,0.5741767287254333,-0.6762179136276245,0.2046067863702774,0.41374683380126953,0,consistent_success
1000,curobo_threshold_N1000_K16,982,1,1,-0.0509176179766655,1.3430942296981812,1.3880668878555298,-1.592519760131836,-2.5902903079986572,-0.918325662612915,8.720680710894158e-05,1.1773714421192266e-05,0.00010499751543783309,1.113184641628407e-05,1.7790708328891517e-05,6.418680049081956e-07,-0.5068971928656509,0.11134423118856562,-0.7018578105650679,-0.3525053858757019,-0.33987459540367126,-0.3829677402973175,0.7833012938499451,0,consistent_success
1000,curobo_threshold_N1000_K16,983,1,1,1.4728672504425049,2.526179313659668,-1.7121052742004395,-0.45035627484321594,-1.4049992561340332,1.8186615705490112,0.0001163817913152343,9.428584893245167e-06,9.224635425287733e-05,6.6133022267264155e-06,2.4135437062356967e-05,2.8152826665187513e-06,-0.20107605281136695,-0.21432570392018313,-0.7178994603844452,0.5707270503044128,0.2693970203399658,-0.5019848942756653,0.5913603901863098,0,consistent_success
1000,curobo_threshold_N1000_K16,984,1,1,-1.8211374282836914,2.219792366027832,1.0214306116104126,-0.947584331035614,-0.6870107054710388,-0.6258620023727417,0.00012287812012345967,4.496595946450757e-06,9.849773650706495e-05,3.818191820832846e-06,2.438038361639472e-05,6.784041256179111e-07,0.47251304259515503,0.8983769789839593,-0.18296030883340197,0.22176004946231842,0.4526557922363281,-0.23935241997241974,0.8298407196998596,0,consistent_success
1000,curobo_threshold_N1000_K16,985,1,1,-0.3405846655368805,-2.4868929386138916,1.8964170217514038,1.6485899686813354,-0.7032301425933838,1.5819265842437744,0.2276681479997933,0.032379015353494606,0.22763488852058655,0.03238010468182223,3.325947920673755e-05,1.0893283276247612e-06,-0.05374750808464423,0.2678328965834237,0.8137926440114753,0.8484486937522888,-0.44046568870544434,-0.15554693341255188,-0.24885734915733337,0,consistent_success
1000,curobo_threshold_N1000_K16,986,1,1,-1.0058921575546265,-0.07249351590871811,-2.846738815307617,2.4005587100982666,1.2170095443725586,-0.8218793272972107,6.828570064953965e-05,1.2803127151618508e-05,6.628321386850006e-05,6.3890569402603996e-06,2.0024867810395887e-06,6.414070211358108e-06,0.2643025603163492,-0.051101856382851266,0.24023058143572348,0.8556011915206909,0.2828887403011322,0.4329671561717987,-0.02144751325249672,0,consistent_success
1000,curobo_threshold_N1000_K16,987,1,1,1.9818992614746094,0.6113004088401794,-2.0462148189544678,1.5998848676681519,3.305013656616211,-1.1872793436050415,4.214684778958144e-05,1.8517132767051702e-05,4.060059716603629e-05,2.1017403266208996e-05,1.546250623545153e-06,2.5002704991572934e-06,-0.28464172268251353,0.4703363830951683,0.23141205840070866,0.696750283241272,-0.010169493965804577,0.6975222826004028,0.1670277714729309,0,consistent_success
1000,curobo_threshold_N1000_K16,988,1,1,-2.0990819931030273,1.593469500541687,-1.800795316696167,-1.8282041549682617,-0.855401873588562,-2.1829347610473633,5.9604644775390625e-05,5.48752976656303e-06,1.533517115211312e-05,6.156649318399953e-06,4.4269473623277505e-05,6.691195518369231e-07,-0.14933232236779015,-0.701097459150793,-0.37709785814760727,0.13797970116138458,0.7255701422691345,-0.5576170086860657,0.37891000509262085,0,consistent_success
1000,curobo_threshold_N1000_K16,989,1,1,-1.6469087600708008,-2.04209041595459,2.7887706756591797,-0.011247504502534866,-1.9193575382232666,2.1386406421661377,0.0001682990387052996,1.0297648000183743e-05,0.00019463008474086339,1.0029569411827041e-05,2.6331046035563778e-05,2.680785883567015e-07,0.13204529491065636,-0.010353815222831686,0.2562126831244773,0.8084486126899719,-0.2865144610404968,-0.3203558325767517,-0.40210995078086853,0,consistent_success
1000,curobo_threshold_N1000_K16,990,1,1,-0.09036264568567276,-0.5259271264076233,-0.4029506742954254,-0.7813928127288818,-0.9190183877944946,1.0764687061309814,0.0,2.331379150392696e-06,8.681769328220712e-05,3.818191820832846e-06,8.681769328220712e-05,1.4868126704401496e-06,1.0124897578019443,0.1290292233506844,0.836413139196793,0.1552550196647644,-0.2114458680152893,0.9213760495185852,0.2867972254753113,0,consistent_success
1000,curobo_threshold_N1000_K16,991,1,1,1.3709819316864014,2.2957470417022705,0.15913285315036774,-1.4266663789749146,0.26796266436576843,-1.2490650415420532,6.664001972467304e-05,1.4201277412706911e-05,0.00013480321563492028,9.035490975690213e-06,6.816319591024724e-05,5.165786437016699e-06,-0.4333803401839294,-0.8660851517688644,-0.7742862594963291,-0.29621848464012146,-0.5243774056434631,0.5817205309867859,0.546703040599823,0,consistent_success
1000,curobo_threshold_N1000_K16,992,1,1,-0.10788945853710175,-1.6134265661239624,-1.5561928749084473,1.7351738214492798,0.9830281138420105,1.0486865043640137,6.664001972467304e-05,6.565118384193838e-06,4.502107245236924e-05,8.872676000826597e-06,2.16189472723038e-05,2.307557616632759e-06,-0.44719226893418285,0.26475958890115314,0.7829942582979638,0.2770819365978241,0.004380835220217705,0.2962305247783661,0.9140316843986511,0,consistent_success
1000,curobo_threshold_N1000_K16,993,1,1,-0.616893470287323,3.226755380630493,-2.850445508956909,-2.474238872528076,1.001530408859253,0.3017987906932831,0.0381541030947119,0.002308804667985145,0.038213748894270934,0.002306789273161818,5.9645799559034096e-05,2.0153948233269867e-06,0.11002806925200893,0.18383223830582018,0.094362553695443,0.7928778529167175,-0.32371237874031067,0.17675237357616425,0.4850913882255554,0,consistent_success
1000,curobo_threshold_N1000_K16,994,1,1,1.9856960773468018,-1.4876649379730225,-0.6678225994110107,0.5740095376968384,-1.7539591789245605,0.6150369644165039,6.705522537231445e-05,4.150127387446332e-06,8.843577630689988e-05,2.9575586669421963e-06,2.138055093458543e-05,1.1925687205041356e-06,-0.07484462413713187,-0.1951212631634883,1.1250007336856502,-0.0496695302426815,0.9907646775245667,-0.0999675914645195,0.07697223126888275,0,consistent_success
1000,curobo_threshold_N1000_K16,995,1,1,-1.2194256782531738,-2.1854231357574463,1.8211153745651245,1.976890206336975,1.8403522968292236,-1.25177800655365,9.372640619176309e-05,1.4548953462935045e-05,7.95837172827395e-05,1.843043999989492e-05,1.4142688909023592e-05,3.881486536959874e-06,0.1523887678995909,-0.010721893337268302,0.7472493341633586,-0.07709747552871704,0.6871011853218079,0.7137337923049927,-0.11194660514593124,0,consistent_success
1000,curobo_threshold_N1000_K16,996,1,1,-2.862687110900879,-0.19900092482566833,-0.6107316017150879,-0.8263997435569763,-0.030582910403609276,-0.8096823692321777,0.004347871708887396,0.0026199474239334965,0.004331561403655505,0.0026238707538345555,1.631030523189126e-05,3.923329901059022e-06,-0.9968575469352026,-0.5518630817590213,0.6674291475637139,0.3253956735134125,0.14924293756484985,0.7021244764328003,-0.6155204176902771,0,consistent_success
1000,curobo_threshold_N1000_K16,997,1,1,-1.2418928146362305,-1.3474711179733276,1.9499337673187256,0.2234485149383545,1.8207794427871704,-0.05291241779923439,6.664001972467304e-05,1.0067197933739122e-05,6.693166788598697e-05,1.1581149199548762e-05,2.916481613139286e-07,1.5139512658096406e-06,0.32174463353007554,-0.5057693923155885,0.2556877711980922,0.3735937774181366,0.915992796421051,0.13082173466682434,-0.06534983217716217,0,consistent_success
1000,curobo_threshold_N1000_K16,998,1,1,2.5786335468292236,1.9753620624542236,-2.517177104949951,-1.223098635673523,-2.379004716873169,2.150674819946289,4.214684778958144e-05,6.108001940931415e-06,6.153159063863776e-05,1.1581149199548762e-05,1.938474284905632e-05,5.4731472586173475e-06,-0.3692561989273241,0.11800326514225827,-0.18034127759390695,-0.3905769884586334,0.7491381764411926,-0.5269746780395508,-0.09240851551294327,0,consistent_success
1000,curobo_threshold_N1000_K16,999,1,1,1.513073444366455,2.267439842224121,-2.4525833129882812,-0.3873439431190491,-1.1568831205368042,-1.2094190120697021,9.541398782175747e-05,4.353003011691287e-06,3.522605497507802e-05,5.399738656763834e-06,6.018793284667945e-05,1.0467356450725468e-06,-0.19136840616409906,0.172882322716209,-0.37973235033430325,0.27073946595191956,0.7742432951927185,0.3854040801525116,-0.4227423667907715,0,consistent_success
