target_id,best_seed_id,q0,q1,q2,q3,q4,q5,pos_err_mm,rot_err_deg,pose_cost,limit_score,total_loss,iters,success_loose,success_medium,success_strict,near_limit,success_rank
0,0,-2.2123068593219317,-3.3246100523429818,-1.8148482855245662,-1.158891729333962,0.28556156085246232,6.1723285243024497,0.0585787607115,0.0729319403935,1.6237122195791437e-06,0,8.1185610978957186e-07,27,1,1,1,0,0
1,0,-4.927680826757646,-4.5879805195982861,2.4373868061683956,6.2831853071795862,2.3719764251196334,-2.6115305528877704,31.5417911752,7.65004492713,0.01882206693011023,0.0075689999999999993,0.0096381034650551145,60,0,0,0,1,3
2,0,2.275167225969613,-1.3558541480651212,-2.0909838451824045,-4.1124834141592563,-3.592404805603687,0.78072381245396327,0.0619918614439,0.368815063684,4.1439290805087199e-05,0,2.0719645402543599e-05,12,1,1,1,0,0
3,0,3.6298646042007903,1.3762857094040224,-3.1185066707303446,-4.2931016980024452,2.0343229557343787,-3.5488482237800238,213.542738388,28.4119209718,0.29149903037696145,0.0040850015870427083,0.145872065236092,60,0,0,0,1,3
4,0,6.0110232837988757,-5.9770317019068848,3.1213808267000771,3.3028378827234754,2.4265281987439988,4.1897384383642926,198.667506032,27.9186475574,0.27690309430560939,0.0044606600674092604,0.13858536695482698,60,0,0,0,1,3
5,0,4.334513123319244,-3.4476482411517169,1.0781089518881859,3.6824546108262419,-1.833297479675595,3.6745981616499006,0.134298975629,0.232274375965,1.6452568129760143e-05,0,8.2262840648800716e-06,41,1,1,1,0,0
6,0,4.0211888934746014,2.8876131055850056,0.88641449622970259,4.2373076301380372,-1.6709049161993939,4.8089415980623711,0.00944960060118,0.302794906303,2.7928862883064376e-05,0,1.3964431441532188e-05,12,1,1,1,0,0
7,0,-2.7752510164125992,-4.609743829064219,-0.15738113656014752,5.9510661013575135,-2.0211312554800642,-6.2831853071795862,303.715781401,55.4597943724,1.0291821214470627,0.0075689999999999993,0.51481813072353133,60,0,0,0,1,3
8,0,3.8708473058387347,4.4883647033907756,-0.33306575370207436,-4.7107117536956267,1.3198692715327622,2.2544631844542438,101.593645518,0.0521632919705,0.01032209767631025,0,0.0051610488381551248,60,0,0,0,0,3
9,0,6.0103735956919593,-4.6646084664120764,1.3308665332347851,6.2831853071795862,-3.5325424443211144,-0.77375822846802378,167.367960102,51.2673417883,0.82865028494565662,0.0075689999999999993,0.41455221247282831,60,0,0,0,1,3
10,0,5.9322294057223708,-2.049657511592391,2.5601931491792103,0.29315583287317648,-5.1661486410523993,-3.0589443395358349,0.295694401011,0.0217453658171,2.3147685658133222e-07,0,1.1573842829066611e-07,6,1,1,1,0,0
11,0,-2.9096193171828282,-2.8433844692544996,1.8011543304070521,-4.3783607299019778,-1.8046985736434371,-6.2831853071795862,282.48459173,53.2888772081,0.94482098223575528,0.0075689999999999993,0.47263756111787764,60,0,0,0,1,3
12,0,0.037203198269137809,-1.9807278242953592,0.5359678552052628,-0.88463020232990508,-5.0026614246773411,-0.49099382662247132,1.03683627626,0.208908670641,1.4369396543586058e-05,0,7.1846982717930289e-06,13,1,1,1,0,0
13,0,3.1672391757354128,-3.3908900019106785,-0.6434288429607653,-3.5531245904639497,-4.3126060355326956,6.2600269452325845,4.90683515511,0.198694724905,3.6103203208089817e-05,0.004075754749290038,0.00014032424408274603,48,1,1,1,1,0
14,0,1.7714276524802115,0.60461676926228602,1.4237505149868865,-4.8842022594309604,1.6795242185228161,1.1372996897627186,0.0104641795403,0.478965134136,6.9881660604544947e-05,0,3.4940830302272474e-05,15,1,1,1,0,0
15,0,1.151210193168714,3.1753904359521972,2.1188398169222911,6.2276264785858402,-5.3622021599390992,-2.3272043194013974,4.8249936565,0.081642083555,2.5310969814931602e-05,0.00098854725939744015,4.2311902689389005e-05,27,1,1,1,1,0
16,0,6.2831853071795862,2.6468736357209695,-0.6809624166875865,2.6050154984244567,1.0994702647035954,-6.2831853071795862,445.396115334,39.3852865659,0.67090048417669779,0.015137999999999999,0.33590438208834889,60,0,0,0,1,3
17,0,0.062359366404444429,1.4459746724975764,2.2971229512161671,6.2831853071795862,1.4648607481331675,-2.2230777451236747,12.868216422,1.44133586488,0.00079841817097095762,0.0075689999999999993,0.00062627908548547882,60,1,0,0,1,2
18,0,6.0158148388992796,-2.5169103417683911,-2.774645362072528,5.1953482789183489,-4.6775666774098923,-1.4829056897653206,0.405157438136,0.0763099273006,1.9380022330728883e-06,0,9.6900111653644416e-07,21,1,1,1,0,0
19,0,-0.98485577935593183,-5.907826862167882,-2.3050086036988464,6.0332432158904767,-4.8186390162618773,-6.2390557055146978,4.83703232922,0.0381948969851,2.3841272924241544e-05,0.0018378710534111356,6.7056768064454841e-05,30,1,1,1,1,0
20,0,-2.6004190252693276,5.9105350423781244,-3.1415926535897931,-4.4522757603009993,-2.9369735396473597,2.369058995397662,98.8759543947,1.81307747128,0.010777807945326484,0.0075689999999999993,0.0056159739726632423,60,0,0,0,1,3
21,0,-4.4101544270310038,-0.72356852692898388,-2.8904081316872907,-3.2009278402335704,-4.4218264163718377,-2.2006248974305453,0.0141540902602,0.787590430643,0.00018895398569873754,0,9.4476992849368768e-05,29,1,1,1,0,0
22,0,-4.036295758893222,3.0618435237892512,-2.812320809832058,6.2831853071795862,-2.8051589217340784,0.5789050959057076,135.258412582,54.7673659795,0.93198393723328099,0.0075689999999999993,0.46621903861664049,60,0,0,0,1,3
23,0,6.2086409407434173,5.8707723786070476,-2.5384235693383452,6.0818302960726571,1.3179691100640385,-6.0214767889763534,152.439309394,12.1465293244,0.06818044112417318,0.0001551428074764355,0.03409487484631088,60,0,0,0,1,3
24,0,-0.23445977557177997,-4.4510355129848334,0.68271114152854295,-1.6327232144313462,-2.5859327714796083,1.133623979896941,2.45216266262,0.310667946044,3.5413121831313987e-05,0,1.7706560915656993e-05,22,1,1,1,0,0
25,0,5.8447028444878173,5.7865449746488249,-1.3558278893324041,6.2385589276775706,1.2234108493267488,5.134959441770893,4.87470399603,0.100376885571,2.6831917697538655e-05,0.0017955237141071994,6.7281670271985303e-05,21,1,1,1,1,0
26,0,-0.37612632199344032,3.4423231716840013,-1.8758010553914692,1.5958219051904499,-5.2418259631059207,4.5665708740522186,1.26617637854,0.551322267266,9.4193568904390147e-05,0,4.7096784452195074e-05,26,1,1,1,0,0
27,0,6.165323249286085,4.2651679917764724,3.1345915646947256,-0.98346638146643994,5.0663461686294653,0.44337283475857064,125.927017501,24.3079434531,0.19584877127667422,0.0063998257779748812,0.098116380411676349,60,0,0,0,1,3
28,0,5.0768121415368013,-5.9071921083462708,-1.9281711251291624,1.2582097002227162,2.0121817359766343,0.53912945414911084,0.105977411986,0.322898644196,3.1771720045757805e-05,0,1.5885860022878902e-05,45,1,1,1,0,0
29,0,0.29014165210347698,5.0164240301986238,2.8749521438123065,-2.3204189373995692,-6.2805522724686789,-4.0108375695710174,4.61466289299,0.994671374875,0.00032267479871126467,0.0071177848320909598,0.00037487094431836116,19,1,1,1,1,0
30,0,2.1913963713220461,-3.7978942906918616,-3.1214594217275757,3.7516033469358203,-1.5094042985706075,-1.6262044219298835,1004.30571161,45.198751139,1.6309411457584966,0.0044711646811919801,0.81560470781968408,60,0,0,0,1,3
31,0,5.8212484290317024,4.9683140920143272,-1.0960520706213606,-2.1188724065068638,-1.7366685452259849,-3.953533043937314,0.622449622079,0.0173015961501,4.7862930341298114e-07,0,2.3931465170649057e-07,18,1,1,1,0,0
32,0,-2.5904888784483964,-0.77045976117595116,-0.28724789813342388,1.3124778230540062,-3.049477813144589,4.3483152199852153,141.521209738,0.293837904795,0.020054553691288207,0,0.010027276845644103,60,0,0,0,0,3
33,0,3.492849704175824,1.3447684649999785,1.9893405361416936,2.8608071939515516,0.68894188961272829,6.2831853071795862,1.22358107685,0.540162466452,9.0377047622196977e-05,0.0075689999999999993,0.00027225852381109849,13,1,1,1,1,0
34,0,2.4649293178097489,0.75867418955908617,2.2001665541353121,4.9058232674429219,-2.0570205004821229,-0.80011127431292228,0.442506227841,0.366011976712,4.1003813456906578e-05,0,2.0501906728453289e-05,24,1,1,1,0,0
35,0,6.0877085793224985,6.1934192888064281,1.6610269578534651,-1.3474011811191127,-0.17213536699985313,1.6061684931140998,0.0844694384595,0.637964181891,0.00012398590629023989,0,6.1992953145119945e-05,32,1,1,1,0,0
36,0,0.20887890172843623,-0.59001176075877115,2.453119493112085,0.95863527274894866,1.6850015001650436,5.4595571558934628,0.0429785288157,0.808871972878,0.00019930506481252003,0,9.9652532406260016e-05,10,1,1,1,0,0
37,0,-0.11841400570219821,-5.3821684703639852,-1.5095070961417956,0.65516617128497701,5.3754776859152615,-6.1299800680284191,0.0954212176406,0.933338369428,0.00026536758785083514,0,0.00013268379392541757,11,1,1,1,0,0
38,0,1.2105111277710698,1.2829485814878445,2.4350781615909689,-6.2831853071795862,-1.3512348948516184,6.2831853071795862,98.5701388817,34.6317028312,0.37506044935066235,0.015137999999999999,0.18798436467533117,60,0,0,0,1,3
39,0,-6.2516367249763585,-3.7978806800286526,0.95352693757602902,0.64596143865670319,-4.3787937544588669,-6.2831853071795862,27.9765204119,14.1074319823,0.061407534045246744,0.010643859735672188,0.031023082814693539,60,0,0,0,1,3
40,0,0.14222929560084202,-5.1820431413160284,-0.088561634655494437,1.3381012730060522,-1.3473763735874473,2.8358146007935341,158.268495416,0.0345751209052,0.025049280792630944,0,0.012524640396315472,60,0,0,0,0,3
41,0,5.4219204075939791,1.8483158787148377,-3.1284540996182093,-5.9331853071795866,1.8261232112392769,5.9466489970028391,87.2562365052,1.59776918557,0.0083912983758448797,0.0054555132094086366,0.0043593145842046989,60,0,0,0,1,3
42,0,0.24733755418526973,1.1920762619116752,-1.7688672955263087,-6.2831853071795862,-3.4474849685198272,5.2651145210120127,48.2546405963,23.9432149707,0.17695883635037848,0.0075689999999999993,0.088706488175189238,60,0,0,0,1,3
43,0,-0.71604659862037023,-3.2978205566582073,-1.863397494932987,-1.5175514783202066,-4.3503541450370671,-0.34588615148857516,2.67426561561,0.802168158218,0.0002031650112447236,0,0.0001015825056223618,45,1,1,1,0,0
44,0,-6.2138056684752572,-4.4945000003393734,2.5056360124839672,-5.5550256923215278,2.4587557545436907,4.1480882554077541,0.877531608898,0.234598195644,1.7535081506899629e-05,0.00031047713218997823,1.8081854719149161e-05,18,1,1,1,1,0
45,0,-5.4542202392270873,5.9771311631618538,-3.0957324307642975,-1.8594573918964605,4.3693647105153932,0.77554928504930043,117.849808009,2.71854163135,0.016139842724074718,0.0016924812659678708,0.0081206958000163958,60,0,0,0,1,3
46,0,0.11827149943413098,-1.5750983986058016,2.260852506412685,6.2286778969771337,4.1336213459234745,1.4035798710583913,4.88134299747,0.110471576179,2.754505105055604e-05,0.0010557683917516852,4.5445577277828576e-05,55,1,1,1,1,0
47,0,1.8057521961710692,-2.012627801893105,-0.84492157429646808,2.7045915759890224,0.44093225742100051,0.55537281236431868,0.0336269229929,0.585809024396,0.00010453736485592769,0,5.2268682427963844e-05,17,1,1,1,0,0
48,0,5.3809253465868467,-1.7484802775120909,-1.874537144121097,-6.2831853071795862,-2.3073727701702729,-3.1702534971387868,125.319894104,51.7388322517,0.83113750694315736,0.0075689999999999993,0.41579582347157867,60,0,0,0,1,3
49,0,1.3743688654052859,-3.3251624796029513,1.194095768769927,3.137531419579231,-1.4282945735356478,-5.1299682079046169,0.0664669303861,0.380467284182,4.4099420390106053e-05,0,2.2049710195053027e-05,23,1,1,1,0,0
50,0,6.0612696910504544,4.9353129731653782,-1.5879675626496941,3.442303135648157,-1.8691361390673349,-4.8485555984996251,0.308087134061,0.584924291773,0.00010431563332212584,0,5.2157816661062921e-05,7,1,1,1,0,0
51,0,5.052819460121893,3.3836271633559503,-1.2176333205076166,-6.1453815046524722,-0.13623182856742053,-3.3974087547124254,2.44247836728,0.180443672614,1.5884019084753169e-05,0,7.9420095423765845e-06,38,1,1,1,0,0
52,0,1.7527531197930308,5.9569415716153982,-3.1415926535897931,-3.8585604259787494,1.8445029521975707,1.8212899764594306,70.8482420951,0.467210949271,0.0050859671477302085,0.0075689999999999993,0.0027700535738651041,60,0,0,0,1,3
53,0,-3.8716609889148019,1.7522549966982572,-3.1415926535897931,1.7140087279562017,5.751625219061185,1.3799352912006424,308.660877464,50.6259874839,0.87600312344226661,0.0075689999999999993,0.4382286317211333,60,0,0,0,1,3
54,0,0.80995699268164645,-2.9114720835059757,-1.7135765135804502,-0.72453936486624049,4.2913327178963554,6.2623286990437528,4.91953331619,0.226063313578,3.976916606450769e-05,0.0043749482872966925,0.00015113303165115462,32,1,1,1,1,0
55,0,-2.4129657923536407,2.2966792348684031,-0.21534051630668966,-4.2772458945229825,-0.72982689354927799,-3.3832502935856397,103.707809509,0.00155054475404,0.010755310485522524,0,0.0053776552427612619,60,0,0,0,0,3
56,0,-4.4050398761263212,-4.3751731888670662,-1.1909166694227051,4.0134862761907755,-4.5806418302739731,-2.7363927775842991,0.903276165303,0.455362002753,6.3979716914637131e-05,0,3.1989858457318565e-05,50,1,1,1,0,0
57,0,2.8127140144810401,6.2831853071795862,1.2706967349401774,-4.828318944027103,2.8692610709281507,2.9919057318732389,394.656566278,19.9895086315,0.27747297260590198,0.0075689999999999993,0.13896355630295099,60,0,0,0,1,3
58,0,-6.0821625450792443,4.6074771290640797,-1.9964696711244825,-4.9128877463365592,5.0893065312176491,-2.4563614100808526,0.0241483494184,0.81582661315,0.00020274573218915186,0,0.00010137286609457593,7,1,1,1,0,0
59,0,3.3462103789235602,-3.8365451578040997,-0.011310608053337862,-6.2831853071795862,4.6282671406997515,3.9289042912746308,104.396632949,10.2922135921,0.043166676869576093,0.0075689999999999993,0.021810408434788046,60,0,0,0,1,3
60,0,3.6205661113647793,5.9608652080172835,-3.1415926535897931,-3.8526263413963444,0.78128944807242096,-1.0935475082401906,861.897906745,38.1428912124,1.1860498390572678,0.0075689999999999993,0.59325198952863389,60,0,0,0,1,3
61,0,5.204321046663904,2.4954946141945045,-2.3815691445333385,-3.6001397034987281,4.1522674271185833,3.176056565102626,107.621315955,12.926826408,0.062484783907469893,0,0.031242391953734946,60,0,0,0,0,3
62,0,-5.5755455506118787,-0.79974292337573805,1.0596975432740041,6.2497363748398982,4.619429834861303,-5.8836089455287617,6.56170389969,0.16649279056,5.1499907040441131e-05,0.0028677168475593085,0.00011178145894699982,60,1,1,0,1,1
63,0,3.3296711489891271,-3.7729218478709425,1.2163230761768644,1.9487776578814753,-5.293549878428224,1.0198822626950586,0.0891825593487,0.00637766769124,2.0343734357420595e-08,0,1.0171867178710297e-08,19,1,1,1,0,0
64,0,-6.0513540585548427,6.2831853071795862,0.84511160292492526,-6.2831853071795862,-3.0118759894592011,-2.7860909976307879,549.838737389,4.74193006936,0.30917223421155982,0.015137999999999999,0.1550402571057799,60,0,0,0,1,3
65,0,3.2232551276679673,0.37914136835362527,0.67718709434448754,6.2193842596947571,5.2419879512300254,5.3528347926258224,4.67003285618,0.0713688524044,2.3360779694011866e-05,0.00053819139780115046,2.7826131781040447e-05,43,1,1,1,1,0
66,0,4.6410931548617427,-2.0119845078830099,1.6755432404288892,6.2831853071795862,-1.4107371108937354,3.5714371059341428,98.8333653569,36.1097350354,0.40696263692696055,0.0075689999999999993,0.20370838846348027,60,0,0,0,1,3
67,0,-0.91869249119727758,-5.6879586122094103,2.808526844896809,-0.26172859478108812,-3.8606239317873112,-0.20398684023464655,83.3207835491,0.00274024241567,0.0069423552585866485,0,0.0034711776292933243,60,0,0,0,0,3
68,0,0.54880925910512435,1.9540357884199853,-2.7110923127846687,4.7151479241852057,1.5723937961409016,4.10447781407417,4.26870491181,0.474841701028,8.6905345003692426e-05,0,4.3452672501846213e-05,16,1,1,1,0,0
69,0,-4.6323988778908136,-1.6992722700596778,1.1666542469092209,-4.3676036480700793,-6.2831853071795862,6.0065351807749057,361.211801558,23.3696875453,0.29683842261875537,0.0075689999999999993,0.14864628130937768,60,0,0,0,1,3
70,0,-5.4144663184418222,4.1382224226362316,1.8821883858112223,1.0246876031249736,-0.28959573626567753,6.2831853071795862,108.575500507,21.6428476099,0.15447535388442099,0.0075689999999999993,0.077464746942210491,60,0,0,0,1,3
71,0,1.6934481032429953,0.22192167938431054,-2.5590461027015725,5.4289945215958868,0.95755776389491443,3.1183638569273842,0.406205030918,0.496207184575,7.5168381883763838e-05,0,3.7584190941881919e-05,13,1,1,1,0,0
72,0,1.2236417262220765,0.60892351999861671,2.3998702202421205,-6.1015828632626654,4.9242724089643017,3.6982631490976079,183.063118441,6.15393027921,0.045048228346303842,0,0.022524114173151921,60,0,0,0,0,3
73,0,4.0572631174418463,-3.0608373485990001,2.3397937084562175,2.7843859959146071,0.345986946038357,-3.8216872895240659,0.541949139125,0.859273139034,0.00022520808052043512,0,0.00011260404026021756,15,1,1,1,0,0
74,0,-2.4986619071821994,6.2831853071795862,-3.1036988856924639,-0.44693228778531613,1.7809165312692161,-4.1529793194767848,70.7352455511,19.9407101105,0.12612908436977588,0.0099804220313213718,0.063363954845827575,60,0,0,0,1,3
75,0,-1.1615731071520092,-4.43121177102348,3.0896644822170622,-5.0980430332354318,-4.2581796871418067,0.80796428819408372,358.749227456,2.30102082586,0.13031386509067952,0.0012300331632605342,0.06519383354023757,60,0,0,0,1,3
76,0,-0.68070021009113346,-4.7815227098973727,1.8740266671153996,-1.810404914066575,-0.98759157262233666,-2.2916860727878774,0.0011441844369,0.41672405411,5.289953870436952e-05,0,2.644976935218476e-05,24,1,1,1,0,0
77,0,4.6228849002069943,5.9600584057156558,-3.1415926535897931,3.617219081569103,-4.5785998388533189,-2.2441646418827323,961.148386532,0.890747650709,0.9240479139519493,0.0075689999999999993,0.46225102697597464,60,0,0,0,1,3
78,0,-0.068829437235383636,3.5875723478240706,-2.473446817897587,1.813417605708072,3.200756291137977,-3.0898322740340021,0.225431659641,0.0839599035125,2.1981484700491758e-06,0,1.0990742350245879e-06,9,1,1,1,0,0
79,0,-3.7758106070288378,2.4234189505063077,-1.1702399448244509,-3.0655581975612169,1.9219572485182348,1.6028781133616574,2.10421331329,0.353905793241,4.2580835459280319e-05,0,2.1290417729640159e-05,38,1,1,1,0,0
80,0,-2.2536057942874175,-2.6043001096743619,2.3948230938590247,5.0026429749905086,-4.7705624641454287,6.2721733817764003,4.8256378451,0.0556142320875,2.4228944870590964e-05,0.0057741874809309739,0.00018534009686322467,51,1,1,1,1,0
81,0,2.8680089312591717,2.9304091941425359,-0.20842427738632954,-0.32360706957633545,-1.1824553052437019,-6.2831853071795862,95.7382317764,54.4652616431,0.91280263970095832,0.0075689999999999993,0.45662838985047915,60,0,0,0,1,3
82,0,-1.3352705665720668,-3.088943984063163,0.0095706669756509544,-4.7431066629444665,2.7258574257814758,-6.2048888813463794,234.321319829,0.464399235687,0.054972176745123932,7.5752203276869149e-05,0.027488360938660271,60,0,0,0,1,3
83,0,-4.9550477538685636,-0.93419620953228755,1.7481003013993945,-2.6316321649767587,-4.0632828402509533,-3.3603165285445038,0.00882276571248,0.130335994409,5.1747575594913273e-06,0,2.5873787797456636e-06,10,1,1,1,0,0
84,0,-2.1006703790323109,-0.18918085770456788,-0.050107012568738063,-1.9970146457026308,-5.001151340740309,-5.8251207701419112,21.9171482435,4.25880464488e-05,0.00048036138768187218,0,0.00024018069384093609,60,1,0,0,0,2
85,0,5.0084341988180698,-0.61536082511807222,2.6295571950491512,0.12367085842908621,4.2493438214694512,-2.9484999050393363,0.365562619179,0.292156920746,2.6134458873131693e-05,0,1.3067229436565846e-05,9,1,1,1,0,0
86,0,3.3105044321711148,4.1831619806239937,-0.7421313301218454,4.1156112863181908,-1.6508109827359123,4.4392168069533691,0.372443761193,1.47527902556e-05,1.387144215501309e-07,0,6.9357210775065452e-08,38,1,1,1,0,0
87,0,1.9039208147717104,0.47400308603873997,2.9268110933476201,2.4192380552617849,-6.1499851617162511,3.2940086351879954,362.804673525,4.21013008309,0.13702663439411392,0,0.068513317197056958,60,0,0,0,0,3
88,0,6.2831853071795862,-4.6580797221697159,0.33030711656547573,-3.6981171450287937,1.338103564206808,-6.2831853071795862,197.104390313,49.1407567742,0.77444454341699109,0.015137999999999999,0.38767641170849554,60,0,0,0,1,3
89,0,-2.8310742727199338,-2.9418222763525099,0.042990703099053507,2.422629984513005,3.9556095460979259,6.257647222298429,89.8284155505,0.0512118130686,0.0080699431451263862,0.0037775670100758272,0.0041482985828654676,60,0,0,0,1,3
90,0,6.2831853071795862,-3.9064534434205536,1.3411960425448077,4.0566246004996902,-1.5470722830790262,6.2831853071795862,50.1419648078,28.7054413568,0.25351969049839423,0.015137999999999999,0.12721398524919711,60,0,0,0,1,3
91,0,-0.78741606139442688,-6.0489686656287285,-0.15414455103742464,-4.2367420003051004,-0.58750527207367642,2.3431438641659934,106.877677113,0.00591248158667,0.011422848513762502,0,0.0057114242568812512,60,0,0,0,0,3
92,0,0.53755642216445887,-6.2428499195095908,3.1212922920688673,-0.043699717412282957,3.3322481767779619,2.7715510961445848,1128.63044327,39.6511115339,1.7527294277888381,0.0066264278171488007,0.87656350672893357,60,0,0,0,1,3
93,0,5.7643747857840637,-3.7905733487618107,2.2719059567903543,5.0696710991020737,2.8932684926850687,3.367858618520398,1.19290766633,0.406905659955,5.1859209958151558e-05,0,2.5929604979075779e-05,57,1,1,1,0,0
94,0,-5.8462301633776166,-5.5273826045205334,2.873733039021785,-1.5912868136887162,-1.2688253249998656,-2.0225949895606008,0.336231206202,0.0352097909741,4.9069458912737086e-07,0,2.4534729456368543e-07,13,1,1,1,0,0
95,0,-3.0339134223719211,-3.4248900935934392,0.8907503065579655,3.8920830072446804,3.6352908136043354,0.42020453110870792,0.0136057706741,0.813487388941,0.00020158433642222156,0,0.00010079216821111078,12,1,1,1,0,0
96,0,4.8809259676143668,-1.9907821567529127,-2.3005934645333879,1.9910870830539384,2.371245730645855,-0.60382108027434656,0.081915721872,0.388297954439,4.5935493472044348e-05,0,2.2967746736022174e-05,22,1,1,1,0,0
97,0,-5.1213725319316552,-1.9223840751036538,2.2690588468692416,-0.15552115104029207,4.6464397724989004,5.8855037300618669,0.00935850970702,0.195183364268,1.1604959031691263e-05,0,5.8024795158456314e-06,10,1,1,1,0,0
98,0,-4.2627930926907771,1.4319860372796318,-0.24571149086001254,2.8690423007462065,-4.7563216124611154,-3.1589537818564586,199.769261586,0.677494509757,0.040047576907843455,0,0.020023788453921727,60,0,0,0,0,3
99,0,-3.3673532120496774,-5.213755706799529,2.9076273497568876,-2.7872503619652274,-1.5147396506317081,5.3387454354563832,0.063798278382,0.387209043919,4.5675616972527598e-05,0,2.2837808486263799e-05,25,1,1,1,0,0
100,0,6.2114325410988478,-6.1174701165262722,1.485875103955828,5.2836063505180828,5.7940172995995649,-1.7540273536948321,1.41162697996,0.204004782037,1.467024360964337e-05,0.00023247814218868007,1.4309466070482085e-05,9,1,1,1,1,0
101,0,-2.7856975979202239,-2.8756591290598976,-0.62764416720480098,-1.8628677450718727,4.1077113218542811,3.3858689595237843,0.484056990437,0.0251031462594,4.262713055978855e-07,0,2.1313565279894275e-07,20,1,1,1,0,0
102,0,-2.235395559541355,-5.4691491027020911,-2.3747394173790735,-2.2185852389200109,-2.6185827773409649,-1.9982033621552362,0.198078526276,0.51217989369,7.9948987774672536e-05,0,3.9974493887336268e-05,16,1,1,1,0,0
103,0,-0.046368890890876771,-1.9614885365513577,-1.9599869919480262,2.3146256377700576,-4.7775261794112964,-6.2831853071795862,11.9949223973,15.086520715,0.069475749439534717,0.0075689999999999993,0.034964944719767362,60,0,0,0,1,3
104,0,6.0854299274690753,2.3499515403115003,1.1164921508744461,-1.6291722605509933,3.5549116495987101,2.2923344151620535,0.41015979938,0.0938409141879,2.8507277534053873e-06,0,1.4253638767026936e-06,16,1,1,1,0,0
105,0,5.000840647976176,0.029710955000200719,2.5737692495485582,1.5710650249755003,1.9176969857563442,5.7419205716365624,3.56034781402,0.614268793058,0.00012761619482598111,0,6.3808097412990553e-05,11,1,1,1,0,0
106,0,6.2831853071795862,-0.5237203263094975,-2.1203559369757596,5.7877062333217504,-4.0273190061964588,-1.750774814064807,838.867494088,48.6756315889,1.4254339375196401,0.0075689999999999993,0.71294403875982004,60,0,0,0,1,3
107,0,5.7009007501403088,1.6555130786520864,0.51359741071575948,-2.9607932688791863,-4.5591078538380074,-0.6444684643982791,0.337448012758,0.0546189667152,1.0226154510976119e-06,0,5.1130772554880593e-07,13,1,1,1,0,0
108,0,-1.0164006842950222,-2.2111121403421921,-1.1549956231931395,-6.2426980326004902,-2.8734950297055,-2.3482641162105335,5.61088399792,0.627254771346,0.00015133330080238747,0.0021634336260804026,0.00014056965918360581,60,1,1,0,1,1
109,0,2.9747537285402794,-4.2468565356896359,3.003790498896707,-1.1410576544772604,-0.0054137247308627835,-6.2831853071795862,99.6709491093,36.5114669023,0.41601588598964445,0.0075689999999999993,0.20823501299482222,60,0,0,0,1,3
110,0,0.47589995817099817,3.1247029112611862,0.022531246941637773,-4.0082180354638126,1.9974847739945689,3.9789961204377198,22.3068277596,6.77637080151e-05,0.00049759456609656705,0,0.00024879728304828352,60,1,0,0,0,2
111,0,2.8893894204717117,1.5428028483703005,-1.5539469726667854,-1.6371818573487393,-4.5484761697820266,0.83406956733957549,0.0353827942849,0.617015665844,0.00011597164169576471,0,5.7985820847882356e-05,25,1,1,1,0,0
112,0,1.2893014190721614,-3.1378488728633798,0.24250280756927184,0.34230785953121218,0.57578237524018383,4.1202005430122481,85.7753767045,0.528636244469,0.0074425424994419486,0,0.0037212712497209743,60,0,0,0,0,3
113,0,-3.0059113799931581,-4.8984410854627551,2.4773848486222927,-3.9453472845861914,-4.1216905367453069,-5.0302695647956952,0.0420374987036,0.223543973227,1.5224080817720487e-05,0,7.6120404088602435e-06,8,1,1,1,0,0
114,0,-1.3002392552567017,3.5631436301815773,1.8706033776475319,5.929893448590299,6.2774738575391726,-2.509946863129187,84.6607310758,0.503729874062,0.0072447341636754526,0.006607828419563015,0.0038206019344246165,60,0,0,0,1,3
115,0,-5.0068720606671366,6.2393120805401878,-3.1169684988262425,-3.1304664423051465,-3.6145772107940815,-5.2075872455233929,315.623982159,42.4814964189,0.64935471328203331,0.0057506646494581782,0.32484987658050041,60,0,0,0,1,3
116,0,0.15428948241185161,0.3995693205778445,-3.0638518189520076,-5.0082059605672784,1.8698980669444365,-2.0966025434739408,3.37760340439,0.0133083559968,1.1462156261169383e-05,8.5732143204833176e-05,8.3030424267296862e-06,41,1,1,1,1,0
117,0,2.3564428151398622,-4.551298556376703,2.987898405377758,-5.2971578921210645,0.18652498673554113,-4.5556679042094004,291.28920214,33.3712056425,0.42408274030196486,0,0.21204137015098243,60,0,0,0,0,3
118,0,4.4016366061005652,0.56801903573738077,-0.52561613645781491,4.1778733907569796,-5.1010963638193516,0.82880993733273145,0.059935765717,0.470753271127,6.7509445108907516e-05,0,3.3754722554453758e-05,24,1,1,1,0,0
119,0,1.0651396515833795,-3.4807195347805826,-2.8466312105774647,3.5267499037972723,-4.7282096902001296,-2.6841344350290517,62.1552078382,3.05202454792,0.0067007366041733326,0,0.0033503683020866663,60,0,0,0,0,3
120,0,-4.0962071802606186,-2.2249832573722013,-1.9550784146212177,-5.8370727439310492,4.3325135324272699,-6.2831853071795862,3.97243923299,0.442838922491,7.5517672003639504e-05,0.0075689999999999993,0.00026482883600181974,21,1,1,1,1,0
121,0,-4.8454177943322669,-1.6910135112809801,2.0408609630440968,3.2985798921858325,-4.969771583025989,-6.2831853071795862,5.5540921034,56.6074091312,0.9761465327800356,0.0075689999999999993,0.4883003363900178,60,0,0,0,1,3
122,0,-3.655063157014641,6.2511324856617199,-2.4222932191639859,-4.9124245751553959,1.4530118622145691,2.147983501374088,4.75625261502,0.0292458014204,2.2882483365312235e-05,0.0030191924231474485,0.00010201701437707957,23,1,1,1,1,0
123,0,-4.0127932222087308,0.56223098774058078,-2.4476734465916477,0.48337840647356434,-4.0492723808437692,-4.2427995125744333,0.797858258726,0.608726703678,0.00011351201432177992,0,5.675600716088996e-05,19,1,1,1,0,0
124,0,-0.75431035279564984,5.7688187213635294,-3.0751456694330264,3.6352444459702191,-4.5517819480122101,-1.2059903681434359,128.036435759,0.963823068712,0.016676304728897369,0.00042242646025219659,0.0083508251582562511,60,0,0,0,1,3
125,0,-4.5663484564881056,2.3788470223325877,0.72816411821125182,5.5058437524510264,1.3104563921226906,2.4775455135465703,6.79919569431,47.3910863881,0.68419108245485893,0,0.34209554122742947,60,0,0,0,0,3
126,0,-6.259896285585639,6.2831853071795862,1.8203517863725369,0.4722165815217309,-2.7846801752044783,6.2831853071795862,788.126077505,42.0084362508,1.1587037298577429,0.019197088769456524,0.57992777759195513,60,0,0,0,1,3
127,0,3.1969417511838532,3.284695204720689,1.1135192607213913,2.7285918060545686,4.1911404138951998,5.3867559675661481,0.0053497565694,0.597762466088,0.00010884591465950415,0,5.4422957329752074e-05,10,1,1,1,0,0
128,0,3.6164499693881238,-4.226256350787911,3.1415926535897931,-5.4313467960746165,1.9729123581746051,5.2481136958526511,499.753027727,51.5119310074,1.058049026158987,0.0075689999999999993,0.52925158307949349,60,0,0,0,1,3
129,0,-5.8503406420865112,-1.1381056131599219,2.5843822739300077,3.2099209045170425,-0.53553817400650361,3.2881070204555565,2.55721240885,0.839001402192,0.00022096665078591798,0,0.00011048332539295899,52,1,1,1,0,0
130,0,0.56841205125750283,-6.2831853071795862,-2.1313373003727727,-1.2685173000822951,-3.1273504526930354,-5.7493458911039177,368.480876176,0.213332184033,0.13579201943555774,0.0075689999999999993,0.068123079717778867,60,0,0,0,1,3
131,0,-4.6152985900142589,-2.7363216314923333,-0.8374080702111989,-1.0259385935645644,-2.2074654908804519,-0.87514615659907857,0.0272347791811,0.485439278897,7.1784230727385944e-05,0,3.5892115363692972e-05,42,1,1,1,0,0
132,0,-6.2831853071795862,-3.2956583724975062,-1.4037987119706445,6.2831853071795862,4.3448418567454397,3.2215088252989643,85.8254480527,9.9995575268,0.037825053870879359,0.015137999999999999,0.019366666935439678,60,0,0,0,1,3
133,0,3.2117169851735428,-6.1007248988530307,-2.9099839616152829,4.0450243057669857,-3.1305732950409393,-3.1762259856451096,241.21429251,36.2580778236,0.45864907979483505,0,0.22932453989741752,60,0,0,0,0,3
134,0,1.8734568632082278,-3.1321709367383703,1.4779137756395344,-5.7380996769869359,-3.816613919257696,-3.3497387881913605,2.52480223244,0.201640613046,1.8760046741267883e-05,0,9.3800233706339413e-06,15,1,1,1,0,0
135,0,-2.7581043809901242,1.2168424869452481,-2.0805457521192015,1.1909273581906363,-1.7811320989741313,3.8976473378778964,0.162928134693,0.0457700524761,6.6468791028318222e-07,0,3.3234395514159111e-07,16,1,1,1,0,0
136,0,-1.2497950559762905,4.2696987606850723,2.588815751753303,4.4155104334006499,-4.0256312346291265,-6.0859556116933158,2.38762836425,0.405141088878,5.5700459835210205e-05,0,2.7850229917605102e-05,10,1,1,1,0,0
137,0,-5.4960497430931072,1.1421012856306709,-2.5677899580598753,2.3107139371835048,5.0445985457958082,0.30306438876310693,0.0490291292911,0.229027454279,1.5980676473743249e-05,0,7.9903382368716246e-06,23,1,1,1,0,0
138,0,1.1430324200882804,2.6194325223214534,-2.933248775018618,-2.7801152760961321,5.0529282307310206,-0.0070571479798056912,283.687071297,8.41119060475,0.10202946644104516,0,0.051014733220522579,60,0,0,0,0,3
139,0,-2.2155423958586433,-3.5198777900191214,2.7800008430666021,-6.1676382448737028,1.4649708906831296,-4.4305392603480023,0.206424645701,0.852736186504,0.00022154791063864871,0,0.00011077395531932436,29,1,1,1,0,0
140,0,-3.4650325215524473,0.93447938399882369,-1.3251950775406955,5.8623742250253574,1.0113661770031739,-5.562290550138755,0.0260210069727,0.840459545028,0.00021517396833082287,0,0.00010758698416541143,32,1,1,1,0,0
141,0,-1.6512785525101608,-1.9963989074950739,-2.6831630424221449,4.4058171349995066,0.58719427935508695,1.7331862455625204,0.466321536755,0.283491622189,2.4698796215115107e-05,0,1.2349398107557553e-05,6,1,1,1,0,0
142,0,0.75084159532401862,-2.4628776799828525,2.8745708775180283,-4.729392658509461,-0.11039318858573854,-5.9331853071795866,76.5796690664,15.9004749238,0.082879376187256701,0,0.04143968809362835,60,0,0,0,0,3
143,0,4.3454852093130292,-3.9459497657343365,1.1739158666412031,0.60207225646029683,1.5995181881235889,6.2793193181084135,4.92096795394,0.317654717875,5.4953200066361888e-05,0.0069112637731143676,0.00023481451322661194,25,1,1,1,1,0
144,0,3.0193015657793074,6.2047019993960824,1.1330462165190662,-6.027089186935684,-0.21543484525025089,4.4750575647013928,2.3886584462,0.540708767211,9.4765456873379357e-05,7.2534046310525571e-05,4.9558749826005447e-05,20,1,1,1,1,0
145,0,1.8373518860363718,-1.3510989383756342,2.058981836081804,0.52747169663562876,-1.7548842545854881,5.0679026308493169,0.70121070238,0.613690784232,0.00011521560596339895,0,5.7607802981699476e-05,7,1,1,1,0,0
146,0,-1.6241834281996312,-0.28346122138519692,-2.751653932557462,-2.8663590641193504,4.6239923094117312,4.0254936630718294,166.14110258,11.3746402773,0.067015011443326153,0,0.033507505721663076,60,0,0,0,0,3
147,0,-6.2389153657604011,-4.6064479907050471,0.13634217702327103,6.2648714251028697,3.7000314616014665,0.27916017089891332,2.99889014503,0.00289426895544,8.9958938189338682e-06,0.0065436407016910619,0.00020080716796019879,48,1,1,1,1,0
148,0,-1.3903181729810956,5.5689300635891783,-2.8154044730855166,5.6512041543703662,-3.224561613371185,-4.2305554639815766,143.61255932,54.5747424844,0.92789785708078276,0,0.46394892854039138,60,0,0,0,0,3
149,0,-6.2831822311915593,-3.8263138686939921,2.0688846729923847,-3.4113809300712266,-1.1829825481796066,2.8219609257123417,7.63035971989,0.0157850433813,5.8298290244722675e-05,0.0075684647875450105,0.00025620308874871165,60,1,1,0,1,1
150,0,-3.6013667971686187,3.4473891668547569,1.5632505333244813,-3.5528708683248342,5.8451244952439874,-1.945789958514232,0.0182379829879,0.173433694503,9.1629950481142241e-06,0,4.5814975240571121e-06,52,1,1,1,0,0
151,0,2.3335325846541752,-0.20301321439609732,2.2121263899416514,-0.4516152064025914,-1.0061860166157948,4.9224565779922065,0.00662167389934,0.321960347096,3.1576218024991707e-05,0,1.5788109012495854e-05,13,1,1,1,0,0
152,0,4.8253825696389177,1.1742716308866556,-0.22006413737878977,-2.6891938966303539,-4.2379259939906859,0.84526519016314616,101.21527951,0.0142206833197,0.010244594408435156,0,0.0051222972042175782,60,0,0,0,0,3
153,0,6.2831853071795862,-3.6201560750344317,1.4108972875757149,-1.9040712705793432,-1.6655046982378277,-4.5715150373048141,25.2742331414,0.247163981311,0.00065739594931405485,0.0075689999999999993,0.00055576797465702737,60,1,0,0,1,2
154,0,-5.5660356901826527,1.2575061000725063,-1.1995527393521395,-5.1928822472605383,4.7711097602129717,0.47101171817609305,1.03560155217,0.110717821685,4.8066037315987675e-06,0,2.4033018657993838e-06,55,1,1,1,0,0
155,0,-3.8832767205866618,-6.1795539286781356,-1.5405383732253737,-4.8636679910431893,-0.76809524026210341,-6.2831853071795862,0.366147513058,0.375662786926,4.3122444805659019e-05,0.0075689999999999993,0.00024863122240282947,24,1,1,1,1,0
156,0,-1.3596772964441242,-2.6473587918832422,0.76056033889395658,-5.0703632509302947,-1.3705417906396646,2.2634842492484193,0.100152172634,0.0381466127288,4.5329877982258697e-07,0,2.2664938991129349e-07,12,1,1,1,0,0
157,0,-1.4969046587315906,-3.9514827344289136,-0.045944113836467848,2.9712619352327847,1.3046233089675559,6.230462908269832,199.488866032,2.10448244134,0.04114491141719083,0.0011749539365020145,0.020607704326690474,60,0,0,0,1,3
158,0,0.81056399184827665,3.9889429711007085,-1.3057538743015504,-0.14324126314471236,-1.6173839253736524,0.2553296683165252,3.64553818755,0.946201710211,0.00028601321680476018,0,0.00014300660840238009,24,1,1,1,0,0
159,0,-3.8534195599640095,6.1872161883443804,2.716186444054018,-6.2831853071795862,-3.0662573654163787,-1.6496492905002902,196.942246063,13.2469192309,0.092240777854626602,0.0075689999999999993,0.046347458927313304,60,0,0,0,1,3
160,0,-4.777386787337087,1.6086335013491273,2.4503800130891773,6.2831853071795862,-6.2455579083889825,2.1068470656217233,189.02454601,55.2631843016,0.96603783098967011,0.010006653750182077,0.48331911510734049,60,0,0,0,1,3
161,0,1.8343200410522058,-5.5485302214420873,1.3385681436836123,4.1740847283173803,5.6014584311603519,-1.4694408684104974,0.146719969629,0.0450656014263,6.4017683583976706e-07,0,3.2008841791988353e-07,13,1,1,1,0,0
162,0,4.7195644083347057,0.77531703489207415,3.1415926535897931,0.39767053546466868,6.2831853071795862,-0.68351430125071677,351.058479847,56.1727790326,1.0844261066917602,0.015137999999999999,0.54266719334588009,60,0,0,0,1,3
163,0,0.44271977325523493,3.3503715651153745,-2.7130765184956291,1.799191961313745,5.510441943237276,-3.081049829759019,0.0108035357425,0.898672558627,0.00024601291233163948,0,0.00012300645616581974,14,1,1,1,0,0
164,0,-1.6825860208132564,0.35692402386557476,-2.1547011970714935,3.1063819952265286,5.080827917550117,-0.83269328501134121,0.0218637011723,0.998645969633,0.00030379353381954457,0,0.00015189676690977228,11,1,1,1,0,0
165,0,-6.2831853071795862,6.1910479406338128,-3.1415926535897931,2.9476896542696602,-1.4589757932120428,1.0585667855479035,377.822495889,34.0435244915,0.49578971837926283,0.015137999999999999,0.24834899918963141,60,0,0,0,1,3
166,0,-3.8626361926436967,2.0722009937875279,-3.0903508147874583,6.2831853071795862,6.1623286222368474,-6.2831853071795862,94.075108386,13.9018004094,0.067720505205061232,0.016416646092238207,0.034352751985297761,60,0,0,0,1,3
167,0,-6.2831853071795862,-4.5130354953697767,-0.5584554344576993,2.9254847926687839,-6.1421217870326554,6.2831853071795862,348.076037244,3.12044922722,0.12412304947320031,0.015137999999999999,0.062515664736600154,60,0,0,0,1,3
168,0,5.5048797560319827,-2.8811384113064062,-2.6608962158591485,1.4114208462557964,-2.1936444063758693,3.2034580530604568,0.0139095372809,0.430025731161,5.6330695412874317e-05,0,2.8165347706437158e-05,29,1,1,1,0,0
169,0,-6.2831853071795862,0.5163443027131418,2.5861834224742366,-6.2580467856407758,1.3605522842257227,2.862318922361466,456.422494719,30.4637167001,0.49101804542683808,0.011395842517404215,0.24585089798894116,60,0,0,0,1,3
170,0,5.8564941268215085,-1.2458196006135773,-2.0748385073071556,2.1229112871762652,2.4270119123990086,-6.2831853071795862,25.7274040619,50.5207397012,0.77815069025920491,0.0075689999999999993,0.38930241512960245,60,0,0,0,1,3
171,0,0.88932733758515181,0.4044435927004375,-0.55505140923850127,-5.1274086097118401,3.5025203610901214,-6.2251505421193309,4.44710303721,0.956135295663,0.00029825635722066944,0.00083898483511460743,0.00017429772366377294,37,1,1,1,1,0
172,0,3.4898755237124801,3.2548136491234883,0.19332774163645317,0.71903161124942661,-1.4126184010685996,-3.106432657821744,183.91293551,4.26938488476,0.039376426735619599,0,0.0196882133678098,60,0,0,0,0,3
173,0,-2.3501056889248093,-4.7326021281910684,-2.625135377342962,4.7150825361884383,-4.3860264138283904,4.7094085811752411,0.0043209608877,0.603604161327,0.00011098371515645419,0,5.5491857578227094e-05,10,1,1,1,0,0
174,0,1.6055671994873848,1.8929424142697182,0.0013660044004943916,0.094032708361575457,-1.7004943704325499,0.12936763469793988,116.730005585,0.0268655622516,0.01362611406400371,0,0.0068130570320018551,60,0,0,0,0,3
175,0,5.8904115860369473,2.4843796462380778,2.3007217953027395,-5.8765297007715693,1.879828058001062,5.1529993912009244,1.79985842169,0.330073049077,3.6427015312505287e-05,0,1.8213507656252644e-05,24,1,1,1,0,0
176,0,-1.376874067968282,-4.7977657685196826,3.0725347871037672,5.3726823247122644,-5.0685946310794776,1.0481929805251178,101.87973979,10.6746532196,0.045090094559282645,0.00032192015503327003,0.022554704884292322,60,0,0,0,1,3
177,0,0.66940972313318436,1.2879634300224456,-2.9109619139936505,-2.3421686685797449,-0.0058520237157490343,5.9331853071795866,25.1104562665,0.419042157168,0.00068402471472255098,0,0.00034201235736127549,60,1,0,0,0,2
178,0,4.2288826938281199,0.95381236250403456,0.42148556646636537,0.51692134522977318,5.0783420073549808,-2.486913502109005,2.12764004426,0.403535302179,5.4130978244759562e-05,0,2.7065489122379781e-05,20,1,1,1,0,0
179,0,0.30304112345161638,0.069267185171109941,1.3588084896593835,-3.8287722443306742,0.015835371186039893,5.9331853071795866,17.6823462181,56.9968340566,0.98990472353627057,0,0.49495236176813528,60,0,0,0,0,3
180,0,3.4247885153284514,-2.9126575636423278,-2.3843026900866664,-6.2831853071795862,3.1217244744399641,5.9365806150878058,92.1474864939,1.21966312698,0.0089443014828826679,0.0075689999999999993,0.0046992207414413342,60,0,0,0,1,3
181,0,-6.2831853071795862,-6.2831853071795862,2.1700921681794059,-4.6221086999346728,6.2831853071795862,4.6843090013778799,174.475986757,48.8443785106,0.75718998047984898,0.022706999999999998,0.37927620023992448,60,0,0,0,1,3
182,0,3.0182814108484273,-4.9074758238440666,1.7498671828595387,0.10934682991968149,5.6807670311760416,-2.5575512705498942,0.612859684829,0.342793473932,3.6170387560206435e-05,0,1.8085193780103218e-05,21,1,1,1,0,0
183,0,-6.190168108505171,6.1425663298540085,0.45442181200455334,-6.2831853071795862,4.6399813045265672,6.2309633178992732,192.276894436,0.170957358459,0.036979307009965538,0.008778510029618658,0.01875300880587133,60,0,0,0,1,3
184,0,4.0707084687687516,-5.0736787645700687,-1.215144221816632,3.5753681949392977,0.80938319725534302,-5.1907389029036324,0.0144445288878,0.717168161553,0.00015667413854098328,0,7.8337069270491638e-05,29,1,1,1,0,0
185,0,4.4256927437986144,1.1206992762188295,1.9533341368883299,-4.4016893539379032,2.0646964475233074,1.0474973952200377,0.953984927368,0.993178892745,0.00030138602393232363,0,0.00015069301196616181,60,1,1,1,0,0
186,0,2.4975265774259925,-1.0445095709437335,0.76752213118792356,6.2831853071795862,3.6085635165560555,-2.0794276870280703,14.0826603424,1.18498826329,0.0006260642454266128,0.0075689999999999993,0.00054010212271330641,60,1,0,0,1,2
187,0,-3.4571505270117937,2.4614847472030355,0.43172780598030441,-5.108680148910242,-3.2560416392501352,5.3451401843440003,34.1031387112,53.0925743408,0.85982514105029384,0,0.42991257052514692,60,0,0,0,0,3
188,0,-2.5453184947513909,6.1996275997738994,1.5020457903497884,0.48441147834527026,-0.86246823034038833,6.2831853071795862,11.0077869149,29.840771143,0.27137433938345396,0.007580849378304862,0.13591459517307614,60,0,0,0,1,3
189,0,2.8618202240084356,-4.7522837026409359,0.83404256441732627,2.1670685450124725,-3.9570204121164934,6.2831853071795862,26.2359099403,28.5578362223,0.24911906263288425,0.0075689999999999993,0.12478660131644212,60,0,0,0,1,3
190,0,-2.321821004732509,1.9647514612399206,-2.1479655674257949,0.64320059968969279,5.0192412165482443,3.6197108044099791,0.0218231505326,0.170015978329,8.8055746338373867e-06,0,4.4027873169186934e-06,47,1,1,1,0,0
191,0,-4.2704275985792668,4.3899127185679863,-1.7327712373402346,1.7042216911484678,-4.8109427824343145,-3.3929872174748223,0.332204235155,0.0904815788526,2.6042369157967355e-06,0,1.3021184578983677e-06,10,1,1,1,0,0
192,0,-0.56537470893365926,-3.0096208291273769,-1.64686080650845,-6.2370565017536279,-2.1831779075906295,-4.2660808781697126,4.75550950097,0.0224628320342,2.2768574112947273e-05,0.0016704545459091736,6.1497923433748844e-05,36,1,1,1,1,0
193,0,-2.3882741586970209,1.2736473347682524,2.5006766029057261,-0.55286278076738882,-2.5880200692866082,-0.1837842827791373,2.77234179949,0.0788694661962,9.5807190269254832e-06,0,4.7903595134627416e-06,12,1,1,1,0,0
194,0,3.0705778007548936,3.6876769984922273,-1.1834656887735264,2.4775443488150817,-5.150874787096301,1.4163515304012377,0.850582184886,0.0187945492913,8.3109161282520283e-07,0,4.1554580641260141e-07,24,1,1,1,0,0
195,0,-3.0781597828618597,1.986549544371093,-1.9993605002722425,1.4414550177192005,-5.6740529835151534,5.0338450073996581,0.126368153947,0.839024206905,0.00021445494115420773,0,0.00010722747057710386,29,1,1,1,0,0
196,0,3.3393373240847972,6.2831853071795862,-3.1415926535897931,-2.605798891452924,5.1986066484583668,3.9659453466348338,1068.74427014,22.5002143025,1.2964298213484613,0.015137999999999999,0.64866905067423064,60,0,0,0,1,3
197,0,-3.3100841871995099,-5.9376729600487188,-0.64402714176320752,-5.4376137562655096,-1.6291936255343227,4.658286647460514,0.0431939077988,0.663442249307,0.00013408093442401708,0,6.7040467212008538e-05,13,1,1,1,0,0
198,0,2.6777072876652102,1.0233228876506948,-1.1403226623987084,1.2778806565442697,-1.8360392217049619,-6.2592235084958592,4.96681650329,0.147342895968,3.1282488730709707e-05,0.0039738148251909555,0.00013485568912108352,51,1,1,1,1,0
199,0,1.620323140202955,6.022357250872445,2.9084916774178544,-4.2327686591234892,-4.6430286981638984,2.4639058348088247,0.909749077821,0.902890696044,0.0002491553002991429,0,0.00012457765014957145,17,1,1,1,0,0
200,0,2.4923093760450272,5.5121480938192304,-3.076462106987143,3.6873072859930489,4.5773309741113115,0.52230978196797739,79.4571431637,1.3503093408,0.0068688572990571323,0.00047827299189885604,0.0034487768392855319,60,0,0,0,1,3
201,0,-0.52180506881696354,-0.4364398770776261,2.5951302998624022,6.2831853071795862,-6.2135508928033172,3.7251519637753812,316.78142023,57.2749344486,1.0996229705472762,0.0078705635640551296,0.5500476021805597,60,0,0,0,1,3
202,0,-6.2001242827539302,2.2448407577218048,-1.0308696566658919,0.62079399904169619,4.4731501594314222,1.3748131695909982,1.64565433025,0.0575047244651,3.715485028383817e-06,1.5515528575278646e-05,2.3232083714502679e-06,19,1,1,1,1,0
203,0,-6.2831853071795862,-1.6361292367676916,1.7880581361047603,2.9985403753178774,1.3877093900221709,-6.2831853071795862,46.0369864803,3.56336383908,0.0059873026524207675,0.015137999999999999,0.0034477913262103838,60,0,0,0,1,3
204,0,-1.4268008312889247,-0.77532214685797074,1.1606746610323473,4.2211775804815899,-6.0337681692000329,-0.04941081377653242,0.108267776622,0.365553270904,4.0717502155905484e-05,0,2.0358751077952742e-05,12,1,1,1,0,0
205,0,-1.904189918866803,6.2831853071795862,-3.1415926535897931,6.0759554207101081,-4.2896154954726056,6.2377070194927562,622.390071513,14.65473053,0.45278938146656472,0.016862052593417647,0.22690055231108489,60,0,0,0,1,3
206,0,5.47473082060508,-2.1544330861535492,-1.2741904637824006,3.6667397359192924,5.7413166659716772,-3.5068341959064839,0.0375527826491,0.76233837537,0.00017703280853306896,0,8.8516404266534478e-05,41,1,1,1,0,0
207,0,-3.0857043982907588,-0.40162518545868042,-2.0834892283190727,-2.9938279638712295,6.1302195706778164,6.2831853071795862,21.4152833959,2.91300259364,0.00304347110007716,0.0075689999999999993,0.00174880555003858,60,1,0,0,1,2
208,0,-3.2258284053151018,6.2831853071795862,-0.084143571619578195,1.5015317244845698,-3.0911962895662337,5.1629728561398798,74.6902606974,0.0550893284335,0.0055795595063812421,0.0075689999999999993,0.0030168497531906208,60,0,0,0,1,3
209,0,4.3960814070892278,-1.9508300907948377,-1.1677627487221307,2.6266102299401766,-4.4985923941083694,-5.9038803121844774,0.0941706408006,0.033943709979,3.5984082143856998e-07,0,1.7992041071928499e-07,10,1,1,1,0,0
210,0,3.3893442140052481,3.9896090872182772,-0.86232780889650695,2.1231892093170006,-2.0319769932981036,3.4266251750330032,0.44691387761,1.66377781629e-05,1.9973209832361078e-07,0,9.986604916180539e-08,13,1,1,1,0,0
211,0,-0.85637498962604786,-4.5175029051915807,2.761868882302895,6.2831853071795862,6.2831853071795862,0.66911476504791345,476.290790468,16.4398364419,0.30918132559263134,0.015137999999999999,0.15504480279631566,60,0,0,0,1,3
212,0,2.2276351882020338,3.590857124664633,-2.3714175729496265,4.6823870523448905,-4.1213169906444902,-5.3941358738193541,0.0214701723158,0.687920255229,0.00014415586555156963,0,7.2077932775784816e-05,31,1,1,1,0,0
213,0,-2.5006205120081608,4.3231736106319376,-2.4452866833459184,2.7563087718536865,1.8232848944448472,1.8337571214735886,0.105425584964,0.712383134207,0.00015460132664531294,0,7.7300663322656468e-05,17,1,1,1,0,0
214,0,-4.4558422783299383,1.6362355880310568,-1.2511404064810974,6.2831853071795862,5.8937068003455861,-6.2831853071795862,206.183788433,39.2651652233,0.51215663634795561,0.015137999999999999,0.2565324581739778,60,0,0,0,1,3
215,0,-6.036990257133402,-2.6303501661912883,2.5943220653687362,4.7379614117976567,2.054847641146039,2.7320985135474261,0.0288136278963,0.745301478077,0.00016920797618492824,0,8.4603988092464121e-05,26,1,1,1,0,0
216,0,1.5527643368557742,-1.6084540010446577,3.0899064800032261,-1.3119002718435278,1.4797142495363518,1.3514742382497318,106.318428807,2.16567133006,0.012732304306759422,0.0012470663359580765,0.0064035641434584531,60,0,0,0,1,3
217,0,-4.9069257090755842,0.76000115990660078,-0.53161544968510721,0.57546199131389719,-1.6205149299370312,0.79323929998369669,0.0918394440221,0.00226276318505,9.9941542860413797e-09,0,4.9970771430206898e-09,18,1,1,1,0,0
218,0,-0.40837234787248394,-5.7390194816472002,-3.1188078923180687,-3.5602376278157761,5.6458523090420982,-2.9158138740144999,388.615004445,36.894604881,0.56567046909740248,0.0041235968849294173,0.28295894245524911,60,0,0,0,1,3
219,0,6.2831853071795862,4.0314332303495464,3.1187652540694075,-4.077614953724539,-3.991663727169279,4.7165362321692585,159.783623854,1.08129237262,0.025886963066335585,0.011687122652316206,0.013294095212737278,60,0,0,0,1,3
220,0,2.856614330981277,1.826122821804711,-2.6210863875506942,-1.9644248676320899,6.2831853071795862,-0.25187315996785559,296.83166018,56.9383811726,1.0756723887910282,0.0075689999999999993,0.53806326439551411,60,0,0,0,1,3
221,0,1.5356096659681491,2.2907183140205962,-3.0456518795120089,3.7924768508417923,1.712102158580425,4.801093956559332,405.675515708,24.5738766398,0.34852359425884705,0,0.17426179712942352,60,0,0,0,0,3
222,0,0.520944876840437,4.5570386701898151,-3.1415926535897931,4.8206024155753644,2.5185633739732989,4.1678080186508142,341.263433598,18.7576069533,0.22363970577484188,0.0075689999999999993,0.11204692288742094,60,0,0,0,1,3
223,0,-3.1813256874677998,-3.4923801623324944,-3.0853943977165401,6.2831853071795862,-3.5111839484318015,-0.63643036123398966,734.228258468,23.295344257,0.70439880409203193,0.0085177474412495915,0.35245493446925347,60,0,0,0,1,3
224,0,2.3293018956610885,-4.7176835980423544,-0.84010971693882142,3.0423917092354533,-4.1889456103785596,-4.2423412985933853,0.0265694330987,0.663061150125,0.00013392578159546984,0,6.696289079773492e-05,20,1,1,1,0,0
225,0,-6.2831853071795862,-5.4256147654985556,-0.082596097577909422,2.2779069346304839,-4.9132452494958594,-2.0944698453432999,239.27433196,5.60599925542,0.066825486933179523,0.0075689999999999993,0.033639813466589764,60,0,0,0,1,3
226,0,-5.7156155502562127,-0.70242624232645445,2.5571936735166263,0.037932501701414212,-6.260260203092149,1.7170626166851806,951.940926033,39.9991015857,1.3935575047492084,0.0041055922862057561,0.6969019201431903,60,0,0,0,1,3
227,0,-3.9004871905284082,3.2760237926398261,1.238895090067307,-0.1381221220242938,-3.4050126685263251,-4.4417277695752775,0.409227075405,0.873900903501,0.00023280463991077362,0,0.00011640231995538681,18,1,1,1,0,0
228,0,6.2252648954982446,-1.8890592155923427,1.9909531714608544,2.5822613887551991,-1.5000296409528857,1.0431999168517674,0.702133586989,0.413186794398,5.2498290961907025e-05,0.00084562245678265052,5.1617819184433026e-05,8,1,1,1,1,0
229,0,-5.2307983889186511,2.3911795147350454,-2.1990299944513021,-2.0076256938864572,-3.9547393342464883,3.5387871266314095,2.10090347994,0.0431697498783,4.9814887729871856e-06,0,2.4907443864935928e-06,24,1,1,1,0,0
230,0,1.9885259319885964,6.0503209994685889,1.9887295437109185,-0.4263194792337468,4.9325266639179768,-5.845127971271225,0.0279875204113,0.543241779406,8.9896926852565463e-05,0,4.4948463426282731e-05,14,1,1,1,0,0
231,0,6.1102006481648656,-0.52544602840892429,0.45926047340434112,5.542100038160382,-0.74051822102425757,6.2813929823459516,4.84614622319,0.101553950729,2.662671508551534e-05,0.007260347907256829,0.00023112379476046254,27,1,1,1,1,0
232,0,5.0701882121775874,2.2232918843554339,-2.3189912896977654,-2.5682611249742124,-5.4555034784471195,-5.3939401194535339,0.012379607754,0.928971550768,0.00026288137441885163,0,0.00013144068720942581,22,1,1,1,0,0
233,0,-3.8867216670247009,0.82098865369264562,0.25839272229818566,-6.2831853071795862,-6.2831853071795862,6.2831853071795862,124.133052198,30.9038966389,0.30633413347681088,0.022706999999999998,0.15384827673840543,60,0,0,0,1,3
234,0,1.0087079334009093,-6.2831853071795862,-0.96754687263198791,6.2831853071795862,-4.4760544363891475,-0.10750001548787079,460.407134811,0.181304160734,0.21198474292489788,0.015137999999999999,0.10644651146244895,60,0,0,0,1,3
235,0,-2.489867352333107,-2.0157921801092318,3.1044978593123265,-4.3906743106774764,3.1947987430522726,1.9030059200172873,339.695277305,7.58474110132,0.13291700299507289,0.0024905295582083749,0.066533217384282695,60,0,0,0,1,3
236,0,-4.8667876986808087,-4.5707139539447628,1.1602765063876748,-4.0077441801550817,-4.2810317155346134,3.9801033679848787,0.0276549292414,0.128224192895,5.0091149354040691e-06,0,2.5045574677020346e-06,9,1,1,1,0,0
237,0,-0.93671170382723501,-2.5787890290827673,-2.7919047766748282,-1.7451730262606278,-2.6803345278194772,6.2068975201657137,79.9276908234,33.7644465495,0.35366382432868176,0.00011475150706015831,0.17683535470955269,60,0,0,0,1,3
238,0,0.093885594324214422,-2.8187211218982071,2.4714669905510744,-2.2731752740325573,-5.7600604292323618,5.3817841326702602,3.380430572,0.575587452845,0.00011234734101831225,0,5.6173670509156124e-05,27,1,1,1,0,0
239,0,-0.42730220307903832,6.1908254069593385,-2.0855050203951486,-2.8937253059081747,1.7214096613336705,-6.0703816810829343,43.7536753493,53.1461190211,0.86230932241874714,0,0.43115466120937357,60,0,0,0,0,3
240,0,-1.9139803340225616,2.8968187194318542,2.6348790324110132,-5.569837282908833,-2.1109487775931437,-3.388728826644849,1.39561767928,0.841720019832,0.00021776693395448047,0,0.00010888346697724024,26,1,1,1,0,0
241,0,3.6772437977872707,3.1785805802955087,-2.0423414114497151,0.93025564657453474,4.7466176794053832,-1.5276548046561533,0.338686554005,0.0375320213211,5.4380870969778503e-07,0,2.7190435484889251e-07,38,1,1,1,0,0
242,0,1.7774264203400401,0.89738161301436037,1.7819595487254798,-2.0345981406644711,4.6615884811384909,6.2223324887924614,4.9728100799,0.040897118399,2.5238335356351756e-05,0.00068367510629667536,3.3129420867076135e-05,41,1,1,1,1,0
243,0,3.9637906694589291,-6.2831853071795862,3.1240659746400867,3.4551697105763317,4.5628188397046063,1.2277771484891262,1177.48846963,35.714760667,1.7750320576737024,0.012395542337757168,0.88788789510698396,60,0,0,0,1,3
244,0,-2.4505150517970957,1.7308204829425855,-2.5447322513046604,-1.0696053269546326,1.8316170048768752,6.2427200025913478,6.92578512622,0.135740308728,5.357920699017106e-05,0.0021654778770654271,9.1753939807048346e-05,60,1,1,0,1,1
245,0,1.195588513144106,3.3608585332698468,-0.10547977059803926,1.4495012859207224,0.45596182114253442,-2.6950347456980834,139.790011288,0.521662698777,0.019624143394819459,0,0.0098120716974097293,60,0,0,0,0,3
246,0,-0.71865910708825864,-4.7201626561548062,2.7174004361024839,-1.5298775771561619,-1.6634025989984407,2.6655195355065024,0.22750021876,0.893664305767,0.00024333016093735526,0,0.00012166508046867763,12,1,1,1,0,0
247,0,-1.8274108459863252,-6.1377270316195691,1.135309216106358,3.3142033542533955,0.69917381405756573,5.2974497240304945,0.0237298803213,0.378740625546,4.3696244833481522e-05,0,2.1848122416740761e-05,12,1,1,1,0,0
248,0,-0.012423054923893008,-4.3497388994144588,0.0066055335046709129,-0.75049764910307892,5.6328533751582297,6.2831853071795862,22.7093363118,48.7126311612,0.72334861411713147,0.0075689999999999993,0.36190137705856573,60,0,0,0,1,3
249,0,-0.061142635140082197,-2.6680373450640826,-0.40935995196831715,3.0114897369726403,2.4541599453805216,-6.2831853071795862,10.5190336207,57.2951219781,1.0000876978986288,0.0075689999999999993,0.50027091894931441,60,0,0,0,1,3
250,0,-2.3605858938064981,5.3805820465881409,-2.9311602119960476,-3.4259449093470549,-6.2406336118920818,6.2738275548227316,115.319227262,6.11211684647,0.024678413320513952,0.0080039704108943611,0.012579325772583807,60,0,0,0,1,3
251,0,-0.26474482515429021,-1.957737736304487,0.96057367907802416,-6.2462280477399004,1.383876601127412,5.5361439393536269,6.54572633701,0.193444388401,5.4245539925801259e-05,0.0025042758827869089,0.00010225104644650789,60,1,1,0,1,1
252,0,-3.1101511874352492,-2.4430410803573408,-2.6087698737519114,-4.2496968077853472,3.2716567589598489,4.4543048317635074,0.0137366381315,0.612124241803,0.00011413914404414781,0,5.7069572022073906e-05,18,1,1,1,0,0
253,0,2.7081099154961623,0.41858717454151118,2.0922156785171069,1.4637112619513932,1.3960827755490091,-4.3062588702546725,0.230995201295,0.110453460794,3.7696812524312036e-06,0,1.8848406262156018e-06,15,1,1,1,0,0
254,0,6.2831853071795862,-5.2120473948829984,-2.8234170262160823,3.5911762799362026,-0.90560570319070377,6.2831853071795862,350.39172356,34.9116378343,0.49404891174855181,0.015137999999999999,0.2474785958742759,60,0,0,0,1,3
255,0,4.0305836797503876,1.3298043647994413,2.4881810735029943,1.6371566388545127,1.0809288944248912,1.3505774629886993,0.199274829568,0.184265778344,1.0382652882102493e-05,0,5.1913264410512466e-06,9,1,1,1,0,0
256,0,0.53760025863764094,-0.20926252695397521,-2.6791437406810421,2.9957221785506771,-1.6248835418363583,1.0702093926578318,58.1395229556,2.2716243673,0.00495211447569463,0,0.002476057237847315,60,0,0,0,0,3
257,0,2.6254671326303316,-3.0184479957076165,-2.2422632348967348,-1.4329228058933645,-4.9075136460673727,2.3279888985621313,0.929250358684,0.127978270021,5.8526636302169559e-06,0,2.926331815108478e-06,25,1,1,1,0,0
258,0,1.2332330955480222,-2.8764116314205528,-0.32408520430830051,1.691701822659426,0.31982547871465183,3.3045817120658292,27.8648170072,0.000340773252008,0.00077644806222088069,0,0.00038822403111044034,60,1,0,0,0,2
259,0,-0.42831804078166019,1.8686128270932481,2.5512819536344007,4.0159574324961733,4.094379697096441,2.39516244011861,0.0182261557385,0.2221431049,1.5032458304697245e-05,0,7.5162291523486227e-06,19,1,1,1,0,0
260,0,-3.4420857238285429,6.2831853071795862,0.23822627141979769,-6.2340325108593326,5.6394814328449261,-1.2449044652704953,244.556596432,3.61122888467,0.063780436727061157,0.0090014108263762084,0.032160260688321868,60,0,0,0,1,3
261,0,4.91526965796161,-5.0206181939146015,3.0130833695290149,-2.4547830094324272,-2.2063361946149112,3.6176233343449522,0.657561232033,0.372117017572,4.2613088284316849e-05,0,2.1306544142158424e-05,14,1,1,1,0,0
262,0,3.7684499899691164,3.901909558027512,-2.7123608130914674,-5.7215110566481666,5.025364132780811,-1.224095576255865,0.281722847155,0.642249373359,0.00012572925800939118,0,6.2864629004695592e-05,33,1,1,1,0,0
263,0,-2.6227376501013366,-1.3418655601028424,-0.34927489598482586,2.1165871942286594,-5.8512129121125014,1.042539970613483,144.816795229,9.93253550707,0.05102401541711641,0,0.025512007708558205,60,0,0,0,0,3
264,0,1.5039069431206615,6.2831853071795862,-2.2416446324468162,-0.21006536629455186,1.2543151673480009,-2.2576283755156412,263.061375262,18.6667659278,0.17534466359872655,0.0075689999999999993,0.087899401799363272,60,0,0,0,1,3
265,0,1.4793506529477087,5.5319488917279411,0.14106481167408896,-4.3773711577990913,4.5830708448800719,0.19596554862202326,115.937408192,0.105962323711,0.013444902866983232,0,0.0067224514334916158,60,0,0,0,0,3
266,0,-4.3138205065573567,3.5133595271091713,2.7638929767444975,-6.2831853071795862,0.6705083829488071,3.6974404376632011,261.752807449,42.3264890323,0.61424628814654447,0.0075689999999999993,0.30735021407327223,60,0,0,0,1,3
267,0,0.80775999804005394,6.2831853071795862,-3.1415926535897931,-0.8314906677670364,-0.4690204799274027,-5.6008563261319191,320.113625872,32.4762590399,0.42375498065948258,0.015137999999999999,0.21233163032974128,60,0,0,0,1,3
268,0,-2.5749843280195983,-5.3817043544253869,0.80055159367421314,1.4675715884318006,2.2247062269979532,-0.31157774469087507,0.784841502366,0.0494302370271,1.3602626485382038e-06,0,6.8013132426910192e-07,46,1,1,1,0,0
269,0,4.8648397668423815,1.3000276316250963,-0.32800061372431311,-6.1502603020673794,-1.7908055813450587,-3.4294979435113944,2.31987025369,0.00309253281237,5.3847112816016518e-06,0,2.6923556408008259e-06,27,1,1,1,0,0
270,0,2.2286437886349573,0.33071874371272592,-0.6032660065049118,2.0448206058006329,5.7363094952886344,-0.69174485442569067,0.0443560576621,0.4887135583,7.2757078971429651e-05,0,3.6378539485714825e-05,20,1,1,1,0,0
271,0,0.13943651992143494,2.3264582170006745,1.1314546084498278,5.5594941034578005,-5.5114742692719023,0.5383403846083793,0.102230747246,0.735391072507,0.00016474756073948856,0,8.237378036974428e-05,13,1,1,1,0,0
272,0,1.6160627493289508,-1.9578378101899807,1.7127550126560567,3.3480693325908439,5.5704635666252944,-2.600628995511546,0.123461713624,0.65869537907,0.00013218252777831148,0,6.6091263889155741e-05,12,1,1,1,0,0
273,0,4.2078663932939948,2.3742030069167455,2.253756243087055,-6.2831853071795862,-1.7306264571298178,-1.6580143301312955,211.956726188,55.7779611729,0.99264556804702975,0.0075689999999999993,0.49654985402351487,60,0,0,0,1,3
274,0,5.7609591231348345,-4.7702265920306237,2.0534143647340155,6.2831853071795862,-3.3921532939202894,4.7243434837783918,54.6429599394,4.30551424833,0.0086326841557136016,0.0075689999999999993,0.004543412077856801,60,0,0,0,1,3
275,0,2.5195858143653314,-1.9507428682484209,-2.5512482363503168,3.9568014961937852,1.6201598558967918,-4.1277154274115819,2.3256230179,0.139530829069,1.1339073963263561e-05,0,5.6695369816317806e-06,11,1,1,1,0,0
276,0,-1.3950516397563977,-1.9805777724167455,-1.830164316810877,-2.0733340552834809,5.0627165625041917,2.9538491412871535,0.0524865818309,0.799623381422,0.00019477438738508198,0,9.7387193692540991e-05,22,1,1,1,0,0
277,0,-2.6342346481014705,-0.93069644756524561,2.928490465132247,-3.675421677787825,6.2831853071795862,-0.52493776501379208,345.472469328,45.212497874,0.74204100710601695,0.0075689999999999993,0.37124757355300847,60,0,0,0,1,3
278,0,-4.6936848882476987,-4.5855118933397163,-1.7258544478955642,-5.783724932280653,-0.91857908545435352,0.052017605615332675,0.0276374085997,0.616874044532,0.00011591792318477011,0,5.7958961592385053e-05,21,1,1,1,0,0
279,0,-2.948437405783463,-4.5986736992442339,-2.4709441565854648,-2.3173191223286778,3.3377452582507692,2.6895986514672492,2.88849448421,0.593732882003,0.00011572674791995065,0,5.7863373959975323e-05,28,1,1,1,0,0
280,0,-6.2787981267746549,4.3447959053786951,1.6715132098629297,-0.67917841606556584,-1.743721142231474,-3.7976150130128601,11.6576695898,0.0111784418922,0.00013593932451542502,0.0068248779614473567,0.00027271600110113318,60,1,0,0,1,2
281,0,5.1364922044340551,-5.9072044330235487,2.4333898722043172,1.3212724479597349,-5.3584108031904787,-2.3011463638444818,1.93920684607,0.0841083598485,5.9154526766136968e-06,0,2.9577263383068484e-06,23,1,1,1,0,0
282,0,5.6961697157743618,-2.5113405449755022,-2.0438479177975943,2.6886336232626649,1.6186169297024464,-1.0732649210266905,1.92414386554,0.578449995538,0.00010562865778168619,0,5.2814328890843094e-05,20,1,1,1,0,0
283,0,-2.4684869875318487,0.28511416361198055,-2.4522568486891814,6.2831853071795862,-3.9744235997983735,0.17680271858523566,4.64339853564,0.563834526761,0.00011840188306301501,0.0075689999999999993,0.00028627094153150747,38,1,1,1,1,0
284,0,-3.5332853900932473,1.0877287084741007,-0.089333241067808433,1.9353064412131811,-1.1157942412493134,4.8778803289433919,167.197855909,17.3812620353,0.11998256470545461,0,0.059991282352727306,60,0,0,0,0,3
285,0,4.0179368767401451,1.4276116627094857,0.31343653735972421,1.4878071147194198,-4.9349758795125176,-5.0550103436688971,326.971908983,6.02112977783,0.11795423035874829,0,0.058977115179374144,60,0,0,0,0,3
286,0,-5.3196820837771837,1.829067857874066,0.20416672757063559,4.2826663546854347,-3.8375659219105822,4.7968403926375842,25.6117291006,0.000159326507609,0.0006559606752538727,0,0.00032798033762693635,60,1,0,0,0,2
287,0,2.589218839370417,-0.88582842653066707,-0.41817131538799768,-1.2093254042768589,-3.4601127662453419,-5.3487427042783855,0.0174246525296,0.730177152603,0.00016240972328512032,0,8.1204861642560162e-05,20,1,1,1,0,0
288,0,1.9510640007178264,3.3530599596024002,-1.2992564435103997,-3.4420187106391964,-0.08309280359793593,4.3981569690140718,0.518472442655,0.917637159941,0.00025677433593894298,0,0.00012838716796947149,10,1,1,1,0,0
289,0,-0.16871555297993918,3.7817965097375787,-2.4365266520702407,2.5715022845631008,-2.4511266059740304,4.9552620856481022,0.0409480738424,0.989401093118,0.00029819609295205299,0,0.00014909804647602649,18,1,1,1,0,0
290,0,-1.6231652698591506,-5.9939778244327622,0.71188509730304506,2.1222534705601253,-3.8010676476116165,4.6389716186082701,0.521174633002,0.016662659806,3.5619826759664624e-07,0,1.7809913379832312e-07,11,1,1,1,0,0
291,0,0.15612829126156633,-3.9766432843118729,0.19868179077856829,0.40417769861632474,-1.5072591971024938,-3.9228016260635594,87.9236034881,37.4375230832,0.43467262886901775,0,0.21733631443450888,60,0,0,0,0,3
292,0,4.953196138132121,0.12179421866410767,1.5505915923510318,1.3830758232861668,2.5718589235185374,4.6288468590566891,0.0531240573505,0.384089895922,4.494152168666994e-05,0,2.247076084333497e-05,9,1,1,1,0,0
293,0,1.7550221752040729,4.9278383149788008,2.4764347937381412,-0.0025131404815724491,3.8796042804013067,5.784588303240656,0.371462305116,0.408244699794,5.0906661144463324e-05,0,2.5453330572231662e-05,22,1,1,1,0,0
294,0,1.2329798781306542,-5.5928634288419952,-2.6188705620368715,-5.8111860815427034,2.8945547994245358,-1.9982644537075702,0.0430939937545,0.00105939235152,2.1989681303948254e-09,0,1.0994840651974127e-09,18,1,1,1,0,0
295,0,-5.0172917419927376,-3.9799839638285728,0.022714071891059451,-4.3149961801539929,-5.4498107274911964,3.1901452951145011,13.4996857877,2.42759540027e-05,0.00018224151654661115,0,9.1120758273305577e-05,60,1,0,0,0,2
296,0,3.9048995578170564,0.070305102340498832,1.5599284405671743,-2.6776332836305019,1.808555455179871,-5.5172792265482267,0.302845030845,0.784406824314,0.00018752100591697601,0,9.3760502958488006e-05,16,1,1,1,0,0
297,0,2.2326826217538751,6.0523201104056898,-3.1030856132912517,-6.2831853071795862,-6.280407318953384,-0.77376464803949663,459.334216478,8.21925991214,0.23156672796738798,0.017013914407833008,0.11629378141592898,60,0,0,0,1,3
298,0,5.7138899982006555,2.9340838936421445,-0.63576183344097881,-5.724783197340245,-0.8969313997030135,5.1621254131536647,0.0100656218228,0.737202337451,0.00016554970382120479,0,8.2774851910602396e-05,20,1,1,1,0,0
299,0,-4.0994371831579004,-0.083613678753627643,1.8237657230790951,5.7598985018543658,-1.801631525772843,-6.2490400655088445,7.86721922202,0.0784418848225,6.3767488656620594e-05,0.0027936254780442957,0.00011569250866963917,60,1,1,0,1,1
300,0,2.4277554621111719,2.3207745695995801,2.6778147022517924,-5.8679160639835981,2.1314942049723498,-1.7866036566928343,0.0291814905295,0.910572423525,0.00025257199042085508,0,0.00012628599521042754,50,1,1,1,0,0
301,0,0.58643205464069548,-1.1055809590546033,-1.7628522521308823,-5.1187501823274779,1.0993418403464148,-3.8052317528718476,0.0294573014007,0.512743392138,8.0086549966097516e-05,0,4.0043274983048758e-05,13,1,1,1,0,0
302,0,-4.5376656451097261,1.5061859732830136,2.6307066158134456,4.9238809595779101,4.3311987956131626,-0.54720974917961551,0.00579599336228,0.871320304966,0.00023126529657279053,0,0.00011563264828639526,26,1,1,1,0,0
303,0,-0.2448572894975867,0.17941329402516532,-1.3213378528597841,-1.2785901470050032,6.2511609800119583,-0.079448237798134175,3.73652830983,0.0884950147692,1.6347214813744108e-05,0.0030223246033720119,9.8843345508032411e-05,21,1,1,1,1,0
304,0,3.1876467862500673,-6.2831853071795862,3.1199429781394548,-3.9810076286744773,6.2555763485302007,-3.0443505659333718,395.936512699,1.32586750589,0.15730121655691764,0.015366960711456509,0.079111617099802523,60,0,0,0,1,3
305,0,-6.2768297752163855,-1.6102361598450827,2.1938626499663867,2.381955933460659,1.613038336624832,5.0149730905152099,11.1935042779,0.000560380012389,0.00012529463367693644,0.0065035302249383409,0.00025775322358661845,60,1,0,0,1,2
306,0,6.2831853071795862,2.2179026035185112,1.73904564231088,2.2149233363035745,5.3714827697393988,4.0530910951442136,573.855190341,6.398646399,0.3417816317243792,0.0075689999999999993,0.17111788586218959,60,0,0,0,1,3
307,0,4.2756451394105355,3.4699274485263754,1.4082498084087818,-5.2505706649268777,0.23254037814981005,-0.31251316085612957,0.0502619598235,0.932495586697,0.00026488200025657019,0,0.00013244100012828509,19,1,1,1,0,0
308,0,-0.094264238867885208,-0.34572315865399622,1.1489333487261419,-5.9069425510623281,4.5234286281218328,1.3071097702439607,0.278916962765,0.789591663511,0.00018999304662829019,0,9.4996523314145093e-05,33,1,1,1,0,0
309,0,-0.29107831924160643,2.7959256234917311,-0.32322792114892535,2.1076962343926349,-4.7201201791184388,-1.5084355551991655,66.4270190134,0.00432235788009,0.0044125545461091206,0,0.0022062772730545603,60,0,0,0,0,3
310,0,5.800964903070267,-2.3001863782953,1.7518697788258519,3.6870404023196808,-4.6668242603307863,4.8686644140689488,0.0322344728785,0.356146054995,3.8638716391138128e-05,0,1.9319358195569064e-05,14,1,1,1,0,0
311,0,-5.6603053162431252,5.4919197840582523,1.911544513009555,-3.2264784643261861,5.9949745918769519,4.0552500750445466,0.0417416186073,0.77484006216,0.00018288707214347662,0,9.1443536071738308e-05,23,1,1,1,0,0
312,0,-5.4415166845057037,-3.2440772581635255,2.2158409115073443,6.1586846187113196,-5.4751301265943457,-2.8550083651570746,0.0108866504288,0.307539895103,2.8811073840910151e-05,0,1.4405536920455076e-05,12,1,1,1,0,0
313,0,-0.16178682995503296,0.60016832137054565,-2.938969260032485,6.2831853071795862,4.4539084505352866,0.97739900507003052,53.839992973,33.6831488293,0.34850381382674001,0.0075689999999999993,0.17447897691337,60,0,0,0,1,3
314,0,-4.6387538562487238,3.1672457930860873,-0.043805809350354663,0.10574133096365401,3.9809206362063696,-0.82191860606703426,66.788667728,0.031508101561,0.0044610285490071806,0,0.0022305142745035903,60,0,0,0,0,3
315,0,2.3552051782653516,-5.4574219101500336,2.7522817198011738,-6.2831853071795862,-1.6817486809891253,5.6049779174196841,365.823068646,17.9995403094,0.23251752055792907,0.0075689999999999993,0.11648583027896453,60,0,0,0,1,3
316,0,-0.58407302598372035,-1.3374950778466668,2.448631996428134,6.0175938593097946,-6.245890195115221,4.8759651695210451,29.0799962601,6.77572446953,0.014830766592304423,0.0024705758846940134,0.0074895005726930315,60,1,0,0,1,2
317,0,4.1071942722502452,2.3424156461088694,-2.0821726584539193,1.8706187530232896,-6.2831853071795862,-3.0635914919383813,145.877150415,28.9489019259,0.27656139733235202,0.0075689999999999993,0.13850776866617601,60,0,0,0,1,3
318,0,-3.4429504135801263,-4.6757393011469457,-1.6981789673504619,3.2594396276579749,3.7360325544041268,5.024223345591416,0.403002380225,0.776306475038,0.00018374062995776751,0,9.1870314978883755e-05,12,1,1,1,0,0
319,0,5.2103915664447351,1.903075753904939,3.1415926535897931,-5.4405127956140973,4.9736201620749778,-2.0042955748244178,53.6390699545,0.334453932008,0.002911224157335923,0.0075689999999999993,0.0016826820786679615,60,0,0,0,1,3
320,0,-4.6535672440686486,3.9595949965924215,-1.8466249773502388,5.7496959493971644,-1.2288782131688583,5.9377114667901569,1.85250059577,0.58430669474,0.0001074325057192659,0,5.371625285963295e-05,33,1,1,1,0,0
321,0,-3.295049261096807,0.8448197762430093,3.0842114050194689,-3.9966315927368647,-2.3949712668764045,-3.7997746702998731,594.796794726,5.36029284046,0.36253571993626577,0.00087727043625292027,0.18129417808122048,60,0,0,0,1,3
322,0,4.8242090554128678,4.1307837693376985,-3.0335423881878496,4.3603420373154362,6.2788987718223686,6.0984669865519026,82.7311505187,11.1091847116,0.044438492929376745,0.0068415172332127999,0.022424491981684756,60,0,0,0,1,3
323,0,0.88521997495032445,-2.937208525982824,-1.9959399152968573,-1.3335483640474366,-2.6244773929975755,3.4778995612787913,1.4598762616,0.316083182905,3.2565132101062589e-05,0,1.6282566050531295e-05,15,1,1,1,0,0
324,0,-6.2792208763094752,-2.8321858522876098,-1.3313447313083535,5.8101719938726095,-2.1853409100581196,5.7701302268903802,4.99923280449,0.00489038499679,2.4999613822714146e-05,0.0068949057407245735,0.00021934697913309428,35,1,1,1,1,0
325,0,-4.0578892433768416,-2.1555997444075752,3.1415926535897931,6.1998235846110843,-2.0027220403901085,5.1702018171533011,147.65200234,7.68525647547,0.039792783359631267,0.0075822370626685478,0.02012385879169569,60,0,0,0,1,3
326,0,-4.6465826749894283,1.0473001956391577,-2.5389456401057706,-3.5977916444498477,4.8584478825807711,4.8349277646635107,2.15756066571,0.829178083957,0.0002140906001926177,0,0.00010704530009630885,4,1,1,1,0,0
327,0,-0.065763657489381205,-0.72832063313101669,-2.1480913728106454,3.7041050104592426,-1.1781780527494976,1.6055614334900221,4.13539911085,0.0853454587735,1.9320312586783966e-05,0,9.6601562933919832e-06,23,1,1,1,0,0
328,0,4.7868280068185491,-6.2831853071795862,3.1236876775938045,-5.9331853071795866,5.3505687880830415,0.33233556281627885,635.774115783,21.3360427962,0.54287871583411373,0.012343122342114907,0.27180965158732029,60,0,0,0,1,3
329,0,-4.0156505473156816,-6.2831853071795862,-1.8080227550651025,6.2831853071795862,-0.93148905129946047,-6.2831853071795862,390.836961971,8.15006851411,0.17298732160096439,0.022706999999999998,0.087174870800482196,60,0,0,0,1,3
330,0,1.3954174884788346,-3.6703262350240946,2.7646716590441045,0.57953437186222923,-4.4729406184438485,-3.1842114771262238,1.75801529691,0.00774630952231,3.1088964472325105e-06,0,1.5544482236162552e-06,10,1,1,1,0,0
331,0,3.3638317894754124,-5.2852424957446713,2.5602439700007902,5.3056017871012742,-1.8272365614860417,4.3217015364604068,0.0144738581188,0.632219191916,0.00012175612927906158,0,6.0878064639530791e-05,41,1,1,1,0,0
332,0,5.5929478567613415,6.2831853071795862,2.9730902754112591,-0.70733567848906798,-3.1612636069934688,-0.54977274303134238,297.339623109,55.0306126411,1.0109045976046782,0.0075689999999999993,0.5056793688023391,60,0,0,0,1,3
333,0,5.0543403982844284,-4.0245585694109494,2.3901055406300888,-6.2831853071795862,-1.8976194872784211,3.0968350734472678,160.520127501,56.9723754125,1.0145096385942096,0.0075689999999999993,0.5074818892971048,60,0,0,0,1,3
334,0,4.2419755119185076,0.14051856342775973,-0.19519343376976339,-4.3376455980214894,5.3053044441854667,4.6650281944496443,178.510276503,0.215445551018,0.031880058178636157,0,0.015940029089318079,60,0,0,0,0,3
335,0,5.7464668496087414,0.67638193534583191,-2.0784243176272343,-5.8925651472171507,2.5126127525520516,-2.2984094270354762,0.140753283103,0.459762913778,6.4410431690379463e-05,0,3.2205215845189731e-05,21,1,1,1,0,0
336,0,-2.7346884412320689,-0.0024900725652162517,2.40404779120967,-3.3323801778777495,2.0369438035795993,6.2831853071795862,16.9645223386,38.9209620136,0.46173483835718943,0.0075689999999999993,0.23109448917859471,60,0,0,0,1,3
337,0,-2.195557031259233,0.085478469614865091,0.83148141849084944,5.9468244472182095,4.017295771636201,-2.8482041494025818,0.277703440378,0.228256092867,1.5947943847754976e-05,0,7.9739719238774881e-06,17,1,1,1,0,0
338,0,0.80443581005652454,-2.7095143139038202,0.31297488965721321,1.3164038115646095,1.8390875189344336,3.7642505674578106,150.204130452,0.243889807423,0.022579400130860936,0,0.011289700065430468,60,0,0,0,0,3
339,0,-0.64808034740990428,0.41471888842139171,-0.25893341494127337,-3.6090725634393848,-4.2614952424714261,-0.13635223339649813,104.807713675,0.144005420913,0.010990973868177175,0,0.0054954869340885877,60,0,0,0,0,3
340,0,-3.732855516971501,5.4570337196695347,-0.4204479819957766,1.5978088607743801,-1.65980222096895,4.9439244870966554,0.122367357868,0.700421884936,0.00014945748258450258,0,7.472874129225129e-05,37,1,1,1,0,0
341,0,-3.414368612815986,-5.1818919804814154,2.1957354317594473,-2.8752519868597091,-1.7560004503965998,-6.2831853071795862,17.3657060434,56.7353469847,0.98083445767999644,0.0075689999999999993,0.49064429883999822,60,0,0,0,1,3
342,0,3.9444004077240415,0.92077507144962789,-0.81004638368773674,-4.2374209011751738,-2.2962324259310622,3.2141412346417018,0.0174890275338,0.484912776522,7.1628168055906023e-05,0,3.5814084027953012e-05,9,1,1,1,0,0
343,0,4.0252184307194989,3.2524310306768158,-1.4318367486001533,0.10427813922736376,2.8471663343250411,4.4059935915820025,0.0277352348746,0.641413888363,0.00012532396297463882,0,6.2661981487319412e-05,25,1,1,1,0,0
344,0,-6.2831853071795862,1.8989315638038906,-2.112548669111507,-5.6399094992373406,-6.2831853071795862,1.5947514348987513,579.712227482,0.0881760107459,0.33606863509544815,0.015137999999999999,0.16848845754772407,60,0,0,0,1,3
345,0,2.461961986653241,1.1866349503779097,2.7801364320042228,-5.3017541182617691,6.2790535742321119,4.6074705916124756,1135.91482925,12.0090764868,1.3342337893985399,0.0068671496842887033,0.66732290918979864,60,0,0,0,1,3
346,0,0.067874929622603788,3.0496914940828828,-1.7451526619398725,3.9555915163940143,-5.812018405516346,3.9118758573413817,1.66489727726,0.446811938633,6.3585981376589187e-05,0,3.1792990688294593e-05,19,1,1,1,0,0
347,0,-1.6514490359891518,-1.0640181145360601,-0.26500655607507012,-4.2356180614692667,4.0894753149494667,-3.5374514500566292,202.615465317,0.564330387684,0.041150037925495681,0,0.02057501896274784,60,0,0,0,0,3
348,0,-2.7830557119929971,-6.2831853071795862,3.1257751800405771,-0.046391869747109904,3.1208758808473553,-6.2409748578826605,205.517756998,3.23227469252,0.045420069301524937,0.014642055924099817,0.023149296328485464,60,0,0,0,1,3
349,0,2.219198176136739,2.7588249313647433,-3.0936761320970976,6.2831853071795862,0.55012021603125461,-0.53068080509205562,672.823766562,57.1928840783,1.4491033177335166,0.0090965182922309283,0.72482455441552529,60,0,0,0,1,3
350,0,-3.2533041587595921,2.7376601372761136,0.23288242713337026,-5.0833200807935786,-4.7924453989247393,6.2831853071795862,20.5240726615,8.16204742682,0.020714550990708871,0.0075689999999999993,0.010584345495354435,60,1,0,0,1,2
351,0,2.2031645621261382,-1.9052412906346781,2.1089599151419889,-2.3561977691216862,-4.9611371578427068,-3.9652335758156192,1.00585154228,0.756907062089,0.00017552958564060186,0,8.7764792820300928e-05,33,1,1,1,0,0
352,0,-4.6454013395937146,-4.9273838745450798,-0.70670561257953057,-5.2990693050554869,-1.4979886095543442,-0.12041028595791789,4.64291123219,0.176617054301,3.105873374236236e-05,0,1.552936687118118e-05,25,1,1,1,0,0
353,0,2.0199629782142128,1.2189109201734598,1.7960184737449438,-4.3842881010502763,2.0568112274915573,-3.6430816420552428,1.38711813006,0.945369113414,0.00027416761804439303,0,0.00013708380902219651,47,1,1,1,0,0
354,0,-6.2831853071795862,-0.26036838298024773,-1.7847093619441325,-2.5506588279468696,4.8570149242279479,6.2831853071795862,421.640173909,48.7452596938,0.90158199177428466,0.015137999999999999,0.45124513588714232,60,0,0,0,1,3
355,0,2.0231262893569633,3.9168395192179903,2.5512017199278665,1.267716054757114,6.0648534000421694,5.2431122549401703,81.5682105097,0.225111115883,0.006668809457916744,0,0.003334404728958372,60,0,0,0,0,3
356,0,-0.50257014049826987,-3.7315447580448695,0.73196457344073906,5.8709680064181331,-2.1153561899350786,2.2276678328131698,0.0987813290468,0.322774954114,3.1745918795830673e-05,0,1.5872959397915336e-05,11,1,1,1,0,0
357,0,-4.8000685893660551,6.2831853071795862,-3.1415926535897931,-5.8860414098596996,-0.92582685214077887,-0.056662355981214579,871.337299152,56.9714073847,1.7479380166249134,0.015137999999999999,0.87442314831245671,60,0,0,0,1,3
358,0,-0.038643528817208839,-3.4141318713170308,1.7337517535118843,3.1016096417938188,-1.8717252272311695,6.2831853071795862,7.10947740624,38.8656813549,0.46018770359007749,0.0075689999999999993,0.23032092179503874,60,0,0,0,1,3
359,0,4.4835036763761229,-1.1581652891526923,-3.11638642729209,4.213752616121023,-5.0766633216893533,0.90504257161810431,141.129688001,7.84837548612,0.038681107362791109,0.0038184704683706812,0.019455107795446677,60,0,0,0,1,3
360,0,-4.9345348501559556,1.4038477922897252,2.6240698030474854,5.0748489806141972,3.9373451645161808,0.4314803804684057,1.4511932381,0.545349781442,9.2701127172707429e-05,0,4.6350563586353715e-05,34,1,1,1,0,0
361,0,-2.1821920058763631,4.0209539947620048,2.3459893271533949,6.2831853071795862,4.6410155134018245,4.1499930951504487,17.3118730974,1.15932906958,0.00070912013247472839,0.0075689999999999993,0.0005816300662373642,60,1,0,0,1,2
362,0,2.2053548001814689,1.6404384724627148,3.1127106146770545,-1.5206889741804877,-0.11990366006834915,3.2918259106580567,1162.25287763,56.9707108108,2.3395169020682931,0.0033776974009404226,1.1698597819561747,60,0,0,0,1,3
363,0,1.1991150690418402,0.51743801754286489,2.241462168319901,-6.2831853071795862,-4.6348514802318732,-1.7287944031717846,198.919607496,26.3131224692,0.25048014549410957,0.0075689999999999993,0.12546714274705478,60,0,0,0,1,3
364,0,6.2831853071795862,6.2207869848047306,-0.0091158102311985744,0.58707133806840028,-1.5009376642919758,0.38814682976222969,115.9941272,8.09222807621,0.033402251950164379,0.0081742425419715267,0.016946353251341334,60,0,0,0,1,3
365,0,2.0550714356692192,6.1668435102724901,-1.4061288905398142,-6.2831853071795862,-2.9004472284321281,2.0271333040183244,96.3366189347,23.5135795784,0.17770018947615132,0.0075689999999999993,0.089077164738075656,60,0,0,0,1,3
366,0,6.2831853071795862,2.8507555295566092,2.6467087680447103,-4.7515311388090051,-3.154377022974495,0.21502956064368936,67.0965122585,3.265445076,0.007750117575138455,0.0075689999999999993,0.0041021287875692277,60,0,0,0,1,3
367,0,-6.2831853071795862,3.968755829315056,2.7741725430522761,6.0444762375598202,-6.2831853071795862,-5.4765500848706159,159.808670089,0.0380614610946,0.025539252327087168,0.015137999999999999,0.013223766163543585,60,0,0,0,1,3
368,0,-3.0460666330815163,2.1958207445649629,-1.8440763872505539,-3.5583291403005268,5.4854373936971195,3.332956091356547,0.016717939162,0.769070857417,0.00018017233981396157,0,9.0086169906980783e-05,12,1,1,1,0,0
369,0,-6.2828747271598866,-0.50034915538884139,2.6486192133159614,-3.009002791703236,-2.3536936600757068,-3.5862281448793514,16.6720027046,0.00557898696102,0.00027796515542776796,0.0075150555365208994,0.00036443424380951095,60,1,0,0,1,2
370,0,-2.5751257510577958,-2.2001996461633317,-1.4337922153351874,-6.2831853071795862,5.1534575868639587,-3.5970605233725985,187.842323474,37.2676317165,0.45836067586412982,0.0075689999999999993,0.22940740793206491,60,0,0,0,1,3
371,0,5.0827445574346495,-2.2906753805708222,-1.3431626703857964,-0.79735398889290754,-0.033608907116736232,2.295411752219378,0.617656215196,0.0760576765888,2.1436409628315312e-06,0,1.0718204814157656e-06,17,1,1,1,0,0
372,0,3.5525144284528096,-5.3140959786973232,2.6401626147187605,3.6542716469803671,5.1789634476933424,-6.2831853071795862,18.8074653675,52.610745054,0.84350138163364663,0.0075689999999999993,0.42197776081682331,60,0,0,0,1,3
373,0,6.1840939887276036,-3.3703904825343773,3.0468526742260726,-2.4656834103351386,2.1883283423629574,5.122461761855587,60.8422736965,0.564134141559,0.0037987259489797955,0,0.0018993629744898978,60,0,0,0,0,3
374,0,3.2504407007715774,5.0927942845578142,-2.3542492505229369,3.5113268684610088,1.3433156699608575,2.8799309055376363,0.488888739446,0.201118218072,1.2560341369776842e-05,0,6.2801706848884211e-06,12,1,1,1,0,0
375,0,-3.7373240661369982,2.976113050946652,2.9852891226991725,1.8336938074012321,-1.3411464710983114,-0.6535714216402605,0.587059584288,0.404198927716,5.0112050050761845e-05,0,2.5056025025380923e-05,19,1,1,1,0,0
376,0,-3.9311131595791906,3.4707841138384747,-1.5027007659936702,2.5061542111001809,-4.4665341965147416,-3.98684538048624,0.0954242948948,0.0487033538388,7.3166339533131949e-07,0,3.6583169766565974e-07,19,1,1,1,0,0
377,0,5.9733407659316367,-1.211490750432475,-2.555028615683816,2.5012571048428165,0.085162216302570842,-6.2831853071795862,93.8785349263,40.4640507135,0.50757528270591323,0.0075689999999999993,0.25401471135295661,60,0,0,0,1,3
378,0,-1.3728393854949936,-3.0141159895924696,2.1242211012721506,-5.6409886220936469,3.1709593581935245,-0.033390561748208203,722.891092578,0.964073766561,0.52285465480353921,0,0.2614273274017696,60,0,0,0,0,3
379,0,-3.3844465596758342,-6.0551342313770862,3.1415926535897931,2.117864774603043,-3.8355353110212698,3.8649691789713776,55.2792119861,0.519026176761,0.0031378516077338321,0.0075689999999999993,0.0017959958038669161,60,0,0,0,1,3
380,0,4.6375581297101389,-6.0855020238022988,2.9139190383483338,5.4582663426354214,-0.69198097662807734,-1.9734551755050127,0.172765788047,0.413951867526,5.2227915877246317e-05,0,2.6113957938623159e-05,27,1,1,1,0,0
381,0,-4.7496668142091965,0.70152162301813648,-1.2484321092270532,-5.4649938446878012,-4.9662522138938314,-5.0353566031209454,0.0304579124258,0.829298560968,0.00020949732494261378,0,0.00010474866247130689,24,1,1,1,0,0
382,0,-6.2831853071795862,5.9410086080414626,-3.1322589547924218,5.9166538784461569,-4.4594904755024229,4.1094769924228434,240.319839609,56.8283843244,1.0415050016004257,0.013601054342497436,0.52116053243048777,60,0,0,0,1,3
383,0,0.37692676040419149,0.54983378368145353,0.7035616728665619,-4.2365642824807148,0.44408565312985904,5.0673962608780494,1.57411404996,0.131852343952,7.7736212544773003e-06,0,3.8868106272386502e-06,13,1,1,1,0,0
384,0,6.277537914583454,5.00429386410541,-2.6937116771352811,3.0946340676400195,2.0199808504060397,4.7259713370948075,4.7327917393,0.420873971542,7.6357693815926587e-05,0.00661824673140784,0.00023672624885019849,49,1,1,1,1,0
385,0,6.1534499918791408,2.6108367768629255,-1.2240879450738487,-3.4380980125345544,1.562849741911899,4.6966102705523962,2.16116235938,0.363943063023,4.5018586954746818e-05,0,2.2509293477373409e-05,35,1,1,1,0,0
386,0,1.7272739676761317,-0.94948050678532669,-3.1259872028041307,-5.3822380296625827,-2.4172063829646246,-6.2831853071795862,1047.22056104,34.9238702142,1.4682056760710203,0.012666181657518465,0.73448282348523564,60,0,0,0,1,3
387,0,3.8463887898954692,4.5440685233827782,-0.11055410482519473,-5.9680407548132344,-3.2885384237430797,0.95151200044890427,37.2705631041,0.00330236923223,0.0013890981961471936,0,0.0006945490980735968,60,0,0,0,0,3
388,0,-1.0067886642622625,1.0361383718724226,-1.4808811635842418,5.1012732344850491,-5.3434478372825227,5.6696904309830352,0.10148611631,0.166237875506,8.4284113477273779e-06,0,4.214205673863689e-06,37,1,1,1,0,0
389,0,0.22409665773949161,-1.7516671391305891,-2.5831222206393343,-3.6694954641186399,-1.2915840727208958,5.7332054415597344,0.0136800304483,0.857948568298,0.00022422168160981902,0,0.00011211084080490951,22,1,1,1,0,0
390,0,-5.7981200171571921,1.9405887073720018,0.69858393811984232,5.1781241757956469,3.2312747762803347,1.6924728995349954,0.501304723101,0.489476370238,7.3233715826467215e-05,0,3.6616857913233608e-05,41,1,1,1,0,0
391,0,1.777451462788421,6.2831853071795862,-3.0804556279310562,1.354046980844831,2.8798575482120112,2.5914041720166234,87.7417098943,10.0205298456,0.03828555299396081,0.0082378934417768317,0.019389913300233711,60,0,0,0,1,3
392,0,1.8822730886917289,-4.3234994974954821,-0.17052247545749794,2.2743758285139104,2.1528902586087031,-4.2927184231659554,64.2782239489,0.0289407561699,0.0041319452116388693,0,0.0020659726058194347,60,0,0,0,0,3
393,0,-0.70990558621032185,6.2831853071795862,-3.1415926535897931,5.9331853071795866,3.0700741607538125,-6.0167034058143374,503.210763095,13.526527943,0.30895599480580621,0.015137999999999999,0.1549321374029031,60,0,0,0,1,3
394,0,-2.5190359217863683,3.2812561468749166,1.2921628736558664,-5.4679649495657578,2.3496655372821165,1.7476661340611335,0.107092573468,0.848668969817,0.00021940882082221341,0,0.0001097044104111067,13,1,1,1,0,0
395,0,-0.10684946348426831,-0.83098868846294616,1.3077066123336156,4.9306060336715083,1.2378898337631483,-2.0180250633580816,0.119705330856,0.0523381848578,8.4876347600373679e-07,0,4.2438173800186839e-07,16,1,1,1,0,0
396,0,-5.0655095755025794,1.6353780710828634,-2.9975151730096443,4.0871366402233642,3.9729341260559843,-6.248245919999448,200.255076736,50.6595025673,0.82186773367422372,0.0027103074071795556,0.41101517605932725,60,0,0,0,1,3
397,0,-2.711488675679917,3.8945087804496366,0.29839183450112949,-5.8853599608151255,-4.3224584445964549,0.99463854254530903,0.180982629805,0.0385326443222,4.8503989763549399e-07,0,2.42519948817747e-07,23,1,1,1,0,0
398,0,-4.8705236252556405,-1.3826943292826286,0.17978774481752335,1.7286683246828713,-1.7043188114283365,0.016528555066336135,169.186124705,0.357798391105,0.028662941819944134,0,0.014331470909972067,60,0,0,0,0,3
399,0,0.29296778763532466,2.5898149276655742,2.0794764456531172,1.375721220791112,1.0195111719496799,-2.6532325341088114,0.619818675129,0.106509661703,3.8398490332881737e-06,0,1.9199245166440868e-06,6,1,1,1,0,0
400,0,-5.2796860130415704,3.2302721884623988,-3.0867502336755428,3.446736360370803,0.91124906201750555,4.2782511269879775,44.5720069901,5.39142500428,0.010841119561625361,0.0010341099569714041,0.0054515830795218226,60,0,0,0,1,3
401,0,-0.55260672603970984,0.49689489383882263,-2.5897474372342155,1.7952568815903762,-2.6872054786547044,-2.7801784464179353,0.429451450765,0.0471270082597,8.6097010195151685e-07,0,4.3048505097575843e-07,11,1,1,1,0,0
402,0,-3.1872284725723521,6.2831853071795862,-3.1311375950502134,1.7150872835481898,0.86604106114464907,6.2831853071795862,992.314997811,46.9287372654,1.6555499423399593,0.020997128063179164,0.82840488501187504,60,0,0,0,1,3
403,0,4.5235175974060091,-4.5878868237807566,1.0580194186240186,-2.6053154298682366,-5.2903206762395101,-1.5323261945697433,0.00354670489047,0.84580938169,0.00021792133777470823,0,0.00010896066888735412,16,1,1,1,0,0
404,0,-1.1239123505002659,6.2831853071795862,-3.1415926535897931,1.3135383604295043,-6.2831853071795862,-0.15926157537123997,869.68415073,48.0598711094,1.4599409762904045,0.022706999999999998,0.73065169814520226,60,0,0,0,1,3
405,0,-0.43624883096689504,-2.8931711778575,0.083470048032547095,6.2831853071795862,-3.5663572961602927,5.0819212734972181,59.3599009761,7.0284140145,0.018571273001168575,0.0075689999999999993,0.0095127065005842868,60,0,0,0,1,3
406,0,-2.5287145166359482,-1.7111811689521195,-1.66544885631563,3.1350593601508514,2.985611734750433,-5.0555463980794775,0.670368712631,0.480128770261,7.0670909418785814e-05,0,3.5335454709392907e-05,25,1,1,1,0,0
407,0,1.0434121885923948,-5.2139763237030738,1.8644186531179558,-0.99157902834217249,-0.77390777923467391,-3.622109572983581,0.017969786667,0.685728986386,0.00014323881846702065,0,7.1619409233510326e-05,9,1,1,1,0,0
408,0,-0.84287921354973883,-6.2831853071795862,0.36880549387573325,6.1005279318634758,-3.5137991805279865,-4.2883970108757943,56.904847106,0.432352178727,0.0032951032730139454,0.0075689999999999993,0.0018746216365069727,60,0,0,0,1,3
409,0,-1.2519340984905554,3.8687098893466341,-1.9282421596901085,-4.4302211348669349,4.8932151594805582,0.0027025468131784093,0.0157666388986,0.802405022818,0.0001961293381512056,0,9.8064669075602798e-05,16,1,1,1,0,0
410,0,-0.59056923319125876,0.44085938924477169,2.0372641660617075,-5.7796771016804307,-1.235644818407807,2.2405422150690644,0.037883194549,0.969254221658,0.00028617541131312045,0,0.00014308770565656022,38,1,1,1,0,0
411,0,-2.9678744664204362,3.8386306768306548,0.9414910205781134,6.2181088245105203,1.8556684705274911,0.13142404197143168,4.87143266882,0.414080096857,7.5961267770349974e-05,0.00048064061215976494,5.2399852249967935e-05,40,1,1,1,1,0
412,0,-2.085946551528385,5.3657299521266246,-0.0017353203163784636,-4.9459037994021262,-1.5553601813335227,-3.2147303053223397,164.66737757,5.31791802042,0.035730002653014993,0,0.017865001326507497,60,0,0,0,0,3
413,0,4.8328749036260286,1.3067438783629775,-1.4910467328415853,1.2883255230245527,4.489777316245168,-2.4953840263274394,0.499910691658,0.278889945885,2.3942932347216801e-05,0,1.1971466173608401e-05,13,1,1,1,0,0
414,0,2.1019757911287411,5.9101406408391473,2.5646130406464414,-6.2831853071795862,4.8028028771470606,-6.2831853071795862,25.9244602589,9.11975764816,0.026007102217350728,0.015137999999999999,0.013457691108675365,60,1,0,0,1,2
415,0,-1.2038933806323258,0.75773419415965737,1.3901698006696352,-3.9784409298483863,-4.3537137033432565,-1.1124385773952279,1.30264148428,0.124373133931,6.4089031424158944e-06,0,3.2044515712079472e-06,15,1,1,1,0,0
416,0,-0.14163745285942758,-1.3503198874210263,-2.1458977202392835,3.3253522288604986,1.6070676524802565,5.3366755107823973,0.00199243514314,0.886127519953,0.00023919229797018544,0,0.00011959614898509272,52,1,1,1,0,0
417,0,1.2014913358237236,1.7568438129499111,-2.3390817728929072,-3.8048431180461884,3.1740174737438163,6.2831853071795862,50.2084276541,13.3908432415,0.05714326218740718,0.0075689999999999993,0.028798701093703589,60,0,0,0,1,3
418,0,-6.1927089418553676,-5.5022497847331628,-2.448559736759393,-2.4135266058886544,-2.4706633397225466,-3.4376023234895361,0.0161715375752,0.922349698384,0.00025914712411250786,0,0.00012957356205625393,33,1,1,1,0,0
419,0,3.6061848039910283,-4.1832931914073113,2.8507327018627806,1.1338828134063756,1.4791426670746814,3.0795287088877252,0.201532291416,0.671152493353,0.00013725421281088804,0,6.8627106405444018e-05,9,1,1,1,0,0
420,0,-5.5907099231057495,-4.8258786030927929,2.1043602979326836,-2.7852560452633908,4.5914658925240044,-4.6678812412531396,0.464526775004,0.00978857819051,2.4497242750145009e-07,0,1.2248621375072504e-07,9,1,1,1,0,0
421,0,-0.24902801731199764,-2.1390079781077578,-2.4601896016902152,-2.8647118599683847,2.6286490598326182,4.687964309007282,0.127817060349,0.20288463957,1.2555053343343005e-05,0,6.2775266716715026e-06,18,1,1,1,0,0
422,0,-2.7848265243208408,-2.2721087141976128,-2.5662277356756928,-2.1687572151015355,1.5951125471429699,-3.7454443343490236,0.0463788574755,0.432690420417,5.7032928924144967e-05,0,2.8516464462072484e-05,15,1,1,1,0,0
423,0,2.6849319898170032,0.73997021745759606,1.5535853767963896,6.2831853071795862,3.1038538642515219,-3.5091061117981166,491.967841023,30.3939877103,0.52343625023256912,0.0075689999999999993,0.26194519511628456,60,0,0,0,1,3
424,0,-2.9162906132744331,3.7427807024735307,-3.1343708973643611,-3.4402769310776433,0.29027535804720023,0.96183346967861327,116.444252592,7.85898589602,0.032373550498517839,0.0063645681797544007,0.016377712294651552,60,0,0,0,1,3
425,0,6.2831853071795862,-1.1532862019105177,-1.8368002374782753,1.8069384199676988,3.2552413743997377,6.2831853071795862,933.005548189,38.0445271894,1.3113983566544076,0.015137999999999999,0.65615331832720381,60,0,0,0,1,3
426,0,-5.1162626634396098,0.84803098073938776,3.0985390263371979,-0.8959753011376741,-5.0781543993157632,5.0165712796811697,240.376318201,1.09755883291,0.058147727276880237,0.0019312836776538423,0.029131802148769734,60,0,0,0,1,3
427,0,6.2831853071795862,-3.8256864389240675,-0.24422878284645305,-3.9076864668280216,5.4958446688349776,-5.9743759210326397,198.374130386,50.0485964485,0.8023768969385574,0.0075689999999999993,0.4014155184692787,60,0,0,0,1,3
428,0,-1.1694688496981782,5.0619576035228544,-0.71666446201245992,-1.1941811288076094,0.68409828629432068,-1.5263315272636306,350.476219473,19.0086631147,0.23290077137507387,0,0.11645038568753693,60,0,0,0,0,3
429,0,4.2413229060443545,-1.2493098218669687,2.4825986002685916,4.331214374185997,5.0942216010982442,-6.2462643048569895,4.85487955913,0.0591825169349,2.463679946436694e-05,0.0025079060083733583,8.755557998338422e-05,32,1,1,1,1,0
430,0,6.2293564702347997,3.0009580883012621,-2.4539420539109904,0.85768762255153508,4.3583729382551795,-5.2538342737391437,1.20856977898,0.213087675334,1.5292208337438693e-05,0.0011003260584355557,4.0655885921786014e-05,12,1,1,1,1,0
431,0,-0.40264351087318739,5.0256028553632071,-3.1173635102420438,5.8908131955303054,-3.0618784373955883,-0.63873704929585084,1151.54290882,25.0803077579,1.5176620798894256,0.0039401804448574076,0.75894924535805852,60,0,0,0,1,3
432,0,-6.1055532082175148,3.0066168144106178,-1.473970296198819,1.4455211987558669,5.2975546219836449,6.2831853071795862,1.46628880913,0.488286415829,7.4777991995284913e-05,0.0075689999999999993,0.00026445899599764246,13,1,1,1,1,0
433,0,-1.9976407465825203,1.4522335223500438,-1.605966893221717,6.2831853071795862,4.3324309983005289,3.5263141019002933,18.3797716568,2.70082520722,0.0025598346153016304,0.0075689999999999993,0.0015069873076508152,60,1,0,0,1,2
434,0,-3.3166763043785266,-6.2076663836621586,-0.48480245195258326,6.1138082051514777,3.8390307231069092,-3.4269740032210625,318.282116229,15.5294730744,0.17476642359259126,0.00013181511719867652,0.08738716624981159,60,0,0,0,1,3
435,0,1.7772960135983282,-6.2831853071795862,1.924308457812689,1.4242166570716452,-4.6307325286135201,-6.2831853071795862,174.87918661,37.6193938392,0.46168302701343672,0.015137999999999999,0.23129565350671835,60,0,0,0,1,3
436,0,-3.1052076193446356,-3.1181230423229609,-0.24294605228328542,-4.6250331864923266,0.29727762531094026,-3.5558648820108898,83.7673552591,0.00155432702022,0.0070169705430360163,0,0.0035084852715180082,60,0,0,0,0,3
437,0,3.375167753691183,-3.5372261569933916,1.390308357955413,6.2432300934185232,1.7593090360021575,1.8196819736372283,5.28217245369,0.201435915406,4.0261632636663731e-05,0.0022132119122672722,8.6527173686350031e-05,60,1,1,0,1,1
438,0,0.40144042243451122,-0.85147554176248907,-1.8498460140209643,2.491422758164882,5.257158882287257,0.27084765234009184,290.880926529,50.4202736707,0.85901133556317544,0,0.42950566778158772,60,0,0,0,0,3
439,0,-3.3889988194721354,-1.4043934986263877,-2.6462942811514418,-2.0292870154604801,-4.9971605440167668,2.3130486795682024,0.309996745739,0.742124395183,0.0001678637209262025,0,8.393186046310125e-05,9,1,1,1,0,0
440,0,1.3987351182425616,-0.6982136488905466,-3.0272505345835969,-1.4781587472581359,4.7504771008698627,0.76194225601811105,0.795562057761,0.626641632455,0.00012025000682606914,0,6.0125003413034569e-05,17,1,1,1,0,0
441,0,-0.34282636003711986,-3.9811448207505777,-3.1147250353947418,-5.5186259373136499,2.6262447622311531,4.6988346393843612,120.701512326,2.53094151464,0.016520132207089446,0.0036159033415361194,0.0083685432037908063,60,0,0,0,1,3
442,0,6.1118225901676428,0.94667554209397009,-1.6464090100107662,5.3959295320142715,5.4540017823091675,-6.2831853071795862,7.79886938561,0.528907681026,0.00014603705661860736,0.0075689999999999993,0.00030008852830930364,60,1,1,0,1,1
443,0,3.2732533882781629,-3.8765206794785128,0.17327034193059371,-4.3488478891353699,2.690661058748693,-4.7476168373488399,1.0251223136,0.0333227390675,1.3891244452727717e-06,0,6.9456222263638587e-07,17,1,1,1,0,0
444,0,2.2211664243368578,-1.9221065690473393,-2.7651534061299605,0.33425416049943329,4.1649782989986388,1.7310226937702582,0.00906826423493,0.900209249057,0.00024685493923233152,0,0.00012342746961616576,18,1,1,1,0,0
445,0,2.2852605768229184,-6.2831853071795862,-0.67167749630610285,6.2831853071795862,1.4330177610891859,6.2831853071795862,678.964426661,50.1619160184,1.2274764722064515,0.022706999999999998,0.61441944610322574,60,0,0,0,1,3
446,0,-2.8239292753349998,1.5018446029468768,-2.5833434371421293,-3.2763215405390702,-1.8472625830479916,-1.5061282998850565,0.151045407533,0.0978384643391,2.9387238744455549e-06,0,1.4693619372227775e-06,10,1,1,1,0,0
447,0,-1.7805587316932903,-1.7061989949169192,-2.734506223902299,-1.223771199008117,-3.751574606814037,-4.4907823702773646,0.118387971646,0.264642529378,2.1348100299374203e-05,0,1.0674050149687102e-05,12,1,1,1,0,0
448,0,2.110887122608712,-0.11578102962090309,1.7388929500509922,1.0066159042446012,4.3204119702391495,-5.6571337460754982,0.212435379309,0.612600744292,0.0001143618541450706,0,5.7180927072535301e-05,9,1,1,1,0,0
449,0,-5.7132849800614451,4.8190523355643293,-3.1178522722875628,1.6301877847221897,1.557948242737293,-3.5976632942888873,1153.78383031,5.23412298686,1.3395624391409289,0.0040017793577872092,0.66990127295119806,60,0,0,0,1,3
450,0,1.3703971621397066,-6.2831853071795862,-1.8577322554846289,5.706446001640086,-2.7651082185084079,0.20679274617232207,253.996649252,1.59703111737,0.065291227116290082,0.0075689999999999993,0.032872683558145044,60,0,0,0,1,3
451,0,-5.6352331643435054,-4.8887139156824162,2.5193472614092074,-5.2845811642855853,-3.6758370566824716,-2.1690417650320728,0.228772883131,0.0242324670448,2.3121217620678022e-07,0,1.1560608810339011e-07,44,1,1,1,0,0
452,0,3.5864392469623718,-3.0590666560547448,-0.68970464977084422,1.8252218937869893,0.86366374375127997,-4.4893996098963207,1.74490643369,0.260726374145,2.3752055195338137e-05,0,1.1876027597669068e-05,17,1,1,1,0,0
453,0,3.4829867675218873,-2.9971242431376068,-1.8509573023089951,-6.2345433676815949,4.0324258433077764,-2.2296365679123977,4.92248049136,0.0597087024491,2.53168146301062e-05,0.0014713408054757566,5.6798631479325794e-05,34,1,1,1,1,0
454,0,2.4714192506112886,-1.7895622800592617,2.5773536166415112,6.0127383402059822,-2.682043038620904,-1.9059506946246376,0.0143218902311,0.918215282825,0.00025682903256499863,0,0.00012841451628249932,32,1,1,1,0,0
455,0,-2.7941741292651958,-1.2034318623634508,-2.2435917881882474,-3.1243390494814545,2.9548440046919424,-5.0577242920059113,0.0481566119339,0.674106295478,0.00013842635299643512,0,6.921317649821756e-05,45,1,1,1,0,0
456,0,0.099150552673083148,6.2831853071795862,0.18662840788742663,2.4652984097607398,1.0857103347219168,-0.77349032930444672,380.876108154,2.90455145996,0.14763649000682871,0.0075689999999999993,0.074045315003414353,60,0,0,0,1,3
457,0,4.8299007214027219,3.1342175685516307,-3.096891178366671,-2.0964767879952877,1.7651706259332729,0.3699233823266736,17.1922810893,0.0373279541468,0.00029599897570543198,0.0017891651983001559,0.00020167444380172068,60,1,0,0,1,2
458,0,3.9191461254944251,1.7118900397352999,-1.440435984966425,-2.159276348908826,-3.7798654075766303,-4.5658303887695686,0.0452551426432,0.169173998769,8.7201504098784062e-06,0,4.3600752049392031e-06,26,1,1,1,0,0
459,0,-3.8798310468556383,-4.8819973546658924,-1.3595339641821977,-5.2627989926096141,-1.703237368553135,-0.25189808191521618,0.0139877246048,0.0894094360837,2.4353217066798354e-06,0,1.2176608533399177e-06,23,1,1,1,0,0
460,0,4.6268439543850102,-3.9428567438156885,-0.080578989707243587,2.6560609690058592,1.6585355639414385,-0.38701713092993989,134.63120945,3.44121476888,0.021732829579949341,0,0.01086641478997467,60,0,0,0,0,3
461,0,-0.77115250949096004,1.8431931602978526,-0.52732579334948415,1.5972102658370253,4.6394225140449743,2.6485807170766011,329.410671857,53.232749088,0.97171356391686303,0,0.48585678195843152,60,0,0,0,0,3
462,0,-5.2113940853923317,3.6510857768803735,-2.2624414903727597,-0.12712447763858389,-1.5535009379900457,-6.0469356202705891,0.109828810441,0.176955487035,9.5506220793492518e-06,0,4.7753110396746259e-06,21,1,1,1,0,0
463,0,3.8757877992326688,5.9045054939616639,-3.1365848124352191,-1.3106537460963692,2.2998398694491096,-3.5188845779473663,334.584323578,1.958407948,0.11311498756613689,0.0067227141121335718,0.05675917520643245,60,0,0,0,1,3
464,0,1.2656799305530841,5.4077326180634238,-3.0942149371876946,4.0142986197746131,3.7786074345307266,-1.3233806952635006,361.41699111,56.7452325712,1.1114968579458042,0.0015699253575125309,0.55579552673362753,60,0,0,0,1,3
465,0,3.0638307968436589,5.7960694014980128,0.23193698696176929,2.0640593924818642,5.4388352296827112,-2.0146315065074489,29.576257847,0.000168855363315,0.00087475503691821757,0,0.00043737751845910879,60,1,0,0,0,2
466,0,0.7680710637028475,1.5667565682749256,-1.9586330869547599,-6.2831853071795862,0.37778968081178005,3.2947268012952033,15.6673839233,1.10379118484,0.0006165990693059463,0.0075689999999999993,0.0005353695346529731,60,1,0,0,1,2
467,0,1.1793060957935093,3.1234318919915025,-1.7183431427388527,-0.73621140157371112,-1.2612389692388011,0.87401305361964121,0.0141611244376,0.527039712003,8.4614042601793729e-05,0,4.2307021300896864e-05,12,1,1,1,0,0
468,0,0.56115826459302109,5.4217995078918575,0.93436587837409979,-2.1092849782614809,-4.638374987559855,-1.6578337086540034,3.61714967432,0.137504460309,1.8843318504507456e-05,0,9.4216592522537278e-06,11,1,1,1,0,0
469,0,1.2559192092760714,-5.5292210365030456,1.9158809871693561,-0.31190188262052282,4.8757958760907814,5.6080458306773417,0.0227176414567,0.889286672087,0.00024090134935214784,0,0.00012045067467607392,28,1,1,1,0,0
470,0,0.30775593686725344,-2.0551060110574428,-2.5610265331298288,3.8818190077560346,1.0883618851198802,4.8507110889949114,1.68179696362,0.687829298534,0.00014694572772559872,0,7.3472863862799359e-05,45,1,1,1,0,0
471,0,0.58987660370829054,-2.9373791783434924,3.0908262660561974,2.9974022959062649,5.7919867304233117,-5.6603091705808533,24.0831788639,0.0742028712523,0.0005816767478392128,0.0013128746723655652,0.00033022461409057337,60,1,0,0,1,2
472,0,3.7135473056634178,-3.0797049218011683,-1.587657120982626,-0.26441329537608127,4.6632422713035968,3.6183343973835989,1.54939866464,0.208323601215,1.5620643190397853e-05,0,7.8103215951989266e-06,12,1,1,1,0,0
473,0,-5.1453987435591024,5.1048897716170396,-2.4819706757285025,-6.2831853071795862,-2.5304083005826925,-5.9061191586589805,4.87746503365,0.755740956547,0.00019777019659845106,0.0075689999999999993,0.00032595509829922548,33,1,1,1,1,0
474,0,0.30631265590476708,6.2831853071795862,-3.1048194182185389,-1.7459848323143201,4.6513110317971043,3.1901498007600919,119.307940671,18.777542479,0.12164129938887246,0.010091727885071428,0.061123401530988372,60,0,0,0,1,3
475,0,3.7149822308257789,-1.677655384056274,2.2570168249239284,-3.3036674560877506,-5.1725942686456747,3.5633559979304077,0.0124391962043,0.937733568426,0.00026786372985748144,0,0.00013393186492874072,24,1,1,1,0,0
476,0,-1.2543751834522148,-1.1401565365789745,-2.5072833280961317,-4.6350712547985644,-4.437091690453828,4.9397181182658754,0.178122602189,0.00379210376331,3.6108075427823294e-08,0,1.8054037713911647e-08,15,1,1,1,0,0
477,0,3.0125270527585557,-5.4762376437818254,2.487005996587361,-1.5074127846101617,-2.3110707895963891,4.6938907723814198,2.49594118172,0.716178297302,0.00016247145547320098,0,8.1235727736600491e-05,36,1,1,1,0,0
478,0,5.239337138647099,-4.4498677377781171,-0.74115142844113147,3.483348332460888,1.9087384016877205,-0.73007269425309484,0.0720893718869,0.0955569784754,2.7867000068080768e-06,0,1.3933500034040384e-06,32,1,1,1,0,0
479,0,4.4707973722085113,2.720542427043565,2.8227092117685237,0.12373129758132231,-4.3610239352788049,-5.8526136913747475,1.4415395827,0.783403958248,0.00018902837591464877,0,9.4514187957324384e-05,11,1,1,1,0,0
480,0,-4.9870249358880923,-1.3903071477361619,2.5993077233609307,5.4705250827440839,-2.5429326954824156,-5.8682904371525906,0.0440104947351,0.817665899127,0.00020366229678401979,0,0.0001018311483920099,45,1,1,1,0,0
481,0,-2.9130761390332052,-4.263310140047408,2.3453406974472406,-0.69416588529007073,1.406661742588428,-3.5754094264964498,0.106756127712,0.17852938968,9.7203895987596716e-06,0,4.8601947993798358e-06,18,1,1,1,0,0
482,0,2.4543324427832576,-4.7077424663199432,-2.6544256080407616,-6.2831853071795862,-1.163109111827562,4.5110558646739287,29.0033037081,1.63343191203,0.0016539413062107038,0.0075689999999999993,0.0010540406531053519,60,1,0,0,1,2
483,0,-0.73004770793723273,4.3860449214042143,3.1274898537414972,-4.4194379403477049,4.2257568836502006,6.2807639801141049,226.823347989,0.458974783576,0.051513001244260601,0.012467553705321884,0.026130527233289957,60,0,0,0,1,3
484,0,-6.2729497330855679,4.2610959120539622,1.4365317985837649,1.5278601478267788,-1.9473859970908476,6.2831853071795862,191.418562185,43.0385062311,0.60088787831308577,0.013461777084674949,0.30084779246908311,60,0,0,0,1,3
485,0,5.0623584691756038,-4.1270972327633935,2.5240016655916846,0.80538453850773895,-3.728622014589912,-0.92715539436948824,0.214366481568,0.0850718030258,2.2505337338061075e-06,0,1.1252668669030537e-06,26,1,1,1,0,0
486,0,5.7955802250159563,-0.35235501306964578,-2.5774641134542398,-0.4739844711966234,-2.6352671483721908,-3.5337239515188612,1.9648962228,0.62275973114,0.00012200049443608109,0,6.1000247218040546e-05,8,1,1,1,0,0
487,0,6.1236191787470249,1.0378003644978131,-3.0980702609566975,-3.5807136472327796,-1.6586806005685746,1.6087977387642007,252.672803655,38.9579282347,0.52616754856366643,0.0018903023423506946,0.26314048335210372,60,0,0,0,1,3
488,0,-1.1839729278057232,1.8322785273820323,-1.8812654048228437,1.9412679347999073,-2.1299588212902849,2.4061096934539092,0.314239070963,0.893715510737,0.00024340503019927394,0,0.00012170251509963697,15,1,1,1,0,0
489,0,-4.5756378475359556,2.9150522732596742,-0.23826121463052008,1.2617311510455869,0.96160543200532977,3.3510260914781091,103.869233561,0.0105489019043,0.010788851578239417,0,0.0053944257891197084,60,0,0,0,0,3
490,0,-6.1431601172290362,-0.26206367335142217,-0.51841438456719324,-4.2365793736675856,3.9978735843913746,0.31391766971051688,3.85545660608,23.0700406428,0.16214041156679346,0,0.081070205783396729,60,0,0,0,0,3
491,0,5.1137058752791322,4.1124565558095032,-2.9951297888886286,-3.6842522098565258,-4.4151486128313238,-6.197922443297041,67.896260032,1.96565397314,0.0057868815549591817,3.0176418905658267e-06,0.0028935313067363078,60,0,0,0,1,3
492,0,-6.2344821494579099,-2.8412111479223539,2.9001377117072704,-4.014974304843669,0.25862273921863188,-6.2831853071795862,466.498016968,32.4261076557,0.53791113452773387,0.0090356481284907982,0.26922663670772168,60,0,0,0,1,3
493,0,-1.951900624384737,1.0323620665918811,-2.8031686683623085,-3.0857913743062744,4.4544809743140146,4.1069116546528361,0.29762834528,0.808851555552,0.00019938173890241692,0,9.9690869451208461e-05,14,1,1,1,0,0
494,0,0.19244232305675543,-0.49027741082201653,-1.4162258037068371,-5.4847700327581537,2.1773397804342536,-2.3509897151483417,0.0388005857329,0.596622544397,0.00010843265326881191,0,5.4216326634405955e-05,35,1,1,1,0,0
495,0,-1.2457763767368182,-6.2291434992652013,-1.6348119112236303,5.9366271736354159,3.1189724851442784,-6.2831853071795862,690.096007573,4.42686716347,0.48220213381508614,0.008655242425552297,0.24136072418030963,60,0,0,0,1,3
496,0,-0.76168169858794776,-5.0733750435007723,2.9772412958652921,3.3476017760195638,5.3813749911175961,3.2945463879969528,279.395976291,57.2549849076,1.0766386181466692,0,0.53831930907333458,60,0,0,0,0,3
497,0,-2.4648278177198253,-3.4829424700474574,2.2799671649022946,-6.2257591569286017,1.5745685026139438,1.5682236979221778,4.95136535289,0.0316179782894,2.4820543841799966e-05,0.00087461258897734257,3.8648649590220257e-05,40,1,1,1,1,0
498,0,-0.35481772634643532,-2.1308940207249361,-1.1511845374695977,6.1807721463040357,-1.4069008271151278,-3.3035497105659988,0.016564057121,0.498310489503,7.5640844500291462e-05,0,3.7820422250145731e-05,26,1,1,1,0,0
499,0,1.7503828138654378,3.6630568688608749,2.5699762818462832,1.5065637829192893,-0.40643020029561489,6.2831853071795862,37.3683158959,7.96000045716,0.020697440355472323,0.0075689999999999993,0.010575790177736161,60,0,0,0,1,3
500,0,2.7643285576911496,-5.2166543249066093,3.0304039350701806,-4.8455265265851057,-6.2399813881518327,5.9331853071795866,196.45133673,44.9889766426,0.65514122818414511,0.0019180967085275665,0.32762815699332837,60,0,0,0,1,3
501,0,2.7569528018922673,-2.8481480746830998,1.5399217046727829,4.8867695192981122,1.5895050705003713,-2.4189821751893348,0.0708991365833,0.330203330322,3.3218755348555296e-05,0,1.6609377674277648e-05,11,1,1,1,0,0
502,0,-3.5512923894815431,3.5667518636457993,-0.20025158871480558,-4.497257522235854,-4.9690194418105094,-4.7981062855703422,63.7119171214,0.0147471908384,0.0040592746313762584,0,0.0020296373156881292,60,0,0,0,0,3
503,0,-2.8558887390126646,3.8344617422109493,2.3218375993843887,0.25400800541245339,0.60909612950898573,-0.046547332908305206,0.768506975023,0.951126600592,0.00027616025707160945,0,0.00013808012853580473,15,1,1,1,0,0
504,0,0.99290469917806812,-4.7563100415859996,-2.9657661456820912,-2.9422410176892089,5.6486844174484752,-5.8357038204694671,115.905195208,0.528867543903,0.013519216036280727,0,0.0067596080181403636,60,0,0,0,0,3
505,0,-0.38670624300501988,-0.73479451639186677,-1.5742081452237064,0.55853954249674731,-4.6879323405777829,-0.99517734329464258,0.234300151966,0.0627422661899,1.2540510488425469e-06,0,6.2702552442127346e-07,49,1,1,1,0,0
506,0,-6.2816044059449219,6.2731898754359783,-3.1169957954522167,-2.8309718754214162,1.6038457973414877,-5.167643042421675,280.485899424,25.8818118471,0.28272585773170766,0.017120278080537267,0.14187653720826995,60,0,0,0,1,3
507,0,2.78364184733721,4.9879271456362497,-2.9537427409285284,6.2831853071795862,3.2115118119188564,-6.093161060766457,137.885129126,1.24171308582,0.019481983625507741,0.0075689999999999993,0.0099680618127538697,60,0,0,0,1,3
508,0,2.502154380149531,3.1233731780950174,1.51779965007026,4.7248360800195783,5.2675136171065065,-3.251306820647581,1.248684018,0.159211663543,9.2807619096444887e-06,0,4.6403809548222443e-06,23,1,1,1,0,0
509,0,-0.78679802202235927,6.2831853071795862,-3.1415926535897931,5.9331853071795866,-2.0388699991787558,-0.117658140357264,423.71149258,26.0032019232,0.38550352664605397,0.015137999999999999,0.19320590332302698,60,0,0,0,1,3
510,0,-6.2262248804630005,5.3366189910260946,0.31042472234959395,-3.0456880278936111,-1.8889491366666311,-3.1446460417016149,2.47987594309,0.531474929424,9.2193727128272784e-05,0.00090237596304961517,7.3168142455624853e-05,27,1,1,1,1,0
511,0,1.1672989312413928,-6.2831853071795862,-2.7675858033146592,-3.3250408511718259,-4.1792159344602178,-4.6673128665175394,124.037832672,39.7221991257,0.49602692508944513,0.0075689999999999993,0.24824053254472256,60,0,0,0,1,3
512,0,1.78030992304265,-1.6407400101512337,-1.6211701410927102,6.2831853071795862,3.0768458275627801,1.6439611977128956,17.8075827823,7.34844202076,0.016766328866405476,0.0075689999999999993,0.0086102344332027372,60,1,0,0,1,2
513,0,-4.5590908565433637,-1.6070898008968844,-1.7918094295431917,-1.9529399394351099,-1.8170032899350925,-0.18075503539185689,0.117215539673,0.983946218997,0.00029492914376028886,0,0.00014746457188014443,34,1,1,1,0,0
514,0,-4.6219004796952055,4.899394281057142,2.7290159472608506,-0.16925408527295052,-1.5935805833696843,0.77141357039500558,0.0107023959821,0.037599473083,4.3075839455200589e-07,0,2.1537919727600295e-07,10,1,1,1,0,0
515,0,3.6727466075150641,0.66193864103758182,-2.9385630034664088,6.2751602316549562,-2.7645042135828994,1.5683079585203921,4.44410176384,0.682273368645,0.00016154852018136672,0.0062370386958903856,0.00026788542096739494,25,1,1,1,1,0
516,0,2.8377515727040299,5.8818893038077196,0.0078437620571803479,0.082676555918376859,4.2665194669016273,0.028572614811150542,96.2024185567,0.0507021639203,0.0092556884190304282,0,0.0046278442095152141,60,0,0,0,0,3
517,0,0.54721429964541057,0.215733821931794,0.19368785399228317,0.88015846224082606,5.0771941932037929,1.4829720436280622,173.859385147,0.951590128531,0.030502924118987251,0,0.015251462059493626,60,0,0,0,0,3
518,0,-2.0620943288343603,-3.9876453974559962,-0.38472270712307177,2.3669876810243782,2.4032926695879269,0.22472207989625531,0.129495079005,0.446455439319,6.0733862232228286e-05,0,3.0366931116114143e-05,6,1,1,1,0,0
519,0,-0.49888202901275236,-5.0799131864448128,0.013347587397201738,-4.389237847918972,2.29654942482385,1.5466430435025851,4.1378658763,0.680188015069,0.00015805493051233743,0,7.9027465256168716e-05,16,1,1,1,0,0
520,0,-2.7745222500512461,-3.2820045563106546,1.1671877762270875,-3.8105593719943713,-1.141800233614447,-6.2831853071795862,2.39519739663,56.7515315734,0.98109812943271624,0.0075689999999999993,0.49077613471635811,60,0,0,0,1,3
521,0,-2.5816383526127287,3.5198530427429899,-2.5332956746674316,3.5899018369635018,1.7147008120117195,1.2432798162315091,0.24264206048,0.14964079629,6.8799805065135844e-06,0,3.4399902532567922e-06,29,1,1,1,0,0
522,0,1.1979738170452843,1.7425706797256886,-2.4908394803682286,-3.8436991266127736,4.4595099517308014,6.2831853071795862,2.14431233918,0.92909130633,0.00026754707801801526,0.0075689999999999993,0.00036084353900900758,44,1,1,1,1,0
523,0,-1.0320368498846761,-0.28362039949591678,2.7706576131642011,5.0174945778247988,5.1429511029550037,-3.0458487197443351,115.180279155,1.06369236965,0.013611153483602872,0,0.0068055767418014361,60,0,0,0,0,3
524,0,0.82623519087534625,1.6277531194747556,-2.0711480720735045,4.6767384457554888,-4.0655787879983105,4.453075010785855,0.02276503185,0.55600287358,9.4169702313100606e-05,0,4.7084851156550303e-05,22,1,1,1,0,0
525,0,-3.9702335454275337,3.2109237962098405,1.7210168405884054,-5.6736395167518596,-5.4744802116064335,-5.0636020761605245,1.0708235702,0.199102343951,1.3222228698758402e-05,0,6.6111143493792009e-06,6,1,1,1,0,0
526,0,-0.20743153324169608,-1.8617966850377003,2.0814790880765499,5.058737326564029,0.69305554022865545,-2.8293600746971284,0.0161742843855,0.749823866573,0.00017126708972263954,0,8.563354486131977e-05,17,1,1,1,0,0
527,0,0.55673737106616317,2.8430910110510288,0.065496866734019943,2.6379747007566174,-2.184400526511213,-1.208555746736895,17.0760562133,7.72488142593,0.018469268561941778,0,0.0092346342809708892,60,1,0,0,0,2
528,0,-1.629271501409199,-5.2714659138687479,-0.29167537541577304,-2.8780768379059878,-4.515346392739219,-5.855319600653754,0.857026306472,0.146167258386,7.2426048788064474e-06,0,3.6213024394032237e-06,28,1,1,1,0,0
529,0,-6.2831853071795862,3.2593463410771837,1.7989034091344411,2.3377885398579838,3.5418612584819558,2.8967388289341227,209.339409858,2.29747168664,0.045430873843369503,0.0075689999999999993,0.022942506921684751,60,0,0,0,1,3
530,0,-3.764901981012033,-2.6224362888831783,-2.8105771766500118,-5.030450616507057,-1.9742595490116854,4.4556993794610005,0.118207164261,0.965309699383,0.00028386343475765254,0,0.00014193171737882627,12,1,1,1,0,0
531,0,-2.6080545074094528,2.9963057612456936,-2.8335302545148791,-4.7429309002311459,4.5630775185476722,5.0990115337710575,0.0115018235461,0.408821281343,5.0912316033354031e-05,0,2.5456158016677015e-05,11,1,1,1,0,0
532,0,-3.8161747519863471,-1.6138872351481943,3.128841324574366,-4.944948864860212,-1.8339772807756294,-0.84368700578943701,116.635517515,6.3806489684,0.026005635863432568,0.0055128651429753595,0.013168203886005545,60,0,0,0,1,3
533,0,-2.1781074608085316,-6.0020800151625373,-1.5880628534009136,-1.8759325981513157,-6.2831853071795862,-4.0380751312462566,80.3330826878,49.8880899853,0.76459179463151827,0.0075689999999999993,0.38252296731575913,60,0,0,0,1,3
534,0,4.9179913566309619,5.0424934151268914,-2.9367825853122973,-0.54542892278134225,4.04822829237568,-3.4348437035216475,0.748225201477,0.00743820851968,5.766945036555785e-07,0,2.8834725182778925e-07,13,1,1,1,0,0
535,0,-1.996484683245334,4.1275174474389731,-2.64584929568935,-2.9369908670383711,1.1616709346800695,1.6581427004520339,0.00108821857797,0.287514723974,2.5181113832488796e-05,0,1.2590556916244398e-05,33,1,1,1,0,0
536,0,-0.66523004684944431,-2.355867702887863,0.035747593226904462,1.4750888293245077,1.9634883274519801,5.2251965536880398,48.3529192218,1.51219711232e-06,0.002338004797271238,0,0.001169002398635619,60,0,0,0,0,3
537,0,6.2831853071795862,4.4176325778479226,-2.0560826825494645,-3.5160279391859253,-5.0803009307101696,-6.2831853071795862,616.88120259,12.1476275172,0.42549324327580018,0.015137999999999999,0.21320076163790008,60,0,0,0,1,3
538,0,5.1349638992250908,-0.88568782107607924,-2.7073243674060503,-2.5747969350482722,1.3711682851526448,-4.8154538612726023,0.0213227197583,0.260497178078,2.0671421066847973e-05,0,1.0335710533423987e-05,17,1,1,1,0,0
539,0,-0.97740483640596754,-4.0545391209750017,-2.9549371480637117,-4.6969136258949487,-6.2831853071795862,5.0575270178603322,13.422239553,1.21722716133,0.00063149046621975688,0.0075689999999999993,0.00054281523310987839,60,1,0,0,1,2
540,0,-1.9063941259081922,-2.8030773666635542,-0.2517437684444308,-5.219153814158215,0.78709420840423161,-4.722175014846937,1.6336626436,0.0196472366557,2.7864401938241966e-06,0,1.3932200969120983e-06,10,1,1,1,0,0
541,0,6.2580312580111865,-0.14155616548628716,-1.7264990736003587,-3.4721749018217549,4.2646686956229978,-4.7004320577684879,10.7749221626,0.0410545997507,0.000116612374227298,0.0038249216342647217,0.00017305383614159064,60,1,0,0,1,2
542,0,-3.9247605852991945,0.96272720795496947,-1.8662877960064115,-4.2360649264455912,5.0897459704149135,-1.1726141174133491,0.078575376619,0.0929501347046,2.6379856011927175e-06,0,1.3189928005963588e-06,42,1,1,1,0,0
543,0,5.3984357768881068,-3.0956520569909851,-0.038428785572545532,6.2163045752166344,-2.6898748622871236,-4.0054869942544835,111.356242035,0.336715133919,0.012434749274075231,0.00040478494634658686,0.0062295181854280131,60,0,0,0,1,3
544,0,-5.9018910731642293,2.2411758743443357,-2.7651489127350741,4.9246587662573926,1.5882525556172735,4.2703236210327722,0.135239435407,0.0531601472978,8.7913891724395355e-07,0,4.3956945862197677e-07,53,1,1,1,0,0
545,0,-1.590007032706952,-1.7586666000535589,-0.8767284647295821,2.6822811790458299,5.5400059395848018,-6.2590477886946951,0.442033157014,0.965900455638,0.0002843923853756613,0.0039516915822374078,0.00026074694015495287,17,1,1,1,1,0
546,0,-0.082353950305428081,1.9423963466718894,-2.3819888648604088,-6.2831853071795862,3.2486963320978561,6.2831853071795862,90.1890390107,25.8753819366,0.21208620582688498,0.015137999999999999,0.10649724291344249,60,0,0,0,1,3
547,0,2.3205940302242594,-6.1755036376530219,1.6027427899224136,2.5919290618991631,-4.9258133516280687,-3.229800120295677,0.0530281789896,0.358471261177,3.9146651553470269e-05,0,1.9573325776735135e-05,32,1,1,1,0,0
548,0,0.16800281464923286,-3.5386340980609048,0.32368029953843902,1.71994249522581,-3.5861178146515087,-2.1019752882036529,139.15644443,0.493949731374,0.019438838514896112,0,0.0097194192574480559,60,0,0,0,0,3
549,0,3.9063073194538211,-5.2182682071954476,1.9439548902306547,-0.65374239735466755,4.4551059261199946,-0.71514866844895664,0.0056301537009,0.158059350754,7.6102150896588862e-06,0,3.8051075448294431e-06,24,1,1,1,0,0
550,0,1.1333080735089565,4.626936482549854,1.5928727162215433,-2.4559900481972443,1.8531006394581593,-3.43030868639232,0.738619341764,0.0464995187282,1.2042039138802821e-06,0,6.0210195694014106e-07,15,1,1,1,0,0
551,0,-2.1935412533017042,-6.2831853071795862,-1.9091014394332149,6.2831853071795862,3.4743816769425053,-6.2831853071795862,297.159816851,0.943122935534,0.088574908119188181,0.022706999999999998,0.044968664059594092,60,0,0,0,1,3
552,0,0.4436388489282454,3.1068652935620382,1.4547026068356408,0.14844158953000713,1.5172902556655268,-1.9212103477323688,0.606357606866,0.1033051441,3.6185322726779189e-06,0,1.8092661363389595e-06,25,1,1,1,0,0
553,0,3.1828640148807543,-1.2809781873024861,2.8805972992031625,-4.0022742680939443,-4.4545901112840953,-5.4743249002411556,0.155973735398,0.0748309412243,1.7300847614596031e-06,0,8.6504238072980155e-07,35,1,1,1,0,0
554,0,3.9874805708230885,-3.0117621642183114,1.1853787742400024,1.6811779865825449,-2.8240895011414437,2.850289975233026,0.410216883573,0.819957457923,0.0002049717786529148,0,0.0001024858893264574,28,1,1,1,0,0
555,0,-0.38495812755118519,-2.4155181138354997,-1.3123426754581939,5.3321846253154943,-0.59111378103501466,1.9943487868078285,0.0956296040102,0.0600059723191,1.1059860559541199e-06,0,5.5299302797705997e-07,11,1,1,1,0,0
556,0,-0.95336309399098773,-4.461799227927191,2.5824685534724581,-4.6430835641817403,1.6811596086310763,-0.80013910992303572,1.82254049379,0.323407975991,3.5182418021930584e-05,0,1.7591209010965292e-05,40,1,1,1,0,0
557,0,6.2831853071795862,-0.87252914100190659,-3.0888117095993985,5.9331853071795866,4.4087724602721199,-5.7607576021163016,60.8820168964,9.65774919711,0.032118932378012229,0.0087399437941885118,0.016321664502831769,60,0,0,0,1,3
558,0,3.8327120395390635,-6.0427497893038273,-0.66298801716043709,1.9573552254276969,-0.80333399881065048,-6.2831853071795862,27.464365015,53.1076976539,0.85990565435084998,0.0075689999999999993,0.43017989717542499,60,0,0,0,1,3
559,0,-6.2744440336676863,-5.5787658380951051,-1.7649045279429225,5.899901778571282,1.8586636382393793,-0.38719767414800954,5.45898403509,0.00104539265212,2.9800839595179889e-05,0.0061244282715392584,0.00019863326794376771,60,1,1,0,1,1
560,0,-0.7818597497374471,-6.2831853071795862,3.1399181574294803,-5.8814159183767547,1.9114768312094936,-3.0117428533967008,879.093708899,18.2507969383,0.8742712493840572,0.014849441605496476,0.4375811079401935,60,0,0,0,1,3
561,0,5.2434431317339714,-3.5505201296289006,-0.16912585886497183,6.2831853071795862,-6.2302897920988798,0.072665464294177209,83.5732947515,2.43726745779,0.0087940061263841584,0.0087321158916103207,0.0046589665399403889,60,0,0,0,1,3
562,0,-6.2831853071795862,5.6471808504757108,2.872286437088758,-6.247086492148421,4.7376569426625199,1.2875671994816456,253.951462282,4.44027381233,0.070497191847625984,0.010159930631231533,0.035553393842749935,60,0,0,0,1,3
563,0,4.7308673715070935,-4.0410527399242406,2.8166506422159361,-3.6767204709843755,4.8492610563537184,3.3057210858575159,4.45105817809,0.844611799163,0.0002371165708476691,0,0.00011855828542383455,15,1,1,1,0,0
564,0,-3.8943594286029257,2.283670757576937,-3.0361983211424701,-2.8369407485332627,4.4971383304469352,-1.5351818743785661,102.885218771,5.91912599123,0.021257960153559779,0,0.010628980076779889,60,0,0,0,0,3
565,0,-5.0449721340059028,1.9767365746413901,-1.2914446434582776,5.4004847650088834,3.8711933147216397,2.0060596402457853,0.308100555087,0.0157655676987,1.7063956362010951e-07,0,8.5319781810054756e-08,28,1,1,1,0,0
566,0,1.2500294445076914,6.2831853071795862,-3.1415926535897931,6.1025569277163756,-2.3335189850650382,-5.9233886079878539,1083.69287993,16.0892084523,1.253244324012962,0.015137999999999999,0.62707630200648101,60,0,0,0,1,3
567,0,0.26271622315280696,-1.2013057767368529,-0.81898422803387694,-4.011615707805233,-1.0734471283984495,-3.6233243437232736,50.5435503513,8.99262556107,0.027188243164570997,0,0.013594121582285498,60,0,0,0,0,3
568,0,1.0892126390162715,-4.2411012908245738,-2.0928600613677122,-2.3664674636385792,1.4402190104208827,3.0653858634894826,0.0668364988853,0.470607288208,6.7468458623915807e-05,0,3.3734229311957903e-05,14,1,1,1,0,0
569,0,-0.68192416607465034,4.4267562806562673,-1.6580002375707339,0.15142523265205296,-3.1955720357604682,4.0804149010651996,0.091492084631,0.00386275894533,1.2915969640749852e-08,0,6.4579848203749258e-09,12,1,1,1,0,0
570,0,4.3765378316102082,1.2711999134170004,-3.1415926535897931,6.1915313189348584,1.308864601412451,-0.33145542006872397,115.859922191,0.96638977438,0.013708006579673054,0.0075689999999999993,0.0070810732898365274,60,0,0,0,1,3
571,0,-3.2664729349397299,6.2483112565574634,2.8515172983685266,-4.8026051143800981,-4.9295522265278109,1.9218321407065921,1.6846355586,0.0543856436202,3.7389938309830689e-06,0.002717114598545017,8.3382934871842045e-05,24,1,1,1,1,0
572,0,-4.6513257366030851,-2.2021057985545203,-2.9824797076228275,4.712243343150762,1.6146293933452358,1.5846512670431165,73.6218373193,0.780697053368,0.0056058355584435761,0,0.002802917779221788,60,0,0,0,0,3
573,0,6.251497202958074,5.954245331117372,-3.1415926535897931,-2.7420706747143906,-3.8219138070575838,-0.9506095607831957,441.834806776,5.00672485856,0.20285393083974071,0.010628405814610289,0.10174581759430866,60,0,0,0,1,3
574,0,3.5665685699010021,-3.0374271455135919,-0.32749031094637793,6.2831853071795862,-1.1704533333483131,0.70693022147983342,74.753910688,0.330681805228,0.0056214572170042599,0.0075689999999999993,0.0030377986085021297,60,0,0,0,1,3
575,0,-0.34795003094684618,1.1329191001797554,0.11528612257954629,-4.288411860377245,0.93461256819368788,-3.6043128730752301,104.008667464,0.208149064762,0.010831000772045036,0,0.0054155003860225179,60,0,0,0,0,3
576,0,-2.2877870942742602,1.8494983422934905,-0.70951224049492301,-3.1261937133935027,-3.2119105510490114,-5.9824401502810574,89.6865664032,2.19573339628,0.0095123154501849765,0,0.0047561577250924882,60,0,0,0,0,3
577,0,-3.3101933676554824,-6.2831853071795862,1.8992301666799172,6.0340129337541413,-3.28175777239721,1.7873601146284672,551.70883583,26.746460145,0.52229775666566913,0.0075689999999999993,0.26137594833283456,60,0,0,0,1,3
578,0,-5.8087186678202212,-3.1347035307833973,-0.70103173009056174,0.64422382230135788,-3.871019757009349,-2.7940535504213022,0.211699923819,0.437958170884,5.8472679787814668e-05,0,2.9236339893907334e-05,17,1,1,1,0,0
579,0,6.2831853071795862,-1.2817951940975569,-2.3771543916968123,5.4407717467590979,6.0090803577619702,-6.2831853071795862,869.958244684,11.4196089791,0.79655173429330739,0.015137999999999999,0.39873000714665369,60,0,0,0,1,3
580,0,-4.7812690601348873,6.251826204211631,-3.0197849250975382,-4.487153689132799,6.2831853071795862,-3.9398225649087011,992.867432548,45.90590709,1.6277219605746616,0.010664909422530611,0.81418092757000671,60,0,0,0,1,3
581,0,-3.3842828162402236,0.20462795698386405,2.9668910218702833,-2.8694859176968213,-1.6750546026076447,-1.4338052366503968,118.75830901,0.422554930419,0.014157926212194442,0,0.007078963106097221,60,0,0,0,0,3
582,0,-0.4929189394640256,6.2510739813037963,-2.0874800237877209,-6.1968585096240503,-3.9374323979946717,4.3742903544546827,7.55054771956,0.061886974402,5.8177454852256902e-05,0.0030132197486449621,0.00011948531988547732,60,1,1,0,1,1
583,0,-4.9231104114740907,6.2831853071795862,-3.1217104623704728,-4.59327267801378,-4.341053800815506,-2.1721788523846328,66.8900933532,1.20502285302,0.0049166134749613474,0.012073800255519879,0.0028205207451462702,60,0,0,0,1,3
584,0,6.2831853071795862,0.73928351295567729,-3.0366664398078176,3.3736452291577423,5.1110604942181563,-5.1711868208458114,216.269052355,31.4607906937,0.34827694432355649,0.0075689999999999993,0.17436554216177824,60,0,0,0,1,3
585,0,4.4632488254281348,0.26681090427240967,-1.2967592687220328,6.1263971452325316,1.1816601342912354,0.322432123410542,0.154732939258,0.616419145188,0.00011577020387747986,0,5.7885101938739932e-05,40,1,1,1,0,0
586,0,3.471335019993707,-2.8956560796666819,-2.4619287049809722,1.3650088901123214,4.6453522044652251,3.163221597008961,3.4671036659,0.35863047577,5.1199426499088246e-05,0,2.5599713249544123e-05,8,1,1,1,0,0
587,0,-5.0735975410889829,4.8172745137536674,-3.0226877389906672,-2.1394410752398607,1.7850180083254696,3.3256665056097443,110.017671978,6.41840106941,0.024652868469677021,0,0.01232643423483851,60,0,0,0,0,3
588,0,-5.6531739702564217,-6.2831853071795862,-2.3386144231706636,6.2831853071795862,-3.6616128480532391,-2.3785827933992603,163.657914689,2.60102629121,0.028844752774980251,0.015137999999999999,0.014876516387490126,60,0,0,0,1,3
589,0,-2.8185749765464978,-4.5110851441860795,1.0232538826317519,3.6276128257221956,2.9768983884963873,-4.659771554992524,1.11416969015,0.44715990438,6.2150230353130647e-05,0,3.1075115176565323e-05,7,1,1,1,0,0
590,0,6.2831853071795862,1.7933267763571958,-2.9245322616399427,-1.5571665894279352,-5.5738013091545335,-2.7811170195089585,4.63951975865,0.855231531582,0.00024432871304591684,0.0075689999999999993,0.00034923435652295842,51,1,1,1,1,0
591,0,-3.5873137375171238,1.8451555734853522,-2.5067121494908986,-3.8888713098373646,-2.3012092821099279,4.9346451462256367,0.304901177594,0.580649204513,0.00010279579357448459,0,5.1397896787242295e-05,10,1,1,1,0,0
592,0,2.777509470713698,1.3330854703408126,-3.0073294348614241,6.1978382424127778,1.3468978715267541,1.8653270860173474,3.29469679211,0.0796369183828,1.2786922438093782e-05,2.7321948851260748e-06,6.4754270656006727e-06,27,1,1,1,1,0
593,0,4.6352478328429001,-4.9388637663640793,1.7218395208778146,3.3081495358209092,2.4531158060050653,1.0419920891851864,0.263128393283,0.395864415168,4.7805416663214911e-05,0,2.3902708331607455e-05,24,1,1,1,0,0
594,0,1.3807901568734287,-4.503235321911494,2.5503971195068398,-5.3516608636441285,1.8853876920537289,3.3811722200117331,1.06874645041,0.101150293111,4.2588760989615979e-06,0,2.1294380494807989e-06,14,1,1,1,0,0
595,0,3.6735714099848757,0.033744098162025629,-2.8245626669331561,-4.9042075990251144,-5.0881137211613865,6.2707067466040813,28.2500746121,0.158590728955,0.00080572815419405631,0.005553444933898693,0.00056946742511398897,60,1,0,0,1,2
596,0,-0.29419788545073827,-5.9770465814493132,-1.9164879193710296,2.2523388561430089,5.2402169895177533,1.8745775467393004,0.0503195677243,0.742230178794,0.00016781798614756984,0,8.3908993073784918e-05,13,1,1,1,0,0
597,0,1.2017695215877873,-2.3818596944688037,-0.61330505957003678,-4.6933083169648722,0.83444564158557988,4.2709108757884611,1.33094541184,0.515087219154,8.2590938697375425e-05,0,4.1295469348687713e-05,18,1,1,1,0,0
598,0,6.1401764929578269,-0.11946183901490548,-2.9484235573953899,3.2649203921987153,-1.465199411581656,-4.0805562592713924,78.5447927118,3.95407551173,0.010931890441750615,0,0.0054659452208753075,60,0,0,0,0,3
599,0,-3.1594675806706136,3.9079804466818557,3.0748187964887901,3.660963750523579,-4.304093735136135,6.2831853071795862,117.141934539,22.7682929708,0.17163443036043904,0.0079780968565706448,0.08605655808591664,60,0,0,0,1,3
600,0,-0.2662866772731412,5.2708666480784627,-2.2351548136856958,-2.2761415605150215,-0.86724030796742069,6.2831853071795862,156.808108535,53.7737353717,0.90542496619240986,0.0075689999999999993,0.45293955309620493,60,0,0,0,1,3
601,0,-5.5987187695811027,5.9331853071795866,2.8783235230374804,1.1290149587330132,1.9546413261980933,4.1964075425456393,55.017626236,2.34241393204,0.0046983454399583376,0,0.0023491727199791688,60,0,0,0,0,3
602,0,6.2831853071795862,4.6660934508842402,-3.0166096475809936,6.0147287150461528,4.5558020189161041,6.1129048494794525,13.4966932191,4.65071927654,0.0067707887135007175,0.0075689999999999993,0.0036124643567503585,60,1,0,0,1,2
603,0,3.0731937106084684,-2.9181511317192244,-3.0626173512365069,-1.0987938129012607,3.1792843160165196,-1.4694819900554781,291.071836093,31.5633510488,0.38819643456773151,6.4395772321173848e-05,0.19410014915703538,60,0,0,0,1,3
604,0,1.8501152513199259,4.1080874844245514,2.8245102531467303,-2.5977409131940363,-4.943201072556489,-3.1549437224566783,1.72317727346,0.203615235402,1.5598523506743623e-05,0,7.7992617533718115e-06,21,1,1,1,0,0
605,0,-2.543225490608584,-1.7204257316079596,-1.3768553923513429,5.8308770073418179,-1.9497114771997501,4.0282537635696487,0.0211716026191,0.166076677063,8.4022422275084067e-06,0,4.2011211137542034e-06,12,1,1,1,0,0
606,0,-4.6877143400439953,-5.6114275918166339,-2.8938288665838221,6.2831853071795862,-3.126446083357171,-2.214013877269049,49.0719458152,3.53561495114,0.0062159481844065835,0.0075689999999999993,0.0033350440922032916,60,0,0,0,1,3
607,0,-0.12519030323192032,-1.4079916135016726,2.1197935591295543,3.0313430284680298,-4.2873723407208191,-0.83579862468771027,0.000116200334389,0.459990735556,6.4454449724386437e-05,0,3.2227224862193219e-05,27,1,1,1,0,0
608,0,5.0029475944440849,-2.5817086160131626,-2.6984954810146546,-3.3749165211602725,-4.7807124475501253,1.771641451285346,0.0205514243141,0.668365255931,0.00013607671432195275,0,6.8038357160976373e-05,19,1,1,1,0,0
609,0,0.55539259175319888,0.76324575422708496,3.1415926535897931,-4.1373195185365494,-5.7342774224577466,2.683674000362787,207.928589263,24.7671096015,0.2300895838055674,0.0075689999999999993,0.1152718619027837,60,0,0,0,1,3
610,0,-1.3418507444584842,-2.3323167558750511,1.634863532190536,1.2067709185967495,5.2342585689724617,3.421389161277725,152.224122042,1.12344866346,0.02355665221730038,0,0.01177832610865019,60,0,0,0,0,3
611,0,-2.4575626657755265,-5.5987457473799456,2.5256927031148289,2.3848573066338217,0.52886761495679513,-0.15564760705279562,142.913954188,47.0319944456,0.69424072058531272,0,0.34712036029265636,60,0,0,0,0,3
612,0,-1.7744070064992417,4.9352362729677637,-3.1257059224695758,1.5332028108625124,1.5231530894968668,-6.2831853071795862,126.131872808,5.46140563313,0.024995058340866808,0.012626097010768266,0.012876312080756451,60,0,0,0,1,3
613,0,-3.0355862167856511,-4.5343372156284536,2.5853985297850168,0.70664789245791959,-4.9793984117017711,1.3318280980259654,0.229030145341,0.256604253114,2.0110215057544386e-05,0,1.0055107528772193e-05,20,1,1,1,0,0
614,0,3.5756812268999543,-3.5917919054111898,-0.29962518119537157,-6.1022911218909632,4.760304065888934,-2.8958534128708129,90.9904514449,0.958586410728,0.0085591715174034855,0,0.0042795857587017427,60,0,0,0,0,3
615,0,-1.5268556804645868,3.2456530963646277,-0.21718324424743002,2.2513009361873713,1.384666691309532,-0.37525714872365079,83.0372656019,0.00237673215047,0.0068951891993796165,0,0.0034475945996898082,60,0,0,0,0,3
616,0,5.1970269122986572,2.0774821632735669,-1.2362185259456147,5.6931677681563411,-1.6545154391131214,2.3820646888372954,80.5223808923,10.5951329467,0.040679243436115654,0,0.020339621718057827,60,0,0,0,0,3
617,0,2.2789493973985264,1.8639866283127158,-0.087280409068374087,-2.992935438966617,1.6009182818590439,-3.6097517846908453,189.650999304,1.05092394259,0.036303933545412059,0,0.01815196677270603,60,0,0,0,0,3
618,0,-1.2969705562977991,-2.2007198202814364,3.0772193321575858,-5.9331853071795866,4.5542107390364102,-3.2684788773758018,39.736763567,0.0765108551413,0.0015807935820304493,0.00051196658301020889,0.00080575578850553085,60,0,0,0,1,3
619,0,-1.3680882772409748,5.7869313875264927,2.6249871479593967,-4.4627440853984055,-4.0224858499831164,-6.2423477807862424,0.434446051318,0.0383069727646,6.357463335856308e-07,0.0021309739694852282,6.4247092251349663e-05,19,1,1,1,1,0
620,0,-5.133394135577003,3.3097154064949659,2.772878546969177,0.26895372219282787,-3.5629735541877947,2.185461459839507,257.993202539,18.8260368109,0.17452289551770073,0,0.087261447758850363,60,0,0,0,0,3
621,0,0.12123908259902363,-2.9451211452760604,0.17542828918255982,-4.7779272053794175,1.9260323833157824,3.7712472080136421,87.8978970122,0.00342870358976,0.0077260438802511872,0,0.0038630219401255936,60,0,0,0,0,3
622,0,1.4936712865948882,-0.99608278261040384,0.3833243837120206,5.5799030273624783,5.7060568991974856,-4.9980946725933526,1.7596828977,0.400882030615,5.2050453563959439e-05,0,2.602522678197972e-05,14,1,1,1,0,0
623,0,-5.7573219044443542,-0.36408786380280622,-0.18311568630663966,-1.8985969582015931,-4.9329290239652517,3.6484009844251668,55.8119306005,0.0346009445221,0.0031153362930505168,0,0.0015576681465252584,60,0,0,0,0,3
624,0,-3.9383575358379295,5.3478415023158714,1.8906361380492589,-0.71517468952423646,3.519460615091222,-1.0351320199997529,0.178592054315,0.791320909535,0.00019077990615365059,0,9.5389953076825297e-05,11,1,1,1,0,0
625,0,1.0120293523231771,5.0163426884136664,-2.5634741836537884,-0.8084121955219421,-6.2831853071795862,0.59046372495246247,145.034139984,53.2094816996,0.88348264947154853,0.0075689999999999993,0.44196839473577426,60,0,0,0,1,3
626,0,-5.1911249471380785,-1.4406094362669246,2.7132515909626713,4.96332328706736,5.2891465285054116,-0.083251110616993973,0.0129457378147,0.42530920413,5.5101778784275356e-05,0,2.7550889392137678e-05,25,1,1,1,0,0
627,0,1.3349608379619549,2.3427675150126346,2.2560770922887365,-1.073723118706297,-3.9268591508828643,6.2831853071795862,18.4800540065,44.4378889121,0.60187744245573804,0.0075689999999999993,0.30116579122786902,60,0,0,0,1,3
628,0,-1.8168762908044451,-2.864052030379554,1.6731521409537995,0.81609208746054729,2.3596614597505905,1.4384745479460472,0.0111684847271,0.936919090479,0.00026739859071571909,0,0.00013369929535785954,30,1,1,1,0,0
629,0,-1.152476720498762,-2.9968598678589391,1.3522374360360463,3.1530394021018422,5.1897425206565941,-2.8778729853998328,0.0322220846173,0.691318259643,0.00014558408068446454,0,7.2792040342232271e-05,11,1,1,1,0,0
630,0,3.3567313272069565,-5.6515819372410929,0.43200584924162894,1.1275217753815601,5.4003958065602795,3.5255389617152408,0.0813779821017,0.476816411057,6.9262577681495334e-05,0,3.4631288840747667e-05,26,1,1,1,0,0
631,0,-1.819265532889337,3.2307485698396845,1.279816596448742,-3.3376410356756461,-0.89731158700253588,3.6086702697872997,0.0917158804919,0.121554100291,4.5092558130838002e-06,0,2.2546279065419001e-06,17,1,1,1,0,0
632,0,3.8877621013109249,2.7586308586310224,2.1128552586457383,6.2290721407377276,2.1989033995342537,6.0386004649893525,0.143860504123,0.440465092964,5.9119368575932139e-05,0.0010815438214808952,6.2005998932392926e-05,14,1,1,1,1,0
633,0,1.1884781164155831,6.2831853071795862,3.1168040200634466,-6.2831853071795862,-5.0601070845155531,4.3166008807114329,206.529705963,13.9429981907,0.10187433865399982,0.019008254118519214,0.051507416950555489,60,0,0,0,1,3
634,0,-1.7630953860310437,-5.5577247039946185,2.8912170092289657,-4.3994117258170942,-5.0615806856182886,-0.917605125578973,25.5150571208,2.94267990313,0.0032888115669174648,0,0.0016444057834587324,60,1,0,0,0,2
635,0,-6.2815374759515672,-6.2831853071795862,-1.9988261974466135,6.2831853071795862,1.7879353809349221,-0.77936925898687814,187.429742572,0.197966891042,0.035141846628385577,0.022422992714080717,0.018243613095615209,60,0,0,0,1,3
636,0,-5.9019383320597036,-3.3748525869257562,0.036818312523841823,-0.77047600481151612,-2.3722139737013852,-4.7684881875563487,82.7084254628,0.00032967512587,0.006840683675635925,0,0.0034203418378179625,60,0,0,0,0,3
637,0,-2.9492023497280559,1.3487053434308529,0.078219768605361062,-3.09700208358763,-3.983413795233512,2.1083864143593916,189.724557055,3.84043959773,0.040488202656010989,0,0.020244101328005495,60,0,0,0,0,3
638,0,-2.8096670575538241,4.9316105551634148,-2.019656422598854,-0.49646452063732399,-1.7318533246390646,3.8667350239097202,1.68795642745,0.164630102474,1.1105264347807271e-05,0,5.5526321739036356e-06,7,1,1,1,0,0
639,0,-0.12121934299458352,1.9680837659112846,1.489369735037307,-3.0240761823010938,3.5679772062690551,1.4688245713532166,3.70163393647,0.86776377842,0.0002430832679695756,0,0.0001215416339847878,23,1,1,1,0,0
640,0,3.8641936537446551,-1.1964945740066535,1.4046012638218177,3.9176933095951818,-4.5297868388650677,-5.8974284632346228,0.218931634851,0.00207796364606,4.9246378321669084e-08,0,2.4623189160834542e-08,18,1,1,1,0,0
641,0,6.2831853071795862,-2.7633746058771602,-1.9307949001093816,-6.2831853071795862,5.5970021600964825,1.0551980219289634,257.56078354,18.3951863769,0.16941487758455107,0.015137999999999999,0.085161578792275539,60,0,0,0,1,3
642,0,-6.2831853071795862,5.9675739203719145,-3.1415926535897931,1.1283915780640441,2.6080573001821348,-0.76852931571351413,207.861515094,45.017333322,0.66053197890955828,0.015137999999999999,0.33072012945477913,60,0,0,0,1,3
643,0,1.3784834568399309,4.6228544319970677,2.6337084771792569,6.0529771633830016,-3.1392241217816848,1.9063737670295051,4.82493880373,0.0825617834909,2.5356443289980423e-05,0,1.2678221644990211e-05,19,1,1,1,0,0
644,0,-1.9875150524387426,0.064548811387253102,-3.1415926535897931,6.2831853071795862,4.6514731305114152,1.1990227019888564,159.996311232,33.4026852444,0.36547247116526843,0.015137999999999999,0.18319037558263421,60,0,0,0,1,3
645,0,-2.6013210396210349,-4.0431606427267139,3.065175265930697,-3.7052476304572384,4.2029791307773499,-2.9559265960832435,2.35310625779,0.554704619197,9.9267040634893776e-05,0.0001119916839578511,5.2993270836182419e-05,18,1,1,1,1,0
646,0,6.2509407762062477,-2.7761661757949909,-1.1521350387233331,2.3889210837739361,-4.9060560832446729,-6.2831853071795862,9.5517765755,55.5807234036,0.94112049149783328,0.010567161388329678,0.4708772605905665,60,0,0,0,1,3
647,0,2.0691723035287701,3.0284773820341746,0.15426112741605086,6.1132390588828365,3.5006275966423868,0.6053337195419346,110.059823754,3.49241935116,0.015828581318444421,0,0.0079142906592222107,60,0,0,0,0,3
648,0,-6.2831853071795862,-2.4059458618536227,-3.1074155492139508,3.6250321235932459,-4.3311002205471558,-0.5193830331115169,164.130493112,30.2431850042,0.30555721464065055,0.010359258302120656,0.15308938506938891,60,0,0,0,1,3
649,0,-2.7816293939095815,3.5347958669652728,-2.1331577974138352,0.51930480512204102,-2.1735658809744076,4.944988814633926,0.446005231122,0.567065347948,9.815264518068075e-05,0,4.9076322590340375e-05,57,1,1,1,0,0
650,0,2.8988118716804503,-4.1192624757419445,-1.8831818214512861,-1.76078164903546,1.5867035844343746,1.1936357775847568,0.0493471480286,0.307896871934,2.8880313894414765e-05,0,1.4440156947207383e-05,13,1,1,1,0,0
651,0,0.67403455984536464,-1.5878669137924926,1.6979846003093846,5.5335440095735411,0.83292252751057139,-2.1017982734116423,0.0175006152031,0.128062248517,4.9960135251924789e-06,0,2.4980067625962394e-06,12,1,1,1,0,0
652,0,-4.3718902492014964,0.71610435952463958,-2.9742457184220523,0.9709712216028713,1.5401767389056358,-3.9788841780344009,1.3460831566,0.68547522498,0.00014494444113425208,0,7.247222056712604e-05,10,1,1,1,0,0
653,0,5.7410733490167472,4.3256980827889198,2.0719097270359321,1.756004453039862,4.9314374118044126,-3.3965185695056332,0.165646096391,0.73729387236,0.0001656181546996815,0,8.2809077349840752e-05,14,1,1,1,0,0
654,0,-0.056696724739758703,0.71461172526488181,2.2284171625777334,2.2518082385739007,0.57111306264152806,3.5982492703389952,51.3014387151,1.57113894243,0.0033837788843629683,0,0.0016918894421814842,60,0,0,0,0,3
655,0,1.9642885522054172,-4.4738967382237318,2.1501238879362456,-3.3786815346710175,-1.6348828070514669,-3.3991478016415324,0.023303579675,0.695759259409,0.0001474600321159937,0,7.3730016057996852e-05,12,1,1,1,0,0
656,0,5.4125107678569453,0.98414347424161419,2.3236583494464034,-3.7413541167827367,-3.5561743021747749,4.6081026639693095,16.960762166,53.0203382788,0.85661483740297306,0,0.42830741870148653,60,0,0,0,0,3
657,0,3.3058316402852097,1.2966253914153423,-2.5335338867970103,1.6603124150157689,-1.897522255080494,2.8901705975497243,0.228684983078,0.0153074274879,1.2367396387923121e-07,0,6.1836981939615604e-08,14,1,1,1,0,0
658,0,2.2467116239962772,5.1141049894933248,-2.8271263468618018,-0.99927881785596084,1.1414399073119117,0.50873645514828625,0.025552242847,0.666814502589,0.00013544622400963078,0,6.7723112004815391e-05,16,1,1,1,0,0
659,0,-5.3774662977405896,2.0482682015347708,2.5181190473495052,0.29507911318363023,-3.7869745803042445,-2.8844052235738036,0.536626411603,0.246446547259,1.8789181251861582e-05,0,9.3945906259307909e-06,14,1,1,1,0,0
660,0,-4.9772914589025659,-1.7374570357218788,-1.5219454335865075,-0.79908798912453982,-1.2440413105140258,-5.9864233526533974,0.0794238501335,0.455772295283,6.3283992848051871e-05,0,3.1641996424025935e-05,16,1,1,1,0,0
661,0,-3.5748635336351766,-2.4391806763334909,-2.7706102090560805,-2.2537977661546122,-4.5753932206668235,2.6042706748508699,13.8220643888,51.9655683044,0.82278611029851045,0,0.41139305514925523,60,0,0,0,0,3
662,0,2.3528946099071715,-1.6856802962198116,1.6673043664632914,4.2368983286676674,2.1527015307221808,2.9921931590713648,0.0272504949147,0.0259959578169,2.0659994161771356e-07,0,1.0329997080885678e-07,50,1,1,1,0,0
663,0,5.8171959106990192,-2.2879983855670636,-3.1415926535897931,-6.1730064016860116,4.0972601554769801,6.2831853071795862,113.804921122,52.345157436,0.84760801398803853,0.015137999999999999,0.42425814699401926,60,0,0,0,1,3
664,0,-5.8489718548580329,-5.9489323718256859,2.9723745585113619,-0.13623615781783094,-0.88966213155358365,-4.6149135657708245,72.4886530533,6.47936146747,0.018043091424101973,0,0.0090215457120509865,60,0,0,0,0,3
665,0,6.1271916144340652,-0.67320207299481827,2.4828950621124073,-6.2239438532141254,-2.4383228473910346,-3.8444760952649069,5.95892462982,0.0239407101786,3.5683376534334511e-05,0.00077053687795162736,4.0957794605716072e-05,60,1,1,0,1,1
666,0,4.4075994065626798,2.2157066721829528,1.4881100141362111,-0.51390058821783469,3.524382117716788,4.5065302919841184,3.09387960078,0.567562447759,0.00010769762680958619,0,5.3848813404793096e-05,13,1,1,1,0,0
667,0,-2.9209722251570094,-1.1693083775808657,-2.0602271551346467,-3.4657471765767358,2.2430950966266163,2.5900935197442969,0.0358586482195,0.961983592261,0.00028189803304964694,0,0.00014094901652482347,15,1,1,1,0,0
668,0,3.465126816087857,2.583458671660074,-2.2303806288111092,0.9279068701674309,5.7083134811974414,-1.6052229452071523,0.015593491409,0.119476210612,4.3485242860741477e-06,0,2.1742621430370739e-06,24,1,1,1,0,0
669,0,-2.4449004542508459,-6.1091934713808262,2.845807296651695,-0.099336087194440259,-1.8623395239494684,4.633214988521436,108.322486097,11.0745588489,0.049093824495049294,0,0.024546912247524647,60,0,0,0,0,3
670,0,-0.66062182238796052,-0.58228890676652179,1.3542569453143638,-1.2849446568694332,2.1275719162326929,-6.2252336596029441,3.37510499339,0.677204782721,0.00015109080692436787,0.00084380677851159818,0.00010085960681753187,34,1,1,1,1,0
671,0,-1.059870970609164,-3.0558054148454259,-0.22426105284317835,-3.4276656224636493,0.95985765400836676,-6.2598185517842406,46.7080710298,0.268494944514,0.0022036036275399117,0.0040491898189157771,0.0012232775083374291,60,0,0,0,1,3
672,0,2.6851015431231899,2.1454872093436639,-0.10148369114992484,3.8209309902614259,1.7307856651199767,1.6044877249774996,7.99673371083,6.66102209007e-05,6.3947751393563909e-05,0,3.1973875696781954e-05,60,1,1,0,0,1
673,0,-4.5889327064932406,2.7808398265137346,1.409503719180929,2.8761148179260028,-1.4946094504147307,-6.2831853071795862,4.0041597925,0.339433120905,5.11297440124091e-05,0.0075689999999999993,0.0002526348720062045,9,1,1,1,1,0
674,0,-1.5849871221196972,-5.2724477132988765,2.5517676992427742,-1.0841408221321438,-2.3380626444898227,-1.9768581573582777,0.00946017707141,0.812485692827,0.00020108810099046036,0,0.00010054405049523018,21,1,1,1,0,0
675,0,-6.1726235793882269,1.6716616313074826,0.22733873492053952,6.10418089724699,-0.60754462014653143,1.7099031655492836,76.6550334663,0.137048958072,0.0058817156070975719,0,0.002940857803548786,60,0,0,0,0,3
676,0,5.99357327254633,-2.6203795611880487,1.3328553977012363,-1.8075780283067882,1.6510159014639303,-1.789817775331771,2.8845595388,0.234118070964,2.5017151726393427e-05,0,1.2508575863196713e-05,13,1,1,1,0,0
677,0,5.4875593353412242,3.7533428482349191,-2.5501431061236035,1.9336594686505244,3.6366734167824304,3.5814694225614767,0.0999533559563,0.203483359543,1.2622820428251059e-05,0,6.3114102141255297e-06,13,1,1,1,0,0
678,0,-4.9791323504847123,-3.9443393722973852,2.811072651525075,-2.9109054202976985,4.1312214033094454,1.9775065585664646,0.074885131174,0.450690376628,6.1880051148788259e-05,0,3.094002557439413e-05,46,1,1,1,0,0
679,0,1.9277140553617269,1.2033365975318024,2.8202470887960218,-1.8741459571360917,4.9862915184105896,1.4448574896952799,0.00185924126469,0.796078043592,0.00019304832368042201,0,9.6524161840211005e-05,18,1,1,1,0,0
680,0,-6.2831853071795862,0.20365679415399099,-1.2497344352776276,0.78904351122939187,1.7171481888915596,0.0021364360332020438,51.0280585812,44.3409697095,0.60151874995207599,0.0075689999999999993,0.30098644497603799,60,0,0,0,1,3
681,0,-1.7771278673625139,3.3940095393326417,-0.0094033719124547721,0.99467873284470265,-5.0551843053190684,6.1799536877681156,23.3777399081,0.000670250042557,0.00054651886005422561,0,0.0002732594300271128,60,1,0,0,0,2
682,0,-1.9609797910592401,0.53492174195836661,-0.11202123611431362,1.5152748527364144,-1.1376293573660652,-3.4444915142715948,0.955302853544,0.91867286455,0.00025799746998813764,0,0.00012899873499406882,24,1,1,1,0,0
683,0,1.1070140741800432,-0.039494278901005153,3.1415926535897931,5.8824826115009348,1.7710069826157711,-5.9686961623058927,719.880553635,17.4482386824,0.61096605348802924,0.0075689999999999993,0.30571009674401461,60,0,0,0,1,3
684,0,0.28117251507865959,-0.12273256475203603,3.1415926535897931,6.0348992963559773,6.2831853071795862,2.7934602521350849,583.812544968,57.2589766942,1.3395528395220806,0.015137999999999999,0.67023055976104029,60,0,0,0,1,3
685,0,-3.4997893973155221,6.2831853071795862,-3.1415926535897931,5.3970487074707503,-0.77112396716738774,-2.2304668599348401,283.804801493,49.103316479,0.81501909776030801,0.015137999999999999,0.407963688880154,60,0,0,0,1,3
686,0,-1.6422375881612392,1.4115077122143393,2.2671245940496716,-4.5807460354782856,-5.1732476653956248,-5.4402642555208907,0.012915951061,0.930726393681,0.00026387550016027068,0,0.00013193775008013534,11,1,1,1,0,0
687,0,5.9391079491042547,-1.8060615650021796,1.8214360205245081,4.2589886569618933,0.17810643925729877,4.4100596829983267,0.631669686747,0.952995079016,0.0002770524316804497,0,0.00013852621584022485,40,1,1,1,0,0
688,0,1.597031234406016,-4.0901317806497293,-1.1074851449487524,0.075414618054724991,4.0298137739834319,-0.012915162748162734,0.128000211808,0.811031542648,0.00020038524320674332,0,0.00010019262160337166,19,1,1,1,0,0
689,0,-3.2576278201881319,-1.6829161670231196,1.8457231723938068,0.74665614014793913,-1.8046944051747345,4.2864289531185591,0.0561024474574,0.669394174608,0.00013649872877222714,0,6.8249364386113571e-05,22,1,1,1,0,0
690,0,-4.0532927672050061,2.8268096165838643,0.24165980950252886,1.4159295910360101,-4.2787578992116808,2.5227867087283475,228.442152154,0.548182501143,0.052277355650473221,0,0.026138677825236611,60,0,0,0,0,3
691,0,4.1516986799749009,3.5514541752570947,-0.11563482731302593,-5.835170192090513,0.45153676436012569,0.4932447905960341,2.11433013447,0.816940206786,0.00020776940815763083,0,0.00010388470407881542,12,1,1,1,0,0
692,0,-1.4120806782276327,-3.338896394436258,2.0972292958965277,0.34887445860732302,-4.0397217772163607,5.9615154735876761,0.0235036967487,0.708561932159,0.00015293677776748076,0,7.6468388883740382e-05,22,1,1,1,0,0
693,0,3.0838023640694572,0.24567890922566024,1.220963138276113,1.3302997112753283,-4.4791053408003121,2.4154815968199284,0.0187277669131,0.327872260003,3.2746790030761752e-05,0,1.6373395015380876e-05,15,1,1,1,0,0
694,0,-0.9085814520736164,5.4371398195099463,2.6792174998403402,-6.0012794773700859,-1.1531680276948941,6.2831853071795862,94.1999029864,13.3806311842,0.063412717787855954,0.0075689999999999993,0.03193342889392798,60,0,0,0,1,3
695,0,-2.8920521836250135,5.7265502676564077,-2.930375175213479,-3.1262303455937777,-5.1949663417205532,-5.0660570798508546,0.652553953926,0.729615472711,0.00016258547949076768,0,8.1292739745383839e-05,34,1,1,1,0,0
696,0,-0.80806823015977702,0.71727250329227632,-0.076188719333716626,-4.0283347883847522,1.2003478711315156,-6.2831853071795862,206.207767257,47.4298357651,0.7277857377303012,0.0075689999999999993,0.36411993886515059,60,0,0,0,1,3
697,0,2.9417231949743976,0.46071509360782936,0.55114242381437573,-2.8023815586195067,2.2153661616507612,0.77673194881783247,1.43135300934,0.1023201515,5.2379371348478407e-06,0,2.6189685674239203e-06,9,1,1,1,0,0
698,0,-1.8628980289500441,-2.9802524799005581,-2.8039092059925315,6.2831853071795862,-0.55082046465816059,-6.2831853071795862,266.702242407,55.104599507,0.99610602530874859,0.015137999999999999,0.49850715265437429,60,0,0,0,1,3
699,0,1.4832796449152974,-0.23398130309096321,1.0435452303214119,0.60322896465413034,-0.27434787828088197,-6.100111461360096,0.420829678316,0.719447351694,0.00015784844239860555,0,7.8924221199302776e-05,22,1,1,1,0,0
700,0,-3.2485092367025974,2.107903507824469,3.1415926535897931,5.9331853071795866,-1.2715214351098114,-1.3549999714813239,643.470128078,55.2403914522,1.3435941204600723,0.0075689999999999993,0.67202413023003615,60,0,0,0,1,3
701,0,1.91026156899302,0.48858028636390727,-1.557453625599748,-5.6443472586664258,-0.36899398776809067,0.2738285861689771,446.958997149,20.9565241786,0.33355297634321207,0,0.16677648817160604,60,0,0,0,0,3
702,0,-5.3061761857996119,1.0092815974592579,-2.6268872989391148,2.7450508781843048,5.0965332195813886,-4.593778859378383,2.38927656758,0.948242931307,0.00027960986022591979,0,0.0001398049301129599,48,1,1,1,0,0
703,0,-4.006820568307548,2.2329488650676579,2.041314418354101,0.012452630778194853,4.3177257873048838,2.0120309329582664,0.0283018275448,0.48076029301,7.0407165150347992e-05,0,3.5203582575173996e-05,10,1,1,1,0,0
704,0,3.4518319963985933,1.0618026409442163,2.0332590728941322,4.4239926340722437,-1.5230150927179436,-1.6769060090282317,0.066671435272,0.141696667165,6.1205370287822054e-06,0,3.0602685143911027e-06,40,1,1,1,0,0
705,0,-0.18059947553432726,3.0147014079819603,2.3592597902236299,2.2695334298208141,-2.0185566209454207,2.3634013688363691,0.235599166085,0.821013778612,0.00020538702908645237,0,0.00010269351454322618,13,1,1,1,0,0
706,0,-4.1954015309897112,2.9653282009426016,0.90866018435361118,6.2519140039707199,1.7541343347447163,-5.3752777368093776,8.6562418003,0.204514023938,8.7671446036850407e-05,0.0031056876460381164,0.00013700635239956868,60,1,1,0,1,1
707,0,-0.46027299841584218,-5.5371997518297498,2.2950789534614531,4.9767303475053417,-1.7497492652256488,1.873504507038013,0.816947497046,0.0107124169404,7.0235985199706799e-07,0,3.5117992599853399e-07,14,1,1,1,0,0
708,0,0.69343166177524806,1.4989705611285813,2.3077137551158038,4.3799333058078984,-0.85005067287976099,1.1395508453429135,0.0951654214827,0.0593908463568,1.0835251451797642e-06,0,5.4176257258988212e-07,50,1,1,1,0,0
709,0,-0.40663588584556121,-4.4037137252249998,-0.010072406996831484,0.87136715392200981,4.5202587204629703,2.5850226105122958,45.6825232465,0.000176687843662,0.0020868929396760921,0,0.001043446469838046,60,0,0,0,0,3
710,0,2.9959830849695166,1.9498819894347827,0.81907773688261665,-0.09303713025409921,5.9990693113528568,4.4253265109890849,44.7322699939,52.0141190162,0.82613383322898704,0,0.41306691661449352,60,0,0,0,0,3
711,0,-0.9113461341355934,1.0871432426547072,2.6016692656619904,1.1368619402982085,1.680695849115289,-0.68906701067664577,4.50205006885,0.53677249993,0.00010803626259468313,0,5.4018131297341567e-05,39,1,1,1,0,0
712,0,-0.33962599290011969,4.1461172825173644,2.2648796447515624,0.83729497248113149,-2.2246904230233748,6.2831853071795862,77.9312842848,49.8305673133,0.76246436453738642,0.0075689999999999993,0.38145925226869321,60,0,0,0,1,3
713,0,4.0216249659393641,3.9238545150347797,0.43288148091835182,1.6306214849901033,-4.392216795454452,0.55746328156622449,0.0369973607411,0.652301031052,0.00012961505592025047,0,6.4807527960125235e-05,26,1,1,1,0,0
714,0,1.7425585051333299,-4.7697972488943625,-2.4938180280022442,2.1547896753746509,-1.4996853212278904,-5.5558465242753883,0.0286699520443,0.608489679959,0.00011278837357297273,0,5.6394186786486366e-05,9,1,1,1,0,0
715,0,-0.69280677608200547,-3.9612732353275577,0.88265112301694171,-5.2161673760738827,1.3433018346703189,-0.41646943040881429,0.142578305152,0.614124296221,0.00011490637758054211,0,5.7453188790271055e-05,24,1,1,1,0,0
716,0,4.0071407960938226,0.30418837138070953,1.0017369192951699,6.2062084532854023,-2.0128417684492774,-2.9343499834544713,1.06968625902,0.053454775705,2.0146464819692764e-06,0.00010046345785853511,4.0212269767406907e-06,18,1,1,1,1,0
717,0,-1.4824181344366214,-3.8109113948946449,2.5591396011901089,-4.7832645733793964,1.7471166614577902,1.1710665111364882,3.3079232164,0.597562154338,0.0001197153051915035,0,5.985765259575175e-05,15,1,1,1,0,0
718,0,0.33620661534970775,-3.6165058539770922,1.3755554554260656,-2.4562303160261427,-2.1111828697478061,6.2831853071795862,5.45611942293,26.901552554,0.22047942500823925,0.0075689999999999993,0.11046678250411962,60,0,0,0,1,3
719,0,0.19196419926949007,-5.1108257573598257,1.851733661196943,-2.6153447851452114,-1.1932476229316882,2.6038467071978095,0.147482095354,0.765175240577,0.00017837316325643391,0,8.9186581628216953e-05,16,1,1,1,0,0
720,0,6.0475804105061073,3.3665942771881041,-1.0597141095858409,2.8685569523973853,2.3189481936577656,-6.2531122522287212,4.90952299446,0.29096289749,4.9892146372114302e-05,0.0032406770726272367,0.00012216638536487423,24,1,1,1,1,0
721,0,-2.1570471202214736,1.7574582188737775,0.59751754558991665,3.3488070512437549,1.9979470165375262,0.41687193096965769,3.07266656041,0.0413673827147,9.9625595046505863e-06,0,4.9812797523252931e-06,10,1,1,1,0,0
722,0,-3.5270759861371754,2.4644551637057632,2.4239789406095111,5.3826848415738322,2.9886075067049007,-1.3663761651893855,1076.89857281,50.8819840773,1.948357817619514,0,0.97417890880975699,60,0,0,0,0,3
723,0,-5.2674127348065607,-0.44899751536422933,2.7123095443166987,1.0567910043533622,-5.4503851974992363,-2.7317771414262073,0.916503674087,0.947042498618,0.00027404814253829724,0,0.00013702407126914862,14,1,1,1,0,0
724,0,5.0024003120160465,-4.8478309126951151,2.4832611912792135,6.2831853071795862,1.9722753255341021,-1.2356302161788053,113.435925649,41.7599410576,0.54408779692117593,0.0075689999999999993,0.27227096846058796,60,0,0,0,1,3
725,0,-6.2831853071795862,-1.1143517933175233,3.1415926535897931,6.1500439846135739,1.5407834770613029,-6.2831853071795862,1338.10604851,55.7280909738,2.7365537859523332,0.022706999999999998,1.3689581029761666,60,0,0,0,1,3
726,0,-0.11967526568124082,-4.2017561035473525,-2.646229511466025,-1.9878293006113199,-3.737057279945514,4.0869763886036337,0.469077610652,0.0409790453256,7.3157240220790684e-07,0,3.6578620110395342e-07,21,1,1,1,0,0
727,0,1.4406607598480754,-6.1763055015154062,2.5610862586915872,-2.0755051114279,4.8670727807766045,-6.0386545851004998,65.5463757981,4.14220925921,0.0095229218600361223,0,0.0047614609300180612,60,0,0,0,0,3
728,0,1.3393816757063453,1.0257595605441581,-3.0174663644524,4.4952450377995383,-1.9672599230383592,0.80954308477620729,71.661206881,1.91012414968,0.0062467478508019553,0,0.0031233739254009777,60,0,0,0,0,3
729,0,-4.0912513149926841,2.2501274367037114,3.0535205297697789,2.5623899334780802,-1.1909296603917552,-6.1634679806537145,34.4514453437,0.153583104628,0.0011940873319113662,0,0.00059704366595568308,60,0,0,0,0,3
730,0,-6.2831853071795862,5.0941144212508354,3.1415926535897931,-2.4669308363271871,-5.3063061669694909,-2.6709032361741194,93.5595732687,7.53873961431,0.026065592190468324,0.015137999999999999,0.013486936095234162,60,0,0,0,1,3
731,0,-4.0213613708747156,-1.6784141730818052,-1.2784420048248106,-0.98583836504545963,-2.2404686974337507,0.66314449526687003,0.00357522516023,0.446711058227,6.0786653316693317e-05,0,3.0393326658346658e-05,14,1,1,1,0,0
732,0,-1.7287920562916745,6.2831853071795862,0.55376234940306468,0.092148089384656365,3.9762722177724825,3.612116547589491,17.2616492886,0.510936500617,0.00037748677409918873,0.0075689999999999993,0.00041581338704959432,60,1,0,0,1,2
733,0,-4.9005632868901587,3.2126419945237781,2.1149330253977259,5.6889751423927821,0.35434603519236724,-3.0860168016129106,2.08069697375,0.381763216441,4.8725203245311537e-05,0,2.4362601622655768e-05,20,1,1,1,0,0
734,0,-1.8064907176043716,-5.0741587267820165,-2.7214273036192762,-3.8118937347446016,-1.25670026122694,-2.1599475001366435,0.0156387357358,0.322589842082,3.1700014559243478e-05,0,1.5850007279621739e-05,21,1,1,1,0,0
735,0,-4.5575876284497321,5.9730030456969327,-3.1415926535897931,4.617280600353201,3.6032159803240313,-0.012370349344186566,987.676751845,7.74099494926,0.99375895663579172,0.0075689999999999993,0.49710654831789586,60,0,0,0,1,3
736,0,2.2032796282046125,2.1494321240080976,-1.430214126732138,-3.9002200896467092,4.1402237691132315,-6.1291445329578345,2.08014306955,0.0442043041307,4.922223873826886e-06,0,2.461111936913443e-06,17,1,1,1,0,0
737,0,-6.2831853071795862,-5.8012254562117178,0.95096788226989315,1.0359400903446627,0.70761962262406675,-0.30696986236158796,86.5056557782,53.413427144,0.87655496012749201,0.0075689999999999993,0.438504550063746,60,0,0,0,1,3
738,0,0.68655497967042245,-5.0521590457001171,1.4039639019764216,1.7901632029918428,-4.5125277637879995,3.3038532089091119,0.0584766952659,0.20079215393,1.2284829019681113e-05,0,6.1424145098405564e-06,18,1,1,1,0,0
739,0,1.3129404881159725,-1.1138459494839834,2.4353717516817142,2.0964332842990525,-4.7994195662129613,3.0153046506284031,0.524804286067,0.539141768656,8.8819736722822143e-05,0,4.4409868361411072e-05,10,1,1,1,0,0
740,0,-4.2829007804667185,-1.2842754249232027,1.215208287141972,4.8320932023426106,-5.2410471830341852,2.5946373504316327,0.482863304397,0.289111733993,2.5694785169499728e-05,0,1.2847392584749864e-05,33,1,1,1,0,0
741,0,0.68618623860836769,-6.0213132576788553,1.4239849083811627,2.3873994039520476,0.93074433800195577,-1.1055740343527738,0.0197001094272,0.77482337497,0.00018287784061208305,0,9.1438920306041526e-05,16,1,1,1,0,0
742,0,-3.78826540833865,-6.2159077734255925,2.8656678168109435,-4.8686988261420749,-6.2831853071795862,0.60324730937523152,187.056939735,2.06090944724,0.036284114815631395,0.0079579756748248565,0.018380796678060442,60,0,0,0,1,3
743,0,-1.8456927688242832,-2.9541749189214976,3.1287696778461691,-6.1974532412271026,4.69710166400791,-6.2831853071795862,22.8582226315,57.0840997187,0.99314712899834101,0.013072838584279841,0.49696574965669887,60,0,0,0,1,3
744,0,-4.3785508735128431,-6.2831853071795862,3.0644833624701802,5.217020156577882,6.2831853071795862,-6.2831853071795862,185.700169295,27.0552111564,0.2574597675775705,0.022804826122156563,0.12941402857244994,60,0,0,0,1,3
745,0,-5.3983794867549992,-2.6387677160873766,1.2883197572354552,2.134753022832983,5.1140172485129165,0.48769702933944842,0.0490033809668,0.0640563757769,1.2523134005313486e-06,0,6.261567002656743e-07,29,1,1,1,0,0
746,0,-0.17659619041223332,-6.0162395040079746,0.03342591872206753,0.43759444594558439,4.9024015981214157,-3.9446244136595716,11.0362387667,0.02469794303,0.00012198437920517466,0,6.0992189602587328e-05,60,1,0,0,0,2
747,0,-6.2831853071795862,-3.2433073402155324,-1.8788895196843927,4.2661301391689435,-4.3236465975287439,6.149620029621949,74.4892291469,2.91571452916,0.0081383171155893653,0.0075689999999999993,0.0042962285577946829,60,0,0,0,1,3
748,0,2.0109669859981665,-6.2666430977876999,-0.062646530919117815,-3.6368782871392966,3.0947455256191678,-5.4561940124912054,21.5976298938,0.031902865749,0.00046676765445715349,0.0049643002573767896,0.00038231283494988044,60,1,0,0,1,2
749,0,0.19604471960013842,5.9506134459217188,-0.42916013762197769,1.79382506162828,3.9976001719870018,0.35961000472482879,0.273951116534,0.302537399877,2.7956339965378787e-05,0,1.3978169982689393e-05,12,1,1,1,0,0
750,0,0.054279258856298987,-6.2831853071795862,2.094068376097741,-3.6898302492055044,-4.7683999489870237,5.1705501682550228,125.792848855,3.38354513054,0.019311216083598443,0.0075689999999999993,0.009882678041799221,60,0,0,0,1,3
751,0,-0.018169389973662894,-4.3105110889694354,2.9659239468853453,-1.8272047265223905,-2.8771163994408564,6.2831853071795862,462.152572668,55.8014673573,1.1621038672831947,0.0075689999999999993,0.58127900364159735,60,0,0,0,1,3
752,0,3.171354371741506,5.8842378322905544,1.7155238864497608,-3.4156158627518294,-4.2900331516100527,-4.7343949379683075,0.0722053427764,0.022902710132,1.6499584522008428e-07,0,8.2497922610042139e-08,9,1,1,1,0,0
753,0,-0.23599688642364886,5.9905879507223467,0.17930616679287154,6.1689346699647798,-2.8092860200293681,6.2831853071795862,135.615409578,23.9404553289,0.19298161263897023,0.0075689999999999993,0.096717876319485113,60,0,0,0,1,3
754,0,1.8094652825353845,1.2696009038346792,2.7687022272527555,-5.923202100899176,0.03878946734758263,-6.2831853071795862,82.2697448091,32.7392254869,0.33327458974664631,0.0075689999999999993,0.16686436487332315,60,0,0,0,1,3
755,0,6.2831853071795862,0.72154674880941416,-1.3605158584417298,4.2779988958220292,-5.2008281546057056,-2.7988334454879533,576.069389267,35.3983234106,0.71355414902761194,0.0075689999999999993,0.35700414451380597,60,0,0,0,1,3
756,0,4.4907028982837858,3.6445780147048623,2.3543264916553261,-6.2407992064434614,-3.5175493504632378,-4.929194797778,223.996032002,46.6674504549,0.71358555392561296,0.0019904000075272026,0.35685248896303229,60,0,0,0,1,3
757,0,-1.8733908448102681,-0.28464789404592789,-2.9168649991836233,2.3686309917349173,1.8551921950881756,-4.5619168030948991,0.757792930574,0.0301243394145,8.5068307000756407e-07,0,4.2534153500378203e-07,7,1,1,1,0,0
758,0,2.7911354948264844,1.6463438983307863,-2.9488165720479476,6.164696913777691,2.0604021857223276,1.7260590130204747,1.25480666485,0.00648476503748,1.5873495919751715e-06,0,7.9367479598758575e-07,20,1,1,1,0,0
759,0,6.2831853071795862,-2.8222445904783866,3.0763817080658979,-0.36984497623529161,-5.4474397598054054,-3.7975391149992705,380.997923337,40.1955899923,0.63732535202365004,0.0080437628949626624,0.31890398889867388,60,0,0,0,1,3
760,0,2.2544299627465705,5.169590455442548,-2.0031341921235817,5.2262868034988124,-0.80394678677898357,-5.9021517415700977,0.0471922597119,0.191924934866,1.1222864788257072e-05,0,5.6114323941285361e-06,38,1,1,1,0,0
761,0,3.2655486466790253,1.8382740663793637,-1.2335826723940022,2.9624031962239514,-5.310391267857379,2.6853161019207561,0.0106808275313,0.899550607929,0.00024649387884999752,0,0.00012324693942499876,40,1,1,1,0,0
762,0,-2.5895097135442837,6.2831853071795862,-1.9658575433401375,-4.8651996291150645,6.2694702602184114,-1.3489436246512005,977.800715842,48.5215031186,1.6732660782232645,0.012939684341902803,0.8370212296418893,60,0,0,0,1,3
763,0,3.7268135887453022,-3.3829135866547886,0.55243704592628984,5.2551493636787905,-1.5677849672242015,-6.2831853071795862,2.85059197671,35.1314751992,0.37597320516352406,0.0075689999999999993,0.18821367258176203,60,0,0,0,1,3
764,0,-0.59526780774656851,-6.2831853071795862,-0.87268221164081172,-3.1990824636453961,2.793993688730299,-4.4007706966952851,178.31262802,10.8940381819,0.067947409377796614,0.0075689999999999993,0.03420077468889831,60,0,0,0,1,3
765,0,-0.84013435849992746,1.5911540996090787,0.52046209866507542,2.5294546429215403,1.6797494477925892,5.2946104207658751,1.09605549114,1.98035805201e-05,1.2013377591296866e-06,0,6.0066887956484329e-07,27,1,1,1,0,0
766,0,0.37170689495481152,-1.9139101289822043,1.7791043946214127,-0.62573670448493168,-4.6975562802910096,3.6796975692433413,0.0441565464574,0.826628740923,0.00020815162494604858,0,0.00010407581247302429,14,1,1,1,0,0
767,0,-0.27589485100747629,0.34503294338846058,-1.2609958486166486,4.6488644274723807,-3.6477273033950408,-1.4975805265231308,4.77944522696,0.0244640361385,2.3025406872034061e-05,0,1.1512703436017031e-05,51,1,1,1,0,0
768,0,2.2403598030258278,-2.8527644739176852,-1.4199194940664994,5.5247682093511763,4.6637096112728829,0.60945695328245286,0.0170749636501,0.628099002589,0.00012017440936410546,0,6.0087204682052729e-05,18,1,1,1,0,0
769,0,2.1593346772438511,-6.2079855458254229,2.5150184732219993,-3.9862289904047001,-3.9702154411692314,-3.6313560227387827,2.3473022886,0.00822706895174,5.5304459616249957e-06,0.00013924563209869814,6.9425919437734422e-06,59,1,1,1,1,0
770,0,-0.9784993450025562,-5.4156534249940842,-1.0339312712298689,3.1726428858863356,2.0173944664685948,6.2072063280089935,0.225963182098,0.758932148113,0.0001755039932306163,0.00012146290012222925,9.1395883618975029e-05,15,1,1,1,1,0
771,0,4.4467640934935488,-1.5080039259969396,-2.7236677026353715,-1.4515881018524537,3.7191095682482556,-4.2889771457703905,0.109788048772,0.670153873356,0.00013681762952663052,0,6.840881476331526e-05,13,1,1,1,0,0
772,0,4.2868550759095934,0.8806778498461324,2.694584516928709,4.9705262212256951,-1.9796270532312095,-2.7590425400802054,0.106608337194,0.64581829405,0.00012706158532036179,0,6.3530792660180897e-05,11,1,1,1,0,0
773,0,0.38667348736258084,-1.280588481440462,-0.96919688421890615,-1.7084282340763428,-6.2831853071795862,1.1828330475394457,81.6538924686,51.4606048272,0.81335333558697198,0.0075689999999999993,0.40690373779348599,60,0,0,0,1,3
774,0,-5.2475295996807798,-0.55617489172089485,3.0909455743320424,0.37204321837679755,3.7122479561211481,-0.03986748362817906,35.8106521503,0.0535322288721,0.0012832757494272472,0.0013215348464922594,0.00068128392010839136,60,0,0,0,1,3
775,0,-5.9398017575385298,-3.2177892887000357,1.1002730010461699,-5.305435560154435,2.392222046684287,-0.72040646523467444,0.0725723940516,0.152759041679,7.113613187323717e-06,0,3.5568065936618585e-06,13,1,1,1,0,0
776,0,-1.0095773759374085,1.5754756868229047,-1.7705303788562408,-0.96956153498344622,2.8556692453827281,-2.7710204088133645,0.0130962658351,0.553025856667,9.3163631531892918e-05,0,4.6581815765946459e-05,36,1,1,1,0,0
777,0,-3.5263191043863702,-0.58904426242318819,-2.6624328151268783,-3.0892065919194795,4.3910368972097844,-4.8270368974367255,23.4121783246,0.632557811718,0.00067001647479447506,0,0.00033500823739723753,60,1,0,0,0,2
778,0,-3.4303736319749518,-5.5928096953902049,-1.5413108272930445,3.7037365909557685,-1.029935224627079,0.45115841511166538,0.038778078237,0.658342154879,0.00013202707780002134,0,6.6013538900010668e-05,9,1,1,1,0,0
779,0,-1.9107773344139758,-6.2831853071795862,3.0724275322098435,-5.9331853071795866,2.138721175457992,0.31608222292554988,43.3681574155,38.8782366201,0.46231529169327384,0.0078870828953919309,0.23139425833349869,60,0,0,0,1,3
780,0,4.964518200278655,5.8722595448504249,2.6202763705541541,1.0511562660993803,1.1453125358596452,-5.5125539871044911,3.84781963783,0.772313513861,0.00019650030897413624,0,9.825015448706812e-05,5,1,1,1,0,0
781,0,-3.4349577351524383,6.2831853071795862,-1.1409053608543802,-6.2831853071795862,-0.19735584825588756,6.2831853071795862,205.206862001,36.4643058227,0.44714306785145813,0.022706999999999998,0.22425274392572905,60,0,0,0,1,3
782,0,-1.9678833932171054,0.6004878387006557,-0.11176029457310346,-4.8080005207607419,-1.2798927223159757,2.8483045831018674,3.49742652398,0.949173856685,0.00028667127202816026,0,0.00014333563601408013,26,1,1,1,0,0
783,0,0.19514900599808258,3.2691847661315192,-1.351278091957012,5.4791451482809137,5.9711840859163337,2.4991339882848624,0.00992745042229,0.93686129682,0.0002673655767150211,0,0.00013368278835751055,50,1,1,1,0,0
784,0,3.6541817541395569,-3.6113499686657979,2.2346430525471779,-6.2831853071795862,-3.0072732864869409,4.0459918627795339,137.289279592,53.6684546081,0.89623882045314907,0.0075689999999999993,0.44834648022657453,60,0,0,0,1,3
785,0,2.6185007992316724,-4.3901426716642984,1.4846139106465281,-2.0567080129720452,5.7343937325294254,-3.2888392689801149,0.0413294681496,0.55258650674,9.3017200016654898e-05,0,4.6508600008327449e-05,15,1,1,1,0,0
786,0,-2.704311290288584,2.7990201667297248,-0.16022656569347715,-3.3465593204785029,1.0580472363987772,-4.8778046783280251,51.8056100184,0.000503797474355,0.0026838213066897355,0,0.0013419106533448678,60,0,0,0,0,3
787,0,-6.2831853071795862,2.5846672351826765,-0.8111914061005645,1.1930570946635239,-0.71061464273617547,-3.2780078154469723,8.18887146791,0.0293542775326,6.7320096709531888e-05,0.0075689999999999993,0.00026073004835476592,60,1,1,0,1,1
788,0,4.2806537578257204,0.71029472642107572,-2.3951338561625417,1.7710039697516418,4.7624550648598412,4.4532700044564528,0.00763448816027,0.430538841672,5.6465068531161136e-05,0,2.8232534265580568e-05,12,1,1,1,0,0
789,0,2.2135962455815692,6.2831853071795862,-3.1415926535897931,5.9331853071795866,-6.2831853071795862,-6.2078078792999785,539.815281697,26.7650467952,0.50961862786945189,0.022842084182693716,0.25549457646020673,60,0,0,0,1,3
790,0,-2.8834631178905896,0.18428482886674485,-1.7651459256725159,4.1836956868098367,3.6291867431456759,-1.0850316413562631,0.0289906183508,0.792125057218,0.0001911367282828842,0,9.5568364141442101e-05,9,1,1,1,0,0
791,0,-6.2831853071795862,6.2831853071795862,0.17377483263594151,1.0176756188046068,-1.2785240208752853,2.8107694403843975,637.359270653,39.7943621497,0.88861632317115402,0.015137999999999999,0.444762301585577,60,0,0,0,1,3
792,0,-0.21976624418394397,1.4630544961667067,1.9767371927445256,-5.3155872693882147,-3.5964275085677144,-6.2831853071795862,48.8121503448,46.402318202,0.65827727984776641,0.0075689999999999993,0.3293657099238832,60,0,0,0,1,3
793,0,0.58915220977857141,-4.4005696391033799,-1.7146204441978166,3.7532092196324931,1.7679685843317927,4.1546708675408368,1.97218158505,0.0470838150041,4.5648021865951872e-06,0,2.2824010932975936e-06,60,1,1,1,0,0
794,0,-4.8376563735089402,-1.107157016036695,-2.5618886811143553,0.22618266622080471,-0.94467761082537349,-5.7269347764509213,0.602612786252,0.438815868263,5.9020079469824663e-05,0,2.9510039734912331e-05,24,1,1,1,0,0
795,0,2.7917145343642118,2.6544214079131625,-0.29161188760224332,-4.5408652706422385,1.3205818471659507,-4.2368681173168312,19.193396059,0.00235830761966,0.00036838814644083188,0,0.00018419407322041594,60,1,0,0,0,2
796,0,1.6852895337200149,3.2497646683477819,-2.7403546758693804,-2.5662148351655598,6.2831853071795862,-4.6748845181216048,176.927982004,10.75771503,0.066556407370541998,0.0075689999999999993,0.033505273685271002,60,0,0,0,1,3
797,0,-4.2793229853250629,4.8765817731776053,-2.6179900786037109,-4.9600215464115847,-4.8919015405774378,-1.8201344159461839,18.4589559007,48.8617884375,0.72760701524050708,0,0.36380350762025354,60,0,0,0,0,3
798,0,5.4602810303380354,-3.9624397681427719,-2.9969548341978016,0.70564172044419537,-5.3535019387209095,-2.8176910423509574,473.134580385,2.2898106964,0.22545351127195967,0,0.11272675563597984,60,0,0,0,0,3
799,0,5.4330726830476097,-3.0406473065133732,1.4246585060444346,2.217257694278052,5.5208287383460233,-2.7237512220953346,0.0468527078286,0.0693571121054,1.4675295538070327e-06,0,7.3376477690351637e-07,26,1,1,1,0,0
800,0,-0.83028509316375965,-3.7745043551082147,-2.7888151723197687,-2.8585341797896007,0.81327535992527389,-0.25778262738674412,23.7533619035,0.0313559276458,0.00056452169979714895,0,0.00028226084989857448,60,1,0,0,0,2
801,0,2.2778186584172473,0.12134406019445387,-2.4472720176480514,2.3281253942811024,-0.51262101590245257,6.2631502032262913,0.0506760585922,0.899633104237,0.0002465415459821014,0.0044842973025460212,0.00025779969206743132,21,1,1,1,1,0
802,0,2.1282549283708327,4.9545479881177723,-2.6598980897084794,-3.3463852148778677,1.048516625773817,-2.5256453208844634,0.03468481992,9.64180767247e-05,1.2058685921288699e-09,0,6.0293429606443494e-10,11,1,1,1,0,0
803,0,-1.3585591233725127,5.9690933849508427,-3.1415926535897931,-2.1600304915890405,4.1089321476239862,1.8901328627314928,185.019560113,20.117160435,0.15751095126734799,0.0075689999999999993,0.07898254563367399,60,0,0,0,1,3
804,0,2.5109162642442691,-2.2759700257071622,-1.0136337724550548,5.9984004140847818,4.2883332841669448,0.16090936466341355,1.20413581,0.312855420782,3.1265443531316383e-05,0,1.5632721765658192e-05,18,1,1,1,0,0
805,0,3.9669510513532638,0.49758678627712832,-0.58507107115326018,-6.2831853071795862,3.0100191721590868,-4.4869801360988664,71.5284546123,8.88508164914,0.029164243301404474,0.0075689999999999993,0.014809191650702236,60,0,0,0,1,3
806,0,5.6922237811793472,5.6443936253853844,1.4443937561104232,1.3276685832821895,4.6854216550408134,1.7361470907578207,0.134388272921,0.0372321843266,4.403317042744812e-07,0,2.201658521372406e-07,14,1,1,1,0,0
807,0,-6.224591884678305,5.9585309553058678,-3.1415926535897931,-4.9695471103003923,-4.1538676646363033,-1.612686897376769,142.873707394,1.03889186433,0.020741668720299884,0.0083759336451907172,0.010622112369505663,60,0,0,0,1,3
808,0,2.4642611263072296,-2.4510401575167986,-0.7351466008404427,0.025169120514701673,1.1439826264962103,-1.9221809359197422,8.84290180572,33.4601832601,0.34112294473844423,0,0.17056147236922212,60,0,0,0,0,3
809,0,-0.89436050846367754,-0.44496743227127078,0.34770849396282411,2.7734067533435849,3.2185813970498178,3.9191515211998533,52.4584958407,0.208390718248,0.002765122312566792,0,0.001382561156283396,60,0,0,0,0,3
810,0,1.8302822258484854,-6.2831853071795862,2.499304262041866,6.2831853071795862,1.1517229539400986,-1.7085111663477555,1183.11387985,39.1136030689,1.865784706419213,0.015137999999999999,0.9333464932096065,60,0,0,0,1,3
811,0,1.7280560325042729,5.8375338583729723,0.89830002123202524,6.2813323066689177,-0.87830236605052736,-5.965880206100791,12.0494160899,0.480757563204,0.00021559399271664314,0.0072500115220362179,0.00032529734201940813,60,1,0,0,1,2
812,0,-5.0028213067061182,1.1793753605045523,2.9109981317976676,-4.9755735080690631,-4.5791061795040466,3.301904317234257,3.9318057336,0.181339712138,2.5476163339662493e-05,0,1.2738081669831246e-05,28,1,1,1,0,0
813,0,-2.0028189997217956,2.9191216877181128,-1.654424292738079,0.38693438888382614,-0.15146239182897461,-6.2831853071795862,91.1160026252,45.7667343286,0.64635193691247883,0.0075689999999999993,0.32340303845623941,60,0,0,0,1,3
814,0,3.6419409629604771,2.6186994941346855,-1.5772537525762871,-5.4163689048337966,-1.852422753423566,-1.9938073938745509,0.443552370416,0.574817241713,0.00010084686123518355,0,5.0423430617591777e-05,32,1,1,1,0,0
815,0,5.5558113154077526,-3.1762226358837364,-2.9145474235373099,-3.2545434005870923,5.3008124298769284,6.2682826352255754,783.368169586,54.0486805857,1.5035323341753279,0.0051980247113709733,0.75192210782900515,60,0,0,0,1,3
816,0,2.4535134809331272,-5.4183149412011282,-1.2011776817604911,-6.2831853071795862,-2.0053433792663946,-6.2831853071795862,60.9683192511,39.3433130888,0.47523330832709537,0.015137999999999999,0.23807079416354768,60,0,0,0,1,3
817,0,-3.0795964852912241,-5.1181109457174525,1.4701556443066481,4.5568754418444257,-1.366736673063875,-6.2831853071795862,12.1259420742,44.5462432225,0.60462003311945989,0.0075689999999999993,0.30253708655972994,60,0,0,0,1,3
818,0,-0.17221855383598877,2.5007387476878429,-1.1089647235744848,6.0644360198402909,-6.2831853071795862,-3.7603039163208494,76.5682287569,11.4918988113,0.046091608859761851,0.0075689999999999993,0.023272874429880925,60,0,0,0,1,3
819,0,-2.2436750775764165,3.924725685087346,-2.5334051012429653,-2.4355806963981053,1.9334456444247297,0.5343380049741645,0.0186878685871,0.234664296704,1.6774817869789908e-05,0,8.3874089348949538e-06,20,1,1,1,0,0
820,0,-2.0585892587504193,2.5851226704750094,-2.0771190227242804,2.5905372837972163,-1.921971322495811,-1.8231134466997878,839.031310995,42.2836238293,1.2486005012751511,0,0.62430025063757555,60,0,0,0,0,3
821,0,6.2831853071795862,0.65122958986740032,-2.7947503260574451,6.2831853071795862,0.011901632952556552,2.9840746820578223,685.879275628,56.351481779,1.4377397983861899,0.015137999999999999,0.71932403919309496,60,0,0,0,1,3
822,0,-2.8694003794873719,-3.7973522312748784,0.14870875548684465,-0.49180415421995516,4.8676734282240943,4.1876824438397344,113.066947242,0.391334717927,0.012830784541986259,0,0.0064153922709931296,60,0,0,0,0,3
823,0,-5.3403004890592944,1.1638872639532267,1.7594332365370211,-0.9616180700958894,-2.1483566359936068,6.2255748540613407,4.85057554902,0.0337918486281,2.3875922447853902e-05,0.00086374546591484356,3.7850325201372258e-05,45,1,1,1,1,0
824,0,-1.2636380197514134,3.8647811410810067,-2.8480334391331183,0.93991148663167179,4.0712483969590831,-3.2499359398214902,0.283906099541,0.236961617077,1.7185116915487836e-05,0,8.5925584577439178e-06,35,1,1,1,0,0
825,0,-3.3077051426503492,4.5194926885504643,2.4721957354273689,-0.56178982411645351,-1.5577930828012752,-1.949207023767451,0.0821492898989,0.200233563864,1.2219920963459145e-05,0,6.1099604817295724e-06,16,1,1,1,0,0
826,0,-6.2377082735028893,-4.1808664574877197,0.24959259199954065,-2.076711604093878,2.399882308880652,-4.5407527817223121,3.36554750717,23.2057731281,0.16405021591407137,0.0017241567322861565,0.08207683265900427,60,0,0,0,1,3
827,0,5.8500249275593781,-3.2921094350196052,0.2983049458186362,1.8836680839630158,-3.9900155653058427,4.8937882865896372,249.498922979,10.8632437572,0.098197634055255834,0,0.049098817027627917,60,0,0,0,0,3
828,0,-0.1126047600174724,-3.7660239470594545,1.0605378023096732,5.9873601961400791,4.5740810859388548,1.7598696417285824,0.305620971303,5.76231719794,0.010114701440534163,0,0.0050573507202670816,60,1,0,0,0,2
829,0,-4.9495959965811069,-6.221723832702974,3.1188863029997478,-5.9183751126980821,-0.21118024608240582,-2.3160120290845656,436.429908952,16.3310460607,0.27171346507047572,0.0047858896403588924,0.13600030922444864,60,0,0,0,1,3
830,0,-4.5418591068643996,1.6367540577801147,-3.0181810648585858,-5.9331853071795866,-4.4810737270858958,-3.306400134759659,33.0253550388,0.04586763888,0.0010913149418417204,0,0.00054565747092086021,60,0,0,0,0,3
831,0,-5.3406317912744417,6.2831853071795862,1.2137966617203051,-6.2831853071795862,-0.03016244361207493,-1.2199720844696063,364.284477042,31.6204040593,0.43727489303216283,0.015137999999999999,0.2190915865160814,60,0,0,0,1,3
832,0,-1.4548722372784104,-5.2109492653720677,2.5662551876423092,-1.2505914718797748,4.4577893800540167,-3.2007032702693579,3.17187154751,0.396132996399,5.7861746114966462e-05,0,2.8930873057483231e-05,9,1,1,1,0,0
833,0,-2.6008054488067147,-1.5021077374194598,-1.3033851428813508,-3.7693878092932751,-5.2889412684812163,0.70258076733150376,0.0101738458332,0.586008122828,0.00010460740695622214,0,5.2303703478111068e-05,17,1,1,1,0,0
834,0,-1.4923782857750438,-1.0595650583536544,2.753888602691327,6.2831853071795862,4.3619958599407402,3.5511240542720461,18.9654984699,0.393181922438,0.00040678155572161851,0.0075689999999999993,0.00043046077786080921,60,1,0,0,1,2
835,0,5.008644107438367,1.5824162842286129,-0.50774700252657745,3.1026632848564799,-4.178021100746121,0.29420448180999165,0.0253453411338,0.795728987318,0.00019287970796247071,0,9.6439853981235353e-05,26,1,1,1,0,0
836,0,0.94679492189726044,-6.2645063890639161,3.1160108641278703,-1.1398001929585062,5.0629774112304027,-5.1455216007647504,92.3878517506,0.228584569861,0.0085514316871225741,0.0084399668155448835,0.0045289148480276336,60,0,0,0,1,3
837,0,2.2708414957609593,5.5804357714307473,-2.7323747366609719,-0.70328750488103164,6.1463814385553048,-0.90154374462539466,0.876568054871,0.916185054419,0.00025646272706776548,0,0.00012823136353388274,36,1,1,1,0,0
838,0,-6.267014217225757,0.24101715680224892,1.7222153151221202,-1.8063528425923525,-1.2554962236146177,1.4541556002832092,11.9178892963,0.0425478659185,0.00014258754055750193,0.005016734498328553,0.00022179580522860756,60,1,0,0,1,2
839,0,3.8348585563576902,-2.323636763889338,-1.5200137528439808,2.441134464619541,-5.0238906451985379,6.2761304475255253,6.72319557139,0.297674193545,7.2193485565245799e-05,0.006391225464931892,0.00022783350673057966,60,1,1,0,1,1
840,0,-1.0290299925524471,-3.1962200577511926,2.0474646748237051,-6.2812098684551305,-3.8643251924252753,5.5131058883756117,1.58344011443,0.147554582908,9.1395211796087594e-06,0.0072291760200987841,0.00022144504119276791,31,1,1,1,1,0
841,0,-2.7030100976450724,-5.3052097405287943,-3.1083244857739647,0.69474239791202674,2.1878513789904201,1.7119214284931792,12.4626410388,0.0942047000767,0.00015802075672617197,0.0028871097898679763,0.00016562367205912525,60,1,0,0,1,2
842,0,-4.5481916871392603,5.9691741393557036,-3.0961988481916878,-6.2831853071795862,3.6871042603957718,1.1359449173590239,193.646746306,18.3916068461,0.14053627086367421,0.0093000754292507266,0.070547137694714629,60,0,0,0,1,3
843,0,6.2831853071795862,-1.7953930749277345,-2.7501760884288253,4.5221726344607189,-5.3681192524975128,-6.1467272156429509,23.7980698796,0.277299760009,0.00058977173428137008,0.0075689999999999993,0.00052195586714068505,60,1,0,0,1,2
844,0,-5.301103690574763,5.8843311340943005,-2.8043717616996635,-3.1066526253379743,-0.78326046942615979,1.7045020673892108,1220.94968133,30.1380604327,1.7674029451365445,0,0.88370147256827225,60,0,0,0,0,3
845,0,1.6794307831387103,-0.06012847230083309,-1.3171822368402286,2.0870783514975098,-2.0691455893149366,-5.901772234226935,0.0592009502141,0.497076806336,7.5270006962318826e-05,0,3.7635003481159413e-05,20,1,1,1,0,0
846,0,6.2831853071795862,-6.2831853071795862,-2.3713798783058984,6.2831853071795862,4.9710668316291464,6.2831853071795862,705.226909893,25.6158528883,0.69722639139821641,0.030275999999999997,0.34952147569910819,60,0,0,0,1,3
847,0,2.7745246231662941,-6.2831853071795862,-0.23920167549364568,6.2831853071795862,6.0904860771269123,4.6359669748678707,835.643074841,50.8705772967,1.4865930699940824,0.015137999999999999,0.74375067499704117,60,0,0,0,1,3
848,0,-0.64381649383454653,-2.0150713129294937,1.6713996966207083,5.1956725087989151,1.3097527840490994,-6.246133018139246,0.848426225384,0.332980354443,3.4494562643898979e-05,0.0024947738301097197,9.2090496225241081e-05,26,1,1,1,1,0
849,0,-6.010544941263178,-0.79853451714171719,2.4355711438462126,-0.32715368272684353,4.1742652487070568,2.1233624332841017,1.1684764163,0.0166824033841,1.450112950093443e-06,0,7.2505647504672152e-07,33,1,1,1,0,0
850,0,-1.0577878252284709,-3.9319085113673773,1.4552221796415048,3.3244245257527143,-1.9036585582115975,-3.7407707019131844,0.0136241153745,0.20509632486,1.2813765823814616e-05,0,6.4068829119073078e-06,14,1,1,1,0,0
851,0,-1.0181141412637471,-2.1659468826775479,-2.9257735076451254,5.4510907335538334,0.69410492994291517,4.4226379627242389,0.0882288968192,0.977016696764,0.00029078388380313031,0,0.00014539194190156516,25,1,1,1,0,0
852,0,-0.23888239141195033,0.5954857653280472,-2.0614553675554546,4.9197684359572804,5.9642243813340752,5.8767276289929988,0.391430098266,0.0680752591663,1.5648880306732436e-06,0,7.8244401533662182e-07,12,1,1,1,0,0
853,0,5.2334632266783263,3.0551116156643516,-2.5071985620474369,-5.1535415924842471,4.2208435661459651,-4.355562909834755,1.66381270686,0.830647617064,0.00021294681820230128,0,0.00010647340910115064,14,1,1,1,0,0
854,0,-2.5021287062290707,3.6445480005200497,2.6602319928407847,-3.104850098365934,0.13606082948835907,3.0165677795223975,209.892086909,11.5683026044,0.08482030478039429,0,0.042410152390197145,60,0,0,0,0,3
855,0,-5.1365654724768905,5.7974693634747707,0.15768924204650897,1.2541820119219576,-2.6889876183179169,1.458224577655687,243.7688856,0.959630466681,0.059703788914834452,0,0.029851894457417226,60,0,0,0,0,3
856,0,-6.2831853071795862,0.21652587835148879,-2.0294775149061697,-6.2831853071795862,0.34651698680497861,6.2831853071795862,210.456901777,5.54446935284,0.053656394377005354,0.022706999999999998,0.027509407188502678,60,0,0,0,1,3
857,0,4.4979535192134739,5.0741360566631704,2.9981317121148949,-1.2383707715019634,-1.1667039957364924,3.8199227420520669,184.302136665,26.7651515107,0.25218707460934825,0,0.12609353730467412,60,0,0,0,0,3
858,0,4.7348333670180738,-5.7080044129397782,0.27572726553601778,0.062825104537549886,4.5018286583105986,-2.5973642345384391,97.9775882687,0.0400432205216,0.0096000962446496519,0,0.004800048122324826,60,0,0,0,0,3
859,0,-2.4785174192548474,1.3716974300194178,-2.811544147392897,-3.0946324080615444,5.1864119128066903,-0.46747400398930722,0.884134351544,0.132818855932,6.1554033017930807e-06,0,3.0777016508965404e-06,25,1,1,1,0,0
860,0,3.4409200906444708,-2.5054198638118557,-0.059829851288261841,-0.93589948011846935,4.6757609373118303,-6.2831853071795862,4.10008528794,51.6896009353,0.81389815488413564,0.0075689999999999993,0.40717614744206782,60,0,0,0,1,3
861,0,-1.2982780706919494,-2.5374516073639133,-2.3079700315014176,0.93614828172027265,4.5213072743584721,2.7074119894731665,2.01801432328,0.0887970826391,6.4742663688737365e-06,0,3.2371331844368682e-06,42,1,1,1,0,0
862,0,-2.4573554468919467,-1.8269123452587732,-3.1415926535897931,6.2831853071795862,0.1791808261964066,-4.9837428603013834,933.42802714,55.8421914442,1.8211917180243138,0.015137999999999999,0.91104999901215689,60,0,0,0,1,3
863,0,3.2190337638944593,-1.2547155193234667,1.3671572482789383,-5.8895059545835124,4.4614576412392983,3.692566141034983,0.0164597142588,0.596814067206,0.00010850104521050892,0,5.4250522605254459e-05,29,1,1,1,0,0
864,0,0.6771080884457098,4.2552401325378471,0.19421580178241277,-4.8195698044097259,-3.4518170520199258,3.8058659181522323,234.565932142,3.79141337907,0.059399995701906072,0,0.029699997850953036,60,0,0,0,0,3
865,0,-3.8706649184875275,-4.6769394959073916,-2.2917780373877861,-1.8488811730888508,0.80770687191927815,-3.3341234950049103,0.0211246685289,0.645046536446,0.0001267471957758901,0,6.337359788794505e-05,17,1,1,1,0,0
866,0,-6.2831853071795862,6.2831853071795862,2.4890669644411583,-6.2728038365650081,0.95570476509869651,5.1482639382820068,190.628722385,22.2510876869,0.18715871565493231,0.021008399045184745,0.094209609798821689,60,0,0,0,1,3
867,0,-4.3240444993222615,-5.1865162754932994,1.4918032294022514,5.0703466541348536,-4.3327387832978754,-1.9517235706519185,1.53631135506,0.105950442659,5.7797342983334705e-06,0,2.8898671491667353e-06,22,1,1,1,0,0
868,0,-2.5919095729692478,2.6859200031579311,-2.3554554687723517,2.8138585933598055,-0.63256769224828291,2.4945832538170527,22.7987508445,0.0766059002097,0.00052157067641634325,0,0.00026078533820817162,60,1,0,0,0,2
869,0,-3.8101350467058102,1.2983247210873801,-2.9425336076102231,-4.2436856470200111,-1.1148566330779026,0.26349555459953122,107.546185155,2.70673973044,0.013797943180803051,0,0.0068989715904015257,60,0,0,0,0,3
870,0,6.2831853071795862,6.0050643214367909,-3.1415926535897931,2.0063588236343564,0.98691869724014569,-6.2831853071795862,437.349621549,21.7302069706,0.33511561433811254,0.022706999999999998,0.16823901716905626,60,0,0,0,1,3
871,0,6.2831853071795862,2.9852739256169873,3.1415926535897931,1.9978615104302464,5.3460608075192679,6.2831853071795862,182.407478571,57.2908153565,1.03309921399264,0.022706999999999998,0.51723081699632001,60,0,0,0,1,3
872,0,-2.8284446579960854,1.9803078103933698,-0.90519593193226544,-6.1107362479294647,-6.2831853071795862,-1.907016567759938,221.223852161,27.3757541574,0.27723000922620084,0.0075689999999999993,0.13884207461310041,60,0,0,0,1,3
873,0,-6.2831853071795862,0.20673210118998064,1.1041184257746683,0.63191128269326868,4.1061695486580483,-3.4411636717010259,16.2747272287,0.63670724566,0.00038835746542248883,0.0075689999999999993,0.00042124873271124437,60,1,0,0,1,2
874,0,-5.889687157372947,3.7790869196949828,-3.0076565720478272,0.78404600042338024,4.5817437177482425,1.3135565016141422,1.28015730744,0.0497487444803,2.392711830741778e-06,0,1.196355915370889e-06,14,1,1,1,0,0
875,0,5.3834771018249166,-0.25626901210356756,2.540438369807791,1.6243475780036596,2.0264585469440233,-1.7459302945428881,0.0198350804081,0.391181758006,4.6613915972258087e-05,0,2.3306957986129043e-05,20,1,1,1,0,0
876,0,0.026118986523683219,-0.81903218831995095,-0.14246172697201717,-2.4200147298071237,-5.2280209860230142,6.0814448380449715,2.21481732535,2.54332485819e-05,4.905415981690214e-06,0,2.452707990845107e-06,24,1,1,1,0,0
877,0,3.6422332348422786,-1.1701316613712542,1.2221958350735491,6.2386435550437813,-4.6994244664968372,-4.1627823033163391,4.90808137948,0.117946338877,2.8326898975239945e-05,0.0018027028116974261,6.8244533838542754e-05,41,1,1,1,1,0
878,0,0.9892884226445825,-1.8727643312220454,-1.1222467656852824,1.3561920543638588,-1.4289302012496561,-6.2544340277819286,6.5359791832,0.690785550705,0.00018807778897181139,0.0033929134518097415,0.00019582629804019795,60,1,1,0,1,1
879,0,5.9986934472292202,3.3161489212230566,2.8291568287218132,5.1468689372030223,-4.9592642690997586,3.3496762581161827,0.256547516382,0.0214766079103,2.0631979470700382e-07,0,1.0315989735350191e-07,53,1,1,1,0,0
880,0,0.061316553300643603,3.7876663330788776,-0.70137045457841229,1.5377292572289012,-5.1154854098802787,-0.96645273404915211,0.0499267992716,0.287281141223,2.514270666780502e-05,0,1.257135333390251e-05,17,1,1,1,0,0
881,0,-0.99004645569012295,2.6019644191609492,2.5796504208832922,-2.242259004672865,-1.6717475619736466,3.3380280415808619,2.03755508454,0.00636816949544,4.1639840502651559e-06,0,2.0819920251325779e-06,54,1,1,1,0,0
882,0,-0.73419465788853067,-0.27168665647958035,-2.9406537972283524,4.3777940065813556,-5.3042243626964138,6.1719583132444997,260.446600795,42.4207975174,0.61599880847852395,0,0.30799940423926198,60,0,0,0,0,3
883,0,-6.2831853071795862,2.4103835213470233,2.6435835236490965,2.3974183466823713,0.26706414657512456,-6.2831853071795862,97.9356402581,14.8493672558,0.076760660185544186,0.015137999999999999,0.038834470092772091,60,0,0,0,1,3
884,0,-1.9025013265513895,0.3965833998155342,-2.2515573019134383,0.3854864416937876,0.40658151945953114,-0.48106844540498994,1.12624749893,0.0562296620599,2.231565139420929e-06,0,1.1157825697104645e-06,20,1,1,1,0,0
885,0,-1.3416197591888883,-5.5409201914945809,0.14299176194567653,-4.5953452575534968,-1.3124903170412601,-2.1235701900564012,206.089444784,0.832267011991,0.042683858105860402,0,0.021341929052930201,60,0,0,0,0,3
886,0,5.4504022802297012,-5.4468393152899246,0.025518507167935578,-1.6592570743530197,-3.0783987008208391,5.782260026348256,22.9932825471,0.000197773080484,0.00052869105420630413,0,0.00026434552710315206,60,1,0,0,0,2
887,0,0.76299214689534134,-2.8234340681278214,1.4295836851695158,-3.8754979423297069,-4.46111609411789,6.2831853071795862,67.5645741709,57.1388302044,0.99909391095861178,0.0075689999999999993,0.49977402547930588,60,0,0,0,1,3
888,0,1.7633257219360097,-2.2594265289431616,2.733410831943659,3.7406527273046408,1.1225723926205056,-3.8141724068305547,2.24859167727,0.385601121992,5.0349188068884429e-05,0,2.5174594034442214e-05,28,1,1,1,0,0
889,0,-5.8078611890697083,-0.86602790853400191,-1.1160447356536443,1.1223853390402445,2.4332659450820984,-2.2634620435077801,1.70296740581,0.681307364891,0.00014429732827054003,0,7.2148664135270014e-05,28,1,1,1,0,0
890,0,2.3714761127085264,-1.2604646989351025,0.79261216314043537,3.8312100249322274,0.77715207940015263,-3.5579650758131951,0.0049898437468,0.89241955384,0.00024260119449642263,0,0.00012130059724821132,42,1,1,1,0,0
891,0,-4.9650385267272723,3.9867624383960369,0.11324380762822678,1.724411642222319,-3.7900724730248605,4.7670662913883328,269.559129844,33.9902822275,0.42459859673292921,0,0.21229929836646461,60,0,0,0,0,3
892,0,-4.6115518382191256,0.38086751543813946,-1.5355575242449051,0.10758277007682771,1.8386236173205166,3.6147492750604813,23.1539061496,11.9612672218,0.044118300519967672,0,0.022059150259983836,60,0,0,0,0,3
893,0,6.0690456323436166,-3.2395452173076427,2.2204339473290085,5.7794619839613199,1.1950401246719577,5.2480079199043672,0.441785509942,0.284992278578,2.4936383691771324e-05,0,1.2468191845885662e-05,22,1,1,1,0,0
894,0,-0.25243124449304455,0.46785005654626893,2.088571293321515,-4.8591868945856858,-4.6874361307283579,-1.4851948244828224,1.00907224448,0.133154741709,6.4191500745924261e-06,0,3.2095750372962131e-06,24,1,1,1,0,0
895,0,2.0559565992145625,2.8283244357506412,-0.88733201078507151,0.83488132474619448,5.4499438729146368,4.7446349220417607,0.149453922793,0.673460456172,0.00013818125834544822,0,6.9090629172724111e-05,17,1,1,1,0,0
896,0,-0.22811972019586724,6.2808054233314232,0.73511455539190618,1.6412758718155784,-4.8246659094169919,-3.1341640665886636,12.4851232133,0.027574717677,0.00015610992209166551,0.0071605640575503823,0.00029287188277234421,60,1,0,0,1,2
897,0,-4.5699998239693089,6.2831853071795862,-2.3549940631546464,-6.2831853071795862,-5.0450706669306076,-1.0125440818432407,858.057865979,1.05700863421,0.73660364043660365,0.015137999999999999,0.36875596021830181,60,0,0,0,1,3
898,0,3.1619823518021559,-1.211445362313516,2.4720205617424171,-0.11797359830245163,3.9720400505638493,4.2541652267504402,0.0124519537602,0.244212920322,1.8167522874091732e-05,0,9.0837614370458659e-06,15,1,1,1,0,0
899,0,-1.566222424233235,3.3381500594273863,2.976179711217029,-5.4106603155691202,-2.3490468169068146,1.1264476965641854,0.0151478574964,0.305247200226,2.8383217459780146e-05,0,1.4191608729890073e-05,16,1,1,1,0,0
900,0,2.3744405546662284,-4.540534632651605,2.5567525305925058,-5.3377282743614369,1.4270563848810944,-3.3911242543350522,0.024115914783,0.0368678339041,4.1462889901456402e-07,0,2.0731444950728201e-07,28,1,1,1,0,0
901,0,0.13731653876059777,1.8896148548298595,1.7460600826742569,0.94056682127772107,-4.3719769787633522,4.8090166175943025,0.751330943753,0.0214719647945,7.0494060824409885e-07,0,3.5247030412204942e-07,10,1,1,1,0,0
902,0,-3.5023882023391808,2.9343863478692813,2.273611230154728,-3.6348794232060371,-1.79079127575613,5.4263930814077161,0.0356980332455,0.0848356258642,2.1936313296790952e-06,0,1.0968156648395476e-06,14,1,1,1,0,0
903,0,0.5230698353534472,-4.9888184223629404,0.17831130759382358,-3.8360985422836671,2.0507862814208182,2.8936786752136139,166.536034941,0.262336069509,0.02775521476955705,0,0.013877607384778525,60,0,0,0,0,3
904,0,1.5642594777014145,3.7115628792652586,0.034808340804599325,-3.2308702574738706,-4.1244143540277776,5.4341009733710521,192.957268836,1.37184196123,0.037805782461319923,0,0.018902891230659961,60,0,0,0,0,3
905,0,-0.070435934005958406,4.9107456751197152,1.8760528371980667,4.4349271101223406,-0.67065225803113737,-0.40694296933159912,0.0143713662147,0.93254901651,0.00026491003534487257,0,0.00013245501767243629,10,1,1,1,0,0
906,0,2.84974934907454,-1.2658451883337796,2.8688421940533408,-3.2606488013061372,-5.5827296684289713,6.2831853071795862,164.852411913,52.8208087803,0.8770704457042523,0.0075689999999999993,0.43876229285212615,60,0,0,0,1,3
907,0,-3.6480345252160822,-1.0180807348968421,-1.9866495904305568,-1.5359952156888197,4.6228221414348383,4.2145622147471498,0.0493328773041,0.423058465294,5.45223919557212e-05,0,2.72611959778606e-05,21,1,1,1,0,0
908,0,4.4281648959225723,-6.0000116685755991,3.1415926535897931,-2.7866233307712625,-2.8353164062203962,-2.8866024132382231,330.863041566,8.03535295743,0.12913855388799442,0.0075689999999999993,0.064796346943997205,60,0,0,0,1,3
909,0,-2.7261542124501452,-0.94615283181037091,2.7007549913460327,-0.31436929171532924,-6.2831853071795862,-3.198548855850162,161.340890658,11.2181578713,0.064366091538413453,0.0075689999999999993,0.032410115769206729,60,0,0,0,1,3
910,0,4.575911337992328,3.7529232765038256,-0.98269003945952127,-6.2831853071795862,3.3272421480923531,-2.1317708684813508,32.6680226009,11.8712041053,0.043995557905281958,0.0075689999999999993,0.022224848952640978,60,0,0,0,1,3
911,0,-3.4264051052170905,4.915616810206334,2.8656937632272546,-2.7895637095405221,-5.1819171191997757,1.1335668044862959,3.66443594566,0.984562056265,0.00030871277691404655,0,0.00015435638845702327,20,1,1,1,0,0
912,0,-0.60029522934404689,-6.2831853071795862,-1.1091803552331729,-2.4218328656885979,5.1782289382609656,-4.7551551010379329,117.325337556,5.76401759194,0.023885813160381113,0.0075689999999999993,0.012169976580190556,60,0,0,0,1,3
913,0,0.17362491102922897,-4.8476828610418163,-1.043123813742308,-2.9438705899590096,2.2121887323938609,3.3948148236753903,0.0349452153654,0.00598362643089,1.2127624762804417e-08,0,6.0638123814022083e-09,9,1,1,1,0,0
914,0,-2.9931078602383994,1.4706699825696132,-2.2206491212921065,0.26654197452939643,-4.2298877246209647,-5.1492276938737138,0.172790860483,0.986232365935,0.00029631729368292627,0,0.00014815864684146314,20,1,1,1,0,0
915,0,-0.89596038850767534,5.5425235917652902,2.6867844405424886,-1.6261434666631041,-1.5412566167582118,-2.9565859659178586,0.154316610197,0.501042804885,7.6496156349985294e-05,0,3.8248078174992647e-05,9,1,1,1,0,0
916,0,3.1093049117503089,0.052804241447774472,1.7421637836341983,5.4053534833131547,-1.9032464328244063,-1.4937544426440765,0.155524150428,0.959655652399,0.00028055824094339298,0,0.00014027912047169649,16,1,1,1,0,0
917,0,-4.8228404293133424,5.9570752878587943,-3.1415926535897931,2.5066205946916744,-4.6142829254069859,1.8989527469734697,289.751280052,43.4913993325,0.6601402069734158,0.0075689999999999993,0.3302971734867079,60,0,0,0,1,3
918,0,-2.5197124493513683,-2.0784481291542938,3.0114784562079917,5.2019946899047076,6.2831853071795862,-6.2831853071795862,482.513488992,31.9319687729,0.54342261096775402,0.015137999999999999,0.272165445483877,60,0,0,0,1,3
919,0,-3.5336779635716988,-6.2831853071795862,3.0082130877995632,-5.3949626195883784,1.4320352400942269,-2.5871425673024393,17.9243179778,0.00066739997554,0.00032128131065322892,0.0075689999999999993,0.00038771065532661447,60,1,0,0,1,2
920,0,-5.3778079442673441,-0.30404252585126768,-0.22960191171122318,-3.6653349445975816,-5.1048181878808023,4.6534147179516063,105.704958772,47.6459386585,0.70269634794494928,0,0.35134817397247464,60,0,0,0,0,3
921,0,1.5654627093779334,-6.007983738642996,-1.7690130116854494,-0.38461005747358223,-4.6027950389305756,-3.4759573821177074,0.90799682816,0.0779098992451,2.6734714783824595e-06,0,1.3367357391912298e-06,36,1,1,1,0,0
922,0,5.7781121638914694,-0.81900975265940645,1.3383715762718369,-2.4784966286423962,-4.8147954993992634,-6.2831853071795862,13.9080074971,31.7521201503,0.30730784227915875,0.0075689999999999993,0.15388099113957937,60,0,0,0,1,3
923,0,-0.35602785574525664,0.083574868607138919,1.1124035370657452,5.5641273364697295,-0.88851231152805077,3.1754098794533951,0.523659012415,0.0147670735499,3.4064560404502077e-07,0,1.7032280202251038e-07,43,1,1,1,0,0
924,0,-5.5033641698491431,-4.7453484337771172,2.2127488698055009,1.3218837410636723,-4.6481712683115628,4.3517934694666609,0.055109423008,0.0655430409684,1.3116400428200099e-06,0,6.5582002141000495e-07,16,1,1,1,0,0
925,0,-3.0747570552774248,-4.8623716790275733,2.4901381408662977,-5.3040903416169112,1.9519613752247762,-4.5486955855979145,3.00046116632,0.0499670705457,9.7633080018298643e-06,0,4.8816540009149322e-06,13,1,1,1,0,0
926,0,2.8113792505235917,1.2770680547965987,-3.05646532795868,5.9200747447772937,-3.0866607297172575,2.478770145881239,107.498746424,0.343948332804,0.011592016862287922,3.5069092918857857e-06,0.0057961136384227178,60,0,0,0,1,3
927,0,0.84062921799380219,-5.0945630863328306,2.096495484009846,-0.23686760508295693,-0.89138677251793885,-0.18852557674300269,0.00733535467011,0.995304392455,0.00030176346231231981,0,0.0001508817311561599,26,1,1,1,0,0
928,0,-5.0660184785134499,4.3719343000080038,-2.8244780874405211,6.2831853071795862,-1.3693940525336299,-0.39277139958217056,217.941177799,36.7092425689,0.45799119338464522,0.0075689999999999993,0.22922266669232261,60,0,0,0,1,3
929,0,0.98409484489442267,-6.1364849212859713,3.1415926535897931,-5.2891146620231009,3.3255488784138021,1.6781215949605823,571.68800073,10.7784914605,0.36221636642644289,0.0075689999999999993,0.18133525321322144,60,0,0,0,1,3
930,0,6.1802284591811762,-5.2928273496951732,3.1181101890561336,5.9331853071795866,-4.9888271549209939,-2.1623425592177981,128.650477357,30.30236335,0.29626078096229502,0.0040344773117178172,0.14825142480049905,60,0,0,0,1,3
931,0,-6.1428409556121624,6.2831853071795862,-2.5764896144675991,-2.9234718393465595,-3.1306508862352773,-5.9188251046658671,168.685885583,24.8531762942,0.21661112913906183,0.0075689999999999993,0.10853263456953091,60,0,0,0,1,3
932,0,-1.1405793073292201,-3.557101597190655,-1.0515349195885979,5.6376531936823486,-2.1948293720486882,-4.1488079854292943,0.108504782405,0.00144598373809,1.2410202915814133e-08,0,6.2051014579070667e-09,26,1,1,1,0,0
933,0,5.3549587918807493,-5.6367400303604107,-2.6208339455316945,2.4068110345402109,5.2638537308189433,1.9953667997072166,0.0646549130692,0.513056767607,8.01877849917621e-05,0,4.009389249588105e-05,21,1,1,1,0,0
934,0,-0.28843380243333516,-5.3053671812470915,2.1329529242731899,2.5441695466163354,-4.3959761926815748,4.0687615518738252,0.239152661461,0.466998645981,6.6490517224385929e-05,0,3.3245258612192964e-05,21,1,1,1,0,0
935,0,-0.045711679671452177,-0.63894289124268622,-1.8278801790475401,-0.67795786426287297,1.3949290723163381,0.47960106921514528,50.6138716745,0.0179480915331,0.0025618621335095205,0,0.0012809310667547603,60,0,0,0,0,3
936,0,1.5074074338263057,5.1217796471662034,-2.6860210444120889,-2.5278518417684817,-2.5369827212994038,3.9459785890359185,0.098099963676,0.512078039679,7.9887597130079327e-05,0,3.9943798565039663e-05,53,1,1,1,0,0
937,0,-4.4032573031406521,2.5491313547313985,-2.3635269068590312,-1.2728312986917576,6.2831853071795862,-3.6395944489017595,116.697529745,57.1443401548,1.0083390686702232,0.0075689999999999993,0.50439660433511158,60,0,0,0,1,3
938,0,-5.4561800052265221,0.93961349003663008,-2.5528743543325256,2.955407014032593,-2.4349722944508634,1.1203926447208483,0.130432006313,0.0750023541381,1.7305930629824788e-06,0,8.6529653149123942e-07,4,1,1,1,0,0
939,0,-2.6821314311421962,-0.22481478365878166,-3.1005934599861753,-0.048246396795680158,-5.1630067202567931,-5.6196118737939313,411.763120259,48.5971113438,0.8889575009042382,0.002116074189117436,0.44454223267779264,60,0,0,0,1,3
940,0,2.2704878511338662,4.2263619393709853,-2.549643445496673,-2.5588754436240557,2.6720401015137871,2.7189225153106849,0.173149039741,0.179404137797,9.8343495435797863e-06,0,4.9171747717898931e-06,12,1,1,1,0,0
941,0,-5.1535988755904851,3.5445883817993371,2.8480284339539135,0.99556054132575,-4.1011797491741122,-4.4827599866838872,0.016213216545,0.938454545982,0.0002682758907841351,0,0.00013413794539206755,17,1,1,1,0,0
942,0,3.0939546686398356,2.1171430241334668,0.54310940126278728,-5.8670910366006233,6.2644588907399381,3.6718358565446669,3.53056581507,0.229537289095,2.8514384791353303e-05,0.0046612822121723501,0.00015409565876084715,60,1,1,1,1,0
943,0,-1.6852560201338846,3.2374603221748361,-1.9364570165471153,-4.5396764309089761,-1.7791108809640497,-2.8381646158768046,0.536711220532,0.00361338540604,2.9203618806344716e-07,0,1.4601809403172358e-07,4,1,1,1,0,0
944,0,3.8000694405448803,-6.2831853071795862,3.13151054611353,-5.9331853071795866,-4.4765645080565788,0.89670423886878392,432.828923018,12.7008068579,0.23647886332419307,0.013485362190293133,0.11864399252780533,60,0,0,0,1,3
945,0,4.7722866775285597,-1.0953219903143891,-0.03856872726045197,1.4627738582352303,-2.3761701831783681,-4.3301042434961694,67.7302236591,0.251435926408,0.0046066411178394048,0,0.0023033205589197024,60,0,0,0,0,3
946,0,4.1164839634684505,-2.6646339889215835,0.30502609681975534,1.6955032793003477,-5.5341988772071939,-3.3621338571884061,245.444110474,18.1431529364,0.16051494544227712,0,0.080257472721138562,60,0,0,0,0,3
947,0,3.6946930651318302,-1.4529602005259268,-2.3899017213622313,2.2369176235120576,-4.7403079231045231,-5.0107306157626326,0.262501335072,0.152913301964,7.1916170423692611e-06,0,3.5958085211846306e-06,12,1,1,1,0,0
948,0,-4.5372626385266983,1.4136788785773573,-1.1659122571251201,-0.5006030969358426,4.0454017780547007,-3.8647638680362322,0.00334547187813,0.60440882656,0.00011127980983829997,0,5.5639904919149983e-05,36,1,1,1,0,0
949,0,0.32227713240704559,-2.5083125095530852,0.95127360109234049,0.82366352598459858,-1.1429762333491755,3.5930202130360884,0.127240282981,0.378016494924,4.3544944209932126e-05,0,2.1772472104966063e-05,13,1,1,1,0,0
950,0,3.114291553208961,5.9903572379578041,-3.0563537007207131,1.5999123159646489,-3.9770961635463031,4.3917654695017712,67.0635555443,0.545816430352,0.0045882707562056157,3.1012869973215104e-06,0.0022942284167127274,60,0,0,0,1,3
951,0,4.2768997386679937,-1.0205940488251493,-3.1415926535897931,-3.4351387157600404,1.4534445913342018,6.2831853071795862,147.81256708,32.5992668867,0.34556920379828493,0.015137999999999999,0.17323874189914246,60,0,0,0,1,3
952,0,2.8298154199073515,-0.5702077665777151,1.1943500248771706,-5.5683441881103155,-1.7265723628426053,-0.91824332353879856,1.58695967625,0.440884908904,6.1729823646661228e-05,0,3.0864911823330614e-05,15,1,1,1,0,0
953,0,-5.0119411331041119,3.7905832609402994,-1.358511242897138,4.7653936838100188,3.6759198301440588,0.25041101237758612,0.0828450192172,0.991928696444,0.00029972680834545638,0,0.00014986340417272819,27,1,1,1,0,0
954,0,-6.2831853071795862,-0.64841451791521254,-3.0251606106544275,3.2548080722854649,-2.5502307993407354,-6.2017823704869599,560.121752621,56.8830959142,1.2993828813273383,0.0076003271176667483,0.64991945047719912,60,0,0,0,1,3
955,0,-3.4777650326146432,0.47344615507696786,-0.63892794507871442,5.5385917388644685,1.3542927252587611,6.2831853071795862,3.70665172605,47.2157185563,0.67910468801491286,0.0075689999999999993,0.33977941400745643,60,0,0,0,1,3
956,0,-0.2468204318440996,2.9357860795580173,2.3290815834363525,-2.3692136297172439,-2.2144388843799749,-5.2269985338315275,0.068240464194,0.573788031593,0.00010029467392821045,0,5.0147336964105225e-05,33,1,1,1,0,0
957,0,-2.8457960175531212,-4.1239412223378142,1.2594730317908107,-2.1784015673963113,-1.6324911536316509,-2.0334730757470663,0.0247509062351,0.10950606238,3.6534560648975781e-06,0,1.826728032448789e-06,12,1,1,1,0,0
958,0,-6.2038865918804902,1.9589447559420663,-2.6824096184324349,5.7356591076373169,1.7466396947669784,-6.2831853071795862,17.8579264318,28.5518676198,0.24864581174406256,0.0076283097860443761,0.12455175516561261,60,0,0,0,1,3
959,0,-0.48840509226125228,0.80082830953356066,-3.0805327053496385,-6.2831853071795862,-6.2566549706507644,3.9178778907193741,37.0231139317,9.25616030471,0.02746926642404663,0.011898466485620991,0.014091587206591944,60,0,0,0,1,3
960,0,-0.27247313148462593,1.8204324421463578,0.25173180099276216,-2.3666168942965848,-4.2315868381166988,-1.7662558953173999,61.8415536751,0.00815618171221,0.003824398025107827,0,0.0019121990125539135,60,0,0,0,0,3
961,0,5.6632490167598615,-2.076153141515154,1.4573753387545725,4.9573699393191069,1.7297909908439926,-6.2196411472458237,4.9634275968,0.0338636306468,2.4984932158168366e-05,0.00055017643321291214,2.8997759075471547e-05,48,1,1,1,1,0
962,0,4.6427231455483673,-3.0242121309628924,0.097448092236565254,-3.1685979188490516,2.9493948273339909,2.0481608606091486,149.171982461,4.43132893694,0.028233953972408469,0,0.014116976986204234,60,0,0,0,0,3
963,0,2.0047614112024981,-4.4336094080119617,-2.2721446462588037,-5.279902702508112,-2.3821340736437544,0.57474203306592653,0.0343948117551,0.422317451222,5.4330318075645924e-05,0,2.7165159037822962e-05,10,1,1,1,0,0
964,0,2.9936661930660091,-0.10651703070464574,-0.3273046002874449,-2.9858881228121454,-3.8988259604299857,5.5594220527330833,97.3172205241,0.121905879104,0.0094751683432169349,0,0.0047375841716084674,60,0,0,0,0,3
965,0,-0.71937245689871543,6.2262354767703378,2.5333060278887038,-6.1958550918596469,5.0862614152919638,6.2831853071795862,107.806744593,57.1396616355,1.0061801765854694,0.0084720126924329314,0.50334424867350769,60,0,0,0,1,3
966,0,-0.67874039979263645,1.9276984387587737,-1.6704278826944996,4.2863350630704469,-5.0255830397163548,-0.78676947048957924,0.166737760691,0.16368751387,8.1895994488708558e-06,0,4.0947997244354279e-06,9,1,1,1,0,0
967,0,-3.8459467232207429,2.8305642120981975,1.5609520593936004,-4.9835805087085401,-4.5821700993837089,-3.9734453394516938,0.0223922998853,0.244930802198,1.8274834856946617e-05,0,9.1374174284733085e-06,31,1,1,1,0,0
968,0,2.1697195237835949,-0.7264163810205071,-2.2883060920156204,-5.9331853071795866,-3.1331844538577047,-3.2585550535646459,332.179906646,12.2704728289,0.15620806093044073,0,0.078104030465220367,60,0,0,0,0,3
969,0,4.5234677619034391,-0.37842548934421394,2.6240539847604256,-3.9571739720070336,6.2831853071795862,-0.97939018588132731,142.027365919,53.2755299625,0.8847619404007242,0.0075689999999999993,0.4426080402003621,60,0,0,0,1,3
970,0,0.063278166935061012,0.99161224495907418,3.1253881030193966,5.3074032486647047,-5.7300486991269324,-4.9718010305070877,239.268404571,16.0010573583,0.13524173610383264,0.0050119956599395466,0.0677712279217145,60,0,0,0,1,3
971,0,-4.680349999878862,2.9963136158189592,-1.7926938138144273,3.4645068062083704,2.1277032705608705,3.0689844301529434,1.71866992835,0.828769083513,0.00021218279707334667,0,0.00010609139853667333,36,1,1,1,0,0
972,0,-6.2351619145170956,5.338549215599989,1.7277177060572741,-0.94675974153441855,3.2856244456039656,6.2831853071795862,3.56917894374,0.205883589153,2.5651177448492087e-05,0.0090881759195423854,0.00028547086631051759,28,1,1,1,1,0
973,0,0.040731345260953018,-4.0461649081484188,1.6497657796936891,-1.5668797569908246,5.3439335608096972,6.275204253571748,4.93922061281,0.79098394334,0.00021498149438936928,0.0062439938889273421,0.00029481056386250492,49,1,1,1,1,0
974,0,5.6596791895637892,-3.4407177179993638,-1.1422144051607481,-0.133453918803285,4.994410629232088,2.2693653840661021,1.72877915851,0.340758252465,3.8359690543392931e-05,0,1.9179845271696465e-05,22,1,1,1,0,0
975,0,1.2864934415193134,0.65614916338185947,-2.2304413784564621,3.6980650977649616,-2.2018171179334898,-0.42011202849541118,12.6337301875,9.15789560802,0.025706976113849582,0,0.012853488056924791,60,1,0,0,0,2
976,0,6.2657266793825572,6.2831853071795862,1.0270406802086167,0.050705518742765299,3.8310617255296284,6.2831853071795862,487.930963584,54.5562199107,1.1447341656348564,0.019974002447872143,0.57296630289086437,60,0,0,0,1,3
977,0,-2.2656084100860285,-4.2467489621577625,-3.130653761232451,5.4254604875148926,-2.1268772863320153,1.0023958411598111,37.8293574271,0.894809179163,0.0016749624151644656,0.0057852920958279862,0.0010110399704570724,60,0,0,0,1,3
978,0,-1.0951250612217001,-4.8098522727768742,0.31687488783485079,-3.6814944668195233,1.3813940117226635,-6.2066717582909918,512.405074865,44.2540147597,0.85912714465570206,0.00010996565691189947,0.42956687129755838,60,0,0,0,1,3
979,0,6.1110106965287967,-3.1984330490770789,0.75856209543620445,-2.6893232143381929,-3.1608087883626554,-4.5340798066109453,1.42471786216,0.257708352872,2.2260558977081012e-05,0,1.1130279488540506e-05,17,1,1,1,0,0
980,0,-3.9306619030609578,1.0442143484997517,-2.4860376580157979,-0.21611012172568045,1.1971971579765701,2.5324992990570721,0.101249313749,0.040776106807,5.1673603123378936e-07,0,2.5836801561689468e-07,17,1,1,1,0,0
981,0,-0.73030500465234094,-2.3943849819665823,2.5714432462361487,4.5244236175526682,-3.1355971912587131,5.5092466015165158,0.436274526726,0.341580382803,3.5732230254955947e-05,0,1.7866115127477973e-05,23,1,1,1,0,0
982,0,-0.86192245017289093,1.1059836171464368,1.1984153159063915,-0.83140310133107242,-2.1667189977963002,-3.9861718909639539,0.0633105671433,0.160923305648,7.8924754536624416e-06,0,3.9462377268312208e-06,49,1,1,1,0,0
983,0,3.9881493531438639,6.2377543358499645,0.73975254337613072,-2.9793502666452576,-4.0821673192085219,6.2512634443530848,6.31169544241,0.22653053269,5.5469271923400437e-05,0.0047615853391014549,0.00017058219613474388,60,1,1,0,1,1
984,0,0.39673953902460263,-5.4293816238269121,-1.4203590205808332,-0.34107048367781767,-5.0872698542867232,-6.2831853071795862,4.99067722517,57.2357113772,0.99792923247991594,0.0075689999999999993,0.49919168623995797,60,0,0,0,1,3
985,0,-2.8556790730219812,6.2799942168182632,-3.0984183059228645,5.9314453205622772,2.417942173908469,0.74269950619853076,1325.52635684,34.9067834549,2.1281914319986268,0.0089446211372431646,1.0643640546334308,60,0,0,0,1,3
986,0,-0.37440155786224949,-2.4992193064071282,0.75046424395706957,3.4462067575508923,-3.2288977597210651,1.9273925578088653,0.0151310502326,0.225116339092,1.5437437459654592e-05,0,7.7187187298272962e-06,15,1,1,1,0,0
987,0,6.2831853071795862,-1.0197025779409059,-1.7853654627726008,-2.7230065755981427,4.5310224851146161,-5.4337189970158235,17.4800361632,0.0954593929129,0.00030832748919452756,0.0075689999999999993,0.00038123374459726376,60,1,0,0,1,2
988,0,-0.56103380796994129,3.1964085950996508,1.8445208080921791,-0.17475929514776317,-4.8464310153924464,5.1591818545178949,0.0735256546269,0.0463417793807,6.5959036515942218e-07,0,3.2979518257971109e-07,30,1,1,1,0,0
989,0,-1.3342863938269702,5.1293850456348773,-2.3896750993857907,1.3077758683434875,-5.108740624890034,-6.2831853071795862,1.91349414885,0.143085468112,9.8980297317281734e-06,0.0075689999999999993,0.00023201901486586408,28,1,1,1,1,0
990,0,6.2831853071795862,1.36408924107955,-2.9577667208848313,2.9691193977399326,-4.3607253666414207,4.8424151822814316,371.942736926,21.924337832,0.28476386195889231,0.0075689999999999993,0.14260900097944615,60,0,0,0,1,3
991,0,-5.3869019876644932,-3.3271283473815627,-2.8842363949732319,2.3311582492470015,4.9094507954005691,-5.4863278302677072,0.018497749874,0.38000828704,4.3989016131131724e-05,0,2.1994508065565862e-05,19,1,1,1,0,0
992,0,3.042874161039157,-2.0398468387847513,-2.4666859492769979,5.9668553706759377,-6.2831853071795862,5.3349082221187114,166.050074859,27.2490342516,0.25375406740889095,0.0075689999999999993,0.12710410370444547,60,0,0,0,1,3
993,0,5.900866630040154,6.2831853071795862,1.133009917556582,-6.2831853071795862,-2.017434968887065,-2.05076514719158,747.719122872,0.337597131295,0.55911860451139372,0.015137999999999999,0.28001344225569685,60,0,0,0,1,3
994,0,-2.4890826714256957,-2.8103141213829899,1.5435219478016104,-2.8036503115965479,4.0656607946313352,4.418120268272653,0.0388568905125,0.498943404143,7.5834347374257525e-05,0,3.7917173687128763e-05,16,1,1,1,0,0
995,0,-0.88097592737250596,-2.9454103463159855,2.3507427173506832,0.95173430473650034,5.4907657290833249,-3.9687666107925352,65.2345733612,37.1999877132,0.42579704129628454,0,0.21289852064814227,60,0,0,0,0,3
996,0,5.4320368231389597,-2.7054713584849455,3.0827017025022232,0.36073412470383209,4.5107240294465747,-4.4754561323671451,9.35995448917,0.0381834835048,8.8052873661558222e-05,0.00079011863076138629,6.77299957536207e-05,60,1,1,0,1,1
997,0,-0.46711870907477698,1.5838638231997415,0.90319098960160671,-2.7860758994147159,1.7571819490542657,-1.6903780814300449,0.0937537161672,0.0034738400545,1.2465749724575323e-08,0,6.2328748622876614e-09,17,1,1,1,0,0
998,0,-2.4970788556831494,-3.7689533102532367,2.2016311438361407,2.4901732230453817,5.4670549489294427,-6.2831853071795862,9.82205398566,16.8614607167,0.086701903339338901,0.0075689999999999993,0.043578021669669453,60,0,0,0,1,3
999,0,-1.5233585521518789,6.2831853071795862,-3.1222862720199451,-1.982710845449863,-1.5955835896127046,-2.6972208349739875,107.060642516,5.00458658483,0.019091394615172959,0.012151425976167016,0.0099102400868714899,60,0,0,0,1,3
