target_id,best_seed_id,q0,q1,q2,q3,q4,q5,pos_err_mm,rot_err_deg,pose_cost,limit_score,total_loss,iters,success_loose,success_medium,success_strict,near_limit,success_rank
0,0,0.21717297950342479,-1.8926624807088863,-0.79882986861270044,-2.3635407168960949,5.6128934908454697,2.3808893522529262,1.13796054661,0.139590823614,7.2306068027447509e-06,0,3.6153034013723755e-06,8,1,1,1,0,0
1,0,-5.6960915594474191,-5.7827908363378135,3.1274031482119904,3.8481889425465079,0.43729564898294071,-6.2831853071795862,75.2778935999,12.1040822723,0.050295896228653797,0.012870368127129016,0.025534059158140769,60,0,0,0,1,3
2,0,2.8913409096982998,-2.8442499379430788,-1.8406993688251807,-6.2831853071795862,-3.642178687289078,-3.6733505786920753,105.452155137,54.1290672478,0.90363576980201543,0.0075689999999999993,0.45204495490100771,60,0,0,0,1,3
3,0,3.2334947030769916,-0.02469004859716608,-0.99296035736354082,-0.72910879527756323,2.6180725823848561,-5.562953029535759,0.0797787335667,0.885494400677,0.0002388569851304285,0,0.00011942849256521425,29,1,1,1,0,0
4,0,4.6806577718983382,-1.2520393720746634,3.0325302179388398,-1.180068764753488,4.1887662563671455,2.7868010588575531,37.5705127219,2.94416046792,0.0040519918525201001,0,0.00202599592626005,60,0,0,0,0,3
5,0,3.913280336774716,3.6826311544719088,1.5971570687568029,-3.6014280523195015,-1.5320646203490094,3.9364845075898183,1.95408075654,0.390995787762,5.0387643962304722e-05,0,2.5193821981152361e-05,21,1,1,1,0,0
6,0,6.2831853071795862,2.5284360953780394,1.3938224986563279,5.8983772154403491,-6.2831853071795862,5.2834973750875971,146.525138691,0.112206716349,0.021473451507620204,0.015137999999999999,0.011190865753810102,60,0,0,0,1,3
7,0,-1.4991003246149937,-2.6815681200209407,0.61849419299551145,6.2831853071795862,-3.531376478774928,-5.9729075827527547,1.64939101863,0.31159236645,3.2295735957914038e-05,0.0075689999999999993,0.00024321786797895699,30,1,1,1,1,0
8,0,3.5176030679255028,2.2695537914242077,0.69822273771076859,-6.2234912373619302,-0.87590516816261443,5.3667434147936346,4.83784068577,0.0186928649486,2.3511142894471452e-05,0.00074561382312304391,3.412398614092704e-05,21,1,1,1,1,0
9,0,6.0340437189703762,-5.8360673935536624,2.9498904281240139,5.929627764775887,-6.0360365763931068,-0.86065917552665061,478.647500952,3.93886418703,0.23382946314921985,0,0.11691473157460992,60,0,0,0,0,3
10,0,6.1340795054678008,-0.22214652328925177,0.84351120353554443,-2.76060803993877,-5.5272937740607837,-2.1306458921743601,0.0667699900921,0.811338881415,0.00020052520490714904,0,0.00010026260245357452,19,1,1,1,0,0
11,0,0.47175222861955607,-3.323694450311919,2.2044133065725662,-5.5109333615824587,2.0514607233852469,-6.2831853071795862,6.58682288094,36.7165859863,0.41070047128887222,0.0075689999999999993,0.2055773056444361,60,0,0,0,1,3
12,0,-0.71559806795091918,-4.7354833567296275,0.67608968075254616,-2.7506115346821329,-3.7955850953626675,-1.8551546835255373,0.609552800091,0.0185586898697,4.7647246167322979e-07,0,2.382362308366149e-07,16,1,1,1,0,0
13,0,0.13921485232500189,-2.1069769823130717,-1.7107477054002003,-6.2831853071795862,-2.7920191731482644,2.6851228426383096,144.755873815,17.1065486532,0.11009567910437204,0.0075689999999999993,0.055274909552186023,60,0,0,0,1,3
14,0,2.0126695396552479,-1.5901071863360181,1.2830059201123978,-4.4196724606231435,-0.77937230504517907,-0.84586062462627953,4.48640981707,0.0690426984026,2.1579952059109071e-05,0,1.0789976029554536e-05,34,1,1,1,0,0
15,0,0.64711691681171435,1.7808373246670506,2.6139312493495668,6.2831853071795862,-3.1846158499065029,3.9345394388721768,15.0908511808,2.1538081278,0.0016408203247109362,0.0075689999999999993,0.001047480162355468,60,1,0,0,1,2
16,0,4.8974422177841461,5.7669829498300649,-2.1952132641510014,1.2460552688842514,-1.8472324514558303,2.8880492496855976,0.364586842354,6.39377528582,0.012453003439502851,0,0.0062265017197514257,60,1,0,0,0,2
17,0,0.4100995189514049,0.89380287461536956,2.2507301148583529,5.0871420284399402,-1.5895142832423403,-4.7660417224687128,0.48305032312,0.0993208718181,3.2382774517891645e-06,0,1.6191387258945823e-06,25,1,1,1,0,0
18,0,6.2831853071795862,-2.5346904577454694,-0.57527098717119762,0.10428474508243162,-6.2831853071795862,-5.976117525962561,186.558499431,0.240696727676,0.034821721694015366,0.015137999999999999,0.017865000847007682,60,0,0,0,1,3
19,0,0.45718152881165447,-5.773066437009069,-3.1415926535897931,2.7185259290616042,-4.3181659012651785,-3.9264016819052578,491.731249571,12.0371095212,0.28593625070574996,0.0075689999999999993,0.14319519535287498,60,0,0,0,1,3
20,0,-5.2157930888249409,6.2831853071795862,-2.5699459914554912,-6.2831853071795862,-0.11402693213865524,3.3881695779448178,1010.39402915,10.686027564,1.0556807183161521,0.015137999999999999,0.52829449915807603,60,0,0,0,1,3
21,0,-3.5849873929660028,-3.9962822784116714,-1.6166531436156124,-0.59533264156122234,-3.8031200536628522,-3.4333864500170863,157.181125864,10.9117605061,0.060975641623769596,0,0.030487820811884798,60,0,0,0,0,3
22,0,-3.000232779003313,4.207271271157385,-0.2655393809361718,2.5520048859580826,-2.3239823717730075,2.7121162239228274,38.8476479162,0.000555244108753,0.0015091398425330549,0,0.00075456992126652744,60,0,0,0,0,3
23,0,5.5243504745160426,6.2831853071795862,-2.0297771003273066,6.2831853071795862,4.4755084579542048,-3.2629223874596285,146.198929464,51.4870179771,0.82888841125952184,0.015137999999999999,0.41489834562976091,60,0,0,0,1,3
24,0,-0.50440687128838035,-2.1348715733781227,3.0915339171412697,-6.2776292636958999,-1.3775601689707044,-3.1736310195389699,63.8435284057,25.7243835942,0.20565471893991064,0.0079977750058108418,0.10306729272012964,60,0,0,0,1,3
25,0,3.1591106613376549,6.2831853071795862,-3.139348867800607,5.9331853071795866,3.9431771922777878,6.2831853071795862,397.312757785,57.2771186251,1.1572061457020879,0.02232161584734936,0.57927272132646446,60,0,0,0,1,3
26,0,5.2588661000028267,3.5560743989907539,-2.9603756950296729,6.2536715597783923,-1.4376138196317347,3.2213659238181553,1.1046963602,0.645984600189,0.00012833601643879802,0.0033046692378537351,0.00016330808535501107,45,1,1,1,1,0
27,0,3.7676313893355746,5.2157803231691275,0.19310816088130331,2.0997308519294782,4.8636824461882968,3.5829660358154984,0.324221766111,0.0160701425577,1.8378704443495968e-07,0,9.189352221747984e-08,21,1,1,1,0,0
28,0,4.688614461916381,-1.8678339546608786,-2.9951310121570658,1.1365111726499937,-0.77200715778127837,-0.98071552191761013,0.0080387935266,0.844796298229,0.00021739966405317452,0,0.00010869983202658726,22,1,1,1,0,0
29,0,0.59237360506347048,3.3876159728100599,1.0106795947216087,-0.18291015093936588,-5.1194055289342195,-2.3749979283655036,0.448046009347,0.309719521515,2.9421531279650253e-05,0,1.4710765639825126e-05,6,1,1,1,0,0
30,0,0.80552414878892131,-6.2831853071795862,-1.2768394063153148,6.2831853071795862,-0.87799338439772501,-2.2201298878797311,424.104969359,0.455290272271,0.17992816894559202,0.015137999999999999,0.090418224472796016,60,0,0,0,1,3
31,0,5.9197564552069952,4.4399566370390753,-0.8177184198304559,1.3428020989796075,-5.8574691148581373,-6.2831853071795862,23.7644853811,57.1472241467,0.99538591274603427,0.0075689999999999993,0.49792002637301713,60,0,0,0,1,3
32,0,-4.3501345985334376,-0.49729472333446478,2.6364967182842713,-6.0444318008330695,-1.5125327636647137,6.1545476672928405,99.3617250622,7.1271593849,0.025346220983252947,0,0.012673110491626473,60,0,0,0,0,3
33,0,4.5535073753058084,1.5941761218399522,3.0387744713327742,6.2831853071795862,2.2467357705057274,6.2279636165765497,231.138604171,21.1040412533,0.18909573050225154,0.0085788609481291384,0.094805231079569646,60,0,0,0,1,3
34,0,0.95946186456761251,2.3027646444261518,2.6360480693799411,-1.3137069965362427,-2.6118827262276532,2.0304420242232979,0.05450509134,0.560127362203,9.55744509464777e-05,0,4.778722547323885e-05,20,1,1,1,0,0
35,0,5.4110596397713868,5.8910682971370933,1.1345581159192371,2.8560806320510679,-2.1973468886372984,-1.9243801478356679,0.0259224102828,0.777093273596,0.00018395119828453025,0,9.1975599142265124e-05,21,1,1,1,0,0
36,0,-0.084406743786872032,0.9793481700099016,2.7399842286272542,-1.5074633268311857,-1.0885614589936015,1.759811242786969,1.26264681703,0.0656766124451,2.9082190701828561e-06,0,1.454109535091428e-06,23,1,1,1,0,0
37,0,1.2104977897017057,-6.2831853071795862,-3.0877118642105952,-1.9488753713109195,4.2052360945812559,-6.2379784705090753,102.599256691,8.39368882753,0.031988126863169451,0.010412550613230395,0.016306439949981637,60,0,0,0,1,3
38,0,6.2784151918255642,4.3114771448954459,1.6565121448290554,-6.041559146744981,-1.9593373910555403,6.2831853071795862,17.095423375,0.349272399778,0.00032941414776767043,0.014330753928890837,0.00059462969175056032,60,1,0,0,1,2
39,0,-1.154766440145234,-3.4395871848557213,2.688340750517122,-6.2831853071795862,-2.6023435116227462,-5.8861375429273943,6.51401877493,0.162585616979,5.0484722711932278e-05,0.0075689999999999993,0.00025231236135596612,60,1,1,0,1,1
40,0,2.6564549001996882,-5.4066393376593114,2.9274034776339701,0.16963924303078481,-5.9757752238490456,2.4266037661712656,89.3160159896,39.2278027212,0.47672888286587273,0,0.23836444143293636,60,0,0,0,0,3
41,0,3.9954070403735602,2.0140167556037483,-2.0485890835267377,-2.9590887883458841,2.3016580301574976,5.692803781828073,0.448371945419,0.0549476408906,1.1207514867461368e-06,0,5.6037574337306842e-07,15,1,1,1,0,0
42,0,-1.7522901102908721,-0.37187362095073007,-1.5733726098792971,-6.2831853071795862,-3.4302084448899079,0.8722772077040567,4.76336747146,0.786608675283,0.00021117267538297194,0.0075689999999999993,0.00033265633769148596,27,1,1,1,1,0
43,0,-5.0058387883213147,-3.6121414440186479,-1.401475361008593,-0.93161647876935749,-5.483085906979813,-1.6800134139679248,0.0116249278603,0.841966154397,0.00021594555791629836,0,0.00010797277895814918,16,1,1,1,0,0
44,0,-6.2023600954960196,-0.91019654470737088,0.1072697354441608,-4.1531280860458644,3.6596245114671238,2.3065942242499822,181.425820846,0.434553451302,0.032972851418744557,3.8128010752762346e-05,0.016487569549694863,60,0,0,0,1,3
45,0,-5.9056290269110612,5.7363892164933814,-1.2556569940601214,-3.4956150174521121,3.3709751295294414,-4.3830554928720611,0.159844097355,0.0397988194551,5.0804768820472144e-07,0,2.5402384410236072e-07,24,1,1,1,0,0
46,0,5.0205676914197443,4.3156332353563425,0.52752371002538834,0.21610440238854736,6.2831853071795862,3.6084968654874552,623.254231663,51.6824549098,1.2021021607841695,0.0075689999999999993,0.60127815039208476,60,0,0,0,1,3
47,0,1.8444724078058892,-0.47869383241189606,2.8515875485626321,-3.9784410321354282,1.5431611129139908,2.8728325725373267,1.67426423378,0.181988061439,1.2891984424469988e-05,0,6.4459922122349939e-06,21,1,1,1,0,0
48,0,3.932759477789487,-1.9356909160346267,-2.6808731670545569,-5.0908047617910643,-2.1428383524265198,-3.4423403211435697,0.0138986386691,0.791622924401,0.00019089383343667547,0,9.5446916718337736e-05,15,1,1,1,0,0
49,0,2.097136011967248,-4.338620480209384,1.8590718006416853,5.7533064241656069,-2.8715772132054376,-4.3269641294430352,0.670867281353,0.586002727373,0.00010505544010030166,0,5.2527720050150832e-05,16,1,1,1,0,0
50,0,4.6453580657870255,3.4864372615125081,-2.4845084066771457,6.2214979704228357,-1.5786072659927812,-2.9369147404776652,4.93450441931,0.0177628727276,2.4445446645070742e-05,0.00064073092046615235,3.1444650936519942e-05,41,1,1,1,1,0
51,0,4.5486597719450428,2.8049627519713609,-2.9134401013166071,-4.4043346402293597,-0.75421273146149925,3.492276031140721,1.33267546129,0.782291108251,0.00018819560298900681,0,9.4097801494503406e-05,14,1,1,1,0,0
52,0,0.05282404936785759,6.0319994661910235,-1.3933851693631436,-1.14057146976945,2.3116561744976596,4.1191925970979835,0.122990313842,0.180493838454,9.938960753799912e-06,0,4.969480376899956e-06,20,1,1,1,0,0
53,0,-6.2831853071795862,-2.8461467601232648,-2.7976126099840273,5.5831853071795869,-0.086526036930430567,-0.97728048975473247,952.279743974,21.3927058473,1.0462442221245014,0.0075689999999999993,0.5233491810622507,60,0,0,0,1,3
54,0,-1.1438201986297798,-4.9015334316312504,-2.431824197085346,2.7556009194012558,3.5123712745562514,3.5820613063418887,4.01583896286,0.0512032940876,1.6925601619736703e-05,0,8.4628008098683515e-06,12,1,1,1,0,0
55,0,-2.5149651538093716,4.4510923894158863,0.16155635843615362,-3.4188380954511555,-2.3175810241937227,-3.2122689886272955,2.23960492364,0.931875958044,0.00026954340467085804,0,0.00013477170233542902,16,1,1,1,0,0
56,0,-5.6258197869672397,-4.3448497454785189,-2.5053395679509292,-1.8939013054469762,-4.2566853889145673,3.9427706341843267,0.0375770884582,0.686640212937,0.00014362084363183308,0,7.1810421815916538e-05,16,1,1,1,0,0
57,0,2.8375881511865599,6.1539555782208364,0.66968213823101708,-1.0524581943594775,1.385634573257595,2.4488027633063187,3.04266033632,0.987832430194,0.00030650739280444942,0,0.00015325369640222471,8,1,1,1,0,0
58,0,-6.2831853071795862,1.8628880808812809,-0.92512683406495777,-3.7467388824916976,6.2831853071795862,-3.4812767845287929,88.3623086896,9.31563639388e-11,0.0078078975969586668,0.015137999999999999,0.0043580887984793334,60,0,0,0,1,3
59,0,3.8014086064285344,-2.0490149724185249,-2.5099212790393861,-3.2740386981852421,3.0736382764454753,1.1979170319985313,0.192015233482,0.0379931760956,4.765794385554144e-07,0,2.382897192777072e-07,14,1,1,1,0,0
60,0,0.055615657041661708,6.2242774027289087,-1.8279635619988372,-5.236686369483345,6.2831853071795862,-1.6118854536404728,503.206486297,57.2686903639,1.2522714016986238,0.0083581658323522625,0.62638644582428249,60,0,0,0,1,3
61,0,1.7906914095418094,4.4797405628449933,-0.9178873897173071,-6.2831853071795862,3.2099052620757065,0.12368101430880996,40.5348973897,9.01669570372,0.026408718259543201,0.0075689999999999993,0.0134314291297716,60,0,0,0,1,3
62,0,-4.7785899139058277,0.62549574858257306,2.1547431859466726,0.36080812933655032,6.0529068240690656,-5.2273473060405005,22.6970636392,0.014973892662,0.00051522499838836612,0,0.00025761249919418306,60,1,0,0,0,2
63,0,5.3601274971656352,-2.8836314351093755,0.091746160002646293,2.1309872183563567,1.7043326737714997,-0.95873058826282354,171.037088499,11.2013569443,0.067474154355905008,0,0.033737077177952504,60,0,0,0,0,3
64,0,-6.1337425407359802,5.5333397390025141,2.9374496290250152,-3.9412383887308069,-3.6788480039329534,-2.4836296046624775,0.0399960142915,0.988549677363,0.00029768302234879418,0,0.00014884151117439709,24,1,1,1,0,0
65,0,5.2699512277580354,2.9972306956768477,1.5504582293883875,6.2831853071795862,2.479802884348564,5.6532476741237119,16.6176535794,0.71618190802,0.00043238971900983175,0.0075689999999999993,0.00044326485950491588,60,1,0,0,1,2
66,0,5.3232995442882149,0.24378716220235874,2.1341992946807005,5.9322083099162528,-0.00052284419388904865,-1.7421418028120887,1192.71818764,55.8898102767,2.3741012427493424,0,1.1870506213746712,60,0,0,0,0,3
67,0,-0.77830801360612156,-4.7798017330181475,1.1590766683644473,3.7587624843096652,-0.20712446713608465,3.8609189922515643,1.65396644791,0.758924123145,0.00017818482841372197,0,8.9092414206860983e-05,50,1,1,1,0,0
68,0,1.0442489880708201,2.1709706822212622,-2.8989376581816706,4.8424233212268462,1.7996936639842755,4.9517080487675846,0.537095075782,0.0144708407723,3.5225960209080034e-07,0,1.7612980104540017e-07,12,1,1,1,0,0
69,0,-6.2213994759074254,0.098260378518031211,-0.34144550551240388,-5.8386635521331387,-6.1758889762899489,3.4210941033190867,120.854899679,0.463038014811,0.014671218031669993,0.00063575430463594081,0.0073546816449740742,60,0,0,0,1,3
70,0,-4.2785794544463913,4.4228992645063139,1.0495590300414024,0.043942225179563664,0.12216842259310755,6.2831853071795862,99.2329486852,56.8747678388,0.99520509198407803,0.0075689999999999993,0.49782961599203901,60,0,0,0,1,3
71,0,2.9590161978714344,2.9908269786943453,-2.6466778649099933,5.8368162312648417,3.3535479276609927,6.0398179652718413,815.138472637,35.455190104,1.0473763033899559,0,0.52368815169497795,60,0,0,0,0,3
72,0,-0.63804419168287974,-1.9929296025428069,1.0595673531282914,0.34640973892185795,0.64935723842581727,4.9199419364309387,0.0534595519486,0.552540841661,9.3002977075618061e-05,0,4.650148853780903e-05,41,1,1,1,0,0
73,0,4.6191952940224841,-5.1584076486377679,3.0477267750360966,5.4732631491579857,1.7026845166789641,-6.2831853071795862,31.7266683685,1.57245221932,0.0017597803401610565,0.0075689999999999993,0.0011069601700805282,60,0,0,0,1,3
74,0,-2.9968700121960028,6.2831853071795862,-3.1266586391901354,-0.22557728605602648,1.93631951396553,-3.5156599869664622,129.189667158,2.14467972608,0.01809110395886683,0.012762506280548744,0.0094284271678498777,60,0,0,0,1,3
75,0,-2.6339383144814006,-2.7129530410303202,1.0793264590932037,-5.1775163165371945,-5.0947116695440284,0.33499615955042295,0.00698132370198,0.58298179963,0.00010352969455519479,0,5.1764847277597394e-05,17,1,1,1,0,0
76,0,-1.193959042878326,-2.4261858550922675,0.28588702214486195,-2.1807343220456157,-1.6580950615195009,-2.8778248689697832,1.76451129342,0.000341707478209,3.1135356729526822e-06,0,1.5567678364763411e-06,21,1,1,1,0,0
77,0,-0.85442455065433975,4.1401652016699719,-3.1307666813603694,3.1245008061459836,-5.0425136817610676,1.0587817165158788,23.380779539,0.559703136171,0.00064208762005924197,0.0058024825067925258,0.0004951182852333967,60,1,0,0,1,2
78,0,-0.14060114612229041,5.1768706630496544,-1.2638585744349979,-2.0046691017129086,4.0006196180091944,-3.7370285761177695,0.017618804758,0.333935885404,3.3969166233807691e-05,0,1.6984583116903845e-05,13,1,1,1,0,0
79,0,-1.4216529895406826,-0.30928229686373088,-2.8196579538073139,3.3617317432265454,4.3436124871446715,-3.9347676334260058,90.461083041,2.9684648334,0.010867430288432834,0,0.005433715144216417,60,0,0,0,0,3
80,0,-1.1879459960623402,0.82438340192223492,0.047276486391052031,4.5582233237844569,-5.2073506750980689,4.1346918715849208,9.66617446158,0.000879895364307,9.3435164561377778e-05,0,4.6717582280688889e-05,60,1,1,0,0,1
81,0,3.6088265991700212,5.0926274360395887,3.0126901786466656,-5.4654908981733055,-2.8207906859124314,-5.5473322193779522,1092.41336959,14.3597577815,1.2561798872928744,0,0.62808994364643722,60,0,0,0,0,3
82,0,-2.9014068828953943,-1.1879458725826884,-1.8884318735400383,-3.3150678570002521,1.9385180709150562,-5.0099397211895704,0.805340378386,0.0108324016723,6.8431721516878279e-07,0,3.4215860758439139e-07,7,1,1,1,0,0
83,0,-4.1184253275015026,-4.0010485655138934,1.0719470992477562,1.3954647835480189,-5.1306783701283152,-4.6464561449691635,0.0530170566713,0.831857590954,0.00021079412100089435,0,0.00010539706050044718,28,1,1,1,0,0
84,0,-2.0459586230389801,-2.9023077773705501,-0.036130584673807253,-4.5656519569171126,-6.038440126240209,-0.7514971072170572,137.828073336,0.915005817393,0.019251614361731603,0,0.0096258071808658016,60,0,0,0,0,3
85,0,4.6409234726802184,0.74030979511825457,3.0910348419765148,-3.8870354645392124,2.619023168841089,-3.9368214448440511,491.542198411,18.647991697,0.34754370774066889,0.0013280330944133118,0.17381169486316686,60,0,0,0,1,3
86,0,0.67208154780054141,5.543909800989991,-2.8712816016530196,2.9189570388968686,2.7183013030665366,5.5035329457443636,4.82471638185,0.233229180323,3.9847811808211698e-05,0,1.9923905904105849e-05,14,1,1,1,0,0
87,0,5.5645187241784466,0.23492634135235699,0.65543482126722052,1.9771073706647027,-4.2122726966191451,-0.55594403439400852,0.0148600173725,0.777627690504,0.00018420384435600018,0,9.2101922178000091e-05,22,1,1,1,0,0
88,0,2.3220714096375654,-2.9178474830457874,-1.9567379774842184,-3.114745485511186,2.1660256348511848,3.1773482003828115,0.0459762567743,0.720066416557,0.00015794491913941066,0,7.8972459569705332e-05,13,1,1,1,0,0
89,0,-5.3794977783274449,-5.2403029139283044,1.8389647779916343,5.2545911559342082,4.7883778376845596,6.2257758071678619,4.94016421271,0.0950173523629,2.7155399061919767e-05,0.00087559768955614437,3.9845630217644213e-05,60,1,1,1,1,0
90,0,6.2831853071795862,-3.4271059673852426,3.1415926535897931,2.2032198452628897,-2.2605585324309101,3.9771557910391295,380.87694418,43.066014964,0.71003558379720721,0.015137999999999999,0.3554719318986036,60,0,0,0,1,3
91,0,2.3929099770638564,-1.6759928205945218,-2.765212731503059,-2.6552574822862973,-2.1032231109280617,4.0876975879883402,0.0227279504896,0.656891835047,0.00013144502986452307,0,6.5722514932261536e-05,12,1,1,1,0,0
92,0,1.2541620590845632,-6.2831853071795862,3.1415926535897931,-3.2535032761382183,3.4308465153689958,-1.6054380962933172,309.511351966,36.5519619087,0.50278013767292007,0.015137999999999999,0.25184420883646003,60,0,0,0,1,3
93,0,3.4951503109390654,-5.5256278189814951,3.0649548170669663,5.9331853071795866,1.7159262940682938,5.6696871784464271,64.1856571631,0.712413577084,0.0042744020102996379,0.00010737443192766097,0.0021404222381076489,60,0,0,0,1,3
94,0,-2.823612232036794,-3.0134490394509119,1.1351823017845062,-0.053002230122789429,-4.7791227365978211,0.95471761175226777,1.79799657926,0.173405791356,1.2392506062254728e-05,0,6.196253031127364e-06,22,1,1,1,0,0
95,0,-0.68152780926543188,-6.0112453104765713,3.082825961603131,3.0301786765074938,4.183437924234255,1.9123992599999105,24.0587422311,0.0809021967303,0.00058081684914844877,0.0007971196813760116,0.00031432201501550475,60,1,0,0,1,2
96,0,5.1158723083413387,-2.6555548556356063,-2.5193725936760036,3.8561566758416341,2.0241163802020554,0.31088961383151703,0.247264734049,0.496732807612,7.5223502732878935e-05,0,3.7611751366439467e-05,12,1,1,1,0,0
97,0,-5.2877057755359038,-1.7295767924617436,2.4825855038693421,-0.16999212197732758,4.503976741740404,5.3031966140426263,3.37626686218,0.636671153278,0.00013487589698702108,0,6.7437948493510538e-05,9,1,1,1,0,0
98,0,-1.126520163268294,-0.81950045810211725,2.5044638032733948,-0.53731137206672941,-2.4044819621911411,-3.0026625851254307,0.827483650818,0.0805719716558,2.662257539870437e-06,0,1.3311287699352185e-06,18,1,1,1,0,0
99,0,-1.896207053922536,-6.2831853071795862,3.1311524494102421,-4.7972383000473027,-2.6400737201456872,1.8938262362427853,914.911002156,49.3806204881,1.5798551731350616,0.013430402336068832,0.79033049863761284,60,0,0,0,1,3
100,0,6.2831853071795862,-5.9159797810746166,1.0872807766983883,6.2831853071795862,6.2355229939293713,-1.2474721821837731,821.989836761,43.2775937316,1.2462005244365439,0.016685453598824212,0.62360082582623666,60,0,0,0,1,3
101,0,-2.9514438162589109,-5.2581960951905335,2.7756039158044552,-1.5430728397527016,5.9474248507253114,-1.5025255087896483,0.759001328525,0.270623349689,2.2885348196676806e-05,0,1.1442674098338403e-05,7,1,1,1,0,0
102,0,-5.9122720038706129,-6.2738210937623213,-2.9056322142733979,3.3407442754637811,-3.107996212563112,-3.8978999185579832,265.656052576,10.0555148407,0.10137403479970912,0.0060273153583199901,0.050867836860604157,60,0,0,0,1,3
103,0,-2.0219667974725812,-1.3543235174455683,-1.2236217513458314,0.86677052689362555,-4.8945984763610495,-0.47400786447289145,0.0059645870876,0.251821623871,1.9317084310703054e-05,0,9.6585421553515268e-06,19,1,1,1,0,0
104,0,5.1418848785979359,-1.9675537892200452,0.77601933937149059,3.14713679150301,3.9157899407887204,4.5070356510942906,0.0377426164397,0.319700317829,3.1135851066482207e-05,0,1.5567925533241104e-05,28,1,1,1,0,0
105,0,5.5596294390012249,-1.1400032342809092,1.0551141636359274,1.4722817531414063,-1.2956203416911085,6.2831853071795862,422.232601831,57.1218151046,1.1722170854564409,0.0075689999999999993,0.58633561272822043,60,0,0,0,1,3
106,0,4.3277784667252677,-1.0251371234727158,-1.5989889630729026,2.7805280388926183,0.95728345349884159,0.63744444814212131,3.07601554473,0.145220414993,1.5885938933064471e-05,0,7.9429694665322357e-06,19,1,1,1,0,0
107,0,3.5761377265118686,-1.2930197232892566,2.4479487915286358,-0.43172318480318078,-6.2831853071795862,-2.351050008867178,176.354639816,46.2566497948,0.6828840439763173,0.0075689999999999993,0.34166909198815865,60,0,0,0,1,3
108,0,2.7054449125844631,-3.192235528778951,0.20375910461235305,-4.6212846284443803,-5.646762741406655,-3.854607108470439,12.5938282339,1.98637299964e-05,0.00015860450970468489,0,7.9302254852342443e-05,60,1,0,0,0,2
109,0,0.043561020026575116,-5.4424383178420834,-0.092474795317709135,1.7206120058474517,-1.6438128944724908,-3.0267319537184556,227.452155944,53.5915683891,0.92661283310139086,0,0.46330641655069543,60,0,0,0,0,3
110,0,1.8676950741826948,4.1398053253666109,-1.6676186276265963,-5.1640198541761837,1.4383033177999289,6.2831853071795862,7.84462150177,43.6812398404,0.58128702340480387,0.0075689999999999993,0.29087058170240193,60,0,0,0,1,3
111,0,5.6088354161104235,3.754559024003969,-0.27909348206091233,-3.6595635763894467,-3.503829983548485,-5.7446236206079844,59.5391749674,0.00075429882386,0.0035449135291137721,0,0.0017724567645568861,60,0,0,0,0,3
112,0,3.2194154529119614,-3.1846694855176265,0.19879350620141539,-3.8680703856977097,2.6198728945419667,2.5070555279434661,212.273544255,2.86003978514,0.047551775559908027,0,0.023775887779954014,60,0,0,0,0,3
113,0,-3.3298338284204192,-4.1511953021303869,0.14911733526040727,2.6381683827726778,-4.7667918778775942,-4.4454206161073637,38.4082290702,7.54122010615e-05,0.0014751920620435202,0,0.00073759603102176012,60,0,0,0,0,3
114,0,-2.09927531238228,5.2631467603542434,2.8492039166504912,2.5689713540326595,1.8823477866943286,-5.3642135882815962,2.31786118782,0.202883392497,1.7911042485290126e-05,0,8.9555212426450628e-06,23,1,1,1,0,0
115,0,-2.2745803332011003,5.9858515345942287,-3.1415926535897931,-1.5768264174430424,-2.5140966648316199,-3.4944658038843817,415.955900995,22.6443217068,0.32921655590944815,0.0075689999999999993,0.16483534795472407,60,0,0,0,1,3
116,0,4.4929049583440088,-4.0735915882972913,-2.5561367977235676,-2.3550869596326431,1.8073930516285428,-0.39209576673454749,0.192503243397,0.982959005926,0.00029436096951632049,0,0.00014718048475816025,21,1,1,1,0,0
117,0,4.4686100409365066,-5.9144150341949713,1.9046642002746379,1.2313075634169761,0.9000378066999033,-5.4022131977943637,0.724924952453,0.848148400957,0.00021965379648987272,0,0.00010982689824493636,16,1,1,1,0,0
118,0,5.4586443723177123,6.2831853071795862,-3.124229318699046,1.6406572994863295,-5.1906560979850047,-0.89159709834088852,25.2672605885,0.117351829773,0.00064262948180780408,0.012418265127538231,0.00069386269473004894,60,1,0,0,1,2
119,0,-2.5576932803347434,-1.7919867337888951,-2.9720004408647811,2.1432645157466501,-4.5739586945755581,-4.8719794725046359,116.394619877,5.81484349841,0.023847555077016275,0,0.011923777538508137,60,0,0,0,0,3
120,0,-5.9588730988374126,2.9435436955816163,-2.6486693513832766,-2.3952306203004334,1.4150200154271935,-1.1660761932701265,0.344797386102,0.932088727049,0.00026476726910849217,0,0.00013238363455424609,51,1,1,1,0,0
121,0,-6.2762409543144537,0.61011456500708439,2.0305537939796636,0.66726059755270872,-4.0219505111221521,-2.4430693357557045,285.510876296,20.8237354477,0.21360709019534746,0.0064089066381824164,0.1069958122968192,60,0,0,0,1,3
122,0,-6.2831853071795862,5.6267410001733715,-3.0649591582792581,-2.5913676952013236,2.7587689334939776,1.1429932802814944,270.188615326,11.6049574171,0.11402625002654153,0.0076764644194766991,0.057243418945855065,60,0,0,0,1,3
123,0,-0.3694721949277634,0.11466011313462388,-1.4534675449977421,0.01030093348546399,-5.0382044614442041,-6.2629507748644828,4.93612528287,0.226372711967,3.9975332077077319e-05,0.004457627675182969,0.00015371649629402771,36,1,1,1,1,0
124,0,-5.3707546952706018,3.7859544680399946,-0.16578017022312347,1.7727658537997595,-4.9372125789561832,-2.0672310621767154,140.051953563,0.27275551947,0.019637211884495208,0,0.0098186059422476039,60,0,0,0,0,3
125,0,-1.1468152329757411,2.391848366554572,3.109427958038415,1.4801775260543155,-1.0458741163999734,6.2831853071795862,190.557871785,50.3669485466,0.80907476102285047,0.010575910613973049,0.40485465782984442,60,0,0,0,1,3
126,0,-6.0475943009257263,4.8523452798856272,1.2385443649013335,1.306485917424856,-2.3043751134172359,1.9087541251408571,0.0212994450249,0.696320506691,0.00014769794061584568,0,7.3848970307922838e-05,38,1,1,1,0,0
127,0,4.8652874390483749,0.64234142210735623,2.6907804288614448,3.6067378125574479,5.3524995919346861,4.6161704857669159,0.822785701369,0.147155115658,7.2733532377556942e-06,0,3.6366766188778471e-06,42,1,1,1,0,0
128,0,-0.69621623632813634,-2.8391944898616881,1.9369860452751846,-6.0613448812696902,3.1825088281299307,5.9075306166064321,0.00922132471894,1.61716077327,0.00079663829264105582,0,0.00039831914632052791,60,1,1,0,0,1
129,0,-3.2929566129215173,0.36588976276023766,-0.15574687174644825,3.7252419963909986,-3.6174413412323361,6.2831853071795862,107.764611511,6.97913088281,0.026450598377707208,0.0075689999999999993,0.013452369188853603,60,0,0,0,1,3
130,0,6.2831853071795862,-6.2831853071795862,-1.9522912837860535,6.2831853071795862,-5.290757592444371,-3.4378715429670677,974.758512019,10.9267373956,0.98652352411301047,0.022706999999999998,0.49394297205650523,60,0,0,0,1,3
131,0,-4.9854893494888524,-2.5740006339129571,-1.307037405230381,-0.14892096503773436,-2.8087857861864931,1.3936472001262465,0.0920064262671,0.908683438673,0.00025153277203528759,0,0.0001257663860176438,36,1,1,1,0,0
132,0,-5.826061356994515,-2.9603995551062119,-2.5578756810941772,5.3100265551293511,4.2991004509940201,0.92929539410388384,0.031595061463,0.648798873566,0.00012822664833525471,0,6.4113324167627353e-05,10,1,1,1,0,0
133,0,1.7978299286964352,-4.6739808544576009,-0.16208406368449366,1.7061861070415265,-4.2011732372971817,-2.5832031465394061,482.452287957,14.827428512,0.29973115295163666,0,0.14986557647581833,60,0,0,0,0,3
134,0,4.4802525658686729,-4.8618051289571174,1.8219606624518325,-1.7644405802578913,-3.1398641206327293,-2.744166976647207,0.479802467995,0.89080532212,0.00024195452713920792,0,0.00012097726356960396,17,1,1,1,0,0
135,0,4.0135311518128534,5.7067426698991381,-2.78661819378067,-3.4925247551935521,1.6273454840676596,6.092466831375261,122.855961071,19.652298063,0.13274073963085453,0,0.066370369815427266,60,0,0,0,0,3
136,0,4.570640390887144,1.844584949952528,1.8272446107477511,4.0429413444850404,-2.0730400172717758,-2.8151067519374657,3.3070320072,0.475583846238,7.9834827120786841e-05,0,3.9917413560393421e-05,45,1,1,1,0,0
137,0,-6.1849061558545166,1.0930886819862917,-2.8846359170626941,6.1838466666218448,6.2831853071795862,-1.4381686574682306,292.7218887,13.8689722318,0.1442787746199804,0.0075689999999999993,0.072366457309990195,60,0,0,0,1,3
138,0,2.9286709472223977,0.48510487025090115,-2.3518368937595167,2.9196974041509116,5.8765075680303607,-1.6527203112755986,0.353000495249,0.243762385093,1.8225007012792717e-05,0,9.1125035063963583e-06,37,1,1,1,0,0
139,0,-5.8356712854005632,-4.9270502372284986,2.6332769430890228,-5.7100332274506203,1.931104324230597,-6.2831853071795862,131.09036058,49.2543250591,0.7561830512175719,0.0075689999999999993,0.37831859560878595,60,0,0,0,1,3
140,0,-4.2356008207183029,2.3178405634048791,-2.0269028512921405,5.9310511155106722,1.800669681162504,-2.1988785913187865,0.0321594079037,0.849665260167,0.00021991380926273014,0,0.00010995690463136507,48,1,1,1,0,0
141,0,-3.7020751464060289,-3.3686752825773105,-3.0165910386401915,4.5965276020523538,1.8937579563456293,1.8458592804039804,3.15538942817,0.0596360509402,1.1039841677086535e-05,0,5.5199208385432673e-06,14,1,1,1,0,0
142,0,-2.8926358533783341,-6.158188721948143,2.3819076281542824,-4.9420549926859305,1.1274508671073096,-5.2246721857564449,0.0143103258713,0.0486424520451,7.2095644991424168e-07,0,3.6047822495712084e-07,29,1,1,1,0,0
143,0,4.8496293671700714,-2.5627126499106101,1.0711342286530223,-0.27699306282378894,1.8694881565214081,5.9907741354343456,0.821137616982,0.0846646577081,2.8577964119359208e-06,0,1.4288982059679604e-06,12,1,1,1,0,0
144,0,2.2349723251746272,1.6356826243122715,2.0269780700134952,-0.032598934888541264,-3.2113142474742693,5.489745400009479,52.372006539,55.5119786689,0.94144570722114773,0,0.47072285361057387,60,0,0,0,0,3
145,0,-0.99535145165603378,0.11994583952620436,3.0127561036466033,-2.4130615922246563,-3.1085844748992808,4.457629661746072,251.203614334,11.447769891,0.1030238059888664,0,0.051511902994433201,60,0,0,0,0,3
146,0,-0.36971729285545041,-3.5987577807523627,-0.39524226266186335,-6.2228569614809404,4.5241806850390214,6.2831853071795862,9.16714685844,53.7819744431,0.88119015939403644,0.0082803771431709406,0.44084349101131337,60,0,0,0,1,3
147,0,-3.2860386573052978,-4.0302442149516633,0.99058277208882084,3.3582071628656713,1.5771724758327661,2.0981752599573218,0.0187702309813,0.561384019501,9.6001146687577318e-05,0,4.8000573343788659e-05,22,1,1,1,0,0
148,0,-0.36529499303616575,6.1876841002962584,-2.8308640195703187,1.4690040062829306,-6.2831853071795862,2.1169595266169003,685.660833484,24.9987950061,0.66049831327650821,0.0075689999999999993,0.3304762266382541,60,0,0,0,1,3
149,0,-4.7760025195136606,-1.351686356145404,2.1541989341533423,-3.2369331692327012,1.1995250854245043,3.0563092180095706,0.219723215132,0.00493612926831,5.5700408065569853e-08,0,2.7850204032784926e-08,26,1,1,1,0,0
150,0,-6.2831853071795862,1.7779567667303111,1.0537270640851581,-2.873632588205834,5.5011171397692546,-2.7660418742403348,411.151772211,21.4728729104,0.30950008073717628,0.0075689999999999993,0.15497711036858813,60,0,0,0,1,3
151,0,3.5016061329605654,-0.18487754493217567,-0.31345624893615653,-1.8431784487500287,-3.6890333053084992,5.0331605740565744,25.6216505325,0.00105336409705,0.00065646931400542997,0,0.00032823465700271498,60,1,0,0,0,2
152,0,6.2732193206630162,5.9541392178768753,-3.1415926535897931,-0.20125258576671762,-1.2647471579731533,6.2403054258579873,364.148548417,5.54829751103,0.14198138772390573,0.01544982410556147,0.071454188585119705,60,0,0,0,1,3
153,0,5.1544413931788959,-4.2672828431975054,1.2297619804938864,-1.4993910622482267,-5.4255042360640973,-5.4170451208899815,6.11367529777,3.41287525508,0.0035854746789562822,0,0.0017927373394781411,60,1,1,0,0,1
154,0,-6.2831853071795862,1.7269463446635813,-1.6116128111957835,-0.1791638340496417,3.5456743385190639,0.28399226474395523,35.5359873479,5.88720232501,0.011820587612073634,0.0075689999999999993,0.006137363806036817,60,0,0,0,1,3
155,0,-2.6878247121213477,-4.8606838633223362,-2.5096181716959718,-2.5170447793014041,-3.7771387079028278,-4.4083013359265291,1.98130309664,0.660550351303,0.00013683829578816246,0,6.8419147894081228e-05,12,1,1,1,0,0
156,0,0.085874334488729179,-2.2771098966899359,-1.20552108483853,-6.2831853071795862,-1.2641273147028658,2.2770420666373603,187.792169701,42.6809991431,0.59017760978446066,0.0075689999999999993,0.29531587489223032,60,0,0,0,1,3
157,0,-1.1331105770338166,-2.4481499630946595,1.0241882820734409,-2.939705741589862,4.3330226798191607,2.6039568217513551,0.0497873110576,0.176440418225,9.4855910480852386e-06,0,4.7427955240426193e-06,36,1,1,1,0,0
158,0,4.9171073331519297,5.1442935353552066,-3.051035109669991,5.9331853071795866,-1.0347318533506014,-4.3276617369632309,25.5419733317,0.0394437971459,0.00065286632946131911,0,0.00032643316473065956,60,1,0,0,0,2
159,0,-6.2715407722620604,5.5885784984076334,2.6337709175925146,-5.7466305033324856,-3.3912379006931421,-1.2144779946790369,27.4864383496,0.0408614589279,0.0007560129003095638,0.005678446117795985,0.00054835983368866151,60,1,0,0,1,2
160,0,-5.1205532713979913,0.93162286995375043,2.7974592177247155,3.9667277266501775,-2.1210310234538201,5.9771208261880568,3.18898913484,0.0517203781428,1.0984502543151072e-05,0,5.4922512715755359e-06,23,1,1,1,0,0
161,0,3.2895850316220892,-4.7592857151011065,2.458558371617575,-0.10096176737014009,5.4742997062502941,3.4201586889914615,0.0256631933152,0.557853762012,9.4797849359782126e-05,0,4.7398924679891063e-05,21,1,1,1,0,0
162,0,4.1768282514317034,1.3117173114917675,1.9926721873094508,0.70994909329192457,6.2831853071795862,1.1882079880387266,264.184528216,42.2930941842,0.61466441527725457,0.0075689999999999993,0.30755927763862728,60,0,0,0,1,3
163,0,2.3052800821414512,2.7927028965555007,0.26897409246797505,-0.27755160945382973,5.0084203150648889,-6.2831853071795862,152.408889897,0.98821531482,0.023525949803394713,0.0075689999999999993,0.011990044901697356,60,0,0,0,1,3
164,0,0.59435315492063512,0.28268299188862911,0.19863388113217539,1.7365266457813542,4.4256485395201564,0.50908940596570229,146.501905132,0.149275627542,0.02146959606200927,0,0.010734798031004635,60,0,0,0,0,3
165,0,-4.299926762484847,5.5953422727101829,-0.64045758767609895,-1.8806324554169664,0.67270594128025774,-1.476156214761797,0.218046037648,0.383819396143,4.4922968680381054e-05,0,2.2461484340190527e-05,18,1,1,1,0,0
166,0,-4.3620752824441533,1.9150406420000812,-1.9087378907699812,3.6411952694211087,1.3776597350522917,-3.269554672112144,0.00724839058881,0.912696555001,0.00025375093294302141,0,0.0001268754664715107,25,1,1,1,0,0
167,0,-6.1524017411020067,-2.9920283046406428,-3.0928248875342463,6.2831853071795862,-4.5776052325471905,6.2831853071795862,135.807937676,7.71733645091,0.036585981476573833,0.016599703712383399,0.018790981849658418,60,0,0,0,1,3
168,0,4.8140712513948793,-6.2727696056412601,-0.60003473893582437,3.0730038723574764,-1.8723922655430705,-2.9315778231482006,13.5158989679,0.0536775584422,0.00018355721307530725,0.0058651547708667368,0.00026773324966365572,60,1,0,0,1,2
169,0,-2.6917227830039527,-0.23099662116015449,1.7825373608628188,-0.72618745013817043,-2.5692448886312746,4.9919715800100875,0.0333657976307,0.0244519962124,1.8324406792156526e-07,0,9.1622033960782628e-08,60,1,1,1,0,0
170,0,5.9331853071795866,-1.3741933459039333,-2.9194235068009906,3.9493672253682321,1.7192067950918997,-2.0503121950998069,78.878504221,6.43329076983,0.018829089682201344,0,0.0094145448411006721,60,0,0,0,0,3
171,0,1.3734168790295476,1.2316776971043237,-0.41984608890964831,-6.0851816302714639,4.213473347020388,-4.9717469800327034,0.0348228757325,0.65266585981,0.00012975992488823812,0,6.4879962444119058e-05,21,1,1,1,0,0
172,0,1.8641249309737533,5.0347750893134222,-2.6319682947146763,3.2547369561542889,-2.8582330821503299,-3.9063052439982151,0.119822717249,0.821309642685,0.00020549389457678998,0,0.00010274694728839499,58,1,1,1,0,0
173,0,-0.32891408537943251,-4.0081262190347449,-1.4018908615247887,4.2664040042732401,-4.9918152323351457,5.1893232265690692,2.41903267267,0.0759450062046,7.6086438950487696e-06,0,3.8043219475243848e-06,19,1,1,1,0,0
174,0,1.6756780697261044,-0.5970662418147018,-1.5281807064496773,5.6111168309494239,-2.3539079716469278,3.2736128038199221,0.116027988012,0.648308636084,0.00012804540919089815,0,6.4022704595449075e-05,16,1,1,1,0,0
175,0,5.723358226548136,-2.2298685345617852,2.2684417651457252,-0.21633158561359545,-2.0860177837403961,5.918046478274313,0.0152484942969,0.953893525602,0.0002771755396076344,0,0.0001385877698038172,23,1,1,1,0,0
176,0,-0.082457211230340527,-0.38460697283228462,-0.08255502450798613,3.5999678750580428,-4.5192824251745805,2.8063420610234275,54.1233855357,0.000285168914246,0.0029293408866185601,0,0.0014646704433092801,60,0,0,0,0,3
177,0,-1.7606189698769761,-0.41533269569692721,-1.5051418106314363,-4.3543495207474052,-3.936435930057514,3.9446858065557442,0.0662659289382,0.00147980050274,5.0582274662652406e-09,0,2.5291137331326203e-09,16,1,1,1,0,0
178,0,-1.0979190303828836,-2.4539784143741716,3.087268923439618,4.5946355388730105,2.4451973018289808,-6.2165336367984745,16.64621456,0.666873492245,0.00041256599567853093,0.0014817931295774995,0.00025073679172659042,60,1,0,0,1,2
179,0,-0.63643346304764237,-1.2455946905574158,2.5380876732996596,1.2113253320783923,1.7410692752751575,4.4682709710916599,0.1354067501,0.0461409098112,6.6686046624285671e-07,0,3.3343023312142835e-07,12,1,1,1,0,0
180,0,5.2086454004636771,-5.8031127353615766,-2.565786094374146,-4.7766871736310366,4.1249440654000145,6.2831853071795862,12.2502869644,0.659369067388,0.00028250730518428673,0.0075689999999999993,0.00036832365259214335,60,1,0,0,1,2
181,0,-2.5844385286108076,-1.1501706155367073,2.9471231115813685,-5.8632813175715404,4.331181046587262,4.4201395383160955,40.1108392985,0.98446691487,0.0019041070494844885,0,0.00095205352474224425,60,0,0,0,0,3
182,0,0.69124771498143478,-1.6216125163602781,1.3000827555416274,-5.274775610958514,4.0718731641160186,-6.2366098634374412,4.75361135758,0.0222047031262,2.2747012204621819e-05,0.0016341447486444784,6.0397848561645265e-05,35,1,1,1,1,0
183,0,-4.1696306673249657,4.8449628261993638,2.022281250645241,-5.7322221958227981,4.4545978670974211,-0.71672887987992417,0.482535059128,0.73004699359,0.00016258436375677702,0,8.129218187838851e-05,13,1,1,1,0,0
184,0,4.1202468035387581,-5.2234214594670032,-1.9853566794218904,4.4707189013078255,-0.37357615902677321,-4.7308164350019402,0.0187733967061,0.832805957117,0.00021127256537730463,0,0.00010563628268865232,59,1,1,1,0,0
185,0,-0.42151716061926892,6.2629063703879311,0.20627003975893449,-6.048590039546613,-2.3668848501983759,1.696791434192096,11.0538454495,0.0825301805818,0.00012426231874594247,0.0044517002756519469,0.00019568216764252961,60,1,0,0,1,2
186,0,1.6030042627144827,0.86234640797631401,-2.6842707524150415,6.2831853071795862,5.9314214713747244,-0.98153031479705177,62.8293535284,21.6790600891,0.14711212412234329,0.0075689999999999993,0.073783132061171638,60,0,0,0,1,3
187,0,3.3526093348045358,1.3707175147693902,-2.5555221281038811,-2.9756286037055286,-3.1154943441143286,-6.2831853071795862,163.247358377,7.36485860804,0.043172496835763068,0.0075689999999999993,0.021813318417881533,60,0,0,0,1,3
188,0,-3.657737002956583,5.6966222026807554,2.8178617995406774,-1.4296774910036927,-0.95401522531958916,5.3864733363088186,2.95683788276,0.0551336654674,9.6688422534895405e-06,0,4.8344211267447703e-06,26,1,1,1,0,0
189,0,3.9492170773600073,-4.0920466255498953,-0.32663649216036461,0.88925200164321461,-1.6381389759917502,3.145818016663672,98.6639985178,0.000888176365629,0.0097345848438281177,0,0.0048672924219140589,60,0,0,0,0,3
190,0,-1.4485289758379478,1.3044825548057968,-2.5819409354190497,-4.3877947928811505,4.4731328398660546,3.1108382267213615,0.00318745279994,0.408264577399,5.0773631076719212e-05,0,2.5386815538359606e-05,15,1,1,1,0,0
191,0,-1.4943454983277353,5.9613602689422533,-2.7188019548513216,4.921583475025936,-0.96715864330652745,-2.3621987715441941,0.0854564557446,0.968996519614,0.00028602912526900105,0,0.00014301456263450052,27,1,1,1,0,0
192,0,-3.6403763537743701,-3.1569776854186222,-0.46457748276304756,-4.2000221837427087,-5.4544039122419337,-4.043408556376864,0.518833377404,0.151095778133,7.2235837141313907e-06,0,3.6117918570656953e-06,31,1,1,1,0,0
193,0,-1.7238632124433764,-0.80233250616640017,-0.065856223109187095,6.2831853071795862,-2.1014500053757241,4.4556584731009616,179.791476901,57.1142431965,1.0259982010940487,0.0075689999999999993,0.51322617054702435,60,0,0,0,1,3
194,0,1.7650534228484485,1.5520186451548035,-2.9085760819566806,2.2583370055155232,-1.0866065443486117,0.43992586805845196,56.7017828499,0.441972935517,0.0032745961682021946,0,0.0016372980841010973,60,0,0,0,0,3
195,0,-3.9534550637793298,0.44754807116326789,-1.3450960667075806,6.2831853071795862,-1.6156991420075975,6.2831853071795862,199.761076293,54.7909286311,0.9543799516358713,0.015137999999999999,0.47764411581793564,60,0,0,0,1,3
196,0,4.1946871076805117,3.5941570995713095,3.0184623270402606,6.2831853071795862,4.2373889744211883,2.3024285818846399,186.091991185,6.15181105004,0.046158408174214648,0.0075689999999999993,0.023306274087107323,60,0,0,0,1,3
197,0,-3.7208127947684804,-5.1950600930446296,-1.3464199611479666,-3.6551599352492121,-2.383512495481376,5.6415329435311614,0.153043583331,0.444580417613,6.0231587746796802e-05,0,3.0115793873398401e-05,16,1,1,1,0,0
198,0,1.8780543379573786,-0.40289354827467283,-2.9407756287943418,3.4107633237370814,-0.93398664630858996,-5.7405164676984688,205.107215208,6.25116417753,0.05397252096322791,0,0.026986260481613955,60,0,0,0,0,3
199,0,-0.21752065562612266,3.2277674359703172,2.2636742024488719,-4.0089660209365539,-1.5870334381425468,1.7141541284560748,1.16403135867,0.220204862325,1.6125922944493671e-05,0,8.0629614722468353e-06,16,1,1,1,0,0
200,0,3.0359814580704234,3.2593290683475447,-2.8591116565574266,2.1603296779683347,5.2004433697615831,-6.2831853071795862,3.15336164588,0.91203089749,0.00026332456849416586,0.0075689999999999993,0.00035873228424708291,42,1,1,1,1,0
201,0,3.3721922477626669,0.25613683013814748,1.533666205278732,4.9193484354853654,-2.3928338589024336,3.860834851748232,0.238521042449,0.55127344725,9.2630861398563779e-05,0,4.6315430699281889e-05,19,1,1,1,0,0
202,0,-2.8452555446789742,5.4936855967894083,-2.3023892412699172,4.618347225636426,5.5608320300069982,-6.2831853071795862,132.866966286,56.6339812439,0.99468592857659188,0.0075689999999999993,0.49757003428829594,60,0,0,0,1,3
203,0,-6.1809846748046926,0.76392443137107291,2.9796503432800208,-0.45096034688540654,-1.2591215495062305,-6.2271124933914326,1192.04664544,42.4162850765,1.9690249671781086,0.00095649084698221846,0.98454117831446375,60,0,0,0,1,3
204,0,-0.17003244971821474,-4.0798325106855842,1.7719539474716584,6.2461067772920646,-3.6137424242010523,2.5203382518934041,3.2817866447,0.0403154297486,1.1265228592857205e-05,0.0024921531781910752,8.0397209642160859e-05,38,1,1,1,1,0
205,0,-0.21751593302737796,6.2831853071795862,-3.1244162377035201,5.9331853071795866,-6.2831853071795862,4.4307446141161737,844.13698512,51.442861138,1.518697030056348,0.0200133328984867,0.75994891501512862,60,0,0,0,1,3
206,0,6.2831853071795862,-1.9115966860011548,-1.2168914597534826,-0.42578431192899674,4.7892259914996691,-0.69581699804565589,199.862035261,14.6539976411,0.10535827029263675,0.0075689999999999993,0.052906205146318379,60,0,0,0,1,3
207,0,-3.2679410674627358,0.069016822748723894,1.9979632766245263,-1.7017932269214227,4.5479752552626271,-1.1075885504368272,0.00461796701927,0.678330103823,0.00014016416160468216,0,7.008208080234108e-05,33,1,1,1,0,0
208,0,-4.9429812299122373,6.2831853071795862,0.94362839168427881,-6.2831853071795862,-2.497930213634826,1.8070884799376152,316.993756474,4.09079611669,0.10558269623672997,0.015137999999999999,0.053245488118364985,60,0,0,0,1,3
209,0,5.5967674662698794,-0.42774306232736103,-2.8529606311079991,3.655394175425446,-6.2831853071795862,-4.8617508539801735,323.745211248,56.589026659,1.0802927894805567,0.0075689999999999993,0.54037346474027836,60,0,0,0,1,3
210,0,5.8744150495267586,3.3047598194742287,-1.7491277696165271,1.8910514389632616,-0.52877576981535779,6.2539583347076642,4.22353818997,0.244214819539,3.600592523750079e-05,0.0033377227097600489,0.00011813464391155186,10,1,1,1,1,0
211,0,1.9834884627378202,-5.1490759360167626,3.1101515197256488,6.2831853071795862,2.5012539254923665,-2.0998008365223999,295.313855126,37.8043044605,0.52255896051366613,0.010655787606301936,0.26159915388502214,60,0,0,0,1,3
212,0,0.7526203757787473,5.9542476821075896,-3.1415926535897931,2.085398049849629,-5.2917923300015977,-4.2358598122224222,60.9873084322,0.634788577022,0.0038421993705436796,0.0075689999999999993,0.0021481696852718398,60,0,0,0,1,3
213,0,-0.21234734708234174,3.2072744631145529,-2.093255916350393,5.0281933022248309,2.1064270948808441,5.7098652233590066,0.0361094459909,0.747354425511,0.00017014190244677877,0,8.5070951223389387e-05,15,1,1,1,0,0
214,0,-5.5508093120642332,5.4217964358416619,-1.571397453548752,2.2851378848179573,2.199353772359073,-1.5872028497044131,90.5935592197,4.6236806317,0.014719432898731618,0,0.007359716449365809,60,0,0,0,0,3
215,0,-3.9514056171602085,1.8430731938742777,1.3529780822910757,-1.4526916717233345,-1.962771946530687,-6.2650942688598228,5.33777849224,0.240687784768,4.6138552096932439e-05,0.0047484449998483093,0.0001655226260439155,60,1,1,0,1,1
216,0,2.0108693786772016,-2.6888048160751898,1.0174671289805497,4.1123419966766459,-2.5090199073145443,-4.7415211625093452,0.0258032812118,0.437998639751,5.8439327116062462e-05,0,2.9219663558031231e-05,43,1,1,1,0,0
217,0,-5.3095637720216819,0.36168492297897442,-1.5832743943524734,-3.7197912647336366,-1.0688232303744118,1.4673652558997972,0.0148140474885,0.399292041271,4.8566634048759787e-05,0,2.4283317024379893e-05,23,1,1,1,0,0
218,0,1.5680340000610176,-4.2084734416902023,-1.948140563741469,-6.2390574097491607,3.9044129694838854,4.6762925288046278,4.95118945986,0.17980660909,3.4362685174804047e-05,0.0018380171787361111,7.2321857949485355e-05,36,1,1,1,1,0
219,0,3.5447496042063622,2.1431807506604157,1.0300214992672199,-2.0631061693027797,-5.3371314686665059,-0.33982304876819713,0.0170128045748,0.974097604597,0.0002890414457247938,0,0.0001445207228623969,20,1,1,1,0,0
220,0,4.7614132927440105,4.124032069296045,-1.6313415201533343,-5.6207753352880276,4.3282664416377372,0.25943306293117718,2.23678129762,0.512463347725,8.5001416104108372e-05,0,4.2500708052054186e-05,46,1,1,1,0,0
221,0,2.4956294774131709,1.269831070167214,-2.9701250606995289,2.5503066586167722,3.1527213870231585,3.7269752251897086,128.756899637,9.09940474001,0.041800407701170536,0,0.020900203850585268,60,0,0,0,0,3
222,0,-1.6905281642922503,6.2831853071795862,-0.9244076044362356,-4.1904077768000274,-1.6640250404991566,-1.9530313468411107,23.8629005313,1.51922635564,0.0012725098674985517,0.0075689999999999993,0.00086332493374927587,60,1,0,0,1,2
223,0,-6.2072088173232149,-1.9046816747990216,-0.94076988856014576,1.4630519583037069,-4.8464744975000897,-2.1186116476891779,1.12488951733,0.0449559427524,1.881019438089257e-06,0.00012151777588668499,4.5860429956451782e-06,14,1,1,1,1,0
224,0,1.890778653904245,-6.2831853071795862,-0.80053887629507647,6.2831853071795862,-0.21415436985578218,-4.6690895607768708,267.232005439,1.15459063999,0.071819023982374025,0.015137999999999999,0.036363651991187011,60,0,0,0,1,3
225,0,-3.8323075847652599,-6.2831853071795862,2.4570963483787964,6.2831853071795862,-2.721056917310491,-6.279206495650751,1212.57148152,1.25095227061,1.4708062879921053,0.022030517735164651,0.73606405952810761,60,0,0,0,1,3
226,0,-3.0790343454263382,-4.7529714609282703,2.5833050251829137,-0.067784609466542106,-4.8295900283395943,6.2831853071795862,20.0810124919,29.1843229604,0.25985342957244739,0.0075689999999999993,0.13015378478622369,60,0,0,0,1,3
227,0,-6.1982080247145941,1.3131117783611295,1.6281925326795783,2.0227902347827871,-4.0560348218188507,-2.0268184778114318,0.0552881430497,0.343891073189,3.6027438850067355e-05,4.0913862264282363e-06,1.8136461011826526e-05,23,1,1,1,1,0
228,0,5.148464371121988,-0.66084041453272202,0.67206029800651867,0.45444189614777009,-1.9272414444516497,3.8554806729892839,4.67464464558,0.736954102821,0.00018729043437987951,0,9.3645217189939755e-05,10,1,1,1,0,0
229,0,-4.2009189618591556,1.7288695222841486,-1.360449058525113,-6.2681640168267281,-2.0076569907285151,-0.92704123147083728,8.06846122005,0.174521058424,7.4377981933580327e-05,0.0051809346424675504,0.00019261703024081668,60,1,1,0,1,1
230,0,0.69295062029478349,6.133231322362291,0.51057859867150601,4.9722083240897872,5.1311932976060763,-6.1703103652047417,0.0715223516543,0.642029916333,0.00012556915106681641,0,6.2784575533408204e-05,21,1,1,1,0,0
231,0,4.1090867732384835,-1.8722694642634292,1.0724445929183231,4.7597380351396881,1.1283063572061431,6.138042188760485,0.0133360561462,0.800014833943,0.00019496255646490507,0,9.7481278232452537e-05,39,1,1,1,0,0
232,0,4.5925087864244798,-2.2229410219163066,0.12082300015213962,-4.715205715763493,-3.3348822170501466,-5.5845130488624362,111.062375229,0.976199575753,0.012625141117298221,0,0.0063125705586491105,60,0,0,0,0,3
233,0,-4.9697279537345089,4.0361350026482921,-2.8174243868302593,-6.2831853071795862,-2.8622992378132071,6.002681382298773,37.6535262347,1.66590638469,0.0022631757296129465,0.0075689999999999993,0.0013586578648064733,60,0,0,0,1,3
234,0,1.4578090054697823,-6.0924422039464634,-0.28960673713316626,-5.5366682838284209,-3.1866260847023549,3.7636616822549285,152.099121364,1.55391643344,0.023869689086094492,0,0.011934844543047246,60,0,0,0,0,3
235,0,-0.41627433205752734,-2.0827228157674451,2.3137967513074882,-4.1829691702660972,1.5863368852591677,3.0896649152263196,0.0343003844307,0.548850517957,9.1763181016108849e-05,0,4.5881590508054425e-05,7,1,1,1,0,0
236,0,-0.74446005234496759,-6.2831853071795862,3.1317363842477093,-5.9331853071795866,-4.2233484133735146,4.0349769866060559,1155.43261682,31.1025432684,1.6297017364068997,0.013520155179821114,0.81525647285884451,60,0,0,0,1,3
237,0,-1.0298740311215924,-1.6329146645022037,-3.0666143775859132,-2.1044902290263754,-5.3166435999048485,5.5243977415232726,144.066027566,27.9965723012,0.25951660933096771,0.00014452184783888817,0.12976264032091903,60,0,0,0,1,3
238,0,-0.046592992794344146,-2.0722463907952289,0.8947715024622529,0.74348665946759485,-5.1203685019149612,4.4131570228831993,41.8881447555,5.24049399529,0.010120257036828917,0,0.0050601285184144586,60,0,0,0,0,3
239,0,-3.9790395329966568,4.5059399356195522,-1.0564450221286015,-1.3545911962088526,4.0289376946221571,-1.5729622066275255,0.00645852704631,0.15931732601,7.7318442196075757e-06,0,3.8659221098037879e-06,17,1,1,1,0,0
240,0,-0.020736149504907458,4.3572223100611005,0.24718363405852178,-5.5012295598365819,0.96902084557398072,-1.4219960418610398,0.143382021494,0.331199449083,3.3434979901248907e-05,0,1.6717489950624454e-05,12,1,1,1,0,0
241,0,2.964821910181874,5.9529618385063134,-1.6046288162960081,-3.0436319251694828,4.2551205660710512,-0.48280055181081821,0.0328362903964,0.0280813848777,2.4128860679355466e-07,0,1.2064430339677733e-07,33,1,1,1,0,0
242,0,2.3050759677240404,0.73788629349534074,2.8997629936534493,-1.9940658230748758,4.8028054601070158,6.1391321226005751,0.0528312845505,0.53864783592,8.8384943549176833e-05,0,4.4192471774588416e-05,38,1,1,1,0,0
243,0,2.5048387106311578,-6.1839870566523771,2.4732831879108832,6.2831853071795862,3.1431223484196367,3.2453871023533951,981.822452158,3.47617376367,0.96765625867588745,0.0075689999999999993,0.48405519933794372,60,0,0,0,1,3
244,0,-0.86149484405743826,3.0667987699009829,0.24701265934805061,-4.2303336340283053,-5.3803012913519321,6.2831853071795862,196.832093434,41.7086165384,0.56865798467338347,0.0075689999999999993,0.28455606233669173,60,0,0,0,1,3
245,0,4.2308331267905048,3.4274580886055084,-2.8321760683831965,5.9331853071795866,6.2817043011829288,-5.8380439023911164,510.98767258,17.2190961333,0.35142663539234975,0.0073134983353437362,0.17593272264623519,60,0,0,0,1,3
246,0,-1.9939846441890086,-3.8868295259770798,2.6062252031938988,-0.56520609597984373,1.5327584185242655,0.10903937502972424,3.41791568973,0.0034347500583,1.168574138856013e-05,0,5.8428706942800649e-06,10,1,1,1,0,0
247,0,-0.38713166756154993,-4.8450303233327325,1.5300337828596988,0.87825213451517481,-2.581468769645372,4.5910372855994899,0.774959454153,0.00312528144051,6.0353747091769476e-07,0,3.0176873545884738e-07,8,1,1,1,0,0
248,0,3.381648690689,-5.0396471941300627,2.6111995075016443,-1.2452558650058707,3.8928986009392346,3.2037470045571701,0.11286564863,0.447770382097,6.108801806696155e-05,0,3.0544009033480775e-05,14,1,1,1,0,0
249,0,0.44660648467073916,-1.8592019947600396,2.4697320265543001,-0.5490236219631438,3.6912294580056475,-5.3119176841105613,0.0139905216411,0.0322515264489,3.1704688197075112e-07,0,1.5852344098537556e-07,9,1,1,1,0,0
250,0,-3.5654690383333314,5.2250663432909885,-2.2729856943776263,-3.9715745102607105,-4.2813462712492436,3.0093584940117135,0.079044171726,0.106327872356,3.4501356900666178e-06,0,1.7250678450333089e-06,21,1,1,1,0,0
251,0,1.5223366610870694,1.3244216553122981,-0.27049065015215379,-4.3336122990682959,0.40558971180685149,4.9818418194007874,96.5194241774,5.01194785205e-05,0.0093159992442951815,0,0.0046579996221475907,60,0,0,0,0,3
252,0,-4.7325994833663714,-1.2797345433517122,-2.9410436143715928,-2.9309296102055513,2.3756507117283912,3.6708166722220699,33.3342264241,3.76636443572,0.0054323213833747126,0,0.0027161606916873563,60,0,0,0,0,3
253,0,4.0344053570178211,-0.095882996609751275,0.027115920579169894,3.5136320775611409,2.0666895564037779,-5.4096920915004674,139.743095158,0.00348649648648,0.019528136347230163,0,0.0097640681736150814,60,0,0,0,0,3
254,0,5.7560887541223611,-3.6739820999254835,-2.436503710660233,-0.17378312472641569,-1.7146429561380159,3.4974746881018302,986.853211797,42.3572120711,1.5204035530906828,0,0.76020177654534138,60,0,0,0,0,3
255,0,6.2831853071795862,2.3897613735228056,1.782724930431596,1.2884840269641724,1.4150934429582183,4.6989916742257778,9.64953184603,0.107484715811,9.6632698972576425e-05,0.0075689999999999993,0.00027538634948628818,60,1,1,0,1,1
256,0,-1.1686923896023953,2.3811924950288939,-1.1873111896326618,1.242430556321835,-1.908159314815975,1.6129331566366345,0.0200609589062,0.405123119544,4.9995657869831797e-05,0,2.4997828934915898e-05,56,1,1,1,0,0
257,0,-0.31398246695290505,-2.1540756104602781,-2.0023625138514052,-5.7266657614907617,-3.7184216827127927,3.1943056939744077,0.231754091428,0.670827728598,0.00013713454674195639,0,6.8567273370978194e-05,15,1,1,1,0,0
258,0,-2.7858173965808319,-3.8083684110531468,1.4968868643993722,-0.39097719697824146,1.6810456880966955,-5.139738016425035,2.90942426677,3.92565519353,0.0047028533474376098,0,0.0023514266737188049,60,1,1,0,0,1
259,0,-0.047012823648525985,2.3223594525383948,2.0204433159425457,4.2668782869563815,3.9720371168661339,1.6103022808779583,0.205614512697,0.212187646335,1.3757249353862647e-05,0,6.8786246769313236e-06,14,1,1,1,0,0
260,0,-3.0736980725022902,5.7320901554755759,2.3100776112883339,-4.6350960530895167,1.4931387265836951,-5.2303514677163419,0.0135924034802,0.153058914893,7.1364666203890022e-06,0,3.5682333101945011e-06,19,1,1,1,0,0
261,0,3.0501185638108059,-2.1707460102110687,2.1787524622394421,-1.8339297445807186,-0.91073678476323516,3.2172120671521984,0.0107135071958,0.813274459845,0.0002014787512008394,0,0.0001007393756004197,16,1,1,1,0,0
262,0,0.73927523642637361,1.3517910978592085,-2.4671041528961402,-3.7260932037047985,5.272579473823928,6.2585890794582362,4.92866639121,0.0471217844318,2.4968143974091515e-05,0.0038942307946055977,0.00012931099582521368,52,1,1,1,1,0
263,0,0.16198057203835839,-4.153592922696336,-3.0602343486266106,4.0714064179155134,-6.113633790322627,-3.4931518175553813,69.2240778946,0.563574456323,0.0048887243778869636,3.1828722888450848e-05,0.0024453170506301353,60,0,0,0,1,3
264,0,2.6136415703989364,4.9460794120267533,-2.2956655666330406,0.024816617482026737,-0.88065603544442284,-1.453982133973216,0.866738529936,0.0881997053058,3.1209118607563939e-06,0,1.560455930378197e-06,5,1,1,1,0,0
265,0,-3.3542452266729161,1.2837198563069523,2.0181411090040262,-1.7205124386849369,5.637104034994465,-0.78901507539432081,0.0797213267246,0.0134093515879,6.1128964467047038e-08,0,3.0564482233523519e-08,22,1,1,1,0,0
266,0,-6.2810896467872608,3.7192216828894469,2.9905966042795944,-4.9850206279699147,-3.1454579495406718,3.7979478558138067,50.0457318693,0.00651179330454,0.0025045881951622109,0.0072087468842153323,0.0014685565041075654,60,0,0,0,1,3
267,0,0.37287364540909973,-0.34725110527701303,-0.26186112694158653,-4.1218688892518953,-1.5549719096407304,-4.9178996404842366,0.663325806435,0.000461943319734,4.4006612829066336e-07,0,2.2003306414533168e-07,16,1,1,1,0,0
268,0,-0.85090748848063158,-1.7066334384642792,3.1415926535897931,-4.7043012826672284,3.8030901724707626,2.4197090414532822,489.450077109,10.2292380567,0.27143572573919938,0.0075689999999999993,0.13594493286959969,60,0,0,0,1,3
269,0,5.5308184185223324,-0.049934339580583006,-0.937737872855535,-6.2603268595761774,1.3812992894009888,-6.2831853071795862,9.80082998507,0.393513555844,0.00014322716491663268,0.011683138743844648,0.00042210774477365574,60,1,1,0,1,1
270,0,3.68477262258435,-1.7268409893394039,-1.3733714099850831,3.6069193368018597,0.52572526275876397,2.7224803459847995,0.0160354130655,0.866941120298,0.00022894672120485205,0,0.00011447336060242603,20,1,1,1,0,0
271,0,3.3519624345008903,2.5817443110958131,1.0528524832917698,0.55129895192108913,-3.6103813115577053,2.315110241999796,0.188675829807,0.946301542805,0.00027281641913458224,0,0.00013640820956729112,20,1,1,1,0,0
272,0,4.6935944024349157,-1.2407764527630922,2.2009677482643322,6.2831853071795862,4.1952680707901839,-2.3735726230865666,73.1004202576,27.648806085,0.23821043128748259,0.0075689999999999993,0.11933228564374129,60,0,0,0,1,3
273,0,3.6872340606067282,2.9582748066397984,2.6528503189215464,-6.2485672644512995,-1.8558002006581176,1.1228356467676268,4.61648386693,0.166478908624,2.9754464236231302e-05,0.0027438694476155947,9.7193315546583481e-05,50,1,1,1,1,0
274,0,5.9668466429786324,-2.4775581664304478,3.0676323248780912,2.5060939303539733,-5.9784238936626295,0.99432426116606121,664.654547411,17.226387343,0.53216040569149659,0.0001700330273068661,0.26608530383656748,60,0,0,0,1,3
275,0,4.4473782240010546,-1.4691375491569905,-1.1099079770707967,1.1448417793303425,1.5448217678690548,-5.568982707074543,0.197445881213,0.0973417701344,2.9253629326541443e-06,0,1.4626814663270721e-06,12,1,1,1,0,0
276,0,-3.699807209364161,-0.71561267873388856,-2.5744901280510142,-1.432727387330242,4.4568380420193154,4.246089445549635,0.256658046882,0.611337030118,0.00011391144465578268,0,5.6955722327891341e-05,24,1,1,1,0,0
277,0,-4.9361473146609045,-5.1552823548113418,2.8570802946632505,-0.22584588340551598,0.08996126533755161,3.7025041070455598,40.7828577837,12.0115580217,0.045612689225731501,0,0.02280634461286575,60,0,0,0,0,3
278,0,-4.6478683139279235,-4.1927198403537016,-2.7679415115132935,-3.5172986466583058,-1.2929866934621974,-0.32506065121329497,76.2384297599,5.02252883917,0.013496515043661008,0,0.0067482575218305038,60,0,0,0,0,3
279,0,0.28778802360375688,-4.1130698509290298,-0.83669559976374097,-2.3800043324252278,1.2971522271583973,-2.3631605423915123,0.0208189090135,0.298741784967,2.7186518919032646e-05,0,1.3593259459516323e-05,24,1,1,1,0,0
280,0,-5.9837924542076095,4.8395629455071081,3.121384241869634,-4.9679254033307227,-1.0451857993590736,-2.631178748568797,1219.33516214,44.6464219151,2.0939730512401611,0.0044611162649437824,1.0471203591080289,60,0,0,0,1,3
281,0,1.8695438846871402,-4.6800787886171173,2.2069826547077631,-2.1282201281250548,-4.2267040598987702,-3.2811980284863433,0.0846280873015,0.0887720248023,2.4076910785404226e-06,0,1.2038455392702113e-06,21,1,1,1,0,0
282,0,2.8379099348588954,-1.697567620284437,-1.036476259167449,5.6082475167349797,1.1461966558438059,-2.435989136334114,0.0468957679862,0.138882928457,5.8778025110647457e-06,0,2.9389012555323728e-06,24,1,1,1,0,0
283,0,-3.9341433432900188,1.83392593728622,-3.0968520512190181,4.3847394862603482,-5.259529639380883,-3.8139469605633689,164.382356537,11.0989297355,0.064546234110743214,0.0017858566879849437,0.032326692756011154,60,0,0,0,1,3
284,0,0.44526460852265576,1.378030885234069,-0.22205935966455126,-0.63004643037903341,4.9322072539773529,1.0983504338536025,1.26849694915,0.00013411681697,1.6090899892580913e-06,0,8.0454499462904567e-07,46,1,1,1,0,0
285,0,3.6367541627103854,-0.49208647202926575,2.5654757347197932,1.2276515565980868,-4.7141867653119247,-5.3441579221922577,0.262191686509,0.00748402977271,8.5806315888162881e-08,0,4.290315794408144e-08,10,1,1,1,0,0
286,0,-3.6629327186800604,6.2831853071795862,-3.1415926535897931,5.9365960265936648,-2.3180289855426608,3.9903705113544725,142.718044006,1.32041291022,0.02089953758726109,0.015137999999999999,0.010903908793630545,60,0,0,0,1,3
287,0,1.9277800129559777,-2.2233129660637494,-0.88621958214823249,1.4165448590979728,-5.3009660947376851,-3.0925583992081762,0.0284639029269,0.29879531904,2.7196639969024306e-05,0,1.3598319984512153e-05,15,1,1,1,0,0
288,0,2.218497453130964,5.935706818855218,-2.5864752315992487,-3.4787135323182992,-0.11791677533217926,4.687150417231372,180.500350676,15.5230591278,0.10598262424308023,0,0.052991312121540117,60,0,0,0,0,3
289,0,0.12350347077791921,3.8317676288312832,-3.1385439811173956,2.5314592433557785,-1.0543323658342223,4.9512220278739596,139.017171058,5.55405164378,0.028722456556555708,0.0070478253936467911,0.014572663040087258,60,0,0,0,1,3
290,0,-4.4960580882611936,-6.2831853071795862,3.1415926535897931,-0.13399332155247751,-1.9269327672962759,3.6018994727185309,199.942297896,7.50026822427,0.057112877959743645,0.015137999999999999,0.029010578979871821,60,0,0,0,1,3
291,0,-1.5300457790633781,-2.360198713417121,-2.6198130563929358,1.7067093709144361,-2.4636909235074178,3.0307402425532501,0.390326833483,0.464715737018,6.593775119073474e-05,0,3.296887559536737e-05,13,1,1,1,0,0
292,0,3.3236902598764835,0.47756657074828113,3.1200365605263851,-0.33091005936821627,1.997095454121607,1.3626545508719548,30.6273131691,0.0551135420435,0.00093895758813902167,0.0042829049551253136,0.00059796594272327021,60,0,0,0,1,3
293,0,-0.32553221134037308,3.4562304907424086,2.439370277999092,0.59761919046748258,3.5037643945213315,0.96644230251119323,1.47601310087,0.210323558904,1.5653670681998837e-05,0,7.8268353409994185e-06,14,1,1,1,0,0
294,0,-6.2582844361391041,-4.4932495782216568,-3.1415926535897931,-5.3789362317144249,-4.171702839531986,-2.8166973680075071,599.589059268,23.2450522885,0.52410171853608001,0.011425301817530832,0.26239361832256591,60,0,0,0,1,3
295,0,-1.653945554891658,-1.6072577166040645,-2.7125739058102991,3.4420689692648425,-5.2551903326551415,0.57066237044406742,0.00899188510055,0.00562418004465,9.7163298077183065e-09,0,4.8581649038591533e-09,36,1,1,1,0,0
296,0,3.4601724429052085,0.53188233509337524,0.22327518550119668,-5.2898718381881897,-1.7410628711216778,-1.8084994542466351,179.966795692,0.0737303410411,0.032389703501754553,0,0.016194851750877277,60,0,0,0,0,3
297,0,2.7314368792197619,3.7293494405945733,-2.7563444934753565,-4.9768057605529474,-2.2725459594824935,4.9825919914396195,3.93630456253,0.497325024975,9.0836184252898972e-05,0,4.5418092126449486e-05,22,1,1,1,0,0
298,0,3.6268791758406165,4.0240856819205844,-2.9958357437411602,-2.7054692428407301,0.84600460849898451,6.2557572483562778,240.692712963,37.1985147848,0.47944109271416119,0.0035488161755591972,0.23982701084234737,60,0,0,0,1,3
299,0,-5.1808670297791153,1.2661388231717603,2.5482611524241814,1.0473258070204423,-4.2872447079274369,-4.0938295176990236,0.0171461495811,0.93665159108,0.00026724609210726502,0,0.00013362304605363251,42,1,1,1,0,0
300,0,4.7508056477481349,4.2591229748769202,-0.14014705127928009,-4.973856111744321,2.3940834126142416,0.91534946148071505,0.634833013833,0.273718435288,2.3225492818293395e-05,0,1.1612746409146698e-05,9,1,1,1,0,0
301,0,-0.96267992098977562,-2.0291691621640879,-1.2051996929004625,-4.4832797572457483,1.3845266633982893,-0.95572491142396276,0.264444102875,0.242247688462,1.7946081850711563e-05,0,8.9730409253557814e-06,13,1,1,1,0,0
302,0,-6.2831853071795862,3.2779622259599259,1.4767477365740396,5.8989722277904004,5.3481516150559392,-5.790981374452743,645.807309744,54.4139051562,1.3190005975430075,0.0075689999999999993,0.65972736877150373,60,0,0,0,1,3
303,0,0.051308202820632087,-0.25317949312156046,-1.3848495010063002,1.9470342263179969,3.6796148074518968,-0.71475576491213799,0.046943099213,0.837258232473,0.00021353942550156479,0,0.00010676971275078239,7,1,1,1,0,0
304,0,4.8673104920196746,-5.9359028297830783,3.1415926535897931,-6.2831853071795862,5.1294699419100445,-0.53381265069770001,793.053378881,57.2938147218,1.6288650787786854,0.015137999999999999,0.81488667938934267,60,0,0,0,1,3
305,0,-5.2501037459793416,0.91017486222593247,3.1415926535897931,-0.80760052848013353,0.26248223154085237,5.276018559186606,1007.13650656,38.2527144619,1.4600615245560895,0.0075689999999999993,0.73025783227804475,60,0,0,0,1,3
306,0,3.9352245299236861,-0.81158823163820903,2.4877772375139613,5.7510127571362393,-1.7367433366724625,-2.3674063685369777,3.45507968558,0.371838732605,5.4055211681469028e-05,0,2.7027605840734514e-05,17,1,1,1,0,0
307,0,5.5121359721897933,1.7650298476594017,2.8459178734474024,-5.4201292397076868,-1.644253251907223,2.6028841042990059,2.74610897591,0.966010440293,0.00029180283184968914,0,0.00014590141592484457,18,1,1,1,0,0
308,0,0.96373877728342527,-0.029504835615912623,1.0927854238535071,-6.1441762012622032,5.1179684142680122,0.61775588199635278,2.09223024305,0.543981012586,9.4518395361737969e-05,0,4.7259197680868984e-05,31,1,1,1,0,0
309,0,2.3821541047073773,6.0638336757793203,-3.1415926535897931,6.2831853071795862,-3.1445844399348095,-5.0327981345653665,993.152201165,10.1599489283,1.0177952944830775,0.015137999999999999,0.50935178724153873,60,0,0,0,1,3
310,0,3.0786618539104351,-2.9065918158470634,3.060277957110642,-0.29753865235947274,-5.5024016126886117,3.6361717754535805,18.7331080765,0.261755293508,0.00037180045467405425,3.2322676124176523e-05,0.00018686990762075242,60,1,0,0,1,2
311,0,-6.2586124229140161,6.2566893409150213,3.0811411731840996,-3.2109912495089259,0.76414269937687118,4.9038615295549057,142.09050068,3.09891422459,0.023115033520896049,0.0082627067698278368,0.011805397963542859,60,0,0,0,1,3
312,0,-5.5585072440337022,-3.9677577420718109,0.58229080341023531,6.2831853071795862,-4.0229455335904705,-3.8042332990415471,80.5691756378,48.244912715,0.71551024810056629,0.0075689999999999993,0.35798219405028314,60,0,0,0,1,3
313,0,-0.42647881983479774,5.5968664444541103,-3.1209954327741145,3.8037353458250425,5.2657849296963075,-2.4001485618491261,849.597010522,11.1298917053,0.75954940761777223,0.0044093290834017456,0.37990698368138814,60,0,0,0,1,3
314,0,-5.6113464169173817,-3.5774331523685019,3.1415926535897931,1.6576514428251132,5.6158075586716247,-4.9692381888268713,65.3317827014,0.729629062369,0.004430407524533852,0.0075689999999999993,0.0024422737622669258,60,0,0,0,1,3
315,0,4.2796962323942829,-5.9488183565242458,1.7183850382319099,-6.2831853071795862,0.87904442885585254,3.9103244375979198,16.8711476505,4.09448612793,0.0053914908147285976,0.0075689999999999993,0.0029228154073642986,60,1,0,0,1,2
316,0,-4.2474803266428793,-0.093953281381766632,2.092933962916566,6.2831853071795862,-3.6828730618812742,2.2515253988094552,82.8823164157,33.4973361944,0.3486720133042519,0.0075689999999999993,0.17456307665212595,60,0,0,0,1,3
317,0,1.9393847105253803,5.3674398366714797,-2.0975938727205157,-1.8129054199734702,-6.0063796186086158,-1.4543338434557107,0.376813798258,0.211113138986,1.3718408536851128e-05,0,6.8592042684255639e-06,13,1,1,1,0,0
318,0,-4.5013821257565301,-1.5100052716372767,-1.3191724797502686,3.5641124273751541,4.8432077350160636,6.2630960320798357,4.88393142876,0.0346077343054,2.4217625044812866e-05,0.0044770451066768599,0.00014642016572271224,44,1,1,1,1,0
319,0,4.2452043949151275,1.4343826522613259,1.3533562667718368,-5.7502579923571995,4.3627022368636617,-2.4097429437061586,2.42691498852,0.343449354407,4.1821813179757673e-05,0,2.0910906589878837e-05,7,1,1,1,0,0
320,0,0.23655188655355464,4.3549325713638938,-1.6998923263964916,6.2831853071795862,-5.4452295673265816,-0.76084422110710437,75.8620050508,34.5901774783,0.37022380937530786,0.0075689999999999993,0.18533897468765392,60,0,0,0,1,3
321,0,-2.3538589558819552,1.1040818265688159,0.24262355104614397,-0.67481170522028111,-1.770250055717314,-3.1241211198042906,56.910758222,0.000361405859079,0.0032388344411951515,0,0.0016194172205975757,60,0,0,0,0,3
322,0,3.5351988731962662,3.6523827953376737,-1.4887071811488539,-0.23728811042818027,4.8961066639493742,5.1991037209362787,0.0240707924064,0.0608740575607,1.1293852139334557e-06,0,5.6469260696672785e-07,23,1,1,1,0,0
323,0,-0.45148840737887519,1.5176437212078964,-2.8057334652821466,-1.1286072320428668,-4.4049905879057558,4.3713202295408635,0.260882620442,0.0670625483748,1.4380416763130532e-06,0,7.1902083815652662e-07,14,1,1,1,0,0
324,0,-2.4685831989924134,-2.380417888499557,-0.45943124856616036,6.2831853071795862,-6.1862337557442197,1.360132785041468,74.5654201179,13.0989470689,0.057826994206127177,0.0075689999999999993,0.029140567103063588,60,0,0,0,1,3
325,0,-6.2831853071795862,-4.8801793340401689,2.3655219938642951,6.2831853071795862,-2.2805293789355798,6.2831853071795862,278.71076489,46.3266074708,0.73143575492176705,0.022706999999999998,0.36639908746088351,60,0,0,0,1,3
326,0,-3.9475177349563397,-0.78293158554813647,-0.79127095263980962,-3.0066316018630981,5.0749295423326659,0.5732866455885719,0.417002626677,0.227368874227,1.5921577607551431e-05,0,7.9607888037757155e-06,13,1,1,1,0,0
327,0,-0.58516760914688504,-1.4184523583899256,-1.8095446092865373,6.2750929547242951,1.6045565185660204,-6.2831853071795862,8.92348652514,27.0808336725,0.22347737864872999,0.013795416841039992,0.1121525518295962,60,0,0,0,1,3
328,0,4.7616974701969346,-5.9533273959984649,3.1221278714342895,-6.2831853071795862,4.955225071851963,-0.76719753698083248,113.990264683,3.60987477364,0.016963309708532631,0.012130005649303581,0.0088455550237454238,60,0,0,0,1,3
329,0,-2.6447418851189024,-5.1773973782487275,-3.1050938443756819,5.0467040792969593,-1.2733029900843826,-4.2405950100876071,117.042233528,0.101223899545,0.013702005623953021,0.0025503702707927399,0.0069275139201002926,60,0,0,0,1,3
330,0,1.980401672944953,-2.9768512061243326,2.390740357111826,1.5052034698904968,-4.0238834806431951,-2.865906182967735,0.0202389942409,0.446799488911,6.0811119115610358e-05,0,3.0405559557805179e-05,14,1,1,1,0,0
331,0,2.6260347142536529,-3.9720746281803763,1.3333782231391935,4.4556151480644459,-3.0047218493315548,6.0543814069082487,0.029192417257,0.765805582704,0.0001786462330000938,0,8.9323116500046899e-05,25,1,1,1,0,0
332,0,6.2777670823991158,-1.0873127596221135,1.6758803648679692,5.6702666005046805,-4.6262048097680832,-6.2831853071795862,19.8348145791,52.6873574882,0.84599847332531275,0.014224586047969855,0.42342597424409545,60,0,0,0,1,3
333,0,2.7271869946052769,-5.9973452792222828,0.52022855916587751,0.64254935993484319,-1.3379206189920267,4.6184359716608281,0.0350041173595,0.16830925649,8.6304293288422464e-06,0,4.3152146644211232e-06,41,1,1,1,0,0
334,0,6.2370324667365606,-3.335902281187558,2.0019941624600452,-1.4180692365788297,3.4546882539612169,6.2831853071795862,39.444834468,56.6648273607,0.97965277838617415,0.0092374904438729238,0.49010351390640328,60,0,0,0,1,3
335,0,1.9524447817023032,0.36154072461668452,-2.3432284086746598,-5.4826218168601688,1.2862591253668239,-4.3679684037612097,0.0121390233755,0.358231763787,3.9091699797072804e-05,0,1.9545849898536402e-05,12,1,1,1,0,0
336,0,1.9142426830481569,-0.79073842151395501,0.75638831587700595,3.5295012292337011,1.0390345881102863,2.4239355467612516,0.381010362757,0.674946066807,0.00013891430253636062,0,6.945715126818031e-05,44,1,1,1,0,0
337,0,0.52169829106638355,0.38062156643081191,-0.023565904417831962,1.5109961374261307,4.9932957030513325,0.93883015765403532,209.549276374,0.287741885109,0.043936120147580575,0,0.021968060073790287,60,0,0,0,0,3
338,0,1.7569822372880797,-1.9731483832802725,1.9178430227042393,0.82672510344765149,-1.5241040526178926,-0.3658707750786081,0.934243473567,0.31806908281,3.169032815432218e-05,0,1.584516407716109e-05,12,1,1,1,0,0
339,0,1.7129940108424182,-0.77881259522988078,-0.84132920244955078,-3.4026620716557421,-6.2831853071795862,-0.32424529915398886,72.6952839812,42.3712499106,0.55217120911766893,0.0075689999999999993,0.27631267455883446,60,0,0,0,1,3
340,0,-4.9995320524163018,3.7663789635642688,-1.4172416828315162,0.81959589885535733,-1.0246893151099039,4.1093108990394827,0.00876266750881,0.274473213825,2.2948596153231907e-05,0,1.1474298076615954e-05,11,1,1,1,0,0
341,0,-6.2831853071795862,-1.5242696986048136,2.8596700537023985,-1.7622411306294825,-1.7230029522384374,-3.3762476767009724,4.24064778529,0.0376160614824,1.8414117564939053e-05,0.0075689999999999993,0.00023627705878246949,27,1,1,1,1,0
342,0,4.7926677511780014,1.4448697708756337,-1.3672271884100489,-4.0346045002697419,-2.0930932217806015,3.8444352431143423,0.0207397433442,0.626254253877,0.00011946967342566124,0,5.973483671283062e-05,15,1,1,1,0,0
343,0,3.5471367290676059,5.9678294001465213,-3.1411730274160794,-5.9331853071795866,3.0921970896261546,6.0106941013198716,887.177040599,45.607322271,1.4206958165121195,0.0074961611318994778,0.71057279309001675,60,0,0,0,1,3
344,0,-6.2505238989037464,1.7459815352400816,-2.2283128837652248,-4.6207403773551263,-0.91636266822834211,6.2831853071795862,166.263340155,32.2543035736,0.34454921494384011,0.010521682550564964,0.17259025794843699,60,0,0,0,1,3
345,0,2.8454136995259187,5.1310365872958279,1.0764448529706507,-3.1693978045013114,5.3504938753424636,-1.0938299907192233,0.0350533978725,0.873897081889,0.00023263636718887115,0,0.00011631818359443557,8,1,1,1,0,0
346,0,3.840019648689081,3.5158582992064495,-3.1200354879761947,3.7429159318004732,-4.903370889623373,-0.22006638544543602,24.1876188789,0.00794472480029,0.00058506013407354316,0.004282764572525982,0.00042101300421255102,60,1,0,0,1,2
347,0,-1.8398695630061412,-5.1163584627031637,2.7279630724246098,-1.7604304960532062,5.0706615763773577,-2.6261557503316473,0.594366138947,0.516371831465,8.1576419810127192e-05,0,4.0788209905063596e-05,8,1,1,1,0,0
348,0,-3.0827710209990387,2.9787758366543073,1.9192350243674552,-3.1366154260735932,4.3783928266705567,-6.2831853071795862,267.531702882,54.9561979875,0.99157377718358775,0.0075689999999999993,0.49601395859179387,60,0,0,0,1,3
349,0,0.31589403550862843,0.9650270573230002,-1.2203861224440997,4.92086320487949,1.6199295620360237,3.5714159516284103,0.398064832715,0.356701789573,3.8916808410015746e-05,0,1.9458404205007873e-05,9,1,1,1,0,0
350,0,1.4867321918408591,2.4989080042701501,2.7270646261950802,-6.0105233874908359,-4.4038096160326363,2.9483816337337201,2.04865653498,0.1059522794,7.6165938772416532e-06,0,3.8082969386208266e-06,31,1,1,1,0,0
351,0,4.5683840184230933,-3.063073357412021,2.8473314793737479,2.0984214938014194,-1.5956587597102432,-2.3665950152074307,0.0574010439432,0.229161328763,1.6000252665760828e-05,0,8.0001263328804138e-06,34,1,1,1,0,0
352,0,-5.9142212495963973,-0.10723261047154437,-2.5266962248002329,-4.8906517480829121,-4.6372723463326917,-2.5217903781599884,30.9914505252,34.1366297208,0.3559340397040362,0,0.1779670198520181,60,0,0,0,0,3
353,0,1.2230417142109824,-0.094878383849390097,2.5691525579831715,-5.4510844041693645,0.37188320579072326,2.3896752922959639,0.0235047753258,0.0989565025289,2.9834848648315751e-06,0,1.4917424324157875e-06,19,1,1,1,0,0
354,0,-4.6801532868489257,1.889087199666952,0.0019898091382478666,0.76055688298197088,5.3626636956998386,-0.37188814155776312,159.494815018,5.06947775649,0.033267143298168537,0,0.016633571649084269,60,0,0,0,0,3
355,0,2.3028193286536602,4.1840658841947604,2.1508444263930331,0.89118953812921708,3.2620060558435102,2.5936901652693991,4.57554220074,0.924601721492,0.00028134946779889003,0,0.00014067473389944502,4,1,1,1,0,0
356,0,-2.5287510700547293,-4.0249864488522453,1.0781097990724637,2.8526437345349436,-0.86374764569732865,4.6282035269225332,0.058722724791,0.866380940252,0.00022865413731233501,0,0.00011432706865616751,11,1,1,1,0,0
357,0,-3.6734351809188621,2.3766313013590414,-2.7118210221855854,2.6081348904389361,-0.12426697200521186,-1.0112604394840579,7.30628105946,4.35289617226,0.0058251827772345379,0,0.002912591388617269,60,1,1,0,0,1
358,0,3.1065411952619701,-6.2831853071795862,3.1353944417197188,3.1547901714940507,-1.0859116251232088,2.3493260654735613,251.857017505,1.98721322725,0.064634896455972368,0.0140979289649934,0.032740386096935983,60,0,0,0,1,3
359,0,6.1281744247869963,-3.5911847758851567,-1.8526503953615023,2.7665828161354078,-5.3347494110677722,5.286132694658054,0.0634323135066,0.82544186554,0.00020755640437782378,0,0.00010377820218891189,44,1,1,1,0,0
360,0,-5.4555944942763155,0.40126916720806516,-0.13590991878255704,6.2831853071795862,-1.6458063163352399,-0.52412508819471848,143.824168654,0.972940631023,0.020973746442155612,0.0075689999999999993,0.010713943221077805,60,0,0,0,1,3
361,0,2.8843228713999687,6.1218380918993631,0.58619172886263582,2.2287387894762007,4.4269152574364767,5.602979212552909,1.19295477232,0.194915709386,1.2996206848652707e-05,0,6.4981034243263536e-06,23,1,1,1,0,0
362,0,3.5692753911120705,0.052277369228985154,0.06209472079582562,2.2567427517819172,-2.1027919265722046,-1.1941264056520293,137.546635729,2.70125590344,0.021141804349488685,0,0.010570902174744342,60,0,0,0,0,3
363,0,-0.25846818865052323,-3.5796780619818191,3.0328075275338175,-2.1043973307454795,-4.6894073624333545,-1.9762150637818687,72.2990822503,0.105995517427,0.0052305796860921501,0,0.002615289843046075,60,0,0,0,0,3
364,0,3.4730592483398821,6.2129684503909575,2.9718733041307179,4.5768641626578441,-6.2831853071795862,5.1320799935207981,240.498327873,51.8880765954,0.87798300756144065,0.0078506738960533954,0.43922702399760194,60,0,0,0,1,3
365,0,3.4275289892281569,2.8578386675866594,-0.095769808508612109,-4.7580919861314381,-4.4449273462903029,6.2831853071795862,195.832119982,13.4431237882,0.093399941289351321,0.0075689999999999993,0.046927040644675663,60,0,0,0,1,3
366,0,6.1469164542916159,4.3303991778531863,0.8631263300041998,-5.2028873682579952,-4.0871163169039466,-1.9732277515393224,17.1609192012,0.0144584542106,0.00029456082715699239,0,0.0001472804135784962,60,1,0,0,0,2
367,0,-3.9699122690843502,6.2411675666942843,0.77744918162803478,4.9196333686146758,-6.2795273790532296,-5.7096104519584641,240.473452042,3.20427738747,0.060955108075993282,0.008969304615239173,0.030746633176453816,60,0,0,0,1,3
368,0,-4.4230343882807954,3.9472833139037311,-2.7256928645413558,-4.9959083403042603,4.1415215014869178,6.2267036264253681,4.70571480066,0.0404420188052,2.2641970903411944e-05,0.00093136780958746087,3.9262019739329797e-05,41,1,1,1,1,0
369,0,-3.4542190067963192,-1.829310855094366,3.0692117122056635,1.5470985765486542,-1.0429556790744563,-2.3349538172318121,25.1828645967,2.16587021182,0.002063135089111991,0.00021371687481425296,0.0010379790508004232,60,1,0,0,1,2
370,0,-1.6258289628358062,-1.4030067909504795,-1.423937376727511,-4.8497826627837517,1.361901306005469,-0.31573349876194395,0.731776876602,0.119599792939,4.8927786211512448e-06,0,2.4463893105756224e-06,14,1,1,1,0,0
371,0,2.8291832438469742,1.716257246135545,-1.5621704470015598,-6.2831853071795862,2.7745237554998887,-4.9546885445958946,115.481680954,56.9517907465,1.0013645903562352,0.0075689999999999993,0.50090936517811757,60,0,0,0,1,3
372,0,1.5276258546831707,-6.0952346106676956,1.1935998273942812,5.8914379015688318,4.7500537351414378,-5.5775437107491292,1.66834460512,0.0167892823998,2.8692392807940089e-06,0,1.4346196403970044e-06,16,1,1,1,0,0
373,0,4.9982676856453274,-4.4263502444446869,2.4051493265642052,0.62947184748019769,1.7015943141696144,5.9344140390394688,0.0558967356953,0.0112751636768,4.1850249262172385e-08,0,2.0925124631086192e-08,14,1,1,1,0,0
374,0,0.72557567883602347,1.7813346372704542,-0.69489143655845265,6.0484807381695713,-0.39730395789552192,2.7847930081076706,20.0277653449,9.57706585389,0.028340679117472643,0,0.014170339558736322,60,1,0,0,0,2
375,0,-5.234769701978176,3.3319122023159751,2.1394601651409526,2.2544337155903107,-2.14581251912547,6.2193618909897257,4.81617349771,0.0574786470093,2.4201920626407496e-05,0.00053715403710841831,2.8215581426456297e-05,52,1,1,1,1,0
376,0,-3.9133657381698557,5.7296946474548056,-0.90778020113402191,0.28589951292733368,-6.04439644997613,-0.52679909494932831,0.00290956974781,0.598048181993,0.00010894997073927931,0,5.4474985369639657e-05,23,1,1,1,0,0
377,0,2.9059289115889007,-2.6172496882057263,-2.0585792822314892,-1.8357627165541968,0.52896488033319877,-5.3724473353057087,0.0285007603786,0.074456763863,1.6895532953614188e-06,0,8.4477664768070938e-07,11,1,1,1,0,0
378,0,-3.0771504669117067,-6.2831853071795862,3.1189495070257602,-5.9331853071795866,4.5115414863902021,4.1780465797845618,377.156188532,50.0224188497,0.90447341033122897,0.011710804584178551,0.45258802930313985,60,0,0,0,1,3
379,0,-3.8299291223854279,-4.2522007779903159,2.4492400185331871,3.3064167037429288,-6.084661735537459,5.8728292457694415,0.0915679342709,0.527711341864,8.483801843306786e-05,0,4.241900921653393e-05,24,1,1,1,0,0
380,0,0.90954078926921,-5.0952732978869664,2.8253013900625707,4.1100940355310112,-2.1254062673074352,6.2794415356542306,1.45944565795,0.103728507551,5.4075442171999668e-06,0.0069315995798221791,0.00021065175950326536,30,1,1,1,1,0
381,0,-4.1804650477346863,1.0031679847686503,-1.5976576706091796,-6.2831853071795862,-4.6863581237055509,-4.0700459615990869,139.38430324,57.0380529984,1.0104518650765331,0.0075689999999999993,0.50545300253826653,60,0,0,0,1,3
382,0,-5.8963713260482136,6.2831853071795862,-2.2493086011002443,5.3602637384562568,-4.1478711360090665,5.3610235882764687,60.8148932693,4.76292450715,0.010608834446666467,0.0075689999999999993,0.0055314872233332337,60,0,0,0,1,3
383,0,0.96203863479622331,-4.0935161569889473,2.4514074060373714,-4.5397718732545513,2.7315553671131525,4.9019632813176406,3.83855176253,0.0535657812909,1.5608516241105894e-05,0,7.804258120552947e-06,14,1,1,1,0,0
384,0,4.6064787459371823,6.2831853071795862,-3.1249530096448961,5.8507224357514849,3.9304681739100085,2.8845040238177901,300.534341083,14.2703769258,0.1523542957055623,0.012519579704200864,0.076552735243907183,60,0,0,0,1,3
385,0,6.027483011793568,0.46560225462620397,-1.4939715702696756,-6.2593486985414541,1.7186334109671937,5.2083794133194683,6.91197055583,0.223907755733,6.304723476545959e-05,0.0039896140083324899,0.00015121203763270448,60,1,1,0,1,1
386,0,4.0638268018566208,-0.737945655008452,-0.13290664200162611,-5.2903210594422987,-2.0568360419644436,-3.2372853676615492,101.605463803,0.000717146964404,0.010323670431264356,0,0.0051618352156321779,60,0,0,0,0,3
387,0,5.0365732956825786,6.2765606265551597,-3.1415926535897931,-6.039443479658523,-1.2897939014790554,2.774733645417701,435.417801914,36.2622666137,0.59014594150260702,0.01402919196472543,0.29549384651024529,60,0,0,0,1,3
388,0,-0.66023517915249741,3.8834889309467617,-3.1415926535897931,6.2010679837509866,-2.0107865260310258,4.6184722591503942,248.172758039,49.2336273699,0.7999671320184133,0.007592840530500901,0.40021135122512169,60,0,0,0,1,3
389,0,0.82643266230636259,-6.2831853071795862,0.10731298580595672,2.9915024302740694,-4.5917387274380816,4.3002531963528297,191.214945432,17.2722790931,0.12744016522571894,0.0075689999999999993,0.063947152612859465,60,0,0,0,1,3
390,0,-5.3171408342282565,0.30919779111779044,3.0681054936871401,6.2831853071795862,3.0208271636403903,5.0007624390011856,212.035281262,37.1415130925,0.46517625257318274,0.0077515968474964683,0.23282067419201627,60,0,0,0,1,3
391,0,1.5831223325210042,1.1134344871410344,-2.9375396336362347,6.2235534056230186,2.5034629794232712,-1.8013686131656446,0.147219741666,0.00564324752093,3.1374572581557857e-08,0.00074901281240940599,2.2486071658572957e-05,46,1,1,1,1,0
392,0,-0.20233166557915638,0.36410010257850545,0.30439167011627366,1.7849129601636515,0.4262335740770456,-5.7952653225756432,103.957112977,0.0167955312953,0.010807167267982656,0,0.0054035836339913282,60,0,0,0,0,3
393,0,-3.6985774772633531,6.2831853071795862,-1.6074657794813056,-0.51575447961939491,1.1796393263736693,-4.2700724238330663,372.814116457,46.1289554888,0.78717984345856096,0.0075689999999999993,0.39381699172928047,60,0,0,0,1,3
394,0,-2.8214352271391387,1.8119186660216997,2.4978952871407181,-5.4081563872656728,2.3370073285770085,0.25077663439155229,0.0134852488257,0.312788816087,2.9802988669579985e-05,0,1.4901494334789992e-05,11,1,1,1,0,0
395,0,-0.33757068552123992,-0.039461470454623906,0.93766371932990955,6.2303020699284897,3.8429676048227948,-5.1895831110871091,4.93632944653,0.188673173896,3.5210987277249445e-05,0.0011639535004649649,5.2524098652573673e-05,38,1,1,1,1,0
396,0,-4.6651169820997742,0.49844443405703448,-2.8886687927281214,2.0305233881731333,5.6775388484794425,-6.0335458478186865,0.057250500729,0.892738183355,0.0002427777148073508,0,0.0001213888574036754,32,1,1,1,0,0
397,0,-6.2831853071795862,2.8203257684117689,0.10943614272319407,-3.2162441404103848,-4.7927478087722601,-6.2395582444308628,166.497927893,3.19411340557,0.030829376708089998,0.0094502116858031747,0.015698194704619094,60,0,0,0,1,3
398,0,-5.4680104374864502,1.7080413529845115,-2.5047892819444022,2.497113559396289,-2.2867516730406843,1.1207032244408621,3.78041020136,0.393197050738,6.1386548705723095e-05,0,3.0693274352861548e-05,15,1,1,1,0,0
399,0,-0.44947368888720601,-0.28457002187002628,2.6359765025023649,1.50799731922504,1.4878957052018207,-0.4789140898865763,0.0338532563451,0.876034536749,0.0002337756754406165,0,0.00011688783772030825,21,1,1,1,0,0
400,0,-4.4350018964089584,5.9566282222569189,-3.1415926535897931,2.9484475280781957,-2.0066600319964101,6.262512477997392,1030.99520685,22.8591688224,1.2221263902409789,0.011968293588694379,0.61142224392815026,60,0,0,0,1,3
401,0,-2.9226562728172745,1.2392850158666771,-3.0035469542824327,-1.0905821424384055,-5.3762335792907816,0.6103338437741509,0.281453889701,0.0334185659096,4.1941319320917056e-07,0,2.0970659660458528e-07,25,1,1,1,0,0
402,0,-3.0701779982803505,4.7833343170144085,-2.4240814194487519,2.698459893386191,1.9448845273418365,5.3792723652729819,0.61794529882,0.0816191900111,2.4111238750311386e-06,0,1.2055619375155693e-06,12,1,1,1,0,0
403,0,4.1301166615925098,-4.4217583562848413,0.97224045930134295,-4.893376336046618,-5.0752078186791252,-5.21646053585033,0.860346750017,0.624181066461,0.00011941975364969432,0,5.9709876824847159e-05,14,1,1,1,0,0
404,0,1.8811558898868808,3.9286733843920958,-3.0871753068618912,-1.2357648984397134,-0.85399210683713478,0.5792730343286806,1188.69545687,54.8181654433,2.3283817587704863,0.0010616292942497657,1.1642227282640707,60,0,0,0,1,3
405,0,-1.1840873542135881,-3.8008278011398544,2.8706254748793785,2.8194347259917576,-2.0936976420635203,2.5967396856590303,2.06502379085,0.345586111292,4.0644708690511012e-05,0,2.0322354345255506e-05,17,1,1,1,0,0
406,0,-0.065928047017818459,-1.2755416348696453,-2.8192933965171085,5.3681579964749178,5.2208366939288222,-4.6757783199229515,0.120985226889,0.0256119327964,2.1445764953900915e-07,0,1.0722882476950457e-07,12,1,1,1,0,0
407,0,0.5950497971950629,-5.5422904263348061,2.712933968062416,-1.0665995544537703,-0.24045209006410889,-2.5050729655642363,0.343800295534,0.888526368027,0.00024060728709557721,0,0.0001203036435477886,10,1,1,1,0,0
408,0,-0.9371713272151766,-5.9666706001131349,3.1415926535897931,-6.2831853071795862,-4.3984114732997552,-6.0615902433685331,932.18146318,13.9867443401,0.9285542867616714,0.015137999999999999,0.46473128338083569,60,0,0,0,1,3
409,0,-0.46795949770397943,0.28804189951900733,-1.610407943348289,0.62245964422801792,4.3886312317718792,1.5236100756729207,0.0254646570907,0.943262003014,0.00027103192823392497,0,0.00013551596411696249,29,1,1,1,0,0
410,0,0.78723377180094767,4.57419536258611,0.03071658877431116,-5.5754581649111064,0.47643041451596835,-3.5176971477165511,113.742472083,3.67083540594,0.01704207961091166,0,0.0085210398054558299,60,0,0,0,0,3
411,0,-0.13350313682780995,6.2493441233728362,0.52614991878061557,-1.0147787192332982,5.9091692033698706,-1.6902732695136671,13.068365174,0.158662614314,0.00017845055399328658,0.0028258597390677324,0.00017400106916867525,60,1,0,0,1,2
412,0,-6.242754287346834,6.2831853071795862,-3.120844401454701,-2.0368818325761366,-2.5250123225841192,1.5105312418302712,270.293391623,49.2429878593,0.81171672482504897,0.01412696400897284,0.40628217133279365,60,0,0,0,1,3
413,0,2.9290775519333034,2.8221118560113698,-2.5781838135243698,2.6641765619530133,4.5708920672492193,4.508617476565707,30.1767320639,2.66813515661,0.0030791898807232998,0,0.0015395949403616499,60,0,0,0,0,3
414,0,3.3310108244508272,5.8831764413586374,2.602489029540564,-6.2703163183320054,4.1312608966134601,-6.2831853071795862,86.445612089,49.1994622196,0.74482583534991798,0.013064406814480097,0.37280484987939339,60,0,0,0,1,3
415,0,1.4216705679632955,3.0922053001036955,1.5643485231952616,-2.814238606422288,-3.5394639507614833,-5.3888487438812769,0.0805920651784,0.375783362465,4.3022476058735214e-05,0,2.1511238029367607e-05,21,1,1,1,0,0
416,0,1.8767821085450194,-0.99831997703078745,-2.4635592353672591,2.6580632141470488,1.9008633875466563,2.2602519892821458,0.31341907816,0.0312845717152,3.9636802831218796e-07,0,1.9818401415609398e-07,19,1,1,1,0,0
417,0,0.30032203305702532,1.2039970535493754,-1.9394635849796309,-5.3697140533353904,4.5470969358494866,6.2831853071795862,71.7922837421,36.7576401089,0.41673007109995414,0.0075689999999999993,0.20859210554997706,60,0,0,0,1,3
418,0,-3.6009636906706839,-3.4438516099376311,-2.8878599497716473,0.74471933092449738,-1.7822594158738514,-1.556127997559051,0.173661863777,0.637691336746,0.00012390290559991101,0,6.1951452799955507e-05,27,1,1,1,0,0
419,0,5.3523167048991782,-5.5598669152769951,2.1333192326461994,3.1989882778888874,1.7489796435292855,3.3720447934395343,0.0792268318548,0.53612497608,8.7562458806808395e-05,0,4.3781229403404198e-05,18,1,1,1,0,0
420,0,-6.0047661578207414,-6.1456512903849596,2.4471212500106421,-2.150719400236484,4.8788946438978078,-5.4871360592947784,2.23597706633,0.307372527966,3.3779198716311597e-05,0,1.6889599358155799e-05,47,1,1,1,0,0
421,0,5.0693530515511727,-3.3153080362241343,-2.7447537627251437,-1.9149621981574285,1.2702514195333088,6.1883033223716515,0.773711672216,0.0462753806361,1.2509408004717655e-06,0,6.2547040023588276e-07,58,1,1,1,0,0
422,0,-2.4764407886557631,-1.8053745840064013,-0.93106177532287704,-4.6513879517958898,0.64130292415916812,-4.8553251716562587,0.00265362774324,0.707248418117,0.00015236973939825561,0,7.6184869699127806e-05,23,1,1,1,0,0
423,0,1.7903398268443205,0.55937596787135413,3.074700994710537,5.6604171357311337,4.0716560077168156,-4.3671986319567289,307.184361424,2.35780789801,0.096055678756805152,0.00040434538262820074,0.048039969739881422,60,0,0,0,1,3
424,0,-1.4597222242670618,5.9002345514305903,-2.955871099374987,-3.0919672414532489,2.2183463835513844,0.33521679186442449,118.835273765,16.2837579733,0.094894413013894743,0,0.047447206506947372,60,0,0,0,0,3
425,0,6.231428918746353,-3.8944628951448328,-0.31816314089344383,-0.51273001146349795,4.3952798443911822,1.066385712707852,57.4581053251,0.0117425046135,0.0033014758701503315,0.0012421121562691333,0.0016880012997632398,60,0,0,0,1,3
426,0,-3.9736631635559703,1.109243053573304,0.68227685424196083,2.3079742261386107,-4.7789878396634462,1.7724637970284092,4.63214873257,0.396606264827,6.9372064777541484e-05,0,3.4686032388770742e-05,22,1,1,1,0,0
427,0,5.2030735962221595,-2.423034446980878,-0.16570310886046746,-5.735594569017973,5.6266957763636727,-4.8955529461282916,79.4548082071,0.000383435012012,0.0063130665920195471,0,0.0031565332960097735,60,0,0,0,0,3
428,0,-0.90404328474104401,5.963176296638423,-3.1415926535897931,4.8494094945695236,-2.4636719574747339,-4.2198977356773417,813.727255894,1.12132784493,0.66253506565928477,0.0075689999999999993,0.33149460282964238,60,0,0,0,1,3
429,0,0.99158407905021284,-4.1702532857417891,3.0677653674983167,5.626754836121556,0.88823290656497556,-4.5542013240798145,4.62386989844,0.233450893327,3.798161495289396e-05,0.00017352039171581162,2.4196419227921329e-05,18,1,1,1,1,0
430,0,3.7895832295413436,3.1389740622179723,-1.3426184506270997,1.1944344026288753,3.7791375163391692,-6.2831853071795862,1.72210413623,0.953286401781,0.00027978823495315919,0.0075689999999999993,0.00036696411747657958,26,1,1,1,1,0
431,0,2.5228242441273219,6.2831853071795862,-3.0628538116724959,0.7994509236058166,3.1085458823392038,-4.51230629226042,287.701426765,17.4345637979,0.17536484486560919,0.0076372467328674051,0.087911539834790622,60,0,0,0,1,3
432,0,-6.1673410642012358,3.1718659258106885,-2.8702941238666315,0.7576048475803111,4.0906592987312438,6.2831853071795862,49.270948822,34.6361126917,0.36786505233276401,0.0075689999999999993,0.184159596166382,60,0,0,0,1,3
433,0,-3.2492272285654566,0.257680622806024,-0.59403806455916919,1.4382044444492135,4.7474083253297206,-1.0819373180362575,0.99810545491,0.663556271752,0.00013512137414482345,0,6.7560687072411725e-05,36,1,1,1,0,0
434,0,-1.2468336229766841,-2.5941194171318793,-1.8433295573202693,5.8804262748279967,5.9299938513390282,-2.830847272421825,0.221583330854,0.00583391383436,5.9466689507676055e-08,0,2.9733344753838028e-08,26,1,1,1,0,0
435,0,1.8563534607918439,-3.7174083365655206,1.6084537831743932,-2.28858269671026,-6.2831853071795862,-5.8464893976364793,31.0456719587,9.36722478264,0.02769245882393398,0.0075689999999999993,0.014073299411966989,60,0,0,0,1,3
436,0,-2.7426849670965177,-4.3851964093016367,0.84449771829446341,-4.4292177601540246,2.0482537284773272,-5.6499556238093431,0.0303309145964,0.270414134199,2.2275704456035666e-05,0,1.1137852228017833e-05,15,1,1,1,0,0
437,0,0.21301638620838215,0.14425287774986667,2.8730348153350329,5.8892285064038479,5.1603044627436985,0.95364409628795066,140.430893165,12.324846935,0.065992785963849429,0,0.032996392981924715,60,0,0,0,0,3
438,0,-1.8634940033616334,-3.3871088885551353,-2.1022469302768014,1.64001741683097,4.0424569075981713,-2.3151324522888066,1.01333815797,0.027570932438,1.2584110778589081e-06,0,6.2920553892945404e-07,9,1,1,1,0,0
439,0,-3.1120282266901889,-2.1555128201532194,-1.6880232923950469,-4.7276579688883444,-4.7965611344229133,6.2831853071795862,7.60110357292,21.4076066103,0.13965956010320979,0.0075689999999999993,0.070056850051604891,60,0,0,0,1,3
440,0,1.3938253517462664,4.2087944424651518,-3.1415926535897931,-3.3849467346939353,4.5056734123896502,-0.32383636971869184,653.195554772,16.0686988706,0.50531758981913022,0.0075689999999999993,0.25288586490956511,60,0,0,0,1,3
441,0,0.069235603865254569,-5.9159954467228548,-2.0784772709001338,-3.0343078936330716,3.6417753272157722,3.04895622358173,0.0097001454001,0.400338865743,4.8821495764643387e-05,0,2.4410747882321694e-05,18,1,1,1,0,0
442,0,6.1177391612110119,0.059403272076850144,-0.25788425380040503,1.7158752078498387,4.0095250501789774,-5.0927060165985258,120.77799038,0.0108266556573,0.014587358666483747,0,0.0072936793332418733,60,0,0,0,0,3
443,0,5.8687762111273223,-5.1345149618437453,2.9813861611705001,-6.1648078512472466,3.0228869602903434,-4.3049276513630241,349.315605496,56.4858347678,1.0939488193363667,0,0.54697440966818334,60,0,0,0,0,3
444,0,0.73256004253864371,-0.51053359560727507,-2.3423314102612047,-1.3370802231125671,4.7573229831530339,3.1627750085467525,0.0252078822391,0.990517036739,0.00029886809682962368,0,0.00014943404841481184,13,1,1,1,0,0
445,0,0.83941988276923596,-6.2831853071795862,-1.1280809984685838,6.2831853071795862,2.8624049332427086,-6.2831853071795862,715.510037442,7.72597884107,0.5301374556422046,0.022706999999999998,0.26574993782110229,60,0,0,0,1,3
446,0,-3.1928961234264173,1.2524709298897063,-2.668989146410341,-3.2951556335916199,-2.4425196911988722,4.3295806724818346,0.875666880865,0.062842362444,1.9697761826561934e-06,0,9.8488809132809671e-07,13,1,1,1,0,0
447,0,0.10614709941375237,-0.99236163296937663,-2.1508543378707681,-1.8076727930977234,-0.84633432560692723,1.1823696689318639,1.57388841159,0.618007718179,0.0001188207341341806,0,5.9410367067090301e-05,36,1,1,1,0,0
448,0,0.87104927773129248,-1.3763555430270604,3.1200204763565096,-1.3636651209811412,4.4180131394616327,-5.781844058251127,103.03972729,1.36687508129,0.011186316591037568,0.0042807999919928612,0.0057215822952785701,60,0,0,0,1,3
449,0,-3.5583984774964246,6.2388504827501334,-0.65119303416475505,-4.6226884392026841,-1.4099541274351008,-6.2831853071795862,7.92677637807,0.433114608942,0.00011997643685574183,0.0093893172064656166,0.00034166773462183941,60,1,1,0,1,1
450,0,-0.18308294993445812,-2.4500183407048706,0.2082244129278697,-6.2106814012116285,-1.1706614745877948,4.867836184789752,36.1677197179,0.010040442126,0.0013081346582193365,0.00021013674218581078,0.00066037143137524258,60,0,0,0,1,3
451,0,-4.8718474708666717,-4.167922947540033,2.9323319375653178,-0.93517068173557749,-6.2652107069785776,-0.5151102425367724,529.697859324,33.8573934489,0.62976980444092812,0.0047645058174106006,0.31502783739498635,60,0,0,0,1,3
452,0,5.7851840393300424,1.0968811499606699,-2.7523056976232074,3.804022740502325,3.6785511421794479,-3.6668134180566017,0.515398402123,0.259573543797,2.0790277375764209e-05,0,1.0395138687882104e-05,25,1,1,1,0,0
453,0,2.7324558204145775,-2.3977679500486664,-0.51600076844735487,-4.8588701826637326,1.4476207593384562,1.6809641543736216,0.598173480602,0.0638053349093,1.5979458153268192e-06,0,7.9897290766340962e-07,26,1,1,1,0,0
454,0,2.3231210565431253,-1.9853803073037235,1.8461155869148871,6.2831853071795862,-2.2476683087728806,4.7697668551039163,23.3382335217,6.75336942514,0.01443766399677698,0.0075689999999999993,0.0074459019983884904,60,1,0,0,1,2
455,0,-5.9602842911072642,-1.2986982667318678,-1.364688374099988,3.8990487420302107,5.0530220046415977,-5.2232326151446591,1.36553281841,0.191732942499,1.3062879625487676e-05,0,6.5314398127438379e-06,27,1,1,1,0,0
456,0,2.7140263530044928,3.2050016953092904,1.774149180846339,6.2399029148398366,1.224649288061155,-3.6200875749172239,4.9428131612,0.14511158673,3.0845844456446122e-05,0.0019112292195355822,7.2759798814290525e-05,24,1,1,1,1,0
457,0,3.6252405813131436,3.1378469980436985,-1.0746992216995976,-3.9831173381920495,1.6778725781254493,-4.5224998741295446,0.606310968014,0.352052233893,3.8122132195242666e-05,0,1.9061066097621333e-05,20,1,1,1,0,0
458,0,6.2831853071795862,-0.61148322953446621,-2.6356791629802001,-1.3146259441078052,-6.1974360649261175,-1.7326691719034173,529.717325537,57.1833790398,1.2766807767907657,0.0075705643949405075,0.63856750532723106,60,0,0,0,1,3
459,0,-3.5833118757736302,-5.7577813627883598,-1.3299660716495747,-1.3747936353759735,-4.6152110484645599,2.7728478503461238,0.180867142019,0.421559648021,5.4167047358983473e-05,0,2.7083523679491737e-05,20,1,1,1,0,0
460,0,4.9019879565090561,-0.63764711092558235,1.0135238559355548,-3.7753723216982946,0.33351550163745769,-5.3182625681628615,0.562322698011,0.345474357172,3.6673066996092735e-05,0,1.8336533498046367e-05,8,1,1,1,0,0
461,0,2.9371080283121946,0.62890698046245719,-1.5099598600837569,5.5780572936219075,4.2149440323197203,3.9123564880361532,0.0159326037711,0.711875045223,0.00015437002957634067,0,7.7185014788170336e-05,15,1,1,1,0,0
462,0,-3.0072844089828217,2.6382534628254564,-2.8028008158141233,6.264697613069079,-3.216256320168978,-3.2958265250246193,210.93069199,30.2344479042,0.32294919311738574,0.0046939360582954268,0.16161541464044174,60,0,0,0,1,3
463,0,4.1011514427598508,3.8707534466560158,-2.09719867090319,-2.6959628931328523,1.5742126551587412,-5.5326178292958437,0.134238567962,0.363145768183,4.0189396214874431e-05,0,2.0094698107437216e-05,13,1,1,1,0,0
464,0,2.8132370553105241,5.6307345300084188,-3.1199363643020344,3.9131282970083086,4.3500702316982105,-0.99201458587341684,1325.90286331,56.3188929561,2.7242093278897181,0.0042698005296450707,1.3622327579607485,60,0,0,0,1,3
465,0,0.0013884047514005071,0.94710654867504318,2.7156191804347425,5.9011081735495825,6.0360406877570201,-4.4462828969256938,0.687292014456,0.233248990333,1.7045108906514886e-05,0,8.5225544532574432e-06,56,1,1,1,0,0
466,0,3.4953364604583474,1.5300732330256315,-1.9206204335867407,-6.2371645998730179,4.5868980011278628,2.7989890850828867,4.77317467279,0.0577498022103,2.3799107631625818e-05,0.001679302429653938,6.2278626705431042e-05,29,1,1,1,1,0
467,0,-0.072790775150650494,3.361911828350689,-0.72349394216361473,0.069853904200205166,-1.6069645070863532,1.4723670487609271,0.0177068721085,0.68645089076,0.00014354055781969145,0,7.1770278909845725e-05,13,1,1,1,0,0
468,0,-0.62004763337766189,1.7027250604821778,1.6818984777251571,-3.457467496369798,-5.4150942962563793,-1.9285957725961327,2.11292788682,0.271601355365,2.6935267698959725e-05,0,1.3467633849479863e-05,14,1,1,1,0,0
469,0,2.646086662445668,-3.8621669298555172,0.36066402887684562,0.079338832208758162,5.0056164835752259,5.869745789944715,0.0325670666714,0.362732129791,4.0080975160800887e-05,0,2.0040487580400443e-05,17,1,1,1,0,0
470,0,3.449898343749517,-3.5449365300781186,0.33814365365592425,2.3203305042181381,0.87982247222045551,1.0016213303843444,276.175492908,8.12404137346,0.096377667282971508,0,0.048188833641485754,60,0,0,0,0,3
471,0,0.13869156984878908,-0.66434094183662507,2.796823872869175,-1.1942406800077028,4.5320413758476734,-4.2279522568331096,0.618288752334,0.545260697501,9.0947850966217354e-05,0,4.5473925483108677e-05,9,1,1,1,0,0
472,0,4.2860281787897891,-2.2070794892708547,-2.9820592797494498,0.85177122046851084,4.2092690975237463,3.9321026188480888,2.88994655465,0.00192345148229,8.3529180713137301e-06,0,4.1764590356568651e-06,18,1,1,1,0,0
473,0,-4.9643172036560266,6.2831853071795862,-1.4364259844561809,-4.9344983339926767,-5.2770363645151885,-0.42395076200831161,397.740313067,30.0525992672,0.4333152364088016,0.0075689999999999993,0.21688468820440079,60,0,0,0,1,3
474,0,3.2106155082879302,4.82746360465966,-1.1072153646672316,0.7793170898899181,1.787151486334476,0.55080332706857427,0.0355633290886,0.597522318973,0.00010875971212855309,0,5.4379856064276543e-05,18,1,1,1,0,0
475,0,2.2908137806259337,1.7850055304874306,1.3183531174442185,-1.6130636920220991,-6.2460886561907119,-1.2786882289792112,104.844066051,57.2915805905,1.0108457135069335,0.0024903442425262116,0.50549756708074256,60,0,0,0,1,3
476,0,-3.0331764700288697,-0.27989091748392436,-3.1415926535897931,-5.4162328613004718,-5.4502932937796986,6.2831853071795862,344.121834646,28.4129164118,0.36433559724039566,0.015137999999999999,0.18262193862019782,60,0,0,0,1,3
477,0,5.9331853071795866,-5.769301960237744,2.3865771919703453,-5.9078693930642059,-4.8195524918959336,5.7993741323439458,81.6947139247,5.63133030818,0.016334017662171223,0,0.0081670088310856117,60,0,0,0,0,3
478,0,5.4277255590581195,0.7374445134962434,-2.6403373352432249,2.0552809413570436,3.6054494570709981,0.0152324610678004,0.329870790199,0.493337734632,7.4247248280220529e-05,0,3.7123624140110265e-05,36,1,1,1,0,0
479,0,2.6253993956594566,3.0484776487631988,2.7557348088904625,0.46773228307430909,-3.4554745093799251,-6.2457930727213657,3.73573271128,0.734709366459,0.00017838752812678618,0.0024609304020481665,0.00016302167612483809,20,1,1,1,1,0
480,0,-6.2831853071795862,2.6699192240463105,1.2211491849856608,-0.73046498857764264,-5.4862162422159839,4.4440811123630297,234.352880354,0.882746967735,0.055158643281233523,0.0075689999999999993,0.027806391640616761,60,0,0,0,1,3
481,0,-1.5239547351974734,-0.29238119088374281,3.1277185393311577,0.49437794216801778,0.92132569476767812,0.2744875457432725,42.49387001,0.464365667969,0.0018714153100056112,0.0053473951654591121,0.0010961295099665789,60,0,0,0,1,3
482,0,-1.775487070590946,-4.8808710481344448,0.26102030735066356,-4.0266713966771404,-4.4395474982712209,6.2831853071795862,264.531519301,7.61752317761,0.087652855957161352,0.0075689999999999993,0.044053497978580679,60,0,0,0,1,3
483,0,1.5145987826780971,1.1565937536918633,2.9625765987681665,-2.567521086741845,4.6799507251303476,6.2721410078480302,2.82622173364,0.0229219591661,8.1475802185161926e-06,0.0057692684640342573,0.00017715184403028581,36,1,1,1,1,0
484,0,-6.2831853071795862,5.7536823191009727,2.7898506219820356,-1.8040454169307816,-6.2831853071795862,1.985769904102507,1427.43161989,0.00664088433364,2.0375610429025,0.015137999999999999,1.01923466145125,60,0,0,0,1,3
485,0,4.9306383551613111,-0.83153573699889449,2.8062502567937533,-0.54153656252359617,-6.2831853071795862,-2.6709493463468195,456.974130243,3.53167027896,0.21262475586719351,0.0075689999999999993,0.10653944793359675,60,0,0,0,1,3
486,0,3.4323264849331139,-4.1249220386466687,-0.031339760325710786,-0.68509209006435201,-1.2101403782795239,-1.374786645841092,51.5358426556,0.00752377162528,0.002655960321748274,0,0.001327980160874137,60,0,0,0,0,3
487,0,6.2829402188396068,-2.8022639351101035,-1.7232999382186047,-5.0857351516736058,-1.89834671397875,0.4241193048645529,7.39037816071,0.00695306802772,5.463241613469385e-05,0.0075264146971379805,0.00025310864898148632,60,1,1,0,1,1
488,0,0.046696650909477437,1.2433057225851862,-1.402655700552385,1.7609136811115313,-1.5104502565289808,6.2831853071795862,8.72639528169,1.89576153249,0.0011709181104370917,0.0075689999999999993,0.00081252905521854587,60,1,1,0,1,1
489,0,-6.2831853071795862,4.6299074928141071,2.8292235363211766,-1.117125623874202,-6.2831853071795862,6.1621628212862483,638.840808979,0.630295600382,0.4082385953547063,0.015137999999999999,0.20457343767735314,60,0,0,0,1,3
490,0,-6.0490103562560043,1.3848939456846681,2.9390950175433073,-4.8205102625456062,0.42687927032430112,-3.037311513462257,160.340763363,16.9156601333,0.11287225417472303,0,0.056436127087361516,60,0,0,0,0,3
491,0,3.8567592839232319,3.9193658222452905,-2.5484662066757937,-3.5848191915542933,-3.5997391526367561,-0.39101172468298162,0.24671433905,0.421954855334,5.4296750608330689e-05,0,2.7148375304165344e-05,12,1,1,1,0,0
492,0,-5.6708894367448002,-3.3604915352345848,1.4386542611181712,-5.9653071184628175,2.0406499113455796,-4.258176834276675,2.6368470164,0.00951329909556,6.9805309355148906e-06,0,3.4902654677574453e-06,13,1,1,1,0,0
493,0,-0.060013081365895338,4.8788103903037872,-1.6077972674655661,-4.21805280771959,6.2831853071795862,4.7346205739306546,114.048879219,2.53837094854,0.014969896518785372,0.0075689999999999993,0.0077120182593926863,60,0,0,0,1,3
494,0,-2.24594430561404,-6.2450058099840593,0.9033281886018063,-2.6750759079984712,1.6606395358622172,5.922827333657529,6.15218859004,0.0191786943813,3.796146953291164e-05,0.0023834414940815617,9.0483979588902664e-05,60,1,1,0,1,1
495,0,-3.8469796716638016,-3.0849177903614629,-2.5379819423966232,-5.2920819043514742,4.5452350811403335,-6.2831853071795862,20.2725246552,3.56239714469,0.0042767754473843388,0.0075689999999999993,0.0023654577236921692,60,1,0,0,1,2
496,0,1.0995142480603999,-5.3656719043956755,2.7093769476492957,4.2088448558704732,3.7111075582594952,0.60595888444284185,0.0758206080414,0.40173887622,4.9169210589370625e-05,0,2.4584605294685312e-05,12,1,1,1,0,0
497,0,-1.849130438749597,-5.6435136933848593,0.63450185761958822,-3.1026443615757149,-1.6370391194638241,1.6938378998796759,0.295903966107,0.395789479219,4.7805668347527028e-05,0,2.3902834173763514e-05,10,1,1,1,0,0
498,0,-0.22266988661807832,-2.9264992130921508,-2.2645590676033254,5.551881710980938,-3.4881666647190928,-2.0865933855211987,0.0119295128713,0.774991421043,0.00018295692948025924,0,9.147846474012962e-05,30,1,1,1,0,0
499,0,0.82790040676048282,2.7628608241864181,1.2078813867302163,3.2690683999554562,-1.6937127557905649,6.2831853071795862,4.07209246447,0.949678862819,0.00029131332425061271,0.0075689999999999993,0.00037272666212530633,48,1,1,1,1,0
