target_id,best_seed_id,q0,q1,q2,q3,q4,q5,pos_err_mm,rot_err_deg,pose_cost,limit_score,total_loss,iters,success_loose,success_medium,success_strict,near_limit,success_rank
0,5,-2.0148196769879552,3.5500880464870757,-0.88741273445762325,-1.2323482626365898,4.5508006830394914,-2.9931221438212465,0.201382835563,0.00996063552307,7.0777438353935059e-08,0,3.538871917696753e-08,25,1,1,1,0,0
1,7,1.4728489359994896,-3.2245939052377288,2.6428723024400806,1.9377640732763859,-1.6707387875275503,-0.16192924793220428,0.114333466203,0.00335761106797,1.6506261841693741e-08,0,8.2531309208468704e-09,11,1,1,1,0,0
2,8,0.031750020058658492,4.2482355743240845,-1.2887667468608475,4.9784271682664842,-0.95178160555173819,2.0203215763203244,0.0280416014446,0.648452868826,0.00012808970728974266,0,6.4044853644871328e-05,57,1,1,1,0,0
3,11,-5.4938758325546315,0.84376291247758561,-0.17719541845110343,2.7875645864662695,2.4357166178654026,2.4874714386256653,0.31615453828,0.0334177411025,4.4013380059378257e-07,0,2.2006690029689128e-07,18,1,1,1,0,0
4,13,2.3613866537423749,4.2720449334395534,-0.7903935788780555,0.30439113261852857,0.68207888328004984,-3.0200381564476699,0.297458249547,0.107567300245,3.6131255251700943e-06,0,1.8065627625850472e-06,17,1,1,1,0,0
5,13,-3.988206705051518,-4.3759042967237303,-2.1915018077099253,0.14448018856341072,6.1683712217367601,-0.79222728135233167,0.0665641893283,0.0336855326133,3.5008477952186827e-07,0,1.7504238976093413e-07,42,1,1,1,0,0
6,3,1.7641356573372702,-6.1660787122847189,-1.9599474058021793,3.0336092471707508,5.6458507829224764,-0.59512281824352298,0.38411480423,0.0337578995933,4.9468491044118685e-07,0,2.4734245522059343e-07,37,1,1,1,0,0
7,4,-2.2355448944024134,0.60535304497479037,-1.7826004656343235,4.6401282110375748,-4.7260474038153726,1.2593724889013693,0.0202743143245,0.00166190020613,1.2523744183511653e-09,0,6.2618720917558265e-10,8,1,1,1,0,0
8,9,0.68845215678839045,4.3460765026511732,-1.0900465072713101,-5.5280378861437738,1.9215868310880619,-2.7044907784629837,0.0531252411622,0.00116976835767,3.2391169350787811e-09,0,1.6195584675393905e-09,12,1,1,1,0,0
9,8,0.82208005970666487,-2.2817437267025,-1.4500650055676245,-4.0383918575582207,1.5168531034785691,-2.5390767860626409,0.0304376032738,0.0117075320639,4.26792324796927e-08,0,2.133961623984635e-08,14,1,1,1,0,0
10,12,-2.8619469513840916,-3.5645287813980437,2.8243266349553791,-3.6876738120225712,-1.4160147288667768,-1.3796081229262875,1.79377172386,0.0143677731576,3.280500056346854e-06,0,1.640250028173427e-06,18,1,1,1,0,0
11,6,5.9781831347916272,3.3017176768741456,1.4800196720894936,0.20863300587695213,0.56652406482902451,-0.66594050572116215,0.315672026171,0.0211024163505,2.3529861318402629e-07,0,1.1764930659201315e-07,31,1,1,1,0,0
12,1,-0.14749017637929437,1.6779327408980067,0.59553068130501996,3.1314107904192983,-4.6838888823154656,-1.100610647940697,0.0227225462413,0.400303628052,4.8813323877768187e-05,0,2.4406661938884093e-05,13,1,1,1,0,0
13,1,-5.1535249762946282,0.51841892910490694,0.96412280428629504,5.3586654794123669,3.2022655105821758,0.63712834238795202,0.741909710159,0.29512831664,2.708282760596477e-05,0,1.3541413802982385e-05,43,1,1,1,0,0
14,7,2.5993643964906705,2.864944236321763,-0.40856420964061202,-0.77497124875867496,4.7784579822595941,5.0492510659269509,2.48704508416,0.201490852776,1.8552422987883395e-05,0,9.2762114939416977e-06,35,1,1,1,0,0
15,8,-3.5206237733774435,4.6432652879272194,-2.2015669521826027,-1.1545237017122054,-1.8481673085625159,4.6143199239392558,0.0222513300115,0.0012377611444,9.618116126764731e-10,0,4.8090580633823655e-10,13,1,1,1,0,0
16,6,-1.5804106247389549,4.0471273678867759,-2.4674132953540653,-1.6495482266136805,2.2899175846848809,0.70523480672498384,0.137958488543,0.000501595166753,1.9109185606754498e-08,0,9.5545928033772488e-09,40,1,1,1,0,0
17,6,-1.2753747044932258,-4.360042109248691,1.3918982816536358,-1.5836055554951509,4.8211098197612756,2.7489130923570722,1.07309603475,0.0826626121866,3.2330186614202241e-06,0,1.616509330710112e-06,15,1,1,1,0,0
18,5,3.2615437052581893,1.4321304372483625,1.6180872499441039,2.337787037456756,1.6672312629907744,-4.3074346310020042,0.0250517275304,0.00927376925324,2.682553891366262e-08,0,1.341276945683131e-08,27,1,1,1,0,0
19,7,4.016308326305718,-0.74303077622998814,0.67912167842924864,3.161812520792818,0.45346538079244014,-4.2474103473188558,0.949730854649,0.0558145941568,1.850953876895098e-06,0,9.2547693844754898e-07,10,1,1,1,0,0
20,7,-0.34512331715224709,0.72160604767981329,-0.32922936301149919,3.7073012815683009,1.9406331511212984,3.9202978505159756,29.2924764526,0.000696771716187,0.00085804932461259499,0,0.0004290246623062975,60,1,0,0,0,2
21,6,1.1905915816693913,5.2328381771342301,-0.33219691389629147,3.4059029365220543,-1.1295800237842446,-0.47830329687971518,0.839605707251,0.0848420425584,2.8976263819725606e-06,0,1.4488131909862803e-06,8,1,1,1,0,0
22,3,1.6471034282794892,1.1482066157555508,2.0282626943710853,-0.16756538096426524,4.2430028179621058,-5.5664791469458477,0.254831116387,0.000432260492791,6.4995815380237602e-08,0,3.2497907690118801e-08,39,1,1,1,0,0
23,12,0.027353322853188613,-1.1368551700795173,-2.8149195357514691,-0.55637159866495201,-1.4588621561996316,1.9489204252196393,0.612287024876,0.000289730003866,3.749209714760943e-07,0,1.8746048573804715e-07,25,1,1,1,0,0
24,4,1.8137211063988692,-0.1984553321741494,2.127601784545293,-3.1742126343912345,-4.3443464767771056,-3.1321347821678613,0.0640654501564,0.046580984976,6.6505965309192474e-07,0,3.3252982654596237e-07,21,1,1,1,0,0
25,4,5.1361057695992214,-5.300142731245149,0.26182287835413659,-0.37270439601884087,4.6346303145619148,-3.9018237051115161,88.4856014593,0.000981075566367,0.0078297019588188105,0,0.0039148509794094052,60,0,0,0,0,3
26,0,3.7443453664024458,4.4615256055211256,-2.6208642576054575,2.7449521530987862,-4.7088776868772042,0.657501546257514,0.18457693189,0.0561981012809,9.9611947799664216e-07,0,4.9805973899832108e-07,16,1,1,1,0,0
27,3,-1.7246815139268168,1.462261195939037,0.7243277231774331,-2.0289165957006929,4.9119646530908989,3.5374400180879135,0.0313812563677,0.804284153828,0.00019704976900311623,0,9.8524884501558117e-05,17,1,1,1,0,0
28,12,-2.4530020831825432,1.2527625703078589,-0.14319315895779017,2.4955118824821385,-5.9263294672405271,0.76065962434312429,1.84142393432,0.0054752259434,3.3999739571033138e-06,0,1.6999869785516569e-06,18,1,1,1,0,0
29,3,-0.0054696737673235003,1.2475494745232221,2.3303710659276686,2.5013566928687681,-4.5737398908031137,-0.46189323367543483,0.010967324097,0.125151251022,4.7712928591069116e-06,0,2.3856464295534558e-06,16,1,1,1,0,0
30,15,-3.7471490288544049,-0.96850205082169982,0.8185667329259485,4.6638961644598611,-4.5893213348821185,-4.4319686115337138,0.986797690445,0.0642198852921,2.2300709153889775e-06,0,1.1150354576944888e-06,15,1,1,1,0,0
31,10,2.0407183864338605,2.5764567886616794,-1.1456594987671347,-0.60995403154973871,-1.5778166025664839,0.1885754100120797,0.168391690565,0.0356262848633,4.1498599114982462e-07,0,2.0749299557491231e-07,41,1,1,1,0,0
32,0,-2.9633186184170959,0.0016654590925408268,2.134915519422818,-4.6277704195910454,-4.0918927374056651,1.8116432755017848,0.215000201491,0.0754945303566,1.7823689544483313e-06,0,8.9118447722416563e-07,14,1,1,1,0,0
33,11,-0.99945112170565931,2.9203078740354491,0.85351753122799445,4.3218063623686032,4.6604932690377563,2.6951562014551578,0.114086808978,0.00681750147042,2.7173907816096133e-08,0,1.3586953908048067e-08,18,1,1,1,0,0
34,5,5.0639301580253058,-4.7063555549941603,2.0799214168000071,2.3650583059602672,1.7234107615562493,-1.1455955618117899,0.0174970087773,0.0406253016308,5.0305134458466121e-07,0,2.515256722923306e-07,10,1,1,1,0,0
35,8,4.2044635772046197,2.38870946123135,1.6093237599371724,5.3750280163068327,-0.49628470180684836,-3.3738306976951637,0.0364855108615,0.000310261397075,1.3605156258630236e-09,0,6.8025781293151181e-10,17,1,1,1,0,0
36,10,-5.7867961055503523,-1.8668011865559375,2.2616788370680094,-0.20085432477730869,-1.1158603660114939,0.5806050658663493,0.0222166600726,0.0514586436628,8.0711807296050528e-07,0,4.0355903648025264e-07,11,1,1,1,0,0
37,12,-2.9416689505708469,4.3270907685818152,-2.7783433178874408,-0.015148789959538216,3.4950788210890678,-2.4442725587804555,0.262040093848,0.0569075183774,1.0551580605058512e-06,0,5.2757903025292562e-07,12,1,1,1,0,0
38,3,5.6568125593844627,3.5074465906841548,0.54370054081339392,-2.3582262026463723,4.60567877044297,2.1382168118559917,1.08964416185,0.0480225183428,1.8898215991295012e-06,0,9.4491079956475058e-07,36,1,1,1,0,0
39,2,-1.5393297822319298,-5.3626909360545412,1.8368888046826914,-0.93506755112828732,4.7986511689194353,3.3479089036813208,0.701855475062,0.00906455392073,5.1763034475878756e-07,0,2.5881517237939378e-07,11,1,1,1,0,0
40,12,-2.9872159085656658,-0.73865229127809662,0.28011554934744037,4.6073966281818519,3.125047999915425,1.3336517092482771,32.9343910259,0.000336896797007,0.0010846741468190594,0,0.0005423370734095297,60,0,0,0,0,3
41,4,2.7950914979587083,-0.29376359902082699,-0.79037118179399446,3.9490752081982583,5.1463337551367099,-2.4280765146681862,0.0532008507504,0.379285842288,4.3824407000551668e-05,0,2.1912203500275834e-05,40,1,1,1,0,0
42,8,0.89033119001806305,-3.9629341196885641,2.2832990759698375,2.8652719575314656,4.2791290296472964,-0.059931113017753786,0.0163152957948,0.00199275542971,1.4758472542606874e-09,0,7.3792362713034369e-10,11,1,1,1,0,0
43,5,-5.5319890944943131,2.1805032945848786,1.55864941571662,3.645238456183522,6.0296453924509388,1.7560088617732945,0.0385242945416,0.000409073638338,1.5350963271639397e-09,0,7.6754816358196986e-10,24,1,1,1,0,0
44,5,-3.7607026615036463,-4.2855312692962668,0.56689856024188456,5.275410095398998,4.3589261785805347,-1.0809203088838046,0.694260106012,0.00513884066128,4.9004133516196264e-07,0,2.4502066758098132e-07,48,1,1,1,0,0
45,8,4.7915111265765686,-1.9251847402400861,-1.1855233331252251,-1.4180482905314709,-0.7686178693910487,-2.5520271922951476,0.0644450466256,0.00311525037654,7.1094105729968332e-09,0,3.5547052864984166e-09,9,1,1,1,0,0
46,14,-2.7899639020188887,-4.2779080017371012,-0.74321695339603289,-6.0931697286396158,4.5405490737333301,-2.5750871969659674,0.822550488306,0.158162459241,8.2967047942167319e-06,0,4.148352397108366e-06,29,1,1,1,0,0
47,8,2.8705822276616018,4.2364266103785981,-0.60353090957916233,-5.5837449352313833,1.0110650220972139,-4.1989622898060786,0.683818989662,0.0536836363382,1.3454953473519966e-06,0,6.7274767367599832e-07,17,1,1,1,0,0
48,2,4.9645600274637536,6.1794308315014224,2.7451613864307269,-4.5111204090596138,1.1240747166716174,-0.7338874987621048,0.413791972242,0.0942448019386,2.8768609083964711e-06,0,1.4384304541982356e-06,19,1,1,1,0,0
49,4,-0.87068120834473295,-2.1559262043390204,0.59433644510535222,-5.561017839533859,1.4237662865365763,-0.23782341622342051,0.180338812623,0.0148036036333,9.9277983716499587e-08,0,4.9638991858249793e-08,16,1,1,1,0,0
50,3,-4.7432891654792835,-2.804459449554014,1.9249586619647447,-3.8503863929954667,4.7647740219974404,0.12757194365069366,3.17698993195,0.138577558968,1.594305871093221e-05,0,7.971529355466105e-06,36,1,1,1,0,0
51,6,0.35305155248271386,-3.792850965858785,2.031302253890384,-2.0650675825001188,-1.8691149630089752,-4.2458667943904986,0.040200142235,0.00150168937171,2.3029853357620626e-09,0,1.1514926678810313e-09,15,1,1,1,0,0
52,3,-2.9416985593015084,2.5175205403938041,0.33436923334197333,0.42734917521857391,-0.78114763982617608,-1.7871508050786298,0.482925846432,0.0384702689404,6.8403945479575019e-07,0,3.420197273978751e-07,13,1,1,1,0,0
53,0,-5.6623224908305367,-1.2016317361309254,-1.8228426626936307,4.752277159629382,5.006713721949593,1.0915800303987082,0.0140155739821,0.000136152668177,2.0208317440920315e-10,0,1.0104158720460157e-10,17,1,1,1,0,0
54,4,4.5615310122066868,0.38314859550230607,1.6615971234435265,4.2243131795717348,-1.9660089242312699,3.1804439914577247,0.0478289058547,0.0325248577154,3.2453212816266331e-07,0,1.6226606408133165e-07,13,1,1,1,0,0
55,9,4.3277555493673274,2.9199182054056712,-1.839016641317444,-1.1863585635549601,1.804809881239527,1.7890749227789942,0.562252197263,0.0372732883283,7.3933191234801767e-07,0,3.6966595617400883e-07,9,1,1,1,0,0
56,3,4.2043600536269716,-5.5215981128140008,0.38919868846186767,-2.8460877508940525,-4.152108317189227,0.84520998971805505,2.54713630375,0.111775977446,1.0293753528656452e-05,0,5.1468767643282259e-06,7,1,1,1,0,0
57,9,-3.3751054731062955,-1.6439052332601491,0.78255280913638625,-4.4379145146602852,4.8948824793595307,-1.9004366982953926,0.324257150868,0.00327478984116,1.0840949279761494e-07,0,5.420474639880747e-08,15,1,1,1,0,0
58,3,4.9781325084149746,-2.0358560003251207,0.50946250817022976,-2.6875058318218938,-1.5272441924461269,-3.113336485992503,0.0427167376572,0.263818180357,2.120320697189628e-05,0,1.060160348594814e-05,13,1,1,1,0,0
59,13,-1.2282690982449123,3.2433871214609797,-0.60975002035673942,5.4338381160688112,-1.725776771248867,-3.225019228680631,0.0701338710597,0.0131963877877,5.7966254018554474e-08,0,2.8983127009277237e-08,59,1,1,1,0,0
60,12,-5.3225964408353121,3.7240149660048485,-2.4563045133478836,4.1023990604046485,1.4528661156038147,4.3511870139830355,0.0550379542631,0.00832785614206,2.41553655685171e-08,0,1.207768278425855e-08,14,1,1,1,0,0
61,6,2.3218881032711827,-3.0420039502252996,-0.98732432587773034,-2.8114000325362118,1.3546406388967338,1.379328189280987,0.0793507361654,0.0185794279278,1.1144899284654284e-07,0,5.5724496423271419e-08,15,1,1,1,0,0
62,0,-1.8126490398525523,-1.2690731964934938,1.7869482999680715,3.429675363702485,1.7361855006435662,-5.673439163834634,0.0232806438864,0.0204561339463,1.2801018827122274e-07,0,6.4005094135611371e-08,18,1,1,1,0,0
63,5,3.4916295986780681,-5.6614952493742834,-1.1555829570529368,-4.8615727029744811,-1.5547155402834771,-1.2653562461199315,0.0263584072599,0.00980117656339,2.9957247724681894e-08,0,1.4978623862340947e-08,28,1,1,1,0,0
64,14,-0.24802778592569288,-3.4378787016043404,-1.1615259132767373,6.0093724484966113,4.4498134542308332,-4.7363253335145359,0.196264701031,0.0227261533031,1.9584804199667028e-07,0,9.7924020998335138e-08,51,1,1,1,0,0
65,11,4.7557322238292548,5.8428636150594224,1.1997949050357706,-5.2865943892448675,-1.1368710361003693,-3.7183146010838217,0.0885875906027,0.231762840441,1.6370072175968372e-05,0,8.1850360879841859e-06,17,1,1,1,0,0
66,9,4.7112051417063148,2.3278782847120962,2.5756359558364452,1.3020977188688183,1.7554825142594532,-0.070344012595158156,1.08485557857,0.0101360992591,1.2082081748710306e-06,0,6.041040874355153e-07,25,1,1,1,0,0
67,0,-1.3798729783607824,-5.1072238128196714,1.7641006078183987,-1.0966260939062007,-2.8135751835200735,2.3595541845950527,0.0479674436238,0.032189886694,3.1794203595220386e-07,0,1.5897101797610193e-07,18,1,1,1,0,0
68,6,-2.867964582933928,4.3293836640506687,2.1343178480516194,-4.9487341788238339,4.5755645099894711,4.1473888341943992,0.0515796731289,0.0487125222274,7.2549012997000377e-07,0,3.6274506498500189e-07,21,1,1,1,0,0
69,5,4.5574067447851325,-5.2356923857872477,0.58865604705796692,-2.7713931602455424,-4.2048809776900429,0.59603045959495071,0.974332662702,0.0492802278171,1.689099986310961e-06,0,8.4454999315548052e-07,26,1,1,1,0,0
70,5,4.7399283730584694,1.2210976121335246,-0.54522555551055574,5.35769045785608,-3.2529720992226721,1.5858159180576015,0.0924151626137,0.978004138026,0.00029137269428182168,0,0.00014568634714091084,52,1,1,1,0,0
71,10,0.29648278301991166,-2.3603131997863191,-0.039302210005021737,-2.0862622768012775,6.1545461220181519,1.6488890485500005,3.7915819506,7.65568854754e-06,1.4376093706003199e-05,0,7.1880468530015993e-06,41,1,1,1,0,0
72,8,0.2085115751626663,2.0806659122067162,-0.12334031648564781,6.1334117972473807,-0.71064859206210473,1.2167909472246887,52.6467131185,0.0177207496597,0.0027717720596542846,0,0.0013858860298271423,60,0,0,0,0,3
73,6,4.7126850758999463,-5.5170212552195146,2.3882288247325318,-1.5620601792458704,-1.9882046955296708,2.7777289535593184,0.474183923574,0.012889754161,2.7546128680633244e-07,0,1.3773064340316622e-07,10,1,1,1,0,0
74,12,1.4357686265620793,-1.6729620904744291,-2.7611972947479209,-5.9778532920407361,-2.1485967711940455,-6.0213600031972963,0.0610192599721,0.00908836037052,2.8884229352975453e-08,0,1.4442114676487727e-08,19,1,1,1,0,0
75,4,6.1169452278896799,0.15660374874201774,1.8081138298774089,-3.7136074998036515,1.5770314894045796,-1.3525822141915289,0.03579092905,0.0251863333017,1.9451547279541953e-07,0,9.7257736397709767e-08,22,1,1,1,0,0
76,9,-4.6258215276249741,-2.0513043788291512,-2.7074529616320797,-1.5706839510026551,0.78961889944020369,2.7616340998955886,0.134631878727,0.0949904309051,2.7667441507698941e-06,0,1.383372075384947e-06,10,1,1,1,0,0
77,10,-0.99915207456998956,2.9922793023190546,-2.4030665347657623,1.4146485536556808,-1.4055027692045685,-3.5629611060974367,0.947311318921,0.0809840832525,2.8952082433420829e-06,0,1.4476041216710415e-06,28,1,1,1,0,0
78,0,1.2447846692331825,4.9669878716325062,-2.6654436400053583,0.43884886292347075,-1.3211566301113546,-5.4505170239510425,0.389634244774,0.00422688689644,1.5725731401830768e-07,0,7.8628657009153841e-08,17,1,1,1,0,0
79,14,5.3470760836095659,-3.9605109634268274,2.157497491531887,0.97356860522989641,2.0616244828128663,5.4086741283523203,0.0218319448349,0.0353616719228,3.8138482877154816e-07,0,1.9069241438577408e-07,38,1,1,1,0,0
80,14,-1.1980951081630171,-1.9357758248254897,-0.0037330419360746131,3.1145756947416201,3.1385641458368863,2.2685278045221073,3.34508415626,0.0387093219132,1.1646030288763739e-05,0,5.8230151443818694e-06,20,1,1,1,0,0
81,10,-2.7420577886992441,-1.4887130694463571,-2.2747541955763784,5.1581586516387228,4.1595663533513427,-2.1248236384122872,0.813602726227,0.0422854607343,1.2066236774752023e-06,0,6.0331183873760113e-07,11,1,1,1,0,0
82,3,1.0243054795806343,0.37416738611248956,1.5342341886662334,-0.63202029255659553,-2.218464422738796,1.0317893455398781,0.0759300280344,0.00409596943533,1.0875925134851272e-08,0,5.4379625674256359e-09,43,1,1,1,0,0
83,9,0.73292302045258351,-2.7903793932183478,0.73077073027080341,-1.7795208514007348,-1.6121873830093167,-5.9624588480075236,0.0746993731959,0.013962112767,6.4962296782660334e-08,0,3.2481148391330167e-08,16,1,1,1,0,0
84,1,-5.5589627488942952,-3.6242712767260303,0.29392558369669564,-3.9601097100226696,-4.6891356929273407,3.5881978834724291,0.282705756574,0.153853290296,7.2904712068811098e-06,0,3.6452356034405549e-06,22,1,1,1,0,0
85,3,2.8965960486770017,2.6539420137922267,-0.86145426086942822,-4.8869249683029254,-2.9348325847126837,-5.7467030569751776,0.0661482703503,0.0365137399019,4.1050774387173889e-07,0,2.0525387193586945e-07,11,1,1,1,0,0
86,14,-5.9773388615467926,5.2573094529061022,-0.10174878844435659,5.502993911950476,3.1064739241696633,4.1495697781629248,0.474928237431,0.00287564423325,2.2807581260275123e-07,0,1.1403790630137561e-07,8,1,1,1,0,0
87,13,-5.9926955270506994,2.2001562516456743,-2.6699048242717374,-1.5187055325328136,1.8310655002207887,-2.2018090773950081,0.664823131091,0.0406835816245,9.4617847974310752e-07,0,4.7308923987155376e-07,42,1,1,1,0,0
88,4,-1.8757080899851146,6.1922488321000211,0.47806439238679677,-2.2652476321367474,0.046183548248959733,5.9859636777549499,0.868336896526,0.0047123311361,7.6077332001261992e-07,0,3.8038666000630996e-07,19,1,1,1,0,0
89,0,-5.2053690735887495,-3.6087641857452737,2.6817777668263925,-3.5888089892511688,4.7003931384877493,6.1577859754464415,1.20979358654,0.036028100842,1.8590012590638435e-06,0,9.2950062953192177e-07,34,1,1,1,0,0
90,2,1.4315870487684752,-0.079747627559122236,2.7886326853361654,-4.4345394307542287,1.3414362017242176,2.9994118023275278,0.178255599003,0.00347824113992,3.5460369294145991e-08,0,1.7730184647072996e-08,26,1,1,1,0,0
91,11,-1.8518399073909773,-5.8202646312652968,-1.5047741340164069,-1.3704211682933143,1.8609876636239813,-0.37761423255787613,0.0257960408233,0.00513792102982,8.7067971958796609e-09,0,4.3533985979398304e-09,19,1,1,1,0,0
92,2,5.718900683507572,-2.6548641996266484,-2.7482474429002695,0.902463162455035,4.2934701972150702,-4.3702069836381661,0.141219054371,0.000165077394591,1.9951122308642981e-08,0,9.9755611543214903e-09,23,1,1,1,0,0
93,1,-4.2406358116465119,1.8547476470190416,-0.048550108534366282,4.4762235325203781,-5.1548501271769744,2.3762306377679487,6.93417034902,0.000193324154118,4.8082729814126204e-05,0,2.4041364907063102e-05,60,1,1,0,0,1
94,4,-5.7460830783444425,-2.1431174165554161,2.8742326700034839,-1.9908109529427782,1.6262404508968427,-2.2110493982667356,0.0401077892586,0.0582073336223,1.0336809918145341e-06,0,5.1684049590726706e-07,11,1,1,1,0,0
95,3,4.0556521620087223,1.5041317812048569,-1.3538612778683892,-1.4183940073174968,-4.3675388356136313,-5.0188425043530209,0.0540740389879,0.00459182733267,9.3468229024289719e-09,0,4.673411451214486e-09,18,1,1,1,0,0
96,11,-4.7436234461895364,1.3842509576273982,-2.0972604736201395,1.6927229308092973,4.6430738545677279,-0.40646309518592177,0.0700343258381,0.0124635370205,5.2224002172569039e-08,0,2.6112001086284519e-08,22,1,1,1,0,0
97,5,-1.1490007551815995,-2.5584339555961546,-0.29936456116024862,-5.6748487027770649,-4.1009401710377507,4.7868361798828083,0.783982976939,0.00119908249765,6.1506728670167539e-07,0,3.0753364335083769e-07,18,1,1,1,0,0
98,1,0.83149265866088706,-2.0213510578314646,-2.7069703587716614,1.1601681584691301,3.8542102435345704,0.40261986865227439,0.0243745284427,0.0100501972034,3.1362446029424981e-08,0,1.5681223014712491e-08,19,1,1,1,0,0
99,13,2.6320078642125448,0.52907893434591469,1.43976246855901,-1.8987403205605657,3.3946226406416393,4.0300545999306161,1.14688014024,0.05711321246,2.3089714168247838e-06,0,1.1544857084123919e-06,19,1,1,1,0,0
100,4,2.3837615125333227,0.82036736252413545,-2.5270208522896587,1.8416840704878632,4.4568028207128343,-1.3810427190064936,0.446387051821,0.00477139435597,2.0619638238458614e-07,0,1.0309819119229307e-07,12,1,1,1,0,0
101,9,4.5714789156108084,5.0264788656215034,-2.1996796734772808,2.8227118179933544,1.5612307403360257,0.5690476013333291,0.21126285953,0.012534087193,9.2488410423785995e-08,0,4.6244205211892997e-08,20,1,1,1,0,0
102,9,3.7510841571101805,-2.2708456475263121,-2.3697127965717653,1.3918597017926613,-1.5229774965677014,3.8535751740192001,0.249447910307,0.103779361457,3.3430013500889567e-06,0,1.6715006750444784e-06,7,1,1,1,0,0
103,15,1.228611778856844,0.73707573287782102,2.2697411088105377,4.3066927034144591,-2.0093632609360355,-0.37267920276858441,0.0398065466765,0.00805390949217,2.1343709640447199e-08,0,1.0671854820223599e-08,15,1,1,1,0,0
104,8,4.5290610735148151,-1.0866710700844402,1.0905982488642758,2.52185567801157,-2.0756377249273927,4.4313601779619471,0.417293341314,0.00441362103013,1.8006769545501943e-07,0,9.0033847727509715e-08,24,1,1,1,0,0
105,1,-4.8274822503309265,4.8431573048236283,-1.459193167596855,1.3490171578548762,1.2658154479714403,-3.0307785189754641,0.138361694385,0.099053845178,3.0079478044575471e-06,0,1.5039739022287735e-06,47,1,1,1,0,0
106,3,0.073473703834481957,1.6189542711730669,2.176510553520107,0.47542838960985362,2.6071380448836408,-2.8507323168076462,1.4898025854,0.295746038271,2.8863093431698133e-05,0,1.4431546715849067e-05,16,1,1,1,0,0
107,8,0.27140659476608275,-1.4443395292683106,-2.5369858543775914,0.42722280259978584,-1.901258631602748,2.5232058623379077,0.0395213544816,0.0135570926697,5.7549023525633732e-08,0,2.8774511762816866e-08,12,1,1,1,0,0
108,5,2.5000067511581499,0.13804247746401116,2.4300114172318721,2.4160201647668025,-3.7909719411432365,-3.3434125164034336,0.141175928933,0.0201157313545,1.4319184225706331e-07,0,7.1595921128531657e-08,38,1,1,1,0,0
109,3,5.799679014325867,-3.1075944535807718,-2.1961749111571396,1.3672278163049552,-2.22897731599606,-4.7425863780829429,0.0691589377219,0.0306742399714,2.9140022983736969e-07,0,1.4570011491868484e-07,39,1,1,1,0,0
110,3,-2.4964204091776523,0.36659389405582882,2.1949288878415487,2.5891648100367601,1.8808236296757463,-5.0953132744874905,0.0933679733753,0.0669926304899,1.3758443783421071e-06,0,6.8792218917105357e-07,54,1,1,1,0,0
111,10,-4.9990335777439512,-5.4644757059580513,2.1824628076540087,-0.65052167177395892,5.1190831403744692,0.75597490586243443,0.0292238150244,0.00382059654953,5.3005190455379102e-09,0,2.6502595227689551e-09,32,1,1,1,0,0
112,5,-2.146994781302773,4.4578279282131623,0.43431369862127811,2.925500330406706,5.1693564483533088,-2.4318707272673361,3.45643271925,0.131537156971,1.7217424948333413e-05,0,8.6087124741667067e-06,4,1,1,1,0,0
113,10,1.1066216381294143,3.9106330690869724,-2.4361682097308064,-1.8894594568384679,0.67874766941976805,-2.6276849637994837,0.352960362151,0.0177895302853,2.2098249635881969e-07,0,1.1049124817940984e-07,17,1,1,1,0,0
114,14,-2.6130414662174717,-4.8422047042257272,1.6239465807096027,-3.0105357776915009,1.1917114661552524,1.2109758527396883,0.0140339995112,0.0114470845541,4.0112723619689977e-08,0,2.0056361809844988e-08,16,1,1,1,0,0
115,14,-5.4055466913775128,-4.3733230520101403,0.49290820809396413,3.6502417564246521,-4.8419917452127743,-2.775301113242818,2.03971582917,0.118357380456,8.427664500628873e-06,0,4.2138322503144365e-06,10,1,1,1,0,0
116,0,1.5483076034774841,-3.5745443647648059,-1.4645883723359463,-2.3985672673938274,1.8494791502298349,-3.0942284634156629,1.35168328049,0.00693304144084,1.8416897556621423e-06,0,9.2084487783107113e-07,13,1,1,1,0,0
117,11,-4.5414173537389084,5.0382041664556425,-2.2454289692991019,-1.16315735981584,-1.6637355954993103,5.9746681644854096,0.019018981838,0.00157726986791,1.1195428667103114e-09,0,5.597714333551557e-10,34,1,1,1,0,0
118,10,-4.6724851775499685,-0.3263907848839363,-1.615005923125477,-0.80933171457619846,1.8815381008593917,2.3212440377258865,0.392926074129,0.032115370205,4.6857239368286432e-07,0,2.3428619684143216e-07,18,1,1,1,0,0
119,12,-3.2401375406453727,1.1075090331665995,-1.7937555752676708,-0.86399490982261717,-4.5429110710144824,1.8292301749928477,0.055734154624,0.019665047168,1.2090614127282589e-07,0,6.0453070636412945e-08,49,1,1,1,0,0
120,9,4.9430514268754697,-0.91600048201053608,0.47636205692528322,-3.3005213857224884,0.24909117351546273,1.8752067367720875,0.666776063773,0.0503313643793,1.2162612526205227e-06,0,6.0813062631026137e-07,12,1,1,1,0,0
121,2,-3.4368760363776847,-4.8077039240075266,2.606478464833538,5.1756117025995572,-2.6755341747309429,-6.1779638868245002,0.174712433619,0.00160639215461,3.1310498419602566e-08,0,1.5655249209801283e-08,28,1,1,1,0,0
122,13,2.780466974694765,4.7454464165571082,2.8426618813875741,2.960838095881849,1.5701503696012034,1.5623541924242241,0.199693171683,0.00414574422033,4.5112881853824709e-08,0,2.2556440926912355e-08,52,1,1,1,0,0
123,3,1.3668573535942914,-2.034734767730856,1.3149228953592269,-0.95279788568567547,-5.109217644950391,3.106191476413799,0.0588291081245,0.00309236235255,6.3738304614734726e-09,0,3.1869152307367363e-09,12,1,1,1,0,0
124,0,-3.3370131065889548,4.9562156710260235,-1.3227069619459966,2.5327183164308362,-3.8827258554897197,-4.6984260306801575,1.32667879628,0.102287640757,4.9472160257247619e-06,0,2.4736080128623809e-06,11,1,1,1,0,0
125,5,-2.9049686315541008,-1.4522458629869859,2.4790443845756225,-0.96443202749193147,3.9487146814454079,-2.8631564781987335,0.30801271874,0.0746341595216,1.7916693835872356e-06,0,8.958346917936178e-07,7,1,1,1,0,0
126,6,-4.5888070865986554,-1.6673987174535838,-2.4755929571136246,3.1914871362936146,-3.7575496610285621,-3.6588662947691515,0.256595220074,0.00132424726364,6.6375293458829821e-08,0,3.3187646729414911e-08,16,1,1,1,0,0
127,10,-0.27997690431870492,3.5891495935014919,-1.4973451643350695,-1.2418770238336012,-2.040642042038971,-5.1419318732723003,0.0871061252737,0.00798845430977,2.7026760239055472e-08,0,1.3513380119527736e-08,18,1,1,1,0,0
128,14,-0.34489026207049356,-0.43849334655819577,-1.2049758864698412,3.1255980020224761,5.5359794416418469,1.4808805847439139,0.054781904761,0.0166567889129,8.7516738889627234e-08,0,4.3758369444813617e-08,25,1,1,1,0,0
129,3,3.3818498829550774,5.0276117241563858,-2.8513627414763523,-0.41982415516135357,-1.7647681414685412,4.336777359275712,0.10267494818,0.00102723179314,1.0863578855940496e-08,0,5.4317894279702481e-09,20,1,1,1,0,0
130,2,-4.7568531749255971,5.8478582756344402,-0.1781794711553577,4.4550922976822243,1.3421798122891735,4.5929900062422453,34.309209582,0.0143590125136,0.0011771846685423074,0,0.0005885923342711537,60,0,0,0,0,3
131,10,-4.3485851720247144,-3.6599511823709561,-0.3170422525274515,-2.3349979646972261,-5.6289090546405536,-4.0448918993499747,84.327723488,1.32124836965,0.0076429347419948246,0,0.0038214673709974123,60,0,0,0,0,3
132,2,-1.2240785473382407,4.4875514275704411,1.3064049717161039,-1.2015902320715288,1.3340159218330578,5.9389654033487469,0.0290368118503,0.00283756523505,3.2958478133359172e-09,0,1.6479239066679586e-09,24,1,1,1,0,0
133,12,0.25218080456109582,1.8172788959987582,-1.6838505947295643,4.3206055427094565,-5.0779242443959678,-1.5065679168274999,1.10177817899,0.0328035196191,1.5417050965821349e-06,0,7.7085254829106744e-07,6,1,1,1,0,0
134,2,4.1077106143621966,-1.457770096261356,-2.3247871819439294,5.2408140175988027,4.698676135604396,-2.7802176001473247,0.657990425697,0.00158544317102,4.3371709580860692e-07,0,2.1685854790430346e-07,23,1,1,1,0,0
135,9,1.692799766829006,-4.7351000308690399,1.7255614655454978,0.8379333395694486,-4.1118452008915582,2.245873745826378,0.122037592706,0.0226256230416,1.7083256351869985e-07,0,8.5416281759349925e-08,14,1,1,1,0,0
136,2,1.018938219043644,2.430313819394323,-1.1075029849443916,4.5594139547498083,2.7625011333316256,3.9852038616382726,0.11636508716,0.000568096259751,1.3639143713370031e-08,0,6.8195718566850157e-09,45,1,1,1,0,0
137,4,-3.6462371066435635,5.1833570948128713,-0.58512353172508458,-0.62877628577487021,-3.6613018675197564,2.5325950438326812,1.75868533844,0.0119637915515,3.1365747140724803e-06,0,1.5682873570362402e-06,56,1,1,1,0,0
138,1,-0.89209424796399939,-4.9636698395829439,2.4545443792591946,-4.7955917201397034,0.91638577531622178,-0.31802632026279432,0.0554822749976,0.0617125413555,1.1631947668753662e-06,0,5.815973834376831e-07,12,1,1,1,0,0
139,9,4.4601175291977233,-0.10239203384627188,1.1797215272840316,3.1410075346857358,1.5811347285501975,-5.5382142072523823,0.0393165349171,0.0066704913958,1.5099880752782623e-08,0,7.5499403763913114e-09,23,1,1,1,0,0
140,13,-3.3980610503447179,2.4497309698864611,0.41693298471901874,-2.4894022475521842,0.075004786343514193,6.1452113846125247,0.303254351847,0.00427391869751,9.7527459773310781e-08,0,4.876372988665539e-08,19,1,1,1,0,0
141,13,2.1215809366349774,-3.1018633657371089,-2.1189709768239622,3.1650556137094266,1.6834020712123245,2.3671958000610691,0.110074752396,0.0423907410818,5.5950631754953183e-07,0,2.7975315877476592e-07,16,1,1,1,0,0
142,8,0.20634632291182542,-1.4380997786882876,-2.1298315277884177,4.6707570503821074,-3.0644601151060038,0.48755798359733127,0.0991587262767,0.000559130245514,9.9276845146364762e-09,0,4.9638422573182381e-09,23,1,1,1,0,0
143,11,-2.5651525019750663,-2.1298145778920499,-1.2196969771694306,4.1151530593274721,4.0481611283044687,3.2765217768126726,1.70252630404,0.0414977567469,3.4231664519873775e-06,0,1.7115832259936887e-06,21,1,1,1,0,0
144,1,-4.3420302901776946,0.86448082790986103,-0.41874102950738307,-0.48924317330013667,5.8212126277821676,-5.1367485942112667,0.234253037257,0.000592200248268,5.4981315138590193e-08,0,2.7490657569295097e-08,16,1,1,1,0,0
145,1,-0.38093219968538994,3.2922885356140301,2.3418834065956156,-3.6706176687399106,-1.3768490934784501,-3.9073681809775298,0.0368157879882,0.0652743501343,1.2992512666914921e-06,0,6.4962563334574605e-07,34,1,1,1,0,0
146,0,-1.4874661767242827,-3.715293347470376,-2.1447162781394034,-1.6109708877435189,0.97231713841670475,5.8782488090463341,0.238858695602,0.276006435559,2.3262672190445363e-05,0,1.1631336095222682e-05,27,1,1,1,0,0
147,13,3.173050521521974,-3.6850312450000673,1.9172843587872053,-1.5575537663446324,5.9453900485332429,-2.0003126646406071,0.831522824293,0.0972567863756,3.5727705873472924e-06,0,1.7863852936736462e-06,19,1,1,1,0,0
148,5,-3.8566946868099965,-1.3847864484731018,0.16490520978502621,5.1956262764029546,2.3483972507510007,-4.4053549935492793,0.434823950911,0.395193232751,4.7763517193580257e-05,0,2.3881758596790128e-05,9,1,1,1,0,0
149,15,4.9152317883879206,3.9071075415149377,1.3907323614341183,2.4424492711853798,3.6501782462474734,-4.2775605779393162,0.467459181077,0.0758183082115,1.969585693125564e-06,0,9.84792846562782e-07,10,1,1,1,0,0
150,6,-3.1896049973818363,1.6902557060014631,-1.5124096294743041,4.3359417852977264,1.6752177975301239,1.2350402782560501,0.71207212601,0.104630381475,3.8418510112432398e-06,0,1.9209255056216199e-06,28,1,1,1,0,0
151,0,1.2470306719158444,2.4915478824288622,1.1558421197258932,3.6483184140591467,-2.068785724581883,6.0182016442850657,0.153799871574,0.0377248919647,4.571760042745359e-07,0,2.2858800213726795e-07,34,1,1,1,0,0
152,8,2.7439287225228495,5.6990538118305265,2.4954035068571883,1.0792088533624429,2.5384686047724259,1.5244000108915747,0.373942241118,0.00332017203498,1.4319076271763163e-07,0,7.1595381358815815e-08,11,1,1,1,0,0
153,1,-3.4409480367688903,1.3784778977001695,2.2582274401093585,1.4111705932536569,-5.3851328731428527,2.0061088216486902,0.202657308488,0.042832801322,5.999359893993453e-07,0,2.9996799469967265e-07,13,1,1,1,0,0
154,8,5.8150373468046235,0.93283745617570035,1.0958967259578254,3.3592160700788356,0.069867905179939266,3.957650123966824,2.69811713373,0.166912007646,1.5766361109051499e-05,0,7.8831805545257497e-06,34,1,1,1,0,0
155,1,0.8735943239301962,-3.0958780330138582,-0.28899343573912722,0.19694038450060072,-3.0890391214871582,2.2163765154995931,0.240884907984,0.00125742404298,5.8507174134153553e-08,0,2.9253587067076776e-08,27,1,1,1,0,0
156,3,6.165305619379911,-1.0798364504054256,1.9691146703464899,1.0693127008716645,5.4888342742016389,1.0192403686902731,0.0523378774648,0.00653200381638,1.5736387365750918e-08,0,7.8681936828754591e-09,12,1,1,1,0,0
157,12,-2.0147263848921284,1.5209745372408023,-0.77609184859172164,0.80580594136896289,5.3947616239526734,-3.0553544223117877,0.109091599798,0.000107248753613,1.1904480945896816e-08,0,5.9522404729484079e-09,11,1,1,1,0,0
158,2,-4.9202793602252957,3.9714158571300562,-0.83979641151909612,-0.76504896979897496,4.4992920819480675,0.94557709600364526,0.0534677712473,8.46092312993e-05,2.8609832335814289e-09,0,1.4304916167907145e-09,27,1,1,1,0,0
159,3,2.7473543230245157,-2.2087417082099821,-2.4989690454770987,3.4834282348886951,2.104895156760866,1.9210115693901484,0.0261533003628,0.0846576323397,2.1838510629336968e-06,0,1.0919255314668484e-06,15,1,1,1,0,0
160,5,1.6752936379810199,1.5091178427880958,-2.3369113482624422,2.1348519931967984,-1.6205880112509301,-0.4592616945078955,0.0431354345975,0.0196325595585,1.1927161041726233e-07,0,5.9635805208631163e-08,12,1,1,1,0,0
161,5,-5.5829366576294914,1.2983223589646429,-2.7836150309985515,4.9508092154512084,1.2207644882306945,3.9697723812771128,0.240052402198,0.0487395173772,7.8125619000907103e-07,0,3.9062809500453551e-07,22,1,1,1,0,0
162,8,-1.0666984219956208,-3.6705019101842731,2.4249400757115276,0.63452491814145917,-4.7691925755464633,0.21083793450178609,0.231528204752,0.00292458456438,5.6210761749296257e-08,0,2.8105380874648128e-08,14,1,1,1,0,0
163,1,-5.5131130275799478,0.054428154870089257,-1.9895236239687168,2.7601283723135031,5.571794579318424,0.38736071516077036,0.0185822536211,0.00137004465948,9.170738605584941e-10,0,4.5853693027924705e-10,22,1,1,1,0,0
164,15,2.2845901831304714,0.14504143510928716,-2.2856065415870463,2.1005466480170178,-2.4871102952746877,-1.5245820407751522,0.199302478045,0.0558699786149,9.9057089670275865e-07,0,4.9528544835137932e-07,20,1,1,1,0,0
165,12,0.95574443429869038,-5.1076208812666843,1.5409548288573227,-1.5646351531423717,-1.8006338196756038,-5.8964203811000448,0.0368387595643,0.0193249340854,1.1511740705733822e-07,0,5.755870352866911e-08,29,1,1,1,0,0
166,3,-1.9384508578817461,-3.1194861630557167,-2.5207912876236955,0.90764317170209641,4.6001311456419796,3.6501897722453056,0.843724121569,0.00282353831629,7.1429891567625286e-07,0,3.5714945783812643e-07,16,1,1,1,0,0
167,8,1.5710932775203035,0.60154757901762435,-2.1040166301674028,0.80133195104959165,-3.4443122303166498,-2.0717138015641661,0.0531724367904,0.00105926433187,3.16910124562524e-09,0,1.58455062281262e-09,14,1,1,1,0,0
168,6,1.1283059625146554,-5.1416527487624322,2.0602929979399693,4.3363803201813633,-1.289321546876451,0.94486410709388124,0.103243867761,0.0196845466333,1.28692873250979e-07,0,6.4346436625489501e-08,22,1,1,1,0,0
169,5,-5.7926737314873735,-1.3822962968877246,1.7842941611900527,2.384880470768719,-2.8005750155693265,2.2456921838785728,0.109537543739,0.025927007879,2.167652692985267e-07,0,1.0838263464926335e-07,33,1,1,1,0,0
170,3,2.8025045361089065,2.3706759489095575,-0.73372854295697776,-0.12453912851090329,-1.5229677678722147,-1.0384448100090777,0.0296744876747,0.00801072675951,2.0428406060268601e-08,0,1.02142030301343e-08,16,1,1,1,0,0
171,10,-3.5195951317043166,3.252918806635491,0.97238340925862399,3.8634271995606371,-1.7879113284743349,-1.2290278852202767,0.0528569358916,0.0103461226467,3.5400790839076515e-08,0,1.7700395419538258e-08,17,1,1,1,0,0
172,10,-4.2936542189035398,2.13531389425563,-2.0503958597938317,-2.6910060568560028,-5.1920192909686058,2.1897207706619302,0.0789517800849,0.00360007141325,1.0181381967354311e-08,0,5.0906909836771555e-09,9,1,1,1,0,0
173,15,4.0233779619557977,-4.9750847694799898,-2.5380157935096208,-3.931524840521623,-1.1047431194677739,3.4188383984074036,0.122950720664,0.011383967825,5.4593689983952974e-08,0,2.7296844991976487e-08,18,1,1,1,0,0
174,2,1.4951563666361429,-3.4576833994138427,-0.69995034921696286,-2.1469714297804106,-4.6831244638010192,-3.6260268067241537,0.820567741508,0.107032866191,4.1630390720546354e-06,0,2.0815195360273177e-06,35,1,1,1,0,0
175,4,-4.456916229331024,-0.027932232953086111,-0.67463129890296158,4.819176450052427,-4.4984974341653681,-3.9579685441104537,0.128577323571,0.0131453801735,6.9170328956847369e-08,0,3.4585164478423685e-08,52,1,1,1,0,0
176,9,2.0884821276267123,-3.1778383067778995,2.4803581673912589,-3.0777770235717248,-1.0986338555336452,5.932072934818434,0.448970525481,0.0304939277658,4.8483206653299015e-07,0,2.4241603326649507e-07,24,1,1,1,0,0
177,4,1.326447073372788,-2.9131967320288688,-1.5354200450453594,3.1057887891068319,1.5338114931124114,-2.9742360924976445,0.0736582472525,0.0572578501781,1.0041019920647812e-06,0,5.0205099603239058e-07,14,1,1,1,0,0
178,0,4.7893147612112488,-1.3827394295870419,0.50425492661127991,2.4327199842976377,4.5610593069823508,-3.0202307172633205,0.259339084874,0.000217969355029,6.7271233511960642e-08,0,3.3635616755980321e-08,32,1,1,1,0,0
179,9,0.90962655965156813,4.2719036794030698,-2.5911553181934179,1.4065701749179573,-2.6471382709713458,-4.7829318672714036,0.423399482912,0.00227815653851,1.8084808568991757e-07,0,9.0424042844958785e-08,9,1,1,1,0,0
180,11,1.4202719666153651,-1.7068050571586388,-0.70035385803429151,-5.0556875071318892,-4.6125116475908836,-3.1634147404556812,0.414975637616,0.0138692618411,2.30799897378453e-07,0,1.153999486892265e-07,10,1,1,1,0,0
181,14,4.5347541869250456,2.8792708836535525,0.2004780632286885,2.7174570658020354,2.4385876996090294,1.2913484361088183,1.34925442662,0.0182790822411,1.9222677567191044e-06,0,9.6113387835955221e-07,17,1,1,1,0,0
182,1,1.3801052723462945,4.5807650795594403,0.90120164270723435,0.85743381673403796,4.3141947863527239,-5.6873349691917809,0.0571649465123,0.0473868944733,6.8729165963019843e-07,0,3.4364582981509922e-07,25,1,1,1,0,0
183,4,5.3108414763883092,0.33100171978572257,-0.55536498671053158,0.72250011219297439,-3.4216568634555991,-4.5669251508559245,0.551892348377,0.0665758166806,1.6547529456983102e-06,0,8.2737647284915508e-07,15,1,1,1,0,0
184,14,1.9043099766185598,2.2956343793691092,0.94004270594190809,-0.24552285728146209,3.8141091164887215,1.2136248102697262,0.0516465532116,0.00120305934035,3.1082550222884211e-09,0,1.5541275111442106e-09,16,1,1,1,0,0
185,11,-4.4344109205421018,5.2506930682336366,2.6101791212251144,4.6854010174949652,-2.2883707909045437,-0.45662112329200094,0.102858243785,0.0742435783339,1.6896642162734016e-06,0,8.4483210813670079e-07,26,1,1,1,0,0
186,5,-0.054436539881552087,3.6335870477087506,-1.0270965242187848,4.5377466989566599,-0.82277298629225437,-3.5134405732436815,2.52745475016,0.0383304137846,6.8355777087488841e-06,0,3.4177888543744421e-06,18,1,1,1,0,0
187,2,5.1549722807967404,1.5617505729953414,0.45574795885426456,4.270663599513858,5.1650583917717716,1.2056160749684286,0.391882725807,0.155111949675,7.4825809634036339e-06,0,3.7412904817018169e-06,52,1,1,1,0,0
188,10,1.0138172885132042,3.6894882615814661,-2.5480983088199562,-4.5738921894817741,-1.7800457399825924,1.2452609140232598,0.658373790502,0.0589651425964,1.4925767120825098e-06,0,7.4628835604125491e-07,14,1,1,1,0,0
189,11,-4.8770256077391894,2.8034425688235252,0.5136638951543252,-3.9318834702136596,1.56179566514253,2.4530091632973559,1.24065318955,0.000833764028107,1.5394320953282093e-06,0,7.6971604766410464e-07,8,1,1,1,0,0
190,15,-3.7723177515143052,4.023555914827706,-1.6762967194557354,0.83678313899892842,3.3713210689124691,-5.8043195735068496,0.0961649529191,0.00709125821447,2.4565672397715289e-08,0,1.2282836198857644e-08,34,1,1,1,0,0
191,9,-4.8685995140184568,3.7672552890564188,-1.2532841949958078,1.4932582268190213,-4.0864215854814363,2.6404513770919937,0.0684328365688,0.0440191878107,5.9493684482249773e-07,0,2.9746842241124887e-07,17,1,1,1,0,0
192,7,1.814285727095887,-3.5627585418944392,1.6458518100273731,1.0238699416246158,1.9757476416305799,-2.7973199051347644,0.0143337116594,0.0535181844991,8.7268947253146167e-07,0,4.3634473626573083e-07,13,1,1,1,0,0
193,6,-2.4845406005629633,-4.0150779723323975,1.1116993304421416,4.5001001180883096,-3.0903195887754431,-2.7852074197897401,0.200560780036,0.0270479547053,2.6308024931211788e-07,0,1.3154012465605894e-07,43,1,1,1,0,0
194,12,-4.0246263488086313,-4.7950287406567531,0.052528594698310005,3.4725832696604599,1.7183056959922547,-3.7875067209186843,33.2974293722,0.000117099660695,0.0011087188069746261,0,0.00055435940348731304,60,0,0,0,0,3
195,15,-2.7989854420916362,1.6933355787879512,-1.020362656118158,-1.8470734931488761,-4.7050963864557449,1.1102826552351321,0.144410659497,0.000348213895448,2.0891374327193913e-08,0,1.0445687163596957e-08,57,1,1,1,0,0
196,9,-2.2265691109579113,6.0522299971533036,2.3728947193262253,-3.7723637956244263,2.1167345452339221,-5.4790190794920797,0.00517905733842,0.146433356623,6.5318552784023058e-06,0,3.2659276392011529e-06,17,1,1,1,0,0
197,7,0.15547824469146063,-2.3533672867341764,-0.9163588835024562,4.8208475484389472,4.9296320285373367,1.624283991793694,0.108884273874,0.00188083756257,1.2933384431195126e-08,0,6.4666922155975629e-09,28,1,1,1,0,0
198,9,1.3700965170670858,-6.1621010943877899,-1.200877682052329,3.9282966934654531,3.9453327525368747,5.9859858788006921,0.591871563418,0.329428332116,3.3408316115402764e-05,0,1.6704158057701382e-05,6,1,1,1,0,0
199,5,4.7070947696247414,4.3569766776976504,-2.2430706033463172,5.9143306119836732,-0.47385588859905858,-2.5548489623003721,0.033051149333,0.134222189747,5.4889568150467275e-06,0,2.7444784075233637e-06,14,1,1,1,0,0
200,7,-1.3636382566363945,3.7670817592621328,-2.1708130495292939,-1.583963372052694,-3.8069291346900429,-5.5779764599250274,0.12175769492,0.00607285301821,2.605908774169008e-08,0,1.302954387084504e-08,15,1,1,1,0,0
201,15,4.3686941674844695,0.94875607464209699,-2.5425391129326553,-4.0958574819277294,-1.5983544423993383,-3.4254767662437606,0.0672809804146,0.00433888319949,1.026142966860951e-08,0,5.1307148343047548e-09,8,1,1,1,0,0
202,5,-3.0869709026738872,-1.9761057172964178,0.076533160873616668,-1.17341670324257,-0.53702534085632381,-2.3395722424090577,4.04036152769,0.00124734530447,1.6324995219598418e-05,0,8.1624976097992089e-06,17,1,1,1,0,0
203,8,0.15175087197287351,-2.6401313569020792,-1.6131751326561026,3.2913016037683982,-4.5695481216418798,-1.2715363629711964,0.0390824282007,0.0160713066756,8.0206124707355133e-08,0,4.0103062353677567e-08,25,1,1,1,0,0
204,0,-1.507486598827162,-2.9475291646700974,1.1040691053159746,4.3024601961339846,-3.5299592184263271,-1.9437840463602292,0.149578866927,0.104989008703,3.3800778178583378e-06,0,1.6900389089291689e-06,9,1,1,1,0,0
205,4,2.6686046924059004,-2.0699730697712098,-1.5032017534391759,1.487394724728297,2.1435263616289011,1.3270984689336474,0.0933435960497,0.000342059280317,8.7486685479974492e-09,0,4.3743342739987246e-09,16,1,1,1,0,0
206,3,6.0813942791458961,-1.3888808621147233,0.89607405090729952,3.8182120084265661,1.3759581808515997,-0.52860975233722174,0.588414713115,0.00122751605849,3.466908708209677e-07,0,1.7334543541048385e-07,20,1,1,1,0,0
207,2,5.0471786523269584,-1.1311877550754628,0.58575501342575753,3.121912344617352,-0.55873027126748842,-4.5752290104963578,1.2523668378,0.196377648541,1.3315743962101205e-05,0,6.6578719810506027e-06,21,1,1,1,0,0
208,12,4.5045953288656033,-0.10491184983129427,1.0562611243127609,-2.2543997865616414,1.1484886507219059,6.0058301352733059,0.0327684413498,0.00170967323117,1.9641621532045505e-09,0,9.8208107660227523e-10,37,1,1,1,0,0
209,3,0.51549630185507578,-4.5359324566583528,-1.9029750625088002,-2.9981124701190751,-5.0544977139260432,-1.6264390827291406,0.0557580505814,0.000268151155102,3.1308637329975581e-09,0,1.5654318664987791e-09,15,1,1,1,0,0
210,10,-1.1199894852688645,-3.9338105216577302,-0.65182795409468164,3.9252132029708569,2.0085723543476397,5.4453710956670758,0.285329449226,0.00131235996373,8.1937533727774827e-08,0,4.0968766863887413e-08,15,1,1,1,0,0
211,9,-2.4421382458777381,-1.4970368026982017,0.82176124761606184,1.7355741352123932,5.1328540230184032,-2.5754156681419182,0.0124622861939,0.107302704261,3.5074807838481944e-06,0,1.7537403919240972e-06,7,1,1,1,0,0
212,12,-3.8556595072115227,-4.9399678443975148,2.6066129110517093,5.1484270761502104,-2.5018012562015723,-0.44916860180433177,0.798622175695,0.032783485014,9.6518705013970551e-07,0,4.8259352506985275e-07,27,1,1,1,0,0
213,15,5.6690243676799899,2.0625884267716073,-2.6138216983315581,4.894426470939643,0.61962063764206132,-1.457366501924874,0.0905184839495,0.0118282144329,5.0811600702201123e-08,0,2.5405800351100562e-08,16,1,1,1,0,0
214,0,-2.0730548447658395,4.0743070137644866,-2.5734775936414009,-1.5816541212711921,2.0656142129032387,-5.095734656230114,0.0120571723962,0.0613564176411,1.1469111557674791e-06,0,5.7345557788373954e-07,14,1,1,1,0,0
215,11,2.4736912902701849,-1.2788989360817959,-1.2939398647316973,-5.5159463622095464,1.8194322300989045,2.1272592537706654,1.28829377486,0.230147714424,1.7794667341515384e-05,0,8.897333670757692e-06,8,1,1,1,0,0
216,7,-3.0833681719601254,-4.5727390980603451,-0.00063972574536169668,-0.78863936630976295,4.7967188579865487,5.2014454507633356,2.66321162948,0.121439055052,1.1585024551095997e-05,0,5.7925122755479987e-06,42,1,1,1,0,0
217,1,-1.118738611287035,3.0665328432270327,-1.9616845691144387,1.6302228735797013,4.4077480564311236,-2.7136111998331138,0.501947967183,0.0947221841501,2.9850682522052022e-06,0,1.4925341261026011e-06,12,1,1,1,0,0
218,2,4.7301652408422461,3.6558658533821626,0.35022405712613591,4.4939758223159245,-3.5215941109391489,3.8528412242319487,0.0244204383243,0.712760892262,0.00015475480217216615,0,7.7377401086083076e-05,42,1,1,1,0,0
219,15,-0.55521294532584486,3.8013908089932422,1.1641325900192538,-2.0753565292712595,-1.9266414435830477,1.7624218875075677,0.648892172473,0.0195753608542,5.3778884830046572e-07,0,2.6889442415023286e-07,9,1,1,1,0,0
220,4,4.3887004159836902,-0.79174983180984071,-2.0308277246277648,-1.7790767882667706,-1.8770610737762201,2.9327959808647104,0.0800885689687,0.0860163655735,2.260222158278067e-06,0,1.1301110791390335e-06,24,1,1,1,0,0
221,15,-1.0284438220279273,0.046503276501999459,0.47245284279524052,5.9337609269320293,-1.0642546220639657,3.3777942671499557,0.860313456877,0.000622773555065,7.4025738900504497e-07,0,3.7012869450252249e-07,12,1,1,1,0,0
222,11,-2.9519455396589902,-1.7605742487768017,-2.5328429594398822,-1.9589053736274917,-4.6337258655041396,-4.9321621901237123,0.41855816744,0.00210409376459,1.765395449912469e-07,0,8.8269772495623451e-08,14,1,1,1,0,0
223,7,3.2775646268368925,2.6455929802647926,-1.5160493867468263,-2.9050750964994387,-4.7099739585126006,1.455131994880251,0.0534846249025,0.00316187767481,5.906008747891445e-09,0,2.9530043739457225e-09,14,1,1,1,0,0
224,1,-2.3050636277349414,4.1811282038777016,0.74486826004386408,-2.9097659168107617,4.7213251265318155,-2.3004819678689685,0.0607577528323,0.165290063385,8.3260846465008322e-06,0,4.1630423232504161e-06,22,1,1,1,0,0
225,5,3.1566125052059046,-3.5706632321061602,3.0186318698751378,2.3405504491931319,5.5316501511985212,4.5977880379472973,3.19000915929,0.0571273893641,1.1170289148812031e-05,0,5.5851445744060153e-06,31,1,1,1,0,0
226,2,-0.36276801482203641,3.5071631228962796,-1.4441587246450969,-4.1320143547549169,2.0062586581594064,4.4448754090515621,1.42110187405,0.0530674377519,2.8773797816540699e-06,0,1.438689890827035e-06,48,1,1,1,0,0
227,12,-3.4042862540497816,-3.0917903796837161,1.0328124506552183,-3.1241406996424548,4.3550076077858257,4.3682028690542998,0.200582827792,0.0181159433267,1.4020507059647472e-07,0,7.0102535298237359e-08,58,1,1,1,0,0
228,15,-4.6885963252105318,4.7684209099582651,-0.41057176274509327,-2.4157695807088135,4.3694221682851708,-6.1123188080882969,0.200576073377,0.152528745117,7.1271605421347862e-06,0,3.5635802710673931e-06,15,1,1,1,0,0
229,13,2.9687239418565641,-5.7687837918666283,-2.2825718188920421,3.3917366310940302,-1.1399521179790233,4.4248205129234046,1.10429691085,0.119225991144,5.5495586260808025e-06,0,2.7747793130404013e-06,11,1,1,1,0,0
230,11,5.9819730475851678,-1.1890656374917865,-1.8814527512754278,-4.5549113241155927,1.10962294564441,5.5316422381130161,0.384674468322,0.0355721090754,5.3342969710603825e-07,0,2.6671484855301912e-07,9,1,1,1,0,0
231,5,3.9393061642206271,-0.45655689038590364,2.5243899658545912,-4.9480396071854953,-3.8536994158620148,-5.4222323532208554,0.670843600339,0.0348191715904,8.1934159216381652e-07,0,4.0967079608190826e-07,18,1,1,1,0,0
232,11,-4.516542850657749,0.092296711951954283,-1.2613938780486011,-1.47407907257795,-4.3384020947834667,2.263475284117904,0.0976132902622,0.0512946370384,8.1101936802936896e-07,0,4.0550968401468448e-07,15,1,1,1,0,0
233,8,1.6236436268240306,-1.6443630101706839,1.9922983940979382,3.9992367954282164,-4.5362552393874092,-2.7096443240864052,0.0864326267877,0.0113498054541,4.671083129662255e-08,0,2.3355415648311275e-08,11,1,1,1,0,0
234,7,-1.5871028149295485,-5.3132191007721685,1.8909143456097683,0.28724778538424856,5.3793025429476904,-2.6425951459530159,0.206144988437,0.0154637204074,1.1533789902880976e-07,0,5.7668949514404881e-08,27,1,1,1,0,0
235,14,-3.7299724270370471,-1.6386105567499538,-2.5041814394426325,0.97302433379846887,3.7376468680024328,5.5768628451436948,0.431900553893,0.00634251202662,1.9879207315928534e-07,0,9.9396036579642669e-08,11,1,1,1,0,0
236,0,-4.9877426794822401,-4.5593450215112608,0.3091961981604196,-2.3564769846464517,-4.0009770812871146,3.317074009315558,1.87275614418,0.000145232595167,3.5072220007041641e-06,0,1.7536110003520821e-06,11,1,1,1,0,0
237,3,4.5241189681483158,-5.7272283992165613,-1.7418222573160564,-2.697458403399922,3.7572222318866713,-1.8667154926943583,0.550308643998,0.0260310632669,5.0925331880310021e-07,0,2.546266594015501e-07,23,1,1,1,0,0
238,8,2.4866786839462067,1.3364093562276942,-1.8733392854017379,2.6404854464484937,4.3115736982070256,0.009447722699288591,0.308583063466,0.0594197770092,1.1707392467587435e-06,0,5.8536962337937173e-07,19,1,1,1,0,0
239,5,3.8801845660731553,1.8494786315528664,-2.4824631759222378,-5.6814237910167984,-2.549637244826199,-2.5326443142380501,0.173637270661,0.00455154520805,3.6460527968443933e-08,0,1.8230263984221966e-08,52,1,1,1,0,0
240,5,0.42026022113627115,-2.5007338116011772,1.3491847808597202,-3.3258386304184318,-0.74327955942253987,1.7814746376980795,0.0605204797073,0.0157351065446,7.9084045341345066e-08,0,3.9542022670672533e-08,10,1,1,1,0,0
241,10,3.2000949231480402,4.4721371593641068,-2.5250049107193289,2.9900411047370588,-4.9575302626093869,1.8473943086537561,0.0300498564004,0.0107746771248,3.626714720832338e-08,0,1.813357360416169e-08,47,1,1,1,0,0
242,7,1.5967886152353494,-2.1247281040479109,-1.7521701666363259,-4.1202211257911037,-4.452316316763909,-3.6724604663504321,0.294975729221,0.0267496427966,3.0497766195957679e-07,0,1.524888309797884e-07,13,1,1,1,0,0
243,11,-1.1157845774813071,-0.47265528499858206,-1.1494850170136743,-3.9828734121139253,-2.1249682814160229,-3.1368070223523019,0.0431724631296,0.000766631198428,2.0428923566312858e-09,0,1.0214461783156429e-09,13,1,1,1,0,0
244,14,-2.3820464403112953,1.4982722468717573,-2.0762936068693798,1.9057859928108674,-2.1167986355120538,-2.1337335693011683,0.0214684245153,0.245216412536,1.8317438066416035e-05,0,9.1587190332080177e-06,18,1,1,1,0,0
245,15,-3.622610540913036,1.7996480402485466,1.2875338122622586,-4.5240589977738974,-5.2663249476105856,-3.414081306316548,0.393373269056,0.099481066731,3.1693835349400879e-06,0,1.5846917674700439e-06,8,1,1,1,0,0
246,5,4.5199692698955074,2.5932050404660845,-0.85026358238213018,-0.95279455612095865,-6.7917913365544188e-05,4.707049940014274,0.50182975378,0.0208423384337,3.8415984453182153e-07,0,1.9207992226591077e-07,22,1,1,1,0,0
247,15,2.2364870512864714,-4.0894783530522645,0.68781163899246411,0.13714964925039258,-1.4714855808228751,-1.6200227917977035,0.200865529026,0.0208120356349,1.7228920195706737e-07,0,8.6144600978533687e-08,13,1,1,1,0,0
248,7,1.9674555162836027,-5.0246056807067792,2.670069792322773,3.8099607791940087,-1.817851224377431,5.792124889292432,0.0928599575007,0.0167129074452,9.3709097872074593e-08,0,4.6854548936037296e-08,12,1,1,1,0,0
249,14,2.3584724877375391,2.9019679326293781,0.84843703685149674,-4.9355488673996595,1.5730393377869776,1.7223078893235648,0.00693077262051,0.0264365548966,2.1294254118973197e-07,0,1.0647127059486599e-07,17,1,1,1,0,0
250,3,5.2064270570160565,-5.4654654439616186,-0.37072815744858689,-5.5414861741294086,4.4924103698520614,-3.7815404126918919,0.391085438498,0.0385841162816,6.0644213893810455e-07,0,3.0322106946905227e-07,15,1,1,1,0,0
251,13,-3.9825915211024943,-4.4668954157633793,-1.6262000169606508,1.0516713838519098,-1.3061595626559805,5.5674482012829731,0.0156543278933,0.0857343229452,2.2392970601972594e-06,0,1.1196485300986297e-06,14,1,1,1,0,0
252,5,5.6547252263488712,-2.7396067953898422,1.3741569566921734,1.181956765962954,2.1464257159156963,-6.0149135864565899,1.75164532083,0.0935694334409,5.7352596055265613e-06,0,2.8676298027632806e-06,35,1,1,1,0,0
253,9,-5.642371087680714,5.2548069944249542,2.3873645686977598,6.1719213784368714,4.6740699512621564,0.57350253714471611,0.809380083886,0.0373694478247,1.0804869236166154e-06,0,5.4024346180830769e-07,27,1,1,1,0,0
254,9,-4.2514424387299634,1.4980145362809241,2.6749707381193248,-2.1686544926492766,-1.6268495138403867,-0.0078736340388304675,0.377546174192,0.00457158768364,1.4890743919909663e-07,0,7.4453719599548316e-08,24,1,1,1,0,0
255,7,2.5685025370973178,1.9042115168569367,0.30728813267000737,-2.7641871273475336,-4.999301469162309,1.8124711946390295,24.0234806644,0.00390255583374,0.00057713226253945323,0,0.00028856613126972662,60,1,0,0,0,2
256,8,1.2773457034988704,3.2671659640639956,1.5275244556256091,-3.3804198400848113,-2.1818986122460107,-5.8639712578904692,0.0606766713812,0.248765584635,1.885472235368472e-05,0,9.4273611768423602e-06,46,1,1,1,0,0
257,10,-2.1526157869811877,0.81574121155521051,-0.73578496032163465,-0.98943885502756057,-2.7854530811030092,6.2831853071795862,12.2545810309,4.50097592968,0.0063213533636914173,0.0075689999999999993,0.0033877466818457084,60,1,0,0,1,2
258,1,5.3788080294735616,3.2619352765106271,2.5567488279744039,1.8121438965832584,-1.4693554316815829,1.8347934042372438,0.0168590149339,0.227444095391,1.5758392080706976e-05,0,7.8791960403534879e-06,12,1,1,1,0,0
259,14,-1.3678112385539816,0.20842227704192587,-0.91077698069316237,-1.6317973812841702,6.1692898315392597,-5.5652668288018372,0.393540387321,0.148063731414,6.832961691618349e-06,0,3.4164808458091745e-06,24,1,1,1,0,0
260,15,1.7347106533777323,-2.8766148067300152,-1.3213360700661412,-2.6645723919512809,-4.3495062996044478,-3.0556695470165844,0.0524873598958,0.143217400776,6.2508310194643379e-06,0,3.1254155097321689e-06,21,1,1,1,0,0
261,7,0.62384462738400304,1.8850884553347107,1.2291664400201008,3.9124188684998304,5.2574762670727999,-4.4417258251317246,0.119364319969,0.0163834342508,9.6012309824505281e-08,0,4.8006154912252641e-08,19,1,1,1,0,0
262,4,-0.011563010576645882,-4.9041239348614036,1.0522741212591686,3.7392070979608043,2.3071692253355875,-1.1968722824903875,0.404384738258,0.138733492485,6.0264929928844597e-06,0,3.0132464964422299e-06,23,1,1,1,0,0
263,1,-4.932541014733884,-4.5001498242069182,1.2029835517079959,4.1260143460826457,-2.2400170450766566,5.608337516217734,3.98552581069,0.0480247191998,1.6586977579283162e-05,0,8.2934887896415811e-06,19,1,1,1,0,0
264,4,3.4899932657035411,-3.7270386103454611,2.84459879869706,-3.3468615588021904,-1.4038779381684989,-1.7441939409668783,0.456673418314,0.0543207280157,1.1073978707913523e-06,0,5.5369893539567613e-07,20,1,1,1,0,0
265,6,-2.0591900927325493,-4.1245926311682561,0.72072439127736865,4.6678298550275041,0.34352621128440114,4.0724699332494882,0.073321480886,0.69111286855,0.00014550192568327198,0,7.275096284163599e-05,20,1,1,1,0,0
266,15,6.1167808465682461,-5.6363835641966409,-1.5903182396574853,-0.14707217083155361,2.170728187401783,-0.59734306039138407,0.0412772475343,0.00641994379502,1.4258824752017111e-08,0,7.1294123760085557e-09,32,1,1,1,0,0
267,2,5.4399872931810478,3.8413399767727086,-0.61944982741807131,-1.1506956019365597,4.2391920228978792,-2.9435963400334311,0.0778195854298,0.105304208105,3.3839512196190039e-06,0,1.691975609809502e-06,15,1,1,1,0,0
268,1,1.0775771045174329,-4.2632649319960896,-2.2820308530503488,-2.7025639944606885,1.853157798342475,-3.2970072707093219,0.23059694445,0.0337243071295,3.9962514312697431e-07,0,1.9981257156348716e-07,37,1,1,1,0,0
269,4,-0.33427932658769322,-2.9862629027432259,-0.64362527775469824,-2.1903399281582927,6.1404847939351139,3.8130403150507832,0.15931175073,0.00461120629256,3.1857382191105662e-08,0,1.5928691095552831e-08,18,1,1,1,0,0
270,9,-1.6923787552269642,-0.14341263008260613,0.64236654156339368,-5.4666554962360241,-1.5324463304969547,2.608184197193836,1.31746621232,0.0193544835841,1.849825698178831e-06,0,9.249128490894155e-07,9,1,1,1,0,0
271,9,-4.0884703965573115,5.4582810037660465,2.8249446130828155,-4.1376279423189608,-3.8161992803964178,2.8635547840471696,0.16607899375,0.0378396228013,4.6374474103188289e-07,0,2.3187237051594145e-07,17,1,1,1,0,0
272,4,3.5785121717504307,-1.4170809993010203,2.6568979628415788,0.47925341628816709,4.9533013044714096,-1.4621427788574086,0.00461400570652,0.151596342947,7.0005716549793838e-06,0,3.5002858274896919e-06,22,1,1,1,0,0
273,12,-5.2454809223141572,3.8491009909492435,-0.66718877211020267,-1.9322950887326076,4.5697024953766654,-3.600785282559936,2.22417398861,0.894824180846,0.00024885725996990639,0,0.0001244286299849532,6,1,1,1,0,0
274,2,-2.9395660975314342,4.1843766043740338,0.61942342986031118,2.9658840315210715,-1.5604407568592897,-1.4291185410174709,0.81058360594,0.0155781233074,7.3096970580857826e-07,0,3.6548485290428913e-07,25,1,1,1,0,0
275,2,5.1340044819435118,2.7821962162242664,-1.2102728632761905,-0.95427103229749011,4.3414583808431564,1.9065187837481836,0.741837263223,0.383427871337,4.5334241173624321e-05,0,2.2667120586812161e-05,27,1,1,1,0,0
276,1,-2.617309922818595,-0.0973038204939774,-0.4562973616679778,2.2176689169764319,-1.3008363897158179,3.8645887631250737,0.561441958988,0.0208260021046,4.4733646063488444e-07,0,2.2366823031744222e-07,18,1,1,1,0,0
277,12,6.0518284468411156,5.2914404758903215,1.2738521863991261,3.5577509218336112,-4.1693478350512096,4.010292192703683,0.0649931635541,0.0237655663145,1.7627268257022818e-07,0,8.8136341285114091e-08,33,1,1,1,0,0
278,14,2.144678616876579,2.967317912224579,0.089365651860318793,3.8319154145840955,6.2778686267025519,1.7702566538761788,2.27865139131,0.93281129619,0.00027025111385820704,0.006672164688290896,0.00033529049757783042,26,1,1,1,1,0
279,3,2.1326471679732091,0.22644312454512422,-1.0134527157061453,-0.69481134116636489,-3.2458066183964092,3.7333034186001535,0.142345659006,0.0552160307572,9.489829382744107e-07,0,4.7449146913720535e-07,9,1,1,1,0,0
280,13,0.91960660388628035,-2.7063009624934775,-0.87345441169709892,1.9838501663306023,-4.640008926467643,-2.6366160526793743,0.0583034166829,0.000970823179213,3.6863895977614491e-09,0,1.8431947988807245e-09,17,1,1,1,0,0
281,0,1.3294940546285872,-0.59500879444362043,1.2814695301662873,-2.0354942631228417,-4.6653658360250301,3.5130478286588906,0.0672543584541,0.00262895586762,6.62848429370495e-09,0,3.314242146852475e-09,24,1,1,1,0,0
282,3,-5.988453113748343,2.8035449107947037,-1.556871444071509,4.0616397772228288,1.492506283926287,-1.4781849554367272,2.9307468617,0.281766837833,3.2773631173594285e-05,0,1.6386815586797143e-05,12,1,1,1,0,0
283,9,1.8159802414516351,-4.6629724061891489,-2.433706598322007,-4.9080802421330922,3.9709421086480043,6.0695086570937251,1.55646647921,0.164801072444,1.0695812265358427e-05,0,5.3479061326792136e-06,17,1,1,1,0,0
284,13,-5.6850280390892056,-3.7934078440107406,-0.7199309619414237,-3.3742323072275942,-4.6339592854058198,-2.1022247834421277,0.0251969610025,0.0113914730074,4.0163766541097193e-08,0,2.0081883270548597e-08,24,1,1,1,0,0
285,8,1.8772613893224956,-0.51378286673389784,-1.0863611780863185,-2.7386525345942756,4.0588223740532801,-5.834335954534021,0.0737237166341,0.0233574687346,1.7162572202711885e-07,0,8.5812861013559423e-08,34,1,1,1,0,0
286,11,4.6544721708973444,-0.52158763612213266,-1.1374082988187821,-0.019864529008638214,1.4744237188305385,0.86502704961694721,0.0285768543056,0.164660244802,8.2599075873385963e-06,0,4.1299537936692982e-06,29,1,1,1,0,0
287,3,4.2894952899646981,-3.1017673118661242,2.4539198638024473,-4.3703474636177297,4.3451985153115977,2.8843352452120588,0.128974314603,0.00452381059288,2.286832737148475e-08,0,1.1434163685742375e-08,38,1,1,1,0,0
288,14,-0.57081339866304204,1.2940723386420969,-0.44874636454273331,4.2070895980273226,0.28244282456309994,-2.2346161561592592,0.31737235026,0.0162731770245,1.8139286383044105e-07,0,9.0696431915220524e-08,12,1,1,1,0,0
289,0,-2.3605854787836207,5.9980788534840919,-1.7556152926093644,2.0582820509503796,-2.2032230864380105,3.0333644258201824,0.0277847039493,0.00701662539375,1.5769228924146079e-08,0,7.8846144620730397e-09,12,1,1,1,0,0
290,14,3.743668254660161,5.5765332613739673,-1.1351619007666078,-4.2643701455704113,3.7380555040354477,-2.7826376467854086,0.053708384576,0.000368233874065,2.9258955340737063e-09,0,1.4629477670368531e-09,29,1,1,1,0,0
291,15,4.8578422494054356,-1.6641819301999026,1.579369797938575,-1.4176701063849291,1.0522097648456379,5.9234866510981314,0.0594512928182,0.0048227731969,1.0619595829678184e-08,0,5.3097979148390918e-09,11,1,1,1,0,0
292,8,0.88280133047697562,4.1587964769066641,-2.6842527743117319,1.561322238861794,-1.4552094519224372,1.1019821327917632,0.0136090971206,0.0647275828993,1.2764286228464261e-06,0,6.3821431142321304e-07,13,1,1,1,0,0
293,15,-1.348427056473039,2.8706702934058699,0.35815082597718845,-1.4732474959912683,4.6609429338717705,-2.9249336736866542,0.548290819075,0.0171157519342,3.8986017990720991e-07,0,1.9493008995360496e-07,17,1,1,1,0,0
294,10,3.0526771309483429,1.9362485054030809,-1.975071419514546,3.4878130752789556,-3.8565964642771076,0.25591938577932882,0.234491865396,0.137616871056,5.8239539523934081e-06,0,2.9119769761967041e-06,7,1,1,1,0,0
295,0,-3.1071843926066114,-3.7988246997538826,-0.95012587152813033,2.7737212417369501,-4.2335184402341746,1.1417070367272248,0.0218843108444,0.0240280794665,1.7634936477837877e-07,0,8.8174682389189383e-08,38,1,1,1,0,0
296,15,-1.3109191562616767,-5.0922014100623416,-1.4337616929598593,0.23698055009373789,5.3408417710190266,3.8731405065259978,0.401698028445,0.0122193232249,2.0684429961619484e-07,0,1.0342214980809742e-07,17,1,1,1,0,0
297,13,-3.3636418772885275,-0.47922248334834289,2.0460583992798216,5.2570394877369644,-2.1425199066299072,3.9323082351854346,0.94995583906,0.107025092316,4.3916168481703364e-06,0,2.1958084240851682e-06,10,1,1,1,0,0
298,3,0.74472571757673667,1.910688090385612,2.6129176612841687,-4.5689427863453771,-4.0575873210341884,4.3610694158538061,0.13593647084,0.0246854148673,2.0410335199870816e-07,0,1.0205167599935408e-07,16,1,1,1,0,0
299,14,-2.4089676739288266,4.9582759497447846,-2.3207920756864731,-5.8377942790179915,-1.1561971877404804,-2.4657974221140768,0.0426578743259,0.000516181341014,1.9008574750444647e-09,0,9.5042873752223235e-10,9,1,1,1,0,0
300,3,-3.0198117347058759,5.6703906840080016,1.3102171120448889,1.4443517370026693,4.2914750248525211,-1.0752198620568469,0.0453546062628,0.00800663144598,2.1584889434902104e-08,0,1.0792444717451052e-08,8,1,1,1,0,0
301,8,-3.5461553821066767,5.8380103584747634,0.50746451967314699,-4.4967798788406474,5.2079054117399748,4.6287583477632266,0.295769026261,0.00106458686723,8.7824553585225956e-08,0,4.3912276792612978e-08,19,1,1,1,0,0
302,11,-0.18312396918472881,-0.12855475702134261,0.43192598666457971,-0.89167431808311914,-4.5504700602404222,5.1658731398476299,0.131103053775,0.403250406863,4.9551297945313468e-05,0,2.4775648972656734e-05,13,1,1,1,0,0
303,15,-0.49185422171136273,3.9915722846477357,-1.4318819728631336,-5.3634412066408483,-3.1922961371047096,-2.0048410283389142,1.60580497654,0.0631876405844,3.7948488695229334e-06,0,1.8974244347614667e-06,16,1,1,1,0,0
304,13,-1.6737105562684207,-1.3059006487112672,2.4949292478065481,-5.7730904100789955,-2.3747746343344174,3.9043441029107653,0.137309707083,0.00333479323087,2.2241559040777182e-08,0,1.1120779520388591e-08,9,1,1,1,0,0
305,2,-3.6746589399410801,-2.518312022704901,-0.53444615492487713,-1.6393718289623167,-1.7316515238443981,4.4128284661315025,0.336962084079,0.133877789846,5.5732814577888465e-06,0,2.7866407288944232e-06,11,1,1,1,0,0
306,6,2.0975942860543082,-4.0172229381683335,0.74982035180296047,0.62006859161445527,-4.0827714409546259,1.5847940853667191,0.0962062222155,0.0051481623497,1.7329088000938732e-08,0,8.6645440004693658e-09,41,1,1,1,0,0
307,9,-1.0155672143493586,-0.69148518805543546,0.1496676719787528,0.72529501023778808,4.3771205874948516,3.0564483014690262,1.19577568447,0.0313105082627,1.7285105437821507e-06,0,8.6425527189107536e-07,11,1,1,1,0,0
308,5,2.8560305209172108,-4.963951501554118,-0.33650492703629553,-2.4282288955564217,-4.7822947898545065,0.93935642495928529,0.0142380880635,0.353740633639,3.8117722474680851e-05,0,1.9058861237340426e-05,25,1,1,1,0,0
309,2,2.6838704203968846,0.20966836487821588,-0.94860041099872272,4.3003992942452971,-4.0214434738363192,1.381444911999729,0.161682237506,0.187445635073,1.0729138021669028e-05,0,5.3645690108345141e-06,47,1,1,1,0,0
310,8,-1.9371960122766341,2.0631118372460882,-0.066657616722368834,3.7663993266739251,1.5278347480996546,-6.2025311842245801,6.96580601537,0.00869274242744,4.8545471484641134e-05,4.027015547017942e-05,2.5480840406425949e-05,60,1,1,0,1,1
311,10,2.9890153423924888,4.2073859022137237,-1.2792593256699454,4.6287020450751628,4.9460368352296138,4.991317626095733,0.0955777922231,0.0232184514684,1.7335329573689922e-07,0,8.6676647868449612e-08,50,1,1,1,0,0
312,3,-3.7482147067548595,3.1213823666242138,-1.8340410845165851,4.951002808562035,2.5450585742952874,3.1788369177392677,1.95231858332,0.00437845604554,3.8173876339630337e-06,0,1.9086938169815168e-06,17,1,1,1,0,0
313,15,-1.9787228751314068,2.1558943495682077,0.3251532720036554,-2.6989479085237367,0.78232947672989916,-1.0612627138238655,64.4250909478,0.202974574401,0.004163142178583228,0,0.002081571089291614,60,0,0,0,0,3
314,6,0.72959433980191046,-2.4888940248173101,0.7637699530126435,1.3373635517612499,-4.4704750605658035,3.1393112120309534,0.0397622421177,0.0505809265681,7.8092342156041759e-07,0,3.904617107802088e-07,14,1,1,1,0,0
315,6,-5.0300603106815895,-0.66883926373103264,-1.1883774127475826,-1.2962824866303932,-4.3539147758692582,-3.3437326581142295,0.108972893447,0.0258861661225,2.1599727389355317e-07,0,1.0799863694677659e-07,9,1,1,1,0,0
316,4,0.5397725047554357,2.5121779279565359,0.5660367655876678,-1.7825614892747383,-1.1917282970923075,1.3124603333303317,0.307516171014,0.00446593216608,1.0064165282933185e-07,0,5.0320826414665927e-08,21,1,1,1,0,0
317,3,-3.0998149706125404,1.442849001623183,2.4619488036478887,0.73145007829300823,1.4841057347736,-4.8254143472770092,0.0829080514913,0.0156242804772,8.1236383062823057e-08,0,4.0618191531411529e-08,15,1,1,1,0,0
318,8,0.034810366603784296,-4.7397691730382583,2.3648852577337127,1.2470324622875184,1.0304202494798349,-1.7845668167725031,0.0206031055082,0.161287125213,7.9246009351934733e-06,0,3.9623004675967367e-06,38,1,1,1,0,0
319,14,1.2845135992249916,1.1631616512451202,-0.13723555039735341,0.09728021032923255,-1.4371828042956865,-5.3292747588078706,3.88154606995,0.129635741376,2.0185625229753723e-05,0,1.0092812614876862e-05,28,1,1,1,0,0
320,8,-5.9252369306320336,3.9338211142161361,-0.54819556265610769,-2.4071346498420652,5.0001916935459851,1.9178154264701113,0.535679007073,0.00973228407205,3.1580455437740184e-07,0,1.5790227718870092e-07,12,1,1,1,0,0
321,12,-3.6084221170678652,4.6460839409315877,-1.7912571902634664,-0.75723283508605133,4.5712100532894526,-1.6079136815978665,0.413969633918,0.0179802112522,2.6985001320042546e-07,0,1.3492500660021273e-07,46,1,1,1,0,0
322,5,-6.0264164542990191,-2.0272359373402566,-1.4162446739912633,2.9353545471770142,1.9957832717732347,4.2259701437095227,0.0131361060026,0.111329299645,3.7756657292964363e-06,0,1.8878328646482182e-06,19,1,1,1,0,0
323,2,-1.9200035659125672,-3.0803654712123709,0.59201305063036247,1.5109069041944851,1.8728378628193783,0.53345417265959605,0.153602693175,0.0104166933974,5.6647062434816685e-08,0,2.8323531217408342e-08,12,1,1,1,0,0
324,9,-4.2390288644002379,-5.2447492344270739,-1.7696385337572835,2.6975062890570394,4.3638703232161609,-6.0876217226022868,1.53505201897,0.00360358645701,2.3603404126045568e-06,0,1.1801702063022784e-06,19,1,1,1,0,0
325,1,-3.1787090975091084,-5.8202727880517724,1.3327804206572744,-3.0040401452939509,-4.3402333238156912,2.1938986543739052,0.585731301299,0.030075630217,6.1862087441293217e-07,0,3.0931043720646609e-07,11,1,1,1,0,0
326,8,-5.0473988213867829,2.6486980917401515,-1.7579002510965542,-5.3426117724315159,-1.8350939165627738,-6.1542424462203131,1.18277454382,0.0580806098102,2.4265389987229089e-06,0,1.2132694993614545e-06,5,1,1,1,0,0
327,4,-4.28574796849822,-4.4021766359882264,-2.296413035222868,1.2171091925490309,-1.4078089421843794,5.5183460683467507,0.283059506259,0.0299302485975,3.5300499439810777e-07,0,1.7650249719905388e-07,18,1,1,1,0,0
328,15,-1.7721335624035053,-3.8750995844790341,-0.4828805124268522,-2.1214477702278525,-4.315924190997432,-5.1646402399027052,0.682712334715,0.137720414534,6.2437481032379863e-06,0,3.1218740516189932e-06,37,1,1,1,0,0
329,15,-3.5369417836840999,4.0594611531656204,-0.80457772525736693,-2.2092385088560178,5.0513707154440057,-0.60095615546494086,0.302022928637,0.0104513921596,1.2449169698700727e-07,0,6.2245848493503634e-08,12,1,1,1,0,0
330,2,-3.291079892138979,-0.46975407168578587,-0.66074756794880729,-3.5445620700002323,-1.5412500249961509,4.6591348786716855,0.326957983962,0.000919562548218,1.0715910632922013e-07,0,5.3579553164610067e-08,22,1,1,1,0,0
331,4,-0.075652293053656006,3.6346976854575823,1.5042929167867751,3.0684858625743874,4.5721298490212892,1.5050599007764995,0.0340608894017,0.00129123879347,1.6680320863936535e-09,0,8.3401604319682675e-10,22,1,1,1,0,0
332,10,-2.8519891216949094,-2.8127992212287012,1.3152653357900246,3.2612717810653735,-0.54515395210298812,-1.0307515266707983,0.0936463094358,0.203162363701,1.258183719113066e-05,0,6.2909185955653301e-06,17,1,1,1,0,0
333,0,1.6757403938218256,-3.2106040350756504,0.62882615790739305,-0.83627122963771561,-1.6811984138251528,5.5323347672938876,0.325449225415,0.0250445778105,2.9698264989987746e-07,0,1.4849132494993873e-07,18,1,1,1,0,0
334,5,-1.2532648371115449,3.2155812471108551,2.2095439131206538,2.7785313386749961,-0.87323066359022861,-3.1294218642364573,0.218820870452,0.00926152056921,7.4011365027949269e-08,0,3.7005682513974634e-08,27,1,1,1,0,0
335,8,-1.6962149301845093,1.7259659414361868,-0.55843904437029235,-1.9994602585681773,-3.9774731796657496,0.53582299260514765,0.613315770858,0.17292525759,9.4851750206204752e-06,0,4.7425875103102376e-06,11,1,1,1,0,0
336,8,5.8560967769342041,2.7640671771632714,1.0154122767545524,-3.4173094162155744,-2.1816462830670824,-4.8454642373515115,0.128436185013,0.0105701492431,5.0530165458798499e-08,0,2.5265082729399249e-08,9,1,1,1,0,0
337,4,2.5696554755493315,3.1598354049930282,1.2664772223489829,-3.1912759933315513,5.3014775236703908,-0.40427013829974895,0.714967435989,0.0101886880009,5.4280057488612424e-07,0,2.7140028744306212e-07,22,1,1,1,0,0
338,10,-4.0280024741618554,3.4444377528442907,0.87073791960330049,4.9070855070547825,5.9486614768493311,-1.5087027911350035,0.0315934080914,0.000240404780429,1.0157486336391582e-09,0,5.0787431681957909e-10,14,1,1,1,0,0
339,10,-1.851998620781262,-3.3959457123152683,1.5831678867666237,-2.8710335362395178,-1.4461183832081228,-2.5959749313243798,0.0637969265852,0.0395246436321,4.7994260555020753e-07,0,2.3997130277510377e-07,17,1,1,1,0,0
340,1,-0.37070534462500432,-4.2610242352060776,-0.4355325785044783,-4.3918041305884019,-1.1470549717237983,-4.7197144835312379,0.844150737005,0.174089148244,9.9446402147398206e-06,0,4.9723201073699103e-06,9,1,1,1,0,0
341,4,-4.1083911571970573,-1.4904593382619193,-2.5085351140393635,-2.5386884613400191,-3.8357870620011552,-3.7610195123250403,0.0651025780174,0.0256243196063,2.0425189665659934e-07,0,1.0212594832829967e-07,13,1,1,1,0,0
342,13,-3.5879394625339729,-3.8280310369504194,0.19779127093984175,3.9265355143212108,3.3785140336278876,-2.7440796307184478,1.58201657599,0.0045877792555,2.5091879484052574e-06,0,1.2545939742026287e-06,24,1,1,1,0,0
343,10,-1.7783689438728054,-4.8496385869146668,-2.4160193414484712,1.1565940457410875,-2.1638919946564443,3.326436637479488,0.200372702562,0.0228325874244,1.9895452030953353e-07,0,9.9477260154766765e-08,12,1,1,1,0,0
344,9,-0.80925994879937657,-1.6571396488103114,-0.82204679722483354,2.4451593012056492,1.2081939427188739,-2.1866005760883556,0.0885532826293,0.0439346074312,5.9582937620238139e-07,0,2.979146881011907e-07,20,1,1,1,0,0
345,15,-4.9780969303795937,-0.75013190576984512,1.2192877828372437,-1.9690310790592702,-4.5641472838117894,4.2315987025715884,0.00931688559603,0.196996690059,1.1821586995478243e-05,0,5.9107934977391216e-06,34,1,1,1,0,0
346,5,-0.0048408113071723088,3.1057467126674521,1.6214919292792471,-3.1250165660590081,-0.54273905508646147,2.0077953280599075,0.0266436808606,0.00357722904513,4.6079431468343135e-09,0,2.3039715734171568e-09,20,1,1,1,0,0
347,15,2.4489068967008576,5.8235201290189895,-0.45286001215131866,-3.7161470350900236,-0.22500530949748593,4.6146622253763097,3.62344604797,0.127149858509,1.8054137443388112e-05,0,9.0270687216940561e-06,18,1,1,1,0,0
348,9,2.4390871807908083,-1.3191808638184463,-0.16601732656204862,-0.25537361121377478,-3.5146338304644096,-3.9264586286758569,0.671956949159,0.0581474180895,1.481474871352207e-06,0,7.4073743567610351e-07,21,1,1,1,0,0
349,4,-5.738535241504616,0.81286153805360939,-2.5666108047028056,-3.0868548619123377,4.8541568718709875,0.67075206150146027,0.0574929893392,0.0129592767315,5.4463762498510634e-08,0,2.7231881249255317e-08,18,1,1,1,0,0
350,14,-0.60116645596746121,1.4533510817316107,-0.70862832480073323,-0.46656568519314223,-2.6955822735472874,-4.7828427178728283,0.0207983980168,0.898075149633,0.00024568625390905741,0,0.00012284312695452871,22,1,1,1,0,0
351,9,0.016987275140833123,3.5605054169958374,-1.8271958578940972,3.1936964030281514,-5.9567754558028554,4.5884759419096266,0.570443982204,0.51401673181,8.0809349771180814e-05,0,4.0404674885590407e-05,16,1,1,1,0,0
352,9,-1.1591252175157982,2.6675726593008493,1.5185274545804135,0.76049393265826692,1.7112139304003171,-0.055900269830909691,0.0538092608995,0.0231181941423,1.6569849084152285e-07,0,8.2849245420761424e-08,15,1,1,1,0,0
353,6,-0.96449355576168661,4.9410461300428521,-1.254527543485404,2.4720944228217379,-4.21284298389096,0.2687685867417004,0.0472158477118,0.00445158788495,8.2658284055226309e-09,0,4.1329142027613155e-09,32,1,1,1,0,0
354,2,-0.28893335365555256,1.6073802281763467,-1.8984060963460614,-2.8000127976106537,0.91730693985581824,-1.4292429890044496,0.0375629423564,0.271923573423,2.2525563147909221e-05,0,1.126278157395461e-05,14,1,1,1,0,0
355,13,3.1567913328848638,-2.7894639105300008,0.76699194286457339,4.7631374753702787,-2.2103477876949369,-0.46830160050640424,0.351665515108,0.017395534255,2.1584727064470617e-07,0,1.0792363532235309e-07,21,1,1,1,0,0
356,7,-3.0674559855327646,-4.9231444851260102,2.4204702991141125,-1.3473438007239427,-1.6710541387957993,5.4523096046866968,0.0546532431584,0.00401217509674,7.8905708311030794e-09,0,3.9452854155515397e-09,18,1,1,1,0,0
357,12,-3.1758843023583188,-1.3385367385750411,2.1949494802730989,4.0886762934674872,-4.807443189267028,1.6731073701756771,0.258468089179,0.0141455209764,1.2775840837032293e-07,0,6.3879204185161466e-08,7,1,1,1,0,0
358,13,0.27834172187419648,-3.7829585783597546,-1.571128601367926,-5.6057403614978156,4.4151402556606563,-4.8415935495054487,0.572912158801,0.0259158457653,5.3281886277390862e-07,0,2.6640943138695431e-07,16,1,1,1,0,0
359,13,-4.7088967545682276,-2.8275838379545086,-2.6836691356682203,1.7100971450728273,5.158440458240956,0.19174969851591114,0.197596826365,0.0763626553476,1.8153463981390428e-06,0,9.0767319906952138e-07,27,1,1,1,0,0
360,14,0.076821373179484925,3.4843467687053407,-2.530910721515649,-4.4272948503719567,4.8144013209251639,1.8180335621085948,0.0501282168254,0.00594557767728,1.3281031596680162e-08,0,6.640515798340081e-09,60,1,1,1,0,0
361,2,5.7962684711212376,-1.8017840803983138,-2.8779783531377907,0.29946455676360939,4.7444484152964836,2.091137414766246,0.148348448433,0.00164160919458,2.2828169772467203e-08,0,1.1414084886233601e-08,32,1,1,1,0,0
362,5,-0.37900273715959565,-0.30278303157221109,2.3062667986139007,-1.3431605943229898,-0.75058638365403996,2.151482181487657,0.0212882978193,0.102253457512,3.1854627408619375e-06,0,1.5927313704309688e-06,32,1,1,1,0,0
363,15,0.59537952057447485,-3.039193716092583,-1.3100160290286742,-4.4177894942821228,-4.351737952021038,3.608071640266131,0.040593956835,0.0988491172407,2.9781097551291639e-06,0,1.4890548775645819e-06,15,1,1,1,0,0
364,3,1.4852091895435042,2.0792434022565374,2.1208107820246989,-5.091692205475475,-4.4225147621499499,-3.4044766697025564,0.0484632631655,0.0217191835799,1.4604371130506142e-07,0,7.3021855652530711e-08,14,1,1,1,0,0
365,13,-2.0124925761074723,-3.143842672788784,1.6106246765202452,-3.2792408038080239,-0.90878271100267005,-2.2924678532529938,0.0795350193704,0.0134287731146,6.1258071817389757e-08,0,3.0629035908694878e-08,21,1,1,1,0,0
366,10,2.1567880339300189,6.0007512246646826,0.21272461313498481,-3.0575773168276221,0.46140051317867165,-2.5547726944921334,0.57710429093,0.151038451756,7.2821689501385049e-06,0,3.6410844750692524e-06,26,1,1,1,0,0
367,1,4.12381379889956,4.040088502558894,-2.3810341859017203,1.0908828562524056,-1.6629910211848602,3.1716949663785119,0.0260598697197,0.0257485406189,2.0263661089130159e-07,0,1.013183054456508e-07,31,1,1,1,0,0
368,10,3.0669963905591486,1.7677404702103934,-1.9770033703251664,1.1141517567120149,-1.5732987238831619,4.1057289455800108,0.258842004407,0.0002466279279,6.7017711701984242e-08,0,3.3508855850992121e-08,8,1,1,1,0,0
369,10,-3.5476200140971099,5.4635270062779773,-2.5392767723970264,5.1550820566447264,4.1305054873776657,-1.5933018594787438,0.099627729851,0.00137161415093,1.0498769038011175e-08,0,5.2493845190055877e-09,36,1,1,1,0,0
370,9,4.1748184333626019,5.1021047717144326,1.7973344192906273,0.1139339647590516,4.1949636532331178,-1.7353253620374169,0.0321710699703,0.0482041655954,7.0885668057961436e-07,0,3.5442834028980718e-07,13,1,1,1,0,0
371,5,3.23350665933018,-0.5815442376002844,-1.341348003302955,5.2640683911072799,-4.3637584608440303,-5.5082630662352461,0.0257946158102,0.00533474565391,9.334625072470713e-09,0,4.6673125362353565e-09,25,1,1,1,0,0
372,15,-0.48698794974258958,3.2901729188348883,-1.0127319306680092,-4.2817647766984823,-4.5418090397480455,5.0248446936358864,0.0608446031843,0.0164930640927,8.6564450587257139e-08,0,4.3282225293628569e-08,10,1,1,1,0,0
373,9,-2.0636175658030638,1.4941077064010502,0.88810046948934152,2.8333268193197694,1.4234783551318118,0.50458128681588554,0.0899934208688,0.0620658757695,1.1815377958426786e-06,0,5.9076889792133929e-07,12,1,1,1,0,0
374,4,2.8533762438132304,-1.2296992768216419,1.8687843701637199,5.6281309322196558,-1.4171729798974209,-0.89472424451149812,0.0358591336522,0.105503420266,3.3919737527430486e-06,0,1.6959868763715243e-06,14,1,1,1,0,0
375,1,1.5299941483982005,-0.76021355584597028,0.32367155996251196,-2.7071601109984731,-0.071532782265459532,-1.2551391444135602,0.932067407014,0.033364750578,1.2078517676505577e-06,0,6.0392588382527884e-07,20,1,1,1,0,0
376,15,1.2057603136709134,-4.1067512075408956,-0.68665944414682467,-4.6634631279792256,-2.3793955053211788,0.81409408090858171,2.74794273324,0.00614970650853,7.5627095579040606e-06,0,3.7813547789520303e-06,24,1,1,1,0,0
377,7,-1.4170858420675729,5.4369398907663484,-1.9993516821966222,-1.6119315913773502,3.8119443248669946,-3.3095387299570227,0.24740628733,0.133220295667,5.4674523614967222e-06,0,2.7337261807483611e-06,20,1,1,1,0,0
378,15,1.0500180471253842,4.7108257274455392,-2.190069728297821,-3.702099887845856,-5.2581502541038994,-1.8340397336811896,0.0412628992389,0.0568160331987,9.8502643101881128e-07,0,4.9251321550940564e-07,13,1,1,1,0,0
379,11,-3.6638543144516227,3.0838036182585671,-1.3621656866062486,5.7700496931681764,3.3123702543603009,-1.7128437936356908,0.424003768686,0.0625275740677,1.3707411661822426e-06,0,6.8537058309112132e-07,14,1,1,1,0,0
380,1,-0.099068201493392183,3.8405142550037898,1.0057823896605345,-2.0892990846501922,-2.2650757511669499,-4.3893198023077682,0.22815987589,0.0765241650171,1.8358806478234571e-06,0,9.1794032391172856e-07,19,1,1,1,0,0
381,15,-0.618483407281465,-3.2493801947525487,1.8533521577299483,0.40585525055079269,-4.5964202400779115,-0.41694019792369524,0.0283635190807,0.00711999927618,1.6246883400516947e-08,0,8.1234417002584736e-09,18,1,1,1,0,0
382,3,-6.1250392639899873,1.4648840905357394,1.5584051185276915,4.5991199898737367,5.5728655910061073,-4.166016100514665,0.0332071511469,0.00161808317421,1.900262131786409e-09,0,9.5013106589320451e-10,43,1,1,1,0,0
383,6,-5.1859509597060169,1.562800311133359,-1.8002069306989088,-2.8756263862150369,1.4848417302202053,-3.4864914858246348,0.0865744147743,0.0379046414771,4.4515781551910092e-07,0,2.2257890775955046e-07,16,1,1,1,0,0
384,10,-1.6969255104011094,2.7039436681320281,-1.2690372724777363,-1.0060209502084183,3.4077339160086786,1.5978086759804901,0.427767412786,0.0769919161037,1.988682436935577e-06,0,9.9434121846778852e-07,11,1,1,1,0,0
385,9,1.7333565332637024,-3.6821019708957854,0.21025442041829576,-0.48615607897494562,-1.002958823956869,-0.7746721678884515,0.43710197524,0.0721462711382,1.7766175283853741e-06,0,8.8830876419268703e-07,17,1,1,1,0,0
386,2,4.6190906983194084,-4.674090905355774,-2.358389982428537,2.658779915242139,4.2273686734193898,3.7042495493345258,0.214174457553,0.00412830740417,5.1062269200686743e-08,0,2.5531134600343371e-08,16,1,1,1,0,0
387,14,6.1934351057424211,-0.16787277467446143,-1.898086181800718,0.44698006225300413,-4.8192706867931312,4.4107322820671868,0.175564160416,0.00974244088648,5.9735583862810546e-08,0,2.9867791931405273e-08,58,1,1,1,0,0
388,13,0.20956536295197001,3.6564697421361099,-1.0905305436555828,-1.0010984388240689,-1.7249337111435834,-4.9439984967608694,0.0413771112258,0.01056983216,3.574433528152526e-08,0,1.787216764076263e-08,16,1,1,1,0,0
389,5,3.1138513480704053,-5.2594166259514941,0.43340485269119366,-0.42856614620529093,-1.2274474506544821,-0.5432336360090837,0.838439263008,0.523518480869,8.4189963969108885e-05,0,4.2094981984554442e-05,45,1,1,1,0,0
390,7,4.2689355338826918,-2.3922436233509963,-2.6537189419299976,6.1862852645196016,3.7959623853379365,-3.9389752897279986,0.430702431077,0.0862266647678,2.4503465895002271e-06,0,1.2251732947501136e-06,14,1,1,1,0,0
391,15,-4.660862523546597,-1.4545560013282057,-1.7335173676503586,4.0101925842213575,-1.6487992794130193,-0.6457426169008792,0.0420609988064,0.0214783205844,1.4229470419753931e-07,0,7.1147352098769655e-08,25,1,1,1,0,0
392,7,-3.1302952177595862,-0.73096944912603135,-1.0284935108221802,-3.2731055608017456,4.8447401447103742,-1.640384234643564,0.0351302260884,0.00129012707849,1.7411465108438933e-09,0,8.7057325542194664e-10,36,1,1,1,0,0
393,10,-3.1165914735357751,1.9491781734022151,-1.9535921339449032,0.21547806992437862,4.4988229596056266,3.9619814140403782,0.0606493678535,0.00182962290537,4.6980587187572739e-09,0,2.349029359378637e-09,16,1,1,1,0,0
394,12,-5.3155235515736257,5.5114199689692516,-1.0310076761645777,-0.5429906098848517,-4.56836929994176,4.2476119251400295,0.0525827840372,0.0259044638262,2.0717580214148176e-07,0,1.0358790107074088e-07,50,1,1,1,0,0
395,7,-0.25364632711747465,1.8103896495955996,0.61807070315434265,-0.340172644807816,-0.76259429801069079,-4.692649847245872,0.525922205289,0.051029082534,1.0698079552634771e-06,0,5.3490397763173854e-07,19,1,1,1,0,0
396,9,-3.0432687544223627,3.9900667216538044,-2.2852750678463383,2.8299299479304736,-3.1184915622565761,1.0437280366240971,0.0475859884779,0.0300605211826,2.7752736825318477e-07,0,1.3876368412659239e-07,21,1,1,1,0,0
397,2,3.044809644829316,3.4933582478768863,-2.338867627228213,4.0937583415092726,1.4982042824952531,-3.8836002456842542,0.0723034655799,0.0738267750769,1.6655123577949843e-06,0,8.3275617889749214e-07,55,1,1,1,0,0
398,6,-4.9543465703797409,3.0878507776059361,2.0521798549927266,1.0991596240088655,1.8775446125222335,3.3905394498300074,1.73658543364,0.00514378464629,3.0237886945755208e-06,0,1.5118943472877604e-06,23,1,1,1,0,0
399,12,0.78429628324193623,1.1357940591938329,-1.2486009725226663,-1.8705955927809035,1.6890340417901117,-2.1687377687740432,0.169720202403,0.0575169413961,1.0365398528038291e-06,0,5.1826992640191453e-07,13,1,1,1,0,0
400,6,1.4187548442298976,1.6854716063226436,-0.4641909156647725,-2.8888068254730457,-4.1969568775470503,3.9444139147446191,0.0771105887883,0.128940509009,5.0704101296598899e-06,0,2.5352050648299449e-06,28,1,1,1,0,0
401,4,-5.9810827041298404,3.1937657460020521,-1.9838350153679571,-2.1255608982300704,0.93882914948942975,-1.8594917264262834,0.0226420347167,0.0995440544086,3.0189723914930013e-06,0,1.5094861957465006e-06,17,1,1,1,0,0
402,6,2.4331272271389328,1.8040649805833888,-0.73269836506566233,2.9457132950123284,-5.0700480455042705,1.8691096268241454,0.0749714660117,0.0459204719807,6.4796435055573031e-07,0,3.2398217527786516e-07,11,1,1,1,0,0
403,2,3.7197604643978042,-5.0349006423900278,-2.1829010506665512,-4.0866086133053825,4.7118946483925646,3.5862778982403292,0.107280284678,0.0378602012644,4.4814609711039108e-07,0,2.2407304855519554e-07,10,1,1,1,0,0
404,4,-3.2935098780926992,1.6176338688430145,2.545024768191372,1.7064644640634354,-4.8120437817391437,-3.9511127142909404,0.013431501952,0.0115495477829,4.0813948550875098e-08,0,2.0406974275437549e-08,24,1,1,1,0,0
405,5,1.9865198413556153,-0.85285717586273679,0.68360901738003876,5.9993091016524236,-4.5042735624148627,4.3753206254914883,3.85546017812,0.396424512147,6.2735929907038987e-05,0,3.1367964953519493e-05,13,1,1,1,0,0
406,15,-3.5567344961194736,3.2990619874172871,0.30889050915473976,-1.1931765480539496,-6.1575290735781119,-2.0871800204087076,2.07617437509,0.17805353687,1.3967804979076771e-05,0,6.9839024895383853e-06,15,1,1,1,0,0
407,2,1.2524042551732677,5.3882283699134348,2.5070628307709364,-1.3738562085957895,-2.037034474309638,0.99858470063600346,0.502646234798,0.0746248944155,1.9490295303119153e-06,0,9.7451476515595765e-07,29,1,1,1,0,0
408,4,-3.6990168061549684,2.7695541908604002,0.72778377486679535,5.2056706232832664,-3.6403546563858908,-6.1071420938102836,0.050689439011,0.42138657045,5.409246167103488e-05,0,2.704623083551744e-05,16,1,1,1,0,0
409,0,-1.2642277094177981,0.35767185367255877,-0.49795388235842392,1.5526631051320177,4.8806252823191443,2.9515217848272384,0.0888100865759,0.02851190512,2.5551948476814166e-07,0,1.2775974238407083e-07,18,1,1,1,0,0
410,4,-0.38144198288388426,-4.9876896543782578,2.4470112992392412,2.3503743553371153,-4.8866542099681984,5.7180762455442817,0.0782115319632,0.00988350131177,3.5873169365006175e-08,0,1.7936584682503087e-08,10,1,1,1,0,0
411,9,-2.2803970917092067,4.4636988881543411,-2.8353506049345234,-0.16662600959071766,-2.2177183236229459,3.5654055584724338,1.37672386581,0.01359649862,1.9516816333658349e-06,0,9.7584081668291743e-07,30,1,1,1,0,0
412,11,-3.3495102464275681,1.0804375402870781,2.3322403087177666,5.7065333404755485,-1.5786962586009223,-0.55548818579893178,0.116911818287,0.00723589216351,2.9617573366234382e-08,0,1.4808786683117191e-08,45,1,1,1,0,0
413,1,5.8400793981638905,-4.3929550440930285,2.1572823111747654,-4.8809578926607164,-4.0669560930879385,-1.3529796771516034,0.110721171824,0.00333132263059,1.5639733818686339e-08,0,7.8198669093431693e-09,8,1,1,1,0,0
414,11,1.5879997347972399,2.9513498423469744,-1.1218319544795612,-3.9146119847525407,-5.4990512378261611,-2.5249719764876826,0.0443035461675,0.018214787723,1.0302831231374931e-07,0,5.1514156156874655e-08,35,1,1,1,0,0
415,11,0.11758136441909578,-3.1978185516030742,2.4110265395789567,3.9638552580509887,-4.4946280588310383,2.7959961320557878,0.0255458597613,0.792238166418,0.0001911911297044373,0,9.5595564852218651e-05,42,1,1,1,0,0
416,2,-3.0300951796267976,4.7453645212697069,2.4565746505211901,0.027136132151680675,-2.5524488621906882,-1.2668408936425617,0.176790978591,0.0288016149862,2.8394526006218647e-07,0,1.4197263003109323e-07,9,1,1,1,0,0
417,11,-4.160977604718024,-5.4807927488097548,-0.96528175897815005,5.4208867716355131,-5.1762924226944653,1.688911261529054,4.94632218862,0.0147244908089,2.4532147488168625e-05,0,1.2266073744084313e-05,9,1,1,1,0,0
418,7,5.2305245225238259,1.8866168677999409,2.6960255990601003,-4.4593626438667862,3.8370880753343988,-4.9150796227355658,0.0353141005994,0.208775858235,1.3278715914009728e-05,0,6.6393579570048638e-06,19,1,1,1,0,0
419,12,2.1031109910020547,-4.9669990185350885,2.3982781062807139,-0.7851180736272636,4.0306816785086248,0.51071665507176589,0.0760241094757,0.0241727212156,1.8377385332317895e-07,0,9.1886926661589474e-08,17,1,1,1,0,0
420,12,4.998978252073087,-3.383543447214409,1.8727950991029572,1.0737310591874769,1.7545327379253364,5.3478749156163508,0.493483399017,0.047239396189,9.232980826455156e-07,0,4.616490413227578e-07,15,1,1,1,0,0
421,14,5.7413347091629845,2.5512317373285822,-1.0447483719630464,-1.5698692412117243,0.90580936626904685,-1.2196201366348964,0.067070433524,0.00544504291369,1.3529890287824038e-08,0,6.7649451439120189e-09,13,1,1,1,0,0
422,0,-5.3135876164109392,-3.3445731488053472,-1.0701507741267093,-3.9532460748890164,1.963131805896781,3.2273927356805112,0.041008467668,0.0162412679454,8.2033307141829545e-08,0,4.1016653570914773e-08,40,1,1,1,0,0
423,10,4.9719774221451507,0.54046997961535648,-2.9830798210447202,1.1521864614742636,-4.7268015150678533,-0.37197098193883743,0.0265598926243,0.00263713194411,2.8238790472036503e-09,0,1.4119395236018251e-09,8,1,1,1,0,0
424,1,-5.9217090789447688,3.0000691373310344,-1.2706792800190483,-5.4741439906230429,3.2049621035100055,1.4570286019742367,0.167754638039,0.0159705665606,1.0583703191986851e-07,0,5.2918515959934253e-08,43,1,1,1,0,0
425,3,-4.6281334569222174,-3.8387086237554349,-0.3543736055095858,-2.1668736732402705,-5.4935164360464626,-4.1164552310773814,1.60814429661,0.59318000933,0.00010976958209751702,0,5.4884791048758512e-05,24,1,1,1,0,0
426,7,-0.29085686551030887,-2.9128808641033443,-2.7069159860877856,1.4862906349412832,-1.1629470857606727,2.2090112406491484,0.0593995002195,0.00772552151015,2.170899002446467e-08,0,1.0854495012232335e-08,40,1,1,1,0,0
427,7,4.1897855357938836,-1.3286740726460167,-1.8064193193116402,1.854538777291574,-4.4428427920384674,0.21952688216888169,0.0758086854661,0.0184313062266,1.0922946931251775e-07,0,5.4614734656258877e-08,20,1,1,1,0,0
428,6,-4.3562353323519405,-3.2508869796733033,2.0029943513473616,1.0977021584612054,1.9643290430442855,3.6664404211587467,0.0421381722356,0.037317856541,4.2599267290742293e-07,0,2.1299633645371146e-07,27,1,1,1,0,0
429,10,-3.8419693365065344,-0.5792897535424234,-0.78692974044721553,3.3656737875459739,-3.1079194962898362,0.51752929868553499,0.545604480274,0.0899632884735,2.7630728250239628e-06,0,1.3815364125119814e-06,20,1,1,1,0,0
430,7,6.1895285447595532,-3.5441708890845636,-1.0415984196671573,1.5184168377862193,-0.49044189505556091,0.67959149947287434,0.0909912973668,0.00835517809949,2.9544453981581301e-08,0,1.477222699079065e-08,30,1,1,1,0,0
431,2,3.3101947449611919,-4.223743344367735,0.097840094043938008,-1.0005071738410152,4.2118323694587536,-1.8485792544506043,1.70109875903,0.015641098237,2.9682597980282673e-06,0,1.4841298990141336e-06,15,1,1,1,0,0
432,13,1.7604303864426651,-3.7624130082058906,2.065744757934318,-1.3773629115588939,3.0296249110928226,-5.7442611642442873,0.351506912607,0.0372408075191,5.4602422975265712e-07,0,2.7301211487632856e-07,12,1,1,1,0,0
433,10,4.6458207030675442,-0.035232287735534475,1.3648708131661889,2.0670603126975853,-5.1188980838623017,-5.5537958456944745,0.0116739669849,0.0548695118739,9.1723677793635245e-07,0,4.5861838896817622e-07,15,1,1,1,0,0
434,7,4.9961602895418702,-2.860777902998727,0.86705519747958115,1.9729424964750781,0.55302181680696472,5.1755875260690525,0.292866020207,0.0183039903163,1.8782832638194693e-07,0,9.3914163190973463e-08,7,1,1,1,0,0
435,5,-0.92372268850597417,-1.5182831624696864,-1.0543080117017563,3.9150067664398538,-1.6651184499881757,2.2260773355351868,1.55444539119,0.0443194531605,3.0146342529755698e-06,0,1.5073171264877849e-06,13,1,1,1,0,0
436,3,3.2707322317552263,-3.1294860122841106,1.1913356682987029,-5.1810442444716065,-4.4345315594951265,-4.7182000015975287,0.0165026773576,0.145219980101,6.42430116372553e-06,0,3.212150581862765e-06,9,1,1,1,0,0
437,4,3.4819818960832642,1.9052792121818132,-1.8096790471753545,-5.3280441752762915,-1.4324890099021086,-2.2928750730903023,0.0364835724523,0.000358367877839,1.3701723234901168e-09,0,6.8508616174505839e-10,18,1,1,1,0,0
438,7,4.9627163331376929,6.0281732201916585,1.4245806302859287,6.1733501565344868,-1.7070399395372191,-2.9153155589443438,0.0294648112504,0.00322257686423,4.0316275078579922e-09,0,2.0158137539289961e-09,26,1,1,1,0,0
439,11,2.9840461961800839,-0.92913714747365361,0.41833825663107471,-2.0827378021937988,-3.7440534504538001,0.24777988563714615,0.809177307545,0.440863169689,5.9860311485353582e-05,0,2.9930155742676791e-05,33,1,1,1,0,0
440,13,3.8205218207330498,-2.6470595360336442,-2.3945590013392977,3.5338436559736794,-4.1424032084254749,0.47371002201474316,0.183817304492,0.00433805192829,3.952130360301343e-08,0,1.9760651801506715e-08,25,1,1,1,0,0
441,14,2.4733117582309161,-4.9159063863757604,2.0298471370697264,1.4538552908892326,-5.2441288331351679,2.5805868737919315,0.0599409931989,0.0219002413179,1.4969370310924943e-07,0,7.4846851554624717e-08,15,1,1,1,0,0
442,12,-2.7452695339697915,2.9720645575351297,-2.0755302641060833,1.3983840351245524,4.4990138881366697,4.716805932612159,0.274503296956,0.0701771387763,1.5755413133024503e-06,0,7.8777065665122515e-07,18,1,1,1,0,0
443,1,6.1423576964886566,1.6419373297921056,1.8903346927424396,1.5333934132465361,1.914603223601083,3.8977853230774704,0.008737542864,0.126695935156,4.8897525160858403e-06,0,2.4448762580429202e-06,18,1,1,1,0,0
444,1,4.1052659710146955,1.423872114634285,1.0312409680962888,3.7768978399193434,1.734190216967548,0.51752568989965264,0.43213314235,0.0322446033575,5.0345418447641544e-07,0,2.5172709223820772e-07,11,1,1,1,0,0
445,10,0.15744425041095012,3.1704660061559724,1.2003222062400518,3.694719048071077,4.6234400784029921,1.0763042215220899,0.038616890588,0.00561178795097,1.1084325981892366e-08,0,5.5421629909461831e-09,14,1,1,1,0,0
446,6,1.2035780764580564,1.6656880641232898,2.4112820213797002,-4.5817880275005241,2.1046580689411654,3.334127459059518,0.122469671153,0.0140854377527,7.5434781396683158e-08,0,3.7717390698341579e-08,20,1,1,1,0,0
447,2,1.4443700847112337,1.5626974646383394,2.9247698898461727,2.7743762360479742,-2.3255436492131776,-0.66840646380720758,0.149105377682,0.0117944711649,6.4607605860564419e-08,0,3.230380293028221e-08,17,1,1,1,0,0
448,7,5.8019943877912157,-0.56576603608656084,-1.1765166368083051,-3.3223066859039432,-2.6078790428230847,2.4184243205147919,0.0170383133861,0.0129083288699,5.1047167747533215e-08,0,2.5523583873766608e-08,44,1,1,1,0,0
449,4,1.560144749272748,-5.3169078646933485,1.6423587952554572,5.7037312120024666,-1.5669337957399398,0.13738940412274966,0.0135906706919,0.0471722868807,6.7802689752414035e-07,0,3.3901344876207017e-07,23,1,1,1,0,0
450,13,-1.6684262349295191,-2.9598461455009906,1.1783596927935347,-2.5136827325999209,4.4743264630644264,3.2893056441244002,0.600675686057,0.0322227059834,6.7709639389334785e-07,0,3.3854819694667392e-07,9,1,1,1,0,0
451,13,-0.43488270433550708,2.4067533239667576,1.0263506504083417,-0.43504826426514021,-1.8403553555955237,-4.1160470161941634,0.0634165502395,0.00418661421905,9.3609133571501657e-09,0,4.6804566785750828e-09,13,1,1,1,0,0
452,12,1.8032973239542616,-3.1090068362198418,0.80987673451052522,5.3539114511212214,5.4168256986896619,5.2689323656192659,0.348448359226,0.00619947810614,1.3312378142007669e-07,0,6.6561890710038347e-08,13,1,1,1,0,0
453,14,1.333286477312847,1.1460142361444414,-1.8795948798406774,-2.4119981973128546,0.6690829901188462,4.3297455196956625,0.0357045103533,0.0041295540137,6.4695188237963714e-09,0,3.2347594118981857e-09,26,1,1,1,0,0
454,5,-2.4493303651502769,-0.23808067783918074,-1.7619065607415578,-1.0279765715019737,2.6572659190977364,-6.0085571261759734,0.600976884109,0.00904633633304,3.861019476424626e-07,0,1.930509738212313e-07,15,1,1,1,0,0
455,3,-5.3826382559743093,-0.69740570283050751,1.6926464925044837,2.4883321938873855,-4.6779130189547251,-1.5421810391761359,0.0123255864108,0.012588628228,4.8425727233632904e-08,0,2.4212863616816452e-08,30,1,1,1,0,0
456,12,-2.2542599818032127,2.3847204367739732,-0.81472371605440397,5.9810651013311649,-0.74154630300729174,4.3387657339613641,0.0536375229367,0.00129681428677,3.3892672959775797e-09,0,1.6946336479887898e-09,30,1,1,1,0,0
457,15,0.2017151032476262,-2.490945734698347,-2.5419255641381371,-3.4728049179255902,-4.2225305052956355,3.7144760864823825,0.168640789857,0.183805158053,1.0319737016196624e-05,0,5.1598685080983118e-06,24,1,1,1,0,0
458,14,4.4571219342477919,4.0532677321237358,0.12610941650729468,-1.0624159547915919,0.22105224286791889,-4.258444867792317,3.90086059415,0.363568915703,5.5481761742750724e-05,0,2.7740880871375362e-05,16,1,1,1,0,0
459,6,-3.7348544031902438,1.421372362880337,2.5331950324190715,-2.2194749719948272,4.4618675098145664,-1.0936457221620746,0.034363186082,0.0205065258827,1.2927781599483529e-07,0,6.4638907997417646e-08,23,1,1,1,0,0
460,3,-1.5275730622683112,0.60113704507607957,-0.33088025802534127,-2.5197882313371682,-4.5006539446908196,-0.61974046767344793,1.14954699663,0.0375841573847,1.7517513868711697e-06,0,8.7587569343558487e-07,23,1,1,1,0,0
461,2,-3.1241844368390055,-5.5535285714762939,0.12630904994818221,4.1044760025015758,1.495333928377345,-3.3272781239062432,43.587956979,0.0336974013298,0.0019002558912114401,0,0.00095012794560572007,60,0,0,0,0,3
462,13,-0.5372732259637012,4.0612731828511501,0.04783816005092012,-2.5684894623809522,0.223199357501011,2.8882527379815306,34.9821169409,0.000940058970082,0.0012237487748636038,0,0.00061187438743180191,60,0,0,0,0,3
463,12,3.2993030724001069,-5.0640730745557727,2.1100852805447898,1.3789297376893368,1.5672338126144956,1.6152693177239552,0.168541557868,0.0273153135236,2.5568934118118239e-07,0,1.2784467059059119e-07,17,1,1,1,0,0
464,5,1.1422240445073446,-4.5170564994521847,2.2263078817215489,-1.1612664825437859,-3.5646338636349886,1.3440886720337824,0.636213913601,0.0197989970596,5.241782591002903e-07,0,2.6208912955014515e-07,6,1,1,1,0,0
465,10,-2.0707984391963947,3.3735472095779282,-1.4879504369682632,6.078394166496274,-1.1153828741581433,-4.1157218796781763,2.26482401441,0.0755345732872,6.8674139029329199e-06,0,3.4337069514664599e-06,8,1,1,1,0,0
466,15,-3.7412915093103227,-3.6922894186081248,-0.42029740169960961,-2.3806781212059791,-5.3451368141680859,1.6096502735492941,1.14228470948,0.361903915317,4.1201911522932317e-05,0,2.0600955761466158e-05,44,1,1,1,0,0
467,0,3.7534867698935779,4.8629753351666709,-0.8328330250896957,-1.1324413011779753,-0.91812553988864143,4.1096044255582749,0.341047570317,0.0348836934583,4.8699387517832486e-07,0,2.4349693758916243e-07,19,1,1,1,0,0
468,1,-3.584077826651757,-2.1808864035788291,-2.2734195475842691,4.5050821981567974,2.2154829024320213,2.4620400291676257,0.157418978214,0.00375721238599,2.9080910651586529e-08,0,1.4540455325793264e-08,20,1,1,1,0,0
469,6,3.7642351913800702,5.0472798390243536,2.9066150414324077,-2.8205499618606282,-4.2334476485086014,1.2013032632684468,0.0806590169347,0.0211688382099,1.4301094718169132e-07,0,7.1505473590845661e-08,23,1,1,1,0,0
470,5,-3.0171811522044045,-5.7744888943891981,-0.78561985352015584,-0.99580602557055409,1.1349493541595761,-4.9771243862034762,1.30132575687,0.254282517745,2.138988888581779e-05,0,1.0694944442908895e-05,19,1,1,1,0,0
471,0,-0.058517747260114342,-0.12120205639194057,0.24755650657773381,0.089778960931362076,5.1563596115406458,-3.6319685817066629,0.634397329705,0.000344726648688,4.0249617159316393e-07,0,2.0124808579658196e-07,11,1,1,1,0,0
472,7,5.8003008561752569,3.3776923638776335,-1.7418405843880278,-1.6873508507510111,-5.479317535427235,-1.2367089481384048,0.0335720649977,0.0735040070389,1.6469259747190133e-06,0,8.2346298735950664e-07,12,1,1,1,0,0
473,5,2.4036710033470183,-3.098784349821774,-1.7684056944672653,-1.9604960023407587,1.9991132429959269,1.8091811256728432,0.0567465855077,0.0135592565628,5.9225135032210978e-08,0,2.9612567516105489e-08,21,1,1,1,0,0
474,5,-3.2656180529368108,-0.67098103674750087,1.5537091539465961,-5.01534906272716,-1.9982434471843127,-0.90878583003281377,0.019796713518,0.0180321185035,9.9440486924006456e-08,0,4.9720243462003228e-08,32,1,1,1,0,0
475,8,-1.1236061739740961,3.697301713822263,1.772704220008914,2.9358935400154165,4.9702434039310797,3.2513321441230754,0.36331418963,0.00743189756103,1.4882216520921335e-07,0,7.4411082604606675e-08,11,1,1,1,0,0
476,12,-3.7780950469249435,-1.249200346108134,-1.5234125469073185,-4.5225403982937342,1.4544176854035789,-3.5168957642870828,0.0635054367024,0.0101348959424,3.5322058645028912e-08,0,1.7661029322514456e-08,22,1,1,1,0,0
477,4,1.1695997640336155,-1.5903192445692409,-1.1549511134726937,1.1879660615570593,1.8380314844220274,2.93397359718863,0.00866389027764,0.0677508302636,1.3983223282912916e-06,0,6.9916116414564579e-07,10,1,1,1,0,0
478,11,5.735082121699377,-2.7072610707274305,1.45195237601608,-0.13784237510672509,1.7741602789933948,-1.4018508187108993,0.725468072372,0.220995088165,1.5403461997357266e-05,0,7.7017309986786329e-06,22,1,1,1,0,0
479,2,-5.1006451565152604,-4.6264941105284771,0.91665428003131488,0.15856664510925009,4.6600397679127807,-0.13118029157893718,0.22417862824,0.0118119520623,9.2756953436168144e-08,0,4.6378476718084072e-08,20,1,1,1,0,0
480,12,4.918220627067706,2.6941105563083467,-1.1260361321588435,-3.2141930338170797,0.96284619049847064,0.25160749467783522,0.251432939514,0.00224693882261,6.4756455419053679e-08,0,3.237822770952684e-08,53,1,1,1,0,0
481,6,-3.5186782269453816,-1.2844922362146101,-1.4610360457823217,-4.3804051092227931,-3.4956861809300106,1.6339397522771393,0.166333791603,0.0396621782149,5.0685705386868198e-07,0,2.5342852693434099e-07,26,1,1,1,0,0
482,1,5.2619177877767216,5.1179784205522934,2.4864015985127912,6.049297135783628,-1.5959428700276939,2.065813616555535,0.0636135117101,0.025773699592,2.0639903226588812e-07,0,1.0319951613294406e-07,38,1,1,1,0,0
483,3,-0.38188791942265488,1.8397269005758849,2.2104565230260378,-5.2712799877037959,-4.2811001542726244,-0.97454880969467139,1.29742862532,0.0106709691137,1.7180076959981463e-06,0,8.5900384799907317e-07,26,1,1,1,0,0
484,3,0.24320477121948386,-4.4804906665260438,2.2510339386470681,3.2385905361499576,-1.1767394870893513,-3.9743676477940686,1.0474920717,0.0158008224228,1.1732922497232622e-06,0,5.8664612486163108e-07,7,1,1,1,0,0
485,5,3.2356702578537457,-6.2521062038836464,-0.27250621966796162,5.1131315555297858,1.7250994481329294,2.7159865822380604,4.41437716065,0.477806173445,8.9030498647668817e-05,0.0031271466881861612,0.00013832964996941924,8,1,1,1,1,0
486,13,2.8161927115574068,-4.1828816784960967,-0.54571658070667417,-6.1730255622919943,5.2454286562286629,-1.4911958461526922,1.85660199984,0.146744437335,1.0006581146370447e-05,0,5.0032905731852237e-06,21,1,1,1,0,0
487,5,1.331176190206202,-4.9682993462185117,2.1418955858462976,5.2560977601610368,4.2670064508449475,5.997562355583467,0.0123402335878,0.00836273001841,2.145577779589179e-08,0,1.0727888897945895e-08,33,1,1,1,0,0
488,13,3.1840993928208059,3.7281017700195886,-2.4493610430447164,2.6226506159996932,2.3057982992133512,-5.4481734300778664,0.0800759791629,0.141434005029,6.0998504118740216e-06,0,3.0499252059370108e-06,32,1,1,1,0,0
489,8,0.34709892739351594,-4.2119354077939919,-0.37030122763863355,3.3837641681744666,2.2069918689519858,-1.7578876076969177,1.53534991631,0.0922112271428,4.9474339956492262e-06,0,2.4737169978246131e-06,18,1,1,1,0,0
490,15,5.6492635895033496,0.1198587566177023,-2.2380170243518411,-2.5403193869553324,4.6869843881298419,-4.0360798820318466,0.0874329757231,0.0107604383716,4.2915272769780377e-08,0,2.1457636384890189e-08,18,1,1,1,0,0
491,11,-1.0076876313793257,4.5058669884678206,-1.4234744560377746,-4.4686850689264066,-5.2415376091926129,-0.67211526008847244,0.0797509067339,0.237976717903,1.7257733643700567e-05,0,8.6288668218502833e-06,20,1,1,1,0,0
492,4,4.8670701087096058,1.3122929022651384,-2.4433455228385128,4.3869028922659803,-3.4106927454750848,5.371114758023972,2.78200890943,0.12548795511,1.2536453192416743e-05,0,6.2682265962083717e-06,15,1,1,1,0,0
493,15,2.2183965017979941,-2.1973665069491308,-2.5007255898186846,3.3702647043437777,-3.8268450054401955,-4.3453131247307981,0.0779628728877,0.0071533561645,2.1665636573368824e-08,0,1.0832818286684412e-08,39,1,1,1,0,0
494,3,-0.4596853503108671,-0.98579997029587296,2.4073874532762507,3.0804007249031264,0.61906491294875732,-1.4586818118788072,0.150948106741,0.00188677390274,2.3869743282129541e-08,0,1.193487164106477e-08,18,1,1,1,0,0
495,15,-0.53451734976115539,-3.2670736118059258,-1.1008806258934134,-2.8433819695371114,1.6803217100903143,4.6891503610345975,0.0298269734898,0.00277414151054,3.2339417051232645e-09,0,1.6169708525616323e-09,12,1,1,1,0,0
496,7,-5.0605039803316982,5.9888209288911325,-0.79420907093972903,-0.16312386086460612,1.006251420586991,2.5889801469779261,1.91471781904,0.0117905668083,3.708491468261846e-06,0,1.854245734130923e-06,28,1,1,1,0,0
497,6,-2.6544840143745043,-1.0162443802700702,-0.51697806374876176,-0.93543174787215266,1.0607183479037927,-4.9816275005346089,0.246448367739,0.082886735273,2.1535227109029166e-06,0,1.0767613554514583e-06,12,1,1,1,0,0
498,0,2.0933905608580012,-3.7538864367539349,0.21620988927547696,5.6797624868222689,-0.84902663901993281,-2.0384555530971413,104.431676196,0.108190053733,0.010909540566632164,0,0.0054547702833160818,60,0,0,0,0,3
499,2,4.6168166058372639,-1.3516328247533329,-2.4542552213315743,3.6105455887678439,-4.6032290882224913,0.83093803050758419,0.623289981547,0.104345402543,3.7051536066110434e-06,0,1.8525768033055217e-06,18,1,1,1,0,0
500,15,-2.075314540252911,5.5171341220519032,2.5441225695676724,1.1100807766315473,-3.7788420195471675,5.9491372884743567,0.235679216025,0.00191726257704,5.666443475677085e-08,0,2.8332217378385425e-08,13,1,1,1,0,0
501,7,-5.355983406230127,-3.4226008844514797,0.50001650269857045,0.64944901012521794,-4.2151179332725226,2.9660543998080686,0.208907859262,0.00120205706345,4.4082647916421551e-08,0,2.2041323958210775e-08,30,1,1,1,0,0
502,8,0.14017776221973641,-2.2629606653464966,2.085741316251601,-2.175366203511047,-4.8489051666674365,3.9903686822300313,0.102758302895,0.00285928530471,1.3049672323017721e-08,0,6.5248361615088604e-09,12,1,1,1,0,0
503,12,1.0101579610932927,-2.0968908973527189,-1.3019396931697222,-1.4029900090353034,-1.1040079988256575,0.51680261010625872,0.0912725745052,0.140940077745,6.059283251103477e-06,0,3.0296416255517385e-06,14,1,1,1,0,0
504,6,0.24714209491348871,-0.44234202505682396,1.8107863232715926,-2.9333072925904231,-4.7919794371248132,-1.69743585677895,0.854442351504,0.113830594075,4.6771227505840676e-06,0,2.3385613752920338e-06,19,1,1,1,0,0
505,1,4.008333067978838,-0.96889594648176547,-0.40008570867179616,-5.8657615924089956,-3.9874316172956124,-4.6837049713825243,0.0268642979351,0.001688323238,1.5899827669524981e-09,0,7.9499138347624907e-10,28,1,1,1,0,0
506,14,0.99166445350150922,-0.41821132514382209,1.1580018585910288,4.4764232362011018,0.88162608456179414,-3.4313113710285039,0.164720896444,0.00186492771009,2.8192419514436619e-08,0,1.409620975721831e-08,11,1,1,1,0,0
507,5,3.0345566227830765,4.0142145704774626,-1.2874034846790883,-4.0325710398352905,-4.6969066011348231,1.5687128305028075,0.129327340036,0.0408325634779,5.2461364881790463e-07,0,2.6230682440895232e-07,21,1,1,1,0,0
508,6,2.1850797847138161,-3.692017036997048,2.3196824612541826,3.5675856290682257,-0.55238023684103166,0.27417484226689726,0.0158009892012,0.186224674884,1.0564268939579019e-05,0,5.2821344697895095e-06,43,1,1,1,0,0
509,3,1.717776987158607,2.1691028780726018,2.3241745254770798,-1.8825615875272494,-1.8270011044591645,-5.2548048674709031,0.122209466239,0.0387536356039,4.7242308085585791e-07,0,2.3621154042792896e-07,13,1,1,1,0,0
510,4,3.0823552916550208,2.1055038179732479,-0.70658007560472591,-4.5549356609237517,5.3461438484986834,-2.5512598931890147,0.309807439446,0.00031855499362,9.6011561284410167e-08,0,4.8005780642205084e-08,18,1,1,1,0,0
511,12,4.3564902899206173,1.5474593350159986,-2.5981338543229651,-1.8059110980415871,2.1300136858741547,0.53353001441552805,0.416749205067,0.00739443248117,1.9033565901803963e-07,0,9.5167829509019815e-08,58,1,1,1,0,0
512,2,-2.148191006003803,5.4049846941204187,1.7340365036320902,-4.0024886296007409,2.8598833445027578,5.4612920459684746,0.15158700632,0.0241853482319,2.0115881350723373e-07,0,1.0057940675361687e-07,14,1,1,1,0,0
513,0,-0.50100235257885251,-4.2523854422152727,-0.39268946705553076,-0.7803338854353461,-2.6345265091741874,1.0056511230857945,0.358069427894,0.000365753217111,1.2825446551467429e-07,0,6.4127232757337145e-08,20,1,1,1,0,0
514,5,-1.8273744584346643,1.5990688805970292,-2.4591075235822473,-2.2544445091849039,2.6851643017483404,-0.45576061180093785,0.804828001844,0.00316370834304,6.507970436834307e-07,0,3.2539852184171535e-07,18,1,1,1,0,0
515,11,-0.52158864092626067,2.3749464911091809,0.023151919014588185,-0.64124094766707695,4.4484928507804566,-4.3605682743172158,14.4678314808,0.0004298603695,0.00020931820404482732,0,0.00010465910202241366,60,1,0,0,0,2
516,9,-5.8760756123638895,1.9697684267140585,-1.6646422332797071,-3.0956984781397252,-5.5387890957864823,-1.7259808218620665,0.0325167958379,0.00131835821446,1.586787917388465e-09,0,7.9339395869423248e-10,12,1,1,1,0,0
517,11,-4.6761103400457209,-4.9453990731789759,-1.4831426514789792,4.5364398333131373,1.7171209561341918,3.0262980039278058,1.11147679214,0.013311755229,1.2893597274789065e-06,0,6.4467986373945326e-07,27,1,1,1,0,0
518,1,4.0563097239635511,-2.3647394451178942,-1.584294708848168,-4.8269402995174362,-3.5807206492911567,5.7723668041693763,0.11462860529,0.00281766442517,1.5558145765374285e-08,0,7.7790728826871427e-09,46,1,1,1,0,0
519,1,-5.5538855279998227,-4.6784747241826823,-1.7490862452165068,4.1498454826085309,-4.5437342606563575,-1.6479118076686041,0.0622467997238,0.0163275506596,8.5082290148443093e-08,0,4.2541145074221547e-08,16,1,1,1,0,0
520,5,5.0247415287064765,-4.3970876010358868,0.26446558371183593,3.2688285487594593,-4.446097703398352,6.1144623368688436,0.31726173829,0.146194339821,6.6111776296178279e-06,0,3.305588814808914e-06,18,1,1,1,0,0
521,11,1.5794670027587285,-3.4520986071432773,1.0100126963047797,-2.611582962750497,5.0575307405483336,-5.6696143910839574,0.0480702994675,0.000659173628626,2.4431129671809408e-09,0,1.2215564835904704e-09,11,1,1,1,0,0
522,14,1.300719830017911,5.415536493365912,0.31479157167149374,-1.8703531389418822,1.8069508725902594,3.5699587103291797,0.339368028644,0.029342449912,3.7743997208131434e-07,0,1.8871998604065717e-07,43,1,1,1,0,0
523,0,-5.3454352537528909,-2.0546688132492767,2.8872207467229694,3.7478406592060556,1.5966175153745195,-2.6386080935384646,0.201306358842,0.000262704947007,4.0545272942986783e-08,0,2.0272636471493391e-08,24,1,1,1,0,0
524,0,1.4985105288024929,0.92806734216816456,-1.1561577642133083,5.7788998181362343,-4.3971538617387935,-2.1772986686810771,0.100451252431,0.0322628777549,3.2716467965405211e-07,0,1.6358233982702606e-07,14,1,1,1,0,0
525,2,1.3600599658390258,0.12953404261587625,0.59127161604823641,-3.0410395375627957,-3.9257199075711329,1.6536134092369053,0.0533966520457,0.495171534876,7.4693473434999711e-05,0,3.7346736717499856e-05,29,1,1,1,0,0
526,12,0.47629795817694021,2.956068867840159,1.017430879184251,-2.2103153300781448,-1.5162801442612412,1.2282266244026239,1.52797261805,0.0453498086328,2.9611780737067153e-06,0,1.4805890368533576e-06,26,1,1,1,0,0
527,11,4.4904816846643536,-4.6774633480799075,1.7735566128625757,1.0678760008592354,1.4919939287799748,-1.0473769424044865,0.0585951820399,0.0313865480521,3.0351670628024961e-07,0,1.517583531401248e-07,8,1,1,1,0,0
528,13,-0.74373688708321162,3.1956463676107787,1.1898877379396553,3.9330412447868053,4.6011122840675691,-4.0364483368348907,0.0500900067717,0.0047652013651,9.4260004096191953e-09,0,4.7130002048095976e-09,22,1,1,1,0,0
529,2,4.6595003202852396,-5.666151585561928,-1.4788175308835432,-1.7985656606852212,-4.3120854988125963,-0.77055503923834867,0.0443021942349,0.00891360211034,2.6165239822482501e-08,0,1.3082619911241251e-08,10,1,1,1,0,0
530,13,0.046841911554939525,2.8351765826076938,2.346699071378838,-2.2620159480420434,5.1258850773310796,-4.3279787328259598,0.0697889387348,0.0711776093597,1.5481391307901777e-06,0,7.7406956539508884e-07,46,1,1,1,0,0
531,7,6.1594149793814292,-2.1764220304345105,-2.2725087795416363,3.331066218963453,-4.2330311267598963,4.5840323901384332,0.0439077068511,0.00531103755147,1.0520266796291395e-08,0,5.2601333981456976e-09,31,1,1,1,0,0
532,0,-2.1533754891969257,2.7086477612878439,1.2672243439889677,-2.6614084409418388,-1.0755010827841676,-2.2091373523188977,1.36972129168,0.0391453328384,2.3429190777046947e-06,0,1.1714595388523473e-06,14,1,1,1,0,0
533,10,-4.9709239339374154,1.6830361274556758,0.92269852915693151,3.6609754979141478,0.68924715660393643,-3.7120232390025447,0.232688896196,0.00310195510976,5.7075189456466251e-08,0,2.8537594728233126e-08,9,1,1,1,0,0
534,13,-2.4396640440359398,2.4318796185621077,-0.48608514382796675,4.257052848026003,1.4986493975399588,-5.9913837364932316,1.90097325438,0.0962898048517,6.4380287228765188e-06,0,3.2190143614382594e-06,14,1,1,1,0,0
535,14,-2.3092678591140539,4.6133007484279203,1.636472470272315,-1.177745728380637,-5.4687407255028573,0.26117092446997131,0.0338726757626,0.00901109273505,2.5882229374789861e-08,0,1.2941114687394931e-08,35,1,1,1,0,0
536,10,-2.0158450615637276,3.6740182994103803,-2.2327363763891603,-4.5738365249416875,-1.3511655398603792,-3.1785088861321871,0.195230833328,0.000158432758276,3.8122724465082043e-08,0,1.9061362232541021e-08,9,1,1,1,0,0
537,10,1.2736156129293457,-4.2990532651356999,1.1069486082208637,3.5492015566843662,4.3252662505564006,5.3791146395649374,0.283345908605,0.0496579898348,8.3144585937399904e-07,0,4.1572292968699952e-07,17,1,1,1,0,0
538,7,-2.9670838038175451,-1.3678039798738848,1.0455989906618484,2.2590877869246149,-1.9508065809404169,4.8388245535818148,0.1228453197,0.0338178139309,3.6346502121539985e-07,0,1.8173251060769992e-07,47,1,1,1,0,0
539,8,4.4958799919905905,2.3087436806840542,-1.8188686748921601,-2.480750620959336,-5.1536471717572399,0.32615803846946528,0.621675189529,0.0918872987264,2.9584488895744549e-06,0,1.4792244447872275e-06,10,1,1,1,0,0
540,2,1.643667837967236,-3.1643453308542759,-1.1450565169080922,-0.26277506936870754,4.8263619146307253,0.030745516986339514,0.0452736261794,0.000276697632626,2.0730232183572948e-09,0,1.0365116091786474e-09,28,1,1,1,0,0
541,0,3.7708876240890516,-2.3553779750083863,-1.0627649008461857,-1.571207140560579,4.2930769166222928,-2.1723014711491677,0.216057531645,0.276086037337,2.3265686757963694e-05,0,1.1632843378981847e-05,27,1,1,1,0,0
542,12,1.2090041121585458,1.2258102693580459,0.29382026575318654,3.2765806006780798,-5.5544610660274509,3.0608195356639931,52.3959747825,0.024026489155,0.00274551402056649,0,0.001372757010283245,60,0,0,0,0,3
543,1,0.24688521113090184,-3.8559444833886576,-1.1218592497722053,4.964452924525772,-4.2009417406450886,-1.1690951991859599,0.0827462866738,0.00788239159506,2.5773467110945982e-08,0,1.2886733555472991e-08,21,1,1,1,0,0
544,10,4.3092034500210428,1.6856181056562622,2.5093938215777927,0.37333816204078624,2.4899939141105851,5.8931702511957678,0.41595408409,9.67020213727e-05,1.7302064863426382e-07,0,8.6510324317131911e-08,15,1,1,1,0,0
545,4,-2.8327222134851047,5.2557923291922783,2.8040975834184487,2.2085364417254274,2.5191480107991593,1.3935709078780003,0.326382535859,0.0469553000445,7.7814610847356392e-07,0,3.8907305423678196e-07,18,1,1,1,0,0
546,15,1.3801327295039103,0.80781163042007154,0.29695396233308902,5.1686275665155836,4.6580386521153274,6.1680297174240231,21.3549783256,0.00159039255754,0.00045603586977156649,0,0.00022801793488578324,60,1,0,0,0,2
547,10,-4.6665854375882265,6.0102026817523697,2.3391867678193243,-5.2519676191584059,-3.9816155161865416,-3.5658008766795901,0.0188857058128,0.0516394974523,8.1266096468835893e-07,0,4.0633048234417946e-07,34,1,1,1,0,0
548,7,6.1370643866537815,-5.4073731334390338,2.4382971921566527,-1.5255620879982623,-2.2260773653091257,1.0910720456054177,0.070168198148,0.011081056762,4.2327493859790985e-08,0,2.1163746929895492e-08,13,1,1,1,0,0
549,11,-4.0432219798003803,0.15492083499167952,0.28872827884436869,3.8107634827614758,-3.1985835261081985,-3.381107355123647,4.11446429258,0.13922326344,2.2833251528169132e-05,0,1.1416625764084566e-05,51,1,1,1,0,0
550,4,-0.78057049063015871,-5.8391744916650969,-1.0748342524045225,-1.5721760075825042,-4.4572017974788691,4.5140404604539386,0.118313592135,0.0836282792191,2.1443976299904517e-06,0,1.0721988149952258e-06,11,1,1,1,0,0
551,0,-2.4596134328961416,-4.1643691737578932,-2.4446616188078525,4.6051088998249092,2.0935310202275894,-5.1815935377588715,0.390556915898,0.0125281468807,2.0034576848327977e-07,0,1.0017288424163989e-07,12,1,1,1,0,0
552,7,-0.49322099758819671,-2.2865503495664266,-1.605584422020333,-2.8155854319874356,-4.4208426755251029,5.8751344388973425,0.0878050360474,0.0964359334125,2.8406179929503828e-06,0,1.4203089964751914e-06,20,1,1,1,0,0
553,5,0.037663151235334855,5.2513680411114931,1.3459819818723455,3.6341821049294722,1.8486396376498186,3.8832803774140956,0.125137561429,0.00582007505681,2.5977798504564032e-08,0,1.2988899252282016e-08,22,1,1,1,0,0
554,7,1.4227018331649086,1.6397439060704522,-0.23286366520253454,3.4930912841501351,-4.834091665273732,3.1931154351420288,146.138934861,0.027786127931,0.021356823467868238,0,0.010678411733934119,60,0,0,0,0,3
555,9,2.810054956989481,-2.9757728325856521,1.940826254177221,-2.0955749012678195,-2.0306077214926934,-0.98960708660926267,0.0472742992109,0.0376114656986,4.331534702040743e-07,0,2.1657673510203715e-07,13,1,1,1,0,0
556,13,-0.32265170235997215,-2.7906923054567092,-1.0831348343290745,2.2064757753031534,-5.4685294108154618,5.1205080595233294,0.103558510731,0.341071723753,3.5446844666106779e-05,0,1.7723422333053389e-05,34,1,1,1,0,0
557,2,2.5018033317939401,-4.6595968983035903,-1.6530279723554355,-3.0675898415609435,1.772491011537273,1.9074423382376753,0.363539465545,0.124393122418,4.8457039471076901e-06,0,2.4228519735538451e-06,11,1,1,1,0,0
558,14,-3.9310511890758733,3.0429393684551225,0.60394562804295482,4.7096056489922589,-1.77432075426707,-0.36888847405227959,0.0338110562193,0.00883697515338,2.4931410626725774e-08,0,1.2465705313362887e-08,20,1,1,1,0,0
559,6,6.1930892970210003,-1.1818525866642287,-2.2882831149690448,-2.735314866607867,2.1670727593789523,-0.84475315800858497,0.159329727602,0.128299559324,5.0396253559884135e-06,0,2.5198126779942068e-06,12,1,1,1,0,0
560,5,3.5457742517804278,4.6840635755074587,1.4345697256237073,3.3192597453182442,0.79744264911529661,-4.5871596016171354,0.0558189523908,0.00014855098914,3.1224775593547396e-09,0,1.5612387796773698e-09,6,1,1,1,0,0
561,5,4.726555025291324,0.82215117728645704,-2.3926382887254274,-4.6001559726468475,3.7820199006589417,-4.5592852639155197,0.280924301687,0.0146136725479,1.4397238439564353e-07,0,7.1986192197821767e-08,7,1,1,1,0,0
562,3,1.1575360809250477,3.8458138933805963,-1.2160803976506762,-4.1655657950409388,-4.9253431644185905,-2.6701681264410984,1.18844710777,0.0465661217761,2.0729400672823223e-06,0,1.0364700336411611e-06,26,1,1,1,0,0
563,8,3.9709955753666693,4.7968483646578974,-1.6247001570917943,-0.096224860089559147,-3.2897707437353572,-1.0800242564438398,0.195381188016,0.000102777503167,3.8177026369993236e-08,0,1.9088513184996618e-08,34,1,1,1,0,0
564,10,1.7622165661636409,5.1532516249343949,1.0167168212955766,1.4458451032247202,3.1722391666905132,-0.17465918127900784,0.0971890545989,4.72506508798e-06,9.445719134781807e-09,0,4.7228595673909035e-09,42,1,1,1,0,0
565,12,-4.3841582235708678,3.1452930422629,-1.9475165129063765,3.8579785237063851,1.4464306238684967,-3.1810261611145396,0.109790533262,0.0344219244856,3.7298566381706349e-07,0,1.8649283190853174e-07,9,1,1,1,0,0
566,15,4.9005923207574495,0.9072958874545467,0.46268933060648271,4.3035748794859172,5.667037615199189,4.8663160264805025,1.4461905025,0.435543172265,5.9876738070135744e-05,0,2.9938369035067872e-05,8,1,1,1,0,0
567,7,-4.7799695410177376,1.3879587511246407,-1.2119183133755336,1.3727002294859056,-1.5032783822968636,6.1544818135724721,0.742016245466,8.67463307854e-05,5.5059040075872868e-07,0,2.7529520037936434e-07,21,1,1,1,0,0
568,4,-2.9454173247922779,0.93751189623573972,-1.0593022970216248,-1.510303001100884,2.4042730765532827,1.4636319765719701,0.0207969234412,0.390495281808,4.6450496529235511e-05,0,2.3225248264617755e-05,11,1,1,1,0,0
569,14,5.3542545082203699,-3.5054190226222972,-1.7528375491564787,0.61484523752179554,5.041962482318362,-3.5916341525133091,0.00424716003137,0.0306166029424,2.8555921131225528e-07,0,1.4277960565612764e-07,29,1,1,1,0,0
570,5,6.1242820070198745,1.6972495626390367,1.3015680648067309,-3.8505162873448264,-4.4306054944954649,-0.64811181611205382,0.06696799945,0.0494850128969,7.5042164626847494e-07,0,3.7521082313423747e-07,13,1,1,1,0,0
571,9,3.4681725634977218,-2.3430527957976639,-0.80182402682090326,5.1322563036705056,4.5251405804552025,-1.3979124218839476,0.388789854362,0.0208235334854,2.8324561837517576e-07,0,1.4162280918758788e-07,36,1,1,1,0,0
572,6,1.0100173173256153,2.0613932570303568,2.7531832055417786,4.287887771587183,5.0842652652338565,-4.8831224235334423,0.154148818459,0.130996844076,5.251049528645724e-06,0,2.625524764322862e-06,15,1,1,1,0,0
573,3,-1.1926893469831412,-0.22150367580346375,-0.63390728942720032,2.5826357817636296,-1.9548194668055763,-2.8883551485909584,0.404712766586,0.0295380174853,4.2956943978848024e-07,0,2.1478471989424012e-07,13,1,1,1,0,0
574,4,1.4942253739645457,-5.5740423615971588,-0.84434607955840013,1.1034335123869143,4.6209100326040531,-6.0359275100613461,0.0087753705961,0.0539545428622,8.8684655278223812e-07,0,4.4342327639111906e-07,19,1,1,1,0,0
575,0,-0.095483229215121271,-0.76593691639201888,-1.4613219620486193,1.0694568806807632,1.195526071001237,-2.0121889239809243,0.0549155051884,0.209607692288,1.3386499227138289e-05,0,6.6932496135691443e-06,13,1,1,1,0,0
576,13,-0.34043286423173807,-3.3961111026250905,-1.7968892823077376,-2.7775278794841536,1.8892672698245436,4.265988600450064,0.0851704884593,0.00454604564728,1.354939746183117e-08,0,6.7746987309155852e-09,10,1,1,1,0,0
577,7,1.7566071744802232,5.6114180283670763,2.3239491677068527,-4.2413021923434711,1.8921695125438998,1.7327964284601054,0.106447263407,0.10497966896,3.3684376292724391e-06,0,1.6842188146362195e-06,7,1,1,1,0,0
578,13,3.6533383923531617,0.22846081953773373,-1.4292224758427448,3.7361848365179116,-2.1246774018789889,-1.3478154467470285,0.14453994101,0.0140386047711,8.0926534006901622e-08,0,4.0463267003450811e-08,31,1,1,1,0,0
579,5,1.1172048350085482,0.98229855681922895,-2.2861516314871393,1.3194932432848789,4.1734555887873395,-0.098471537155682839,0.0407006343499,0.0725603625635,1.605469150115908e-06,0,8.0273457505795401e-07,9,1,1,1,0,0
580,8,4.7342814605305366,-1.1200524224336792,-2.1704315170703365,0.061236782324624595,-2.0675778040053832,-3.3224844184525484,0.156322795556,0.00982941480801,5.3868158124254652e-08,0,2.6934079062127326e-08,11,1,1,1,0,0
581,8,2.4272054714291,6.1045775998614769,-0.5918512836719021,1.2826084032568401,-1.5802740743305705,-0.14541157609354713,0.0109037472256,0.0246137531191,1.8466734751056643e-07,0,9.2333673755283215e-08,27,1,1,1,0,0
582,0,-3.674614971854937,5.3226034168519414,-0.36799099223793913,-4.1335783190642355,-2.1459309708317487,5.6887357667360305,0.597488108186,0.0105272144218,3.9075042528868755e-07,0,1.9537521264434378e-07,12,1,1,1,0,0
583,12,5.1031096205337949,2.5799045926955348,0.14992373053228769,6.0510406214718744,4.5596157393598107,-3.6370813950186274,73.2727869139,0.0103111962579,0.0053689336892840112,0,0.0026844668446420056,60,0,0,0,0,3
584,13,2.3923619862757888,-5.3008064430149258,1.5029531617550118,5.4152707779286109,-1.6141911362248029,-0.91526872384083124,0.183876326056,0.0152579578422,1.0472704623280295e-07,0,5.2363523116401473e-08,13,1,1,1,0,0
585,15,2.7438102639694995,0.18977730968556625,0.74478021701633967,-1.4445842370284756,-5.5819407536261973,-5.1810102410198233,0.663429685695,0.313192940686,3.0320006243416701e-05,0,1.516000312170835e-05,19,1,1,1,0,0
586,8,-4.4176325154925795,-3.3858862368439548,1.9127062254547649,-3.9578701597898176,-0.58007664269363968,0.54019398602654989,0.196678997966,0.0680318127919,1.4485518249813132e-06,0,7.2427591249065661e-07,17,1,1,1,0,0
587,14,1.1183625718586148,-1.5484127481444774,0.96930312598853408,-1.0043030516726297,-4.5966926953672713,3.3306084818130604,0.0694581372311,0.00550053274182,1.4040894969427697e-08,0,7.0204474847138484e-09,41,1,1,1,0,0
588,2,5.6595419775611955,-4.7109301940640878,1.6083635718017129,-1.2973901972659865,4.6293827833866033,-3.6288743337422811,0.0406313541463,0.00957573536786,2.9582712248668083e-08,0,1.4791356124334042e-08,12,1,1,1,0,0
589,8,3.7916300855352687,-3.3894804694996941,-1.5485373360989267,-4.6917928460138993,5.5062467634341141,3.9031561174735834,1.25451064101,0.0379921202792,2.0134820986832006e-06,0,1.0067410493416003e-06,9,1,1,1,0,0
590,6,-0.78436854236625198,5.7770297220254809,2.3018414996576873,-0.45422276785975868,5.1101317712770333,1.9937705318972252,0.489547278495,0.137477319238,5.99692982478101e-06,0,2.998464912390505e-06,32,1,1,1,0,0
591,7,-0.070932416790741623,1.0769348467403428,2.1839580838689701,-1.4269146924732339,-1.6290794697719175,1.9907721120183315,0.23989441025,0.0319881311504,3.692462195074631e-07,0,1.8462310975373155e-07,30,1,1,1,0,0
592,5,-0.37538780495018653,-0.57078736316847267,1.0298475074232101,-0.50785212255424583,3.2692144012438793,1.0958607833404528,0.322650310561,0.00702341475636,1.1912949907900557e-07,0,5.9564749539502787e-08,9,1,1,1,0,0
593,7,-0.93630128481984198,-1.6204860329857818,0.51383893087895061,4.8004909459867866,2.5985123619969368,-1.269816627894901,0.6722165643,0.0710437364241,1.9893439536427547e-06,0,9.9467197682137735e-07,32,1,1,1,0,0
594,14,2.5374143894811865,1.9138996566896493,-0.19442779660519968,-0.59509523424308508,-2.2021027344014215,4.749769758494482,1.87625348256,0.00503152298871,3.528038893525674e-06,0,1.764019446762837e-06,13,1,1,1,0,0
595,15,-3.2412461273098092,4.1413052434206987,0.14288290859572395,-2.5914300152907424,-2.0106306166333616,-0.72757874688651114,1.66066502867,0.719767930433,0.00016056969805725528,0,8.0284849028627642e-05,24,1,1,1,0,0
596,14,-4.6765019982161693,1.2774550367394153,-0.31613176263123466,-0.88476819277953789,-2.9762401891244239,-1.2948421728723121,2.51750566848,0.000215882515233,6.3378489875830632e-06,0,3.1689244937915316e-06,10,1,1,1,0,0
597,13,1.9781484297474596,3.8358706268247631,-0.96002894570801811,-4.8572229132509568,-5.9583168580534203,-2.7558595142298628,0.219550678188,0.0201441156444,1.7181180033389157e-07,0,8.5905900166945783e-08,16,1,1,1,0,0
598,6,-2.449762397059406,3.2240218314095879,-1.4142697360958003,-4.4915622755516278,0.59396615429006627,2.0374748813770238,0.0227731897064,0.0252415008344,1.9460053968503835e-07,0,9.7300269842519176e-08,28,1,1,1,0,0
599,7,-1.9830627772145539,-3.9062708388616119,2.3689078483498189,-4.1295799518443941,3.3378679538260956,-4.0690675830337595,0.0394718131147,0.000144770827862,1.56440838295861e-09,0,7.8220419147930499e-10,28,1,1,1,0,0
600,7,4.3000105648388942,4.5294126085513371,-1.4464728201317225,-2.3056881054002618,3.2105155632736211,2.3534149359492158,0.0368975782869,0.000118496409692,1.3657085382036633e-09,0,6.8285426910183165e-10,16,1,1,1,0,0
601,13,3.7318461191506569,-0.18480371949444305,-0.85262603235703915,-0.89954853754691033,-4.6818052300321842,-5.721453459290724,1.74323211674,0.0852364567181,5.2519810045169459e-06,0,2.6259905022584729e-06,20,1,1,1,0,0
602,9,-2.2116344624716899,3.0366852752496536,2.0991683367488552,-0.16799227918913098,-4.5874641274046786,0.14505421048464523,0.0621324416561,0.359873253895,3.9454484406811665e-05,0,1.9727242203405833e-05,6,1,1,1,0,0
603,11,3.8525262629753465,-1.2533844544350183,-1.410307610532223,-2.5427559006410805,-1.6210175185203621,3.2180186558085948,0.00661358728773,0.0490286969455,7.322870910711291e-07,0,3.6614354553556455e-07,24,1,1,1,0,0
604,15,-2.2128971044059949,2.7702495205591702,1.4296511709219237,-4.9623803152122825,-4.7023021218408729,6.0523173001850106,0.416062559219,0.0900240355079,2.641827223625057e-06,0,1.3209136118125285e-06,18,1,1,1,0,0
605,6,-5.3986706396183743,2.4845539633293736,-2.8766777553482941,5.30053126240455,-5.3639086443251696,-2.7569977189689565,0.41990444316,0.221386993483,1.5106289912605271e-05,0,7.5531449563026353e-06,13,1,1,1,0,0
606,14,-2.5678710356819106,-5.942915542573493,1.4686122502685623,-3.6769664007735354,1.8155814426760524,-5.0210849004903801,0.06755729172,9.86385524299e-05,4.5669514592325705e-09,0,2.2834757296162852e-09,41,1,1,1,0,0
607,5,1.1054404348781282,-5.4840006850241219,-1.0021997291127096,1.8909247772959916,-1.5145408686030588,-5.7200680812260618,0.111892648306,0.0521013315825,8.394188016677225e-07,0,4.1970940083386125e-07,16,1,1,1,0,0
608,5,-4.5551634472611617,2.2407788559765756,0.2695797037189871,6.0843289967169412,-3.131860515046939,6.1277958641353329,1.00812626658,0.00360602119622,1.0202796281425876e-06,0,5.1013981407129381e-07,52,1,1,1,0,0
609,15,0.88555690691066047,-1.6722127184796993,2.2457883798518754,3.8275476125449988,-4.80006002552485,-2.5608739213991161,0.503486028917,0.0289595684588,5.0896759251380858e-07,0,2.5448379625690429e-07,13,1,1,1,0,0
610,5,-3.484656468386965,4.0372780833539261,-0.87027362553927434,-5.606140978672455,0.57518273046609203,-3.2580200716668606,0.887316055228,0.0779264205125,2.6371272924234919e-06,0,1.318563646211746e-06,19,1,1,1,0,0
611,9,0.87882202782953212,2.0094437176199147,-1.7703119347689598,-3.6383263539560673,3.5708127963347409,2.5365406885662827,0.551139916995,0.0666327171152,1.656231874946965e-06,0,8.2811593747348248e-07,11,1,1,1,0,0
612,7,3.8802812504545892,-1.6684306943748939,-2.41963418713582,4.0830620199786756,-3.4766121489268853,-4.8722471133268321,3.85402425151,0.151959459251,2.1887630075474412e-05,0,1.0943815037737206e-05,14,1,1,1,0,0
613,0,-2.8975833145598209,-0.48734739888138989,0.63771537079440999,-3.1209717527041327,-4.0931662502632147,0.44042652247389136,0.410097070605,0.0238094089395,3.4086355318857428e-07,0,1.7043177659428714e-07,9,1,1,1,0,0
614,14,-2.2524103862429845,5.42784128335704,-0.54822492036854054,4.5530069730220042,-5.2408235558620513,-5.2678763380023428,0.0862695499355,0.0940355859283,2.7010802798449331e-06,0,1.3505401399224666e-06,51,1,1,1,0,0
615,15,2.2905587934115168,3.08147730843115,0.46550961284410131,6.1723454664942796,-6.0498439066301168,3.8781467036198802,0.209065635043,0.00142306760075,4.4325327010229322e-08,0,2.2162663505114661e-08,37,1,1,1,0,0
616,14,-2.6085073405665846,1.4071182117121239,2.442962129088341,-1.542434369869603,5.9689966078769832,4.1471505779909572,0.5246443693,0.00768062362974,2.9322169877292095e-07,0,1.4661084938646047e-07,28,1,1,1,0,0
617,13,-4.0235023091750479,3.6248453966321463,-1.7804377821041437,-0.52638217616819927,3.8390856465763488,-0.73110201752230575,0.0758688737651,0.358659351951,3.9190684170965605e-05,0,1.9595342085482802e-05,52,1,1,1,0,0
618,6,5.7223125588927246,4.2287159238905785,-2.5878353032340864,-0.97936657937196958,3.6470337163111282,-5.6830900943197769,0.0430669658621,0.00579044295797,1.2068350971823545e-08,0,6.0341754859117726e-09,14,1,1,1,0,0
619,1,0.56209603063812486,2.248134295885738,0.61610468259571871,-2.4768236825512178,4.1169703656462495,0.026103070267091875,0.0699257753567,0.0493609738315,7.4709170514078269e-07,0,3.7354585257039135e-07,19,1,1,1,0,0
620,14,-0.0012735689422305114,-2.9776363377491748,0.33431032319573861,-1.0785350256802941,3.7369480018260846,-3.9610092456906845,0.866974363914,0.107783837046,4.2904934134532985e-06,0,2.1452467067266493e-06,10,1,1,1,0,0
621,7,3.3141450645306558,-0.42113040900625187,0.80827638497210541,-0.63061131021670025,2.6779809560134127,2.6069421618868787,0.380368351824,0.0524655276229,9.8317961525640558e-07,0,4.9158980762820279e-07,14,1,1,1,0,0
622,15,-2.5812972163067105,1.6050782647951698,1.4434408903411029,1.7129811597153777,2.215124948321018,-5.0131600422077387,0.0225326409804,0.22758678657,1.5778394046051679e-05,0,7.8891970230258393e-06,13,1,1,1,0,0
623,12,-1.369888219651022,3.6723266812385291,-0.27069773456062379,-1.2128800119016045,4.4686082509282672,2.495388600008543,0.273494490872,0.0989954921571,3.060082686897388e-06,0,1.530041343448694e-06,13,1,1,1,0,0
624,13,-2.1731078355365532,4.6844990639865953,2.7487292140492756,3.9311694471667913,-4.5095933445621528,-5.4946556856570341,0.0719661533372,0.000255479608235,5.1990095534296857e-09,0,2.5995047767148429e-09,19,1,1,1,0,0
625,6,4.2127009139365903,-4.6090246436878024,1.7365947499432191,-5.0895872059762395,-5.2747170095555376,0.8776216110859234,0.0845577097921,0.0127971387971,5.7036214587666275e-08,0,2.8518107293833137e-08,20,1,1,1,0,0
626,11,2.0150205487008739,-2.2518914851038998,-2.5425415943876941,-2.9017862505093261,1.2196338396671185,3.0542387324361919,0.0391230997986,0.00244319387543,3.3489381168987635e-09,0,1.6744690584493818e-09,28,1,1,1,0,0
627,4,-3.1390040562045134,2.1352358569026508,2.2525427873109614,2.7215734590853247,-1.1623110450300311,-0.576994766074302,0.0301560146107,0.07594319004,1.7577501788986075e-06,0,8.7887508944930377e-07,14,1,1,1,0,0
628,2,-5.9319442479623348,-3.3197002576355041,-0.22702094477746709,5.220476915668903,4.6245307178091828,1.0016132592199372,4.87437142194,0.0436854904898,2.4340835368650665e-05,0,1.2170417684325332e-05,12,1,1,1,0,0
629,6,-6.0831013711166833,4.6877441574072476,-2.2214287550314986,1.9630354100939305,2.1278695962462075,4.0001682479966698,0.13687397131,0.0524776103287,8.5762027020258741e-07,0,4.2881013510129371e-07,32,1,1,1,0,0
630,14,-0.93480589989395457,1.4779507958533402,1.8088585850902177,1.9932492646439974,0.39956906654187935,-0.39697695850721526,0.842443522393,0.0234582822975,8.7733931551605138e-07,0,4.3866965775802569e-07,22,1,1,1,0,0
631,15,3.0720547986125584,-2.5138660305717164,0.94889027007032689,3.3697673612347523,-1.705927588752316,-1.1796629989568586,0.454008216746,0.00298481994521,2.0883734319073412e-07,0,1.0441867159536706e-07,14,1,1,1,0,0
632,11,1.995338052258399,-2.7175231209589601,1.6859398319459464,-3.4531993421592952,-1.9315907106675667,-1.0011498705653856,0.0213316292979,0.0211548831218,1.3678019200645322e-07,0,6.839009600322661e-08,9,1,1,1,0,0
633,2,1.6726015645709644,-0.25494383492479772,1.8935133564832538,-5.9334493187477459,-2.0279156500364239,0.53809957257722296,1.4631531683,0.0812243584545,4.1504990645184633e-06,0,2.0752495322592316e-06,18,1,1,1,0,0
634,11,-0.64609163418062809,0.75938657696585454,-1.9124088171738141,-3.0197632241648633,4.3035987120291965,-3.5170250509160197,0.0357688056215,0.0085639460632,2.3620406087171949e-08,0,1.1810203043585974e-08,33,1,1,1,0,0
635,4,-1.5142352801223811,0.47146942228480893,0.99270124791669789,6.1176423573619196,4.250856905141247,3.1371020402971235,0.339170421135,0.0983983581825,3.0644145946827349e-06,0,1.5322072973413674e-06,8,1,1,1,0,0
636,9,-4.2866473976631809,-2.5954519832926377,1.7071363047505415,2.7387480603937417,3.6416152293534818,5.36922074649938,0.0639547993029,0.000498066831696,4.1657829704779415e-09,0,2.0828914852389708e-09,15,1,1,1,0,0
637,2,-3.9295760884819178,-4.9476550538829001,-1.8850672243774671,2.5902408123716385,4.0615594534018076,0.21232765655768426,0.387365978748,0.0944524558002,2.8676255555285993e-06,0,1.4338127777642997e-06,22,1,1,1,0,0
638,13,-0.071501348068954335,3.8879142971187695,-2.4863047310385964,-5.2309080097978526,-3.0794609650705169,-3.8982045402492069,3.41026620728,0.23399490295,2.8308820409984116e-05,0,1.4154410204992058e-05,51,1,1,1,0,0
639,10,3.0998891985503159,2.8862796014794565,0.36280607201772752,5.5354384941693739,4.6213780753995728,-1.8776814918226563,0.326459434024,0.0135404806034,1.6242572560799827e-07,0,8.1212862803999137e-08,39,1,1,1,0,0
640,8,-1.6562987587087104,-2.1970090229089401,-2.0319869224731537,-1.0588091809856692,5.6209271251607156,4.0077347735550193,0.0345068842518,0.00424319855252,6.6752806624353795e-09,0,3.3376403312176898e-09,33,1,1,1,0,0
641,15,3.7980332964829371,3.1281607887128318,1.6987844996904282,-0.85328365122337313,-5.7048015663107261,-4.346883031888729,0.582956009337,0.0880684156587,2.7024643793259989e-06,0,1.3512321896629994e-06,14,1,1,1,0,0
642,10,1.9126798785694248,-1.5531798037863855,-1.3156926125545894,-1.1102806946898824,4.4568077223031732,-0.8644015086578053,0.264084480406,0.0190890328836,1.8074051274835906e-07,0,9.0370256374179528e-08,30,1,1,1,0,0
643,8,2.116160728494088,-2.2344657727782304,0.35850476394647768,3.784796786112445,-1.4501715331164,0.19472027108742779,0.711021625591,0.0536956345596,1.3838311457699858e-06,0,6.9191557288499288e-07,14,1,1,1,0,0
644,6,-2.6730344181823598,2.0797891934783017,1.5643209318297751,-0.04247847953108614,1.1124113165478555,2.4885470426390528,0.0410263765215,0.0165764502738,8.5385543298092815e-08,0,4.2692771649046408e-08,6,1,1,1,0,0
645,0,-4.5289767814806936,-4.7030240135297472,2.122347342964606,-2.5678566024880616,5.3539900118954895,-5.7510477597191541,0.0964670005968,0.00302177199875,1.2087376157460657e-08,0,6.0436880787303286e-09,43,1,1,1,0,0
646,3,3.8787939231559192,5.7644440049985715,-0.039897041521908816,4.6648003979686923,-4.1241712419961978,-3.5326392401267235,4.74506990418,0.583579037338,0.00012625756546930407,0,6.3128782734652033e-05,44,1,1,1,0,0
647,7,5.4729531580925519,2.9032205262965443,-1.5026657789974225,2.6649571912003576,-4.1416305768479891,-1.4072583498654503,0.0693454833964,0.0307727904549,2.9327071901263952e-07,0,1.4663535950631976e-07,45,1,1,1,0,0
648,0,-3.5131918071682318,-2.9944735114549763,-2.1952825053181551,3.7286569036483659,1.5423688746922311,2.1550389974099553,0.0499475634233,0.0132733000752,5.6162406861126531e-08,0,2.8081203430563265e-08,34,1,1,1,0,0
649,12,-5.1487715546215567,1.4789383441802475,0.69149946736872991,5.8047353299206454,3.3495710648135857,0.049047099784533206,0.623875739156,0.00914388988088,4.1469022035615308e-07,0,2.0734511017807654e-07,51,1,1,1,0,0
650,5,-5.1129760975108374,5.3190442984562418,0.30068641993914491,3.7600805457511219,-3.4152957524018097,2.3928393637783456,0.279429160806,0.120887707026,4.5297101923471435e-06,0,2.2648550961735717e-06,34,1,1,1,0,0
651,1,-3.2400470345740464,-1.4751279844810301,-2.8949912787197118,0.36783098818509219,5.4422541866095147,-2.0331010141573098,0.473430033067,0.265331849918,2.1669504097314176e-05,0,1.0834752048657088e-05,23,1,1,1,0,0
652,10,3.7675805784801519,0.88499731710359819,1.7811503047788795,-5.880266040371863,6.0808120082458892,5.4242255223885207,0.241495100446,0.181508918392,1.0094089265900612e-05,0,5.047044632950306e-06,57,1,1,1,0,0
653,9,-4.3571639013543972,1.112125603679778,-1.4692506731837054,-2.4653659150152865,1.9395691256670327,2.0885014991416653,0.080487929081,0.010822096968,4.2154423530711664e-08,0,2.1077211765355832e-08,28,1,1,1,0,0
654,14,-1.092328878686162,4.343974519806161,-0.83495125725645458,4.1155651290236195,4.4109206845846805,-4.1945276097127788,0.206981012571,0.00619379446222,5.4527205006955237e-08,0,2.7263602503477619e-08,11,1,1,1,0,0
655,13,3.7784929742034468,5.8356663771930766,2.9029526720825096,-4.5572033150899207,1.2169267551096044,0.51451312371747715,0.18656474922,0.00783956981782,5.3527843462807064e-08,0,2.6763921731403532e-08,14,1,1,1,0,0
656,14,0.44658833134545245,0.26079027819563305,1.3983863925256892,-5.5544605320286555,4.0246168138668548,-4.1058703523889832,0.473280772925,0.0211631023812,3.6042579641175992e-07,0,1.8021289820587996e-07,10,1,1,1,0,0
657,0,-0.45778415580914655,2.02593121926598,-1.9866450535811615,1.7167207012339722,-1.6725186427808678,2.000037599222066,2.7118453404,0.150365200592,1.4241411661382069e-05,0,7.1207058306910345e-06,6,1,1,1,0,0
658,2,0.64300297197166711,2.2208498174167044,-2.2386416681771633,4.1671429230134169,2.4147275054771815,4.5418619710957362,0.100461198433,0.0278555058642,2.4645400534918902e-07,0,1.2322700267459451e-07,22,1,1,1,0,0
659,8,0.97435772318042402,1.9666554891671146,-1.9854151335429595,-4.5229486656366911,4.6790807262443028,0.83643877827541768,0.205652554147,0.00373818441765,4.6549703778418234e-08,0,2.3274851889209117e-08,11,1,1,1,0,0
660,8,1.6903043980419805,-2.7794125298327623,1.4054400976094625,0.29257126848628195,-4.6619492129052924,3.5506380855923272,0.0431990155677,0.00901269501398,2.6609823245168377e-08,0,1.3304911622584189e-08,16,1,1,1,0,0
661,10,0.56635117693198467,-0.91632234734096918,0.55039934622438924,3.9972692683118876,1.4789856521671594,4.8779950366245437,1.10208150553,0.00286175852249,1.2170783584804009e-06,0,6.0853917924020045e-07,39,1,1,1,0,0
662,10,-2.7992207243624176,-4.75758656381986,1.2309205986619802,3.4976017427345938,2.6590282345170397,2.4053727344599305,0.0714927894784,0.000512092760905,5.1911015136552589e-09,0,2.5955507568276295e-09,7,1,1,1,0,0
663,11,-0.35344875427513711,-1.3033583657900876,1.3379581800207858,-0.23116718921239707,-2.6545511744381503,1.2864654312423573,0.0739340239483,0.288070745048,2.5284067931496596e-05,0,1.2642033965748298e-05,12,1,1,1,0,0
664,13,0.79734192733278564,0.24446298404004271,-1.8563334680116266,-1.1463826029479933,-4.5786754688358471,-1.7499441906210971,0.115153106524,0.0182902037437,1.1516437644965245e-07,0,5.7582188224826227e-08,16,1,1,1,0,0
665,5,-0.29032219002120407,1.6458894712584773,-2.0152495009343414,-2.7792793668786864,0.57556508211658053,5.4450549347302353,0.218016579526,0.175522604549,9.4322409629522389e-06,0,4.7161204814761195e-06,5,1,1,1,0,0
666,9,-4.2992624152716514,-1.8698581781025043,2.566630515825727,-3.5112100277485445,-3.6937602709481494,-3.8153136840991144,0.14962862091,0.0023254782792,2.403604927366544e-08,0,1.201802463683272e-08,12,1,1,1,0,0
667,9,5.0234352865030862,-3.6595577242644279,2.3978542143359891,-5.18843721127097,2.2048290755471944,-0.055000438216847872,0.131867355446,0.038476004491,4.6834551765185339e-07,0,2.341727588259267e-07,35,1,1,1,0,0
668,14,-2.5735998422018915,0.93203464645471423,2.597414209312733,4.7284516851056519,4.0783276929668908,3.8886004067221256,0.171330234381,0.0271983277386,2.5469449056199047e-07,0,1.2734724528099524e-07,23,1,1,1,0,0
669,3,3.3180907336048771,-4.7441172244450831,0.78317318056779361,3.800406372502295,-4.2483043184508826,1.3076555617505694,0.135368431123,7.92125882295e-05,1.8326523507476103e-08,0,9.1632617537380513e-09,8,1,1,1,0,0
670,10,0.10449150266051999,-0.90927729032557547,1.831856966649142,-1.1319582378381072,-3.0639029876175647,0.22147121257856267,0.143999263364,0.0362516361671,4.2105825121645979e-07,0,2.105291256082299e-07,25,1,1,1,0,0
671,4,-3.8137833004731019,-1.4564100934360773,2.4687153424183657,-6.048008844532907,-2.1865455054135627,-0.71270207534147922,0.0403744189473,0.042158843421,5.4304737181968927e-07,0,2.7152368590984463e-07,22,1,1,1,0,0
672,5,1.2106457944493647,-3.1951879560820817,-0.69299027766799282,-1.8138886825799374,-2.9255023523011259,5.1504393571701996,2.28848391652,0.000377558449071,5.2372020595028364e-06,0,2.6186010297514182e-06,22,1,1,1,0,0
673,3,-2.66436692769499,-1.3229873014451987,2.8611429080680146,2.4818020982751783,1.2504062041114263,0.73751806674716813,0.12747551271,0.0285837584291,2.6513195636254995e-07,0,1.3256597818127497e-07,16,1,1,1,0,0
674,8,2.7151273288545288,4.4596688957588819,-1.9943861338112638,2.1749965589424276,-4.5731559525944343,-3.6169286140320938,0.0369139473185,0.195991384704,1.1702516707944488e-05,0,5.8512583539722441e-06,9,1,1,1,0,0
675,2,-5.1887176137758804,-4.1905592799491211,-0.41050862833960411,3.6017086421945548,-4.7195553461142756,-1.8130014786563893,0.838675920326,0.00501144976895,7.1102765275497009e-07,0,3.5551382637748504e-07,21,1,1,1,0,0
676,2,0.28347719676832739,-2.6827441427103538,-1.7754578161750059,6.0114606006195519,-0.0096165387570408128,1.4365671874267567,0.620572641891,0.0155869444224,4.5911807002568843e-07,0,2.2955903501284421e-07,16,1,1,1,0,0
677,8,4.1914519473554348,-3.63450835611782,2.7333339995612826,-2.9528324590200454,5.1443206120582392,-1.8992763144142362,1.9119252507,0.127899526981,8.6384779521766657e-06,0,4.3192389760883328e-06,17,1,1,1,0,0
678,4,-4.1210754413685713,-4.4175236743755386,1.1165014520824927,3.1227604917931386,1.2554819577010212,-4.6023498342971871,0.737509990174,0.0642044757928,1.7996193949308379e-06,0,8.9980969746541895e-07,23,1,1,1,0,0
679,10,-2.5767134975262489,0.12162599365786453,1.4762447241314831,2.3681010594538314,-4.8925458223755873,-4.76853854601206,0.136926642231,0.0804700357508,1.9912766646322973e-06,0,9.9563833231614867e-07,14,1,1,1,0,0
680,15,-1.3975350775987558,1.0328959960841224,-1.4735393836235569,-5.6313815940860339,4.7515492450738597,4.0715360451453693,0.040374064341,0.0731498816002,1.6316089939544741e-06,0,8.1580449697723704e-07,9,1,1,1,0,0
681,4,-3.3146504831733599,5.2422444671800879,2.0315354469256852,-1.8009652042107844,-4.0812080777392801,-3.7102990505562539,0.32626378832,0.0154600051454,1.7925520492332277e-07,0,8.9627602461661384e-08,18,1,1,1,0,0
682,6,0.79412275673727273,-5.8531667395681284,-2.2792783708680893,-1.3368690741933418,1.1145975363667702,-1.8941540626726561,0.936033774547,0.204052841999,1.3559686029652025e-05,0,6.7798430148260124e-06,35,1,1,1,0,0
683,11,-6.0409918261267928,3.8158873487633618,-0.46612148824292254,-3.8098217146378781,-4.9488575388703042,-2.6943430853309063,0.211033198318,0.0788960794725,1.9406539689247069e-06,0,9.7032698446235346e-07,14,1,1,1,0,0
684,13,2.1503956977543877,-3.493168995842836,-0.88757757496686107,-2.7469216681817623,1.7882744469792242,2.3293302998339174,0.0914362007999,0.00114469425943,8.7597266213262656e-09,0,4.3798633106631328e-09,9,1,1,1,0,0
685,14,-1.7380098895414207,2.6809235859795697,-1.971841392220437,0.9292329121045052,4.4782395785802258,-2.9717173557785546,0.0202699805192,0.0376374269858,4.3192457078069685e-07,0,2.1596228539034842e-07,25,1,1,1,0,0
686,13,3.1837553970670012,-4.144275072297412,1.0145356442872548,5.6662115574814429,3.1187215743912775,5.7388576601440731,0.347621142621,0.00707897138789,1.3610539695283477e-07,0,6.8052698476417384e-08,23,1,1,1,0,0
687,0,5.9506694231833945,-0.10678328759119005,1.4826421793066789,0.65419679100613348,-1.960573157351565,2.4609151806030694,0.263738340757,0.0301049267486,3.4563469484103769e-07,0,1.7281734742051884e-07,14,1,1,1,0,0
688,5,4.641224488139688,-4.5478682614934733,-2.4900441117544347,3.8955231950706897,1.7050435358843055,-1.4377417226167832,0.553325390537,0.0221050097153,4.5501464071262983e-07,0,2.2750732035631491e-07,33,1,1,1,0,0
689,11,-0.68370917529737196,-3.1356470368696949,1.0120731479630176,-2.1058340119974606,4.0453405898663428,3.5849876528355731,0.0522821055788,0.251354995102,1.9248258992243907e-05,0,9.6241294961219534e-06,45,1,1,1,0,0
690,15,4.3526685208732676,-4.5342128564878497,-2.8032333495755841,-0.92695832601350348,1.1169005203505054,0.10307423590409304,0.0926886208583,0.0169052847229,9.5647382079472673e-08,0,4.7823691039736337e-08,37,1,1,1,0,0
691,14,-3.2637856040388646,2.4288437245016721,0.34167018386927639,2.6340539143576271,-6.1107428962192776,1.3690122904865623,0.625683687864,0.000398246784494,3.9152838973417348e-07,0,1.9576419486708674e-07,37,1,1,1,0,0
692,0,-2.26367531296868,-4.7989450604296318,2.3032174212599545,-4.0052734162217876,-5.9462720962554707,6.1298194342829033,0.244843844146,0.0042377493571,6.5418985924265633e-08,0,3.2709492962132817e-08,17,1,1,1,0,0
693,15,5.9282740042849245,2.0706855703587137,1.5756661756415888,2.4443898080180348,-5.0662786814506742,-2.0045318178160345,0.145248859463,0.0252635141585,2.1551782124013357e-07,0,1.0775891062006679e-07,18,1,1,1,0,0
694,2,-2.2683401216527983,1.5123982632091606,-0.023924897253784855,-3.2678002154859063,-5.0890326793299998,-5.5844912855741722,3.31931127015,0.0105938966104,1.105201471776089e-05,0,5.5260073588804449e-06,48,1,1,1,0,0
695,6,-1.6811850798720041,4.5503990239070298,-1.6270356662712497,-2.1988840858162848,5.4251345409392417,-2.0389428179076683,0.107605864298,0.0603132856686,1.1196835034697598e-06,0,5.5984175173487992e-07,6,1,1,1,0,0
696,1,-0.40410879146510248,3.741122627442957,-0.61309785622012458,-3.4809277114931025,2.2622210722276002,-0.078264636798291598,0.594684172774,0.0542896071172,1.2514669026662749e-06,0,6.2573345133313743e-07,23,1,1,1,0,0
697,1,-0.67522520384085094,4.8216187967211548,-2.4634826597085704,-5.4973649361636712,4.3655820883678711,2.5186737275407007,0.108346359334,0.001814652719,1.2742027927540055e-08,0,6.3710139637700276e-09,19,1,1,1,0,0
698,13,-4.4366810121872957,3.1109531413989866,-0.22950050563178331,-2.6439364813850048,0.19754474077525616,1.5348281447596668,51.8119305724,0.00683026216038,0.0026844903608025552,0,0.0013422451804012776,60,0,0,0,0,3
699,8,0.34564250939677132,-0.86619607305979285,-0.98836768983821299,6.04657019831388,2.960238853545841,-1.8337205071337936,4.36664762471,0.168850287264,2.7752381906278406e-05,0,1.3876190953139203e-05,26,1,1,1,0,0
700,0,-1.4685787600066382,5.5271624696057469,1.9432034946850962,0.91825079063551418,-2.1204776524253517,-2.5638128057389538,0.456850410359,0.0100234477634,2.3931705884565458e-07,0,1.1965852942282729e-07,18,1,1,1,0,0
701,10,4.8837652864703101,4.3514545227997479,-0.72183237087354279,-1.8988887245570814,-0.51191259401645939,4.1715102056595539,0.0098184827426,0.210758423919,1.3530932070937653e-05,0,6.7654660354688264e-06,23,1,1,1,0,0
702,5,0.36513514783915668,-3.829498229420794,-0.78559998545848331,4.9980487457583598,-1.5306060990716357,1.8221412363476124,0.0926050698945,0.219095523326,1.4631079503163026e-05,0,7.3155397515815131e-06,14,1,1,1,0,0
703,0,-3.6716054705676497,-2.1980648693988019,1.9085129622492099,4.6068705059112656,3.0486124834863464,2.1311956707535997,0.032590219684,0.0105108823409,3.4715842987829669e-08,0,1.7357921493914835e-08,19,1,1,1,0,0
704,14,-2.4731352967910114,4.5820553275518234,-0.32797004201144175,-1.1333374995867767,4.5441575614724021,-2.3617871728600868,1.69113569005,0.00686992035212,2.8743165867116504e-06,0,1.4371582933558252e-06,12,1,1,1,0,0
705,15,1.2242710586845373,-2.8743702985744357,-1.7063062557566739,-2.2701570223309204,-4.5049499050669164,-1.9601224053960873,0.0769151195574,0.0266262206953,2.2187616991866568e-07,0,1.1093808495933284e-07,25,1,1,1,0,0
706,6,1.0592038367490706,-3.9582605558399697,2.5148684830428283,-0.51711212486565128,-4.4940984718855148,2.4622338370488803,0.00317679329925,0.153438541085,7.1717355549649318e-06,0,3.5858677774824659e-06,34,1,1,1,0,0
707,9,-3.7362232123892039,0.015426866364158942,-2.0592970818132645,-4.005992859700358,-1.2946612053466946,-0.8852499646643901,0.561014673838,0.034430604129,6.7585121094489744e-07,0,3.3792560547244872e-07,23,1,1,1,0,0
708,4,-2.6868392273565029,4.4732436511122051,-1.6171515920415656,-3.2876542373453672,1.5254917152882761,0.41641541741908461,0.0189034223315,0.00399583600289,5.2210759657085001e-09,0,2.61053798285425e-09,30,1,1,1,0,0
709,7,4.1553457776777591,6.1686650350485728,1.7723306941592831,-0.066885001855156473,-1.6706105273494105,4.0126074437540602,0.0438774574199,0.0529318408098,8.5539615607763716e-07,0,4.2769807803881858e-07,14,1,1,1,0,0
710,7,5.9401658116936362,-0.45992496540439193,0.58776863554037273,6.1856770635805765,-2.2027075732737997,0.72704801590084589,0.00840756443328,0.0904865010073,2.494219287929838e-06,0,1.247109643964919e-06,13,1,1,1,0,0
711,2,3.0574594566552573,1.6156665343568575,-1.2705239900308887,0.89711038570385526,4.3871011950328889,5.2153244352891504,0.0574921110174,0.0032900762255,6.6027050295888708e-09,0,3.3013525147944354e-09,26,1,1,1,0,0
712,15,0.62576309177863687,2.6082945733336023,-1.0367818149197883,4.7389434009727305,0.93355016325085782,-3.0833346429341337,1.57139370841,0.025019723929,2.6599646053143913e-06,0,1.3299823026571956e-06,14,1,1,1,0,0
713,5,-4.9052551503674096,-1.3258187434827391,1.2729506976690657,-4.1261160923434641,3.6771966116210901,1.0878575693887487,0.0277700635217,0.0120805272486,4.5226780275135897e-08,0,2.2613390137567948e-08,16,1,1,1,0,0
714,0,1.4916358126980127,-5.1237857672292977,-1.4245805479986342,-1.8366937600975781,1.7696832472208492,2.6580634643424341,0.71468186053,0.0158928788042,5.8771152527370195e-07,0,2.9385576263685098e-07,36,1,1,1,0,0
715,0,-0.39918048499382064,-4.9093076728007849,1.4722319593700883,-0.45559727961976143,4.3358849613951076,1.7830602294350355,0.040493070589,0.0551757740949,9.2900661888007241e-07,0,4.6450330944003621e-07,16,1,1,1,0,0
716,12,-3.3271074625204324,-3.2445744708282391,0.222828901257139,5.4565168795751644,3.4279656916816812,0.91520816388059412,4.64564464526,0.849192952924,0.00024125036935465958,0,0.00012062518467732979,13,1,1,1,0,0
717,15,-1.8083395367218587,4.8993198923558516,-2.3713001266097824,-0.75701150464344236,-1.4623366895098344,-3.0043827597516852,0.260365886324,1.17471107135e-05,6.7790436796656874e-08,0,3.3895218398328437e-08,60,1,1,1,0,0
718,13,-3.4019152225310196,-0.66005381675080133,-1.1600775994245907,-4.2033702404446895,-1.7140795110507741,4.1049243324758766,0.0669012496305,0.0394179930804,4.7778367685440179e-07,0,2.388918384272009e-07,11,1,1,1,0,0
719,10,1.3687740690173948,5.1614175342011297,-1.8046618938244823,4.7528420869810555,5.0162734086681562,0.24070953516665031,0.365162798885,0.183040910761,1.0339238290521791e-05,0,5.1696191452608954e-06,30,1,1,1,0,0
720,4,0.41221674750271631,4.7824243404327849,0.63158005312984078,1.6297009611901478,4.2151002754209275,-4.1596081967117104,0.0887902578142,0.0646779712702,1.2821714751714911e-06,0,6.4108573758574554e-07,9,1,1,1,0,0
721,0,-4.5766018405560729,2.7304222115018653,0.50905817969045197,0.93248069702433034,0.74197605853005388,3.878985736057357,0.156279156018,6.20484733382e-05,2.4424347386700493e-08,0,1.2212173693350247e-08,10,1,1,1,0,0
722,7,-6.0942524354642273,-4.0284945041870239,-2.2358800673453967,-1.9340962871979983,-5.3567383705800165,4.1394507839626922,0.0524722075388,0.00786586800996,2.1600584869923175e-08,0,1.0800292434961587e-08,28,1,1,1,0,0
723,0,-5.5338801101355113,-1.5299498469404327,1.2595773857886996,4.7070611641648492,-4.4656730417053918,-2.5100193330696938,0.0582165393331,0.0336050820761,3.4739408713636102e-07,0,1.7369704356818051e-07,8,1,1,1,0,0
724,5,3.6127858418071774,4.1680513329259909,0.059977777795769911,3.6384443060457397,-6.2831853071795862,4.6187063726276323,4.95016900345,0.391484712887,7.1189924341356927e-05,0.0075689999999999993,0.00026266496217067844,49,1,1,1,1,0
725,10,4.2794710514086498,3.5595191490601104,-2.3623870132675506,-2.4933715702112855,1.0967186156945627,0.89558681766180837,0.136714398363,0.00707525334198,3.3939734061942983e-08,0,1.6969867030971491e-08,17,1,1,1,0,0
726,2,-4.0150862795518707,3.8068905363884276,-0.62371576090742487,-2.0382003273329903,-0.97930834093030217,-6.1284940357903261,0.34177026637,0.00285972958502,1.1929809246962935e-07,0,5.9649046234814674e-08,8,1,1,1,0,0
727,13,-3.5401097410320586,1.3741934501369484,1.1700543733574271,0.079831149431144846,-1.8959948213014277,0.1280401229054734,0.0129807711932,0.0917572260245,2.5648609099148779e-06,0,1.282430454957439e-06,16,1,1,1,0,0
728,11,0.94048452116258818,-4.5071124944941792,-2.7015187752380418,-1.6988539904931741,-4.9951500688602648,3.2888551159663062,0.201513592113,0.0937862206949,2.7199784412823053e-06,0,1.3599892206411527e-06,13,1,1,1,0,0
729,4,0.15557600210801051,-4.9867735853839834,-2.8492690355558885,-0.58675096546541128,2.5805640793459492,4.5821848043673699,0.0141985061603,0.00136056062987,7.6548256770498512e-10,0,3.8274128385249256e-10,13,1,1,1,0,0
730,4,-2.4198080092162271,3.5617241876697312,0.67152058668539927,-3.0220107126208688,-0.83709133282576231,4.4608975010217993,1.1690651518,0.123064562192,5.9801095678590229e-06,0,2.9900547839295115e-06,55,1,1,1,0,0
731,13,2.9965370099791446,-0.57072444269036671,2.0041861090573945,5.0162116148954192,3.8965835623102225,-2.877186517509188,0.0384903666928,0.0493038598123,7.4196703601665215e-07,0,3.7098351800832608e-07,15,1,1,1,0,0
732,6,0.65770142377249996,-3.433639887068924,1.383064733722599,3.274891702185835,5.3330948081679397,-4.800977090049213,0.0375312934894,0.0033963880063,4.9224974597388042e-09,0,2.4612487298694021e-09,12,1,1,1,0,0
733,7,1.615770708890631,-1.9027086810435432,-0.77080673745763983,0.3230048525552448,-4.1886456969434036,2.4057108294696681,0.0825486493481,0.00463688381842,1.3363764691431386e-08,0,6.6818823457156929e-09,45,1,1,1,0,0
734,14,4.6466344403589614,6.1611405008750255,1.9569664244242488,-0.94980410363383061,4.2200797862694843,-2.8419736883238489,1.36204268964,0.0270770323719,2.0784953267421981e-06,0,1.039247663371099e-06,22,1,1,1,0,0
735,14,2.3209392322711522,-5.406487320445243,1.7090772608209985,-1.2698189918260367,-1.4138820061092685,5.5615468995654398,0.0407656841549,0.0247230014197,1.8785217148101237e-07,0,9.3926085740506187e-08,16,1,1,1,0,0
736,13,2.3717947361513274,-2.7915142523587919,-1.5056358706974613,1.9804652250574173,1.9907343736980732,-4.5923259902049809,0.672567763752,0.00511882327226,4.6032908960276884e-07,0,2.3016454480138442e-07,5,1,1,1,0,0
737,15,-4.5590307484281718,-1.2649301003569262,-2.5617503380024798,-0.25276123124135957,4.6164561530025408,-5.7853705544657412,0.0559239479603,0.00373784539116,7.3834466318560165e-09,0,3.6917233159280083e-09,15,1,1,1,0,0
738,10,2.0320485174666527,-1.2826984292985997,-2.3032965833294505,3.5601074345427328,2.32202981043686,2.8497427840671334,0.0476646492775,0.0401378235539,4.9302425318822848e-07,0,2.4651212659411424e-07,8,1,1,1,0,0
739,1,-3.5133952209238948,3.1863078314630564,-0.12120669510155782,4.0595752214030085,0.047084249068257006,-5.795287018797433,2.51444607039,0.0879938328318,8.6810657129965511e-06,0,4.3405328564982756e-06,15,1,1,1,0,0
740,14,-3.3129045266959887,0.50441923341321848,-0.93848106650778285,3.3834550070264928,4.2582938500068845,-0.51479737204849552,0.100464149107,0.0856396844585,2.2442045864781259e-06,0,1.122102293239063e-06,14,1,1,1,0,0
741,3,4.1563957591456804,3.1805711231407083,-1.457711544332843,2.851309896242328,1.4739100318300973,0.54751545461688678,0.482936410298,0.0413199620717,7.5331285818020923e-07,0,3.7665642909010461e-07,27,1,1,1,0,0
742,4,3.4049222911693415,5.9037611147260494,-1.4953758841661031,-3.1328232749244687,-1.0408461290625715,4.3481217610820027,0.104323005393,0.0379958692711,4.5065521863365731e-07,0,2.2532760931682865e-07,26,1,1,1,0,0
743,13,-0.96776476046340465,5.7254167544367105,1.0640979385622598,-1.6723253062612735,1.5809241946390882,-0.67655065549791849,0.344965079383,0.0901239866277,2.5932050166450249e-06,0,1.2966025083225124e-06,17,1,1,1,0,0
744,14,2.1388026184853151,3.7397722651988299,-1.8154754764762586,-1.9136676060818694,-3.7462395935799111,-2.3764362255776121,0.169940817778,0.0365160090573,4.3506251168224315e-07,0,2.1753125584112157e-07,25,1,1,1,0,0
745,10,4.2081792549324231,-0.62606392254391874,-1.2714486924108817,5.6026309391656239,-4.4555852363170425,-0.27208252723089366,0.0733710772619,0.00682266832959,1.9562891283873857e-08,0,9.7814456419369286e-09,15,1,1,1,0,0
746,9,2.202490435771129,2.1806910433442686,0.79371718780790657,1.9388253510399514,1.7235925511374743,2.6899259903555457,0.911728974977,0.146865760901,7.4017109162784722e-06,0,3.7008554581392361e-06,27,1,1,1,0,0
747,10,-3.4678392849544926,-2.2214229200197759,-1.2892029025524609,0.76749856419551254,-3.597289109111085,0.81950939318064031,0.461791678617,0.0581496709417,1.2432800940831679e-06,0,6.2164004704158393e-07,18,1,1,1,0,0
748,14,-4.5080398671177173,5.0548526321232812,2.4883890440892853,-3.049488015799803,1.5794683356523518,-3.3482422179360025,0.055035418698,0.0030202936377,5.8076703138009177e-09,0,2.9038351569004588e-09,25,1,1,1,0,0
749,8,2.163258857187226,0.027371674521830102,1.1776608434669913,-5.5150539513314465,5.4265736582334316,4.2979123706048803,0.0046281720026,0.133700677775,5.4453231927696146e-06,0,2.7226615963848073e-06,21,1,1,1,0,0
750,13,-4.8702572760214657,-2.4003417228785544,-1.6167158734319973,0.75755174948451398,-3.846404797021393,2.4296918808370447,0.0471255786277,0.00349728628792,5.9465992888576984e-09,0,2.9732996444288492e-09,22,1,1,1,0,0
751,1,5.5083129544686846,3.2011437083210081,-0.89248652706796905,0.2258100356300233,4.6869364774285112,1.7086547771288114,0.124415647614,0.000318489834529,1.5510152475183349e-08,0,7.7550762375916747e-09,18,1,1,1,0,0
752,4,-1.0416252012105114,3.0671501981336493,1.819797565200906,-5.7092662473746731,-3.2776492798348258,5.5659601157001202,0.131757333708,0.00600286552545,2.8336699266993746e-08,0,1.4168349633496873e-08,7,1,1,1,0,0
753,6,1.6832480194127719,-2.5770600059935216,1.2647199932363651,-5.0385553614846543,1.7204954581402616,-3.1462521802529446,0.0135126850844,0.0818051561908,2.0387078256115899e-06,0,1.019353912805795e-06,26,1,1,1,0,0
754,0,4.0134288818120556,2.6650895885201424,1.2730072585439007,-1.6376415696001334,-1.7222848037637279,-3.0044856513808598,0.0253534807775,0.0105622310591,3.4626139170263525e-08,0,1.7313069585131763e-08,27,1,1,1,0,0
755,4,-0.95880522271639002,0.67201623757472184,0.91953563679335604,-5.5500895819065335,3.9433950390281254,-3.2359527910945998,0.124874502285,0.0191361189016,1.2714181309067855e-07,0,6.3570906545339277e-08,9,1,1,1,0,0
756,11,-0.73790419402113683,0.81633789182920669,2.6204632376033472,4.7390471921931123,-1.5086496056603438,2.4603888381973027,0.125103460882,0.0300733084639,2.9114805289447901e-07,0,1.455740264472395e-07,25,1,1,1,0,0
757,15,2.9618782679219215,-3.3709246131461219,1.7144532138313591,0.32290935792516651,-5.7395054526307598,2.3963961108325122,0.0528551706769,0.0419375563947,5.3854218690290159e-07,0,2.692710934514508e-07,16,1,1,1,0,0
758,1,0.86941239840047402,-0.1431219702654449,1.8763498625559691,-3.5736582460107829,-4.7315087107441371,-2.4121892730346319,0.194294848601,0.042143809022,5.7878168208984501e-07,0,2.893908410449225e-07,41,1,1,1,0,0
759,8,1.5569211115010353,-5.8536930971947578,1.128597177525005,-2.8256527215164375,-4.6077935074582932,-3.1693713412630862,0.169022167262,0.0512856741077,8.2977943520333558e-07,0,4.1488971760166779e-07,6,1,1,1,0,0
760,5,1.4101268568186671,-2.4535610055500898,1.0797937483440048,1.3586893691532718,1.6044451139859615,-2.8342280809211249,0.102891611096,0.0446391061093,6.175825224935996e-07,0,3.087912612467998e-07,58,1,1,1,0,0
761,12,-1.9878497532751971,0.86454700281813568,-0.48468164122316076,3.4211752053235225,1.4440176458222576,-5.1139070980141179,0.0768045715137,0.00383998169908,1.039066601641297e-08,0,5.1953330082064851e-09,39,1,1,1,0,0
762,7,4.1077539584651079,2.264941399228233,2.0092596380351573,-2.7056394054409658,-1.6861420689414626,-2.4122994787661178,0.56932287455,0.0644228790156,1.5883844489187536e-06,0,7.9419222445937679e-07,26,1,1,1,0,0
763,10,3.0936475413371145,-6.1128588317589321,0.37244093197360417,4.9345300337731626,1.1010824987046948,1.5365675497563991,0.039110638184,0.208328980374,1.3222219331412424e-05,0,6.6111096657062119e-06,34,1,1,1,0,0
764,2,2.2700608607056805,-0.91776313448373492,2.5519169447608281,5.128073284995053,-2.6323720365474124,-0.49361650737409535,0.0871539746841,0.0523038821106,8.4093649768353082e-07,0,4.2046824884176541e-07,21,1,1,1,0,0
765,13,-5.8508065897108477,-3.813948111885554,-0.78460012512426602,1.147526727170822,-2.3611237463274262,-4.304641750408627,0.0504840795765,0.116359289259,4.1269113835544912e-06,0,2.0634556917772456e-06,18,1,1,1,0,0
766,4,-4.8553342071042316,3.089131049765987,0.50777652891870539,-2.3615661827681831,-1.445083742975825,-5.4694471303703329,0.456854920951,0.092868901929,2.8359298532604093e-06,0,1.4179649266302046e-06,11,1,1,1,0,0
767,12,-2.0679760121994546,1.167080613862056,-0.83214241468572925,-5.0436599814215004,4.5213720671498656,3.5319627822802295,0.100206450434,0.0785720639057,1.8906180613310602e-06,0,9.4530903066553011e-07,32,1,1,1,0,0
768,6,-1.1818479939958075,4.3177748103334155,0.66108346628938863,-3.3115112838257112,4.7851761015194105,2.8741810901251021,0.970633507528,0.0280462303999,1.1817387388592588e-06,0,5.9086936942962939e-07,21,1,1,1,0,0
769,14,-4.4666659524107075,5.1139126260819232,-2.5830359571838448,3.7615558053664353,-5.3322463660840338,-3.2269681444860194,0.135630309056,0.00593210863509,2.9115041192060131e-08,0,1.4557520596030066e-08,19,1,1,1,0,0
770,1,5.9468046658532794,-5.3347480810250385,2.6634717925379983,4.2092406574667223,4.1074213778351956,1.6411143651052857,0.217724591257,0.0549273761137,9.6643982401957516e-07,0,4.8321991200978758e-07,12,1,1,1,0,0
771,13,-0.48873580553337853,4.2330715612872689,2.1137496528735804,-3.1291236411937211,-3.8490893222923854,-1.6745982235782049,0.667718937101,0.00584141302141,4.5624276687686613e-07,0,2.2812138343843306e-07,24,1,1,1,0,0
772,11,4.9257782877038094,5.2818504713566004,-0.23204010795098984,0.14176975179037499,2.6938760386451075,0.55340575550315552,0.499795365051,0.0248543213913,4.3796894686662507e-07,0,2.1898447343331253e-07,13,1,1,1,0,0
773,0,-0.059889499868788519,-0.9439069156927431,-0.68237726966477974,-0.44587160666020154,-3.3453473247847216,4.7635053257092572,0.138289346532,0.016088845605,9.7974452746492002e-08,0,4.8987226373246001e-08,25,1,1,1,0,0
774,13,-1.7776903991943724,6.1001141315926892,1.4190516140178437,-2.5402669175744994,-4.5406114261906652,0.26522776280922011,0.131940475398,0.0390702563368,4.8240218983647175e-07,0,2.4120109491823587e-07,32,1,1,1,0,0
775,11,-5.9258116210594896,-0.13058034854126116,-1.0420929801260712,-0.46036461115193683,1.1565904957632573,4.3200589644407268,0.102882320145,0.0574552847334,1.016160304385507e-06,0,5.0808015219275352e-07,20,1,1,1,0,0
776,9,-1.0050489414292547,-1.1290077536284477,-1.2332670713333027,-2.6210149682651589,4.6556176135625531,2.0779181580022037,0.0490990467646,0.00950335945696,2.9921885599952339e-08,0,1.496094279997617e-08,11,1,1,1,0,0
777,2,4.6647392033814272,-2.5997782989979354,-1.2516654591556262,2.4891524600381714,-4.5786538779798054,0.36766847629218297,0.179753544752,0.0842888149887,2.1964975771293945e-06,0,1.0982487885646973e-06,23,1,1,1,0,0
778,14,1.8109322469355835,2.9669799682504632,-0.64828408412970573,-2.7146198365247409,1.949957467869017,4.057407118695008,0.142704114724,0.000974214914878,2.0653575137988335e-08,0,1.0326787568994168e-08,18,1,1,1,0,0
779,5,0.4815208058732845,3.8925871037618274,-2.0402173721193728,-2.1252534666688385,1.5699725577482257,3.2448704556797807,3.24717737656,0.167554359395,1.9096131503146007e-05,0,9.5480657515730035e-06,8,1,1,1,0,0
780,10,5.1392708974121426,-0.49259226856264215,1.8576571764109422,-1.2372653907936229,-0.45726297014903422,3.5763636512130645,3.18079429915,0.0321771394889,1.0432843595335093e-05,0,5.2164217976675466e-06,17,1,1,1,0,0
781,5,4.345395550199882,-4.8597743010895753,-2.0961745697914242,5.6704435383153937,-4.4101653605213764,0.48709417954429868,0.246146399835,0.0892274690855,2.4858122000225503e-06,0,1.2429061000112752e-06,19,1,1,1,0,0
782,14,1.5555112815102354,4.2517729868932674,-1.6822535095747106,2.6326884767846788,1.7285922171745709,2.6869833346164791,0.182077700487,0.00809671853276,5.3122047815116259e-08,0,2.6561023907558129e-08,27,1,1,1,0,0
783,8,-1.2810071918665433,1.3794305384982049,1.9640006938009471,-5.4678505807362932,2.0694443546507313,-0.77061974188801552,0.0903801737544,0.0136731962913,6.5118720558580899e-08,0,3.2559360279290449e-08,19,1,1,1,0,0
784,0,1.8129705126350408,-2.4387201866707033,0.27940280857521893,-5.8738877834321794,-3.2785173548705617,2.8879373530840255,0.567371152664,0.000133531746615,3.2191545642491317e-07,0,1.6095772821245659e-07,17,1,1,1,0,0
785,14,-5.7587954250278921,-0.199798575550031,2.8259915632334613,2.1500970034522582,-4.4589386764049967,4.340259185028474,1.24155682407,0.0148939003422,1.609036101849056e-06,0,8.0451805092452802e-07,13,1,1,1,0,0
786,6,-2.963055230261197,-2.3394036565962324,-1.9262342365396847,3.0610386479018912,1.3774554994741672,1.398603131261708,0.0343349097044,0.0384638572267,4.5185070611235011e-07,0,2.2592535305617506e-07,24,1,1,1,0,0
787,0,-4.2523397488288577,2.4330562629121371,-0.70268737687829663,-0.22958279534874981,-1.6016503126153423,-1.5360033630418772,0.0206684674807,0.283268679309,2.4443277637884579e-05,0,1.2221638818942289e-05,6,1,1,1,0,0
788,1,-0.10401374613637818,5.0430174957575398,-2.2721683667814641,3.5206316941984741,-4.7602672886106863,-1.9933735319043573,0.387260527117,0.00108185143246,1.5032724085904585e-07,0,7.5163620429522925e-08,23,1,1,1,0,0
789,5,3.3389529970104554,-0.40407922149944031,2.4562162971582264,-0.47792728464331946,4.9072608010256706,-1.8525369455433549,0.0257545694518,0.0212587193756,1.3833000776208488e-07,0,6.916500388104244e-08,17,1,1,1,0,0
790,1,0.83507785265211898,-1.1581896645120089,2.3401506284722977,-5.4845954706857256,-2.0154508462450371,1.7508687989023308,0.0255031385812,0.0791809119419,1.9104849076058502e-06,0,9.5524245380292511e-07,19,1,1,1,0,0
791,13,3.9267881597893304,-5.9133103305064783,-0.1002798013905629,3.7832358963509041,1.7767936077682223,0.2299450886210633,0.0567232002973,0.00795341953502,2.2486669721943319e-08,0,1.1243334860971659e-08,14,1,1,1,0,0
792,6,0.060630170412173723,-1.4034741397778736,1.6448325944364777,-2.0110345346882439,1.5672392111562421,-1.3772611181823473,0.666029319745,0.0661810272431,1.7777975327521137e-06,0,8.8889876637605684e-07,17,1,1,1,0,0
793,7,-0.083509326485202554,-5.0083413628207065,1.9104854810539618,-4.3385055685608753,-4.1309464102930251,-1.8103427956250593,0.46604201725,0.0717268932858,1.7843747855850879e-06,0,8.9218739279254397e-07,30,1,1,1,0,0
794,12,3.3037981377600043,-1.3273951782704096,-1.0482210396343246,-2.524326317833518,4.5724991117689546,4.2677683176103782,0.251799359237,0.0102298443626,9.5281043685114224e-08,0,4.7640521842557112e-08,38,1,1,1,0,0
795,3,-1.3141238081588769,-4.9126684984822395,2.7986980775676784,-3.3066313431205692,-2.4183462694376088,-4.2421519463328812,0.0419562363332,0.0171597241728,9.1456793451621e-08,0,4.57283967258105e-08,18,1,1,1,0,0
796,2,-4.7586585359745666,1.1992062009591633,1.8523431521314622,5.1145898752827375,4.0002882853690869,-0.055962562887727454,0.144698916109,0.188938232255,1.0895065519992689e-05,0,5.4475327599963444e-06,5,1,1,1,0,0
797,4,-1.4917941920713862,-4.7927307319214343,-2.539392730884245,4.6811226566053357,1.8430432423966832,-6.0322663437394288,0.174707579011,0.0681575244137,1.4456071625592047e-06,0,7.2280358127960235e-07,5,1,1,1,0,0
798,13,-3.6525017899928423,-3.1472839696134773,-1.0713802871253006,-2.0454958265705363,-3.5694969881982925,-2.832828916654778,0.142460990868,0.0599971886951,1.1168150828663115e-06,0,5.5840754143315577e-07,14,1,1,1,0,0
799,12,3.7656643596792692,-3.0426942339951153,1.4290355857329564,-2.4331018655655186,4.6795999947164617,-2.4758331342256801,0.0189131905655,0.00806237203768,2.0158402435023244e-08,0,1.0079201217511622e-08,36,1,1,1,0,0
800,15,-3.0800362496189257,5.4082253266296796,-2.061990098941556,-1.7961120253694485,-2.4374388110396832,-2.1729136791759367,0.0509204145154,0.0213640558436,1.4162724928766536e-07,0,7.0813624643832682e-08,27,1,1,1,0,0
801,5,-2.1199862591723191,1.2589203834821014,2.9476639737914612,-2.7089632768513172,-1.7771367922906076,-2.4503617736126362,0.874740862999,0.0116895002661,8.0679584697466029e-07,0,4.0339792348733014e-07,20,1,1,1,0,0
802,6,1.9067892385446426,-4.7703558803528958,2.2778420600826559,-1.1253035046061843,-2.8595132709373621,-6.0169053191327979,0.496773784106,0.0753567801973,1.9765981737403888e-06,0,9.8829908687019442e-07,17,1,1,1,0,0
803,14,2.8797103710663219,3.2413090485467015,1.0517805885245994,-4.7210439490256002,-4.2407088696308701,2.6356971251483947,0.0868422272738,0.0215934625586,1.4957785955127584e-07,0,7.4788929775637919e-08,7,1,1,1,0,0
804,9,5.8763210808122661,-0.32859315320996613,1.8828661490787262,6.100776221460352,4.5809580712696043,-4.0184563709228991,0.362520119887,0.0189799746647,2.4115604551437687e-07,0,1.2057802275718844e-07,21,1,1,1,0,0
805,11,1.0600813628667407,-4.0724688352516312,2.2056984714914476,-1.3093884238102089,-1.0400889875479786,-0.1022644291800559,0.0431859088547,0.00436569905832,7.6708261234040419e-09,0,3.835413061702021e-09,18,1,1,1,0,0
806,14,1.6939698916700674,-4.1389904809857097,-0.2924018251317953,-3.0139540642931375,1.7940325819862326,-2.9860954906624859,0.93625397014,0.01602145045,9.5476279001210946e-07,0,4.7738139500605473e-07,59,1,1,1,0,0
807,7,1.7986060791281426,-3.6855393043392053,1.7952760374488279,4.4241336248470713,-1.718654582738016,0.26645918342709574,0.0797631365859,0.0718256162908,1.5778588000126879e-06,0,7.8892940000634396e-07,25,1,1,1,0,0
808,2,5.3038608840492438,-3.6703821943735337,0.0039039213445991126,5.2140293662796973,-3.154070899389386,-3.073255960671017,2.27196947149,0.00703353031271,5.1769148702795796e-06,0,2.5884574351397898e-06,56,1,1,1,0,0
809,2,2.3127476278388159,-1.8490926236688363,1.0252791442562352,-1.390381766339692,1.3899595411909309,-3.7430443848939272,0.139274021651,0.230692796791,1.6230882432896891e-05,0,8.1154412164484453e-06,19,1,1,1,0,0
810,3,-5.941140183164392,0.78151018559537799,-1.1249413988462611,-5.7094056802863866,-2.4366354331025057,-0.014313691066020734,0.0668752119947,0.0060453526046,1.5604929967375494e-08,0,7.8024649836877472e-09,22,1,1,1,0,0
811,4,5.7091098320671545,-0.30926666572650752,0.17729769918671479,-0.49578303903701404,-0.26230277935860707,-2.5280075920052969,86.0467140658,0.278954584286,0.0074277410071267808,0,0.0037138705035633904,60,0,0,0,0,3
812,2,-4.4352973301259038,-4.8446610861628274,1.2020235313516565,-4.0247221822989268,1.1892984741643371,-3.0672890356988756,1.66517255898,0.201147519037,1.5097719278126089e-05,0,7.5488596390630443e-06,19,1,1,1,0,0
813,11,-5.1986472574702596,-4.722935488456308,-1.6226702492307818,4.4792318624793142,3.112131895573071,3.4668065065126719,0.419370950841,0.002962267201,1.7854502048331335e-07,0,8.9272510241656677e-08,18,1,1,1,0,0
814,1,-4.3363444587264244,-4.0506878591196873,1.6792678680951976,-1.1634334627578076,4.6758437096004384,5.3912072436605127,0.0608788196795,0.014036311038,6.3721353890951952e-08,0,3.1860676945475976e-08,38,1,1,1,0,0
815,6,0.90784504886656792,-5.2637604762716581,1.4878126199705057,-0.71959062648524563,-1.5274107558886378,-5.3588209399891644,0.0405008889711,0.00808982265076,2.1576079266011623e-08,0,1.0788039633005812e-08,37,1,1,1,0,0
816,4,-2.3340640167746387,2.7700895106269692,1.9351077017247238,3.2005010892739936,-1.7046790445523829,-2.5214995499784769,0.0144633638992,0.00510407642509,8.1449588967766339e-09,0,4.072479448388317e-09,32,1,1,1,0,0
817,11,1.6069508390477449,1.5606791890807243,-1.5338119443891911,-1.7495306419013843,1.566483948456185,-2.4465993391751057,0.0458177703901,0.455361175016,6.3165678719246234e-05,0,3.1582839359623117e-05,18,1,1,1,0,0
818,13,-4.4360435254879524,0.075026990602623425,1.2612008277081628,-2.6466591563663702,1.0124847049825121,2.1436705487926511,0.0878334802765,0.0141765979546,6.893548936095126e-08,0,3.446774468047563e-08,15,1,1,1,0,0
819,8,5.5824110066667219,2.8969411427652578,1.6263241137052749,-4.8005007696950539,2.1019824154708098,6.0874804410416488,0.0536191282292,0.0845516931686,2.1805815386384194e-06,0,1.0902907693192097e-06,8,1,1,1,0,0
820,4,5.9623905667154542,-1.7384027658447037,1.6016138234604169,0.27616899126370459,-0.90096254596397152,2.0677803712708713,0.0813539579857,0.0305837040006,2.9154631499445052e-07,0,1.4577315749722526e-07,10,1,1,1,0,0
821,13,4.8210155882750572,4.949992945230191,1.2337025396823098,-4.0454020923897485,4.1789405393281935,-2.4504631489439008,0.0360823489657,0.000849280825011,1.5216497257434661e-09,0,7.6082486287173307e-10,18,1,1,1,0,0
822,7,4.2888778194696968,2.5810972382108712,-0.058985326205665378,3.1749579211737267,-5.5499568564147852,4.906756888780925,147.726365157,0.847383376092,0.022041812116366747,0,0.011020906058183374,60,0,0,0,0,3
823,10,-3.9136609575683772,-3.532006666838595,2.2663387023694179,4.2377710825893997,-2.0343790509928117,-6.135238207754127,0.128018685201,0.0206802591674,1.4666546585333624e-07,0,7.3332732926668119e-08,26,1,1,1,0,0
824,5,-5.6000186709926218,-2.9449905886138938,1.5427251697493574,-2.424127954872294,4.5571812777800753,6.0466044505116621,0.0131731205105,0.121763805868,4.5165606824450849e-06,0,2.2582803412225424e-06,17,1,1,1,0,0
825,7,5.4577449914074228,2.6985179343386307,0.47928929846849477,-0.77180145704235648,5.3639313771324426,0.58320352198399772,0.0313712872055,0.409203020455,5.1008291350524134e-05,0,2.5504145675262067e-05,21,1,1,1,0,0
826,15,-4.9458157397417795,-2.531570369573811,1.7113403077250398,-3.4210301780401466,-1.2970727317179975,-5.5148526077376534,0.0330468937228,0.00542352441444,1.0052301941816637e-08,0,5.0261509709083184e-09,57,1,1,1,0,0
827,11,2.9011436046596843,3.6698309937513836,0.86576162315833904,0.13228028550262866,-4.6786534236012862,-4.5686557049223984,0.340195850143,2.7441324265e-05,1.1573344583974167e-07,0,5.7866722919870834e-08,19,1,1,1,0,0
828,6,-3.1268022046969786,-1.5376539683717809,2.3941340714151722,2.4636794714835704,1.7659074844777263,-4.3476899878897735,2.41631770458,0.0301094449316,6.1147509060041622e-06,0,3.0573754530020811e-06,20,1,1,1,0,0
829,4,-2.3149748611533636,1.398033948890349,-0.33957171776887707,5.275947984796745,4.3851673530397184,-2.6063751721488133,1.11934215807,0.219962667028,1.5991406608684202e-05,0,7.995703304342101e-06,13,1,1,1,0,0
830,1,-1.3956170581610166,-2.7590407794971887,-1.0750159973522246,-1.3746527255235415,4.3093715295546282,-3.9773566958244584,0.0538546694414,0.00283869595677,5.3549919089592442e-09,0,2.6774959544796221e-09,17,1,1,1,0,0
831,0,-5.4225690264982047,5.1584960951271235,2.7407581756636579,3.8196615447123476,2.3049985934681527,-1.198085188921701,0.121276920938,0.0425092095328,5.6516178952879048e-07,0,2.8258089476439524e-07,14,1,1,1,0,0
832,5,0.39915604314471281,3.0597890563107546,-1.2245471987582175,1.9594416476382734,2.8691510597493921,2.9651425045531958,0.102302335825,0.00445265682432,1.6505159423927466e-08,0,8.2525797119637328e-09,52,1,1,1,0,0
833,1,-5.4091862819882923,-3.5065072599448599,1.0622467295521878,3.6938697604144504,-1.5012459906824527,0.73010043923969803,0.17673244508,0.0212221093789,1.6842731903961951e-07,0,8.4213659519809756e-08,32,1,1,1,0,0
834,5,4.853935317156437,-3.2444692086039768,1.8855488964871836,2.7899080958988307,-1.7279009656577755,-3.6178326141642811,0.0604168824648,0.0111375667538,4.1436587298326089e-08,0,2.0718293649163045e-08,41,1,1,1,0,0
835,6,-2.5846069205732167,4.9535957569193734,-1.7145763166115655,1.7055171150714927,-4.905464872220402,1.0400150427314965,2.06950569724,0.0156644184366,4.3575990271966509e-06,0,2.1787995135983255e-06,13,1,1,1,0,0
836,3,-2.9918528661226764,-3.0005972474272298,-2.4172173459097759,1.7697550009845566,3.7651194861558479,4.7544290708690458,1.71823573081,0.173376780206,1.2108983767616562e-05,0,6.0544918838082809e-06,23,1,1,1,0,0
837,12,0.83885780954065858,-5.1429565137661877,1.316625546948903,-0.49531426897328873,-1.0030225766485039,1.2334147550006456,0.157155471341,0.0390904211046,4.9017184801133916e-07,0,2.4508592400566958e-07,8,1,1,1,0,0
838,13,1.2339787858167333,-2.3581393676305491,-0.20898810105485152,-6.0303787665376527,-4.9966572756228178,3.4278999398574199,0.663199023513,0.188013171976,1.1207739750027161e-05,0,5.6038698750135804e-06,9,1,1,1,0,0
839,6,-1.0226419659815604,-2.6588486423320186,-0.97332358244730788,-3.0135007659133386,-4.1155904717423155,0.33857444944999393,0.262571006946,0.000231362914237,6.8959839493126344e-08,0,3.4479919746563172e-08,33,1,1,1,0,0
840,14,4.4107175350793977,3.859585929607527,0.38736535474105249,0.35321511290598584,-5.1973853773610568,0.71112343811446432,1.28365916396,0.00688237339398,1.6622096818939982e-06,0,8.3110484094699909e-07,55,1,1,1,0,0
841,9,-2.8933305728756289,4.268233103690708,-2.2657908353846095,-3.4228023880771081,1.5463448633420482,1.2556118776514571,0.221384375646,0.106202216915,3.4847637713186471e-06,0,1.7423818856593235e-06,25,1,1,1,0,0
842,7,-5.4592328658649798,0.022195764863765927,-2.1247630580477019,3.1261312661581644,-1.3293842653200054,0.24535909882681281,0.0794729144065,0.00324486841012,9.5233130264633367e-09,0,4.7616565132316683e-09,31,1,1,1,0,0
843,4,-5.9657239446266015,0.0094236012834482859,0.71014095848126835,1.3089536898524785,4.3258521566009014,1.8748831641909058,0.252601212209,0.0262824024558,2.7422632656056609e-07,0,1.3711316328028304e-07,23,1,1,1,0,0
844,10,3.292375480281942,-1.9442083353328494,1.841805625050001,-5.4804205092774829,3.446911321919417,4.4622490240697923,0.0536849691463,0.0220846148087,1.5145319441494311e-07,0,7.5726597207471556e-08,45,1,1,1,0,0
845,1,-5.2525496524967235,-3.3796975112458383,0.51722303894528976,1.2774289062817377,1.7091563450569605,-2.867484326132391,0.18121623882,0.00535482191031,4.1573960957774557e-08,0,2.0786980478887278e-08,41,1,1,1,0,0
846,2,5.2946075836261235,-2.2798919013019092,-0.88637045297474892,4.9749152209037293,4.7374346511592762,2.2589218368003805,0.286292606059,0.0262486428542,2.9184219362843943e-07,0,1.4592109681421972e-07,45,1,1,1,0,0
847,4,-5.0422649935785806,4.3889894554167244,-0.21469348074566916,0.65512152154528314,2.9177987660153879,-2.6784456124537179,1.03054191617,0.116460708955,5.1935721712931281e-06,0,2.5967860856465641e-06,16,1,1,1,0,0
848,14,-1.0163741097263399,-1.4535393736554301,1.4884351068571122,3.3152529954151491,1.4483061336552245,-6.0847785910133201,0.100477583408,0.014546010089,7.4548650894580985e-08,0,3.7274325447290493e-08,14,1,1,1,0,0
849,0,-3.7582296137350952,-0.39620907259965082,0.75369080931285315,-0.31622427126250741,5.7801726342705333,0.25794222531579941,0.225157166561,0.0240298515792,2.2659213383024258e-07,0,1.1329606691512129e-07,17,1,1,1,0,0
850,2,-4.9930501120513036,-0.43457009368365385,2.381316399188973,-0.55511371693304179,-1.8129899753422731,0.43525661941518101,0.338840436433,0.0276358530869,3.4746146403719394e-07,0,1.7373073201859697e-07,16,1,1,1,0,0
851,9,-4.6726332892605411,5.5473611949719519,-0.90133129621733721,-3.8991873583307695,-2.1953943610689768,-5.9374362401687222,0.947032316191,0.0457528947059,1.5345341913393533e-06,0,7.6726709566967665e-07,7,1,1,1,0,0
852,10,4.9474243635016579,-3.0217665270164922,0.76943395973027651,2.9199834840003538,3.9354117880468129,2.55413291921721,0.154164796435,0.235018303976,1.6848884477961302e-05,0,8.424442238980651e-06,12,1,1,1,0,0
853,10,3.106022690033837,-1.8122026114312426,-1.5444520812618101,-3.6371948300145962,-4.456828730209093,2.4575607198556608,0.405535733214,0.0105066589956,1.9808591231958703e-07,0,9.9042956159793515e-08,13,1,1,1,0,0
854,14,2.7640029932264154,-4.896185032568809,1.2906223663883742,0.85169999229439763,3.0231050293658157,0.26351026358003721,0.267548389305,0.0412878037887,5.9085819894920472e-07,0,2.9542909947460236e-07,21,1,1,1,0,0
855,15,5.7306767160333081,0.01270035219973879,-1.5205480027390905,2.4879892464376652,4.4670084736158966,-3.5897917981242067,0.107529778678,0.0144439573833,7.5114347386073404e-08,0,3.7557173693036702e-08,30,1,1,1,0,0
856,0,-4.3718842767109853,5.2832440361227713,-1.836952955412662,-2.4738837280286199,-2.3946309188965369,-1.1465801864727561,0.0268199544323,0.000863556867894,9.4647244557641354e-10,0,4.7323622278820677e-10,33,1,1,1,0,0
857,7,3.9644786661068485,0.9116074593605743,-1.0372808828848046,1.5144694846255058,-1.7416210947353861,4.3283272797918322,0.17407549787,0.0973056545238,2.9145389328437702e-06,0,1.4572694664218851e-06,20,1,1,1,0,0
858,8,-2.1524849020263219,2.732420450237754,-1.4624815935654691,-2.8775477102228364,2.0015317488416415,0.44658037768844994,0.0273348775985,0.0185270858192,1.0530801099204872e-07,0,5.2654005496024361e-08,41,1,1,1,0,0
859,5,2.2903224983130408,-1.8101272323704245,1.1074819201393786,4.6846121633357622,0.48849567133837024,2.2459200061637219,0.576430200371,0.0399820088397,8.1922131249151887e-07,0,4.0961065624575943e-07,13,1,1,1,0,0
860,5,0.40170593812084615,3.0652655305582583,1.133608471007955,3.4342836655004456,-3.5535195226349305,6.2109269819261979,3.53052771583,0.219081930561,2.7085315442020614e-05,0.00021731697433488665,2.0062166951056907e-05,21,1,1,1,1,0
861,13,-6.0472682709516645,0.7482875598555061,-2.4832224693284259,3.2585863101950299,-2.3467324311099462,2.1822082461001737,0.137569616416,0.00540930943424,2.7838696532755035e-08,0,1.3919348266377517e-08,22,1,1,1,0,0
862,3,-0.13758886607698881,-1.0967017650720594,-2.1437190951327758,5.4880377278060992,-1.1749878579303967,-4.1992549055596813,0.194120817164,0.2920016299,2.6010872526756385e-05,0,1.3005436263378193e-05,26,1,1,1,0,0
863,8,-0.66542026396275944,-4.5419291041935326,2.3966251321817849,1.0331026653402375,-3.247603430601226,5.4794783948803669,0.0547086696173,0.0078954311763,2.1982228514895828e-08,0,1.0991114257447914e-08,15,1,1,1,0,0
864,11,-1.1792334629476566,1.2296358257770075,2.3088269810826496,2.7664044529801775,1.4918505641369664,-0.81814140936919066,0.100512982918,0.013422649265,6.4985022763245278e-08,0,3.2492511381622639e-08,14,1,1,1,0,0
865,4,-4.502219792843416,5.2542443286221294,2.549405142387855,0.82164023089928406,3.5478892751618321,0.92319517877141954,0.203183889288,0.0788063176473,1.9330905918955011e-06,0,9.6654529594775053e-07,15,1,1,1,0,0
866,0,-5.8109810722703221,5.0362007833695905,1.0571602205223336,3.3073465281090475,2.9764208032091015,2.8200966194001884,0.0353564828653,0.000316176259105,1.280532700224168e-09,0,6.4026635011208398e-10,17,1,1,1,0,0
867,7,2.8164341505930288,1.7350542128707069,1.2022993465023244,-3.8605873813560705,-4.4504503014432464,-4.8737971093830836,0.166147490501,0.0243635091224,2.0841997232665327e-07,0,1.0420998616332663e-07,32,1,1,1,0,0
868,11,-3.5345955913693605,-0.63375300624201913,1.1300541671662676,2.6552728983879099,0.68187229775483271,3.2857901663320868,0.102373382309,0.00206269787484,1.1776372002286941e-08,0,5.8881860011434706e-09,10,1,1,1,0,0
869,2,-0.1535222910834102,-5.4779303796269172,-0.21277237249062986,4.3537721234787581,1.7876419012457589,5.0534151086270178,32.7662824421,0.00231181844029,0.0010736308931020924,0,0.0005368154465510462,60,0,0,0,0,3
870,1,5.0307892157741207,2.8392279861216303,2.2761568275019366,3.1788524375327625,-1.8496101240252094,2.3771643448156143,0.050809988125,0.00156775172501,3.3303574389547446e-09,0,1.6651787194773723e-09,25,1,1,1,0,0
871,14,2.557348342443547,4.0517242471364279,-1.0106384038889331,-0.49442632527626335,-1.4968347250034957,4.7938943727524927,0.143174757684,0.0469038744078,6.906492424422393e-07,0,3.4532462122111965e-07,18,1,1,1,0,0
872,4,3.4367531333571204,-2.6237438363810535,0.71033618689193734,-2.7742251241113642,-3.0172564432698392,3.9122760992654553,0.0749998489207,0.00816340262149,2.5925030175619856e-08,0,1.2962515087809928e-08,22,1,1,1,0,0
873,2,-0.90519474731368488,-0.099910224730561104,-1.8158552373421322,1.94250131572853,3.5998078128556097,1.5446964147726252,0.105498997066,0.00722192902921,2.7017743394725428e-08,0,1.3508871697362714e-08,17,1,1,1,0,0
874,1,-2.5100856179945872,3.0687363449955076,-1.4729325503633444,6.1827200982038351,5.045193882408932,4.451726543691974,0.0617931711928,0.00169445748653,4.6930093300039153e-09,0,2.3465046650019576e-09,8,1,1,1,0,0
875,10,-2.7894835392655639,-1.3451520534645431,-1.4950177488729612,1.0998385707446379,1.6252593319100521,1.282124983674632,1.17632693733,0.136147679325,7.0301916123528728e-06,0,3.5150958061764364e-06,13,1,1,1,0,0
876,0,-3.1733206990512559,-0.86901633146038304,-0.35351771546492555,-1.7618419324940657,-5.869278703730977,2.2190222710933187,0.232054824693,0.000504304120465,5.3926912771454483e-08,0,2.6963456385727241e-08,15,1,1,1,0,0
877,15,3.5101310260367065,4.3344279064033024,-2.5283706452709782,1.3137826720910268,4.7866696392630077,-1.3421071947012744,0.917566622521,0.0481560741616,1.5483385813795804e-06,0,7.741692906897902e-07,26,1,1,1,0,0
878,10,5.0572977894967694,0.36553301306539993,0.68718798933489333,-2.6237635952843661,1.9350385777667001,0.17684827810335246,0.409252246651,0.0811706747129,2.1745136255594448e-06,0,1.0872568127797224e-06,12,1,1,1,0,0
879,3,3.4122340203745809,-3.2565725618580834,0.4707965498395088,-1.1278431577634029,-1.9569438852926002,5.2205660979130046,0.108792810003,0.00811226452092,3.1882393225413007e-08,0,1.5941196612706503e-08,16,1,1,1,0,0
880,7,6.1594680443182588,-1.458864894028153,-1.1738797795718876,3.8597119476615425,-0.8931707952826462,-3.8961487371555177,0.0710824952663,0.0046144070368,1.1538864399465156e-08,0,5.7694321997325782e-09,20,1,1,1,0,0
881,10,-5.0334007164159189,0.1559080338907412,-2.4838355027170245,-6.1870979782370652,-3.6572747036411593,-2.6523899169643097,0.192318902186,0.0199662443496,1.5842257278140841e-07,0,7.9211286390704203e-08,18,1,1,1,0,0
882,6,-0.12748447323313017,2.6463671486261187,-1.3086773377114531,-5.1313021228639819,-1.8554023712425349,1.1408794561747957,0.0392885265451,0.00288639160085,4.0814341686181768e-09,0,2.0407170843090884e-09,7,1,1,1,0,0
883,14,-2.2884334301022093,-0.80920735633873975,-1.1830361990607254,0.056332910868150878,-4.4502126291396298,-5.5637975301784293,0.029635156055,0.0710872925672,1.5402328755988212e-06,0,7.7011643779941059e-07,11,1,1,1,0,0
884,15,3.1281136833187264,-1.203318956696442,0.49148996817464058,6.0863241134180752,1.4568804522610062,3.8747981422900017,0.0242729530621,0.912791572407,0.00025380430643017567,0,0.00012690215321508783,16,1,1,1,0,0
885,1,2.5278371135673185,4.2602546762374649,2.2631939097561578,0.10694300610762203,-1.0510250549845594,5.3071264000571734,0.12440336359,0.02438182846,1.9656319856219455e-07,0,9.8281599281097274e-08,9,1,1,1,0,0
886,8,6.0775130574782006,3.7237821028354952,0.89327468971560253,0.66286129944410122,0.35895122606378521,5.2392314344513853,1.26712169815,0.0339249108966,1.9561814582144919e-06,0,9.7809072910724595e-07,21,1,1,1,0,0
887,5,0.6635485091428972,-4.2670747644073446,2.4996964517346001,-5.3181262795580233,2.412885142283308,3.9874884572815259,0.0434911029207,0.0352148719659,3.7964364151548128e-07,0,1.8982182075774064e-07,14,1,1,1,0,0
888,0,4.368015702452281,0.26509858746212617,2.173423196532331,1.8897377371679955,1.8814568415483373,0.58763206852674099,1.1183290699,0.00378960386782,1.2550345490502984e-06,0,6.2751727452514921e-07,50,1,1,1,0,0
889,3,-3.0392916969831805,-2.803958501228025,-1.1994003329321017,-2.2176216525741252,0.73170891728335141,-6.0287241154214026,0.163697992031,0.0119179795043,7.0064353393361182e-08,0,3.5032176696680591e-08,14,1,1,1,0,0
890,6,0.70504838040931106,-4.4854117536082247,-2.0886317260951293,-4.4719376834318734,-1.5876625263168498,0.88595441045812662,0.394890161019,0.0138824997385,2.146452656497157e-07,0,1.0732263282485785e-07,19,1,1,1,0,0
891,6,-0.52703964763686173,0.11466876714617591,0.74352104632042859,-3.5313775993580494,2.066480214856623,4.3137752777964353,0.272363507093,0.0217091852391,2.1774463499761419e-07,0,1.088723174988071e-07,34,1,1,1,0,0
892,0,-3.6675790607094614,5.011784266894753,-1.6268418317154525,1.6237982267700866,1.2305380277581461,2.5301923385629368,0.0287887420624,0.0128611305882,5.1215156983331e-08,0,2.56075784916655e-08,15,1,1,1,0,0
893,11,0.4721843544628388,0.37319534424681278,-1.0519362516546957,2.0835547010727935,-1.669831472524121,0.82208590459072184,0.103026806887,0.0336957960853,3.5647917432533481e-07,0,1.7823958716266741e-07,27,1,1,1,0,0
894,1,4.1840172176965167,2.0806990508400491,1.8929315106951672,0.022362759366945841,-3.5341980089302103,-0.54359605028136071,0.430052409533,0.0297431390251,4.5442619102319639e-07,0,2.272130955115982e-07,54,1,1,1,0,0
895,5,-2.401040888793041,-0.30741790948794645,1.6071401491688799,4.1554347875027045,-3.7483191743658124,1.7228776005815309,1.21198656697,0.0505488236289,2.247264864777307e-06,0,1.1236324323886535e-06,35,1,1,1,0,0
896,1,2.5393223038593025,-5.0108532892757278,-2.0545473423587235,1.0608939816512528,-2.0491861987645432,-1.9593845675095354,0.0707308299792,0.0166324548764,8.927177321272317e-08,0,4.4635886606361585e-08,7,1,1,1,0,0
897,10,-0.28297493581113914,5.5935227261134486,1.5127662150900996,3.6305521000428773,1.5051971219852556,4.4627407994028552,0.084951188755,0.0106912279666,4.2035193058492261e-08,0,2.1017596529246131e-08,10,1,1,1,0,0
898,0,3.2606365316271506,1.2084876175623571,0.19386944169576256,-1.1748271408438218,2.2253203040254479,2.6541500640590288,0.889774736401,0.277176914492,2.4194554363204361e-05,0,1.2097277181602181e-05,15,1,1,1,0,0
899,14,-4.284436628223216,3.3742029599419614,-2.3934821814479772,1.9279848091794602,4.3497456124048233,0.43219666196672635,0.32387973752,0.0429763149034,6.6751538364867813e-07,0,3.3375769182433906e-07,15,1,1,1,0,0
900,11,2.5195026808404068,2.0569489509668077,-0.01739893767598108,3.7631825267833858,1.9277340662692668,2.3660422366939566,3.12547283753,0.0269193622032,9.9893220993405505e-06,0,4.9946610496702752e-06,22,1,1,1,0,0
901,1,-1.2355880936070638,4.5029679579254438,-0.79724290299228295,1.0013317281040621,-3.5252995037232249,-0.88917040357925625,0.310535153067,0.0152326068504,1.6711316531360065e-07,0,8.3556582656800323e-08,13,1,1,1,0,0
902,5,1.2904865029924744,-2.2471461138825197,-2.4644089902712953,-3.1667755527549488,-4.6368084945977976,3.4565740864852006,0.0256260131137,0.00813451801794,2.0813344000906315e-08,0,1.0406672000453157e-08,27,1,1,1,0,0
903,8,-3.1515999530874743,-1.3272244811995257,1.2361993788813559,6.0946117023998188,3.3235655489718523,-3.968175789358797,0.0363242119767,0.00934673884806,2.7931291347679626e-08,0,1.3965645673839813e-08,25,1,1,1,0,0
904,2,4.2880959547640272,2.699205280648374,0.31169135549319321,-0.036891724092148484,-2.1737663248562797,4.5895892515888841,0.241081891757,0.0157041863521,1.3324567407768638e-07,0,6.6622837038843189e-08,23,1,1,1,0,0
905,10,3.0005679590769545,1.2950698028958858,2.3382804219353956,-4.6414176715430662,-4.8522560863542923,-4.1438827447337516,0.0292848537501,0.00336746761513,4.3119148938534179e-09,0,2.155957446926709e-09,33,1,1,1,0,0
906,15,-2.6754618836179489,-1.949148685415675,-2.6280332028415008,-1.5295355125985044,2.0977866102218066,-4.6917609544391548,0.852571209907,0.0466542410611,1.3899134906434721e-06,0,6.9495674532173606e-07,18,1,1,1,0,0
907,13,1.9874584889582865,2.053294183346845,1.4128243898936164,-1.9906070951024271,-3.0661242323671338,-1.0236440996284268,0.386865824976,0.0337853816282,4.9737133316779308e-07,0,2.4868566658389654e-07,15,1,1,1,0,0
908,1,4.3224992339831507,-5.4204447601592491,-0.97816482543194594,5.329804364560025,-4.2434476325701969,1.3031997703166129,0.908887329793,0.0435222815083,1.4030791402747166e-06,0,7.015395701373583e-07,10,1,1,1,0,0
909,12,4.7974929871534222,2.5343157020467593,2.2123664030679282,1.5457893092686807,-3.572244649053042,-5.5295472199649049,0.102522034771,0.073624977278,1.6617313092007407e-06,0,8.3086565460037037e-07,17,1,1,1,0,0
910,10,-2.7405707745464118,1.7181494256371741,2.1390833869001464,0.989536290713385,1.0970558309095098,-4.8368044476685714,0.0232945073602,0.0183213432716,1.0279405663214416e-07,0,5.1397028316072081e-08,36,1,1,1,0,0
911,4,-3.8248709800885239,-4.6465866323714904,1.1368201310304644,-1.9974831849831662,-3.2322950430169133,5.0184957055420716,1.42313813995,0.172362452541,1.1075144749552854e-05,0,5.5375723747764269e-06,7,1,1,1,0,0
912,10,4.9480354994245346,-2.5717891640374493,-0.99041181037577208,-0.41852620154086106,4.2055469719755179,3.6187194869097628,0.192872367611,0.0527837979006,8.8590327508462842e-07,0,4.4295163754231421e-07,16,1,1,1,0,0
913,11,-2.6168218576085716,3.9464081754015736,0.43164968368637641,3.1787939960431593,-0.94827132293815775,4.700272536841787,1.32338229747,0.0035645132045,1.7552110993621084e-06,0,8.7760554968105418e-07,12,1,1,1,0,0
914,14,-1.5382384811002787,-3.3765050105350229,1.4236078903872129,-4.743094334791448,-4.8224699323015034,5.6252351313098021,0.224479980714,0.00158684288497,5.1158309831555124e-08,0,2.5579154915777562e-08,8,1,1,1,0,0
915,4,-0.64399197387215878,-4.3159593207484139,-0.46225585653074425,0.60489679707088051,5.752870163729229,2.5813701954696464,0.0236921621822,0.0285778575001,2.4934051909321101e-07,0,1.2467025954660551e-07,35,1,1,1,0,0
916,13,-2.2042319950099927,-4.7069683801583455,-2.2005503648171496,-1.2101993750384117,-4.7234911659969763,0.22701159583008629,0.0237697934816,0.000548284830169,6.5657603009912097e-10,0,3.2828801504956048e-10,10,1,1,1,0,0
917,3,-1.5748836592476188,-0.74785084816724767,0.56968285648964412,-4.1433094736500831,5.3960226265829681,2.4560746245362859,0.126426667199,0.00394840867393,2.0732666751975115e-08,0,1.0366333375987558e-08,24,1,1,1,0,0
918,4,4.1604522553076277,4.7801067522318696,0.31418620154458016,-0.78964817086028494,1.8614478190954762,0.45274982742701214,0.485122301187,0.123171705295,4.8567764603070617e-06,0,2.4283882301535308e-06,14,1,1,1,0,0
919,13,1.9165240886138504,1.2914817365704292,2.170433237548941,-4.7310459697950051,-3.6267179839124171,-3.8874358182792474,0.0722843555095,0.00728839988122,2.1406540807526536e-08,0,1.0703270403763268e-08,30,1,1,1,0,0
920,15,-1.1095169628518591,-2.1559294281180739,-1.6013833148968368,1.7897302986341288,-3.2801849427117853,-1.1420019891956232,0.728385649249,0.0600575148986,1.629271777727153e-06,0,8.1463588886357651e-07,19,1,1,1,0,0
921,5,-5.27079419603142,-4.1437132537314261,0.38793043543100092,-0.58294550867618666,-2.0417033543384213,1.0574899697776083,0.251325754693,0.0251434453336,2.55741587689059e-07,0,1.278707938445295e-07,21,1,1,1,0,0
922,15,5.9477720305219153,-3.627228051881096,0.25021406916823519,-1.6877392625752989,-0.79480123150200177,-3.4767364650799903,0.540754540681,0.00204256580957,2.9368636001496179e-07,0,1.4684318000748089e-07,19,1,1,1,0,0
923,13,-3.3381384366766125,0.51478285648288746,-2.90510851087287,-4.5197515231862502,-4.4156830176143744,-4.1893777268764412,0.185158866311,0.000817376902629,3.4487322195138663e-08,0,1.7243661097569331e-08,11,1,1,1,0,0
924,10,2.5141594779027856,-0.62185069189662279,-1.2497544496063633,0.34129631939046978,-4.6176152837702986,1.8678249836204468,0.0842029158058,0.0450645421976,6.2571113603338723e-07,0,3.1285556801669362e-07,36,1,1,1,0,0
925,9,1.9585111155312345,-1.4235886521565844,-2.1078543503531395,0.17630578892807491,4.7117506482010576,5.0456876005336051,0.248035897024,0.00994604728172,9.1655736144064057e-08,0,4.5827868072032029e-08,32,1,1,1,0,0
926,14,2.5559924476524469,2.2019367274954553,-0.36179956451292627,-0.32403563116078632,-2.951780113680488,4.7468819474854698,1.83312188454,0.0264563705599,3.5735496212248539e-06,0,1.7867748106124269e-06,27,1,1,1,0,0
927,3,5.0140777915572379,1.2699082434519364,0.70010328268869015,5.9930712302199156,-0.5078236303965955,-3.2530007163663912,0.072260239715,0.826486069673,0.00020808305207294984,0,0.00010404152603647492,18,1,1,1,0,0
928,9,-0.56305319396884057,-1.381736942753484,-2.5025347331166068,-2.3208575424696494,-3.5087442061716207,0.06847539339223771,0.0850552462783,0.00129979295297,7.7490343896215814e-09,0,3.8745171948107907e-09,5,1,1,1,0,0
929,1,2.711022553859272,-4.5011630896928789,1.1958405645486441,5.9282522239900848,4.6716180637506657,4.1629192019767336,0.110131616503,0.00873992165695,3.5397549416913139e-08,0,1.769877470845657e-08,19,1,1,1,0,0
930,11,4.966398928707604,3.5880937987824946,-1.6957287127021508,1.1859935152407199,3.4126657685024195,4.0368089598145751,1.49540809491,0.0712460523758,3.7824833868165587e-06,0,1.8912416934082793e-06,17,1,1,1,0,0
931,1,-5.8613241296976177,1.6525854972453677,0.68321762093819194,4.4384930595542116,-2.459800128961994,-0.29135242184187293,0.962134099788,0.0441315571618,1.5189731878636687e-06,0,7.5948659393183435e-07,28,1,1,1,0,0
932,10,1.8192297273312796,-4.8778113599746336,1.6881572267140159,-3.7432672438435834,-5.6837767419504726,-3.0992473638402078,0.0681598927994,0.00248859172274,6.5322937057703197e-09,0,3.2661468528851598e-09,15,1,1,1,0,0
933,15,1.178228946907685,-1.6662182456446586,2.7344516768941007,3.4465515440787691,-4.7179303077631127,-2.609876435046603,0.223631176917,0.0121530895186,9.5002160493939538e-08,0,4.7501080246969769e-08,16,1,1,1,0,0
934,14,-1.36527260531773,-2.7502549690142062,-1.8681003700690673,-0.1979770024866426,-1.7085873834060035,-3.6217801928873952,0.0186481508067,0.0424400953407,5.4901298092474687e-07,0,2.7450649046237344e-07,21,1,1,1,0,0
935,8,3.0333745630924427,0.26246154106879271,1.8799370776698638,2.9485197250263697,1.6894707232379653,-3.6065599670785708,1.0694876938,0.0672756320655,2.5225056193534916e-06,0,1.2612528096767458e-06,21,1,1,1,0,0
936,9,-4.9442569900302038,1.8171550094934226,0.18507123248248714,3.5438259314132217,-4.3289218918973047,4.025345957572485,0.760040992491,0.00612405131708,5.8908668335973233e-07,0,2.9454334167986616e-07,16,1,1,1,0,0
937,3,3.1607432259940449,1.2106289225939142,0.18562360702519065,-1.0498610625853457,4.9093554598606195,-1.7701659392092657,1.05734542863,0.00591488104947,1.128636645007627e-06,0,5.6431832250381352e-07,19,1,1,1,0,0
938,15,-5.7173987142632541,-4.1324191234997327,2.7400634370828367,4.0287236572800023,4.7754194889171782,1.68932556256485,2.4083724058,0.116714836187,9.9498636631039659e-06,0,4.974931831551983e-06,40,1,1,1,0,0
939,11,-0.19373894748289947,-2.8241352457345839,-2.3796080207992065,-2.9206614055848807,-4.4697661855950681,-1.5510271502715709,0.0365544435806,0.0155378296462,7.4878229027459869e-08,0,3.7439114513729935e-08,15,1,1,1,0,0
940,0,3.1090226051755296,-0.048024012544412395,-1.6766371064661778,-0.98790609803690854,2.3293034023118757,0.48010638366893543,0.620590986108,0.0148155759029,4.5199708843595134e-07,0,2.2599854421797567e-07,15,1,1,1,0,0
941,10,-3.6431725277605906,0.51763997897586211,-2.0128217329231175,-5.8365658684702399,1.7406293572117708,2.756674524648925,0.110447274716,0.0124884848701,5.9707419996473876e-08,0,2.9853709998236938e-08,17,1,1,1,0,0
942,11,-0.59775818942492187,-1.7321564623269892,1.3058657285107196,-1.8811593861259517,-4.3456556473742474,-0.45445798548384059,0.0326315491519,0.00206603744447,2.3650807225032778e-09,0,1.1825403612516389e-09,14,1,1,1,0,0
943,5,1.331173468572844,-2.8255642888077954,0.94556247643183255,-0.4659689620583779,-3.3375691680256949,-4.4725861981588899,1.62165075695,0.0810011773357,4.6284041683435916e-06,0,2.3142020841717958e-06,14,1,1,1,0,0
944,11,3.1025395569697638,1.4423371018630922,-0.46667253426687666,-0.70206866190717165,-2.7365459584036849,4.2222002896102184,0.627334028122,0.0217987480863,5.3829773883003717e-07,0,2.6914886941501859e-07,34,1,1,1,0,0
945,13,3.7632351128585566,4.9882230033339399,0.541010704849891,2.5339374724007748,4.4600957978215856,4.2360091754435345,0.638799008812,0.000256933529392,4.0808428292900774e-07,0,2.0404214146450387e-07,30,1,1,1,0,0
946,3,-4.5785147133570234,-2.1488836462108711,-0.97108054516926201,-0.85272254902730205,4.7572965119970441,-0.77424868853094686,0.156930321882,0.00978283048781,5.3780162124123442e-08,0,2.6890081062061721e-08,17,1,1,1,0,0
947,2,-1.5255583655772362,4.7505051412322867,2.2335244643864249,-0.38410826323826069,-1.8559074279194836,-4.0249038881355492,0.173322710856,0.0604626198941,1.1436393161041836e-06,0,5.7181965805209181e-07,17,1,1,1,0,0
948,11,-0.46952531500316774,0.11859911873284251,-1.643806112940625,0.22149618408133573,0.97782270386586434,4.6412593286281458,0.0738544877377,0.00095272860178,5.7309840896180694e-09,0,2.8654920448090347e-09,19,1,1,1,0,0
949,2,-4.3460836103999805,-1.4850637251176158,1.5108448620767188,0.23985878519482837,-2.1510479628480912,-1.3858720734328265,0.0924138045425,0.0105181652631,4.2240684885136803e-08,0,2.1120342442568402e-08,8,1,1,1,0,0
950,8,-4.5656835549965606,-4.2909024158411038,1.5129282021767307,-3.4137348866380037,3.4849533065474372,-2.2906629047386979,0.0382460422708,0.0748544589664,1.7082920483955601e-06,0,8.5414602419778006e-07,12,1,1,1,0,0
951,11,-1.9075339888609324,4.1594392755749245,-2.1515853491038732,-2.428114176931174,-4.6068102925279861,-0.44923006819933226,0.103392388745,0.0415280185778,5.3602597700639174e-07,0,2.6801298850319587e-07,18,1,1,1,0,0
952,8,-3.9820174115019777,1.8920635697757076,2.2343095305661764,-2.9629355685692591,4.4328002167855578,4.9734394057519973,0.0594522711073,0.00175258074969,4.4702169113372499e-09,0,2.235108455668625e-09,9,1,1,1,0,0
953,12,-2.4402294059608134,-4.2385190911630355,2.5578486854951894,-1.4601636967770493,-2.4200459991188517,3.6385178315556703,0.536792737533,0.104820263588,3.6350656601262686e-06,0,1.8175328300631343e-06,9,1,1,1,0,0
954,7,5.3424775000671705,0.60283485468417075,0.36090935137849922,-2.9190720118547833,1.597933878462716,-0.20257542684555083,0.234246517518,0.0191953438263,1.6711113850189364e-07,0,8.355556925094682e-08,38,1,1,1,0,0
955,7,-2.6689446979658236,3.3089774250523005,0.62709328594689184,1.7775411655249722,2.2891604078213943,-3.703884281589092,0.255967454334,0.0198478876054,1.8551991047993755e-07,0,9.2759955239968775e-08,12,1,1,1,0,0
956,0,3.0301077960397982,-0.54310702267149424,2.0094798705118841,5.5114720294307888,-1.7384571742206727,-2.1125845389969662,0.0743234141132,8.68531700728e-05,5.5262677587708999e-09,0,2.76313387938545e-09,17,1,1,1,0,0
957,9,3.2906448095010239,-2.8493729277037505,-2.1404091178643396,0.40754552629382002,4.7016769451520659,4.3204081262424276,0.18698753419,0.0365038103585,4.4087563109109415e-07,0,2.2043781554554708e-07,20,1,1,1,0,0
958,2,0.98239762354756544,-1.1358153110551892,-1.6395361825090924,-0.52162442377158902,-2.6455310535860423,-5.1532517921353156,0.0944887157595,0.00108700626651,9.2880480558943929e-09,0,4.6440240279471964e-09,9,1,1,1,0,0
959,2,-0.91044355552907208,-1.1772599119998319,2.4138281040688563,-0.34437481460901725,-2.5032431461412061,2.880777905885529,0.0220228879075,0.09812111708,2.9332664727526797e-06,0,1.4666332363763398e-06,19,1,1,1,0,0
960,1,4.6741461448691703,-1.7726862452584515,1.1491323553644786,-4.1002668919559211,4.4694009670094381,3.1981745914049502,0.0624146778661,0.0278094919871,2.3947690937573242e-07,0,1.1973845468786621e-07,37,1,1,1,0,0
961,9,3.9885452443451785,3.904777207282939,-2.7565468738081385,1.1675445898509687,-1.6113038494766228,-1.6709283031827782,0.174994534974,0.0305535581744,3.1498951574211085e-07,0,1.5749475787105542e-07,18,1,1,1,0,0
962,3,-2.8665900840913583,-5.0692022083987629,-0.93721260401628581,4.8710804181800773,1.838609218669869,-4.0096092372898564,0.164885802943,0.059828868888,1.1175634180911392e-06,0,5.5878170904556962e-07,32,1,1,1,0,0
963,6,-5.4836326926908878,4.3827946700126867,1.0939749451988858,-1.0161703437969036,1.1046329575457681,3.3341991846253434,0.0158076836745,0.0248206421256,1.8791379289680461e-07,0,9.3956896448402307e-08,40,1,1,1,0,0
964,11,4.4669766116214866,2.1053848695933195,-2.3157168289123224,4.7153860834022092,-4.5489198248894072,-5.7467679959149836,0.111436722526,0.00954389182737,4.0164486195080837e-08,0,2.0082243097540419e-08,27,1,1,1,0,0
965,11,4.8840137704445361,3.4850123477888713,0.51268183791732547,0.53365301262421683,3.2366500776126008,-0.29039422701865392,0.169655391651,0.205964083147,1.2951020520562409e-05,0,6.4755102602812044e-06,15,1,1,1,0,0
966,1,0.1986257007422951,-5.962471334698364,-1.4078014073677876,2.04597938885159,4.6028297730503738,1.9234702133461505,0.00957545842464,0.00218918530799,1.5515782313803513e-09,0,7.7578911569017567e-10,25,1,1,1,0,0
967,0,-5.8311428967330379,1.2478034829944635,2.3770757676135275,-3.5199932696322036,-4.8017204900741177,-2.3685906934944412,0.120960648661,0.0339313788915,3.6534923361622917e-07,0,1.8267461680811459e-07,11,1,1,1,0,0
968,7,-4.2902729242341211,5.196805062911876,1.1711453907431439,3.614404094465264,1.6865229375900728,-3.0227922771171221,0.0344945235307,0.00763311714107,1.893824689068705e-08,0,9.4691234453435248e-09,10,1,1,1,0,0
969,2,-4.4415843134847846,5.2813882908907743,1.2838173874834602,-1.4752238734661947,0.55123756598293383,2.13509188867403,0.0442506839688,0.00851744306808,2.405715315503568e-08,0,1.202857657751784e-08,15,1,1,1,0,0
970,15,0.61360628891506841,-3.270225290001695,2.2436016997424018,-0.96040164075843149,2.1655054023010072,3.7297011563958127,0.190729035983,0.0190609540662,1.4705115695888947e-07,0,7.3525578479444733e-08,20,1,1,1,0,0
971,12,2.525880742461438,2.9597115550051067,2.2359363062269106,-5.9092321977967499,1.474466731239173,2.8847141901339879,1.4740052232,0.025535851396,2.3713262357272312e-06,0,1.1856631178636156e-06,31,1,1,1,0,0
972,14,-2.9042001734176832,-3.3641172826342203,1.7391344927912968,-5.0291744082215093,0.12109634234764245,0.87755222536073973,0.0226084005233,0.0138629044104,5.9052551664846072e-08,0,2.9526275832423036e-08,15,1,1,1,0,0
973,1,4.4011733340694379,-3.9313021644996509,2.7913703453579517,2.1129449424650382,-2.4231437477802076,2.6684123840259319,0.359490576014,0.00815586746814,1.4949606882377452e-07,0,7.474803441188726e-08,28,1,1,1,0,0
974,10,-2.78894798963035,5.4858678572851263,1.7728993301252485,-2.52696990287289,1.6725978628275591,-4.6526402558899926,0.0270410647593,0.0128201086328,5.0796671675365335e-08,0,2.5398335837682667e-08,26,1,1,1,0,0
975,1,-1.7565345064038331,-1.5215454636325911,2.4358921902123623,-0.15120739385151497,4.6148548626139148,-3.6541313637507162,0.14804453938,0.0507258132339,8.0573074449821303e-07,0,4.0286537224910651e-07,35,1,1,1,0,0
976,0,4.7707017318957492,5.0420562462114447,2.3916417056849166,3.4031032073855161,1.6853330941543934,5.9973154433277607,0.441603475313,0.0254632100668,3.9251996934384521e-07,0,1.962599846719226e-07,4,1,1,1,0,0
977,5,-1.1551927873339363,4.3324264373130061,-1.407990966298136,-2.9895041128979289,2.448273073205387,0.80443612943060383,0.690993419766,0.183762748848,1.0764020749952667e-05,0,5.3820103749763334e-06,19,1,1,1,0,0
978,3,-1.5936145324056228,3.9072862726853455,-2.5535873313845197,-4.4718524076337482,4.0127098091349414,-2.1238309449993582,0.286810932873,0.00378103007194,8.6615379240319298e-08,0,4.3307689620159649e-08,20,1,1,1,0,0
979,13,-6.1608726461369443,2.2740930792105494,2.282191791212107,2.9490545016149143,4.4546703775964129,0.29297829429704048,0.13583399898,0.364879753374,4.0574371702496481e-05,0,2.0287185851248241e-05,5,1,1,1,0,0
980,1,0.80175612504717431,-0.42965870087896862,-0.31822896274705859,-3.8491943891805702,-1.676940031486452,0.22745840045851373,0.444678192336,0.0442846875473,7.9513413695208279e-07,0,3.9756706847604139e-07,11,1,1,1,0,0
981,15,5.0703624078517135,1.3661326207091835,1.1811395254385817,0.39266666154886154,4.4020939427763404,2.6111037302204472,0.0385421515667,0.0236328290515,1.7161755807735712e-07,0,8.5808779038678558e-08,24,1,1,1,0,0
982,9,3.2077802429799553,1.4165341858337677,2.8233848052478829,-2.8195494832003289,4.4118856331275138,-2.0971187118790295,0.438753476265,0.00416738439057,1.9779493188964132e-07,0,9.8897465944820659e-08,19,1,1,1,0,0
983,0,3.2379229965034693,3.3475042248089095,0.88456887118797001,-2.1606516541403735,-1.4480912290085,4.3218171511461589,0.242405778279,0.112810794116,3.9354056973357065e-06,0,1.9677028486678533e-06,14,1,1,1,0,0
984,4,-4.4204177885965086,3.5767587818497835,-0.18094503947075163,1.4814541563389285,1.7654164968226669,3.1691325170395368,4.53836356235,0.0138228692358,2.0654947596591058e-05,0,1.0327473798295529e-05,26,1,1,1,0,0
985,12,3.434460932006226,-0.030776117242447144,1.9004718541856924,-1.8857739880974762,5.0972777801746609,-1.369438225650464,0.0255754347705,0.000158521459888,6.6175761106114214e-10,0,3.3087880553057107e-10,10,1,1,1,0,0
986,5,1.7954850986324704,-3.6618790878069456,2.1063337027929063,1.5054650194357027,1.3893984877501173,2.2599545444132789,0.0532510929852,0.00281717472531,5.2532669634710952e-09,0,2.6266334817355476e-09,10,1,1,1,0,0
987,5,0.59209763664806203,0.41525761250763832,0.71027068127394111,4.9218902427698472,1.5493573000691225,3.855885271207327,0.0234564239568,0.653077483898,0.00012992298683294618,0,6.4961493416473089e-05,17,1,1,1,0,0
988,5,-4.6733874806604359,2.2987934540998167,2.1196578479813541,-1.4619221288613069,-3.0102658746701865,1.0470409795500513,0.12175330719,0.00862577082973,3.7488598677342195e-08,0,1.8744299338671097e-08,9,1,1,1,0,0
989,7,-4.7075460365146418,4.8596022898626039,-1.9730697798705161,-3.2773183036094453,0.86763366767506778,-2.6532848483944327,0.0579914066983,0.073171627946,1.634311212014426e-06,0,8.17155606007213e-07,7,1,1,1,0,0
990,14,-3.3350164871559946,-4.6978815088348886,-0.89658208376852255,0.89231835848682184,-1.6753946683274643,4.8210025740607048,0.962049208925,0.216088679314,1.5149441143429437e-05,0,7.5747205717147186e-06,9,1,1,1,0,0
991,14,0.58724623878251636,-4.2207582716375285,2.6174002124031563,-1.5331511537826676,4.1101915739372945,-4.6257368966792285,0.392648382248,0.0330306828856,4.8651828074387624e-07,0,2.4325914037193812e-07,40,1,1,1,0,0
992,13,2.7374474643228091,2.2011675328720242,-2.0917189917535222,4.4241154043596413,1.7721049157611801,1.7525325027742511,0.446394358487,0.144910820625,6.5959735755332687e-06,0,3.2979867877666343e-06,20,1,1,1,0,0
993,5,-0.10719195359932658,-2.7997623457484275,1.0724286680554003,-1.5972604159099559,-2.228166016351254,2.25530417841173,3.78543178929,0.101007211156,1.7437339868463416e-05,0,8.718669934231708e-06,17,1,1,1,0,0
994,8,3.4996885318930446,5.55019150779321,2.6621709159074283,-4.918465749372225,1.314971899563721,0.48293279842587261,0.013604342744,0.164941940841,8.2875590343678312e-06,0,4.1437795171839156e-06,7,1,1,1,0,0
995,13,1.4444260933511344,-0.46937099647620095,0.56637061938543287,5.0198705003775199,1.7764974451778219,3.5048515595511374,0.230293060855,0.0144278507065,1.1644493206296173e-07,0,5.8222466031480866e-08,24,1,1,1,0,0
996,6,-5.3351911620068675,-5.973495980297975,-1.5496904408773686,4.9484163356937394,-4.8481221385792903,4.6518697351176064,0.035288289783,0.0165988778795,8.5174291636546744e-08,0,4.2587145818273372e-08,10,1,1,1,0,0
997,14,4.4813379130190736,1.3886139850770889,-2.4918906255821027,-4.2903081681805144,-1.6172376315327175,2.8017547511695993,0.303711035931,0.0512453042741,8.9219047573233005e-07,0,4.4609523786616502e-07,7,1,1,1,0,0
998,6,5.1150716848511948,-2.9766319704847537,1.1444444991362754,-0.39267186211961058,-4.1291108988668119,5.141994521102272,0.37015682847,0.0225350297569,2.9170920055802781e-07,0,1.4585460027901391e-07,17,1,1,1,0,0
999,10,0.80076306617169291,3.3564971169239892,-0.86686743403996325,-2.549045290900549,-5.7535919989104576,2.555967940188133,1.42341077292,0.0736074685613,3.6765335116841875e-06,0,1.8382667558420937e-06,20,1,1,1,0,0
