target_id,best_seed_id,q0,q1,q2,q3,q4,q5,pos_err_mm,rot_err_deg,pose_cost,limit_score,total_loss,iters,success_loose,success_medium,success_strict,near_limit,success_rank
0,0,-2.2107624884014125,-3.3223535188482485,-1.8162581116215553,-1.1782474058401549,0.26730698018022692,6.1767501498507089,1.75792102914,0.479242045013,7.3052664024350253e-05,0,3.6526332012175127e-05,26,1,1,1,0,0
1,0,-4.984338530874175,-4.5588607862885633,2.4042422406016124,6.2831853071795862,2.509383264892771,-2.5458670083685808,28.3562518398,11.52616095,0.041273228129269424,0.0075689999999999993,0.020636614064634712,60,0,0,0,1,3
2,0,2.275167225969613,-1.3558541480651212,-2.0909838451824045,-4.1124834141592563,-3.592404805603687,0.78072381245396327,0.0619918614439,0.368815063684,4.1439290805087199e-05,0,2.0719645402543599e-05,12,1,1,1,0,0
3,0,4.0778515582341193,0.71311959415994086,-3.1284408644624424,-3.82599225710254,2.7047238150452859,-3.7274316946081658,184.460185026,14.4725363236,0.097828990615718286,0.0054535582490912761,0.048914495307859143,60,0,0,0,1,3
4,0,5.6238449090793621,-5.305132651376983,3.0761509001890528,2.2296615526032162,2.6958128359945057,4.5565173507558043,162.024041273,0.15413965434,0.026259027365851277,0.00046475799643449123,0.013129513682925639,60,0,0,0,1,3
5,0,6.2831853071795862,-1.0340308895222987,1.771222473925802,-4.4454035276863841,-6.2831853071795862,3.7270389645426718,752.599882702,5.34518238796,0.57510980005514634,0.015137999999999999,0.28755490002757317,60,0,0,0,1,3
6,0,4.0211888934746014,2.8876131055850056,0.88641449622970259,4.2373076301380372,-1.6709049161993939,4.8089415980623711,0.00944960060118,0.302794906303,2.7928862883064376e-05,0,1.3964431441532188e-05,12,1,1,1,0,0
7,0,0.62029177719641437,-4.8892113406671358,-0.15259536256292194,6.2831853071795862,-1.9303865628201129,-5.0808919047871282,117.35928717,29.1909576555,0.2733413637879239,0.0075689999999999993,0.13667068189396195,60,0,0,0,1,3
8,0,3.8702809431814278,4.4932608799627509,-0.34433615467232848,-4.7100266581078145,1.323013856241408,2.2607457723584647,102.131096559,0.0541264078772,0.010431653312291256,0,0.0052158266561456281,60,0,0,0,0,3
9,0,6.0054917807523145,-4.6790242538512228,1.3754502533518957,6.2831853071795862,-3.4318602490923347,-0.82467409197324604,174.83023455,52.8408864952,0.88110596812500541,0.0075689999999999993,0.44055298406250271,60,0,0,0,1,3
10,0,5.9322294057223708,-2.049657511592391,2.5601931491792103,0.29315583287317648,-5.1661486410523993,-3.0589443395358349,0.295694401011,0.0217453658171,2.3147685658133222e-07,0,1.1573842829066611e-07,6,1,1,1,0,0
11,0,-2.8732653116030162,-2.8445676417447845,1.7938985788416582,-4.3850857180169625,-1.7731982126077734,-6.2831853071795862,268.976184343,53.8028172425,0.95413737498112761,0.0075689999999999993,0.4770686874905638,60,0,0,0,1,3
12,0,0.037203198269137809,-1.9807278242953592,0.5359678552052628,-0.88463020232990508,-5.0026614246773411,-0.49099382662247132,1.03683627626,0.208908670641,1.4369396543586058e-05,0,7.1846982717930289e-06,13,1,1,1,0,0
13,0,3.1599415073200512,-3.3771477675235326,-0.65264558146665863,-3.4886289810481008,-4.3000237958588832,6.2831853071795862,0.00604226156857,0.835477969713,0.00021263013510508898,0.0075689999999999993,0.00010631506755254449,36,1,1,1,1,0
14,0,1.7714276524802115,0.60461676926228602,1.4237505149868865,-4.8842022594309604,1.6795242185228161,1.1372996897627186,0.0104641795403,0.478965134136,6.9881660604544947e-05,0,3.4940830302272474e-05,15,1,1,1,0,0
15,0,1.1730894921670179,3.1885926587703008,2.1070584221659518,6.2759676705528999,-5.3764845309236664,-2.405800670740025,0.0185501576913,0.0938953733418,2.6859551968523729e-06,0.0063652255054314688,1.3429775984261865e-06,10,1,1,1,1,0
16,0,6.2831853071795862,2.6432599083874475,-0.68443205930838669,2.5913125017537708,1.1382649092957624,-6.2831853071795862,442.928956828,38.0330889338,0.63681998787521787,0.015137999999999999,0.31840999393760894,60,0,0,0,1,3
17,0,0.25097643316590179,1.4708600358215975,2.3112612904081886,6.2831853071795862,0.51310220851876875,-3.3357809249556674,3.14273056995,0.0504964578988,1.0653497036361838e-05,0.0075689999999999993,5.3267485181809188e-06,24,1,1,1,1,0
18,0,6.0034966987451588,-2.500327563947514,-2.7732935122142619,5.1821513687770278,-4.6684556891115001,-1.5042141568675857,2.4327663493,0.477812179172,7.5463873296422053e-05,0,3.7731936648211027e-05,21,1,1,1,0,0
19,0,-0.97474081026354198,-5.9054679529465242,-2.3022910777103656,6.0245870907742756,-4.8260051512299063,-6.2831853071795862,0.246194701559,0.663901894624,0.00013432552991973805,0.0075689999999999993,6.7162764959869027e-05,19,1,1,1,1,0
20,0,-2.2542612970026155,6.2831853071795862,-2.9405187203351817,-4.830196685686678,-2.5334642554482705,3.2388883742382721,92.97347317,28.3981880548,0.25430494305264145,0.0075689999999999993,0.12715247152632073,60,0,0,0,1,3
21,0,-3.9797185111837456,-6.2831853071795862,-2.9711353650805452,2.8659861872738523,-4.6322874518698613,-2.5105151606609799,119.969991943,35.8863900962,0.40668916275631434,0.0075689999999999993,0.20334458137815717,60,0,0,0,1,3
22,0,-4.0239187512441461,3.6343564875804089,-2.6373152901351471,6.2831853071795862,-1.8846685954718339,0.76138375533653346,168.16210858,21.8356035943,0.17351812619111118,0.0075689999999999993,0.086759063095555589,60,0,0,0,1,3
23,0,5.9300107270745208,5.7337427910030092,-2.5449906131111226,6.2475592956016968,1.0934294697762141,-5.8789868400717422,204.04553673,5.64055062586,0.051326231425291323,0.0026392866863951458,0.025663115712645661,60,0,0,0,1,3
24,0,-0.23445977557177997,-4.4510355129848334,0.68271114152854295,-1.6327232144313462,-2.5859327714796083,1.133623979896941,2.45216266262,0.310667946044,3.5413121831313987e-05,0,1.7706560915656993e-05,22,1,1,1,0,0
25,0,5.8530914274543218,5.7821281047252278,-1.3628601893939931,6.2831853071795862,1.2584261880433669,5.0976008079950041,1.7362619653,0.857869632826,0.0002271948430245671,0.0075689999999999993,0.00011359742151228355,10,1,1,1,1,0
26,0,2.2149686512257865,1.4932345049323694,-2.0713317423199133,5.8024503733474102,-4.7377333319970987,1.2525856707679008,0.205388337038,0.00270285229288,4.4409724293514767e-08,0,2.2204862146757383e-08,16,1,1,1,0,0
27,0,6.2831853071795862,3.5234202532730912,3.1415926535897931,-5.661510253497501,2.6038672694998257,2.3381011640187426,39.2445358919,0.537173067156,0.0016280324477138629,0.015137999999999999,0.00081401622385693145,60,0,0,0,1,3
28,0,5.0768121415368013,-5.9071921083462708,-1.9281711251291624,1.2582097002227162,2.0121817359766343,0.53912945414911084,0.105977411986,0.322898644196,3.1771720045757805e-05,0,1.5885860022878902e-05,45,1,1,1,0,0
29,0,0.29837503648023644,4.9172031816754558,2.74561521925042,-1.4141176428766831,-6.2308345706847925,-4.7103120655580497,0.78466646048,0.157785992847,8.1995845359987083e-06,0.0012005714614532197,4.0997922679993542e-06,25,1,1,1,1,0
30,0,0.83895866987754153,0.23092523908237245,-2.8165772090846879,3.812748495023667,0.17789482086988895,-5.3640454987913984,1027.26061241,37.1085550741,1.4747362179017731,0,0.73736810895088656,60,0,0,0,0,3
31,0,5.8212484290317024,4.9683140920143272,-1.0960520706213606,-2.1188724065068638,-1.7366685452259849,-3.953533043937314,0.622449622079,0.0173015961501,4.7862930341298114e-07,0,2.3931465170649057e-07,18,1,1,1,0,0
32,0,-2.5904888784483964,-0.77045976117595116,-0.28724789813342388,1.3124778230540062,-3.049477813144589,4.3483152199852153,141.521209738,0.293837904795,0.020054553691288207,0,0.010027276845644103,60,0,0,0,0,3
33,0,3.4884759954561488,1.349653021104239,1.9838556772645697,2.8474459245954518,0.6946674039012718,6.2831853071795862,0.0645895382872,0.233973883874,1.6680080314288416e-05,0.0075689999999999993,8.3400401571442079e-06,13,1,1,1,1,0
34,0,2.4649293178097489,0.75867418955908617,2.2001665541353121,4.9058232674429219,-2.0570205004821229,-0.80011127431292228,0.442506227841,0.366011976712,4.1003813456906578e-05,0,2.0501906728453289e-05,24,1,1,1,0,0
35,0,6.1304280102368729,6.2831853071795862,1.2539639242609335,1.5446038653394718,0.76774621823698896,-1.4044292632232411,204.246652635,14.1316983085,0.10255028558022657,0.0075689999999999993,0.051275142790113283,60,0,0,0,1,3
36,0,0.20887890172843623,-0.59001176075877115,2.453119493112085,0.95863527274894866,1.6850015001650436,5.4595571558934628,0.0429785288157,0.808871972878,0.00019930506481252003,0,9.9652532406260016e-05,10,1,1,1,0,0
37,0,-0.11797665362076608,-5.384494100669059,-1.5011081069272392,0.67300051759025392,5.3707766093590532,-6.154774698856242,0.00790957828975,0.391470343756,4.6682386677079643e-05,0,2.3341193338539821e-05,12,1,1,1,0,0
38,0,1.2562901032404308,1.3023333511711761,2.4518442828546636,-6.2831853071795862,-1.3772330819809,6.2831853071795862,87.9633155379,36.1873330043,0.40664108360327805,0.015137999999999999,0.20332054180163903,60,0,0,0,1,3
39,0,-6.1824522596160252,-3.7333040172441945,0.87508784220968727,1.0120903801461083,-4.8361182043644222,-6.2831853071795862,0.00376778938527,0.968515633246,0.00028573801754800293,0.0075689999999999993,0.00014286900877400147,48,1,1,1,1,0
40,0,0.13756577874494214,-5.1840005122003276,-0.082347429473817069,1.3391005374980067,-1.3428560724127543,2.8354415175455641,157.407104078,0.0429254676012,0.02477755770099822,0,0.01238877885049911,60,0,0,0,0,3
41,0,4.6272294463805865,1.0481126493577031,-3.1415926535897931,-4.7558767502068235,1.3037451393202031,6.2831853071795862,141.82639014,17.7587357775,0.11618274199341766,0.015137999999999999,0.05809137099670883,60,0,0,0,1,3
42,0,0.26730447687331815,1.1670935526360591,-1.7389878200788624,-6.2831853071795862,-3.3398389309795364,5.163663167863767,43.1260403413,21.0983045278,0.13745678264455774,0.0075689999999999993,0.06872839132227887,60,0,0,0,1,3
43,0,-0.71604659862037023,-3.2978205566582073,-1.863397494932987,-1.5175514783202066,-4.3503541450370671,-0.34588615148857516,2.67426561561,0.802168158218,0.0002031650112447236,0,0.0001015825056223618,45,1,1,1,0,0
44,0,-6.2084019054963102,-4.5266110906085917,2.5064231593517281,-5.6034656616753535,2.4394055348261801,4.0028661440091371,1.6740955107,0.494867087371,7.7401401816426079e-05,0.00014924527443218309,3.870070090821304e-05,18,1,1,1,1,0
45,0,-0.814039274102204,5.4344815812128795,-3.1415926535897931,0.11137004829217485,3.1193394050594074,-3.2946063628830742,146.696247716,4.49734797176,0.027681023301213952,0.0075689999999999993,0.013840511650606976,60,0,0,0,1,3
46,0,0.10562759770526255,-1.5633630651577457,2.2616660656508163,6.2831853071795862,4.1610839977419847,1.4756239678397403,0.375146349236,0.576808685893,0.00010148946652316162,0.0075689999999999993,5.0744733261580809e-05,24,1,1,1,1,0
47,0,1.8057521961710692,-2.012627801893105,-0.84492157429646808,2.7045915759890224,0.44093225742100051,0.55537281236431868,0.0336269229929,0.585809024396,0.00010453736485592769,0,5.2268682427963844e-05,17,1,1,1,0,0
48,0,6.2831853071795862,-0.075781254913908344,-2.4136445337941836,-3.6825834569150713,-3.8446671457998991,-6.189218523299223,822.045890038,52.4146630274,1.5126339384781518,0.0075689999999999993,0.75631696923907588,60,0,0,0,1,3
49,0,1.3781738797417544,-2.1810693283930709,-1.2008610131010933,4.4454400419569362,-1.3848406115107592,-5.1294680426770851,0.0366754694828,0.908716347365,0.00025154387057765886,0,0.00012577193528882943,20,1,1,1,0,0
50,0,6.0612696910504544,4.9353129731653782,-1.5879675626496941,3.442303135648157,-1.8691361390673349,-4.8485555984996251,0.308087134061,0.584924291773,0.00010431563332212584,0,5.2157816661062921e-05,7,1,1,1,0,0
51,0,5.0339513329463692,3.5337799270342787,-1.4014398770005312,-6.2831853071795862,0.67269266325215982,1.3081916941856628,1.24965869268,0.986357738198,0.00029792441820055603,0.0075689999999999993,0.00014896220910027801,13,1,1,1,1,0
52,0,0.46391001159071965,6.2831853071795862,-3.1415926535897931,-1.5209456065390701,-1.5437862310924981,0.47259705968975119,128.772926435,3.68154529416,0.020711182780950649,0.015137999999999999,0.010355591390475325,60,0,0,0,1,3
53,0,-3.2441309808930674,3.3141127053631769,-2.5937962099891134,1.3253585508610599,5.1454675862210131,-0.99430325321736213,4.34131707657,1.03352232023,0.00034422973172714013,0,0.00017211486586357006,60,1,1,0,0,1
54,0,0.80353579133782538,-2.9188853561643398,-1.7063913078001756,-0.69300926217411651,4.2896300406194108,6.2831853071795862,0.0142966835701,0.98171470954,0.00029357943757880097,0.0075689999999999993,0.00014678971878940048,24,1,1,1,1,0
55,0,-2.4129657923536407,2.2966792348684031,-0.21534051630668966,-4.2772458945229825,-0.72982689354927799,-3.3832502935856397,103.707809509,0.00155054475404,0.010755310485522524,0,0.0053776552427612619,60,0,0,0,0,3
56,0,-4.3962665993839813,-4.3774329407010129,-1.1897361350753566,4.0102892992646035,-4.546526327939147,-2.758476634756073,0.823641431143,0.366208046859,4.1530119755351954e-05,0,2.0765059877675977e-05,50,1,1,1,0,0
57,0,2.8177212074142406,6.2831853071795862,1.2086455339429991,-5.2759654230643056,2.8682247882888978,2.4835278195500328,362.958608383,26.4154822318,0.34429419442666037,0.0075689999999999993,0.17214709721333019,60,0,0,0,1,3
58,0,-6.0821625450792443,4.6074771290640797,-1.9964696711244825,-4.9128877463365592,5.0893065312176491,-2.4563614100808526,0.0241483494184,0.81582661315,0.00020274573218915186,0,0.00010137286609457593,7,1,1,1,0,0
59,0,3.3192898047230797,-3.8947126050654046,0.10737444863451107,-5.346885293590435,1.902744326744477,0.040193331785397322,64.8324497509,37.8012717582,0.43948208853792659,0,0.21974104426896329,60,0,0,0,0,3
60,0,3.4163182953674607,6.2670712139816311,-3.1415926535897931,0.53765686268753121,4.0801227402143638,4.3345549679776978,921.797831836,55.5070899043,1.7882487930146369,0.012593811783148194,0.89412439650731845,60,0,0,0,1,3
61,0,5.204321046663904,2.4954946141945045,-2.3815691445333385,-3.6001397034987281,4.1522674271185833,3.176056565102626,107.621315955,12.926826408,0.062484783907469893,0,0.031242391953734946,60,0,0,0,0,3
62,0,-5.5747500575475826,-0.78449512466785243,1.0327206066513825,6.2831853071795862,4.6195205094205436,-5.9299371633182583,2.77583456767,0.968889130234,0.00029366368658519126,0.0075689999999999993,0.00014683184329259563,26,1,1,1,1,0
63,0,3.3296711489891271,-3.7729218478709425,1.2163230761768644,1.9487776578814753,-5.293549878428224,1.0198822626950586,0.0891825593487,0.00637766769124,2.0343734357420595e-08,0,1.0171867178710297e-08,19,1,1,1,0,0
64,0,-5.979816790499517,6.2831853071795862,0.86807199501142196,-6.2831853071795862,-3.292499013458333,-5.7345800918523588,526.271570409,2.76003035816,0.27928227052526738,0.015137999999999999,0.13964113526263369,60,0,0,0,1,3
65,0,3.2231584571899519,0.39893318435924585,0.6423802887018224,6.2809566493036284,5.269184419120962,5.3547447369967207,0.0552059517748,0.474304203804,6.8531146451926431e-05,0.0071861804455114059,3.4265573225963215e-05,28,1,1,1,1,0
66,0,-0.2698902041010629,-1.283228107742314,2.9653536425218401,6.1861041489151445,5.6943003720761052,3.172944998331451,696.49392558,2.85439481302,0.48758568004459757,0,0.24379284002229878,60,0,0,0,0,3
67,0,-0.91869249119727758,-5.6879586122094103,2.808526844896809,-0.26172859478108812,-3.8606239317873112,-0.20398684023464655,83.3207835491,0.00274024241567,0.0069423552585866485,0,0.0034711776292933243,60,0,0,0,0,3
68,0,0.54863762264426386,1.954143368183979,-2.711072169653769,4.7150140702205068,1.5720130146394062,4.1050512012526834,4.30087562917,0.478350899232,8.8199962085508645e-05,0,4.4099981042754323e-05,16,1,1,1,0,0
69,0,-5.3741513609771276,-2.2230911801587641,1.545698538838101,-6.2831853071795862,-3.797750499919692,4.9584440604622744,130.210076527,56.7505529876,0.99801322216997923,0.0075689999999999993,0.49900661108498962,60,0,0,0,1,3
70,0,-5.4062545348700022,4.149211133033039,1.9063110215768833,1.0608813301288291,-0.41030982455080262,6.2831853071795862,105.707437197,17.3694980265,0.1030769738503718,0.0075689999999999993,0.051538486925185902,60,0,0,0,1,3
71,0,1.6934481032429953,0.22192167938431054,-2.5590461027015725,5.4289945215958868,0.95755776389491443,3.1183638569273842,0.406205030918,0.496207184575,7.5168381883763838e-05,0,3.7584190941881919e-05,13,1,1,1,0,0
72,0,-0.48723014066425729,0.5370263715052821,2.3228939284801773,-5.9509077719610319,3.8393274924860195,5.6914677521565524,217.671703833,48.5040927639,0.76403823398052151,0,0.38201911699026075,60,0,0,0,0,3
73,0,4.0572631174418463,-3.0608373485990001,2.3397937084562175,2.7843859959146071,0.345986946038357,-3.8216872895240659,0.541949139125,0.859273139034,0.00022520808052043512,0,0.00011260404026021756,15,1,1,1,0,0
74,0,-1.9430786345611237,5.7726177739832245,-3.1415926535897931,0.73568659109320345,1.3359359716225632,-2.9833804128893693,68.3649055189,2.85376143016,0.0071545506524117401,0.0075689999999999993,0.00357727532620587,60,0,0,0,1,3
75,0,0.96273474949257609,-6.1708760879235998,3.1415926535897931,-5.7411430424233725,-3.9026316420743123,-1.5264549902289593,35.830246643,0.879222388324,0.0015192855902243757,0.0075689999999999993,0.00075964279511218783,60,0,0,0,1,3
76,0,-0.68070021009113346,-4.7815227098973727,1.8740266671153996,-1.810404914066575,-0.98759157262233666,-2.2916860727878774,0.0011441844369,0.41672405411,5.289953870436952e-05,0,2.644976935218476e-05,24,1,1,1,0,0
77,0,2.1985794598017514,6.2690388541614759,-3.1415926535897931,5.3740262997619794,-3.6243628657968974,-3.4835899843917395,1105.26905844,44.7144283848,1.8306657005316116,0.012876639307842401,0.9153328502658058,60,0,0,0,1,3
78,0,-0.068829437235383636,3.5875723478240706,-2.473446817897587,1.813417605708072,3.200756291137977,-3.0898322740340021,0.225431659641,0.0839599035125,2.1981484700491758e-06,0,1.0990742350245879e-06,9,1,1,1,0,0
79,0,-3.9166391815205044,2.4462553876323425,-1.1891756543066048,3.1291970445964057,2.2744443171388902,-4.4283542170376364,0.0251578468535,0.160754554899,7.8725644799587085e-06,0,3.9362822399793543e-06,46,1,1,1,0,0
80,0,-2.2745335658800303,-2.6127546142039955,2.3761104803174913,5.1037399819485056,-4.7704141559587283,6.2831853071795862,0.00980167796238,0.59911497483,0.00010933909289302893,0.0075689999999999993,5.4669546446514463e-05,31,1,1,1,1,0
81,0,2.8739829955729177,2.8413306887280205,-0.02805029543924864,-0.68720218640319719,-1.1360793332584642,-6.2831853071795862,48.0695837776,49.1256677534,0.73745341793185548,0.0075689999999999993,0.36872670896592774,60,0,0,0,1,3
82,0,-1.3350901581957373,-3.0582583009699986,-0.060202384521071184,-4.7382595812189336,2.744124533306576,-6.1953637890588364,233.478341136,0.935378478298,0.054778655581299705,0,0.027389327790649853,60,0,0,0,0,3
83,0,-4.9550477538685636,-0.93419620953228755,1.7481003013993945,-2.6316321649767587,-4.0632828402509533,-3.3603165285445038,0.00882276571248,0.130335994409,5.1747575594913273e-06,0,2.5873787797456636e-06,10,1,1,1,0,0
84,0,-2.1006703790323109,-0.18918085770456788,-0.050107012568738063,-1.9970146457026308,-5.001151340740309,-5.8251207701419112,21.9171482435,4.25880464488e-05,0.00048036138768187218,0,0.00024018069384093609,60,1,0,0,0,2
85,0,5.0084341988180698,-0.61536082511807222,2.6295571950491512,0.12367085842908621,4.2493438214694512,-2.9484999050393363,0.365562619179,0.292156920746,2.6134458873131693e-05,0,1.3067229436565846e-05,9,1,1,1,0,0
86,0,3.3086823324428045,4.1831724127649608,-0.71649233943930335,3.9902167759701062,-1.670533773795966,4.5311984859374066,0.595498418114,0.00405443206527,3.5962579487078914e-07,0,1.7981289743539457e-07,35,1,1,1,0,0
87,0,2.0582085764543057,0.25494564590146612,3.0172169073983381,3.0112001202292409,-5.9311973231170247,2.8389415482098133,382.11618632,2.08548984643,0.14733764261334473,0,0.073668821306672364,60,0,0,0,0,3
88,0,6.2831853071795862,-4.5309124247425032,0.098320003614465051,-3.4736334372362965,1.5927592359063882,-6.2831853071795862,171.695229003,42.2961803409,0.57442972412090276,0.015137999999999999,0.28721486206045138,60,0,0,0,1,3
89,0,-2.8315430680131874,-2.9441145649707097,0.046397464719592774,2.4693348867876295,3.9116123468182824,6.2831853071795862,85.8350471908,0.197028460572,0.0073794806397594883,0.0075689999999999993,0.0036897403198797442,60,0,0,0,1,3
90,0,6.2831853071795862,-3.9064556294145216,1.3412938180793221,4.0561601989554177,-1.5472253008778158,6.2831853071795862,50.1280705188,28.7070182094,0.25354587463276518,0.015137999999999999,0.12677293731638259,60,0,0,0,1,3
91,0,-0.78804803855377148,-6.0730530877726299,-0.10639830698831287,-4.2653462101649087,-0.58612412411620363,2.3474627325948147,105.379752862,0.0161415936337,0.011104971681703412,0,0.0055524858408517062,60,0,0,0,0,3
92,0,-0.11649645347242897,-0.77456834216800552,0.062607364043782865,-4.9310752417145451,5.2569152652151949,3.5276465189079684,134.234500104,57.2647374519,1.016935622203222,0,0.50846781110161099,60,0,0,0,0,3
93,0,5.7681259475440445,-3.7979333400012401,2.3016173861173028,4.9850043792583598,2.793733019871933,3.0570058231126116,0.157468505705,0.776316068231,0.00018360755252639485,0,9.1803776263197427e-05,37,1,1,1,0,0
94,0,-6.0509733643420347,-4.249852599938829,3.1415926535897931,-4.2396065052467646,-1.5195307847237944,-1.7730577237412186,12.4757177798,0.00833610065181,0.00015566470215953892,0.0075689999999999993,7.783235107976946e-05,60,1,0,0,1,2
95,0,-3.0339134223719211,-3.4248900935934392,0.8907503065579655,3.8920830072446804,3.6352908136043354,0.42020453110870792,0.0136057706741,0.813487388941,0.00020158433642222156,0,0.00010079216821111078,12,1,1,1,0,0
96,0,6.2831853071795862,-5.7403632220722143,-2.482424144636854,2.6671927704576786,-0.39115673906392973,-5.9567464469369629,278.00807088,32.0367603955,0.38993379981109633,0.0075689999999999993,0.19496689990554816,60,0,0,0,1,3
97,0,-5.1218575439244045,-1.9224956828857926,2.2691494195325443,-0.1554003429578466,4.6475739826416804,5.884350062065586,0.00975564313526,0.200785883045,1.2280737565600239e-05,0,6.1403687828001193e-06,10,1,1,1,0,0
98,0,-4.2627944397729003,1.4319024909791407,-0.24553792723205664,2.8689636543462562,-4.7563277386554601,-3.1589305715831291,199.755789936,0.677435820113,0.040042170423158281,0,0.020021085211579141,60,0,0,0,0,3
99,0,-3.5316309292812682,-5.0486290047462976,2.5991180999978356,-1.4481941693091016,-1.9597360305469811,4.2272513435062491,0.00806203094099,0.781423888472,0.00018600655711612885,0,9.3003278558064423e-05,31,1,1,1,0,0
100,0,6.2142636988152713,-6.1173674617855713,1.4845417946063717,5.2871650872858273,5.7965659286726927,-1.7568482060149038,0.0272512060161,0.206318667165,1.2967511874485227e-05,0.0003268282441332075,6.4837559372426133e-06,9,1,1,1,1,0
101,0,-2.7856975979202239,-2.8756591290598976,-0.62764416720480098,-1.8628677450718727,4.1077113218542811,3.3858689595237843,0.484056990437,0.0251031462594,4.262713055978855e-07,0,2.1313565279894275e-07,20,1,1,1,0,0
102,0,-2.235395559541355,-5.4691491027020911,-2.3747394173790735,-2.2185852389200109,-2.6185827773409649,-1.9982033621552362,0.198078526276,0.51217989369,7.9948987774672536e-05,0,3.9974493887336268e-05,16,1,1,1,0,0
103,0,-0.031771016034846528,-1.9587412562300324,-1.9669324010015989,2.3095503799356121,-4.7769136557538561,-6.2831853071795862,4.25269332999,15.8673456031,0.076712422393120636,0.0075689999999999993,0.038356211196560318,60,0,0,0,1,3
104,0,6.0854299274690753,2.3499515403115003,1.1164921508744461,-1.6291722605509933,3.5549116495987101,2.2923344151620535,0.41015979938,0.0938409141879,2.8507277534053873e-06,0,1.4253638767026936e-06,16,1,1,1,0,0
105,0,5.000840647976176,0.029710955000200719,2.5737692495485582,1.5710650249755003,1.9176969857563442,5.7419205716365624,3.56034781402,0.614268793058,0.00012761619482598111,0,6.3808097412990553e-05,11,1,1,1,0,0
106,0,6.2831853071795862,-0.57333694424109194,-2.0698012947158388,5.8190099268728099,-2.6481079251271393,-2.3202332222420283,864.651156765,34.8527921955,1.1176456189241784,0.0075689999999999993,0.55882280946208918,60,0,0,0,1,3
107,0,5.7009007501403088,1.6555130786520864,0.51359741071575948,-2.9607932688791863,-4.5591078538380074,-0.6444684643982791,0.337448012758,0.0546189667152,1.0226154510976119e-06,0,5.1130772554880593e-07,13,1,1,1,0,0
108,0,-0.24625251355802086,-3.0341840799810109,-3.1415926535897931,-3.523542790906582,-5.315938605981021,-3.8270746494989525,776.030140159,57.0533601103,1.5937786464390524,0.0075689999999999993,0.79688932321952621,60,0,0,0,1,3
109,0,2.2671753163568487,-2.5896292377266277,3.0703574058342569,1.2267726373507299,-1.2462529071397126,-6.2729394060647978,1.30515479661,0.143925469043,8.0134389647129753e-06,0.0061397191090101638,4.0067194823564876e-06,38,1,1,1,1,0
110,0,0.47554297031283271,3.1324132707401509,0.0066572652878650884,-4.000724823232285,2.0020355493777218,3.9793690916815545,22.1772003475,0.000155163334443,0.00049182822258553001,0,0.00024591411129276501,60,1,0,0,0,2
111,0,2.8902297287694125,1.5432183683049698,-1.5551716465411491,-1.6333894148936947,-4.5417495344974244,0.82837921906060896,0.0912499066535,0.879407826285,0.00023558668313323296,0,0.00011779334156661648,24,1,1,1,0,0
112,0,1.2893014190721614,-3.1378488728633798,0.24250280756927184,0.34230785953121218,0.57578237524018383,4.1202005430122481,85.7753767045,0.528636244469,0.0074425424994419486,0,0.0037212712497209743,60,0,0,0,0,3
113,0,-3.0059113799931581,-4.8984410854627551,2.4773848486222927,-3.9453472845861914,-4.1216905367453069,-5.0302695647956952,0.0420374987036,0.223543973227,1.5224080817720487e-05,0,7.6120404088602435e-06,8,1,1,1,0,0
114,0,-1.4907059652163581,3.4020389626203338,2.039364753487559,5.2735506469786504,6.2831853071795862,-1.818894011704203,60.8738289997,0.163173915112,0.0037137337172183991,0.0075689999999999993,0.0018568668586091996,60,0,0,0,1,3
115,0,-4.8406325496829243,6.2831853071795862,-3.0152171099103957,0.8785162510117337,-2.9874132174289003,0.8836136632647833,398.256458856,14.6431788855,0.2239250929444859,0.0075689999999999993,0.11196254647224295,60,0,0,0,1,3
116,0,4.5540236711949049,-1.8595494316413492,-3.0536339397658407,0.15363734854574962,4.2003478691793088,-3.4289482284793107,17.8739958015,0.959817526449,0.00060010842765460825,0,0.00030005421382730413,60,1,0,0,0,2
117,0,2.4066113460089968,-4.560450803851122,3.001561748583764,-5.3132891680195211,0.25087635948233356,-4.5393651124823045,287.448545999,32.50079615,0.40439458031437098,0,0.20219729015718549,60,0,0,0,0,3
118,0,4.4042512051914748,0.56796191268045537,-0.5244704150177345,4.1848819347098276,-5.0659752604264723,0.7896820696558563,0.114502981586,0.606585769884,0.00011209596230926419,0,5.6047981154632096e-05,24,1,1,1,0,0
119,0,1.0651396515833795,-3.4807195347805826,-2.8466312105774647,3.5267499037972723,-4.7282096902001296,-2.6841344350290517,62.1552078382,3.05202454792,0.0067007366041733326,0,0.0033503683020866663,60,0,0,0,0,3
120,0,-4.0913546889774368,-2.2235483094836059,-1.9579743162887997,-5.8393042568465452,4.324007675223851,-6.2831853071795862,0.364936291249,0.245625376035,1.8511303466539776e-05,0.0075689999999999993,9.2556517332698879e-06,21,1,1,1,1,0
121,0,-4.8356291006764485,-1.6877569817550042,2.0378033391807255,3.2967146643044307,-4.977779918335635,-6.2831853071795862,0.50067862761,56.6374225244,0.97715128798991147,0.0075689999999999993,0.48857564399495573,60,0,0,0,1,3
122,0,5.4824998664383342,5.169841696846408,-2.7265329556411615,-4.2844268945939747,3.095370571530252,-6.2831853071795862,430.187061991,14.4467616037,0.24863728125485104,0.0075689999999999993,0.12431864062742552,60,0,0,0,1,3
123,0,-4.0131964942884419,0.56700296874840972,-2.4484510239903754,0.46658355426519527,-4.0518270997864549,-4.2365960195393075,0.804936795431,0.568523149862,9.9105930652702859e-05,0,4.9552965326351429e-05,19,1,1,1,0,0
124,0,-0.83375804571154188,5.8069081896650685,-2.9076824434361623,3.4298652497985573,-4.9635403069913444,-1.1993525905896556,104.563909719,1.43151656847,0.011557845321254503,0,0.0057789226606272514,60,0,0,0,0,3
125,0,-4.5092575603931202,2.5524395265934561,0.28369864927392735,6.0814563289314094,0.023988689090163492,3.4143886254381037,43.5240903512,0.643961424664,0.0020206671166364647,0,0.0010103335583182323,60,0,0,0,0,3
126,0,-6.2831853071795862,6.2831853071795862,1.5619386449509842,0.72049943604292821,-3.0588166582686749,6.2831853071795862,853.142009087,31.9885808387,1.0395569428243285,0.022706999999999998,0.51977847141216427,60,0,0,0,1,3
127,0,3.1969417511838532,3.284695204720689,1.1135192607213913,2.7285918060545686,4.1911404138951998,5.3867559675661481,0.0053497565694,0.597762466088,0.00010884591465950415,0,5.4422957329752074e-05,10,1,1,1,0,0
128,0,5.0071450390746444,-3.8025275560666003,2.4365514943068924,-5.7335717588343122,2.4059417644694614,5.3779830545164575,0.473025977365,0.0524238395487,1.0609211264394086e-06,0,5.3046056321970428e-07,50,1,1,1,0,0
129,0,-5.8603259547780766,-1.2666231756301991,2.5213534347033071,3.9365074597310241,-0.4858337108563372,2.7621612607895938,0.113243378341,0.750856120871,0.00017175152995595479,0,8.5875764977977394e-05,46,1,1,1,0,0
130,0,-0.51343525235755016,-6.2831853071795862,-1.9302571060707199,-3.7870172827776956,-3.9991651485678696,-6.2831853071795862,533.220476982,28.1053377128,0.5249444255588892,0.015137999999999999,0.2624722127794446,60,0,0,0,1,3
131,0,-4.6152985900142589,-2.7363216314923333,-0.8374080702111989,-1.0259385935645644,-2.2074654908804519,-0.87514615659907857,0.0272347791811,0.485439278897,7.1784230727385944e-05,0,3.5892115363692972e-05,42,1,1,1,0,0
132,0,-6.2831853071795862,-3.2969101170422146,-1.4099663071339072,6.2831853071795862,4.3111122147392331,3.2282093347301304,87.4083350892,11.8929516189,0.050726004972591082,0.015137999999999999,0.025363002486295541,60,0,0,0,1,3
133,0,5.6279869168267496,-4.5975612346899757,-2.9519686208806686,4.8922747690403963,-5.2295236069914717,-0.83364569515203191,0.232234053877,0.782227859289,0.00018644336858645837,0,9.3221684293229185e-05,60,1,1,1,0,0
134,0,1.8734568632082278,-3.1321709367383703,1.4779137756395344,-5.7380996769869359,-3.816613919257696,-3.3497387881913605,2.52480223244,0.201640613046,1.8760046741267883e-05,0,9.3800233706339413e-06,15,1,1,1,0,0
135,0,-2.7581043809901242,1.2168424869452481,-2.0805457521192015,1.1909273581906363,-1.7811320989741313,3.8976473378778964,0.162928134693,0.0457700524761,6.6468791028318222e-07,0,3.3234395514159111e-07,16,1,1,1,0,0
136,0,-1.2500699463500882,4.271075193300125,2.5885431518364754,4.412257393719587,-4.0251873292546909,-6.088059945917311,2.05203650542,0.377420189241,4.7602386569143696e-05,0,2.3801193284571848e-05,10,1,1,1,0,0
137,0,-4.5930022051311479,1.650453050424235,-2.8003272230691523,5.4569911873426982,6.2831853071795862,-4.4210655004501813,291.412288388,42.3536467767,0.6313534129873497,0.0075689999999999993,0.31567670649367485,60,0,0,0,1,3
138,0,1.1430324200882804,2.6194325223214534,-2.933248775018618,-2.7801152760961321,5.0529282307310206,-0.0070571479798056912,283.687071297,8.41119060475,0.10202946644104516,0,0.051014733220522579,60,0,0,0,0,3
139,0,-2.0780879112721808,-3.4496678722230674,2.8116329565930873,-6.2831853071795862,1.4775543306737173,-4.6630931362339076,2.76154938249,0.962701015233,0.00028994352187775967,0.0075689999999999993,0.00014497176093887984,32,1,1,1,1,0
140,0,-3.4679074507872651,0.92588570392580849,-1.3261544169092783,5.9219205834151225,0.97298943210446032,-5.5817337681637227,0.0198633189532,0.768572914127,0.00017993922168537194,0,8.9969610842685968e-05,34,1,1,1,0,0
141,0,-1.6512785525101608,-1.9963989074950739,-2.6831630424221449,4.4058171349995066,0.58719427935508695,1.7331862455625204,0.466321536755,0.283491622189,2.4698796215115107e-05,0,1.2349398107557553e-05,6,1,1,1,0,0
142,0,1.045296756339404,-2.6008973278666203,2.9384567854733357,-4.3379048277130812,-0.89131707654397208,-5.9864931729517004,0.0413856937298,0.40976414888,5.1149005611383714e-05,0,2.5574502805691857e-05,46,1,1,1,0,0
143,0,4.3418951211124535,-3.9441096428851745,1.1708122866307766,0.60690266304420826,1.5817607615021467,6.2831853071795862,0.0250060219431,0.781055297079,0.00018583168325960459,0.0075689999999999993,9.2915841629802296e-05,22,1,1,1,1,0
144,0,3.0206650809084281,6.1975573597881155,1.1396857124155966,-6.0702149847028375,-0.20783547541007519,4.5235704970732771,0.974126547111,0.96507238989,0.00028465883972450312,1.8825283605719668e-06,0.00014232941986225156,18,1,1,1,1,0
145,0,1.8373518860363718,-1.3510989383756342,2.058981836081804,0.52747169663562876,-1.7548842545854881,5.0679026308493169,0.70121070238,0.613690784232,0.00011521560596339895,0,5.7607802981699476e-05,7,1,1,1,0,0
146,0,-1.6241834281996312,-0.28346122138519692,-2.751653932557462,-2.8663590641193504,4.6239923094117312,4.0254936630718294,166.14110258,11.3746402773,0.067015011443326153,0,0.033507505721663076,60,0,0,0,0,3
147,0,-4.18453690238238,-4.7496499896159676,-0.29085374196744707,1.2724889914939408,5.2794483657272924,-1.619862759831266,82.359367491,0.240287284838,0.006800653407780459,0,0.0034003267038902295,60,0,0,0,0,3
148,0,-0.24054395656412694,5.5736871421822807,-2.7776809266569602,2.4109609825412965,-5.0325313217093335,-1.0042137831443363,99.8043544479,56.2737826192,0.97460465376654248,0,0.48730232688327124,60,0,0,0,0,3
149,0,-6.2831853071795862,-3.8176744898541233,2.0638219444153498,-3.4378188970478365,-1.1444797283440677,2.8700494960663523,4.53407118675,0.540380123525,0.00010950934077893644,0.0075689999999999993,5.475467038946822e-05,44,1,1,1,1,0
150,0,-3.6022759376140252,3.4558665891084539,1.5539102809733971,-3.6030303309967637,5.8326168742831221,-1.907944402076986,0.0299789071219,0.225909481948,1.5547077398119657e-05,0,7.7735386990598286e-06,56,1,1,1,0,0
151,0,2.3335325846541752,-0.20301321439609732,2.2121263899416514,-0.4516152064025914,-1.0061860166157948,4.9224565779922065,0.00662167389934,0.321960347096,3.1576218024991707e-05,0,1.5788109012495854e-05,13,1,1,1,0,0
152,0,4.8253825696389177,1.1742716308866556,-0.22006413737878977,-2.6891938966303539,-4.2379259939906859,0.84526519016314616,101.21527951,0.0142206833197,0.010244594408435156,0,0.0051222972042175782,60,0,0,0,0,3
153,0,6.2831853071795862,-3.6210342647033067,1.4130911094363401,-1.9049346802514993,-1.6646932097987139,-4.5287098139396376,25.4849290139,0.283960223981,0.00067404394777976671,0.0075689999999999993,0.00033702197388988335,60,1,0,0,1,2
154,0,-5.5660356901826527,1.2575061000725063,-1.1995527393521395,-5.1928822472605383,4.7711097602129717,0.47101171817609305,1.03560155217,0.110717821685,4.8066037315987675e-06,0,2.4033018657993838e-06,55,1,1,1,0,0
155,0,-3.8259583495715561,-6.2052687376109956,-1.4957765958036131,-5.0684078096091287,-1.2408139138477401,-6.2831853071795862,0.0202284337281,0.801717924749,0.00019579375254693632,0.0076515087084022531,9.789687627346816e-05,45,1,1,1,1,0
156,0,-1.3606884774585206,-2.6467260005107649,0.75840620010478754,-5.0728166479374108,-1.3785670974426616,2.2625216355269289,0.117909267399,0.040221297411,5.0669826859482054e-07,0,2.5334913429741027e-07,12,1,1,1,0,0
157,0,-1.4931483303425319,-3.9523671159956151,-0.040469324729993039,3.0030192863123637,1.2753227886986889,6.2417120477590577,194.624218505,0.803772817326,0.038075384738906898,0.0020726841077904979,0.019037692369453449,60,0,0,0,1,3
158,0,0.81056399184827665,3.9889429711007085,-1.3057538743015504,-0.14324126314471236,-1.6173839253736524,0.2553296683165252,3.64553818755,0.946201710211,0.00028601321680476018,0,0.00014300660840238009,24,1,1,1,0,0
159,0,-6.138076312818403,5.9565427549038201,2.617876388853372,-6.0076781629540363,6.0953323984675372,1.303725707358117,234.551660715,0.888733342159,0.055255082685297621,0,0.027627541342648811,60,0,0,0,0,3
160,0,-3.5000105032400253,0.19798973889317428,2.7491846421037596,6.2831853071795862,-3.4998571591292746,-5.7549186654158246,158.935138574,57.2644457075,1.0241669212002327,0.0075689999999999993,0.51208346060011634,60,0,0,0,1,3
161,0,1.8337476929951022,-5.5489062390705328,1.3255012529046224,4.2498855013724262,5.6044814211748166,-1.5329265643464891,0.283493375926,0.048374092849,7.9318935825579339e-07,0,3.9659467912789669e-07,13,1,1,1,0,0
162,0,4.7053421213379387,0.82257970738599839,3.1415926535897931,0.33749587178975338,6.2831853071795862,-0.66582521303668718,348.783939171,56.2741050415,1.0863050347653704,0.015137999999999999,0.54315251738268522,60,0,0,0,1,3
163,0,0.44271977325523493,3.3503715651153745,-2.7130765184956291,1.799191961313745,5.510441943237276,-3.081049829759019,0.0108035357425,0.898672558627,0.00024601291233163948,0,0.00012300645616581974,14,1,1,1,0,0
164,0,-1.6825860208132564,0.35692402386557476,-2.1547011970714935,3.1063819952265286,5.080827917550117,-0.83269328501134121,0.0218637011723,0.998645969633,0.00030379353381954457,0,0.00015189676690977228,11,1,1,1,0,0
165,0,-6.2831853071795862,6.2831853071795862,-3.1415926535897931,-3.9196368154456858,1.274411382202167,6.2831853071795862,253.139291894,18.2313063366,0.16532840076189967,0.030275999999999997,0.082664200380949834,60,0,0,0,1,3
166,0,-3.3574553172344492,1.7179505262503079,-2.9300871460764042,6.2831853071795862,6.2831853071795862,-6.0191335754219413,173.256038658,1.62849079819,0.030825494930703645,0.015137999999999999,0.015412747465351822,60,0,0,0,1,3
167,0,-5.9350039123277956,-4.054614032226751,-1.4176348746577625,5.3756193530808876,-5.8062831918170748,6.2604850569548862,436.319795929,29.6844456495,0.45879357314602098,0.00413445782116619,0.22939678657301049,60,0,0,0,1,3
168,0,6.0377659974873401,-2.4246828999905836,-2.621556320325316,3.8248422789803458,-5.2233213323687986,5.8762653494613035,0.00478295772665,0.556546447074,9.4353425034997387e-05,0,4.7176712517498694e-05,41,1,1,1,0,0
169,0,-6.2831853071795862,0.53267329427444943,2.4319998123925979,-6.1227513694093547,1.3372263141997172,2.7935798630588797,404.521212727,26.8748975829,0.38365042574393182,0.0075689999999999993,0.19182521287196591,60,0,0,0,1,3
170,0,6.0066507240367883,-1.2016802262909188,-2.2139873371248204,1.7650393164543119,2.2844689190508571,-6.2831853071795862,0.575193283405,56.7273160436,0.98025564974464086,0.0075689999999999993,0.49012782487232043,60,0,0,0,1,3
171,0,0.88942770996753995,0.3943887947970417,-0.45709753768221767,-4.9206713441010157,3.6184831254748393,-6.2831853071795862,0.0692461214218,0.94569641331,0.00027243685795963035,0.0075689999999999993,0.00013621842897981517,20,1,1,1,1,0
172,0,3.4898755237124801,3.2548136491234883,0.19332774163645317,0.71903161124942661,-1.4126184010685996,-3.106432657821744,183.91293551,4.26938488476,0.039376426735619599,0,0.0196882133678098,60,0,0,0,0,3
173,0,-2.3501056889248093,-4.7326021281910684,-2.625135377342962,4.7150825361884383,-4.3860264138283904,4.7094085811752411,0.0043209608877,0.603604161327,0.00011098371515645419,0,5.5491857578227094e-05,10,1,1,1,0,0
174,0,1.6055671994873848,1.8929424142697182,0.0013660044004943916,0.094032708361575457,-1.7004943704325499,0.12936763469793988,116.730005585,0.0268655622516,0.01362611406400371,0,0.0068130570320018551,60,0,0,0,0,3
175,0,5.897087169490959,2.4891765969638922,2.3012317826366586,-5.8609739429662744,1.8574752664142928,5.0944685408784141,0.643623193571,0.224898784862,1.5821636460334973e-05,0,7.9108182301674864e-06,22,1,1,1,0,0
176,0,-6.1608061191987069,-2.5208473155015292,2.7335122479453751,5.4639333545134203,-2.6870780862836847,5.1537859829078529,23.7369837646,36.9418497343,0.41627491692646501,0,0.20813745846323251,60,0,0,0,0,3
177,0,1.1619815863999265,1.3319555839637052,-2.721832348964162,-3.1639513691157499,-1.1691236211984599,6.2831853071795862,0.000937261956803,0.966602225967,0.00028461010687513898,0.0075689999999999993,0.00014230505343756949,30,1,1,1,1,0
178,0,4.2288826938281199,0.95381236250403456,0.42148556646636537,0.51692134522977318,5.0783420073549808,-2.486913502109005,2.12764004426,0.403535302179,5.4130978244759562e-05,0,2.7065489122379781e-05,20,1,1,1,0,0
179,0,0.29979698836034602,0.068431371490683152,1.3582699081965508,-3.8286988363702723,0.024532767153486901,5.9331853071795866,17.2974942821,57.0017788718,0.99006297494834039,0,0.4950314874741702,60,0,0,0,0,3
180,0,5.8559530478912007,-4.6510066747991745,-2.1403233881372961,-5.6428112014511758,5.7226382115294339,4.9680230941335459,0.0478779263408,0.297816400605,2.7020215076760379e-05,0,1.351010753838019e-05,14,1,1,1,0,0
181,0,-6.2831853071795862,-5.1246843583758297,3.1415926535897931,-6.2369192966381366,1.9083950682359747,-1.8759123222979184,515.734265171,28.8037504203,0.51870951396071086,0.016797257897209292,0.25935475698035543,60,0,0,0,1,3
182,0,3.0182814108484273,-4.9074758238440666,1.7498671828595387,0.10934682991968149,5.6807670311760416,-2.5575512705498942,0.612859684829,0.342793473932,3.6170387560206435e-05,0,1.8085193780103218e-05,21,1,1,1,0,0
183,0,-6.2831853071795862,5.9185828904613969,-3.1415926535897931,-3.9934770229292451,4.6973309818421765,3.9918221771293232,950.334398056,33.636717564,1.2477883802559935,0.015137999999999999,0.62389419012799674,60,0,0,0,1,3
184,0,4.0714160443494549,-5.075810337840422,-1.2119290529966351,3.569878550321834,0.81759416325324075,-5.2142926261092022,0.0171642265841,0.776232561877,0.0001835435578663713,0,9.1771778933185652e-05,29,1,1,1,0,0
185,0,0.063136188827305553,0.51631812896152096,2.0460763751164479,-4.0869859685713523,2.0391580486569016,4.3368383727357722,0.405347784632,0.110022624931,3.8516939904283669e-06,0,1.9258469952141835e-06,38,1,1,1,0,0
186,0,2.5015786121872972,-1.0122351303335586,0.69417148879720025,6.2831853071795862,3.6452061761920485,-1.8108371019114113,5.29620180562,2.1807464992,0.0014767051985513165,0.0075689999999999993,0.00073835259927565824,60,1,1,0,1,1
187,0,-3.4264611169768959,2.9876567231952711,-0.84648062499033472,-6.2831853071795862,-2.0715549993142131,4.0435752452909384,3.21171467858,0.316752895474,4.0878107008263067e-05,0.0075689999999999993,2.0439053504131534e-05,48,1,1,1,1,0
188,0,-2.5625410456842994,6.1996767903207823,1.5084240655901491,0.4759092922372386,-0.86993460653139865,6.2831853071795862,0.00106801349332,28.8514302784,0.25356507218655477,0.0075811904545252558,0.12678253609327739,60,0,0,0,1,3
189,0,2.758714651300656,-4.745256523972361,0.87921149446220603,2.2825619300220903,-3.9034337270215023,6.2831853071795862,0.0408725914292,35.6363105559,0.38684786737971411,0.0075689999999999993,0.19342393368985705,60,0,0,0,1,3
190,0,-2.0261351722373639,1.8859568101855122,-2.111380353821033,-5.6394628351626803,4.2840181321021351,2.8717860574385021,0.551223196338,0.218046990256,1.4786726868823816e-05,0,7.3933634344119082e-06,40,1,1,1,0,0
191,0,-4.2704275985792668,4.3899127185679863,-1.7327712373402346,1.7042216911484678,-4.8109427824343145,-3.3929872174748223,0.332204235155,0.0904815788526,2.6042369157967355e-06,0,1.3021184578983677e-06,10,1,1,1,0,0
192,0,-0.56936704406022021,-2.9952562604826127,-1.6578591208813509,-6.2830159465538173,-2.2439003019208319,-4.3733010029349133,0.475137894493,0.276283086495,2.3477917658837077e-05,0.0075395599341377736,1.1738958829418539e-05,23,1,1,1,1,0
193,0,-2.3882741586970209,1.2736473347682524,2.5006766029057261,-0.55286278076738882,-2.5880200692866082,-0.1837842827791373,2.77234179949,0.0788694661962,9.5807190269254832e-06,0,4.7903595134627416e-06,12,1,1,1,0,0
194,0,3.0705778007548936,3.6876769984922273,-1.1834656887735264,2.4775443488150817,-5.150874787096301,1.4163515304012377,0.850582184886,0.0187945492913,8.3109161282520283e-07,0,4.1554580641260141e-07,24,1,1,1,0,0
195,0,-5.1413653276416156,-3.3035005424289778,-1.7125550369070368,2.9529502187787857,-2.7482090236488017,3.7551388005655686,0.00724993509392,0.218460868862,1.4537964986384174e-05,0,7.2689824931920869e-06,43,1,1,1,0,0
196,0,4.0929515463859136,6.2831853071795862,-3.0252369249291786,-5.0968370662281117,6.2831853071795862,0.094410623004650362,1111.64927204,38.7127070207,1.6922862150069504,0.015137999999999999,0.84614310750347521,60,0,0,0,1,3
197,0,-3.3100841871995099,-5.9376729600487188,-0.64402714176320752,-5.4376137562655096,-1.6291936255343227,4.658286647460514,0.0431939077988,0.663442249307,0.00013408093442401708,0,6.7040467212008538e-05,13,1,1,1,0,0
198,0,2.681800838479286,1.021194061548125,-1.1383456162048342,1.2693215841397816,-1.8145426643125173,-6.2831853071795862,0.0159302659329,0.742784248133,0.00016806634736798247,0.0075689999999999993,8.4033173683991234e-05,43,1,1,1,1,0
199,0,1.6215316891399629,6.0164981879232489,2.9104567406202606,-4.2213569456544056,-4.6400565741536157,2.4761315462426303,0.0221773577422,0.102411614402,3.1953616039805987e-06,0,1.5976808019902993e-06,18,1,1,1,0,0
200,0,2.4947173741911013,5.5121480938192304,-3.08117258163576,3.6915672369568724,4.5796975931373707,0.52164372246560564,81.0316462056,1.32568368163,0.0071014736793204919,0.00070649257492877773,0.0035507368396602459,60,0,0,0,1,3
201,0,0.14923102179677172,-1.3840714986579976,2.4994685301760402,6.2831853071795862,-6.2831853071795862,6.2831853071795862,330.294298278,29.7440263391,0.37859151841554156,0.022706999999999998,0.18929575920777078,60,0,0,0,1,3
202,0,-6.2057700864463721,2.2452287940388271,-1.0298129037903159,0.62061788486593961,4.474420662003082,1.3804227345902214,0.0116139913744,0.049102161945,7.3457427920658901e-07,9.1867993593007532e-05,3.672871396032945e-07,19,1,1,1,1,0
203,0,-6.2017155206006036,-1.6363311078849954,1.5328018913287207,6.2831853071795862,-1.9081877085837933,-4.014224531613805,100.750320205,44.0553980215,0.60137590438932398,0.0075995832604819997,0.30068795219466199,60,0,0,0,1,3
204,0,-1.4268008312889247,-0.77532214685797074,1.1606746610323473,4.2211775804815899,-6.0337681692000329,-0.04941081377653242,0.108267776622,0.365553270904,4.0717502155905484e-05,0,2.0358751077952742e-05,12,1,1,1,0,0
205,0,-2.0574577947551052,6.2831853071795862,-3.1415926535897931,6.2831853071795862,-4.1494116760350801,6.2831853071795862,635.119287897,4.99600528206,0.41097978160803439,0.030275999999999997,0.20548989080401719,60,0,0,0,1,3
206,0,5.4774082345889274,-2.1583530497621837,-1.2675184723857997,3.6767069525264744,5.7977315510171774,-3.5182481001815886,0.0534317747038,0.976779027927,0.00029063750338399822,0,0.00014531875169199911,41,1,1,1,0,0
207,0,-3.6191225810440111,-0.87108283249953899,-1.9430851849729478,-4.3503902720094798,5.2047774009440371,5.6585916007844546,0.0062977226871,0.897247456143,0.00024523320656810374,0,0.00012261660328405187,36,1,1,1,0,0
208,0,-3.2268672118600188,6.2831853071795862,-0.075019011823496407,1.680519006271707,-3.051588561193701,5.7457990831965811,78.945742645,0.154489383098,0.0062397005764313141,0.0075689999999999993,0.003119850288215657,60,0,0,0,1,3
209,0,4.3960814070892278,-1.9508300907948377,-1.1677627487221307,2.6266102299401766,-4.4985923941083694,-5.9038803121844774,0.0941706408006,0.033943709979,3.5984082143856998e-07,0,1.7992041071928499e-07,10,1,1,1,0,0
210,0,3.3893442140052481,3.9896090872182772,-0.86232780889650695,2.1231892093170006,-2.0319769932981036,3.4266251750330032,0.44691387761,1.66377781629e-05,1.9973209832361078e-07,0,9.986604916180539e-08,13,1,1,1,0,0
211,0,0.97661771780890705,-5.4712962160988026,2.6544589488281796,5.0041055520579931,-1.3725248012930567,-5.3597778917796939,4.16171721266,0.0177230032574,1.7415571965405738e-05,0,8.7077859827028688e-06,35,1,1,1,0,0
212,0,2.2333306001315507,3.5832503356209329,-2.3620305356467628,4.644367190247384,-4.1390567568217724,-5.4706553275684682,0.0233837796716,0.762119512441,0.00017693031033746382,0,8.8465155168731909e-05,28,1,1,1,0,0
213,0,-2.5006205120081608,4.3231736106319376,-2.4452866833459184,2.7563087718536865,1.8232848944448472,1.8337571214735886,0.105425584964,0.712383134207,0.00015460132664531294,0,7.7300663322656468e-05,17,1,1,1,0,0
214,0,-6.2831853071795862,2.4747795254135942,-1.3801772659480991,6.2831853071795862,3.5379006093319267,-2.7963947983416353,136.128271247,45.2022638433,0.64093882150564374,0.015137999999999999,0.32046941075282187,60,0,0,0,1,3
215,0,-6.0193711750975085,-1.4600620410337957,3.084472061854389,2.150863156593402,3.3578349999909665,3.4843792384859875,289.987434091,2.97369988707,0.086786410576184816,0.00089277903824240329,0.043393205288092408,60,0,0,0,1,3
216,0,1.3464540828469229,-1.494240733768226,3.1415926535897931,-1.6027245493251012,1.3267143689350664,1.0885272783584976,109.1699874,7.67727146463,0.029872388309242024,0.0075689999999999993,0.014936194154621012,60,0,0,0,1,3
217,0,-4.9069257090755842,0.76000115990660078,-0.53161544968510721,0.57546199131389719,-1.6205149299370312,0.79323929998369669,0.0918394440221,0.00226276318505,9.9941542860413797e-09,0,4.9970771430206898e-09,18,1,1,1,0,0
218,0,-0.44135493236939388,-5.9502281090130129,-3.1415926535897931,-4.6139161339927321,6.2831853071795862,-0.78929597705933507,357.499121465,49.4063806191,0.87137383319642647,0.015137999999999999,0.43568691659821324,60,0,0,0,1,3
219,0,5.6570322823519463,3.840584844677974,3.1164516928498482,-3.6490537667606642,-3.5856402633207489,5.0957815260685511,182.769166592,0.532223697612,0.033490854816064279,0.003826540738177041,0.01674542740803214,60,0,0,0,1,3
220,0,2.9552398969238083,1.8398652052983633,-2.628650110854335,-1.9620915498047433,6.2831853071795862,-0.25385237769134666,266.071723941,56.8902308545,1.0566879438831323,0.0075689999999999993,0.52834397194156613,60,0,0,0,1,3
221,0,-1.9480913739631567,2.4829869722538365,-2.7384440578939873,6.1056868109099991,-3.6239466975390804,6.2831853071795862,1.07702041373,1.07137394206,0.00035081267902584877,0.0075689999999999993,0.00017540633951292439,60,1,1,0,1,1
222,0,0.54393698935919399,4.3876223463743056,-3.1415926535897931,5.0105747821948512,2.543002619654648,4.163590609827609,337.104676482,19.8499720956,0.23366534273773268,0.0075689999999999993,0.11683267136886634,60,0,0,0,1,3
223,0,-2.6499813382556154,-3.0389207303994819,-2.9210404996470158,5.9061435834611036,-3.0837479906743326,0.31325132341533335,572.05667976,1.19368061019,0.32768288611644736,0,0.16384144305822368,60,0,0,0,0,3
224,0,2.3293018956610885,-4.7176835980423544,-0.84010971693882142,3.0423917092354533,-4.1889456103785596,-4.2423412985933853,0.0265694330987,0.663061150125,0.00013392578159546984,0,6.696289079773492e-05,20,1,1,1,0,0
225,0,-6.2831853071795862,-5.4256521857418729,-0.092579728530112482,2.2452416401178987,-4.8780253529681934,-2.1597977951480285,238.031557207,6.79739653184,0.070733748142364647,0.0075689999999999993,0.035366874071182323,60,0,0,0,1,3
226,0,-5.7991455741961211,0.61402725280815573,-0.38837692965553827,3.5578118678255493,-3.8378720247070164,4.6578432697839673,0.132285463527,0.341822969058,3.5609895009704178e-05,0,1.7804947504852089e-05,59,1,1,1,0,0
227,0,-3.9004871905284082,3.2760237926398261,1.238895090067307,-0.1381221220242938,-3.4050126685263251,-4.4417277695752775,0.409227075405,0.873900903501,0.00023280463991077362,0,0.00011640231995538681,18,1,1,1,0,0
228,0,6.2273462845700882,-1.8881452803565151,1.9903265822435545,2.5815483778468029,-1.5018599318735659,1.0414497931403501,0.0350218107794,0.404318519893,4.9798091800122754e-05,0.00097100651193137496,2.4899045900061377e-05,8,1,1,1,1,0
229,0,-5.2331745841678536,2.3900628096956034,-2.1970961611433784,-2.0138378114531297,-3.9619412086604582,3.5616198906246739,2.08624380981,0.0423381171905,4.8984448837710336e-06,0,2.4492224418855168e-06,24,1,1,1,0,0
230,0,2.0063073834287324,5.9885126133723929,2.0079499363933637,-0.62436281624054313,4.8623296255063071,-5.9035396349663367,0.0725307233743,0.919505118052,0.00025755614003848421,0,0.00012877807001924211,15,1,1,1,0,0
231,0,6.0962282031947943,-0.62479672825094201,0.6999514319539818,5.7820329399513977,0.27409295506102271,0.78203276408252453,0.135322825065,0.871344503496,0.00023129642094092803,0,0.00011564821047046402,53,1,1,1,0,0
232,0,5.0701882121775874,2.2232918843554339,-2.3189912896977654,-2.5682611249742124,-5.4555034784471195,-5.3939401194535339,0.012379607754,0.928971550768,0.00026288137441885163,0,0.00013144068720942581,22,1,1,1,0,0
233,0,-3.9649415496595766,1.0124013357610442,-0.080327494771193303,-6.2831853071795862,-6.2831853071795862,6.2831853071795862,135.910949845,29.5301789231,0.28410776180858044,0.022706999999999998,0.14205388090429022,60,0,0,0,1,3
234,0,1.0030930633145863,-6.2831853071795862,-0.98388199911860463,5.7302390784753001,-4.5087587003703717,6.1922397789260391,370.541678756,0.046501159041,0.13730179438684226,0.0075689999999999993,0.068650897193421129,60,0,0,0,1,3
235,0,-2.9225320947375875,1.746059438944281,2.8701065677126305,-6.2645221149197834,4.7897375161707405,-0.013943219418553088,378.707329047,54.7257593734,1.0557206136437924,0.0046699192921206695,0.52786030682189622,60,0,0,0,1,3
236,0,-4.8668737412012062,-4.5707199008555639,1.1603122176252385,-4.0077889138983416,-4.2805190675826745,3.9804089856156009,0.0265380196922,0.12564944769,4.8099382028060101e-06,0,2.404969101403005e-06,9,1,1,1,0,0
237,0,-0.31274154537157112,-3.8245372775259856,-3.0724409008100628,0.53224890799514912,-2.1961716466084793,6.2831853071795862,103.333565328,13.6138324909,0.067134532373366015,0.0078875599288358647,0.033567266186683008,60,0,0,0,1,3
238,0,0.093885594324214422,-2.8187211218982071,2.4714669905510744,-2.2731752740325573,-5.7600604292323618,5.3817841326702602,3.380430572,0.575587452845,0.00011234734101831225,0,5.6173670509156124e-05,27,1,1,1,0,0
239,0,-0.47636735952659665,6.1481702950125827,-2.5339586678888155,1.4754395345088254,1.4772338381719923,-6.2831853071795862,0.00234083460526,0.981278265383,0.00029331826170521445,0.0075689999999999993,0.00014665913085260723,43,1,1,1,1,0
240,0,-2.0359563519481054,2.7588008400679715,2.5422851333615228,-5.5774719009575007,-2.6072218366153002,-3.6979290346577662,0.304714733671,0.681746406206,0.00014167237566464826,0,7.0836187832324128e-05,32,1,1,1,0,0
241,0,3.6772437977872707,3.1785805802955087,-2.0423414114497151,0.93025564657453474,4.7466176794053832,-1.5276548046561533,0.338686554005,0.0375320213211,5.4380870969778503e-07,0,2.7190435484889251e-07,38,1,1,1,0,0
242,0,1.7442390851076814,0.90637466821291157,1.7749085149728754,-2.0184244591016123,4.616010854750618,6.2831853071795862,0.0883937614043,0.800518234797,0.00019521562528532503,0.0075689999999999993,9.7607812642662515e-05,16,1,1,1,1,0
243,0,5.8303148704796808,-6.2831853071795862,3.0609663398057321,2.1801144297632873,6.2831853071795862,6.2831853071795862,1150.08410001,52.8334393594,2.1729940692102296,0.022747623875979246,1.0864970346051148,60,0,0,0,1,3
244,0,-2.4524484917830285,1.7210697277321449,-2.5227111302346859,-1.1786881029895224,1.9018632390533943,6.2831853071795862,0.0896494715458,0.971406070555,0.00028745409789840312,0.0075689999999999993,0.00014372704894920156,34,1,1,1,1,0
245,0,1.195588513144106,3.3608585332698468,-0.10547977059803926,1.4495012859207224,0.45596182114253442,-2.6950347456980834,139.790011288,0.521662698777,0.019624143394819459,0,0.0098120716974097293,60,0,0,0,0,3
246,0,-0.71865910708825864,-4.7201626561548062,2.7174004361024839,-1.5298775771561619,-1.6634025989984407,2.6655195355065024,0.22750021876,0.893664305767,0.00024333016093735526,0,0.00012166508046867763,12,1,1,1,0,0
247,0,-1.8273928453971411,-6.1404142429012314,1.1400084941196593,3.324333893859154,0.69942322203493956,5.3006444350365882,0.02236803476,0.357861832745,3.9011358016450073e-05,0,1.9505679008225037e-05,12,1,1,1,0,0
248,0,0.23142320371550471,-4.4596323690127546,0.11430324663853517,0.043880235901431142,5.6038128473797153,6.2831853071795862,172.006978935,57.0918511627,1.0224806265525375,0.0075689999999999993,0.51124031327626873,60,0,0,0,1,3
249,0,-0.057188622189630015,-2.8316860697123665,-0.10059093982999842,2.7209437438186312,2.4121478705699912,-6.2831853071795862,2.02552335917,57.2053376171,0.99684957670263052,0.0075689999999999993,0.49842478835131526,60,0,0,0,1,3
250,0,3.9852603696435827,4.3368895856316989,-3.031463592423965,3.5655925179193502,-4.6626899304753788,6.2831853071795862,16.5788138365,10.3173677846,0.032700795930816325,0.0075689999999999993,0.016350397965408162,60,0,0,0,1,3
251,0,-0.27998118557165125,-1.9750525872592719,0.99903824963789223,-6.2831853071795862,1.3540395627167365,5.5382778618909461,2.88401764786,0.914168201798,0.00026288740202909985,0.0075689999999999993,0.00013144370101454992,23,1,1,1,1,0
252,0,-3.1101511874352492,-2.4430410803573408,-2.6087698737519114,-4.2496968077853472,3.2716567589598489,4.4543048317635074,0.0137366381315,0.612124241803,0.00011413914404414781,0,5.7069572022073906e-05,18,1,1,1,0,0
253,0,2.7081099154961623,0.41858717454151118,2.0922156785171069,1.4637112619513932,1.3960827755490091,-4.3062588702546725,0.230995201295,0.110453460794,3.7696812524312036e-06,0,1.8848406262156018e-06,15,1,1,1,0,0
254,0,6.2831853071795862,-5.2167958922304551,-2.8248900797114294,3.5842389229690967,-0.91353631151648063,6.2831853071795862,349.623774454,34.9813589313,0.49499574115676637,0.015137999999999999,0.24749787057838318,60,0,0,0,1,3
255,0,4.0305836797503876,1.3298043647994413,2.4881810735029943,1.6371566388545127,1.0809288944248912,1.3505774629886993,0.199274829568,0.184265778344,1.0382652882102493e-05,0,5.1913264410512466e-06,9,1,1,1,0,0
256,0,0.53760025863764094,-0.20926252695397521,-2.6791437406810421,2.9957221785506771,-1.6248835418363583,1.0702093926578318,58.1395229556,2.2716243673,0.00495211447569463,0,0.002476057237847315,60,0,0,0,0,3
257,0,2.6258219749463958,-3.0186384601804668,-2.2422921869988097,-1.4328936435842055,-4.9085314098900037,2.3274371954084536,0.879670173905,0.124898802284,5.525763271800264e-06,0,2.762881635900132e-06,25,1,1,1,0,0
258,0,1.2332330955480222,-2.8764116314205528,-0.32408520430830051,1.691701822659426,0.31982547871465183,3.3045817120658292,27.8648170072,0.000340773252008,0.00077644806222088069,0,0.00038822403111044034,60,1,0,0,0,2
259,0,-0.42827916156476181,1.8685796580434719,2.5512412976180854,4.016183726856478,4.0945866269496465,2.3954909186793127,0.0186915123194,0.226101502468,1.5572967421877893e-05,0,7.7864837109389465e-06,19,1,1,1,0,0
260,0,-3.3510413785784254,6.2831853071795862,-3.0376820239745403,-6.2831853071795862,4.4355966345619606,-1.9935764716932458,1092.70586221,52.811733139,2.0436081977470506,0.015137999999999999,1.0218040988735253,60,0,0,0,1,3
261,0,4.8344217093066453,-4.7170605933337111,3.0506249479487053,-2.9177173775558267,-2.3812449942316425,3.8232832195096664,1.07979732551,0.00946834926646,1.1932711055395149e-06,0,5.9663555276975743e-07,48,1,1,1,0,0
262,0,3.7684499899691164,3.901909558027512,-2.7123608130914674,-5.7215110566481666,5.025364132780811,-1.224095576255865,0.281722847155,0.642249373359,0.00012572925800939118,0,6.2864629004695592e-05,33,1,1,1,0,0
263,0,-2.6227376501013366,-1.3418655601028424,-0.34927489598482586,2.1165871942286594,-5.8512129121125014,1.042539970613483,144.816795229,9.93253550707,0.05102401541711641,0,0.025512007708558205,60,0,0,0,0,3
264,0,1.5281784955160662,6.2831853071795862,-2.2659242061397107,-0.13024794814768959,1.362640566118116,-2.1688823754236441,268.353083664,23.0539534506,0.2339128967146695,0.0075689999999999993,0.11695644835733475,60,0,0,0,1,3
265,0,1.4793506529477087,5.5319488917279411,0.14106481167408896,-4.3773711577990913,4.5830708448800719,0.19596554862202326,115.937408192,0.105962323711,0.013444902866983232,0,0.0067224514334916158,60,0,0,0,0,3
266,0,-4.1708632883958279,3.6289343375029031,2.6989853039487404,-6.2831853071795862,0.75920343338525087,3.603569446238803,268.98355641,43.2381587615,0.64184610902067984,0.0075689999999999993,0.32092305451033992,60,0,0,0,1,3
267,0,0.52446972656300372,6.2831853071795862,-3.1415926535897931,1.3429892648193464,0.8078812041436868,-6.2831853071795862,319.511267746,1.48287219845,0.10275727649383949,0.022706999999999998,0.051378638246919746,60,0,0,0,1,3
268,0,-2.5749843280195983,-5.3817043544253869,0.80055159367421314,1.4675715884318006,2.2247062269979532,-0.31157774469087507,0.784841502366,0.0494302370271,1.3602626485382038e-06,0,6.8013132426910192e-07,46,1,1,1,0,0
269,0,4.8619532029054051,1.3003176755988639,-0.33067552547093482,-6.16581658781047,-1.7794054546208105,-3.3996806356443772,0.481966852169,0.00118127277653,2.3271711137409598e-07,0,1.1635855568704799e-07,28,1,1,1,0,0
270,0,2.2286437886349573,0.33071874371272592,-0.6032660065049118,2.0448206058006329,5.7363094952886344,-0.69174485442569067,0.0443560576621,0.4887135583,7.2757078971429651e-05,0,3.6378539485714825e-05,20,1,1,1,0,0
271,0,0.13943651992143494,2.3264582170006745,1.1314546084498278,5.5594941034578005,-5.5114742692719023,0.5383403846083793,0.102230747246,0.735391072507,0.00016474756073948856,0,8.237378036974428e-05,13,1,1,1,0,0
272,0,1.6160627493289508,-1.9578378101899807,1.7127550126560567,3.3480693325908439,5.5704635666252944,-2.600628995511546,0.123461713624,0.65869537907,0.00013218252777831148,0,6.6091263889155741e-05,12,1,1,1,0,0
273,0,4.223158543557064,2.4277086149721012,2.2726169748035585,-6.2831853071795862,-1.703183722922478,-1.6437289987715413,191.677519918,56.4776343925,1.0083855185710717,0.0075689999999999993,0.50419275928553586,60,0,0,0,1,3
274,0,5.6821354465444864,-4.8326119966862446,2.0308089335532897,6.2831853071795862,-3.5881430898928306,4.8531808760606063,2.39950136442,0.103285928136,9.0072602387028731e-06,0.0075689999999999993,4.5036301193514366e-06,21,1,1,1,1,0
275,0,2.5195858143653314,-1.9507428682484209,-2.5512482363503168,3.9568014961937852,1.6201598558967918,-4.1277154274115819,2.3256230179,0.139530829069,1.1339073963263561e-05,0,5.6695369816317806e-06,11,1,1,1,0,0
276,0,-1.3663548939472034,-2.0337343539364086,-1.9022271110968645,-1.3887190798688578,5.3519106825580591,3.1610422650624939,0.0422184845523,0.089900027964,2.4637049649249249e-06,0,1.2318524824624624e-06,28,1,1,1,0,0
277,0,-2.5788388402095883,-0.97436669195641068,2.9461124377202661,-3.605463406071141,6.2831853071795862,-0.67829514565369531,358.130843416,44.0454508684,0.71921602609604451,0.0075689999999999993,0.35960801304802226,60,0,0,0,1,3
278,0,-4.5229849544920269,-4.3964068705993169,-1.5093616273907677,-2.37940910888257,1.6899509373571058,2.274409077385505,0.40423045974,0.0931657646348,2.8074387305043129e-06,0,1.4037193652521565e-06,40,1,1,1,0,0
279,0,-2.948437405783463,-4.5986736992442339,-2.4709441565854648,-2.3173191223286778,3.3377452582507692,2.6895986514672492,2.88849448421,0.593732882003,0.00011572674791995065,0,5.7863373959975323e-05,28,1,1,1,0,0
280,0,-6.2831853071795862,4.3343398408826292,1.6811641110263926,-0.70060826642871243,-1.8071425600753515,-3.8629261796752714,4.61256819785,0.783579674246,0.00020830999953287956,0.0075689999999999993,0.00010415499976643978,26,1,1,1,1,0
281,0,5.0733775270391286,-6.1800339048461632,2.4152002772340513,-5.7236837969951537,-5.4520777775421578,4.3436019942079191,0.927920903321,0.53599843442,8.8375892198548501e-05,0,4.418794609927425e-05,56,1,1,1,0,0
282,0,5.6961697157743618,-2.5113405449755022,-2.0438479177975943,2.6886336232626649,1.6186169297024464,-1.0732649210266905,1.92414386554,0.578449995538,0.00010562865778168619,0,5.2814328890843094e-05,20,1,1,1,0,0
283,0,-2.4903253427865621,0.28299081016922711,-2.4559190062627358,6.2831853071795862,-4.0095594758135071,0.31027536675755196,2.58676219591,0.790270401544,0.00019693323567237432,0.0075689999999999993,9.8466617836187161e-05,19,1,1,1,1,0
284,0,-3.5332853900932473,1.0877287084741007,-0.089333241067808433,1.9353064412131811,-1.1157942412493134,4.8778803289433919,167.197855909,17.3812620353,0.11998256470545461,0,0.059991282352727306,60,0,0,0,0,3
285,0,4.0179368767401451,1.4276116627094857,0.31343653735972421,1.4878071147194198,-4.9349758795125176,-5.0550103436688971,326.971908983,6.02112977783,0.11795423035874829,0,0.058977115179374144,60,0,0,0,0,3
286,0,-5.3277151291729243,1.9249523158941908,-0.0008513783195574498,4.4041350873029002,-3.7863258854872734,4.867059356390989,17.4432152587,0.000156125713939,0.0003042657659868522,0,0.0001521328829934261,60,1,0,0,0,2
287,0,2.589218839370417,-0.88582842653066707,-0.41817131538799768,-1.2093254042768589,-3.4601127662453419,-5.3487427042783855,0.0174246525296,0.730177152603,0.00016240972328512032,0,8.1204861642560162e-05,20,1,1,1,0,0
288,0,1.9510640007178264,3.3530599596024002,-1.2992564435103997,-3.4420187106391964,-0.08309280359793593,4.3981569690140718,0.518472442655,0.917637159941,0.00025677433593894298,0,0.00012838716796947149,10,1,1,1,0,0
289,0,-0.16871555297993918,3.7817965097375787,-2.4365266520702407,2.5715022845631008,-2.4511266059740304,4.9552620856481022,0.0409480738424,0.989401093118,0.00029819609295205299,0,0.00014909804647602649,18,1,1,1,0,0
290,0,-1.6231652698591506,-5.9939778244327622,0.71188509730304506,2.1222534705601253,-3.8010676476116165,4.6389716186082701,0.521174633002,0.016662659806,3.5619826759664624e-07,0,1.7809913379832312e-07,11,1,1,1,0,0
291,0,0.19072592403851454,-3.56276504400256,-0.70760525445654643,0.24627767567326606,-2.0136922377157132,-4.2154599942047417,0.120973656381,0.0280987508901,2.5514220271545309e-07,0,1.2757110135772654e-07,60,1,1,1,0,0
292,0,4.953196138132121,0.12179421866410767,1.5505915923510318,1.3830758232861668,2.5718589235185374,4.6288468590566891,0.0531240573505,0.384089895922,4.494152168666994e-05,0,2.247076084333497e-05,9,1,1,1,0,0
293,0,1.7550221752040729,4.9278383149788008,2.4764347937381412,-0.0025131404815724491,3.8796042804013067,5.784588303240656,0.371462305116,0.408244699794,5.0906661144463324e-05,0,2.5453330572231662e-05,22,1,1,1,0,0
294,0,1.2369121442993871,-5.5624206382968069,-2.2085288015174527,-3.4887571474797965,3.3479056309800805,0.74094308587525326,1.91364897021,0.21383431331,1.7590718489828654e-05,0,8.7953592449143268e-06,19,1,1,1,0,0
295,0,-5.0172917419927376,-3.9799839638285728,0.022714071891059451,-4.3149961801539929,-5.4498107274911964,3.1901452951145011,13.4996857877,2.42759540027e-05,0.00018224151654661115,0,9.1120758273305577e-05,60,1,0,0,0,2
296,0,3.9048995578170564,0.070305102340498832,1.5599284405671743,-2.6776332836305019,1.808555455179871,-5.5172792265482267,0.302845030845,0.784406824314,0.00018752100591697601,0,9.3760502958488006e-05,16,1,1,1,0,0
297,0,4.4597010879620544,5.2174793418492866,-3.0307099364012631,-5.9717982648122252,-6.2831853071795862,-0.61584732128368069,73.5398572568,0.712231192068,0.0055626348802741959,0.0075689999999999993,0.0027813174401370979,60,0,0,0,1,3
298,0,5.7181401340702021,2.9161072791948852,-0.56688835941507387,-5.5932639973567779,-0.84002948602373939,5.1267410461507819,0.0114611743406,0.753187437524,0.00017280694831916916,0,8.6403474159584581e-05,20,1,1,1,0,0
299,0,-4.0793622656406576,-0.090135710512608547,1.8225888906273964,5.7438603945045745,-1.7979018362000549,-6.2831853071795862,0.0102777118628,0.28095917039,2.4046012398302403e-05,0.0075689999999999993,1.2023006199151201e-05,50,1,1,1,1,0
300,0,2.4277554621111719,2.3207745695995801,2.6778147022517924,-5.8679160639835981,2.1314942049723498,-1.7866036566928343,0.0291814905295,0.910572423525,0.00025257199042085508,0,0.00012628599521042754,50,1,1,1,0,0
301,0,0.58643205464069548,-1.1055809590546033,-1.7628522521308823,-5.1187501823274779,1.0993418403464148,-3.8052317528718476,0.0294573014007,0.512743392138,8.0086549966097516e-05,0,4.0043274983048758e-05,13,1,1,1,0,0
302,0,-4.5384496799333407,1.5095098441587942,2.6289958166486613,4.9311018694537223,4.3290609241408822,-0.56112655973985459,0.00556480898094,0.891863118756,0.00024229876497394126,0,0.00012114938248697063,27,1,1,1,0,0
303,0,-0.24876997612694529,0.11464652658062366,-1.3290517962038992,-0.6459460622279849,6.2686168861149101,-0.63459966946705315,1.54758803645,0.474037184701,7.0845990657749075e-05,0.0052463336270640488,3.5422995328874537e-05,20,1,1,1,1,0
304,0,1.9731866355771235,-6.2831853071795862,3.1415926535897931,-5.822264468937008,2.1952928230829767,2.4683210649812928,191.601708393,1.08589986458,0.037070412976183471,0.015137999999999999,0.018535206488091736,60,0,0,0,1,3
305,0,-6.2831853071795862,-1.6156478896614066,2.2004460266428101,2.3865617304093063,1.6682476682280278,4.9991118253012212,4.33707852462,0.168732218125,2.7482879092433998e-05,0.0075689999999999993,1.3741439546216999e-05,16,1,1,1,1,0
306,0,6.2831853071795862,2.2716082399348632,1.1374262369823787,5.9580464382977079,-1.9544461915775273,6.2831853071795862,475.979563542,38.9183447184,0.68794152901512273,0.015137999999999999,0.34397076450756137,60,0,0,0,1,3
307,0,4.2739838992171633,3.4824221366112917,1.4080448252365887,-5.1418159449961651,0.26364700744980912,-0.41327139176391603,0.0170754867038,0.951448792295,0.00027575667432597125,0,0.00013787833716298562,17,1,1,1,0,0
308,0,-0.094585608848095665,-0.34523256563161142,1.1490420680315461,-5.9043522926293157,4.5264195227483555,1.3100458852224932,0.303024613339,0.81417325959,0.00020201603934543082,0,0.00010100801967271541,33,1,1,1,0,0
309,0,-0.2214554442047926,2.533305686424284,0.48697829165604573,-3.6301670063981217,-5.5288824879663414,-6.2831853071795862,17.5184407987,49.301738819,0.74072871521714923,0.0075689999999999993,0.37036435760857461,60,0,0,0,1,3
310,0,5.7858692666473459,-2.3077497597238912,1.756252410477446,3.7071617920904982,-4.6646761545657096,4.8486429558697024,0.0277760998884,0.310452795649,2.93600842612414e-05,0,1.46800421306207e-05,14,1,1,1,0,0
311,0,-5.6601139913141338,5.5010716365350509,1.9067993223651682,-3.2790706470454203,5.9900209578745267,4.1014496302849226,0.0136073394244,0.447190558316,6.0917392611126335e-05,0,3.0458696305563168e-05,24,1,1,1,0,0
312,0,-5.4415166845057037,-3.2440772581635255,2.2158409115073443,6.1586846187113196,-5.4751301265943457,-2.8550083651570746,0.0108866504288,0.307539895103,2.8811073840910151e-05,0,1.4405536920455076e-05,12,1,1,1,0,0
313,0,-0.17552506836085652,1.5677260990458626,-2.7821247275831675,5.0315446443968419,2.2208917247186002,-0.88739025264277605,0.142417435083,0.185835825363,1.0540231302160604e-05,0,5.270115651080302e-06,58,1,1,1,0,0
314,0,-4.6387538562487238,3.1672457930860873,-0.043805809350354663,0.10574133096365401,3.9809206362063696,-0.82191860606703426,66.788667728,0.031508101561,0.0044610285490071806,0,0.0022305142745035903,60,0,0,0,0,3
315,0,2.4003623935511982,-5.4433222080641839,2.7368914450146389,-6.0848955088551557,-2.2655526670946515,5.9746368909717633,316.814469595,25.8848993736,0.30447361343572615,0,0.15223680671786308,60,0,0,0,0,3
316,0,1.238043782014669,-1.0793105487161596,2.5540881319265032,6.2463711566424021,-6.2831853071795862,6.2404644355567722,598.228532179,32.4674828597,0.67898600477447868,0.012048260696147726,0.33949300238723934,60,0,0,0,1,3
317,0,4.1093644562703187,2.3414675543994683,-2.0821529524513442,1.8678126313506638,-6.2831853071795862,-3.0662414409571217,146.043451948,28.7880631207,0.27378116188253054,0.0075689999999999993,0.13689058094126527,60,0,0,0,1,3
318,0,-3.4429652342756256,-4.6757745014729553,-1.6981341555668019,3.2591752515948831,3.7362051550769091,5.0240434394056157,0.392606089422,0.765736339341,0.00017876721593728816,0,8.9383607968644078e-05,12,1,1,1,0,0
319,0,4.9546944209234853,2.0522971245517376,3.0725431113750346,-5.452781560716506,4.8284407788822543,-1.9710293394527105,63.153925668,1.62867312438,0.0047964392286872866,0.0003222189346997347,0.0023982196143436433,60,0,0,0,1,3
320,0,-4.6823575285393062,3.79797639334262,-1.633943146283056,0.097014074424523103,-1.50474848478517,5.2946296274167244,0.0155151399967,0.634074953816,0.0001224719932964194,0,6.12359966482097e-05,60,1,1,1,0,0
321,0,-3.630113605652765,0.62264124944067045,3.0834526844841124,-3.7095895575409847,-2.7360953987807108,-3.8603771069725283,572.680928924,8.46753635352,0.34980426309785989,0.00083290138322106094,0.17490213154892995,60,0,0,0,1,3
322,0,4.714345394833483,3.6731161105788788,-2.9977707283940891,4.9158893411291649,6.2831853071795862,6.177942688432335,56.3346184453,0.0202611931985,0.0031737142856916862,0.0075689999999999993,0.0015868571428458431,60,0,0,0,1,3
323,0,0.88521997495032445,-2.937208525982824,-1.9959399152968573,-1.3335483640474366,-2.6244773929975755,3.4778995612787913,1.4598762616,0.316083182905,3.2565132101062589e-05,0,1.6282566050531295e-05,15,1,1,1,0,0
324,0,-6.2831853071795862,-2.8502803243940602,-1.2996478172848727,5.9028242474221715,-2.2682109623954041,5.8441266254670312,7.16400035784,0.354695420876,8.9646465838820387e-05,0.0075689999999999993,4.4823232919410194e-05,60,1,1,0,1,1
325,0,-4.1935763775353374,-2.2716174773739972,3.1415926535897931,6.2831853071795862,-2.126663899038737,5.6049174886661932,140.337933063,11.2076632149,0.057958251895276085,0.015137999999999999,0.028979125947638042,60,0,0,0,1,3
326,0,-4.6465826749894283,1.0473001956391577,-2.5389456401057706,-3.5977916444498477,4.8584478825807711,4.8349277646635107,2.15756066571,0.829178083957,0.0002140906001926177,0,0.00010704530009630885,4,1,1,1,0,0
327,0,0.019369250529251685,-0.73363130825498424,-2.092358426889291,3.5039553287023977,-0.96705685790252183,1.6978357044110832,0.274647218893,0.122693346526,4.661037334377615e-06,0,2.3305186671888075e-06,26,1,1,1,0,0
328,0,5.2413745202395257,-2.7484469471608408,2.3034438405889262,-4.1576147236663754,4.4667433661810696,2.0426279833801382,0.525515801647,0.140943413903,6.3274058906364916e-06,0,3.1637029453182458e-06,52,1,1,1,0,0
329,0,-3.8553880522615382,-6.2831853071795862,-1.9207493316175908,6.2831853071795862,-2.2963602438206734,-5.4631002760534653,323.874340532,6.51865967649,0.11783867331630198,0.015137999999999999,0.058919336658150988,60,0,0,0,1,3
330,0,1.3954174884788346,-3.6703262350240946,2.7646716590441045,0.57953437186222923,-4.4729406184438485,-3.1842114771262238,1.75801529691,0.00774630952231,3.1088964472325105e-06,0,1.5544482236162552e-06,10,1,1,1,0,0
331,0,3.1278383240825418,-5.429576550049954,2.6790683361337657,-1.5232530209985424,-2.3865104425699997,5.1256507571316288,1.96318559781,0.988703200791,0.00030162798839017727,0,0.00015081399419508864,54,1,1,1,0,0
332,0,6.2831853071795862,2.2458777202042186,2.9148228099073736,2.8373476438654701,-2.1448091626997727,1.1119584204165052,3.06329173988,0.427610051368,6.5083159944803238e-05,0.0075689999999999993,3.2541579972401619e-05,55,1,1,1,1,0
333,0,5.0584417103079717,-3.978919137570573,2.3917268552956692,-6.2831853071795862,-1.8862406002393053,3.1106360798055546,148.806665554,57.1881927773,1.018391464088225,0.0075689999999999993,0.5091957320441125,60,0,0,0,1,3
334,0,4.2413821268020904,0.12674944824371578,-0.16872469453847272,-4.3580071114832926,5.3150539830221106,4.6673601736869887,177.894763661,0.219199181108,0.031661183281537761,0,0.01583059164076888,60,0,0,0,0,3
335,0,5.7464794822709893,0.67609165048432263,-2.0782808207671297,-5.8913130583000237,2.5127941911090761,-2.2971519897284054,0.137665127645,0.452876648819,6.2495149543069175e-05,0,3.1247574771534588e-05,21,1,1,1,0,0
336,0,-2.8659981384629778,-0.03552639648749438,2.4790214168253524,-3.0640458902196288,1.7410143620247336,6.2831853071795862,0.861538587164,50.1722254029,0.76679961293680565,0.0075689999999999993,0.38339980646840283,60,0,0,0,1,3
337,0,-2.195557031259233,0.085478469614865091,0.83148141849084944,5.9468244472182095,4.017295771636201,-2.8482041494025818,0.277703440378,0.228256092867,1.5947943847754976e-05,0,7.9739719238774881e-06,17,1,1,1,0,0
338,0,0.80443581005652454,-2.7095143139038202,0.31297488965721321,1.3164038115646095,1.8390875189344336,3.7642505674578106,150.204130452,0.243889807423,0.022579400130860936,0,0.011289700065430468,60,0,0,0,0,3
339,0,-0.64808034740990428,0.41471888842139171,-0.25893341494127337,-3.6090725634393848,-4.2614952424714261,-0.13635223339649813,104.807713675,0.144005420913,0.010990973868177175,0,0.0054954869340885877,60,0,0,0,0,3
340,0,-3.7089668630198713,5.5151721967442349,-0.50250590789426008,1.7816457863356605,-1.7851067588111789,5.0925798543491982,0.682357997282,0.635516412299,0.0001234948341570906,0,6.1747417078545302e-05,36,1,1,1,0,0
341,0,-3.3292388653116776,-5.2139498732757596,2.2029528593775618,-2.8181092350390031,-1.4914698548622822,-6.2831853071795862,10.3738190237,56.946849567,0.98796475109763471,0.0075689999999999993,0.49398237554881735,60,0,0,0,1,3
342,0,3.9444004077240415,0.92077507144962789,-0.81004638368773674,-4.2374209011751738,-2.2962324259310622,3.2141412346417018,0.0174890275338,0.484912776522,7.1628168055906023e-05,0,3.5814084027953012e-05,9,1,1,1,0,0
343,0,4.0237945288054453,3.267563792974935,-1.4445941913547289,-0.015514499859215051,2.8977381598458645,4.2647049305108302,0.0236494711748,0.527947912556,8.4906267601497822e-05,0,4.2453133800748911e-05,25,1,1,1,0,0
344,0,-5.9793315045282416,2.6371035575678801,-2.8954889699808417,-5.9809020657472693,-5.6224131554185375,3.0798380864440085,756.954591429,27.355708932,0.80093607280156587,0,0.40046803640078293,60,0,0,0,0,3
345,0,-0.068428091625908696,6.2831853071795862,1.3193423397732558,-6.2062207196277477,5.8575312795262002,5.0542959490837003,817.255060488,41.8116673833,1.2004427376811955,0.0076697095030047128,0.60022136884059774,60,0,0,0,1,3
346,0,0.067874929622603788,3.0496914940828828,-1.7451526619398725,3.9555915163940143,-5.812018405516346,3.9118758573413817,1.66489727726,0.446811938633,6.3585981376589187e-05,0,3.1792990688294593e-05,19,1,1,1,0,0
347,0,-1.6514490359891518,-1.0640181145360601,-0.26500655607507012,-4.2356180614692667,4.0894753149494667,-3.5374514500566292,202.615465317,0.564330387684,0.041150037925495681,0,0.02057501896274784,60,0,0,0,0,3
348,0,-6.2831853071795862,-2.8553314321171688,2.6674599444729239,-6.0618769624761155,5.0621810692058009,-2.5950813687855163,265.459083363,15.701412187,0.14556718090062326,0.0075689999999999993,0.07278359045031163,60,0,0,0,1,3
349,0,3.3331227823487066,0.66717355556003899,-3.1263882105248859,6.2831853071795862,0.057758407750998879,-6.2831853071795862,858.320796829,21.221454454,0.87389908460958288,0.020292601995620149,0.43694954230479144,60,0,0,0,1,3
350,0,-3.2588695918333985,2.9714781121774481,-0.24864866015424716,-4.8226506998518293,-4.7802948942352472,6.2831853071795862,23.2693766446,7.82679717383,0.019201947472329759,0.0075689999999999993,0.0096009737361648795,60,1,0,0,1,2
351,0,2.1615666427054432,-1.9204604787213413,2.1109104929597162,-2.3733628068690518,-5.154270211755529,-3.9600262471169843,0.224534041489,0.647477529662,0.00012775430870497689,0,6.3877154352488444e-05,31,1,1,1,0,0
352,0,-4.6454013395937146,-4.9273838745450798,-0.70670561257953057,-5.2990693050554869,-1.4979886095543442,-0.12041028595791789,4.64291123219,0.176617054301,3.105873374236236e-05,0,1.552936687118118e-05,25,1,1,1,0,0
353,0,2.0430429235529153,1.2195869604132319,1.8117528246618217,-4.3098008357304947,1.9847853921558805,-3.643701008238708,0.0658449506298,0.0926108830127,2.616970826845717e-06,0,1.3084854134228585e-06,21,1,1,1,0,0
354,0,-6.2831853071795862,-0.26937865758825796,-1.7035125220853304,-2.8449305049115607,4.8721525599348441,6.2831853071795862,415.465535843,49.0598032277,0.9057844021038356,0.015137999999999999,0.4528922010519178,60,0,0,0,1,3
355,0,2.0231262893569633,3.9168395192179903,2.5512017199278665,1.267716054757114,6.0648534000421694,5.2431122549401703,81.5682105097,0.225111115883,0.006668809457916744,0,0.003334404728958372,60,0,0,0,0,3
356,0,-0.50257014049826987,-3.7315447580448695,0.73196457344073906,5.8709680064181331,-2.1153561899350786,2.2276678328131698,0.0987813290468,0.322774954114,3.1745918795830673e-05,0,1.5872959397915336e-05,11,1,1,1,0,0
357,0,-4.4077006829967349,6.2831853071795862,-3.0913772812028921,-6.2831853071795862,-1.3146685060137715,0.19941723593734159,965.02715299,57.2034764521,1.928058016657259,0.016491108828634363,0.96402900832862948,60,0,0,0,1,3
358,0,2.7809406358462656,-6.2831853071795862,3.0211619232006885,6.2831853071795862,-1.5911953416085833,4.6045364764310444,785.237944828,36.2748109368,1.0174330893625678,0.015137999999999999,0.50871654468128391,60,0,0,0,1,3
359,0,6.2831853071795862,-0.070960694559266319,-3.1415926535897931,6.2831853071795862,-3.6795661232498591,3.2569882484190442,240.929787352,30.218377546,0.33620866334327332,0.022706999999999998,0.16810433167163666,60,0,0,0,1,3
360,0,-4.9945474149030886,1.3781047140303881,2.6565258397060334,5.0036629202446177,3.6858365243839915,0.6726424690817554,0.195308446998,0.24777611902,1.873952421327252e-05,0,9.3697621066362598e-06,42,1,1,1,0,0
361,0,-2.3020691587216069,3.9482336973071988,2.3416757707688429,6.2831853071795862,4.632068440588105,4.3408399239511626,7.45672017955,2.78635006545,0.0024205751595848461,0.0075689999999999993,0.0012102875797924231,60,1,1,0,1,1
362,0,1.7898404579946565,3.032295721806368,3.073750615923954,-2.4086406326137788,0.36106614639485834,2.8755609280756929,1157.31695024,55.5529084645,2.2794701525555228,0.00036702752079712859,1.1397350762777614,60,0,0,0,1,3
363,0,1.1603147088148922,0.43703316911235157,2.151982577478885,-6.2203448844301992,-4.7269279140376366,-2.2897609990033989,186.088037851,28.8489311763,0.28814990446073235,0.000583685172928334,0.14407495223036618,60,0,0,0,1,3
364,0,6.2831853071795862,6.219298951169816,-0.0065897614546578378,0.62821266889301097,-0.86469178168157812,0.84303706205624063,60.9627196153,6.70709875801,0.01741972073920392,0.0081032405385070838,0.00870986036960196,60,0,0,0,1,3
365,0,1.8691484611628937,6.0694332697274325,-0.81494637101863132,-3.9024738377815416,-1.6632911462882962,-0.52387413022814133,1.08982930888,0.016332767505,1.2689874504583848e-06,0,6.3449372522919242e-07,58,1,1,1,0,0
366,0,6.2831853071795862,3.573368001256334,2.776153273525038,-6.2470706881377538,-0.74105163823128262,-0.75051744441604373,312.527165331,0.849685408267,0.097893152274800194,0.010158321995257841,0.048946576137400097,60,0,0,0,1,3
367,0,-6.2831853071795862,5.6322291772141746,3.1415926535897931,3.1031998747411635,-3.0365624554438648,-5.0344725415163696,158.483048224,53.6138771318,0.90072375515160308,0.015137999999999999,0.45036187757580154,60,0,0,0,1,3
368,0,-3.0460666330815163,2.1958207445649629,-1.8440763872505539,-3.5583291403005268,5.4854373936971195,3.332956091356547,0.016717939162,0.769070857417,0.00018017233981396157,0,9.0086169906980783e-05,12,1,1,1,0,0
369,0,-6.1641803972838609,0.37752532412969247,2.7394802424423754,2.8431940528858326,-0.0053780397172326572,1.8224660771556414,322.304733226,0.219533590011,0.10389502209541245,0,0.051947511047706223,60,0,0,0,0,3
370,0,-2.5866434047869169,-2.2995168546693709,-1.1885240433761852,-6.2831853071795862,5.2147526843928178,-3.6070474997222557,119.000125313,34.5386679657,0.3775451157721611,0.0075689999999999993,0.18877255788608055,60,0,0,0,1,3
371,0,5.0827445574346495,-2.2906753805708222,-1.3431626703857964,-0.79735398889290754,-0.033608907116736232,2.295411752219378,0.617656215196,0.0760576765888,2.1436409628315312e-06,0,1.0718204814157656e-06,17,1,1,1,0,0
372,0,3.6333349500957333,-5.3603246692455198,2.6505184851313812,3.7245493009312565,5.2564196380042594,-6.2831853071795862,0.929021465637,53.9854206242,0.88778568168990191,0.0075689999999999993,0.44389284084495095,60,0,0,0,1,3
373,0,6.1890234863970335,-2.5757655790035621,3.0880754983596654,-3.5094178121157626,1.9928641242904339,4.9600631850954064,76.44143804,3.46744685802,0.0095057658684425585,0.0011211008938833659,0.0047528829342212793,60,0,0,0,1,3
374,0,3.2504407007715774,5.0927942845578142,-2.3542492505229369,3.5113268684610088,1.3433156699608575,2.8799309055376363,0.488888739446,0.201118218072,1.2560341369776842e-05,0,6.2801706848884211e-06,12,1,1,1,0,0
375,0,-3.7407837458111008,2.9756626692105188,2.9853626919739722,1.8309912671319237,-1.3438716366142924,-0.6549143635940966,0.768660708051,0.0443191453553,1.1891647518877207e-06,0,5.9458237594386036e-07,20,1,1,1,0,0
376,0,-3.9311131595791906,3.4707841138384747,-1.5027007659936702,2.5061542111001809,-4.4665341965147416,-3.98684538048624,0.0954242948948,0.0487033538388,7.3166339533131949e-07,0,3.6583169766565974e-07,19,1,1,1,0,0
377,0,6.2578343717739635,-1.2291596113218799,-2.8565392349095693,0.91872603179822676,-1.2501245307741147,-4.5644856008728558,0.0108685907214,0.584346048261,0.00010401487492631041,0.0038006071653617014,5.2007437463155204e-05,45,1,1,1,1,0
378,0,-1.220769038553297,-5.0570037560837662,2.9442194877851984,-6.2831853071795862,2.9961955363530954,-6.2831853071795862,1107.76010692,57.1483023318,2.221991154999722,0.015137999999999999,1.110995577499861,60,0,0,0,1,3
379,0,-3.8226551440094729,-1.5213034450857614,3.1415926535897931,3.5773761308334979,-6.2831853071795862,2.8884918103272805,147.729311711,1.61416184424,0.022617635849029604,0.015137999999999999,0.011308817924514802,60,0,0,0,1,3
380,0,4.9629464266908663,-3.0540510296024825,3.1415926535897931,-2.1843724371837645,-3.7335459020437787,0.32062864941768349,189.003484756,2.75865058564,0.038040502437177173,0.0075689999999999993,0.019020251218588587,60,0,0,0,1,3
381,0,-4.7605749954062011,0.69535838637712011,-1.236473213367008,-5.4503898060813718,-5.0921182586662095,-5.0477022080472986,0.020365972647,0.622424245466,0.00011801284073943172,0,5.9006420369715861e-05,25,1,1,1,0,0
382,0,-5.3900924401348655,5.9227292747473976,-3.072038826053002,3.5920965397274451,-4.3268818794564732,4.7323371028720036,234.087392778,21.1150287466,0.19060889008306897,0.00030436893361602939,0.095304445041534486,60,0,0,0,1,3
383,0,0.37748224741285202,0.54991155964493654,0.70067630823919036,-4.2399791866661785,0.45346457031188148,5.0695532814437394,1.10081074358,0.106339895139,4.6564508658112917e-06,0,2.3282254329056459e-06,13,1,1,1,0,0
384,0,6.2831853071795862,5.0470327330001519,-2.6778454393462083,3.137745410240214,2.0523596055980398,4.9086397344555852,1.70350461945,0.863391813503,0.00022997758952448427,0.0075689999999999993,0.00011498879476224213,23,1,1,1,1,0
385,0,4.0809708634536648,2.5444741812928298,-3.0074062215389574,3.6034630405502259,5.9220135385204404,2.5039249370281889,999.986655218,40.6876318425,1.5042623878395209,0,0.75213119391976047,60,0,0,0,0,3
386,0,3.4956013136512736,-2.6696538391852895,-1.8265239777467699,-6.2831853071795862,-5.9023523284661819,-2.0791822008922454,31.0034746751,53.0800873844,0.85921947874846349,0.0075689999999999993,0.42960973937423175,60,0,0,0,1,3
387,0,4.5099714398575586,4.2675004763154352,0.55644418012320174,-6.2831853071795862,-4.5784072442006067,-5.0974250812063504,0.37280932378,0.0325425749029,4.6158248241233573e-07,0.0075689999999999993,2.3079124120616786e-07,57,1,1,1,1,0
388,0,-1.0059828712740444,1.0348961345146563,-1.4717940893294454,5.0650022639684904,-5.3333223172890545,5.6409247837732934,0.094254438755,0.154986962327,7.3260862957047365e-06,0,3.6630431478523682e-06,34,1,1,1,0,0
389,0,0.22409665773949161,-1.7516671391305891,-2.5831222206393343,-3.6694954641186399,-1.2915840727208958,5.7332054415597344,0.0136800304483,0.857948568298,0.00022422168160981902,0,0.00011211084080490951,22,1,1,1,0,0
390,0,-5.798550092480359,2.4268414153550646,-0.34988802450358886,6.2831853071795862,3.1273927835213504,2.9795180672310271,4.88190036435,0.530754132639,0.00010964366288151757,0.0075689999999999993,5.4821831440758787e-05,23,1,1,1,1,0
391,0,1.8661202381899662,0.81667541262429133,-2.4918244102511289,2.5430985008631484,3.6506018610108297,-0.99918075348703528,0.0113633246778,0.500554432202,7.6323467416541664e-05,0,3.8161733708270832e-05,46,1,1,1,0,0
392,0,5.5276538845931444,-5.2718366077474643,1.0305525836583869,3.4545595419749326,6.2831853071795862,-1.0276477225594125,524.80636676,53.4118810035,1.144443141515084,0.0075689999999999993,0.57222157075754199,60,0,0,0,1,3
393,0,-0.24254891962909766,6.2831853071795862,-3.1415926535897931,6.2831853071795862,3.4873685780757984,-2.7009804102527144,513.371887414,19.9731752045,0.38507102989532993,0.022706999999999998,0.19253551494766497,60,0,0,0,1,3
394,0,-2.5205066892959023,3.2863581373517814,1.287881971292093,-5.4496688782364364,2.3626594409469144,1.7754692919774471,0.0203587450271,0.375368150939,4.292138931426103e-05,0,2.1460694657130515e-05,14,1,1,1,0,0
395,0,-0.10698134692295491,-0.8314185542085758,1.3073543163327492,4.9351101534996307,1.2362539607165968,-2.0150757802797785,0.142638148397,0.0616500488,1.1781137555511436e-06,0,5.890568777755718e-07,16,1,1,1,0,0
396,0,-4.6455660664952765,1.9068476578330691,-2.7401133996759182,3.6081968759343033,3.6517642054442572,-3.7470906705870237,230.191600859,40.4806818168,0.55216035252828266,0,0.27608017626414133,60,0,0,0,0,3
397,0,-2.711488675679917,3.8945087804496366,0.29839183450112949,-5.8853599608151255,-4.3224584445964549,0.99463854254530903,0.180982629805,0.0385326443222,4.8503989763549399e-07,0,2.42519948817747e-07,23,1,1,1,0,0
398,0,-4.8705236252556405,-1.3826943292826286,0.17978774481752335,1.7286683246828713,-1.7043188114283365,0.016528555066336135,169.186124705,0.357798391105,0.028662941819944134,0,0.014331470909972067,60,0,0,0,0,3
399,0,0.29296778763532466,2.5898149276655742,2.0794764456531172,1.375721220791112,1.0195111719496799,-2.6532325341088114,0.619818675129,0.106509661703,3.8398490332881737e-06,0,1.9199245166440868e-06,6,1,1,1,0,0
400,0,-4.9882218622482677,3.2730355407946203,-3.1188290845292941,3.4467268772847661,0.54683538297212109,4.2734477937876276,81.6220315615,10.827697452,0.04237520749676392,0.0041263190598452761,0.02118760374838196,60,0,0,0,1,3
401,0,-0.55260672603970984,0.49689489383882263,-2.5897474372342155,1.7952568815903762,-2.6872054786547044,-2.7801784464179353,0.429451450765,0.0471270082597,8.6097010195151685e-07,0,4.3048505097575843e-07,11,1,1,1,0,0
402,0,-2.7176524853838617,6.2427185883501268,-3.1415926535897931,1.1401700126964378,0.44351036644105424,6.2831853071795862,1079.97738105,57.0349443435,2.1572670031923278,0.017303346256496585,1.0786335015961639,60,0,0,0,1,3
403,0,4.5235175974060091,-4.5878868237807566,1.0580194186240186,-2.6053154298682366,-5.2903206762395101,-1.5323261945697433,0.00354670489047,0.84580938169,0.00021792133777470823,0,0.00010896066888735412,16,1,1,1,0,0
404,0,-1.0952189345360859,6.2831853071795862,-3.1415926535897931,0.88933193626230311,-6.2831853071795862,-1.7109407119224544,878.843115433,56.8423424586,1.7565999133539212,0.022706999999999998,0.87829995667696059,60,0,0,0,1,3
405,0,-0.44375317393068286,-2.8537594158051203,0.0050482249023245385,6.1871561413456222,-3.4442064134308916,4.8955562724364912,54.017835931,9.8540729072,0.032497116629168064,0,0.016248558314584032,60,0,0,0,0,3
406,0,0.061113889127482633,-5.879269696988656,-2.1845607681573513,6.0949666029498966,6.2831853071795862,-2.9055857227588477,3.23583024834,0.264860201238,3.1839791530790718e-05,0.0075689999999999993,1.5919895765395359e-05,30,1,1,1,1,0
407,0,1.0434121885923948,-5.2139763237030738,1.8644186531179558,-0.99157902834217249,-0.77390777923467391,-3.622109572983581,0.017969786667,0.685728986386,0.00014323881846702065,0,7.1619409233510326e-05,9,1,1,1,0,0
408,0,-0.84634374172932159,-6.0775784388641405,-0.10930811827480519,6.2052367227248624,-3.527218213030384,-4.0092585115941688,4.45532052242,0.569597342916,0.00011868030178192493,8.192812337326651e-05,5.9340150890962463e-05,44,1,1,1,1,0
409,0,-1.2519340984905554,3.8687098893466341,-1.9282421596901085,-4.4302211348669349,4.8932151594805582,0.0027025468131784093,0.0157666388986,0.802405022818,0.0001961293381512056,0,9.8064669075602798e-05,16,1,1,1,0,0
410,0,-0.051150688366881886,0.13635688642854663,1.9540869364542424,-6.2176651055892158,-2.734632837245969,1.4651971435852029,0.129399765284,0.775588556131,0.00018325557847505093,0.00046138173971832519,9.1627789237525467e-05,36,1,1,1,1,0
411,0,-2.9156727171676717,3.9567473917814695,1.169946930832571,2.6743256904187258,-1.6586353702908698,4.6360110754504911,1.91240226221,0.0891580183256,6.0787326548150719e-06,0,3.0393663274075359e-06,35,1,1,1,0,0
412,0,-2.085946551528385,5.3657299521266246,-0.0017353203163784636,-4.9459037994021262,-1.5553601813335227,-3.2147303053223397,164.66737757,5.31791802042,0.035730002653014993,0,0.017865001326507497,60,0,0,0,0,3
413,0,4.8328749036260286,1.3067438783629775,-1.4910467328415853,1.2883255230245527,4.489777316245168,-2.4953840263274394,0.499910691658,0.278889945885,2.3942932347216801e-05,0,1.1971466173608401e-05,13,1,1,1,0,0
414,0,2.1743235074611764,5.9330090260127157,2.5607476655349526,-6.2831853071795862,4.7701766729027444,-6.2831853071795862,9.03925363868,11.9975521733,0.043928722765152015,0.015137999999999999,0.021964361382576007,60,0,0,0,1,3
415,0,-1.2038933806323258,0.75773419415965737,1.3901698006696352,-3.9784409298483863,-4.3537137033432565,-1.1124385773952279,1.30264148428,0.124373133931,6.4089031424158944e-06,0,3.2044515712079472e-06,15,1,1,1,0,0
416,0,-0.26265155644504273,-1.5630533751929523,-2.2413816156377222,2.5704234832005741,2.0172026987403893,4.325461525434128,0.0801135217582,0.544982258253,9.0479516539100242e-05,0,4.5239758269550121e-05,50,1,1,1,0,0
417,0,1.0059987742061658,2.3672329080571362,-2.4724902992282147,-3.1925479356985789,4.2411852748538204,6.1007851029208879,27.2145278541,37.095978068,0.41992819205260307,0,0.20996409602630153,60,0,0,0,0,3
418,0,-6.1927089418553676,-5.5022497847331628,-2.448559736759393,-2.4135266058886544,-2.4706633397225466,-3.4376023234895361,0.0161715375752,0.922349698384,0.00025914712411250786,0,0.00012957356205625393,33,1,1,1,0,0
419,0,3.6061848039910283,-4.1832931914073113,2.8507327018627806,1.1338828134063756,1.4791426670746814,3.0795287088877252,0.201532291416,0.671152493353,0.00013725421281088804,0,6.8627106405444018e-05,9,1,1,1,0,0
420,0,-5.5907099231057495,-4.8258786030927929,2.1043602979326836,-2.7852560452633908,4.5914658925240044,-4.6678812412531396,0.464526775004,0.00978857819051,2.4497242750145009e-07,0,1.2248621375072504e-07,9,1,1,1,0,0
421,0,-0.24902801731199764,-2.1390079781077578,-2.4601896016902152,-2.8647118599683847,2.6286490598326182,4.687964309007282,0.127817060349,0.20288463957,1.2555053343343005e-05,0,6.2775266716715026e-06,18,1,1,1,0,0
422,0,-2.7848265243208408,-2.2721087141976128,-2.5662277356756928,-2.1687572151015355,1.5951125471429699,-3.7454443343490236,0.0463788574755,0.432690420417,5.7032928924144967e-05,0,2.8516464462072484e-05,15,1,1,1,0,0
423,0,3.1589767910268152,1.4688371228189672,0.71139558406984849,6.2027356341446058,2.7455776666357092,1.0068195267587214,0.65381912973,2.19784387202,0.001471887313123231,4.2906783348662716e-05,0.00073594365656161548,60,1,1,0,1,1
424,0,-3.0682474544028482,2.4832868173342808,-3.1415926535897931,-2.1820435836009375,0.53674341427519889,1.1672814958711972,108.149872933,0.543180062081,0.011786270733952662,0.0075689999999999993,0.0058931353669763311,60,0,0,0,1,3
425,0,6.2831853071795862,-0.33518951531583296,-2.4876993574255675,-0.33537625390297632,2.1367109267369955,5.068688401193671,1075.64791456,31.2149963395,1.4538303380520787,0.0075689999999999993,0.72691516902603937,60,0,0,0,1,3
426,0,-3.9930906448365189,0.69424814215343444,3.1415926535897931,-2.5844470863566151,-6.1578632525454049,6.2831853071795862,199.01369337,23.8932700546,0.21350898750105859,0.015137999999999999,0.1067544937505293,60,0,0,0,1,3
427,0,6.1758514241655966,-4.1016391763435855,-0.031590685090808479,-5.7709953390511091,2.5198768791219295,-6.2831853071795862,149.522961234,0.774670645843,0.022539921299986779,0.0075689999999999993,0.01126996064999339,60,0,0,0,1,3
428,0,-1.1694688496981782,5.0619576035228544,-0.71666446201245992,-1.1941811288076094,0.68409828629432068,-1.5263315272636306,350.476219473,19.0086631147,0.23290077137507387,0,0.11645038568753693,60,0,0,0,0,3
429,0,4.222651372794437,-1.2587376518054842,2.516197842273332,4.2073243764518118,5.1233520176193199,-6.2831853071795862,0.0232721591841,0.460323916126,6.4548396436258664e-05,0.0075689999999999993,3.2274198218129332e-05,17,1,1,1,1,0
430,0,6.2023520195227775,3.0111389901573165,-2.4296039881864084,0.92928371171163315,4.267105282356046,-5.1787951241527006,0.0917403477758,0.00274928964139,1.0718770669035008e-08,3.8028341123667246e-05,5.3593853345175039e-09,13,1,1,1,1,0
431,0,-1.915195327281054,3.5478337290318556,-0.27030856969993255,2.9854203102966568,-5.282100722805037,-1.0877393492409848,121.027744876,0.169919454322,0.014656510133116772,0,0.0073282550665583861,60,0,0,0,0,3
432,0,-6.1072044840107189,3.0072594062047986,-1.4717443275527144,1.4529019107849872,5.304624792319327,6.2831853071795862,0.528681428306,0.863231520269,0.0002272708578323239,0.0075689999999999993,0.00011363542891616195,12,1,1,1,1,0
433,0,-2.008810619473087,1.4477581179299213,-1.6218326204399538,6.2831853071795862,4.412677887058253,3.7367013913064993,11.5794816679,3.90017195596,0.0047677239297409879,0.0075689999999999993,0.002383861964870494,60,1,0,0,1,2
434,0,-3.3041724737577431,-6.2831853071795862,1.9794177498450145,6.2831853071795862,3.6306663277097306,-5.22476751379065,1227.82116288,0.297052711437,1.5075716875445879,0.015137999999999999,0.75378584377229396,60,0,0,0,1,3
435,0,1.7869835513324237,-6.2831853071795862,1.9328308794191849,1.421733572287418,-4.6188471668969537,-6.2831853071795862,177.395664069,38.4608889882,0.48207148812115208,0.015137999999999999,0.24103574406057604,60,0,0,0,1,3
436,0,-3.1055102554274119,-3.1123567379885544,-0.21943171492141644,-4.4631876246322379,0.30474467590606075,-3.7324704024165354,86.4020845962,0.00133616963807,0.0074653207664236955,0,0.0037326603832118477,60,0,0,0,0,3
437,0,6.1298407186575936,-1.3198462277903202,1.6903190160193793,5.02740971396525,1.403088979296905,-1.1432404594781069,0.426114141245,0.115930825171,4.2756180486202911e-06,0,2.1378090243101456e-06,27,1,1,1,0,0
438,0,0.40144042243451122,-0.85147554176248907,-1.8498460140209643,2.491422758164882,5.257158882287257,0.27084765234009184,290.880926529,50.4202736707,0.85901133556317544,0,0.42950566778158772,60,0,0,0,0,3
439,0,-3.3889988194721354,-1.4043934986263877,-2.6462942811514418,-2.0292870154604801,-4.9971605440167668,2.3130486795682024,0.309996745739,0.742124395183,0.0001678637209262025,0,8.393186046310125e-05,9,1,1,1,0,0
440,0,1.3677802073119629,-0.82728024713677262,-3.038586164364093,-1.3053143435743502,4.6984768040952929,0.81789811696587444,1.56007147312,0.261007701359,2.3185890867956769e-05,0,1.1592945433978384e-05,17,1,1,1,0,0
441,0,-1.3518995313197202,-4.7669316884902448,-3.1415926535897931,-4.5665634369005126,1.6038667852636199,5.1205890692952973,121.160651709,7.16341170321,0.030311184127855221,0.0075689999999999993,0.01515559206392761,60,0,0,0,1,3
442,0,6.105782161652848,0.94212006091420963,-1.6479556576658727,5.4221425725972985,5.421282750506311,-6.2822550496302938,0.0551876936016,0.678698731175,0.00014031956715308363,0.0074080005655311311,7.0159783576541817e-05,53,1,1,1,1,0
443,0,3.2732533882781629,-3.8765206794785128,0.17327034193059371,-4.3488478891353699,2.690661058748693,-4.7476168373488399,1.0251223136,0.0333227390675,1.3891244452727717e-06,0,6.9456222263638587e-07,17,1,1,1,0,0
444,0,2.2211664243368578,-1.9221065690473393,-2.7651534061299605,0.33425416049943329,4.1649782989986388,1.7310226937702582,0.00906826423493,0.900209249057,0.00024685493923233152,0,0.00012342746961616576,18,1,1,1,0,0
445,0,2.1354521063624192,-6.2831853071795862,-1.0292363925275456,6.2831853071795862,1.2254616467883241,6.2831853071795862,425.796962054,45.8733398667,0.8223287748415693,0.022706999999999998,0.41116438742078465,60,0,0,0,1,3
446,0,-2.8239292753349998,1.5018446029468768,-2.5833434371421293,-3.2763215405390702,-1.8472625830479916,-1.5061282998850565,0.151045407533,0.0978384643391,2.9387238744455549e-06,0,1.4693619372227775e-06,10,1,1,1,0,0
447,0,-1.7805587316932903,-1.7061989949169192,-2.734506223902299,-1.223771199008117,-3.751574606814037,-4.4907823702773646,0.118387971646,0.264642529378,2.1348100299374203e-05,0,1.0674050149687102e-05,12,1,1,1,0,0
448,0,2.110887122608712,-0.11578102962090309,1.7388929500509922,1.0066159042446012,4.3204119702391495,-5.6571337460754982,0.212435379309,0.612600744292,0.0001143618541450706,0,5.7180927072535301e-05,9,1,1,1,0,0
449,0,-6.2831853071795862,6.2831853071795862,-3.052160822108319,1.3199724436221156,2.7343528501457133,3.9623303919442665,871.30855922,22.551166453,0.91409335030742345,0.015137999999999999,0.45704667515371172,60,0,0,0,1,3
450,0,1.3707287581671646,-6.2831853071795862,-1.7666151395542626,6.2831853071795862,-2.8013187472003698,0.15917307124133134,346.293849323,1.51455126403,0.12061818147832498,0.015137999999999999,0.060309090739162491,60,0,0,0,1,3
451,0,-5.6440621811440517,-4.9159677613826025,2.5094305973124893,-5.3615585862971304,-3.6563505901040623,-2.2846726697487107,1.36055392259,0.160603477347,9.7082493678402072e-06,0,4.8541246839201036e-06,38,1,1,1,0,0
452,0,3.5864392469623718,-3.0590666560547448,-0.68970464977084422,1.8252218937869893,0.86366374375127997,-4.4893996098963207,1.74490643369,0.260726374145,2.3752055195338137e-05,0,1.1876027597669068e-05,17,1,1,1,0,0
453,0,3.4850189004265322,-2.9815050713232836,-1.8630727418700463,-6.2831853071795862,4.0222081485050927,-2.3077825492426531,2.63768913468,0.742509529012,0.00017489920189999844,0.0075689999999999993,8.7449600949999218e-05,23,1,1,1,1,0
454,0,2.3739500587307094,-1.7293241450897092,2.5715779635959581,5.9818230301317037,-2.3637306411530674,-1.6411962639603679,0.0182543171441,0.930807255471,0.00026392151968746474,0,0.00013196075984373237,27,1,1,1,0,0
455,0,-2.7962822167457824,-1.1123319048288069,-2.2755605618393293,-3.0758028461533162,3.2903738902528339,-4.8619660319949416,0.0307069908879,0.788294322753,0.00018929262601911112,0,9.4646313009555559e-05,27,1,1,1,0,0
456,0,-0.67306144769924647,6.2831853071795862,-3.1415926535897931,3.2069594635535164,1.7908408310832749,0.02662728597015486,956.040864962,1.87402599258,0.91508394375943114,0.015137999999999999,0.45754197187971557,60,0,0,0,1,3
457,0,4.9957573049404784,2.6768172594680384,-3.1415926535897931,-1.2656750939778014,1.7582698099964698,0.22055311074323761,18.5333503827,0.231400439485,0.00035979617054035664,0.0075689999999999993,0.00017989808527017832,60,1,0,0,1,2
458,0,3.9196701534093878,1.7049530935135764,-1.4286765292258068,-2.2026134547097702,-3.775554977679723,-4.587874724298568,0.129950647484,0.323091484927,3.181532317419077e-05,0,1.5907661587095385e-05,27,1,1,1,0,0
459,0,-3.8798310468556383,-4.8819973546658924,-1.3595339641821977,-5.2627989926096141,-1.703237368553135,-0.25189808191521618,0.0139877246048,0.0894094360837,2.4353217066798354e-06,0,1.2176608533399177e-06,23,1,1,1,0,0
460,0,4.6268439543850102,-3.9428567438156885,-0.080578989707243587,2.6560609690058592,1.6585355639414385,-0.38701713092993989,134.63120945,3.44121476888,0.021732829579949341,0,0.01086641478997467,60,0,0,0,0,3
461,0,-0.77115250949096004,1.8431931602978526,-0.52732579334948415,1.5972102658370253,4.6394225140449743,2.6485807170766011,329.410671857,53.232749088,0.97171356391686303,0,0.48585678195843152,60,0,0,0,0,3
462,0,-5.2134305602917026,3.6458529801074886,-2.2574375090107965,-0.10679870480079161,-1.5659578782782506,-6.02689832847717,0.100502627825,0.13855875149,5.8583067238287119e-06,0,2.9291533619143559e-06,21,1,1,1,0,0
463,0,4.9584036841516657,3.8559431982847312,-2.4613021670192188,3.0433422582494725,1.7731301476997128,-1.2704284188658042,0.0714809853717,0.973689022492,0.00028880384190765261,0,0.0001444019209538263,42,1,1,1,0,0
464,0,1.0427106901261882,5.6986613581106962,-3.0739507641780301,3.6856962471593699,3.6963481769157491,-1.2586108699637208,344.659556596,56.6762169476,1.0972803263371638,0.00037473644554641446,0.54864016316858188,60,0,0,0,1,3
465,0,3.0638307968436589,5.7960694014980128,0.23193698696176929,2.0640593924818642,5.4388352296827112,-2.0146315065074489,29.576257847,0.000168855363315,0.00087475503691821757,0,0.00043737751845910879,60,1,0,0,0,2
466,0,0.74964692839634262,1.5746798456408353,-1.9522200274678192,-6.2676575334047842,0.37509140439289101,3.3365962335791717,1.33295493115,0.159093240822,9.4868365699676474e-06,0.0051082791215858684,4.7434182849838237e-06,22,1,1,1,1,0
467,0,1.1793060957935093,3.1234318919915025,-1.7183431427388527,-0.73621140157371112,-1.2612389692388011,0.87401305361964121,0.0141611244376,0.527039712003,8.4614042601793729e-05,0,4.2307021300896864e-05,12,1,1,1,0,0
468,0,0.56115826459302109,5.4217995078918575,0.93436587837409979,-2.1092849782614809,-4.638374987559855,-1.6578337086540034,3.61714967432,0.137504460309,1.8843318504507456e-05,0,9.4216592522537278e-06,11,1,1,1,0,0
469,0,3.714079074321357,-5.8190115532155255,2.1402021257796786,-3.7754550709963959,6.2831853071795862,5.8880917774098664,353.044277299,53.3298669306,0.99099496061154979,0.0075689999999999993,0.4954974803057749,60,0,0,0,1,3
470,0,1.184490802628223,-2.95926372398162,-3.1415926535897931,6.0031541811195472,6.2831853071795862,-2.4762027897318917,82.2906633052,25.6796070271,0.20764933992767931,0.015137999999999999,0.10382466996383966,60,0,0,0,1,3
471,0,0.78901859657660989,-0.59253958042636823,3.1400635355872226,0.32535618622481804,5.5405625768265283,-5.3651277593503934,17.3860989775,0.0630628871153,0.00030348787911963599,0.0073052716694185183,0.000151743939559818,60,1,0,0,1,2
472,0,3.7135473056634178,-3.0797049218011683,-1.587657120982626,-0.26441329537608127,4.6632422713035968,3.6183343973835989,1.54939866464,0.208323601215,1.5620643190397853e-05,0,7.8103215951989266e-06,12,1,1,1,0,0
473,0,-5.1116993244726796,5.100004639016956,-2.4802649362220714,-6.2831853071795862,-2.4254662118134984,-6.1073092700332987,2.98270524966,0.963832517714,0.00029187792614311794,0.0075689999999999993,0.00014593896307155897,34,1,1,1,1,0
474,0,-0.87380110540010592,5.8891834581368929,-2.830664545992243,-2.7823582266936668,3.9222249404878302,2.2808602336542538,47.214416597,3.97789948781,0.0070493710282725835,0,0.0035246855141362918,60,0,0,0,0,3
475,0,1.2440391454209161,3.10348839338958,1.8165156614750946,-5.1872085903917133,-3.53439703342461,6.0876645558784563,0.050327449431,0.429235313119,5.6126146122040992e-05,0,2.8063073061020496e-05,17,1,1,1,0,0
476,0,-1.2581633907206902,-1.1432295032771005,-2.5043141563677174,-4.6265661507991078,-4.4297923158135095,4.9409432994131919,0.16788617255,0.000680431705776,2.832680093213967e-08,0,1.4163400466069835e-08,15,1,1,1,0,0
477,0,5.7989038069399639,-6.0898526315475152,2.5217736901868206,1.6732384410445187,-5.682051109464755,5.1345862906226172,265.36842485,8.35709408414,0.091695192681587503,0,0.045847596340793752,60,0,0,0,0,3
478,0,5.2498698446591412,-4.4490131282174801,-0.74516800402316696,3.488218727178527,1.9341062620157736,-0.79228447748346797,0.076684568329,0.14353021083,6.2812800515159194e-06,0,3.1406400257579597e-06,32,1,1,1,0,0
479,0,4.4707973722085113,2.720542427043565,2.8227092117685237,0.12373129758132231,-4.3610239352788049,-5.8526136913747475,1.4415395827,0.783403958248,0.00018902837591464877,0,9.4514187957324384e-05,11,1,1,1,0,0
480,0,-6.2831853071795862,1.5875490686549594,2.7735230799807833,0.51187130402324676,-5.3490340939530654,-6.2831853071795862,58.6661190593,40.2677249468,0.49737571373989026,0.015137999999999999,0.24868785686994513,60,0,0,0,1,3
481,0,-2.9130761390332052,-4.263310140047408,2.3453406974472406,-0.69416588529007073,1.406661742588428,-3.5754094264964498,0.106756127712,0.17852938968,9.7203895987596716e-06,0,4.8601947993798358e-06,18,1,1,1,0,0
482,0,2.6788043609083512,-4.837612281600828,-2.4440364090105851,-5.7338446110564716,-2.0721661830182767,5.603797942241421,0.155925499923,0.523803426011,8.3602203093133243e-05,0,4.1801101546566622e-05,16,1,1,1,0,0
483,0,-0.98119174394227648,5.0144872486696146,3.0613884723612372,-5.0065423356636094,4.4661833613225665,6.2831853071795862,198.622872663,0.704047129083,0.039602039026423917,0.0076151831527743108,0.019801019513211959,60,0,0,0,1,3
484,0,-5.9331853071795866,3.8300980127367161,1.964214038149199,3.576909910839511,-2.3760502504961227,6.2653867769128135,205.980541783,0.183154471422,0.042438202155418069,0.004788843413238774,0.021219101077709034,60,0,0,0,1,3
485,0,5.0623584691756038,-4.1270972327633935,2.5240016655916846,0.80538453850773895,-3.728622014589912,-0.92715539436948824,0.214366481568,0.0850718030258,2.2505337338061075e-06,0,1.1252668669030537e-06,26,1,1,1,0,0
486,0,5.7955802250159563,-0.35235501306964578,-2.5774641134542398,-0.4739844711966234,-2.6352671483721908,-3.5337239515188612,1.9648962228,0.62275973114,0.00012200049443608109,0,6.1000247218040546e-05,8,1,1,1,0,0
487,0,6.2831853071795862,0.55992459922338123,-3.1415926535897931,-0.91843467542398316,-4.2320319560173072,-1.1678549489475678,239.491421714,56.4019518539,1.0263990372289404,0.015137999999999999,0.51319951861447022,60,0,0,0,1,3
488,0,-1.1839729278057232,1.8322785273820323,-1.8812654048228437,1.9412679347999073,-2.1299588212902849,2.4061096934539092,0.314239070963,0.893715510737,0.00024340503019927394,0,0.00012170251509963697,15,1,1,1,0,0
489,0,-4.5814043974913847,2.5890781641372231,0.77767477681040009,-3.1978883412341532,-1.0487053002268703,6.2528001128947155,0.0519495230929,0.735459910405,0.00016477065096909456,0.0032052362261618316,8.2385325484547278e-05,32,1,1,1,1,0
490,0,-6.1546406275080958,-0.84846854057146825,0.7559969761901979,-4.5652119390193899,4.1275399107024766,0.84056684793827041,0.909946856253,0.0289969458789,1.0841325744545339e-06,0,5.4206628722726695e-07,45,1,1,1,0,0
491,0,5.212930072448458,4.4414640977748423,-3.0282792009985733,-4.1674377532061113,-4.6356350998699902,-5.8445548091750723,104.825370767,4.54046022195,0.017268283770486392,0,0.0086341418852431961,60,0,0,0,0,3
492,0,-2.3815393823736963,-5.4611356623649003,3.1415926535897931,-4.3868162688960153,4.4128794478830562,-2.8114934756389154,1006.01054495,32.8080159206,1.3399370223824629,0.0075689999999999993,0.66996851119123146,60,0,0,0,1,3
493,0,-1.951900624384737,1.0323620665918811,-2.8031686683623085,-3.0857913743062744,4.4544809743140146,4.1069116546528361,0.29762834528,0.808851555552,0.00019938173890241692,0,9.9690869451208461e-05,14,1,1,1,0,0
494,0,6.2831853071795862,-1.8042586416599626,-3.1415926535897931,-2.5021379969440978,2.0580806613876796,-6.2831853071795862,847.73614837,57.2354324412,1.7165511764021442,0.022706999999999998,0.85827558820107208,60,0,0,0,1,3
495,0,-1.3026267410768431,-6.257819130305065,-1.1217629362657258,3.6696033886080506,3.1354656612782108,-6.0346072304703391,725.899895742,23.9506943248,0.70167010333244861,0.0037987281530627985,0.35083505166622431,60,0,0,0,1,3
496,0,-1.7507268344652369,-4.9482424137321495,3.1415926535897931,3.448134740387057,4.8573694103319953,3.3007093028268386,426.060340981,27.7197255283,0.41559031688061232,0.0075689999999999993,0.20779515844030616,60,0,0,0,1,3
497,0,-2.459829451410573,-3.490838488087098,2.2984405475575516,-6.2831853071795862,1.5892089089617814,1.581179008001264,1.63137895162,0.257769967958,2.2901810301425797e-05,0.0075689999999999993,1.1450905150712899e-05,17,1,1,1,1,0
498,0,-0.35483067018040865,-2.1309583367728857,-1.1510567983481452,6.1809644790621752,-1.4070192321144788,-3.3037499503216536,0.0166330443734,0.499175280733,7.59036149388307e-05,0,3.795180746941535e-05,26,1,1,1,0,0
499,0,1.4537550997484205,3.2910315518605557,2.6284087687111257,2.1504813239810319,-0.63835798799880883,6.2831853071795862,0.122296600994,0.96002229184,0.00028076340841215577,0.0075689999999999993,0.00014038170420607789,28,1,1,1,1,0
500,0,2.6342688487202426,-6.1216967630129311,2.831774678815592,-4.2164929023823854,-5.6139084677092779,6.2831853071795862,94.3976335248,36.2460977003,0.40911106467820701,0.0075689999999999993,0.20455553233910351,60,0,0,0,1,3
501,0,2.7569528018922673,-2.8481480746830998,1.5399217046727829,4.8867695192981122,1.5895050705003713,-2.4189821751893348,0.0708991365833,0.330203330322,3.3218755348555296e-05,0,1.6609377674277648e-05,11,1,1,1,0,0
502,0,-3.5379678648552098,3.5799579345078336,-0.21940214093117305,-4.4988638463253343,-5.1322195950511746,-4.9052817359258878,61.354485823,0.0042587186535,0.0037643784553519919,0,0.0018821892276759959,60,0,0,0,0,3
503,0,-2.8558887390126646,3.8344617422109493,2.3218375993843887,0.25400800541245339,0.60909612950898573,-0.046547332908305206,0.768506975023,0.951126600592,0.00027616025707160945,0,0.00013808012853580473,15,1,1,1,0,0
504,0,1.6885412705077067,-5.1678382066253388,-3.1075054953524766,-0.24003026214074588,1.93261616532168,-3.7936180180145214,73.4515716145,40.6589356426,0.50897313077160733,0.0027997688234027759,0.25448656538580366,60,0,0,0,1,3
505,0,-0.38944050493534277,-0.73689045747859538,-1.5727324764791697,0.56509602908206746,-4.6937693076464777,-1.0116232183348475,0.0689486511195,0.0289547041311,2.6013751269884244e-07,0,1.3006875634942122e-07,24,1,1,1,0,0
506,0,-6.21327906976531,2.061441325164505,-2.3915326632551435,-1.3896932836824576,1.3622411500510931,-4.6772848706177834,4.68933529735,39.5319337058,0.47607010720753801,0.00029219671933708848,0.238035053603769,60,0,0,0,1,3
507,0,2.7549738199192606,4.9330118556222855,-2.8003760897682373,5.3991380605245078,4.3642375097648021,-2.0422908299007316,2.20604277284,0.160663639672,1.2729654806441096e-05,0,6.3648274032205479e-06,33,1,1,1,0,0
508,0,2.5339572575602034,3.123234299153256,1.5573251626769635,4.6737961663353653,5.5258366135979964,-3.2834181718406965,0.0216397350614,0.762086660487,0.00017691497866064205,0,8.8457489330321024e-05,25,1,1,1,0,0
509,0,-0.68700303083635617,6.2831853071795862,-3.1415926535897931,6.2831853071795862,-2.9214164405245096,-0.78707599164346909,405.03575316,2.05419530774,0.16533936105780822,0.022706999999999998,0.08266968052890411,60,0,0,0,1,3
510,0,-6.2257636787418873,5.3494649515368691,0.28681810148839126,-3.0474014285345343,-1.9218991025181178,-3.1476510420745556,0.0843160847368,0.794416088914,0.00019225022531632746,0.00087488006427753997,9.6125112658163728e-05,26,1,1,1,1,0
511,0,-0.52143801540648538,-6.2831853071795862,-2.8109182966539512,-2.5771271504302522,-5.7195187081934824,-3.3624543069343513,203.970343801,30.8497627473,0.33151069433008906,0.0075689999999999993,0.16575534716504453,60,0,0,0,1,3
512,0,1.8053530551714201,-1.6568971027672232,-1.6255219344480949,6.2831853071795862,3.0229441536547195,2.8213361890763129,20.7840711644,10.2421472864,0.032386826561079697,0.0075689999999999993,0.016193413280539849,60,0,0,0,1,3
513,0,-4.5590908565433637,-1.6070898008968844,-1.7918094295431917,-1.9529399394351099,-1.8170032899350925,-0.18075503539185689,0.117215539673,0.983946218997,0.00029492914376028886,0,0.00014746457188014443,34,1,1,1,0,0
514,0,-4.6219004796952055,4.899394281057142,2.7290159472608506,-0.16925408527295052,-1.5935805833696843,0.77141357039500558,0.0107023959821,0.037599473083,4.3075839455200589e-07,0,2.1537919727600295e-07,10,1,1,1,0,0
515,0,3.6903926130884601,0.80020718546194836,-2.9224867297138348,6.1100029157118287,-2.9159952036938912,2.2370227403058536,0.266279467592,0.475464417862,6.8934672077633713e-05,0,3.4467336038816857e-05,12,1,1,1,0,0
516,0,2.8377515727040299,5.8818893038077196,0.0078437620571803479,0.082676555918376859,4.2665194669016273,0.028572614811150542,96.2024185567,0.0507021639203,0.0092556884190304282,0,0.0046278442095152141,60,0,0,0,0,3
517,0,0.54721429964541057,0.215733821931794,0.19368785399228317,0.88015846224082606,5.0771941932037929,1.4829720436280622,173.859385147,0.951590128531,0.030502924118987251,0,0.015251462059493626,60,0,0,0,0,3
518,0,-2.0620943288343603,-3.9876453974559962,-0.38472270712307177,2.3669876810243782,2.4032926695879269,0.22472207989625531,0.129495079005,0.446455439319,6.0733862232228286e-05,0,3.0366931116114143e-05,6,1,1,1,0,0
519,0,-0.49888202901275236,-5.0799131864448128,0.013347587397201738,-4.389237847918972,2.29654942482385,1.5466430435025851,4.1378658763,0.680188015069,0.00015805493051233743,0,7.9027465256168716e-05,16,1,1,1,0,0
520,0,-2.7711813494626005,-3.2823286730247103,1.1679650362852401,-3.8088527385534765,-1.1259516607893449,-6.2831853071795862,0.332801297217,56.7540385539,0.98117918400995274,0.0075689999999999993,0.49058959200497637,60,0,0,0,1,3
521,0,-6.2831853071795862,3.3278784424356185,-3.0568641852476968,5.5350349805133732,0.43348975925582844,6.2831853071795862,341.452386907,12.2403602075,0.16222946939438149,0.015143159856072856,0.081114734697190743,60,0,0,0,1,3
522,0,1.1948097543776464,1.7506436688374831,-2.4896892324906426,-3.8286440174859804,4.4535051525530438,6.2831853071795862,0.00835117491225,0.85458854012,0.00022246874289483056,0.0075689999999999993,0.00011123437144741528,27,1,1,1,1,0
523,0,-1.0338541874625014,-0.3126665624909622,2.7671513133297561,5.0159657577861241,5.0627165444619449,-3.1030387326277311,109.424063613,1.11304930188,0.012351009745394744,0,0.0061755048726973719,60,0,0,0,0,3
524,0,0.82623519087534625,1.6277531194747556,-2.0711480720735045,4.6767384457554888,-4.0655787879983105,4.453075010785855,0.02276503185,0.55600287358,9.4169702313100606e-05,0,4.7084851156550303e-05,22,1,1,1,0,0
525,0,-3.9702335454275337,3.2109237962098405,1.7210168405884054,-5.6736395167518596,-5.4744802116064335,-5.0636020761605245,1.0708235702,0.199102343951,1.3222228698758402e-05,0,6.6111143493792009e-06,6,1,1,1,0,0
526,0,-0.20743153324169608,-1.8617966850377003,2.0814790880765499,5.058737326564029,0.69305554022865545,-2.8293600746971284,0.0161742843855,0.749823866573,0.00017126708972263954,0,8.563354486131977e-05,17,1,1,1,0,0
527,0,0.55673737106616317,2.8430910110510288,0.065496866734019943,2.6379747007566174,-2.184400526511213,-1.208555746736895,17.0760562133,7.72488142593,0.018469268561941778,0,0.0092346342809708892,60,1,0,0,0,2
528,0,-1.6230499767590241,-5.2151106809823906,-0.40334743703031362,-2.7678437194840004,-4.4559212152333885,-5.8327081237763529,3.0316349754,0.0164662896742,9.2734041939569527e-06,0,4.6367020969784764e-06,29,1,1,1,0,0
529,0,-6.2831853071795862,3.3755571100174788,1.2579035563062093,1.7421091082781226,2.1876570844945697,1.8708309486711032,180.181827731,3.37838635771,0.035942240253775896,0.0075689999999999993,0.017971120126887948,60,0,0,0,1,3
530,0,-3.764901981012033,-2.6224362888831783,-2.8105771766500118,-5.030450616507057,-1.9742595490116854,4.4556993794610005,0.118207164261,0.965309699383,0.00028386343475765254,0,0.00014193171737882627,12,1,1,1,0,0
531,0,-2.6080545074094528,2.9963057612456936,-2.8335302545148791,-4.7429309002311459,4.5630775185476722,5.0990115337710575,0.0115018235461,0.408821281343,5.0912316033354031e-05,0,2.5456158016677015e-05,11,1,1,1,0,0
532,0,-3.8360447059642726,0.59054618993787067,3.0112642655905346,-6.2831853071795862,-1.66770773768337,-1.9328387917944663,182.874153138,44.9500069688,0.64892340495128042,0.0075689999999999993,0.32446170247564021,60,0,0,0,1,3
533,0,-2.1708373493262445,-6.0028356944750891,-1.5781188440844736,-1.8995128383493787,-6.2831853071795862,-4.0685269484355082,78.4142165471,48.5742431451,0.72488052237794331,0.0075689999999999993,0.36244026118897166,60,0,0,0,1,3
534,0,5.3489114129836688,3.4081921949421234,-3.1415926535897931,2.0691588225244137,3.773674472780745,-4.0623380042140402,117.81476838,0.318193093685,0.013911161201091956,0.0075689999999999993,0.0069555806005459778,60,0,0,0,1,3
535,0,-1.996484683245334,4.1275174474389731,-2.64584929568935,-2.9369908670383711,1.1616709346800695,1.6581427004520339,0.00108821857797,0.287514723974,2.5181113832488796e-05,0,1.2590556916244398e-05,33,1,1,1,0,0
536,0,-0.66523004684944431,-2.355867702887863,0.035747593226904462,1.4750888293245077,1.9634883274519801,5.2251965536880398,48.3529192218,1.51219711232e-06,0.002338004797271238,0,0.001169002398635619,60,0,0,0,0,3
537,0,6.2831853071795862,4.4233341597065916,-2.1038729932847886,-3.6277621351762446,-5.3058872583658969,-6.2831853071795862,638.218957694,7.92855791431,0.42647230752449389,0.015137999999999999,0.21323615376224694,60,0,0,0,1,3
538,0,5.1350170495819354,-0.88506841732429875,-2.7073262593728948,-2.5743871710477069,1.3711361528665897,-4.8160489815604777,0.0216026207266,0.261994882572,2.0909808003662096e-05,0,1.0454904001831048e-05,17,1,1,1,0,0
539,0,-0.44636521815435848,-4.4513652200675198,-2.658877401485956,-4.6571329278057378,-6.2831853071795862,3.7596674612409755,94.4103659675,52.9697227568,0.86360629320364757,0.0075689999999999993,0.43180314660182378,60,0,0,0,1,3
540,0,-1.9063941259081922,-2.8030773666635542,-0.2517437684444308,-5.219153814158215,0.78709420840423161,-4.722175014846937,1.6336626436,0.0196472366557,2.7864401938241966e-06,0,1.3932200969120983e-06,10,1,1,1,0,0
541,0,4.035510325497258,-1.2899444743448332,-1.7602734957305761,1.5471422279774441,6.2831853071795862,-5.1761409602714616,102.752836316,0.690100561327,0.010703216000807937,0.0075689999999999993,0.0053516080004039684,60,0,0,0,1,3
542,0,-3.9788311081392957,1.3377675219011329,-2.3161927827543689,-0.89613766315888399,0.80220822584875318,-3.7802696639746411,0.0966354529498,0.321062157431,3.1409578919535178e-05,0,1.5704789459767589e-05,56,1,1,1,0,0
543,0,5.3986519970181535,-3.0959535160420204,-0.038428785572545476,6.2026928024370109,-2.696323518943843,-4.0309081434509961,109.149651348,0.167217955549,0.011922164054461993,4.2347494525404892e-05,0.0059610820272309965,60,0,0,0,1,3
544,0,-5.7758807133765977,-4.2130632354853121,-2.6795610718086551,4.6784656263531659,-4.4079961410537765,-2.2844225813279628,0.0711280282488,0.415281056025,5.2538878467388185e-05,0,2.6269439233694093e-05,58,1,1,1,0,0
545,0,-1.5957299730295547,-1.7462653095993006,-0.89562354343931749,2.711448127952127,5.472283889667966,-6.2826473078879683,0.036958957628,0.986285287532,0.00029632060160841812,0.007475677566496264,0.00014816030080420906,15,1,1,1,1,0
546,0,-2.2368814971837598,2.7610387852664231,-2.0318167279730428,-5.3013583114610991,-1.3985704555113463,4.4051465153451117,0.470706178866,0.38236396326,4.4757301359869343e-05,0,2.2378650679934671e-05,20,1,1,1,0,0
547,0,2.3153673562480739,-6.1717334907532617,1.5877627978988518,2.5464678553998965,-4.9606387743052416,-3.2083664026051766,0.0899782233578,0.563318021452,9.6671486929747997e-05,0,4.8335743464873999e-05,32,1,1,1,0,0
548,0,0.16800281464923286,-3.5386340980609048,0.32368029953843902,1.71994249522581,-3.5861178146515087,-2.1019752882036529,139.15644443,0.493949731374,0.019438838514896112,0,0.0097194192574480559,60,0,0,0,0,3
549,0,3.9066529001635484,-5.2173322298837128,1.9433484519186182,-0.65023594277032759,4.4562290299850904,-0.71522956094871348,0.00610170107466,0.165519728162,8.3455737899965824e-06,0,4.1727868949982912e-06,24,1,1,1,0,0
550,0,1.1332187836345859,4.6269733432118798,1.592939366205911,-2.4562401922121837,1.8525801075694355,-3.4299941067530231,0.786569875164,0.0498758174539,1.3764575989022406e-06,0,6.8822879945112032e-07,15,1,1,1,0,0
551,0,-2.2924225205795077,-6.2831853071795862,-1.8620476066355605,4.3550868848131765,4.1763783895555031,-6.2831853071795862,138.486977215,23.0326262722,0.18077875460225187,0.015137999999999999,0.090389377301125937,60,0,0,0,1,3
552,0,0.4436388489282454,3.1068652935620382,1.4547026068356408,0.14844158953000713,1.5172902556655268,-1.9212103477323688,0.606357606866,0.1033051441,3.6185322726779189e-06,0,1.8092661363389595e-06,25,1,1,1,0,0
553,0,3.1843638590451735,-1.2819814161387941,2.8825265931214514,-3.9943746405699128,-4.4517306309111726,-5.4815871470729078,0.123173013607,0.0586548307676,1.063174064032932e-06,0,5.3158703201646599e-07,35,1,1,1,0,0
554,0,3.9874805708230885,-3.0117621642183114,1.1853787742400024,1.6811779865825449,-2.8240895011414437,2.850289975233026,0.410216883573,0.819957457923,0.0002049717786529148,0,0.0001024858893264574,28,1,1,1,0,0
555,0,-0.38495812755118519,-2.4155181138354997,-1.3123426754581939,5.3321846253154943,-0.59111378103501466,1.9943487868078285,0.0956296040102,0.0600059723191,1.1059860559541199e-06,0,5.5299302797705997e-07,11,1,1,1,0,0
556,0,-0.90249874552580611,-4.5111527173443555,2.5662594402610335,-4.7445002774403457,1.578827326532632,-0.56267476445546327,0.0334610631624,0.223996333654,1.5285102960997628e-05,0,7.642551480498814e-06,42,1,1,1,0,0
557,0,1.3426385474967222,-3.4756253083408284,-3.1415926535897931,6.2831853071795862,1.6911214581811611,-3.0522670112160371,224.622802268,2.4339186994,0.052259944780592281,0.015137999999999999,0.02612997239029614,60,0,0,0,1,3
558,0,3.8397987667811986,-6.0437333135355287,-0.6582239402304787,1.9654519442516212,-0.80322663891135493,-6.2831853071795862,20.3757569824,53.2793346533,0.86512883363806292,0.0075689999999999993,0.43256441681903146,60,0,0,0,1,3
559,0,-6.2788858633812037,-5.5757245534360909,-1.762570142760234,5.8674423152784394,1.8765890811721084,-0.39997692308868005,0.0241611640061,0.851419548308,0.00022082239594070185,0.0068393819960568874,0.00011041119797035093,39,1,1,1,1,0
560,0,-1.0392478547698625,-6.2831853071795862,3.1415926535897931,-6.2831853071795862,1.6992377871145132,-2.0349735915497211,884.106699736,6.65687742448,0.79514347805088692,0.022706999999999998,0.39757173902544346,60,0,0,0,1,3
561,0,5.2205537747185362,-3.6049054392440554,0.016932915890853106,5.1733380823643866,-6.2831853071795862,3.0825493018546068,37.7386597049,18.4622515505,0.10525449551579953,0.0075689999999999993,0.052627247757899766,60,0,0,0,1,3
562,0,-2.975787644312502,5.1755662054515614,3.047468160578013,-6.2831853071795862,4.6721264364265522,-2.5440372836829281,165.375323466,7.96581173647,0.046678239076175833,0.0075689999999999993,0.023339119538087916,60,0,0,0,1,3
563,0,4.7308673715070935,-4.0410527399242406,2.8166506422159361,-3.6767204709843755,4.8492610563537184,3.3057210858575159,4.45105817809,0.844611799163,0.0002371165708476691,0,0.00011855828542383455,15,1,1,1,0,0
564,0,-3.59200857862947,2.3160818381632549,-2.98516365369013,-2.9558423514110972,4.264058613333682,-1.6619406065887221,73.4739297448,4.60051372701,0.011845562745036379,0,0.0059227813725181893,60,0,0,0,0,3
565,0,-5.0449721340059028,1.9767365746413901,-1.2914446434582776,5.4004847650088834,3.8711933147216397,2.0060596402457853,0.308100555087,0.0157655676987,1.7063956362010951e-07,0,8.5319781810054756e-08,28,1,1,1,0,0
566,0,1.3721465931729908,6.2831853071795862,-3.1415926535897931,3.287490679626925,1.3261210675808111,-1.882208079334339,819.720647565,57.2825315011,1.6714795506498237,0.015137999999999999,0.83573977532491184,60,0,0,0,1,3
567,0,1.3236983269369886,-0.76640330961949255,-1.5119549211499976,-0.18274781494975459,1.199090030030578,-6.2831853071795862,13.0744353645,47.1195891849,0.67649949887642846,0.0075689999999999993,0.33824974943821423,60,0,0,0,1,3
568,0,1.0892126390162715,-4.2411012908245738,-2.0928600613677122,-2.3664674636385792,1.4402190104208827,3.0653858634894826,0.0668364988853,0.470607288208,6.7468458623915807e-05,0,3.3734229311957903e-05,14,1,1,1,0,0
569,0,-0.68192416607465034,4.4267562806562673,-1.6580002375707339,0.15142523265205296,-3.1955720357604682,4.0804149010651996,0.091492084631,0.00386275894533,1.2915969640749852e-08,0,6.4579848203749258e-09,12,1,1,1,0,0
570,0,4.5629791530108896,1.346827983798244,-3.1387905436462868,6.2831853071795862,1.3191111320430442,-0.65209771062272148,101.433674633,0.12747059136,0.010293740002373496,0.014658284689965403,0.0051468700011867482,60,0,0,0,1,3
571,0,-3.2700421805512261,6.250847541057575,2.8490164940151219,-4.8040821557988682,-4.924583964463821,1.9209858067398666,0.0861378447125,0.278189778467,2.3581625633909208e-05,0.0029879598125319433,1.1790812816954604e-05,23,1,1,1,1,0
572,0,-4.3430606454152336,-2.4298236461626965,-3.0810960082533168,5.0941925429569537,1.883893843722406,1.5037718800102613,73.9416451173,0.786925640221,0.0056560018178867869,0.00070242780842051981,0.0028280009089433934,60,0,0,0,1,3
573,0,2.937155648502328,6.2831853071795862,-3.1119880546065857,-0.024997164101998481,-2.9181766046833881,0.11722155357474595,463.502570419,2.99972403603,0.21757568520556825,0.010863232057878432,0.10878784260278412,60,0,0,0,1,3
574,0,3.5712487800487671,-3.3361634934806998,0.30069574165474072,6.1023744884708337,-1.1470250534035638,0.74635622056486739,88.559841466,0.139745300078,0.0078487943175883437,0,0.0039243971587941719,60,0,0,0,0,3
575,0,-0.34795003094684618,1.1329191001797554,0.11528612257954629,-4.288411860377245,0.93461256819368788,-3.6043128730752301,104.008667464,0.208149064762,0.010831000772045036,0,0.0054155003860225179,60,0,0,0,0,3
576,0,-1.9461795886503082,1.4605770283588748,-0.10579391153812784,-3.7724279311232096,-3.453792861283639,-6.2831853071795862,3.50738308301,0.856244179593,0.00023563324484218644,0.0075689999999999993,0.00011781662242109322,7,1,1,1,1,0
577,0,-3.3514483508085791,-6.2831853071795862,1.8515291131349103,6.2207738884007027,-3.3856403149267624,2.7096388272273488,529.904572827,25.2033662622,0.47429478729058006,0.0081735983264674388,0.23714739364529003,60,0,0,0,1,3
578,0,-5.8087186678202212,-3.1347035307833973,-0.70103173009056174,0.64422382230135788,-3.871019757009349,-2.7940535504213022,0.211699923819,0.437958170884,5.8472679787814668e-05,0,2.9236339893907334e-05,17,1,1,1,0,0
579,0,6.2831853071795862,-1.3234316383900075,-2.4240393991405313,5.8181768131814113,5.9549209854475285,-6.2831853071795862,878.088047013,13.8595251235,0.82955149301579378,0.015137999999999999,0.41477574650789689,60,0,0,0,1,3
580,0,-4.5338197638007989,6.1477646049382164,-3.1415926535897931,-4.4281055328510339,6.2831853071795862,-3.7705275643728147,958.052188302,41.0205011406,1.4304380965747496,0.015137999999999999,0.71521904828737481,60,0,0,0,1,3
581,0,-3.5871939499275607,0.30554136319588582,2.9842527722223329,-2.9873406168147443,-1.838591611190201,-1.387157715859759,124.14450484,1.06790295552,0.015759248881513116,0,0.007879624440756558,60,0,0,0,0,3
582,0,-0.4976268348320283,6.2831853071795862,-2.0966666517829018,-6.2831853071795862,-4.0177164205818112,4.3489414266429991,1.85660933811,0.306060746166,3.1981480733873307e-05,0.015137999999999999,1.5990740366936653e-05,10,1,1,1,1,0
583,0,-4.6073390332846778,6.2831853071795862,-2.9973975437083502,-6.2831853071795862,-4.2708058835633818,-3.1979226692985763,297.715550186,13.5811290417,0.1448203381693495,0.015137999999999999,0.07241016908467475,60,0,0,0,1,3
584,0,6.2831853071795862,0.74239162312524731,-3.025548684298164,3.8711209129117528,5.2093655374243326,-5.5232366503253676,228.823333824,41.5248554621,0.57761608428011479,0.0075689999999999993,0.2888080421400574,60,0,0,0,1,3
585,0,4.4632808542339975,0.23977456109974529,-1.2855647100396821,6.2831853071795862,1.1814177186711501,0.055111598067413947,0.565382189288,0.30109921896,2.7936497610550606e-05,0.0075689999999999993,1.3968248805275303e-05,37,1,1,1,1,0
586,0,3.471335019993707,-2.8956560796666819,-2.4619287049809722,1.3650088901123214,4.6453522044652251,3.163221597008961,3.4671036659,0.35863047577,5.1199426499088246e-05,0,2.5599713249544123e-05,8,1,1,1,0,0
587,0,-5.8953413113252147,1.0239410623470926,-3.1411884221041761,2.7996463274306702,3.0731163746580163,6.1721205456534083,25.0471689334,0.80425925535,0.00082439725578388739,0.0074988271245966104,0.00041219862789194369,60,1,0,0,1,2
588,0,-5.0154764178570277,-6.2831853071795862,-2.3751069048625784,6.2831853071795862,-3.4893152698579155,2.313088763341828,204.012130077,47.6468890047,0.73317134536503303,0.015137999999999999,0.36658567268251652,60,0,0,0,1,3
589,0,-2.8185749765464978,-4.5110851441860795,1.0232538826317519,3.6276128257221956,2.9768983884963873,-4.659771554992524,1.11416969015,0.44715990438,6.2150230353130647e-05,0,3.1075115176565323e-05,7,1,1,1,0,0
590,0,6.2831853071795862,1.8862360686255262,-2.9513474199934935,-1.4425920160963142,-5.5258916923102621,-2.9637404961365625,4.24140733025,0.669741377463,0.00015462674981172548,0.0075689999999999993,7.7313374905862739e-05,22,1,1,1,1,0
591,0,-3.5873137375171238,1.8451555734853522,-2.5067121494908986,-3.8888713098373646,-2.3012092821099279,4.9346451462256367,0.304901177594,0.580649204513,0.00010279579357448459,0,5.1397896787242295e-05,10,1,1,1,0,0
592,0,2.7916899188469135,1.3221986276055409,-2.9993698103820075,6.1951840748403173,1.3734738512230424,1.8406948862275594,0.404811825186,0.00375241254013,1.6816180981212946e-07,0,8.4080904906064731e-08,29,1,1,1,0,0
593,0,4.6357440351875905,-4.9380338534038479,1.7210663474766894,3.3054897534842871,2.4498580885421735,1.0380978813161288,0.285797847278,0.410564127237,5.1428876863317853e-05,0,2.5714438431658926e-05,24,1,1,1,0,0
594,0,1.3807901568734287,-4.503235321911494,2.5503971195068398,-5.3516608636441285,1.8853876920537289,3.3811722200117331,1.06874645041,0.101150293111,4.2588760989615979e-06,0,2.1294380494807989e-06,14,1,1,1,0,0
595,0,2.206155565957443,-1.3846885015558095,-2.8422101679375915,-4.6579611796037188,-4.5238451812787615,6.2831853071795862,75.6375830375,56.7251207605,0.98590049478407338,0.0075689999999999993,0.49295024739203669,60,0,0,0,1,3
596,0,-0.29419788545073827,-5.9770465814493132,-1.9164879193710296,2.2523388561430089,5.2402169895177533,1.8745775467393004,0.0503195677243,0.742230178794,0.00016781798614756984,0,8.3908993073784918e-05,13,1,1,1,0,0
597,0,1.2017695215877873,-2.3818596944688037,-0.61330505957003678,-4.6933083169648722,0.83444564158557988,4.2709108757884611,1.33094541184,0.515087219154,8.2590938697375425e-05,0,4.1295469348687713e-05,18,1,1,1,0,0
598,0,6.1411980756308262,-0.12113043752876651,-2.9481890674590447,3.2657029969019198,-1.465801761744334,-4.0825659746099161,78.3078309607,3.93471826727,0.01084820567194702,0,0.0054241028359735101,60,0,0,0,0,3
599,0,-3.2594688821181022,3.6981785466018682,3.0656399392478679,3.9269759000811781,-4.2559287704160731,6.2831853071795862,104.314870241,27.6670095677,0.24405508361359271,0.0076910425204111043,0.12202754180679636,60,0,0,0,1,3
600,0,-0.16815718373768748,5.3333484424116024,-2.2722913790093577,-2.1888483647708199,-0.80368803401063837,6.2831853071795862,187.9128063,51.7811311747,0.85207750742373523,0.0075689999999999993,0.42603875371186761,60,0,0,0,1,3
601,0,-6.2831853071795862,6.2831853071795862,3.1231572182926604,0.94159675913777874,0.66161442634848466,4.2637105816281853,199.608116178,28.0465349118,0.27945793611145536,0.019839099532893666,0.13972896805572768,60,0,0,0,1,3
602,0,6.2831853071795862,4.5944542525178909,-2.9964419485630769,6.1122651082228918,4.6127354709760757,6.1852009905548684,3.56638367812,0.776126196972,0.00019621205843581258,0.0075689999999999993,9.8106029217906292e-05,33,1,1,1,1,0
603,0,3.4364476030897966,-4.7233326639679802,-2.375381415650931,1.298132740207413,3.7616763562096205,-0.93195339243923547,0.0602063080879,0.600319948982,0.00010978288154554811,0,5.4891440772774054e-05,43,1,1,1,0,0
604,0,1.8499321507984448,4.1110415834298344,2.8249301239987368,-2.6044554233233597,-4.9432817316647579,-3.1578862994225041,1.99575097972,0.224509272088,1.9337084284119212e-05,0,9.6685421420596062e-06,21,1,1,1,0,0
605,0,-2.5506391562570698,-1.727508613989313,-1.3650804178027875,5.8626486079105335,-2.0049308488203357,4.0898830239397492,0.0177177281589,0.203902937152,1.2665211979569511e-05,0,6.3326059897847554e-06,12,1,1,1,0,0
606,0,-5.0190379167845407,-5.4007937556826908,-2.834365215884608,5.2331853071795873,-3.4469133921168664,-1.6692653676412232,112.175463902,21.9047522119,0.15874430745096579,0,0.079372153725482897,60,0,0,0,0,3
607,0,-0.12214440384834757,-1.4064458134191014,2.1168054264890297,3.0208008416487622,-4.2681103780230805,-0.84553707160616232,0.000432796768013,0.520971044909,8.2676466812466414e-05,0,4.1338233406233207e-05,27,1,1,1,0,0
608,0,5.0029475944440849,-2.5817086160131626,-2.6984954810146546,-3.3749165211602725,-4.7807124475501253,1.771641451285346,0.0205514243141,0.668365255931,0.00013607671432195275,0,6.8038357160976373e-05,19,1,1,1,0,0
609,0,0.82098133229401959,2.704993770025192,3.087364457354612,-6.2589171442766194,-5.3774710566052573,2.9614243410208658,146.866435191,9.98690249224,0.051951749439349201,0.0050092745075684978,0.025975874719674601,60,0,0,0,1,3
610,0,-1.3418507444584842,-2.3323167558750511,1.634863532190536,1.2067709185967495,5.2342585689724617,3.421389161277725,152.224122042,1.12344866346,0.02355665221730038,0,0.01177832610865019,60,0,0,0,0,3
611,0,-3.0381222217126824,0.73084603365222545,2.6368961627446521,-4.0842369997571186,0.7111272952309029,1.017858969448509,159.524829721,47.6317051422,0.71655787831560391,0,0.35827893915780196,60,0,0,0,0,3
612,0,-1.2956571003793391,3.5087694065303401,-3.1100952664487735,2.9824651270229423,0.96596093074720935,-6.060419646734192,106.909668444,0.481720585021,0.011500365117504401,0.0030805400341738587,0.0057501825587522003,60,0,0,0,1,3
613,0,-3.0355862167856511,-4.5343372156284536,2.5853985297850168,0.70664789245791959,-4.9793984117017711,1.3318280980259654,0.229030145341,0.256604253114,2.0110215057544386e-05,0,1.0055107528772193e-05,20,1,1,1,0,0
614,0,3.579503618204039,-3.6855814461458989,-0.093096651723009016,-6.1170713265800494,4.7543044675832551,-3.2126551393941911,89.3153418235,1.99237941369,0.0091864322009881962,0,0.0045932161004940981,60,0,0,0,0,3
615,0,-1.5268556804645868,3.2456530963646277,-0.21718324424743002,2.2513009361873713,1.384666691309532,-0.37525714872365079,83.0372656019,0.00237673215047,0.0068951891993796165,0,0.0034475945996898082,60,0,0,0,0,3
616,0,5.1970269122986572,2.0774821632735669,-1.2362185259456147,5.6931677681563411,-1.6545154391131214,2.3820646888372954,80.5223808923,10.5951329467,0.040679243436115654,0,0.020339621718057827,60,0,0,0,0,3
617,0,2.2789493973985264,1.8639866283127158,-0.087280409068374087,-2.992935438966617,1.6009182818590439,-3.6097517846908453,189.650999304,1.05092394259,0.036303933545412059,0,0.01815196677270603,60,0,0,0,0,3
618,0,0.14312769651949073,1.0300232007148955,2.9525898231996792,-5.6123123771007597,0.70943536465441748,-2.3091787563566326,164.100079854,42.1075320286,0.5670290018892612,0,0.2835145009446306,60,0,0,0,0,3
619,0,-1.3685544507561429,5.7864264569102373,2.6221877577143209,-4.4641842245175951,-4.0248964009091983,-6.2459444119170717,0.649897091717,0.0412192966318,9.3992049092375464e-07,0.0024759685042760509,4.6996024546187732e-07,18,1,1,1,1,0
620,0,-5.4078933204199782,6.1680697591265279,2.93715596137831,0.40047622066464039,-3.256062424136652,6.2831853071795862,163.877216757,32.7612810713,0.3538020871576204,0.0075689999999999993,0.1769010435788102,60,0,0,0,1,3
621,0,0.12123908259902363,-2.9451211452760604,0.17542828918255982,-4.7779272053794175,1.9260323833157824,3.7712472080136421,87.8978970122,0.00342870358976,0.0077260438802511872,0,0.0038630219401255936,60,0,0,0,0,3
622,0,1.4936712865948882,-0.99608278261040384,0.3833243837120206,5.5799030273624783,5.7060568991974856,-4.9980946725933526,1.7596828977,0.400882030615,5.2050453563959439e-05,0,2.602522678197972e-05,14,1,1,1,0,0
623,0,-5.7573219044443542,-0.36408786380280622,-0.18311568630663966,-1.8985969582015931,-4.9329290239652517,3.6484009844251668,55.8119306005,0.0346009445221,0.0031153362930505168,0,0.0015576681465252584,60,0,0,0,0,3
624,0,-3.9383575358379295,5.3478415023158714,1.8906361380492589,-0.71517468952423646,3.519460615091222,-1.0351320199997529,0.178592054315,0.791320909535,0.00019077990615365059,0,9.5389953076825297e-05,11,1,1,1,0,0
625,0,1.0224250598640294,5.0194989747875631,-2.5664712998783905,-0.81638201231612317,-6.2831853071795862,0.58173413295225829,142.264686249,53.1711759377,0.88144567507279081,0.0075689999999999993,0.44072283753639541,60,0,0,0,1,3
626,0,-5.2087051561203559,-1.4767385528935777,2.7363199156782239,4.9025945165795122,5.3292421520174447,0.021667772701597351,0.013771049038,0.474587231587,6.8610097254689174e-05,0,3.4305048627344587e-05,20,1,1,1,0,0
627,0,1.3050635390088801,2.3443155663844664,2.2458260485747448,-1.05571262044278,-3.918299345070603,6.2831853071795862,3.74379700209,45.1610039822,0.62128620305116933,0.0075689999999999993,0.31064310152558466,60,0,0,0,1,3
628,0,-1.8168762908044451,-2.864052030379554,1.6731521409537995,0.81609208746054729,2.3596614597505905,1.4384745479460472,0.0111684847271,0.936919090479,0.00026739859071571909,0,0.00013369929535785954,30,1,1,1,0,0
629,0,-1.152476720498762,-2.9968598678589391,1.3522374360360463,3.1530394021018422,5.1897425206565941,-2.8778729853998328,0.0322220846173,0.691318259643,0.00014558408068446454,0,7.2792040342232271e-05,11,1,1,1,0,0
630,0,3.3617856559904515,-5.6520227910598013,0.45624940912764528,1.1906973602533759,5.3503016276964095,3.5109684212018832,0.0642675396612,0.488835503657,7.2795554530447992e-05,0,3.6397777265223996e-05,25,1,1,1,0,0
631,0,-1.819265532889337,3.2307485698396845,1.279816596448742,-3.3376410356756461,-0.89731158700253588,3.6086702697872997,0.0917158804919,0.121554100291,4.5092558130838002e-06,0,2.2546279065419001e-06,17,1,1,1,0,0
632,0,3.887140311638813,2.7602666706834804,2.1110366245507057,6.2347483323705637,2.2025651054778783,6.0411442033431255,0.0254910743444,0.40223124969,4.9284695509735529e-05,0.0014871069118799619,2.4642347754867765e-05,14,1,1,1,1,0
633,0,-1.5651441615331458,6.2831853071795862,3.1250678693972374,-6.2831853071795862,-2.493889515608616,3.8528022916478002,233.229640533,2.05949061435,0.055688100493662566,0.020104756043105836,0.027844050246831283,60,0,0,0,1,3
634,0,-2.4017558514559982,-5.5957940190881219,2.6027860197756185,-5.3448449897061865,-5.0333233939641771,1.1950842234072592,2.50836604787,0.453512891251,6.8943765921281077e-05,0,3.4471882960640538e-05,21,1,1,1,0,0
635,0,-6.2831853071795862,-6.2831853071795862,-1.999082794559899,6.2831853071795862,1.9494425056636666,-0.65882588522028451,190.193808227,0.264543626291,0.036195002829498876,0.022706999999999998,0.018097501414749438,60,0,0,0,1,3
636,0,-5.9019383320597036,-3.3748525869257562,0.036818312523841823,-0.77047600481151612,-2.3722139737013852,-4.7684881875563487,82.7084254628,0.00032967512587,0.006840683675635925,0,0.0034203418378179625,60,0,0,0,0,3
637,0,-2.9492023497280559,1.3487053434308529,0.078219768605361062,-3.09700208358763,-3.983413795233512,2.1083864143593916,189.724557055,3.84043959773,0.040488202656010989,0,0.020244101328005495,60,0,0,0,0,3
638,0,-2.8096670575538241,4.9316105551634148,-2.019656422598854,-0.49646452063732399,-1.7318533246390646,3.8667350239097202,1.68795642745,0.164630102474,1.1105264347807271e-05,0,5.5526321739036356e-06,7,1,1,1,0,0
639,0,3.3258998878649524,1.7051876333115414,3.1415926535897931,-5.5802127735918656,6.2831853071795862,-6.2831853071795862,1005.04633098,8.00720141047,1.0296487568763619,0.022706999999999998,0.51482437843818096,60,0,0,0,1,3
640,0,1.1457382031063563,-3.143014975582143,1.4574209090630961,2.8065737015790573,-1.089810545049297,-1.0734162608331057,0.0898703050732,2.17925615094,0.0014466841413069546,0,0.00072334207065347729,60,1,1,0,0,1
641,0,6.2831853071795862,-2.7729244967562341,-1.8619044536936142,-6.2831853071795862,5.5043243288944206,1.2627585943019954,234.821366046,15.0179789144,0.12384439258431872,0.015137999999999999,0.061922196292159358,60,0,0,0,1,3
642,0,-6.2831853071795862,6.2831853071795862,-2.9224791083953399,2.0351418968321369,3.1808075743503847,-3.7049682895543117,119.638624786,40.9738007697,0.52572107145359992,0.015137999999999999,0.26286053572679996,60,0,0,0,1,3
643,0,-0.49271889464045215,6.0441444344163227,3.1415926535897931,5.3668504265760308,-4.3613940452889395,6.0768446247203647,82.95081976,5.48317481893,0.016039224004853813,0.0075689999999999993,0.0080196120024269065,60,0,0,0,1,3
644,0,-2.6890062492486506,0.6892393674973688,-3.1415926535897931,6.2660460096764652,5.7258801388034524,4.3265320090612311,205.01154001,0.0661149381781,0.042031063076581207,0.012449517753357429,0.021015531538290604,60,0,0,0,1,3
645,0,-2.6361572311601127,-4.1442996156732343,3.0530538385495065,-3.5609428389631428,4.132592499237524,-2.8906864289844618,1.71005832982,0.70249859774,0.00015325429986570098,0,7.6627149932850488e-05,19,1,1,1,0,0
646,0,6.2613145445185472,-2.7741261571106839,-1.1579266354730167,2.3905646557436984,-4.8993078310759683,-6.2831853071795862,0.22771976162,55.7049198383,0.94523950960735792,0.011810817556354705,0.47261975480367896,60,0,0,0,1,3
647,0,2.0885540103460145,3.28756513467179,-0.050833183018615002,2.7139554763086,2.394436276024452,1.8679772840789501,192.962249155,45.9955050777,0.68167892671238217,0,0.34083946335619109,60,0,0,0,0,3
648,0,-6.2831853071795862,-2.3949733069139549,-3.0925259801076135,3.6052003899784477,-4.3445414100398532,-0.34796114870838496,167.54443841,38.0059853946,0.46807727134207588,0.0090079372607075724,0.23403863567103794,60,0,0,0,1,3
649,0,-0.2137584263345661,6.2831853071795862,-3.0628224282393308,-6.2831853071795862,-1.193915603313255,1.7501199256230531,537.301532267,54.3827959204,1.1895954500945303,0.015205729190782171,0.59479772504726514,60,0,0,0,1,3
650,0,2.8988118716804503,-4.1192624757419445,-1.8831818214512861,-1.76078164903546,1.5867035844343746,1.1936357775847568,0.0493471480286,0.307896871934,2.8880313894414765e-05,0,1.4440156947207383e-05,13,1,1,1,0,0
651,0,0.67403455984536464,-1.5878669137924926,1.6979846003093846,5.5335440095735411,0.83292252751057139,-2.1017982734116423,0.0175006152031,0.128062248517,4.9960135251924789e-06,0,2.4980067625962394e-06,12,1,1,1,0,0
652,0,-4.3718902492014964,0.71610435952463958,-2.9742457184220523,0.9709712216028713,1.5401767389056358,-3.9788841780344009,1.3460831566,0.68547522498,0.00014494444113425208,0,7.247222056712604e-05,10,1,1,1,0,0
653,0,5.7410733490167472,4.3256980827889198,2.0719097270359321,1.756004453039862,4.9314374118044126,-3.3965185695056332,0.165646096391,0.73729387236,0.0001656181546996815,0,8.2809077349840752e-05,14,1,1,1,0,0
654,0,0.25877935530774598,0.47586424894268331,2.4086284737924224,3.0716013735655143,0.84348987990930702,2.7205897003636301,54.5422548759,13.7494992501,0.060562393800574037,0,0.030281196900287018,60,0,0,0,0,3
655,0,1.9642885522054172,-4.4738967382237318,2.1501238879362456,-3.3786815346710175,-1.6348828070514669,-3.3991478016415324,0.023303579675,0.695759259409,0.0001474600321159937,0,7.3730016057996852e-05,12,1,1,1,0,0
656,0,5.9695544848244957,0.87588760361036822,2.0386212327796236,-4.5950192010337068,-5.2040626694788221,4.4428964072521095,66.5280810549,1.44724195385,0.0050640095793126486,0,0.0025320047896563243,60,0,0,0,0,3
657,0,3.3071278467076075,1.299902386583359,-2.5328290553825883,1.6659348462253802,-1.8991868927753486,2.882130633736284,0.823193756407,0.0343011571598,1.0360514900857876e-06,0,5.1802574504289381e-07,13,1,1,1,0,0
658,0,2.2467116239962772,5.1141049894933248,-2.8271263468618018,-0.99927881785596084,1.1414399073119117,0.50873645514828625,0.025552242847,0.666814502589,0.00013544622400963078,0,6.7723112004815391e-05,16,1,1,1,0,0
659,0,-5.3795031398320372,2.054727845542017,2.5168115824620507,0.30828137821890444,-3.783048860171649,-2.8683017696251096,0.994709281627,0.242811055541,1.8948839344804328e-05,0,9.4744196724021641e-06,14,1,1,1,0,0
660,0,-4.9772914589025659,-1.7374570357218788,-1.5219454335865075,-0.79908798912453982,-1.2440413105140258,-5.9864233526533974,0.0794238501335,0.455772295283,6.3283992848051871e-05,0,3.1641996424025935e-05,16,1,1,1,0,0
661,0,-3.6529939845794832,-2.3696249561609037,-2.7577505310252071,-2.265930924026835,-4.5308447893328028,2.7272998996726412,14.0916602024,53.9178553438,0.88576257559903881,0,0.44288128779951941,60,0,0,0,0,3
662,0,2.3528946099071715,-1.6856802962198116,1.6673043664632914,4.2368983286676674,2.1527015307221808,2.9921931590713648,0.0272504949147,0.0259959578169,2.0659994161771356e-07,0,1.0329997080885678e-07,50,1,1,1,0,0
663,0,5.3191472340987263,-1.7634300430450345,-2.4513066292715902,-3.0702152836101169,2.4633075769201804,6.2289883829426085,0.0783811240824,0.81502778907,0.0002023544475003049,0.0010760417795145773,0.00010117722375015245,60,1,1,1,1,0
664,0,-6.2831853071795862,-4.4451284608898183,2.7551538292097018,0.12506991694244016,-0.17589291216027395,-5.9331853071795866,98.4958350505,19.5992538396,0.12671434777397814,0.0075689999999999993,0.063357173886989068,60,0,0,0,1,3
665,0,3.9423928011891896,-4.5164660949626576,2.4990068910631966,-5.1584410592214844,1.7786327362353893,-5.1909548659738372,1.48203816287,0.0623140337061,3.3792783753990304e-06,0,1.6896391876995152e-06,52,1,1,1,0,0
666,0,4.4075994065626798,2.2157066721829528,1.4881100141362111,-0.51390058821783469,3.524382117716788,4.5065302919841184,3.09387960078,0.567562447759,0.00010769762680958619,0,5.3848813404793096e-05,13,1,1,1,0,0
667,0,-2.9209722251570094,-1.1693083775808657,-2.0602271551346467,-3.4657471765767358,2.2430950966266163,2.5900935197442969,0.0358586482195,0.961983592261,0.00028189803304964694,0,0.00014094901652482347,15,1,1,1,0,0
668,0,3.4655807007935779,2.5837402254472837,-2.2320845868752937,0.92266103561508994,5.7093098539557454,-1.6019733888826084,0.0193909190871,0.123538972302,4.6494098069428011e-06,0,2.3247049034714006e-06,24,1,1,1,0,0
669,0,2.6132893262090007,-6.2831853071795862,2.8647693621982193,-1.2456872637737133,-2.6775004584240749,-6.2831853071795862,13.3111666632,56.1837226359,0.96173579058168057,0.015137999999999999,0.48086789529084029,60,0,0,0,1,3
670,0,-0.66063299091178307,-0.5823054815910077,1.3543395503588636,-1.2851518513498421,2.1273896455524626,-6.2249875184166443,3.38956019886,0.681507185921,0.00015296930174038816,0.00082956737214411524,7.648465087019408e-05,34,1,1,1,1,0
671,0,-1.0599875271600019,-3.0732101312442199,-0.18520561615231029,-3.4339242841493709,0.95793851242091121,-6.2831853071795862,43.0804057973,0.105328688039,0.0018593008296851796,0.0075689999999999993,0.00092965041484258982,60,0,0,0,1,3
672,0,2.6851015431231899,2.1454872093436639,-0.10148369114992484,3.8209309902614259,1.7307856651199767,1.6044877249774996,7.99673371083,6.66102209007e-05,6.3947751393563909e-05,0,3.1973875696781954e-05,60,1,1,0,0,1
673,0,-4.5845515998654074,2.7805975183395644,1.4110207449197507,2.8734527660577505,-1.4903326508163228,-6.2831853071795862,0.0416412616483,0.344354055969,3.612318107976527e-05,0.0075689999999999993,1.8061590539882635e-05,9,1,1,1,1,0
674,0,-1.0997630313512194,-5.8074924164924626,2.73971118992463,-1.6716620881248718,-1.2959180371883923,-3.5316104235488632,0.32368708085,0.00638209320359,1.1718073305722874e-07,0,5.8590366528614371e-08,16,1,1,1,0,0
675,0,-6.173719107817055,1.672806000464615,0.21991845633538959,6.0552502118330276,-0.59688432283905468,1.7847241203851323,68.7876911285,0.00074712847607,0.0047317466208270176,0,0.0023658733104135088,60,0,0,0,0,3
676,0,5.99357327254633,-2.6203795611880487,1.3328553977012363,-1.8075780283067882,1.6510159014639303,-1.789817775331771,2.8845595388,0.234118070964,2.5017151726393427e-05,0,1.2508575863196713e-05,13,1,1,1,0,0
677,0,5.4875593353412242,3.7533428482349191,-2.5501431061236035,1.9336594686505244,3.6366734167824304,3.5814694225614767,0.0999533559563,0.203483359543,1.2622820428251059e-05,0,6.3114102141255297e-06,13,1,1,1,0,0
678,0,-3.5757072022949759,-6.2831853071795862,3.1415926535897931,-5.9681558164140434,2.2811319468307873,-3.2795685294054873,171.43648668,0.74291746573,0.02955859534928082,0.015137999999999999,0.01477929767464041,60,0,0,0,1,3
679,0,1.9277140553617269,1.2033365975318024,2.8202470887960218,-1.8741459571360917,4.9862915184105896,1.4448574896952799,0.00185924126469,0.796078043592,0.00019304832368042201,0,9.6524161840211005e-05,18,1,1,1,0,0
680,0,-6.2831853071795862,0.31180258653271892,-0.96465933115829061,-3.3716055223525974,5.3904997121513549,-3.4068460502606515,120.8316423,35.9240198689,0.40771978962698835,0.0075689999999999993,0.20385989481349417,60,0,0,0,1,3
681,0,-1.7774212396635467,3.3947423067907043,-0.010945680300825933,0.99739884231941633,-5.0515072803924239,6.1859225095692132,23.6356490704,0.000597434788258,0.00055864401570678078,0,0.00027932200785339039,60,1,0,0,0,2
682,0,-1.961038184256553,0.53313664060153954,-0.10901800418457019,1.5108219064832211,-1.137054331091246,-3.4397074273281056,1.07111097922,0.965254211758,0.00028496410920266559,0,0.0001424820546013328,24,1,1,1,0,0
683,0,3.1769092560990932,-1.1809369607724878,1.6198619577308235,4.3849651704650849,3.6758425387448015,-6.0580803163636139,0.00925825958331,0.430612210329,5.64843421455302e-05,0,2.82421710727651e-05,39,1,1,1,0,0
684,0,0.65921803531705359,-1.8665493280408245,1.5027083727139003,6.2831853071795862,5.3238748270532925,-0.6186848491853203,42.1673874645,17.5074186867,0.095146285282255647,0.0075689999999999993,0.047573142641127823,60,0,0,0,1,3
685,0,-2.980147725795947,6.2831853071795862,-3.1415926535897931,6.2831853071795862,-1.3620740314934783,0.19341201934200253,279.669053842,28.9803372914,0.33405075048353999,0.022706999999999998,0.16702537524177,60,0,0,0,1,3
686,0,-1.6422375881612392,1.4115077122143393,2.2671245940496716,-4.5807460354782856,-5.1732476653956248,-5.4402642555208907,0.012915951061,0.930726393681,0.00026387550016027068,0,0.00013193775008013534,11,1,1,1,0,0
687,0,5.9453924508397007,-1.6013711972942561,1.3256469652064757,6.2831853071795862,-0.10735218259402125,1.6405181638813153,24.9680712627,13.897359325,0.059456176185986802,0.0075689999999999993,0.029728088092993401,60,0,0,0,1,3
688,0,1.596518526774654,-4.0901641814244822,-1.1072004006464355,0.076381376601442813,4.0282103478705462,-0.012917812605841864,0.131588150685,0.822810544183,0.00020624854550349537,0,0.00010312427275174768,19,1,1,1,0,0
689,0,-3.2442056489362265,-1.68148584030801,1.8416506432947317,0.74512415890265959,-1.8574780852870039,4.1960228800618076,0.0670985896775,0.817990497212,0.00020382659289236324,0,0.00010191329644618162,21,1,1,1,0,0
690,0,-4.0532927672050061,2.8268096165838643,0.24165980950252886,1.4159295910360101,-4.2787578992116808,2.5227867087283475,228.442152154,0.548182501143,0.052277355650473221,0,0.026138677825236611,60,0,0,0,0,3
691,0,4.1518671053079421,3.5252530310909851,-0.060900113132394657,-5.8459985896136626,0.44707026698595498,0.48925176377279883,3.15115910778,0.82552703708,0.00021752501839259099,0,0.00010876250919629549,12,1,1,1,0,0
692,0,-1.3511685107240277,-3.3944838847484271,2.1403220816330988,0.2025233233896524,-4.2563273649330036,5.5962247349778247,0.0426603681209,0.657204837346,0.00013157162701092403,0,6.5785813505462017e-05,19,1,1,1,0,0
693,0,3.0838023640694572,0.24567890922566024,1.220963138276113,1.3302997112753283,-4.4791053408003121,2.4154815968199284,0.0187277669131,0.327872260003,3.2746790030761752e-05,0,1.6373395015380876e-05,15,1,1,1,0,0
694,0,-2.6526808101899784,2.6997544239088764,3.0282973414828578,-5.6490578226183539,-1.6839319425277188,6.2831853071795862,93.72644868,38.0580218259,0.4499964857343014,0.0075689999999999993,0.2249982428671507,60,0,0,0,1,3
695,0,-2.5678331076027319,-0.25483651607527752,-2.9680416253531532,2.7481872300712626,-4.7252491010646418,-5.033529136537628,0.119502303989,0.573685527035,0.00010026846848026925,0,5.0134234240134625e-05,18,1,1,1,0,0
696,0,-0.77293791968380143,0.72607790525632576,-0.068948900557298798,-3.8729625753936672,1.4008793955263743,-6.2831853071795862,211.859568887,38.5541083857,0.49767368071721158,0.0075689999999999993,0.24883684035860579,60,0,0,0,1,3
697,0,2.9417231949743976,0.46071509360782936,0.55114242381437573,-2.8023815586195067,2.2153661616507612,0.77673194881783247,1.43135300934,0.1023201515,5.2379371348478407e-06,0,2.6189685674239203e-06,9,1,1,1,0,0
698,0,-2.0221978328967376,-2.9052249676055699,-2.7746772981445758,6.2831853071795862,-0.62330202428805559,-6.2831853071795862,289.646846638,55.7982768025,1.0323056989925672,0.015137999999999999,0.51615284949628359,60,0,0,0,1,3
699,0,1.4832796449152974,-0.23398130309096321,1.0435452303214119,0.60322896465413034,-0.27434787828088197,-6.100111461360096,0.420829678316,0.719447351694,0.00015784844239860555,0,7.8924221199302776e-05,22,1,1,1,0,0
700,0,-5.3816744157549703,1.4139796975098,1.2796077849748584,6.2830962129850061,-1.2054696179345117,-4.1306335077661691,0.0324492960921,0.835204711111,0.00021249208504555371,0.0075535055479185624,0.00010624604252277686,23,1,1,1,1,0
701,0,1.6409630658271228,0.51895724588723147,-1.4931972313184172,-6.2831853071795862,3.0475721907651003,-1.6561291163026723,0.540700273157,0.890696032175,0.0002419573644487298,0.0075689999999999993,0.0001209786822243649,26,1,1,1,1,0
702,0,-6.2831853071795862,-0.012323435189630812,-3.1221087212158967,4.5203400501134876,4.2313684114392895,-3.6136343829048019,121.566133814,11.1178511606,0.052431052846570694,0.012127419387692587,0.026215526423285347,60,0,0,0,1,3
703,0,-4.006820568307548,2.2329488650676579,2.041314418354101,0.012452630778194853,4.3177257873048838,2.0120309329582664,0.0283018275448,0.48076029301,7.0407165150347992e-05,0,3.5203582575173996e-05,10,1,1,1,0,0
704,0,3.4537572349524943,1.0616930123870041,2.0303763222784679,4.4351638212237425,-1.5148566552062888,-1.6811298420705527,0.685784100404,0.502079748046,7.7259499840170678e-05,0,3.8629749920085339e-05,43,1,1,1,0,0
705,0,-0.18059947553432726,3.0147014079819603,2.3592597902236299,2.2695334298208141,-2.0185566209454207,2.3634013688363691,0.235599166085,0.821013778612,0.00020538702908645237,0,0.00010269351454322618,13,1,1,1,0,0
706,0,-4.146875310399289,2.9225826813622415,1.2452336394787675,3.5134051739447876,-1.1815685041682251,-1.0847254344286441,0.0932516638431,0.0616628334099,1.1669442185058821e-06,0,5.8347210925294103e-07,42,1,1,1,0,0
707,0,-0.46135151423133891,-5.5367874236876666,2.2950170044218585,4.9768178757903723,-1.7524159655299385,1.8733680107509234,0.82810593534,0.01143845002,7.2561501641500658e-07,0,3.6280750820750329e-07,14,1,1,1,0,0
708,0,0.67302141158402984,1.4895804452671637,2.3514379091774118,4.1031294099887194,-0.99018740037910913,1.4048904756509331,1.18347328553,0.103250397736,4.6480270788411931e-06,0,2.3240135394205965e-06,29,1,1,1,0,0
709,0,-0.40663588584556121,-4.4037137252249998,-0.010072406996831484,0.87136715392200981,4.5202587204629703,2.5850226105122958,45.6825232465,0.000176687843662,0.0020868929396760921,0,0.001043446469838046,60,0,0,0,0,3
710,0,2.9903027283109873,1.9129110208059159,0.86790399153200826,-0.52312366786391551,5.9590359197505478,4.5816075944149315,22.9243601042,55.2308355389,0.92974427058248721,0,0.4648721352912436,60,0,0,0,0,3
711,0,-0.83358083398065219,0.21232218480912748,2.6852578651046088,-1.2221640197967121,-1.6392462101145533,2.0172015120107987,3.84322825409,0.722182139319,0.00017364271775167545,0,8.6821358875837726e-05,35,1,1,1,0,0
712,0,-0.29150365047030913,4.154327570238312,2.2573617176951353,0.81403102576179354,-2.1918637361637447,6.2831853071795862,85.3916624971,48.8013029282,0.7327585816323442,0.0075689999999999993,0.3663792908161721,60,0,0,0,1,3
713,0,4.0216249659393641,3.9238545150347797,0.43288148091835182,1.6306214849901033,-4.392216795454452,0.55746328156622449,0.0369973607411,0.652301031052,0.00012961505592025047,0,6.4807527960125235e-05,26,1,1,1,0,0
714,0,1.7425585051333299,-4.7697972488943625,-2.4938180280022442,2.1547896753746509,-1.4996853212278904,-5.5558465242753883,0.0286699520443,0.608489679959,0.00011278837357297273,0,5.6394186786486366e-05,9,1,1,1,0,0
715,0,-0.69280677608200547,-3.9612732353275577,0.88265112301694171,-5.2161673760738827,1.3433018346703189,-0.41646943040881429,0.142578305152,0.614124296221,0.00011490637758054211,0,5.7453188790271055e-05,24,1,1,1,0,0
716,0,4.0071407960938226,0.30418837138070953,1.0017369192951699,6.2062084532854023,-2.0128417684492774,-2.9343499834544713,1.06968625902,0.053454775705,2.0146464819692764e-06,0.00010046345785853511,1.0073232409846382e-06,18,1,1,1,1,0
717,0,-1.481348672157859,-3.8177878105597425,2.551483402947694,-4.784308057541387,1.7376552106469088,1.1717601708697414,0.120568020286,0.133364466562,5.4324867319580124e-06,0,2.7162433659790062e-06,16,1,1,1,0,0
718,0,0.3785602444072026,-3.6340467521451134,1.2852425584421152,-1.9386809278181809,-1.5617468391292357,0.75944714176424688,0.0333103260845,0.00510479771772,9.0475909018447233e-09,0,4.5237954509223616e-09,47,1,1,1,0,0
719,0,4.19213783912903,-4.7252470937470719,3.0323232136172011,-4.9267250924687298,0.93225790591978175,-0.47710130928988465,906.073157865,27.0926021764,1.0445605233187578,0,0.52228026165937891,60,0,0,0,0,3
720,0,6.0506317529712552,3.3497438113362601,-1.0556965629954747,2.7528264163411147,2.3538431756173193,-6.2831853071795862,0.00701716590891,0.894967678653,0.00024398859453820241,0.0075689999999999993,0.00012199429726910121,9,1,1,1,1,0
721,0,-2.1570471202214736,1.7574582188737775,0.59751754558991665,3.3488070512437549,1.9979470165375262,0.41687193096965769,3.07266656041,0.0413673827147,9.9625595046505863e-06,0,4.9812797523252931e-06,10,1,1,1,0,0
722,0,-0.13497329038748021,3.8260458370869186,1.6547804154697006,6.2831853071795862,0.095311358998428422,-6.2573487277535031,1670.88441342,41.6485140855,3.3202437111407588,0.011309964016301842,1.6601218555703794,60,0,0,0,1,3
723,0,-5.265756992761367,-0.45230878662597884,2.7125453733133336,1.0576834277382121,-5.4512363554829451,-2.7300883735220274,1.58329271235,0.977335521813,0.00029347272130862624,0,0.00014673636065431312,14,1,1,1,0,0
724,0,5.0683525601427801,-4.900398259945967,2.4664581690620673,6.2831853071795862,1.7663120909648173,-1.4058523033053998,125.980510784,47.5082189264,0.70340200774258133,0.0075689999999999993,0.35170100387129066,60,0,0,0,1,3
725,0,-6.2831853071795862,-0.71795455370420536,3.1415926535897931,5.7730798242707264,1.6828751851894537,-6.2831853071795862,1338.23202969,56.4745687787,2.7624047329969876,0.022706999999999998,1.3812023664984938,60,0,0,0,1,3
726,0,-0.12292414350282101,-4.2072527763935588,-2.6421898024538835,-2.0016349312207109,-3.7506366426838578,4.073874265624994,0.535400698138,0.0562742557196,1.2513138719837301e-06,0,6.2565693599186505e-07,21,1,1,1,0,0
727,0,6.2831853071795862,-4.0732814350591333,3.1415926535897931,-5.5905790327397797,6.2831853071795862,-6.1982730414871661,412.272783741,4.56629544979,0.17632044252361123,0.022711358634539044,0.088160221261805616,60,0,0,0,1,3
728,0,1.4801559315332873,0.75667329988374898,-3.025928418521592,4.8012742718436909,-1.9226343247334903,0.70444481136097237,77.6980404344,0.86259643303,0.0062636429648101699,0,0.003131821482405085,60,0,0,0,0,3
729,0,-3.9753181523906922,3.8493939932939818,3.1415926535897931,0.82957927183366797,-1.1662715498502099,-6.2326673447556766,14.0939288679,0.0500703252591,0.00019940251821985944,0.00889993906570327,9.970125910992972e-05,60,1,0,0,1,2
730,0,-6.2831853071795862,6.2831853071795862,2.8534790129545349,-5.8443512067267482,-5.3423895453596923,2.2729905326050175,169.749873201,46.1572850489,0.67780089797568444,0.015137999999999999,0.33890044898784222,60,0,0,0,1,3
731,0,-4.0213613708747156,-1.6784141730818052,-1.2784420048248106,-0.98583836504545963,-2.2404686974337507,0.66314449526687003,0.00357522516023,0.446711058227,6.0786653316693317e-05,0,3.0393326658346658e-05,14,1,1,1,0,0
732,0,-1.7144692478521881,6.2831853071795862,0.53946579185306909,0.088559886116286721,3.7653411650095983,3.63207623071952,8.4061898504,0.630754474548,0.00019185643598569241,0.0075689999999999993,9.5928217992846207e-05,60,1,1,0,1,1
733,0,-4.9029321183269348,3.2062129499396463,2.1259287886074572,5.6116951736735148,0.32152853673120013,-3.064670711839883,0.67854335007,0.438709342667,5.9088883077371482e-05,0,2.9544441538685741e-05,21,1,1,1,0,0
734,0,-1.8064907176043716,-5.0741587267820165,-2.7214273036192762,-3.8118937347446016,-1.25670026122694,-2.1599475001366435,0.0156387357358,0.322589842082,3.1700014559243478e-05,0,1.5850007279621739e-05,21,1,1,1,0,0
735,0,-5.3361112188457724,5.8878782999778405,-3.1415926535897931,4.6717271418988808,3.1208764008579655,-6.0857329469158081,971.079347372,12.7259409018,0.99232775960032038,0.0075689999999999993,0.49616387980016019,60,0,0,0,1,3
736,0,2.2032796282046125,2.1494321240080976,-1.430214126732138,-3.9002200896467092,4.1402237691132315,-6.1291445329578345,2.08014306955,0.0442043041307,4.922223873826886e-06,0,2.461111936913443e-06,17,1,1,1,0,0
737,0,-2.6863414479883772,-4.481600027559324,0.81182358669558641,-4.3190257243021719,2.3940252207404904,0.97357453645629688,3.70594442495,0.725174254571,0.00017392553202384844,0,8.6962766011924219e-05,58,1,1,1,0,0
738,0,0.68655497967042245,-5.0521590457001171,1.4039639019764216,1.7901632029918428,-4.5125277637879995,3.3038532089091119,0.0584766952659,0.20079215393,1.2284829019681113e-05,0,6.1424145098405564e-06,18,1,1,1,0,0
739,0,1.3129404881159725,-1.1138459494839834,2.4353717516817142,2.0964332842990525,-4.7994195662129613,3.0153046506284031,0.524804286067,0.539141768656,8.8819736722822143e-05,0,4.4409868361411072e-05,10,1,1,1,0,0
740,0,-4.2828243440514306,-1.2842874992657374,1.2152158076510966,4.8324439459492847,-5.2402223872902542,2.5939050595012496,0.478470073793,0.2864748018,2.522821877078156e-05,0,1.261410938539078e-05,33,1,1,1,0,0
741,0,0.6900941381971416,-6.0136484588022938,1.3795445107136508,2.2891252523096446,0.96079012037050848,-1.0718706910969982,0.0218345652574,0.982906957237,0.00029429322008398429,0,0.00014714661004199215,17,1,1,1,0,0
742,0,-5.7642649804768959,-4.109384622587851,2.2795780947498967,-4.3982149374427992,-4.9607261015603186,-1.2866831881303631,0.0442372120559,0.873944701248,0.00023266244902364164,0,0.00011633122451182082,36,1,1,1,0,0
743,0,0.036122278453163514,-0.45032412513836084,2.6681760086329929,-6.0199738326871852,3.8741499237784018,-3.6283291841736003,0.159209629022,0.148289393334,6.7238068384856255e-06,0,3.3619034192428128e-06,12,1,1,1,0,0
744,0,-5.0453493055868908,-6.2439843135000652,2.9588447225246028,5.9962655136457554,6.2831853071795862,-6.257861429026998,112.557578504,36.9649774737,0.42890136290457442,0.013657689011361976,0.21445068145228721,60,0,0,0,1,3
745,0,-5.527083524883567,-2.634776411908951,1.242311733597355,2.1263340645011506,4.3042134666598688,0.78539753787704758,0.46638089927,0.00534549726736,2.2621538524187771e-07,0,1.1310769262093885e-07,38,1,1,1,0,0
746,0,-0.17659619041223332,-6.0162395040079746,0.03342591872206753,0.43759444594558439,4.9024015981214157,-3.9446244136595716,11.0362387667,0.02469794303,0.00012198437920517466,0,6.0992189602587328e-05,60,1,0,0,0,2
747,0,-6.2831853071795862,-3.2330522083571114,-1.8781616374325936,4.2751375404981351,-4.9266802990112115,6.2831853071795862,23.8262433237,4.39190630429,0.006443406842641464,0.015137999999999999,0.003221703421320732,60,1,0,0,1,2
748,0,2.0089912495694779,-6.2831853071795862,0.18594293828388206,-3.8885646333263022,3.3656290432141143,-6.2831853071795862,111.242341306,0.18080501676,0.012384816581064518,0.015137999999999999,0.0061924082905322588,60,0,0,0,1,3
749,0,0.19604471960013842,5.9506134459217188,-0.42916013762197769,1.79382506162828,3.9976001719870018,0.35961000472482879,0.273951116534,0.302537399877,2.7956339965378787e-05,0,1.3978169982689393e-05,12,1,1,1,0,0
750,0,-0.017556118284304423,-6.2831853071795862,2.4887799422887413,3.8282998800772075,-5.0253961219694698,4.4337185196701583,311.592569968,17.7839553527,0.19343099710720904,0.0075689999999999993,0.09671549855360452,60,0,0,0,1,3
751,0,-0.4590811179544933,-3.2704003344786514,2.3144233229781377,-3.1768441501665921,-2.3089970490938327,6.2831853071795862,0.0951947066507,43.6941855953,0.58157005958684926,0.0075689999999999993,0.29078502979342463,60,0,0,0,1,3
752,0,3.171354371741506,5.8842378322905544,1.7155238864497608,-3.4156158627518294,-4.2900331516100527,-4.7343949379683075,0.0722053427764,0.022902710132,1.6499584522008428e-07,0,8.2497922610042139e-08,9,1,1,1,0,0
753,0,-0.23556471012832547,5.9919291406781197,0.17585888339951211,6.1862895125202932,-2.8173083928788287,6.2831853071795862,136.368247965,23.3139583917,0.18416825119876185,0.0075689999999999993,0.092084125599380923,60,0,0,0,1,3
754,0,1.1137494267643946,1.770180836563308,2.5671798953767162,-5.5692982373564961,1.7114866133675413,-6.2831853071795862,1.92877138854,13.1603409367,0.052761804280777175,0.0075689999999999993,0.026380902140388587,60,0,0,0,1,3
755,0,6.2831853071795862,0.72020040193115509,-1.3577867278414937,4.2770880323468274,-5.2003971705583405,-2.8052717729677146,576.340521872,35.6777303055,0.71991604475366755,0.0075689999999999993,0.35995802237683378,60,0,0,0,1,3
756,0,4.4821402458721549,3.6358576639680851,2.3702776104436429,-6.2644161832118268,-3.5467180298849477,-4.9668884057586391,225.610221367,46.2753563249,0.70321033533855304,0.00465545244412698,0.35160516766927652,60,0,0,0,1,3
757,0,-1.8733908448102681,-0.28464789404592789,-2.9168649991836233,2.3686309917349173,1.8551921950881756,-4.5619168030948991,0.757792930574,0.0301243394145,8.5068307000756407e-07,0,4.2534153500378203e-07,7,1,1,1,0,0
758,0,2.7897457255648161,1.6277482050193686,-2.9511774510905799,6.1932352239271014,2.0611029057750274,1.730546413733441,0.303163587668,0.0289612524944,3.4740728469218506e-07,0,1.7370364234609253e-07,19,1,1,1,0,0
759,0,6.188031460591592,-3.9772503486637127,2.7856257069679073,-0.11247040558855713,-3.8492313942195207,-6.2831853071795862,192.198286587,55.87818377,0.98806890737979269,0.0075689999999999993,0.49403445368989635,60,0,0,0,1,3
760,0,2.2687949896932489,5.1900369360859679,-2.0027816167358998,5.1538969517457476,-0.7449528991644726,-5.9386362704724727,1.72359922732,0.767424434566,0.00018237225754944003,0,9.1186128774720017e-05,46,1,1,1,0,0
761,0,3.2655486466790253,1.8382740663793637,-1.2335826723940022,2.9624031962239514,-5.310391267857379,2.6853161019207561,0.0106808275313,0.899550607929,0.00024649387884999752,0,0.00012324693942499876,40,1,1,1,0,0
762,0,-3.1118195687510841,6.2831853071795862,-3.1415926535897931,-5.4850139510889377,3.9510558498929615,6.2786329141270452,1067.23371392,5.33619339209,1.1476617689435249,0.021935607891362674,0.57383088447176245,60,0,0,0,1,3
763,0,3.7301326355003166,-3.3529740937326613,0.48971380634806516,5.3572298204495095,-1.556924273235623,-6.2831853071795862,0.156536236093,37.4880420975,0.42809512073190359,0.0075689999999999993,0.21404756036595179,60,0,0,0,1,3
764,0,-0.52833757631323941,-6.2831853071795862,-1.0919703098954652,-3.7977783435418604,2.5715343519317111,-4.542011440103721,245.67519764,29.7659132663,0.33025025873244873,0.0075689999999999993,0.16512512936622437,60,0,0,0,1,3
765,0,-0.84013435849992746,1.5911540996090787,0.52046209866507542,2.5294546429215403,1.6797494477925892,5.2946104207658751,1.09605549114,1.98035805201e-05,1.2013377591296866e-06,0,6.0066887956484329e-07,27,1,1,1,0,0
766,0,0.37170689495481152,-1.9139101289822043,1.7791043946214127,-0.62573670448493168,-4.6975562802910096,3.6796975692433413,0.0441565464574,0.826628740923,0.00020815162494604858,0,0.00010407581247302429,14,1,1,1,0,0
767,0,-0.42237514925674058,0.16667577522437171,-0.89605348099840165,3.6060858804398364,-5.3840830987531518,-1.5746059069141214,0.0109533666085,0.822418911598,0.00020603507727807229,0,0.00010301753863903614,58,1,1,1,0,0
768,0,2.2403598030258278,-2.8527644739176852,-1.4199194940664994,5.5247682093511763,4.6637096112728829,0.60945695328245286,0.0170749636501,0.628099002589,0.00012017440936410546,0,6.0087204682052729e-05,18,1,1,1,0,0
769,0,2.1259626575393145,-6.199227928544488,2.5559391882353522,-3.8130302235150682,-4.1147375457273121,-3.2608651211411153,3.70807930685,0.944589008462,0.00028554425601111052,9.2575447701567141e-06,0.00014277212800555526,36,1,1,1,1,0
770,0,-0.97681271880697418,-5.4126776956381804,-1.0371467741758791,3.1827824032080936,2.032107208611702,6.2208632444503484,0.0317915217963,0.766589211052,0.00017901218463111434,0.00060900058793967422,8.9506092315557169e-05,15,1,1,1,1,0
771,0,4.4467640934935488,-1.5080039259969396,-2.7236677026353715,-1.4515881018524537,3.7191095682482556,-4.2889771457703905,0.109788048772,0.670153873356,0.00013681762952663052,0,6.840881476331526e-05,13,1,1,1,0,0
772,0,4.2868550759095934,0.8806778498461324,2.694584516928709,4.9705262212256951,-1.9796270532312095,-2.7590425400802054,0.106608337194,0.64581829405,0.00012706158532036179,0,6.3530792660180897e-05,11,1,1,1,0,0
773,0,-0.030933510228847636,-1.6399876024858182,-0.59617673346121569,0.47849716553201332,-4.5255569228795212,-0.82123397032017564,0.0110347518624,0.236048570629,1.6973077753768127e-05,0,8.4865388768840635e-06,51,1,1,1,0,0
774,0,-5.2952857343076296,-0.16136360866193081,3.0665543829284387,-0.11295558525455113,3.8080495204534452,-0.17242005369902769,18.8245015988,0.0508083069607,0.00035514822545589154,0.00014308296877101528,0.00017757411272794577,60,1,0,0,1,2
775,0,-5.9398017575385298,-3.2177892887000357,1.1002730010461699,-5.305435560154435,2.392222046684287,-0.72040646523467444,0.0725723940516,0.152759041679,7.113613187323717e-06,0,3.5568065936618585e-06,13,1,1,1,0,0
776,0,-1.0068231466596536,1.5486030099430965,-1.7923693197028419,-0.73487769561621163,2.9387361378065533,-2.6377012155024468,0.02319383939,0.752524641857,0.00017250335299252124,0,8.6251676496260619e-05,37,1,1,1,0,0
777,0,-2.6083000424526772,-6.1180400266795782,-2.6864461402427424,2.9773981769973812,4.8973455144100173,-6.2831853071795862,0.108942444942,4.66434642599,0.0066273073169396783,0.0075689999999999993,0.0033136536584698392,60,1,1,0,1,1
778,0,-3.4303736319749518,-5.5928096953902049,-1.5413108272930445,3.7037365909557685,-1.029935224627079,0.45115841511166538,0.038778078237,0.658342154879,0.00013202707780002134,0,6.6013538900010668e-05,9,1,1,1,0,0
779,0,-2.1374461325619354,-4.6707006809648011,2.86557632323747,-6.2706909362847334,1.3115041823719957,1.5806208796200436,55.3019718782,1.73301937822,0.0039731826993796588,0.0055510887683537513,0.0019865913496898294,60,0,0,0,1,3
780,0,4.964518200278655,5.8722595448504249,2.6202763705541541,1.0511562660993803,1.1453125358596452,-5.5125539871044911,3.84781963783,0.772313513861,0.00019650030897413624,0,9.825015448706812e-05,5,1,1,1,0,0
781,0,-3.3862646875156202,5.5991745546913387,0.42926022561410437,-5.9826050952415244,1.0023854745946756,6.2831853071795862,59.7249689393,57.2431241484,1.001729897527794,0.0075689999999999993,0.50086494876389698,60,0,0,0,1,3
782,0,-1.9678833932171054,0.6004878387006557,-0.11176029457310346,-4.8080005207607419,-1.2798927223159757,2.8483045831018674,3.49742652398,0.949173856685,0.00028667127202816026,0,0.00014333563601408013,26,1,1,1,0,0
783,0,0.19067880380853189,3.1843660422329565,-1.2771089847620962,5.8554768359295553,5.8488775493571987,1.7082442094682375,0.0195330911353,0.43845274545,5.8560281059190158e-05,0,2.9280140529595079e-05,25,1,1,1,0,0
784,0,4.0128697575856958,-3.0823556884368175,2.0607920108901876,-4.6683814001987409,1.0932681743971764,0.67276133373642844,1.08103232525,9.25240477962,0.02607855032159111,0,0.013039275160795555,60,1,0,0,0,2
785,0,2.618492011557394,-4.3901456026483601,1.4846877522735302,-2.0571773967943598,5.7342295324102723,-3.2890305205837831,0.0448369020843,0.558865767736,9.514345734359776e-05,0,4.757172867179888e-05,15,1,1,1,0,0
786,0,-2.705455811750221,2.6569931155189437,0.13541415445105348,-3.4914735164261734,1.0720791392855822,-4.8616509209771133,50.7718935097,0.000666275973199,0.002577785305784112,0,0.001288892652892056,60,0,0,0,0,3
787,0,-6.2831853071795862,2.587686382814081,-0.82443250284028091,1.1905706521387696,-0.64278769872227071,-3.2626098281058389,4.59766879121,0.140544260327,2.7155571504460777e-05,0.0075689999999999993,1.3577785752230389e-05,46,1,1,1,1,0
788,0,4.2806537578257204,0.71029472642107572,-2.3951338561625417,1.7710039697516418,4.7624550648598412,4.4532700044564528,0.00763448816027,0.430538841672,5.6465068531161136e-05,0,2.8232534265580568e-05,12,1,1,1,0,0
789,0,-0.2881302937080551,6.2831853071795862,-3.1415926535897931,6.2831853071795862,-4.5381743273362174,-6.2831853071795862,473.573494395,3.65147779617,0.22833340701940538,0.030275999999999997,0.11416670350970269,60,0,0,0,1,3
790,0,-2.8833751872908921,0.18427455577007482,-1.765403489702523,4.1859479430724216,3.6280191723097945,-1.0830790491108959,0.0290473163271,0.794249932445,0.00019216355087282443,0,9.6081775436412215e-05,9,1,1,1,0,0
791,0,-6.0742249913850488,6.2831853071795862,-3.1415926535897931,-0.17869100747484842,-0.30290302456789242,5.5831853071795869,1339.19821226,7.33059451091,1.8098212656075572,0.015137999999999999,0.90491063280377859,60,0,0,0,1,3
792,0,-0.20030888873978137,1.4225152391794227,1.9786489149142366,-5.4824963429364564,-3.5897054162450219,-6.2831853071795862,41.1074407412,49.9981288936,0.76317637505638314,0.0075689999999999993,0.38158818752819157,60,0,0,0,1,3
793,0,0.60572077868027763,-4.4059507301185707,-1.7096562780921341,3.7385091532929002,1.826695535785561,4.1153060250143598,1.57906252632,0.213799031512,1.641750860264146e-05,0,8.2087543013207301e-06,54,1,1,1,0,0
794,0,-4.8400585083802508,-1.080508491211533,-2.5783835589161694,0.12706552085773343,-0.94398881783249944,-5.5166240475511019,0.0164798445382,0.179775482016,9.8452701895804782e-06,0,4.9226350947902391e-06,17,1,1,1,0,0
795,0,2.7917145343642118,2.6544214079131625,-0.29161188760224332,-4.5408652706422385,1.3205818471659507,-4.2368681173168312,19.193396059,0.00235830761966,0.00036838814644083188,0,0.00018419407322041594,60,1,0,0,0,2
796,0,-6.2831853071795862,-2.5656447150606447,-3.0936249115739911,0.067499434852637596,6.2360851709617311,-5.4400875816580196,282.509749688,25.2816880259,0.2745121708438093,0.010684516293178702,0.13725608542190465,60,0,0,0,1,3
797,0,0.70705274106917393,5.9659652429522945,-2.7542942908495327,-1.1388334345296913,-3.1209794752331086,-4.6803741624618516,365.160472115,26.1897497814,0.34228017053283843,0,0.17114008526641922,60,0,0,0,0,3
798,0,5.4602810303380354,-3.9624397681427719,-2.9969548341978016,0.70564172044419537,-5.3535019387209095,-2.8176910423509574,473.134580385,2.2898106964,0.22545351127195967,0,0.11272675563597984,60,0,0,0,0,3
799,0,5.4339566804063022,-3.0494524555221663,1.4409054593228128,2.260028335907819,5.530974341228899,-2.7073139099644909,1.34885166606,0.642205542793,0.00012745214159463769,0,6.3726070797318846e-05,26,1,1,1,0,0
800,0,-0.83028509316375965,-3.7745043551082147,-2.7888151723197687,-2.8585341797896007,0.81327535992527389,-0.25778262738674412,23.7533619035,0.0313559276458,0.00056452169979714895,0,0.00028226084989857448,60,1,0,0,0,2
801,0,2.3446262349004776,0.1685536787998814,-2.4151309726134782,2.2287773534855715,-0.73309552978927017,6.2831853071795862,0.0203245553288,0.513619205952,8.0359916693812392e-05,0.0075689999999999993,4.0179958346906196e-05,18,1,1,1,1,0
802,0,2.1282549283708327,4.9545479881177723,-2.6598980897084794,-3.3463852148778677,1.048516625773817,-2.5256453208844634,0.03468481992,9.64180767247e-05,1.2058685921288699e-09,0,6.0293429606443494e-10,11,1,1,1,0,0
803,0,-0.69547312637697933,2.9322665465774946,-2.9775851976434509,0.91651639338247648,4.5964659393110958,1.6888631829718797,0.58638205411,0.00190425784165,3.4494851643913798e-07,0,1.7247425821956899e-07,15,1,1,1,0,0
804,0,2.5116922453184234,-2.2760640538943111,-1.0137331259983842,5.9972349701794636,4.2969425394360945,0.16122586487420648,1.17501302571,0.324574752641,3.3471726121499237e-05,0,1.6735863060749619e-05,18,1,1,1,0,0
805,0,3.9761939794825341,0.18794239065557519,0.091802631114886291,-6.2831853071795862,3.0716992981747984,-5.36668872849362,63.1262197068,8.19278237419,0.024431353511054629,0.0075689999999999993,0.012215676755527314,60,0,0,0,1,3
806,0,5.6922237811793472,5.6443936253853844,1.4443937561104232,1.3276685832821895,4.6854216550408134,1.7361470907578207,0.134388272921,0.0372321843266,4.403317042744812e-07,0,2.201658521372406e-07,14,1,1,1,0,0
807,0,-6.0883731285954381,5.5761626581994426,-3.1415926535897931,-3.3305347639963867,-4.3668588992388733,-1.794228532854828,13.3229903836,0.00654798932232,0.00017751513358760473,0.0075689999999999993,8.8757566793802367e-05,60,1,0,0,1,2
808,0,2.4642611263072296,-2.4510401575167986,-0.7351466008404427,0.025169120514701673,1.1439826264962103,-1.9221809359197422,8.84290180572,33.4601832601,0.34112294473844423,0,0.17056147236922212,60,0,0,0,0,3
809,0,-0.89325657578929973,-0.44304103964885283,0.33792434822002532,2.6614503063781494,3.194362256642246,3.8019981879420786,67.2868770555,0.0731109860854,0.0045291520698718156,0,0.0022645760349359078,60,0,0,0,0,3
810,0,-0.89084992526356399,-2.9186591666281299,-0.10947918238502352,3.0053766605758803,1.427220744488489,-0.17715097042561795,82.6831462387,4.19118712356,0.012187427347899042,0,0.0060937136739495209,60,0,0,0,0,3
811,0,1.7349955817259395,5.8582726556493538,0.84527358205801573,6.2831853071795862,-0.91870859383792192,-6.0974611585807432,2.6271868568,0.991083845794,0.00030611171520622332,0.0075689999999999993,0.00015305585760311166,37,1,1,1,1,0
812,0,-5.0028213067061182,1.1793753605045523,2.9109981317976676,-4.9755735080690631,-4.5791061795040466,3.301904317234257,3.9318057336,0.181339712138,2.5476163339662493e-05,0,1.2738081669831246e-05,28,1,1,1,0,0
813,0,-1.8619042540424138,2.9919889066614016,-1.3616325891168608,-2.7985382699174033,0.63599289101511702,-5.0339941659098573,0.0689490150077,0.32616080639,3.2410220595815523e-05,0,1.6205110297907761e-05,33,1,1,1,0,0
814,0,3.654164142272573,2.617298837259951,-1.5857448044465996,-5.4435035960978899,-1.8133411999594378,-2.0577039823726309,1.12756161305,0.604858054323,0.00011271667306382467,0,5.6358336531912334e-05,32,1,1,1,0,0
815,0,6.2831853071795862,-3.3501579614108317,-2.2587748581238771,-3.4989343433285787,4.3628191128876797,6.2831853071795862,353.572875089,57.2088190019,1.1219805870755395,0.015137999999999999,0.56099029353776975,60,0,0,0,1,3
816,0,2.4553654453702545,-5.4233252707613948,-1.1786666299417032,-6.2831853071795862,-2.0458457904969167,-6.2831853071795862,54.6201975136,37.823317659,0.43877006985104278,0.015137999999999999,0.21938503492552139,60,0,0,0,1,3
817,0,-3.0431890471933158,-5.1265958266753771,1.473798085060841,4.5671724298873757,-1.3383480544651856,-6.2831853071795862,0.0265045406465,45.4107394298,0.62816232150140139,0.0075689999999999993,0.31408116075070069,60,0,0,0,1,3
818,0,1.9684640518030756,0.44634558079766901,1.1725654254808382,4.8335769613220849,-5.774057026782847,-4.9526252358459137,0.0843629651541,0.837492831062,0.00021366402138566393,0,0.00010683201069283197,59,1,1,1,0,0
819,0,-2.2436750775764165,3.924725685087346,-2.5334051012429653,-2.4355806963981053,1.9334456444247297,0.5343380049741645,0.0186878685871,0.234664296704,1.6774817869789908e-05,0,8.3874089348949538e-06,20,1,1,1,0,0
820,0,-2.0585892587504193,2.5851226704750094,-2.0771190227242804,2.5905372837972163,-1.921971322495811,-1.8231134466997878,839.031310995,42.2836238293,1.2486005012751511,0,0.62430025063757555,60,0,0,0,0,3
821,0,6.2831853071795862,0.55414204077225238,-2.562439955609479,5.3552948281632045,-1.4947195622717859,2.0783223808883191,813.530944439,32.3480279613,0.98058271602991065,0.0075689999999999993,0.49029135801495533,60,0,0,0,1,3
822,0,-2.8694003794873719,-3.7973522312748784,0.14870875548684465,-0.49180415421995516,4.8676734282240943,4.1876824438397344,113.066947242,0.391334717927,0.012830784541986259,0,0.0064153922709931296,60,0,0,0,0,3
823,0,-5.347698516116723,1.1853512320771402,1.7339300464414573,-0.87189712612190784,-2.1234706280885196,6.2831853071795862,0.0252148477815,0.945207287083,0.00027215096093701781,0.0075689999999999993,0.00013607548046850891,25,1,1,1,1,0
824,0,0.69893558791363541,5.7729608483731809,-3.1415926535897931,1.4939602414971884,5.9366950238312093,-4.8505748594993303,88.7416368327,26.0879060203,0.21519124847033,0.0075689999999999993,0.107595624235165,60,0,0,0,1,3
825,0,-3.3078124966169482,4.5195934968113969,2.4722095177437828,-0.56155056772739309,-1.5575509917751318,-1.9497797744908938,0.082463324225,0.200650795927,1.2270923517970525e-05,0,6.1354617589852623e-06,16,1,1,1,0,0
826,0,-6.1668570525496724,-4.5054027192458976,0.69780904080489436,-2.4072065012036483,4.5257795108760792,-4.3740182832435019,0.0246452920087,0.797016181195,0.00019350419101907547,0,9.6752095509537736e-05,52,1,1,1,0,0
827,0,5.8500249275593781,-3.2921094350196052,0.2983049458186362,1.8836680839630158,-3.9900155653058427,4.8937882865896372,249.498922979,10.8632437572,0.098197634055255834,0,0.049098817027627917,60,0,0,0,0,3
828,0,-0.1126047600174724,-3.7660239470594545,1.0605378023096732,5.9873601961400791,4.5740810859388548,1.7598696417285824,0.305620971303,5.76231719794,0.010114701440534163,0,0.0050573507202670816,60,1,0,0,0,2
829,0,-4.4791089940968476,-6.229906949894251,3.1415926535897931,-5.488546854931208,1.4268541443906995,-5.676081686357433,509.689082817,0.457375423131,0.25984668475497885,0.0087061491873755004,0.12992334237748943,60,0,0,0,1,3
830,0,-4.5495451836980711,1.6926463689738809,-3.0248873146003876,-5.7842905513297334,-4.4317405743392797,-3.2661321000472321,1.04755481304,0.0265910463991,1.3127611133885292e-06,0,6.5638055669426458e-07,28,1,1,1,0,0
831,0,-5.1010187144070009,6.2831853071795862,0.95785023077455211,-5.695660400022291,4.6984979343657161,0.80667009673770074,569.34086258,3.88781786097,0.32875334900937997,0.0075689999999999993,0.16437667450468998,60,0,0,0,1,3
832,0,-1.4548722372784104,-5.2109492653720677,2.5662551876423092,-1.2505914718797748,4.4577893800540167,-3.2007032702693579,3.17187154751,0.396132996399,5.7861746114966462e-05,0,2.8930873057483231e-05,9,1,1,1,0,0
833,0,-2.6008054488067147,-1.5021077374194598,-1.3033851428813508,-3.7693878092932751,-5.2889412684812163,0.70258076733150376,0.0101738458332,0.586008122828,0.00010460740695622214,0,5.2303703478111068e-05,17,1,1,1,0,0
834,0,-1.5557635312472915,-1.1283858681053147,2.7481558751179387,6.2831853071795862,4.5320542092785532,3.6141397822185346,3.97398326874,0.989737328778,0.00031418966899568647,0.0075689999999999993,0.00015709483449784323,26,1,1,1,1,0
835,0,5.008644107438367,1.5824162842286129,-0.50774700252657745,3.1026632848564799,-4.178021100746121,0.29420448180999165,0.0253453411338,0.795728987318,0.00019287970796247071,0,9.6439853981235353e-05,26,1,1,1,0,0
836,0,0.45305716771219062,-4.3899935129461944,2.8800559584692502,-2.5289526816091272,5.1191237655700377,-4.6825438836432864,3.08538397614,0.0761025650576,1.128381665305766e-05,0,5.6419083265288298e-06,17,1,1,1,0,0
837,0,2.0987354673301031,5.4268802286877085,-2.7394233037655797,5.3606009857167694,5.3947593386442989,-0.40874020175821413,0.0655296522867,0.98391467605,0.00029490079016042284,0,0.00014745039508021142,57,1,1,1,0,0
838,0,-6.2831853071795862,0.24233743830113183,1.7310558381169689,-1.8324072961183195,-1.3048600648388633,1.4495221056642729,3.92940123632,0.459294998725,7.9699816290150854e-05,0.0075689999999999993,3.9849908145075427e-05,15,1,1,1,1,0
839,0,3.8226852098074864,-2.3269808006035877,-1.5123789261663318,2.4455905512096305,-4.9996350601627535,6.2831853071795862,0.00779437602682,0.948637222122,0.00027412910866037813,0.0075689999999999993,0.00013706455433018907,35,1,1,1,1,0
840,0,-0.94866429889950044,-3.2234900036260981,2.0754714412306572,-6.2831853071795862,-4.1272372028202575,4.99081841983367,2.75852181524,0.463007927671,7.2912210490230967e-05,0.0075689999999999993,3.6456105245115484e-05,22,1,1,1,1,0
841,0,-2.686458511307265,-6.2539031634291904,-3.1415926535897931,1.8084270398698055,2.1707027034258779,1.4205933196839879,18.8840803163,0.0241842436478,0.00035678665331113126,0.010900350930049969,0.00017839332665556563,60,1,0,0,1,2
842,0,-1.565266413172774,4.1365791713815208,-3.1415926535897931,-4.4416414328204423,1.4168074052916217,-2.360256710974916,214.554208909,57.1650806147,1.0414764598842301,0.0075689999999999993,0.52073822994211505,60,0,0,0,1,3
843,0,6.2831853071795862,-3.1362316112305346,-2.8727737625697585,1.9395907648057849,-6.2831853071795862,-2.2520888667049817,59.8335194796,0.0144379681739,0.0035801135523221904,0.015137999999999999,0.0017900567761610952,60,0,0,0,1,3
844,0,-2.8928071449679207,4.6287741835774865,-0.6358541637150853,-2.130873603724464,-4.6510002971400937,1.3547066336131048,3.27933990486,20.955325273,0.1337760787580731,0,0.066888039379036549,60,0,0,0,0,3
845,0,1.6794307831387103,-0.06012847230083309,-1.3171822368402286,2.0870783514975098,-2.0691455893149366,-5.901772234226935,0.0592009502141,0.497076806336,7.5270006962318826e-05,0,3.7635003481159413e-05,20,1,1,1,0,0
846,0,6.2831853071795862,-6.2831853071795862,-2.3636833463912867,6.2831853071795862,4.8458029001968521,6.2831853071795862,710.641506076,29.4412954505,0.76905064623117092,0.030275999999999997,0.38452532311558546,60,0,0,0,1,3
847,0,2.7481198705890248,-6.2831853071795862,-0.19941359378629084,6.2831853071795862,5.9285931473151479,4.3906324005575712,854.590974126,46.2945603407,1.3831776191073266,0.015137999999999999,0.69158880955366331,60,0,0,0,1,3
848,0,-0.64509205765598532,-2.0144448703810296,1.6718841695471638,5.1867939941678749,1.3053736998899679,-6.2474705053617328,0.337105510221,0.22729497763,1.5851091971916165e-05,0.0026301715525820449,7.9255459859580824e-06,27,1,1,1,1,0
849,0,-5.9957804881247689,-0.7435101817453037,2.4334571668211793,-0.23946133281457099,4.1686422083714856,2.1316063434032109,4.19641929598,0.57219327059,0.00011734324354670825,0,5.8671621773354125e-05,30,1,1,1,0,0
850,0,-1.0577878252284709,-3.9319085113673773,1.4552221796415048,3.3244245257527143,-1.9036585582115975,-3.7407707019131844,0.0136241153745,0.20509632486,1.2813765823814616e-05,0,6.4068829119073078e-06,14,1,1,1,0,0
851,0,-1.0181141412637471,-2.1659468826775479,-2.9257735076451254,5.4510907335538334,0.69410492994291517,4.4226379627242389,0.0882288968192,0.977016696764,0.00029078388380313031,0,0.00014539194190156516,25,1,1,1,0,0
852,0,-0.23888239141195033,0.5954857653280472,-2.0614553675554546,4.9197684359572804,5.9642243813340752,5.8767276289929988,0.391430098266,0.0680752591663,1.5648880306732436e-06,0,7.8244401533662182e-07,12,1,1,1,0,0
853,0,5.2334632266783263,3.0551116156643516,-2.5071985620474369,-5.1535415924842471,4.2208435661459651,-4.355562909834755,1.66381270686,0.830647617064,0.00021294681820230128,0,0.00010647340910115064,14,1,1,1,0,0
854,0,-2.5021287062290707,3.6445480005200497,2.6602319928407847,-3.104850098365934,0.13606082948835907,3.0165677795223975,209.892086909,11.5683026044,0.08482030478039429,0,0.042410152390197145,60,0,0,0,0,3
855,0,-5.1365654724768905,5.7974693634747707,0.15768924204650897,1.2541820119219576,-2.6889876183179169,1.458224577655687,243.7688856,0.959630466681,0.059703788914834452,0,0.029851894457417226,60,0,0,0,0,3
856,0,-6.2831853071795862,0.46140026093882475,-2.1818803506038553,-6.2831853071795862,0.22657016060807242,6.2831853071795862,291.146029668,0.358046787519,0.084805061784023639,0.022706999999999998,0.042402530892011819,60,0,0,0,1,3
857,0,4.0958196339841955,6.1591335900147159,3.0616727511435773,-2.3774348001950609,-1.3367008868679622,3.9387948595321003,174.905673265,33.2628388684,0.36762571862213383,5.0127781371100516e-05,0.18381285931106692,60,0,0,0,1,3
858,0,4.7348333670180738,-5.7080044129397782,0.27572726553601778,0.062825104537549886,4.5018286583105986,-2.5973642345384391,97.9775882687,0.0400432205216,0.0096000962446496519,0,0.004800048122324826,60,0,0,0,0,3
859,0,-2.4785174192548474,1.3716974300194178,-2.811544147392897,-3.0946324080615444,5.1864119128066903,-0.46747400398930722,0.884134351544,0.132818855932,6.1554033017930807e-06,0,3.0777016508965404e-06,25,1,1,1,0,0
860,0,3.4433648840812032,-2.503668142130949,-0.063263103286983244,-0.93162362036776669,4.6784105750739142,-6.2831853071795862,3.71205046582,51.7894810591,0.81704349791797859,0.0075689999999999993,0.40852174895898929,60,0,0,0,1,3
861,0,-1.2673197879361797,-2.5387066436158192,-2.3002548344127458,0.97639557701614055,4.64963667836839,2.6444870046740432,1.06961718928,0.0948690741147,3.8856807287867652e-06,0,1.9428403643933826e-06,44,1,1,1,0,0
862,0,-4.1675990757414398,-2.933246287772652,-1.2998324946353157,4.576818110127471,-0.37703865473880138,-5.3173759269281033,0.144172800506,0.162541074996,8.0686565033713509e-06,0,4.0343282516856755e-06,30,1,1,1,0,0
863,0,3.2156929170919972,-1.2532483906747225,1.3685319819466539,-5.8800580933989588,4.484695158201518,3.6832195755237187,0.00704637460304,0.433195013263,5.7163920896755351e-05,0,2.8581960448377676e-05,29,1,1,1,0,0
864,0,0.6771080884457098,4.2552401325378471,0.19421580178241277,-4.8195698044097259,-3.4518170520199258,3.8058659181522323,234.565932142,3.79141337907,0.059399995701906072,0,0.029699997850953036,60,0,0,0,0,3
865,0,-3.8706649184875275,-4.6769394959073916,-2.2917780373877861,-1.8488811730888508,0.80770687191927815,-3.3341234950049103,0.0211246685289,0.645046536446,0.0001267471957758901,0,6.337359788794505e-05,17,1,1,1,0,0
866,0,-6.2831853071795862,6.2831853071795862,2.5227906815792331,-6.2831853071795862,2.6326406760073686,-1.5556360121129085,148.562809706,16.8736968076,0.10880208096658188,0.022706999999999998,0.05440104048329094,60,0,0,0,1,3
867,0,-0.72302200417981088,-5.8750007959483748,2.3937384003143389,6.0415648690924346,-3.6257841249007954,6.0770084525953356,740.608689866,5.79658138748,0.55873648518647345,0,0.27936824259323673,60,0,0,0,0,3
868,0,-2.5919095729692478,2.6859200031579311,-2.3554554687723517,2.8138585933598055,-0.63256769224828291,2.4945832538170527,22.7987508445,0.0766059002097,0.00052157067641634325,0,0.00026078533820817162,60,1,0,0,0,2
869,0,-4.5101350467058099,1.2575006132915978,-3.1415926535897931,-4.0040136128134574,-1.7513026710156594,0.54758147614476704,93.6238597256,3.04468281861,0.011589259062694292,0.0075689999999999993,0.0057946295313471459,60,0,0,0,1,3
870,0,6.2831853071795862,6.0058902252075912,-3.1415926535897931,2.0770557788196529,1.3833021264381402,-6.2831853071795862,459.273666031,29.1399165648,0.46959353306789881,0.022706999999999998,0.2347967665339494,60,0,0,0,1,3
871,0,6.2831853071795862,2.9349677405286263,3.1415926535897931,1.8631500365716478,4.991993227093463,6.2831853071795862,192.329587844,56.8699564603,1.0221818765923814,0.022706999999999998,0.51109093829619068,60,0,0,0,1,3
872,0,-2.9950658980505898,2.0275000132505281,-0.98796283567532162,-6.2089093707744549,-6.2831853071795862,-1.4141184803704916,236.156459664,23.1911537835,0.21960214268561218,0.0077309017943662621,0.10980107134280609,60,0,0,0,1,3
873,0,-6.2831853071795862,0.20862108061785306,1.1169160084242884,0.69569323689808937,4.0509633433667052,-3.3635050999816172,12.2756480429,0.993855010045,0.00045157671531840355,0.0075689999999999993,0.00022578835765920178,60,1,0,0,1,2
874,0,-5.889687157372947,3.7790869196949828,-3.0076565720478272,0.78404600042338024,4.5817437177482425,1.3135565016141422,1.28015730744,0.0497487444803,2.392711830741778e-06,0,1.196355915370889e-06,14,1,1,1,0,0
875,0,5.3834771018249166,-0.25626901210356756,2.540438369807791,1.6243475780036596,2.0264585469440233,-1.7459302945428881,0.0198350804081,0.391181758006,4.6613915972258087e-05,0,2.3306957986129043e-05,20,1,1,1,0,0
876,0,0.026118986523683219,-0.81903218831995095,-0.14246172697201717,-2.4200147298071237,-5.2280209860230142,6.0814448380449715,2.21481732535,2.54332485819e-05,4.905415981690214e-06,0,2.452707990845107e-06,24,1,1,1,0,0
877,0,3.6482208791512103,-1.1571761582485109,1.1896719505369528,6.2831853071795862,-4.6449045385421694,-4.1293561989461613,2.18184506504,0.62618329243,0.00012420261837002794,0.0075689999999999993,6.210130918501397e-05,16,1,1,1,1,0
878,0,0.51838879988059128,-0.65733545737187715,-3.0037406720716926,0.43675937525775954,-1.7433615671974985,-6.2692867486406909,845.653761341,31.725066282,1.0217215731343428,0.0053438207436913134,0.51086078656717138,60,0,0,0,1,3
879,0,2.0382341525839895,3.2098334081571713,2.8975872349916028,4.8647580762173561,-4.5368592336285873,6.2831853071795862,348.794334515,49.3315519531,0.86297505533288354,0.0075689999999999993,0.43148752766644177,60,0,0,0,1,3
880,0,0.06266294554629627,3.7886337072577843,-0.70246023049636852,1.5366099241735618,-5.1306381122889562,-0.96458223305497937,0.0795075843753,0.375332929159,4.2919241893845239e-05,0,2.1459620946922619e-05,17,1,1,1,0,0
881,0,-3.79385066379858,4.3463722876785811,3.1115182622582958,-4.3735133287673227,1.1867854570781293,3.1176555171713805,501.91724991,8.07491687225,0.27178328604941782,0.0032405249222795017,0.13589164302470891,60,0,0,0,1,3
882,0,-0.75115416589594419,0.79602131131850629,-2.9042393297168125,3.7431147706240089,-5.8432429644575086,6.1972182465547991,344.945605484,45.1279704914,0.739351118041637,1.0669637528652142e-06,0.3696755590208185,60,0,0,0,1,3
883,0,-6.2831853071795862,1.7052185415311416,2.7711432785939367,4.137990548266913,2.4764546866449364,-3.4552508021303909,262.378310233,2.24895216677,0.070383067355804615,0.0075689999999999993,0.035191533677902308,60,0,0,0,1,3
884,0,-1.9025065408119044,0.39664768978524378,-2.2516104586582921,0.38515710300729433,0.40652951653294683,-0.48075804924368015,1.14186974776,0.0570050652736,2.2937444241972896e-06,0,1.1468722120986448e-06,20,1,1,1,0,0
885,0,-1.3343103806542618,-5.3943535027432192,-0.1612807792602538,-4.4458489245043546,-1.3803395337894178,-2.1051143035974413,208.48113702,1.48643652258,0.044137434712887287,0,0.022068717356443644,60,0,0,0,0,3
886,0,5.4504022802297012,-5.4468393152899246,0.025518507167935578,-1.6592570743530197,-3.0783987008208391,5.782260026348256,22.9932825471,0.000197773080484,0.00052869105420630413,0,0.00026434552710315206,60,1,0,0,0,2
887,0,0.50849123368148097,-2.8362012198497188,1.5457660224124421,-3.5538150944121094,-4.5952189394862843,6.2831853071795862,219.547692196,57.1750544765,1.0439915300498961,0.0075689999999999993,0.52199576502494804,60,0,0,0,1,3
888,0,1.7633257219360097,-2.2594265289431616,2.733410831943659,3.7406527273046408,1.1225723926205056,-3.8141724068305547,2.24859167727,0.385601121992,5.0349188068884429e-05,0,2.5174594034442214e-05,28,1,1,1,0,0
889,0,-5.8067558731261277,-0.86395538367434854,-1.1176063678608623,1.1118572029633795,2.4420242999289838,-2.2259359897582534,0.65622460904,0.351554890444,3.807855383066639e-05,0,1.9039276915333195e-05,33,1,1,1,0,0
890,0,2.3744281817416653,-1.3132019601987177,0.87410930186440605,4.004017648307939,0.80691909734259715,-3.7095069099580988,0.0106880833242,0.879524791643,0.00023564114103892409,0,0.00011782057051946204,39,1,1,1,0,0
891,0,-2.1688759220024698,-0.77500901992624893,-0.052154465858435743,3.8711770763257207,-4.6935071563738857,-6.2831853071795862,124.562313654,43.2326498015,0.58486461654331079,0.0075689999999999993,0.29243230827165539,60,0,0,0,1,3
892,0,-4.611338205960454,0.38175841765358548,-1.53567972454335,0.10201357362098207,1.8393356491879664,3.6184899909668022,23.0429684873,11.9310692162,0.043893393801124773,0,0.021946696900562387,60,0,0,0,0,3
893,0,6.0693906568913079,-3.2387399692568382,2.2191815614882819,5.784492941944352,1.1944356791730928,5.2478901469769017,0.381441982308,0.254144657326,1.9820586906944522e-05,0,9.9102934534722612e-06,22,1,1,1,0,0
894,0,-1.7451954081915755,1.0026612360757561,2.0813803441367602,-4.9673812201537828,-4.0254493935768112,-0.025359876355076069,0.0850155866353,0.0598288373696,1.0976025912099567e-06,0,5.4880129560497833e-07,59,1,1,1,0,0
895,0,2.0559565992145625,2.8283244357506412,-0.88733201078507151,0.83488132474619448,5.4499438729146368,4.7446349220417607,0.149453922793,0.673460456172,0.00013818125834544822,0,6.9090629172724111e-05,17,1,1,1,0,0
896,0,-0.22265946217098614,6.2831853071795862,0.69725310294892839,1.555723473279776,-4.7883418198365568,-3.1460758307052838,4.4353129736,0.105649262681,2.3072069747672571e-05,0.0075689999999999993,1.1536034873836286e-05,28,1,1,1,1,0
897,0,-4.5960552933724497,6.2831853071795862,-2.3293755528148168,-6.2831853071795862,-5.4484873527883684,-0.43965296143781307,827.102820104,0.708436898475,0.68425195727991872,0.015137999999999999,0.34212597863995936,60,0,0,0,1,3
898,0,3.1619823518021559,-1.211445362313516,2.4720205617424171,-0.11797359830245163,3.9720400505638493,4.2541652267504402,0.0124519537602,0.244212920322,1.8167522874091732e-05,0,9.0837614370458659e-06,15,1,1,1,0,0
899,0,-1.566222424233235,3.3381500594273863,2.976179711217029,-5.4106603155691202,-2.3490468169068146,1.1264476965641854,0.0151478574964,0.305247200226,2.8383217459780146e-05,0,1.4191608729890073e-05,16,1,1,1,0,0
900,0,2.5917147241887575,-5.3740551890242347,2.5601770552900436,-6.2831853071795862,-1.2981475290305997,0.29807720813640259,189.902957468,52.5922083907,0.87861675613278667,0.0075689999999999993,0.43930837806639333,60,0,0,0,1,3
901,0,0.13731653876059777,1.8896148548298595,1.7460600826742569,0.94056682127772107,-4.3719769787633522,4.8090166175943025,0.751330943753,0.0214719647945,7.0494060824409885e-07,0,3.5247030412204942e-07,10,1,1,1,0,0
902,0,-3.5090327833715729,2.9309094854675459,2.2727039591332603,-3.6213897266754524,-1.8233570319492156,5.3869924055095755,0.565801922015,0.296835389173,2.716035291578049e-05,0,1.3580176457890245e-05,14,1,1,1,0,0
903,0,0.5230698353534472,-4.9888184223629404,0.17831130759382358,-3.8360985422836671,2.0507862814208182,2.8936786752136139,166.536034941,0.262336069509,0.02775521476955705,0,0.013877607384778525,60,0,0,0,0,3
904,0,1.5642594777014145,3.7115628792652586,0.034808340804599325,-3.2308702574738706,-4.1244143540277776,5.4341009733710521,192.957268836,1.37184196123,0.037805782461319923,0,0.018902891230659961,60,0,0,0,0,3
905,0,-0.070435934005958406,4.9107456751197152,1.8760528371980667,4.4349271101223406,-0.67065225803113737,-0.40694296933159912,0.0143713662147,0.93254901651,0.00026491003534487257,0,0.00013245501767243629,10,1,1,1,0,0
906,0,2.8077485172873557,-1.2465035667592403,2.8608660629981344,-3.3634985059556568,-5.6297364850088236,6.2831853071795862,155.875945992,54.766657053,0.93796275557658859,0.0075689999999999993,0.4689813777882943,60,0,0,0,1,3
907,0,-3.8179862302887151,-1.3398214314346313,-1.8004467244734266,0.044726111619891554,3.8728019300471157,5.7468401573255914,0.0188667506128,0.986085421029,0.00029619950811026786,0,0.00014809975405513393,46,1,1,1,0,0
908,0,4.0906330759058838,-6.2831853071795862,3.1415926535897931,-6.2831853071795862,1.7435617765169824,-1.0330306917706091,115.22251651,0.170069268486,0.013285038929975068,0.022706999999999998,0.0066425194649875341,60,0,0,0,1,3
909,0,-2.7179744796774479,-0.94242216596985084,2.6989533048310275,-0.3072004369044869,-6.2831853071795862,-3.2221813931701191,162.461148173,10.9749291228,0.063084509356233373,0.0075689999999999993,0.031542254678116687,60,0,0,0,1,3
910,0,4.5809094466019005,3.739968359154147,-0.94238081020590614,-6.2831853071795862,3.2206386574030836,-2.3274386614985492,16.2007404025,7.99032713267,0.019710862975085491,0.0075689999999999993,0.0098554314875427453,60,1,0,0,1,2
911,0,-3.4264051052170905,4.915616810206334,2.8656937632272546,-2.7895637095405221,-5.1819171191997757,1.1335668044862959,3.66443594566,0.984562056265,0.00030871277691404655,0,0.00015435638845702327,20,1,1,1,0,0
912,0,-0.60191719042274139,-6.2831853071795862,-1.0961359396042119,-2.3860472264511574,5.2025014941957304,-4.8468943398375135,128.905907151,6.6881031911,0.030242490718237314,0.0075689999999999993,0.015121245359118657,60,0,0,0,1,3
913,0,0.17362491102922897,-4.8476828610418163,-1.043123813742308,-2.9438705899590096,2.2121887323938609,3.3948148236753903,0.0349452153654,0.00598362643089,1.2127624762804417e-08,0,6.0638123814022083e-09,9,1,1,1,0,0
914,0,-2.9933437169213737,1.474460873303151,-2.2206385001668023,0.24891525041476203,-4.2315549779791146,-5.153615954302273,0.0258151065686,0.35868033036,3.9190178584188042e-05,0,1.9595089292094021e-05,21,1,1,1,0,0
915,0,-0.89596038850767534,5.5425235917652902,2.6867844405424886,-1.6261434666631041,-1.5412566167582118,-2.9565859659178586,0.154316610197,0.501042804885,7.6496156349985294e-05,0,3.8248078174992647e-05,9,1,1,1,0,0
916,0,3.1093049117503089,0.052804241447774472,1.7421637836341983,5.4053534833131547,-1.9032464328244063,-1.4937544426440765,0.155524150428,0.959655652399,0.00028055824094339298,0,0.00014027912047169649,16,1,1,1,0,0
917,0,2.4599327933086093,5.8120500464364797,-3.1415926535897931,2.7863049391063375,-3.8768994969358279,-0.42310362611239849,255.099553759,44.7266586534,0.67445500882120279,0.0075689999999999993,0.3372275044106014,60,0,0,0,1,3
918,0,-2.5888150307436981,1.441597511055833,3.1415926535897931,3.2910727466105008,6.2831853071795862,-6.2831853071795862,454.369347714,51.4296860202,1.012168418919084,0.022706999999999998,0.50608420945954202,60,0,0,0,1,3
919,0,-3.4451751444730441,-6.2141550161746002,3.0101843938573984,-5.2442527774213206,1.3703018123173778,-2.7121485037559783,1.44918027663,0.39947605897,5.0711313010123432e-05,0.00032291044136548565,2.5355656505061716e-05,14,1,1,1,1,0
920,0,-5.3743434626293469,-0.38573415109242293,-0.050649010990797105,-3.7134117862007154,-5.0605898691715341,4.5793549830466125,97.9600667664,49.2456471279,0.74833416360782057,0,0.37416708180391028,60,0,0,0,0,3
921,0,1.5721320645262473,-5.9915473480676882,-1.7367126583652281,-0.61893878948177683,-4.5505190639603885,-3.2984536769411603,0.721744906906,0.291349228515,2.637817438086641e-05,0,1.3189087190433205e-05,35,1,1,1,0,0
922,0,5.7807716454978042,-0.81673089199132243,1.3334403783677482,-2.4813447451685771,-4.8426380400108728,-6.2831853071795862,12.2436816034,31.4618537263,0.30167492455668726,0.0075689999999999993,0.15083746227834363,60,0,0,0,1,3
923,0,-0.36479323969132255,1.294972817638866,-0.94146070156016248,3.286961921687432,-5.4870487134017134,0.08909563762586091,0.0679699451779,0.0255805583571,2.039508809473062e-07,0,1.019754404736531e-07,45,1,1,1,0,0
924,0,-5.5033641698491431,-4.7453484337771172,2.2127488698055009,1.3218837410636723,-4.6481712683115628,4.3517934694666609,0.055109423008,0.0655430409684,1.3116400428200099e-06,0,6.5582002141000495e-07,16,1,1,1,0,0
925,0,-3.0755852030972415,-4.8620300436173913,2.4900257199874201,-5.3042148331972188,1.9532597195379138,-4.549781833649047,3.04754693708,0.0509023406337,1.0076820775879716e-05,0,5.038410387939858e-06,13,1,1,1,0,0
926,0,3.150826188544233,1.3281873236630066,-2.6597258824588867,4.516735335447378,-3.7948506052213595,2.0332082110189647,0.896467714925,0.622341139866,0.00011878456858020118,0,5.9392284290100592e-05,33,1,1,1,0,0
927,0,0.84062921799380219,-5.0945630863328306,2.096495484009846,-0.23686760508295693,-0.89138677251793885,-0.18852557674300269,0.00733535467011,0.995304392455,0.00030176346231231981,0,0.0001508817311561599,26,1,1,1,0,0
928,0,-5.3401763555708834,3.8184284046161934,-2.4818502183672639,3.3446256247674895,-4.7235481024673494,3.9923746959080426,0.09434533391,0.0492669609955,7.4827863149091678e-07,0,3.7413931574545839e-07,38,1,1,1,0,0
929,0,0.65651807913437987,-6.2808802077490435,3.1415926535897931,-5.1660257717296192,3.3778283455872047,-0.43783697712053826,552.056299868,12.0670338767,0.34912250796141681,0.014742226182470258,0.1745612539807084,60,0,0,0,1,3
930,0,5.8704574182766782,0.91234529426228672,3.0237511181813588,6.2831853071795862,0.97536100589729546,-6.2831853071795862,106.692711414,57.2820766444,1.0109050715138277,0.015137999999999999,0.50545253575691385,60,0,0,0,1,3
931,0,-5.4791738425542347,4.2533674990947468,-3.1415926535897931,0.52536248268452668,-2.8522010151329629,-4.7695769214665216,238.71514366,16.2892592933,0.13781209632957722,0.0075689999999999993,0.068906048164788611,60,0,0,0,1,3
932,0,1.5546193442981588,-4.8595452136897492,-0.9695806699724816,4.4347653358516421,0.80958612351155623,-3.6318912731708486,1.11266778254,0.012604537055,1.2864254902114408e-06,0,6.4321274510572041e-07,26,1,1,1,0,0
933,0,5.3549587918807493,-5.6367400303604107,-2.6208339455316945,2.4068110345402109,5.2638537308189433,1.9953667997072166,0.0646549130692,0.513056767607,8.01877849917621e-05,0,4.009389249588105e-05,21,1,1,1,0,0
934,0,-0.28843380243333516,-5.3053671812470915,2.1329529242731899,2.5441695466163354,-4.3959761926815748,4.0687615518738252,0.239152661461,0.466998645981,6.6490517224385929e-05,0,3.3245258612192964e-05,21,1,1,1,0,0
935,0,-0.045711679671452177,-0.63894289124268622,-1.8278801790475401,-0.67795786426287297,1.3949290723163381,0.47960106921514528,50.6138716745,0.0179480915331,0.0025618621335095205,0,0.0012809310667547603,60,0,0,0,0,3
936,0,1.504830826907992,5.1228742781031853,-2.6885343642279849,-2.5066259750903965,-2.5497729273873646,3.9512255746765486,0.0231497147088,0.307625119378,2.8827461406106929e-05,0,1.4413730703053465e-05,51,1,1,1,0,0
937,0,-5.9390088880399974,2.987429718048729,-2.1356377397807194,0.95772717902957583,5.2483315676327518,-4.4114894821717323,0.0388648625101,0.746628098498,0.00016981156261932276,0,8.4905781309661379e-05,38,1,1,1,0,0
938,0,-5.4561800052265221,0.93961349003663008,-2.5528743543325256,2.955407014032593,-2.4349722944508634,1.1203926447208483,0.130432006313,0.0750023541381,1.7305930629824788e-06,0,8.6529653149123942e-07,4,1,1,1,0,0
939,0,-2.6652782928241137,-0.25367415345830868,-3.0998803525290035,-0.048828626980331025,-5.1787165684509562,-5.5770675790513797,409.867029226,48.301420092,0.8786717023955597,0.0020509756752085579,0.43933585119777985,60,0,0,0,1,3
940,0,2.2704878511338662,4.2263619393709853,-2.549643445496673,-2.5588754436240557,2.6720401015137871,2.7189225153106849,0.173149039741,0.179404137797,9.8343495435797863e-06,0,4.9171747717898931e-06,12,1,1,1,0,0
941,0,-5.1532578818717019,3.5449072860750168,2.8480274864578616,0.99545718674333916,-4.1014668566876429,-4.482519126685955,0.0162307871603,0.938614484079,0.0002683673420263031,0,0.00013418367101315155,17,1,1,1,0,0
942,0,3.0880758666095076,2.8292369632161205,-0.57362965056645865,-3.4649628984554495,6.2831853071795862,1.6735764804005067,4.51853151721,0.23511156557,3.7255600734783785e-05,0.0075689999999999993,1.8627800367391892e-05,56,1,1,1,1,0
943,0,-1.6852560201338846,3.2374603221748361,-1.9364570165471153,-4.5396764309089761,-1.7791108809640497,-2.8381646158768046,0.536711220532,0.00361338540604,2.9203618806344716e-07,0,1.4601809403172358e-07,4,1,1,1,0,0
944,0,4.297304681043677,-6.2831853071795862,3.1415926535897931,-6.2618437168548802,-2.1646714313314286,-1.3264368451875284,409.610847334,0.860689804623,0.16800670285956543,0.019449026761088731,0.084003351429782713,60,0,0,0,1,3
945,0,4.7722866775285597,-1.0953219903143891,-0.03856872726045197,1.4627738582352303,-2.3761701831783681,-4.3301042434961694,67.7302236591,0.251435926408,0.0046066411178394048,0,0.0023033205589197024,60,0,0,0,0,3
946,0,4.1164839634684505,-2.6646339889215835,0.30502609681975534,1.6955032793003477,-5.5341988772071939,-3.3621338571884061,245.444110474,18.1431529364,0.16051494544227712,0,0.080257472721138562,60,0,0,0,0,3
947,0,3.7056720978302371,-1.4497889501823111,-2.3847912930234512,2.2590010575001114,-4.7687905293515893,-5.0662083647652283,0.475479137718,0.130210180461,5.3907746652461309e-06,0,2.6953873326230654e-06,12,1,1,1,0,0
948,0,-4.5373502750353589,1.4093726808035065,-1.1595305463492449,-0.48512366345476093,4.0461376545945464,-3.8333130264111683,0.00329615594423,0.595381811949,0.00010798064213120705,0,5.3990321065603523e-05,38,1,1,1,0,0
949,0,0.32227713240704559,-2.5083125095530852,0.95127360109234049,0.82366352598459858,-1.1429762333491755,3.5930202130360884,0.127240282981,0.378016494924,4.3544944209932126e-05,0,2.1772472104966063e-05,13,1,1,1,0,0
950,0,1.3389841613440132,5.106484295762356,-2.4835473601605331,-2.5475003052352205,-4.4149219850997312,2.8544151950577397,0.226281778633,0.0339218148303,4.0172351631927745e-07,0,2.0086175815963872e-07,23,1,1,1,0,0
951,0,4.3265499682790081,-1.3203149811287134,-3.1415926535897931,-3.1663016538265678,0.78465788318774798,6.2831853071795862,214.30002266,31.1039622402,0.34062859245779964,0.015137999999999999,0.17031429622889982,60,0,0,0,1,3
952,0,2.8298154199073515,-0.5702077665777151,1.1943500248771706,-5.5683441881103155,-1.7265723628426053,-0.91824332353879856,1.58695967625,0.440884908904,6.1729823646661228e-05,0,3.0864911823330614e-05,15,1,1,1,0,0
953,0,-4.9575916322371674,3.6405843370213682,-1.3297464114628605,5.5778970882256758,4.4613877458209243,-5.4341963620340472,0.199449276476,0.199184752683,1.2125343849033441e-05,0,6.0626719245167204e-06,55,1,1,1,0,0
954,0,-6.240838926836731,-0.11855490670508068,-3.0870171536753506,3.4570291998909459,0.76196428893629797,-6.2019034951226466,608.752743173,38.3828123515,0.81935455636162624,0.0030779916276354232,0.40967727818081312,60,0,0,0,1,3
955,0,-3.4806639999307523,0.47486712370914363,-0.64154305443242221,5.5389560413984187,1.3528911245424093,6.2831853071795862,0.193152912002,47.2695474742,0.68064028232584706,0.0075689999999999993,0.34032014116292353,60,0,0,0,1,3
956,0,2.0639700648077195,4.3202750089974558,1.8960247090083899,0.12181309025219184,-2.1259263914616602,-1.6887156870525701,0.297112618076,0.276118037512,2.3312664589620135e-05,0,1.1656332294810068e-05,23,1,1,1,0,0
957,0,-2.8457960175531212,-4.1239412223378142,1.2594730317908107,-2.1784015673963113,-1.6324911536316509,-2.0334730757470663,0.0247509062351,0.10950606238,3.6534560648975781e-06,0,1.826728032448789e-06,12,1,1,1,0,0
958,0,-6.1442078040573556,1.9367471882316447,-2.6644429836499532,5.7112520828247009,1.7847196245392614,-6.2831853071795862,1.04705906292,31.3294987419,0.29899451439348762,0.0075689999999999993,0.14949725719674381,60,0,0,0,1,3
959,0,-0.39279537293125577,1.3493557423333324,-2.7590368238606251,-1.6867000295689631,-5.233600080136128,-1.5006552258874886,0.0237747170456,0.944588609832,0.00027179473970061489,0,0.00013589736985030745,43,1,1,1,0,0
960,0,-0.27247313148462593,1.8204324421463578,0.25173180099276216,-2.3666168942965848,-4.2315868381166988,-1.7662558953173999,61.8415536751,0.00815618171221,0.003824398025107827,0,0.0019121990125539135,60,0,0,0,0,3
961,0,5.6904089982742949,-2.0759555427618381,1.4475187244706129,5.0237901952387523,1.7488664185346348,-6.2581381414375219,0.170532542795,0.769852838462,0.00018056772106608856,0.0038381536725912461,9.028386053304428e-05,26,1,1,1,1,0
962,0,4.6427231455483673,-3.0242121309628924,0.097448092236565254,-3.1685979188490516,2.9493948273339909,2.0481608606091486,149.171982461,4.43132893694,0.028233953972408469,0,0.014116976986204234,60,0,0,0,0,3
963,0,2.0047614112024981,-4.4336094080119617,-2.2721446462588037,-5.279902702508112,-2.3821340736437544,0.57474203306592653,0.0343948117551,0.422317451222,5.4330318075645924e-05,0,2.7165159037822962e-05,10,1,1,1,0,0
964,0,2.9936767205269303,-0.10529437235871594,-0.3299291726940119,-2.9855238617603832,-3.898587889222227,5.5613313263526827,97.6753744371,0.123092657896,0.0095450942743855165,0,0.0047725471371927583,60,0,0,0,0,3
965,0,-1.6213857451985052,6.2831853071795862,2.5864192206342347,-6.2831853071795862,5.7543684244447952,6.2831853071795862,182.900125047,53.9419654536,0.91980861774598077,0.022706999999999998,0.45990430887299039,60,0,0,0,1,3
966,0,-0.67874039979263645,1.9276984387587737,-1.6704278826944996,4.2863350630704469,-5.0255830397163548,-0.78676947048957924,0.166737760691,0.16368751387,8.1895994488708558e-06,0,4.0947997244354279e-06,9,1,1,1,0,0
967,0,-3.9201234701838894,2.6214743337617699,1.6435453943470444,-6.2831853071795862,-2.2586471187685935,-6.2831853071795862,113.710310798,45.7926237573,0.65170191682552725,0.015137999999999999,0.32585095841276362,60,0,0,0,1,3
968,0,4.6683336835953675,-0.6151735987690965,-1.9868122915983237,-0.49852825833208747,-5.6613393396608398,2.3079001429453139,140.211178009,4.65456762711,0.026258710776143061,0,0.01312935538807153,60,0,0,0,0,3
969,0,4.6225129631253496,-0.41798206771044555,2.6337080613304074,-3.8357975031362983,6.2831853071795862,-1.2582236126678554,167.511854008,51.6778310749,0.84157096170039303,0.0075689999999999993,0.42078548085019651,60,0,0,0,1,3
970,0,-0.046308527109091197,0.94728017130570652,3.1210042731356396,5.3262181411366933,-5.6120709936423827,-4.9119277865291657,246.493951086,17.4105931509,0.15309756678806266,0.0044105032107022513,0.076548783394031331,60,0,0,0,1,3
971,0,-4.6797656657864266,2.999666504466604,-1.7959663265794492,3.4746164139179916,2.1267611243880506,3.0696015092408886,0.712301207599,0.597931969507,0.0001094149971706662,0,5.4707498585333098e-05,37,1,1,1,0,0
972,0,-6.2391044919736727,5.3265096071405518,1.9543714104699079,-2.2874577112541044,3.2916312573984032,4.5841557647442128,0.0623635009279,0.286594149185,2.5024008454699705e-05,0.0018420564233889401,1.2512004227349853e-05,21,1,1,1,1,0
973,0,0.051522945806914154,-4.0395649702651166,1.6513470546761,-1.4880126755606051,5.5472577024710397,6.2831853071795862,0.0186440827827,0.73884812931,0.00016628994862660638,0.0075689999999999993,8.3144974313303189e-05,29,1,1,1,1,0
974,0,6.2831853071795862,-4.0439983489206144,-1.666014685633906,2.5236240097629006,5.6770503153626803,-6.1603398530067643,763.038470641,4.06099368745,0.58725135755884905,0.0075689999999999993,0.29362567877942453,60,0,0,0,1,3
975,0,1.2864934415193134,0.65614916338185947,-2.2304413784564621,3.6980650977649616,-2.2018171179334898,-0.42011202849541118,12.6337301875,9.15789560802,0.025706976113849582,0,0.012853488056924791,60,1,0,0,0,2
976,0,5.9327327339825784,6.2831853071795862,1.2269841822561063,-6.2831853071795862,-0.042630885176462442,6.1439641998316423,405.927860136,12.923032621,0.21564999041092311,0.015137999999999999,0.10782499520546156,60,0,0,0,1,3
977,0,-2.2485854702797958,-5.6620676213821328,-3.1415926535897931,6.2831853071795862,-2.6008077608309179,-0.20084046101994268,105.94191126,19.1460543969,0.12288772228332413,0.015137999999999999,0.061443861141662066,60,0,0,0,1,3
978,0,-1.0951250612217001,-4.8098522727768742,0.31687488783485079,-3.6814944668195233,1.3813940117226635,-6.2066717582909918,512.405074865,44.2540147597,0.85912714465570206,0.00010996565691189947,0.42956357232785103,60,0,0,0,1,3
979,0,6.1110106965287967,-3.1984330490770789,0.75856209543620445,-2.6893232143381929,-3.1608087883626554,-4.5340798066109453,1.42471786216,0.257708352872,2.2260558977081012e-05,0,1.1130279488540506e-05,17,1,1,1,0,0
980,0,-3.9306619030609578,1.0442143484997517,-2.4860376580157979,-0.21611012172568045,1.1971971579765701,2.5324992990570721,0.101249313749,0.040776106807,5.1673603123378936e-07,0,2.5836801561689468e-07,17,1,1,1,0,0
981,0,-0.73033229041851544,-2.3953586909905074,2.5685944247972281,4.5424227905869525,-3.134780926720155,5.523221741274968,0.446433725347,0.375314940492,4.3108110212931481e-05,0,2.1554055106465741e-05,23,1,1,1,0,0
982,0,-0.86703259980839487,1.1048063066919374,1.2011185645705809,-0.83379358175384988,-2.1811520055505333,-3.9590481325860565,0.654009931757,0.663898740659,0.00013469137139146276,0,6.7345685695731382e-05,47,1,1,1,0,0
983,0,3.9885982404530385,6.2335256543655957,0.75094612328846577,-2.9385049247573765,-4.050111891476611,6.2831853071795862,0.0118617961811,0.847644868457,0.00021886831214296663,0.0089633015279717235,0.00010943415607148332,54,1,1,1,1,0
984,0,0.40118912746197777,-5.4309172855692083,-1.4184368341014528,-0.33775459821935644,-5.0834175910001402,-6.2831853071795862,0.74067522014,57.2448007769,0.99822184665889691,0.0075689999999999993,0.49911092332944845,60,0,0,0,1,3
985,0,-2.851964329143418,6.2831853071795862,-3.0926421715300632,5.9350364156199982,2.4460329725876653,0.76716263055355471,1321.50308626,33.9479502581,2.0974308119861762,0.009016765815486931,1.0487154059930881,60,0,0,0,1,3
986,0,-0.37439762699187468,-2.4978259377079906,0.74821944082724579,3.4420527626617261,-3.2290658699373704,1.9224744095792223,0.0158594863973,0.244761699486,1.8249360105442682e-05,0,9.124680052721341e-06,15,1,1,1,0,0
987,0,6.2831853071795862,-0.94516679391354042,-2.0215473843122895,-1.6260519022859377,5.2474462343574073,-5.2064564738988084,97.7285473554,14.6968933399,0.075347827671801204,0.0075689999999999993,0.037673913835900602,60,0,0,0,1,3
988,0,-0.56333679745854415,3.1957623380445619,1.843931092394494,-0.17149950458488947,-4.8409055658333804,5.1646771282124169,0.486763458224,0.190306342772,1.1269116696726848e-05,0,5.6345583483634241e-06,30,1,1,1,0,0
989,0,-1.2966463500836867,5.1332648682100128,-2.3822198690727894,1.3311336365110205,-5.1994557308925868,-6.2831853071795862,0.0462904586313,0.736386112867,0.00016518535783894176,0.0075689999999999993,8.2592678919470879e-05,28,1,1,1,1,0
990,0,6.0576645421120858,1.6727379022933393,-3.0643609426302114,4.1102606466047709,-4.8490986785282413,3.7877551754776571,374.939278042,33.5014779896,0.48246652707225751,9.5419470777156139e-05,0.24123326353612876,60,0,0,0,1,3
991,0,-5.3869019876644932,-3.3271283473815627,-2.8842363949732319,2.3311582492470015,4.9094507954005691,-5.4863278302677072,0.018497749874,0.38000828704,4.3989016131131724e-05,0,2.1994508065565862e-05,19,1,1,1,0,0
992,0,3.2083250306380475,-2.0938304708700319,-2.5867444240120299,6.2831853071795862,-6.2831853071795862,4.7948362960474809,245.237960314,33.7085022526,0.40626719824536872,0.015137999999999999,0.20313359912268436,60,0,0,0,1,3
993,0,5.7262255803074966,6.2831853071795862,1.1627563726730883,-6.2831853071795862,-1.3065379058809146,-1.9478457174949939,755.862557467,2.37015719418,0.57303943834309268,0.015137999999999999,0.28651971917154634,60,0,0,0,1,3
994,0,-2.4943520632731517,-2.81040786971458,1.540162344723097,-2.7810339585262529,4.0331173775706084,4.441995244435188,0.0820208704575,0.942428469631,0.00027055921382519,0,0.000135279606912595,16,1,1,1,0,0
995,0,-5.5432001916414606,-2.2718476406226751,2.4241490545618465,-1.5114034881442941,0.22589025061408463,-3.2279960516260084,0.0483716795379,0.900368029976,0.00024694428612082915,0,0.00012347214306041457,50,1,1,1,0,0
996,0,5.4751585610058662,-1.7775097244839864,3.1415926535897931,-0.59747896266323375,4.558781919999447,-4.5387405635651552,4.53235546146,0.792556484886,0.0002118863933108426,0.0075689999999999993,0.0001059431966554213,24,1,1,1,1,0
997,0,-0.46711870907477698,1.5838638231997415,0.90319098960160671,-2.7860758994147159,1.7571819490542657,-1.6903780814300449,0.0937537161672,0.0034738400545,1.2465749724575323e-08,0,6.2328748622876614e-09,17,1,1,1,0,0
998,0,-2.4846506334315546,-3.7743513502687907,2.2087332582079204,2.5098550155489558,5.4706984170979291,-6.2831853071795862,2.30007436001,17.1542038528,0.089644056217233342,0.0075689999999999993,0.044822028108616671,60,0,0,0,1,3
999,0,-1.4638950268450066,6.2831853071795862,-3.1415926535897931,-1.0549401091476127,-1.4025943890728256,-4.1936098594144555,183.421467971,4.11738153694,0.038807562464764384,0.015137999999999999,0.019403781232382192,60,0,0,0,1,3
