target_id,best_seed_id,q0,q1,q2,q3,q4,q5,pos_err_mm,rot_err_deg,pose_cost,limit_score,total_loss,iters,success_loose,success_medium,success_strict,near_limit,success_rank
0,11,-2.1974696051920182,-1.3124525744950042,-1.7970972741367817,-4.6774202627145502,-3.3707108565218236,6.1113825693646993,0.0456064834575,0.0375797075783,4.3227115699558035e-07,0,2.1613557849779017e-07,33,1,1,1,0,0
1,6,0.37816252257050764,2.4833291249105769,-2.5641836313557307,-1.6598883970250111,-4.8577493056387349,-2.2986681707222187,0.020810514168,0.0075871725806,1.7968436467316384e-08,0,8.9842182336581922e-09,17,1,1,1,0,0
2,1,2.7090253480070805,1.4484425578085109,-1.0177852349482948,-0.36284731776272278,-1.4110093937817929,5.3335332206442496,0.57220924046,0.0216730165689,4.7050820181913452e-07,0,2.3525410090956726e-07,6,1,1,1,0,0
3,5,-0.42229463612680834,3.4650148536576459,-2.5444511890410415,-4.3866747072095178,4.8694008842525625,2.4761004852360924,0.107969723868,0.0168996510977,9.865565025194964e-08,0,4.932782512597482e-08,17,1,1,1,0,0
4,4,-6.1951460994743623,-4.8833619023538644,1.05881205330751,-4.0280029791383702,1.7372738225618509,5.0734134892786082,1.07496605325,0.00822694946529,1.1761693443234444e-06,0,5.8808467216172222e-07,20,1,1,1,0,0
5,9,3.9396829435627034,0.23351712113187756,0.30753093284692273,-2.9799447270965804,-0.92775275484819264,1.5413703680806758,0.0183332130623,0.959665458733,0.00028054012264677546,0,0.00014027006132338773,18,1,1,1,0,0
6,1,1.4072579456509342,-3.1338444004431367,-0.90153505116313104,2.5417280971230887,1.4091972919197908,-2.8372001275894587,0.0370434327114,0.000544089718556,1.4623929051020188e-09,0,7.3119645255100942e-10,18,1,1,1,0,0
7,12,4.7468202437812819,1.5055966702253631,-0.60572040436620878,-5.8100715990096212,-2.501832027450309,3.2044537185201416,0.0261271485482,0.225925865683,1.554911629789788e-05,0,7.7745581489489398e-06,30,1,1,1,0,0
8,9,-0.90879736467065408,4.4402875309528866,-1.9786015269996269,-3.3264845990591914,2.8338376089528419,-0.83614041246770276,0.0900633670957,0.000520787490942,8.1940283106282745e-09,0,4.0970141553141372e-09,9,1,1,1,0,0
9,11,-3.4638963832580734,0.98363289537796694,-2.0082748690044974,-1.1224442047758703,2.0679279703184137,2.4410152962160772,0.681051170764,0.0256228687559,6.6382159927603978e-07,0,3.3191079963801989e-07,8,1,1,1,0,0
10,1,-1.7053040775153163,0.087072560605854041,-2.5089354743504462,-5.8364528727868512,-3.3987310153344867,-5.6584366309496357,0.0469273511755,0.000214958866674,2.2162518412212118e-09,0,1.1081259206106059e-09,24,1,1,1,0,0
11,4,-5.8762366962001167,5.1377767184321677,1.2472354654164812,4.6698373675983866,1.1656775210808064,4.294314339786693,0.140693038844,0.0899098715231,2.4822562591666425e-06,0,1.2411281295833212e-06,32,1,1,1,0,0
12,9,-0.95004994685469246,3.781322774536096,0.4859636727389634,-2.1313358151878825,-0.98962306748880269,3.6055293420946888,0.0323971212246,0.825154570277,0.00020740897811176451,0,0.00010370448905588225,10,1,1,1,0,0
13,8,-3.1901796610086679,-1.3434227462257122,0.44163926944074661,2.6394303189010007,-2.0703694846183853,4.7872454813169254,2.2204878378,0.186223296167,1.5494429085045701e-05,0,7.7472145425228503e-06,41,1,1,1,0,0
14,2,-3.9561265381528568,1.9278631815162923,-2.2179237014179622,3.4455186057156135,-4.7450446689004524,1.8456780549937548,0.0226468011338,0.0603977434857,1.1117229305946682e-06,0,5.558614652973341e-07,10,1,1,1,0,0
15,6,3.541295765783405,-2.0672843796591129,-1.4783482377977304,-0.97504219822391858,-1.6861427974256495,-1.6478035086869753,0.0624245745874,0.00935907821444,3.0578981646694616e-08,0,1.5289490823347308e-08,24,1,1,1,0,0
16,9,3.2683789659171216,-4.4910724347800963,-2.5912276014164948,4.2123831268290495,-5.0977348101208095,-5.3118300182744553,0.326650679506,0.00427556586275,1.1226921402939169e-07,0,5.6134607014695846e-08,18,1,1,1,0,0
17,1,-3.3263926145960068,-5.6923716385261871,2.5635467897682496,-0.16473779066490093,5.9503320787560865,-0.81253055471771518,2.23751659011,0.224277212178,2.0328818314034494e-05,0,1.0164409157017247e-05,47,1,1,1,0,0
18,3,0.78285052436410207,-4.4295758657472328,1.2378413525325753,4.3069899428791238,3.3754072883045052,6.0276860338978056,0.027614212607,0.0088092368641,2.4401665006922312e-08,0,1.2200832503461156e-08,13,1,1,1,0,0
19,2,-1.0217648148796643,5.3397476589469779,2.4423129611361256,0.095429589376248625,4.3998499849886157,-3.4910640787785243,0.166695353569,0.00947282897836,5.512202936179247e-08,0,2.7561014680896235e-08,10,1,1,1,0,0
20,15,4.7929566885365489,-3.6965153649184614,1.0812480103927133,3.1003314615896844,-2.481022768224098,2.0845400643691292,1.24146186114,0.159060740483,9.2481454958536957e-06,0,4.6240727479268478e-06,23,1,1,1,0,0
21,6,1.8972733228942187,4.909781328913664,-0.71133273011311848,4.1027229176826285,-0.9592777575466882,-6.0764499596602155,0.0813080758328,0.00226947495687,8.1799402667603165e-09,0,4.0899701333801582e-09,13,1,1,1,0,0
22,8,-1.6927792121252938,1.112648209347828,-2.5606347618149474,-3.2351157552483261,4.9572715466659565,2.7182558904039991,0.0281743124819,0.0341448054213,3.5593741382070709e-07,0,1.7796870691035355e-07,30,1,1,1,0,0
23,3,2.8945437383006856,1.5004864131198734,-0.27842880095589573,-2.2209893673245209,-3.4597302573034456,2.1628010493189875,0.336221820057,0.00512843697068,1.2105681414880776e-07,0,6.0528407074403882e-08,13,1,1,1,0,0
24,11,-3.0334123644626136,0.1889119051777445,-1.3216466550333132,-0.092676886823078092,1.7783825751113653,-3.9676425248422875,0.105260482814,0.0818294026914,2.0508135917412853e-06,0,1.0254067958706427e-06,17,1,1,1,0,0
25,3,-2.467881568707968,2.10214585487281,-0.44311714663640417,-2.3906905772239657,2.5682689516150927,-5.4630158342993216,0.221766072649,0.00452676686863,5.5422294866710309e-08,0,2.7711147433355155e-08,25,1,1,1,0,0
26,1,5.5063421368512717,-4.6627037207442648,1.7816393917553004,2.5006992569362532,1.6659341597615029,5.0209935743074299,0.0373990790981,0.000180606317277,1.4086273238988885e-09,0,7.0431366194944425e-10,59,1,1,1,0,0
27,9,5.0071707121629156,-1.5082557420268079,0.66724888382466196,4.0859337165373963,1.4510950715276243,-6.0573195713584784,0.887540179515,0.108411439191,4.3679083346447497e-06,0,2.1839541673223749e-06,19,1,1,1,0,0
28,7,2.3362700177726876,4.2823870595346909,-2.7813444683489501,-5.3620642197645045,-1.6001416376411206,-0.10758878677248956,0.645280951839,0.0279958630645,6.5513699890446945e-07,0,3.2756849945223472e-07,15,1,1,1,0,0
29,1,3.8211661581936105,-0.98289206208616697,-1.613677199916397,4.7468863889320518,4.7251235839623398,4.4395287843988784,0.0483286007144,0.0166594641596,8.687848575243168e-08,0,4.343924287621584e-08,16,1,1,1,0,0
30,10,-3.6385909720861545,1.6507910674204755,0.22463207493217863,5.876663641525453,-1.0634327684977161,-0.87212921780125485,0.109134437466,0.827172247832,0.00020843539152790467,0,0.00010421769576395233,20,1,1,1,0,0
31,14,-0.19437836948199752,3.7397429135084836,-0.55836331901577363,4.7653025678607568,-1.3732228993485061,1.9963899130934255,0.196726432257,0.00527286526701,4.7170600207510192e-08,0,2.3585300103755096e-08,19,1,1,1,0,0
32,12,-1.702244025706608,-0.14109968394551731,-0.81752104781288559,-0.1646600618768459,3.2019335216849059,6.0999037209782676,3.15546397222,0.0774219390134,1.1782877409605657e-05,0,5.8914387048028287e-06,31,1,1,1,0,0
33,6,2.9012740834278636,4.20554590026659,-2.2785055343663179,3.5166679962713463,-4.5480299964382427,-3.7907031015882291,0.0361029262889,0.00915531659179,2.683639915953243e-08,0,1.3418199579766215e-08,28,1,1,1,0,0
34,14,-5.2886535258453158,-3.5986362687350604,-1.4294173064394147,-1.7668185422057934,2.7778129560073417,4.1158573235696645,0.040402744694,0.00547199932787,1.0753473141404966e-08,0,5.3767365707024831e-09,21,1,1,1,0,0
35,6,-2.6424384562077106,-3.3784440258090909,1.7374303732975591,-3.287652094215491,-1.8131919631423266,-2.4340902441943095,0.0907231047777,0.0159622064542,8.5844773989689531e-08,0,4.2922386994844765e-08,25,1,1,1,0,0
36,12,0.32424762998407242,1.3990923842366851,1.0790010337182352,-5.7632612547799527,-1.7752481875427752,1.2475634414715164,0.137749007441,0.014977418254,8.7307500041915706e-08,0,4.3653750020957853e-08,25,1,1,1,0,0
37,10,-3.4059486189145596,5.0515158563429798,-2.0448072505593085,1.9781776941917195,1.9713720778090411,1.6915996371478181,0.163735045135,0.0649244560876,1.3108279431038346e-06,0,6.5541397155191732e-07,17,1,1,1,0,0
38,6,-3.7928334443783904,5.1074595331066117,0.4332803007857981,-0.54708510677907918,1.5606877075208414,-3.820484367551928,0.223559524924,0.000768427753385,5.0158732047709309e-08,0,2.5079366023854655e-08,24,1,1,1,0,0
39,2,2.4762746039832972,-3.3957478906561551,2.562286412350705,-3.4676226742835228,4.8988954005145944,-0.2961328876208304,0.0646415696443,0.00200534965155,5.4035293112101804e-09,0,2.7017646556050902e-09,17,1,1,1,0,0
40,15,4.6470265353722677,-4.0034796958415315,-2.6083148754630279,-1.8792744001494679,1.392781506629666,-0.12023135158567076,0.0695465705957,0.0458388977864,6.4490023402974204e-07,0,3.2245011701487102e-07,37,1,1,1,0,0
41,5,-1.0544885595041316,-1.1343510800268606,2.0167394562731107,-5.2654167396954801,5.54330724805987,2.3021979256937226,0.0146433504338,0.0871242495502,2.3124540332144043e-06,0,1.1562270166072021e-06,27,1,1,1,0,0
42,13,-4.1777606543142713,1.9475588123547891,1.7187365651235538,1.2976595182686019,0.27754360024015035,3.273174367549323,0.0323878303186,0.0167169489815,8.6176253961462765e-08,0,4.3088126980731383e-08,28,1,1,1,0,0
43,12,-1.8336018893385557,3.5462587979706659,-2.7082650941127997,1.586215090496897,4.8515451015342581,-2.0484252639098717,1.14748936189,0.00943673596915,1.343858621780271e-06,0,6.7192931089013548e-07,27,1,1,1,0,0
44,3,-4.26387213787668,2.2292251842373001,-2.3593479097570755,3.9505021116222263,-4.7560808304705144,-4.1227722950219396,0.975671822866,0.0252479962479,1.1461173267817418e-06,0,5.7305866339087092e-07,10,1,1,1,0,0
45,10,2.3962728910756268,-5.1676915207944409,-1.6102309667845516,-1.6554441951788603,0.17098381373330304,-4.0457242911828315,0.344423109769,0.00136079787652,1.1919136020460394e-07,0,5.959568010230197e-08,16,1,1,1,0,0
46,2,3.9719473240766461,4.7291293808693551,-2.5019705645635888,-2.178883630518333,-4.2545434954028032,-4.6811116272788444,0.911146588038,0.0171279473887,9.1955267607868101e-07,0,4.5977633803934051e-07,15,1,1,1,0,0
47,9,4.7127447639824895,-5.4105320358839801,2.3899727862312865,5.0625872550604134,-2.298862375682595,2.8419403137540531,0.118714084474,0.0325783690284,3.3739877150179299e-07,0,1.686993857508965e-07,39,1,1,1,0,0
48,0,4.3715044499204039,-5.3420195961999912,-1.3400178470821398,-4.6922263361277885,-1.4508177032755372,-3.0053396910943282,0.123838825561,0.0361581177634,4.1359575717687034e-07,0,2.0679787858843517e-07,7,1,1,1,0,0
49,8,-4.0482573641196558,-1.5139579732975343,0.99539973104558555,-3.9700512112450053,3.9985043124236577,-0.11688349905498124,0.128613925258,0.0111599949221,5.4480266563185107e-08,0,2.7240133281592553e-08,12,1,1,1,0,0
50,3,-2.7249675602815029,-0.93181755867620442,2.5875307978379696,-3.5104381313203947,1.6810487514137633,0.87761370224270419,0.158028076942,0.00600664314299,3.5963397062276516e-08,0,1.7981698531138258e-08,15,1,1,1,0,0
51,0,4.2338260564245118,4.1288299582184553,-2.5268068234161754,-5.837592517855656,-0.52923845589378782,-2.1502267965791866,0.0601463359639,0.0127580116272,5.3199202857260371e-08,0,2.6599601428630185e-08,12,1,1,1,0,0
52,0,1.3814916391215648,3.9641465687531361,-2.1220965896110759,-3.5456669352418486,1.6459342150908594,2.8569248724720819,0.0115310609743,0.0889358021016,2.409527870866987e-06,0,1.2047639354334935e-06,8,1,1,1,0,0
53,5,3.4088036801637847,-2.2365128736096542,-1.6436582931672352,-0.84006661357075552,4.559278696365574,-1.7081773577836248,0.573364506628,0.056793859668,1.3113032899992929e-06,0,6.5565164499964643e-07,22,1,1,1,0,0
54,4,3.9381873085520804,-1.6124222986378651,1.3061532796044304,3.5855789905680258,-4.9453840721840292,1.592588120382523,0.149008721822,0.0290634677569,2.7950941255835737e-07,0,1.3975470627917869e-07,22,1,1,1,0,0
55,13,-2.2126095280482265,2.3877949697234953,-0.97631428253318331,-1.7474794237584756,-4.1378417054045613,-6.188402451280977,0.127404338007,0.00235021135911,1.7914417660694071e-08,0,8.9572088303470357e-09,27,1,1,1,0,0
56,8,-4.091151443809836,6.0699438279562683,0.88702258460581851,-2.5409170640070338,1.54085359142241,2.8867517350277767,0.260308916471,0.0327606563409,3.9469460790820845e-07,0,1.9734730395410423e-07,60,1,1,1,0,0
57,8,1.1722984990007144,1.2961128235260815,-2.0242274782917153,2.3615134655903924,5.6025175754081129,-0.12569198384959041,0.0539827698886,0.0153118377235,7.4332416819158278e-08,0,3.7166208409579139e-08,35,1,1,1,0,0
58,11,-0.79539397324850902,1.1753596238428723,-2.9793022980191752,-5.7146740667663671,1.9563333683059674,-5.8724785543906686,0.259514817203,0.0211555239502,2.036813532536015e-07,0,1.0184067662680075e-07,13,1,1,1,0,0
59,3,2.2317772605663952,-0.10444608027460157,2.4727963482744557,2.1533474922197304,1.4281405709910933,2.5424527584471011,0.035910515293,0.036806290919,4.1395571314569792e-07,0,2.0697785657284896e-07,24,1,1,1,0,0
60,13,5.6490231739029264,-4.8708553574825233,2.4090112881463512,2.4245230468336825,-4.2122110332468656,-0.86949730641512435,0.414328540256,0.018629364832,2.7738659995335233e-07,0,1.3869329997667617e-07,13,1,1,1,0,0
61,10,-3.9262172566737989,5.5328242283725508,-2.6019719000903541,3.5541888384788236,-0.22707056508922846,-0.52552422228292428,0.1091741183,0.188751116417,1.0864518913309503e-05,0,5.4322594566547513e-06,21,1,1,1,0,0
62,1,-1.8337521512172532,0.46690360462294295,-0.96764122428865185,3.9199463924603397,0.23962101331301119,1.2760862853140469,0.0748421925617,0.0279955285529,2.4434514047216029e-07,0,1.2217257023608015e-07,18,1,1,1,0,0
63,4,-0.11282957888918875,1.6353255510063651,-0.81276819366252684,-3.1975777755397981,-4.2737297386455193,5.3839435573405945,0.0579866923073,0.000249294205222,3.3813877265251094e-09,0,1.6906938632625547e-09,14,1,1,1,0,0
64,3,4.8696135615321827,-5.1445659789600722,-0.68085642439970029,-0.43731491654191179,-0.76377627120023284,3.9008114751273077,1.8020538936,0.00158361440283,3.2481621655220314e-06,0,1.6240810827610157e-06,10,1,1,1,0,0
65,7,-5.3587529400084248,-0.22098982756344829,0.77466110698552659,3.7285008292693109,-4.7522054356891266,-2.0456362405042245,0.219630875844,0.00312489369673,5.1212298731275014e-08,0,2.5606149365637507e-08,44,1,1,1,0,0
66,3,-2.9467311536548992,0.50689596537179726,-1.0045558023661827,-0.66923937875127315,-4.2134135272592541,-4.2771427450036104,4.10974042051,0.0890128745983,1.9303539041818029e-05,0,9.6517695209090146e-06,22,1,1,1,0,0
67,10,-5.5880752566009368,-4.700569852281137,1.51441659898672,5.1203359423281931,-1.6901758309090098,0.48984032818729439,0.0819165439102,0.00578099055848,1.6890589202513703e-08,0,8.4452946012568514e-09,44,1,1,1,0,0
68,15,2.6640266767160896,2.2480013782686123,-2.7837385457154791,-1.0011024883061383,1.1515756275165565,1.7011988878561173,0.246234950074,0.0364799044276,4.66011464480269e-07,0,2.330057322401345e-07,13,1,1,1,0,0
69,2,-4.1403824136224392,1.0852688533115309,1.4299129454539075,5.7881755502267138,-2.2794838267251363,5.3697619160386623,0.295274621614,0.0551021364605,1.0120803547070888e-06,0,5.0604017735354441e-07,20,1,1,1,0,0
70,11,-5.9617828483891619,0.34049717096421922,-0.93045915308864779,-2.9150038204644364,3.66933850801228,2.5145026433161379,0.0812924446869,0.00217983815023,8.0559104390897341e-09,0,4.0279552195448671e-09,24,1,1,1,0,0
71,0,1.0047004791590837,-0.65032481889312499,-0.84871451762222339,4.6798300882232819,0.79586901831724255,3.8634176717707267,4.76537356685,0.141652528759,2.8821067457454896e-05,0,1.4410533728727448e-05,13,1,1,1,0,0
72,5,2.9717464054453155,0.48399460311217107,0.37398451194538224,3.260336512653939,-5.8925532493576966,-3.7257858991467927,0.0936583491414,0.949049194858,0.00027437596819016307,0,0.00013718798409508153,12,1,1,1,0,0
73,15,-5.2629502728639181,-2.3834755798097427,-1.0865789241837573,-0.006220782246036255,0.045746671282397455,-1.3905919194698253,0.0653259648139,0.0321201696462,3.1854288756643993e-07,0,1.5927144378321996e-07,17,1,1,1,0,0
74,4,2.3755594180398103,1.2365525450924482,-2.2801188985662071,-0.10735861630545848,-6.1001861983944838,-4.8955616251131673,0.038291681836,0.00166462048606,2.3103359984404826e-09,0,1.1551679992202413e-09,19,1,1,1,0,0
75,4,1.2031217791036102,-1.4282287498716078,2.9557158051178969,-2.7215248009520137,2.1564849438049225,-2.0907462448794822,1.61218805573,0.0224806984601,2.7530984279537276e-06,0,1.3765492139768638e-06,14,1,1,1,0,0
76,8,4.4220751006204759,2.1740638832668067,1.5695102168020167,3.7514033071652673,-0.52103177198565176,4.2015788082624219,0.060119810485,0.00637802200561,1.6005973803964177e-08,0,8.0029869019820883e-09,15,1,1,1,0,0
77,11,1.2074541796583005,-5.0433588957704609,-1.2748641310503586,-0.99572520322360525,-4.3593904013407636,-2.5159470649162965,0.0291483795156,0.0331897130923,3.3640309591537117e-07,0,1.6820154795768558e-07,31,1,1,1,0,0
78,13,2.0142122795326745,1.4013094212487025,-2.291084543197127,-3.9685250988418352,4.6637937556357612,5.5975395609532459,0.0800279961957,0.0157012222072,8.1501318829298921e-08,0,4.0750659414649461e-08,22,1,1,1,0,0
79,9,1.6918346900907357,1.3856235974133344,-2.9270671264357211,-6.0609944399542313,2.260311257426153,3.1883700652143929,0.179220614897,0.0390332593607,4.9623370895232464e-07,0,2.4811685447616232e-07,23,1,1,1,0,0
80,14,-3.9196429990447923,-3.921366055525136,2.5272274464649636,0.29521821269008403,0.97809086855377692,2.7496439667709751,0.190412603534,0.0151137535201,1.0583935985779575e-07,0,5.2919679928897875e-08,12,1,1,1,0,0
81,9,-1.9380792246732115,-1.6995371327894626,-0.98462243547294293,-1.809275493866138,-1.7327724511026694,2.9211059038633578,0.207081726821,0.0264394311427,2.5582367470429266e-07,0,1.2791183735214633e-07,28,1,1,1,0,0
82,11,4.1218547850329461,2.739017838623937,-1.3566369443198456,4.0104447047064777,0.68130125214316628,0.98501064361908719,0.107050080724,0.00955261745133,3.9256820934263028e-08,0,1.9628410467131514e-08,16,1,1,1,0,0
83,14,2.8781895926703722,-1.1415391598526679,2.3671888570943498,-0.73039678718782552,-1.9935441512566805,4.3173150036137908,0.12122868483,0.000611963381532,1.4810472999619232e-08,0,7.4052364998096162e-09,12,1,1,1,0,0
84,11,1.1402992826396041,-1.0879120233158566,0.861400002090837,-1.7963458005153641,1.4948205485264221,3.7910050898853198,0.0668003573992,0.00447153563507,1.0553000633876688e-08,0,5.2765003169383439e-09,20,1,1,1,0,0
85,10,-2.3480692797564382,1.2463555774681454,-0.18187372850077987,6.1427629316610073,-1.849975906580033,4.2142746404863569,2.88542882526,0.0736297696579,9.9771350159275064e-06,0,4.9885675079637532e-06,23,1,1,1,0,0
86,2,2.4662091348886874,-4.583766684265437,-2.4998023668333968,1.6657591884417187,5.0592883439047549,-1.4263347139203519,0.0393086479251,0.00272240522509,3.802838826109847e-09,0,1.9014194130549235e-09,26,1,1,1,0,0
87,6,3.8542860533326686,6.1270958446640185,-1.7411800451912329,-3.9841487795685357,-0.44209120904309746,-2.1467090621496863,0.0169836821887,0.00674771933633,1.4158199380759927e-08,0,7.0790996903799635e-09,18,1,1,1,0,0
88,0,5.0901545352526973,-2.6833512274666602,1.266061572096056,-2.5186755009016486,4.507838509426584,3.0313307231826205,0.315758546928,0.0160063531227,1.7774746041773194e-07,0,8.8873730208865969e-08,38,1,1,1,0,0
89,9,1.0613527535437683,-0.2020972381665703,1.0126678895787968,-2.741423175207641,-4.479228666585275,-2.6598062920562091,0.275201831584,0.068483359701,1.5043827777304959e-06,0,7.5219138886524793e-07,22,1,1,1,0,0
90,3,1.668832190722088,-4.5559184193041053,2.4167683490965746,0.86896570781523974,1.9224043250277796,2.5589760903182968,0.0215331560619,0.0213391326902,1.3917383373663234e-07,0,6.9586916868316171e-08,26,1,1,1,0,0
91,3,4.8454711378546085,-0.043597452225844921,0.98108209477182384,5.519258790859598,6.0190637702308214,-3.0062962179140089,2.6542775693,0.103426010906,1.0303663595655935e-05,0,5.1518317978279675e-06,11,1,1,1,0,0
92,12,-0.72007399843705933,-5.5250122952488896,2.7779546778876845,-2.1369993182903455,-1.7039689725628828,2.0535435138355802,0.584297050937,0.00588372034128,3.5194833985051953e-07,0,1.7597416992525976e-07,15,1,1,1,0,0
93,10,-3.2933257036686299,5.5820701322156951,0.72526179724429951,-0.77716679354497598,0.82102272548749788,-5.3618049300151585,0.147015993283,0.0299541142917,2.9493136629585255e-07,0,1.4746568314792628e-07,12,1,1,1,0,0
94,6,5.7410192023105902,-0.51550658449573294,-0.81021177954464618,0.030934062420987139,1.1496836799395183,4.0907340775964078,0.0256315134793,0.212974865878,1.3817583305034528e-05,0,6.908791652517264e-06,33,1,1,1,0,0
95,11,2.7494066195452733,-2.9771596120960915,0.6003750949535116,5.0170254398750114,-4.8260358840741722,3.6406027955955249,0.0158992665201,0.753088677692,0.00017276175498897421,0,8.6380877494487103e-05,27,1,1,1,0,0
96,10,-1.4600253599925248,-4.9321929058574243,-2.6004366006074497,4.5722944981417539,-3.5483953089531854,-0.72534346668811678,1.89049484293,0.0655347596655,4.8822430847704023e-06,0,2.4411215423852012e-06,15,1,1,1,0,0
97,5,2.3129764449913641,-4.1431581522851602,-0.77580377956108504,-6.1720573937702579,-1.6043973752880489,5.4929700791853042,0.0413719176478,0.0111498805888,3.9581623589413427e-08,0,1.9790811794706714e-08,27,1,1,1,0,0
98,4,-0.13634279569737207,2.9296998389505138,-0.53566601061519958,-0.23993490852493152,4.5934183265549065,0.63246691416498768,0.00819297464801,0.12086506505,4.4500292584292888e-06,0,2.2250146292146444e-06,21,1,1,1,0,0
99,7,3.3999736976141404,5.7068449735364357,-1.4141165221214416,-0.56170127921287549,-4.0454427906460193,-4.6038292927901701,0.0367828044854,5.23928335474e-05,1.3538108833723559e-09,0,6.7690544168617795e-10,35,1,1,1,0,0
100,10,-2.5011147589847784,0.90329618055624417,2.7340655111596734,4.1942621365492592,4.1205013469829952,4.0076227890078284,0.124655187489,0.0437124775253,5.9759599976090981e-07,0,2.987979998804549e-07,19,1,1,1,0,0
101,5,-0.42704678762314635,-2.5538133846989224,1.0372361368479113,-0.66820486723434658,-4.015818229490729,-1.8909068080589719,0.12829112973,0.00967421484791,4.4967890161392897e-08,0,2.2483945080696449e-08,29,1,1,1,0,0
102,15,4.3035279810806193,1.0209110448572369,2.3040974675109531,4.9149509822398842,-1.0119285329333862,-2.2590085382125862,0.26072711473,0.0291511930082,3.2684009113989415e-07,0,1.6342004556994708e-07,54,1,1,1,0,0
103,12,3.3520336171439102,-0.2970236620151141,0.27379338076261189,4.3364679149853158,-4.7436557541998807,1.8261086401006912,42.1236974713,0.126995859377,0.0017793187426488994,0,0.0008896593713244497,60,0,0,0,0,3
104,12,-0.95945481082067918,5.3395094746611731,-2.6476705018499915,-0.75336085016220256,-2.500026670598448,2.3382246194223031,0.12970501575,0.0440408241996,6.0765757058503894e-07,0,3.0382878529251947e-07,24,1,1,1,0,0
105,0,4.1008246413729896,2.4095542954404361,1.1845408358814233,-2.1403277031875159,-2.0261359613079075,3.9224398386565089,0.00358542331276,0.317668239981,3.0739904257162189e-05,0,1.5369952128581094e-05,22,1,1,1,0,0
106,9,0.4763905793823176,1.8699373323286348,2.3358875300680828,-2.3825696702169186,4.6593036616051213,-4.9919952334993134,0.0975744660146,0.0132041592963,6.2630769555728479e-08,0,3.131538477786424e-08,15,1,1,1,0,0
107,15,-1.5572911179506341,-4.3189134995513037,0.61868502441851125,-0.9547782758927964,4.6156536637648449,-3.2710182652906905,0.868343066419,0.00774729940082,7.7230301592664412e-07,0,3.8615150796332206e-07,23,1,1,1,0,0
108,2,2.0404107271312522,4.7344742991546767,2.2483619347678263,1.238276911228438,3.2666758772465396,-5.8510873167335022,0.920808007414,0.0158122146867,9.2404970212189688e-07,0,4.6202485106094844e-07,24,1,1,1,0,0
109,9,-6.1362039436615046,-0.44206473648457811,-0.31889444795703342,-1.2802269790103822,-4.4837329987637364,4.4050277119387005,0.480956937947,0.0424132488538,7.7929088074923871e-07,0,3.8964544037461935e-07,26,1,1,1,0,0
110,1,0.71295351274114016,-2.76098844298699,-2.1283859900057123,4.0572970898357523,1.9587260696601536,-2.3638051564951161,0.0180347595727,0.0720797240516,1.5829609810764881e-06,0,7.9148049053824404e-07,12,1,1,1,0,0
111,0,2.2002780732506841,3.1047927431940217,-1.5001026693027921,-3.1105757871707214,-4.7015089078385763,2.045351259686178,0.0287833292715,0.00946028520936,2.8090824117958956e-08,0,1.4045412058979478e-08,10,1,1,1,0,0
112,6,4.2900595517027504,5.6484460460598047,-1.0265793291192267,-1.2292142538061535,2.4929580933003299,-1.2814387640342733,0.100566176817,0.268861746009,2.202988285081163e-05,0,1.1014941425405815e-05,18,1,1,1,0,0
113,11,4.3818194425688555,1.9505922037042727,-1.044819241483449,-2.7358446194719614,1.3623372382909378,0.22595061951351936,0.0681642567601,0.0409355570096,5.1509981609409977e-07,0,2.5754990804704988e-07,27,1,1,1,0,0
114,15,5.1126756350204632,3.0683589828162128,0.9599790853360689,3.5060424585341647,4.464708905937842,-4.0114475136503884,0.797407527303,0.0212546613849,7.7347292225120976e-07,0,3.8673646112560488e-07,10,1,1,1,0,0
115,15,4.3337022681851716,-2.1703970936210872,2.316256566433081,-2.5075654693528411,1.6086814657553286,5.8581999291370037,0.196277541314,0.013362196191,9.2913791732250828e-08,0,4.6456895866125414e-08,23,1,1,1,0,0
116,12,-0.95300072776101385,-0.43942509022576748,2.8505762356189557,-3.9086501099571365,1.9863768992981532,-0.3649501692602406,0.458602628952,0.00666698096591,2.2385619984943042e-07,0,1.1192809992471521e-07,24,1,1,1,0,0
117,13,-0.43869734970575974,2.5399128880242081,2.5412404504644335,-5.2971048256411546,1.247363481817682,-0.45539205526730531,0.0174551998149,0.312711942639,2.9788464155793245e-05,0,1.4894232077896622e-05,22,1,1,1,0,0
118,3,2.3412331308693015,-2.8276484488411397,-0.52421593226127494,-0.12375456563454926,-3.0469190834531892,-0.74496601773588356,1.06138947818,0.469836483014,6.8369722284987891e-05,0,3.4184861142493946e-05,5,1,1,1,0,0
119,9,3.4350002767393346,0.38373516586789713,1.1788317757930422,-0.97709698607381135,-0.82811234642612119,3.8916436959052958,0.498117647726,0.0318785763812,5.5768670405946745e-07,0,2.7884335202973373e-07,11,1,1,1,0,0
120,8,-2.004597456831394,5.9406393859179429,0.26879585581398446,5.8031265545800714,-5.7453722016463837,-1.3163559012370372,4.71994212872,0.000840127755534,2.2278068701882564e-05,0,1.1139034350941282e-05,11,1,1,1,0,0
121,11,4.6856022156904071,3.1975493287762999,-1.3539201250653004,-1.779353176815397,4.2861014987235322,-4.4954532632604742,0.0784053700922,0.208626916911,1.3264678615689093e-05,0,6.6323393078445465e-06,37,1,1,1,0,0
122,3,1.4211414063931262,5.1175500203918016,1.175392850002237,-2.6429322679394103,2.1252510104287441,2.3198171861991939,1.39149908427,0.0652779071787,3.2343070242481308e-06,0,1.6171535121240654e-06,22,1,1,1,0,0
123,12,1.1159003189591008,-3.4197944047916895,0.71933083706463896,-4.791913554574224,-4.6857837187905496,3.1079992541768355,0.284309991347,0.0258388147557,2.8420826979693581e-07,0,1.4210413489846791e-07,13,1,1,1,0,0
124,4,0.54668721007898224,2.2869271271359746,0.70257546160347173,-1.4861910555968409,-1.7944145907479208,-5.4168230712844947,0.207595372355,0.0105747726077,7.7159930069001443e-08,0,3.8579965034500721e-08,17,1,1,1,0,0
125,14,3.3596265763119915,-4.7353579866853766,1.0435988746940283,0.26117171956558061,-2.3674643667618382,-0.39363870324860561,2.25612246349,0.161198838915,1.3005592226901317e-05,0,6.5027961134506584e-06,9,1,1,1,0,0
126,12,2.4681142274428485,-1.0037950623363032,2.563105114140896,-3.7901028183903538,2.969332948069638,2.5819882810572938,0.165690980911,0.0475016420507,7.1479407410750586e-07,0,3.5739703705375293e-07,17,1,1,1,0,0
127,1,5.3848628945600368,0.92915211452083712,1.1301749243334045,2.7667387584439331,1.5003790537476258,-0.87920955656548572,1.66300829105,0.327944509329,3.5526469357671047e-05,0,1.7763234678835524e-05,11,1,1,1,0,0
128,1,2.1492977485573266,-3.2565289717757939,-0.76595112162146228,-2.8658714815104949,1.4296089327523931,1.6430207293743146,0.153546949925,0.000552971072847,2.3669810834426339e-08,0,1.183490541721317e-08,23,1,1,1,0,0
129,9,3.2948514935680278,-2.3833575921450167,0.6471950964159513,-4.8659345741304456,2.1644534759077083,2.6408741104137858,2.46704894492,0.0561018216799,7.0450877488644341e-06,0,3.5225438744322171e-06,14,1,1,1,0,0
130,7,2.801798177277568,-4.1737287761980149,-0.38049395839459588,-0.79217906556798023,4.6270577748722674,5.05872727197087,1.61206620786,0.182540981658,1.274897846825161e-05,0,6.374489234125805e-06,11,1,1,1,0,0
131,13,-1.7736069392412226,-0.20007754778434467,0.19146399543859727,-2.3791643541623899,-3.8258362355784303,5.1252766174502362,1.44885169413,0.0299573720717,2.3725483503442888e-06,0,1.1862741751721444e-06,8,1,1,1,0,0
132,5,6.0716979746158604,-4.9195939748334698,1.0862158598921117,-5.6250082880371792,-1.4980979311683758,-4.1231407682450074,0.0786895968274,0.015237116319,7.6914991794162902e-08,0,3.8457495897081451e-08,20,1,1,1,0,0
133,8,-5.7248810294616241,1.2133325451957415,-1.908172442571145,2.641388470066468,4.2039552292941886,-4.8447454538504706,0.157077239752,0.00457269941509,3.1042681538340303e-08,0,1.5521340769170151e-08,10,1,1,1,0,0
134,6,1.2859205215789429,-5.4351328153441925,1.2561841192568772,2.8825928230052345,-4.5795140136950527,3.5954471024899619,0.095498277016,0.0234913975233,1.7722175171317137e-07,0,8.8610875856585687e-08,41,1,1,1,0,0
135,2,-2.6296644962945783,4.8484854370253565,-2.9372247721820468,5.9203279582547212,4.263280945249547,4.1368991806688546,0.198196574463,0.0095629648124,6.7139235336049901e-08,0,3.3569617668024951e-08,11,1,1,1,0,0
136,7,3.7479041546523684,4.5025477300390673,2.4651573092393337,-0.70915195023121624,4.0645041976823038,4.0206936017134431,0.0745894559818,0.00235359075053,7.2509814562801485e-09,0,3.6254907281400743e-09,35,1,1,1,0,0
137,7,4.5649559070883434,0.82666447127734211,-1.3721041326395613,1.9859399664717017,4.4355954235711756,-3.033190255548428,0.105169270609,0.16400073616,8.2041242513445069e-06,0,4.1020621256722534e-06,16,1,1,1,0,0
138,3,-4.6429296103487658,2.8068168961248174,2.3985180616179123,0.7884484407266521,1.379560837394725,3.3490107323154592,0.104235822551,0.0346134267815,3.7582398207240785e-07,0,1.8791199103620392e-07,24,1,1,1,0,0
139,7,-3.7017401721847838,-0.32725033124850522,-1.775420075997951,0.92167756320455052,2.8089614601585611,3.1381441119524398,0.0203821112898,0.00568214690141,1.0250550162134687e-08,0,5.1252750810673433e-09,20,1,1,1,0,0
140,9,2.2286269558421585,4.7900037514780038,-2.3473219771565761,-2.1332845944487318,-2.8323263322084635,4.3924378430285618,0.0823849352567,0.00939833096895,3.3693715398650818e-08,0,1.6846857699325409e-08,14,1,1,1,0,0
141,1,5.3663258067169384,-0.45976915614592156,-1.1492619278550602,-4.9400191721047912,5.6358187373741151,4.2252531124987298,0.0537133250309,0.00275767754061,5.2016713979369515e-09,0,2.6008356989684757e-09,30,1,1,1,0,0
142,8,2.1415659361029387,0.37205629258488476,-0.43293294789047476,5.1467777580240393,0.71933130900415332,-5.3981423710776735,0.0367472014994,0.304892479311,2.8318410222340559e-05,0,1.4159205111170279e-05,60,1,1,1,0,0
143,5,-6.135437059008221,-4.847566117720314,-2.9264077901487635,-0.61785154196886882,1.2170314933917368,-2.017638458516366,0.22491888985,0.0117950422852,9.2967803161587485e-08,0,4.6483901580793743e-08,32,1,1,1,0,0
144,5,3.4299383806160182,-0.65456956254711329,0.25763128141935104,4.8328777489915105,6.2181020958799431,2.2686594981280548,3.69471643449,0.334270782189,4.7687952709692772e-05,0.00048034562693609085,3.8254345162929112e-05,10,1,1,1,1,0
145,5,5.6893009369703336,-0.23486394299232316,0.37427819194712497,6.1870592836211031,-2.9359735606164441,1.3071916295843311,1.08907633101,0.0339317965734,1.5368136443129156e-06,0,7.6840682215645778e-07,20,1,1,1,0,0
146,12,-1.825989323737363,0.15205652540657874,1.7303017761258956,4.5462953848418479,-1.6220278057575253,-2.2872236470826994,2.39073668383,0.214071993904,1.9675269122459039e-05,0,9.8376345612295196e-06,15,1,1,1,0,0
147,6,1.9589018827202542,-0.017002722579136001,0.18310033687064695,6.1472834363372533,1.4375729197377491,-5.7014316246217698,0.038065290946,0.937529434877,0.00026774841529510901,0,0.00013387420764755451,43,1,1,1,0,0
148,7,-1.2936379100726798,-5.8992414129181112,1.6096112895992112,5.0607881032226247,-1.3739170140594299,2.4224870712443507,0.0854150566919,0.0168329070424,9.3608090693331019e-08,0,4.680404534666551e-08,7,1,1,1,0,0
149,0,-5.7300299033037474,-4.3589925755824392,0.6514624928493562,-0.89081091067346585,-2.9293307587041082,0.46339563411490087,0.523133339752,0.0290397650804,5.3055478477858775e-07,0,2.6527739238929387e-07,12,1,1,1,0,0
150,2,-0.18669034871511028,-3.5513044249257768,-1.1386306140045415,-2.9254085416791407,-3.8884910055090227,-1.4868132546881023,0.015791644842,0.362661400201,4.0064534981893923e-05,0,2.0032267490946962e-05,17,1,1,1,0,0
151,1,-2.1817235267612838,5.5681646198189449,2.6276398068048543,2.7124804938933984,-5.1015117343344798,0.35323105292007689,0.594452837564,0.0186170913993,4.5895338339313426e-07,0,2.2947669169656713e-07,18,1,1,1,0,0
152,13,4.2452204296502751,2.6433362006319125,-0.02808567236007678,-1.9403392579546501,-3.1890270836328889,0.010966247767753691,4.95469494294,0.0582612174798,2.558298604496284e-05,0,1.279149302248142e-05,43,1,1,1,0,0
153,8,-3.4954268677368061,-1.9926193514027659,1.985493373893005,3.4818943161279545,1.7003920952849543,1.0975785412339085,0.440820869416,0.102815194343,3.4144228744809526e-06,0,1.7072114372404763e-06,20,1,1,1,0,0
154,12,2.955383902276759,0.47647079621765365,-1.1933332214595767,2.9077045244331572,4.1579491726481264,5.5131630750289702,0.0303306518772,0.0148674842874,6.825321927016535e-08,0,3.4126609635082675e-08,20,1,1,1,0,0
155,8,-0.077897634670085175,1.2922576971434099,-0.24120028218897224,-0.52927625549587487,-1.3240080216276635,2.3632505011167182,41.9456740109,0.261569968695,0.0017802811413336695,0,0.00089014057066683474,60,0,0,0,0,3
156,7,2.8999643133455075,-4.4927059085949566,-1.1378294509349067,-3.4470361468120121,-4.2561641438833426,0.57753904496720088,0.050457418985,0.0171481332568,9.2121284805732527e-08,0,4.6060642402866263e-08,9,1,1,1,0,0
157,5,-4.519029084817439,0.4224975557182945,2.8904210624232944,-0.92864066312710913,-0.37438238819060288,-4.8549259186419143,0.200734663531,0.154906393692,7.3498912098965246e-06,0,3.6749456049482623e-06,42,1,1,1,0,0
158,9,-3.457290914352436,-2.8796570365418028,-0.56683499521572356,-0.51838909363748298,-2.541146711752662,-6.1894948635185907,0.165946328326,0.306497470286,2.86435116150833e-05,0,1.432175580754165e-05,31,1,1,1,0,0
159,15,-2.6585508385339534,0.42341264786936927,-2.1689440551380992,-0.18855225757099237,-5.1307771152121946,1.235621673439363,0.0590496418306,0.201752915474,1.2402707089046087e-05,0,6.2013535445230433e-06,19,1,1,1,0,0
160,9,-0.15043956511241868,-5.1854783044156001,-0.688168295816727,-0.31180384512537551,3.8417774747579458,0.21907841919111168,0.326787529855,0.0251254351752,2.9909125685171033e-07,0,1.4954562842585517e-07,19,1,1,1,0,0
161,14,-5.5900932991993537,-2.1458194026987973,-1.0977456491085178,5.3041847690250084,-1.6926648856124193,-5.2465544365096424,0.109057851828,0.0173793344949,1.0390064661588439e-07,0,5.1950323307942195e-08,42,1,1,1,0,0
162,14,-0.0089924581591224791,-3.9168669142689807,2.5001559485201983,0.85004571894254832,-3.7067553585452027,-1.2617325672627671,0.030985227671,0.00714548096792,1.6513209562382163e-08,0,8.2566047811910814e-09,14,1,1,1,0,0
163,3,-2.4546216331925379,-2.325779117843255,-1.4363648218430283,-0.54580031671838936,-1.5885839626357285,-2.7776359246712423,0.0222801077683,0.00625629438315,1.2419500465738647e-08,0,6.2097502328693233e-09,12,1,1,1,0,0
164,15,0.72034748089303424,-5.1329523540589026,-2.6441632366630157,2.0207907413024224,-0.96632801538740765,0.77561463708105693,0.133252806555,0.0542581947953,9.1453528203093615e-07,0,4.5726764101546808e-07,33,1,1,1,0,0
165,6,-4.6859614321371463,2.2875070041445813,-0.38842102398865958,5.8579584225805625,-2.0417503890430595,5.9575610864400623,1.04177355784,0.00847776107473,1.10718574086382e-06,0,5.5359287043190999e-07,40,1,1,1,0,0
166,11,3.5523262436263283,-1.5825832409445229,-2.2936336975833873,-3.825314805405827,-4.6729375558970458,1.411634454726832,0.0990304172044,0.0144566640998,7.347058288001898e-08,0,3.673529144000949e-08,20,1,1,1,0,0
167,1,-0.069569682044797548,3.7508993306315186,-0.99956676001758538,-2.7504688142411955,-5.7245631211889219,-3.4548408474776688,0.164214173864,0.00782729322446,4.5629143902434765e-08,0,2.2814571951217383e-08,16,1,1,1,0,0
168,10,0.32167980256493911,3.8470200976573063,0.42012008273840973,-1.1310922269019581,3.2891705343694682,-3.827927755179624,0.0498343029767,0.00377302459001,6.819904390289602e-09,0,3.409952195144801e-09,21,1,1,1,0,0
169,9,4.7556347361232421,3.4284922567152187,0.88130908479177961,-1.4108009573219347,-2.5821005193498592,-2.2220314864682478,0.296468128039,0.0998215221395,3.1232037591284578e-06,0,1.5616018795642289e-06,37,1,1,1,0,0
170,13,-3.7345508395924356,-2.6120024767164827,0.99332133804392164,-2.9350695264461262,-1.8854178178351899,5.1306374142266442,0.0730441355631,0.0606803794652,1.1269698217772773e-06,0,5.6348491088863866e-07,23,1,1,1,0,0
171,9,0.19431240455691945,-4.0547435621961689,1.879899407113764,-4.2138038094784385,-3.8669093475335465,-1.0123241160216412,0.0234393020925,0.0815329595784,2.0255313184411888e-06,0,1.0127656592205944e-06,11,1,1,1,0,0
172,1,3.6327936910669933,2.6892722532307958,-0.023387917560598152,-0.8619601998801909,-1.5651518639690791,3.8890768674005249,4.17707346792,0.0033438212903,1.7451348726659755e-05,0,8.7256743633298774e-06,19,1,1,1,0,0
173,6,0.66702475753601731,-0.83139798582128566,2.8074657002833425,-3.311778825626805,2.7953138862582367,-1.4562404936704341,0.523041101871,0.0210364575641,4.0837511683901083e-07,0,2.0418755841950542e-07,11,1,1,1,0,0
174,14,1.8327144222926726,-2.9751627997632557,1.8085130490549561,2.2211810098885705,-3.021810017011016,-1.0317218829747066,0.0376389070432,0.00104833020942,1.7514607187316176e-09,0,8.7573035936580878e-10,45,1,1,1,0,0
175,2,3.2830596418889133,1.7545873863590282,2.2242164717499402,1.2552442281920062,2.0761529788004061,1.2474858835251308,0.236103695995,0.0149115068771,1.2347756378105312e-07,0,6.1738781890526561e-08,13,1,1,1,0,0
176,6,1.6290038642373585,-5.864926739608026,-2.2914429792249078,-1.3337017671313631,-4.5604290159059477,3.0482681932328886,0.502236101328,0.0046002155371,2.586874101323422e-07,0,1.293437050661711e-07,19,1,1,1,0,0
177,14,-3.968451024391126,-3.4305240677634652,0.53986082227277721,2.2370956810795297,2.0209213807040203,-3.0543682639642862,0.0337179498047,0.00825202080435,2.1880081458609413e-08,0,1.0940040729304707e-08,25,1,1,1,0,0
178,14,5.0307959982731267,-5.0207381754928342,2.4288181683857872,5.1978236845175827,4.6586539020067335,-2.7876065721248713,0.0227552409356,0.00672529312861,1.429551519042449e-08,0,7.1477575952122449e-09,21,1,1,1,0,0
179,4,1.9273290302705737,-4.6415839751211374,-2.5556792510012776,1.4664004457542192,-1.1660345262692899,-0.76841311010413083,0.219020195456,0.035619075188,4.3444360717757418e-07,0,2.1722180358878709e-07,26,1,1,1,0,0
180,2,-1.6275042228811558,3.239025422150692,0.78854979478494425,-1.6398008631984358,-1.6677901850162891,2.5371582781202502,0.0259213153764,0.0097254991349,2.948425480779351e-08,0,1.4742127403896755e-08,45,1,1,1,0,0
181,15,1.5737270120288898,2.2822314114719964,2.4884632392947013,-5.728345148907616,-3.7868587737077903,2.7543316150030579,0.0628027542151,0.0325276160084,3.2624336852164199e-07,0,1.6312168426082099e-07,31,1,1,1,0,0
182,14,0.80529467623581907,-2.1971438006669821,-1.2486668992062446,3.4668472407151603,-3.3036695246446528,5.3934355568757901,0.034934558969,0.000920123403777,1.4783207664320878e-09,0,7.3916038321604389e-10,18,1,1,1,0,0
183,12,-2.1479135702218577,2.2980824628171179,1.1443064865845891,5.9775657625223237,-4.2135400418014628,-1.4571936058363681,0.502721669053,0.0179319474213,3.5068025124232498e-07,0,1.7534012562116249e-07,8,1,1,1,0,0
184,4,3.0265754110256071,1.335628562169987,-0.70816283377992795,-2.3002375649011988,-4.828227120262329,1.4668761672520967,0.345024926791,0.00104898608214,1.1937739252556874e-07,0,5.968869626278437e-08,33,1,1,1,0,0
185,14,2.7682360194881581,-1.7476024686514706,-2.4933794536317788,-2.1033235261190817,-4.361579285260289,-3.2381317373835299,3.70679865029,0.0968510464659,1.6597705769959118e-05,0,8.2988528849795589e-06,11,1,1,1,0,0
186,7,2.2029858551430781,-1.0509299463410906,-2.874758290887903,5.474460730149648,-1.9005022574056747,4.8473040522949669,0.263261150406,0.0396033174614,5.4707532575633126e-07,0,2.7353766287816563e-07,13,1,1,1,0,0
187,8,4.1052642941287285,-5.5647640476410531,-1.6027846198394275,2.3628011628699039,4.6108532488323908,3.5314052321197407,0.324279086651,0.0084580488064,1.2694882662210315e-07,0,6.3474413311051574e-08,17,1,1,1,0,0
188,6,3.8303339216285033,-1.9032742068211992,-0.16770966897669101,5.2530494560051375,0.34239390815718546,3.8760298742945172,0.179375795149,0.689897855831,0.00014501759386183549,0,7.2508796930917746e-05,9,1,1,1,0,0
189,0,3.8774639439957705,-1.7203073933355582,1.335198273569858,-1.7475705367232326,-4.560043069994089,1.3534521208252026,0.0746382400498,0.0135611574442,6.1591530790994825e-08,0,3.0795765395497412e-08,11,1,1,1,0,0
190,14,-1.2260511499991027,1.3485156365196718,2.1130681784734371,-3.428299816134198,-4.012225698611898,-0.063940722252140009,0.0357149554191,0.00724165079335,1.725015435284627e-08,0,8.625077176423135e-09,13,1,1,1,0,0
191,1,-0.62714474245096719,5.9552856644484082,1.4207979894204121,-2.6760811764162709,0.22658134713828856,5.0581405780913382,0.280589664296,0.0368251884382,4.9182056835583257e-07,0,2.4591028417791629e-07,32,1,1,1,0,0
192,1,-1.9287301635623813,3.4257018679053042,-1.9158085977781645,0.13110385236969724,-1.6378506332145806,3.1242525965585783,0.0692372462739,0.0367701107057,4.1664904972134788e-07,0,2.0832452486067394e-07,11,1,1,1,0,0
193,11,6.1589313155417695,-5.502167621219936,-2.6179125264561556,5.0408465669864082,2.5679000534719827,4.2214242291361073,0.638488682557,0.0567532984475,1.3888212808561278e-06,0,6.944106404280639e-07,13,1,1,1,0,0
194,5,4.0949371389712175,-5.2567166827731109,-1.4408915968215545,3.9842978328055332,1.3450438506195441,-4.6823260967317646,0.305894346273,0.0573394030345,1.0950946789316563e-06,0,5.4754733946582814e-07,8,1,1,1,0,0
195,12,-2.0397103587034136,1.4652408885257857,0.79997006952633642,-3.2658046599744517,1.1558427920452552,-5.6152632044042008,0.0476146832077,0.0897670101195,2.4569096945471362e-06,0,1.2284548472735681e-06,17,1,1,1,0,0
196,2,-4.1434895360186959,0.93208281864800069,-1.8483263832101817,-2.1296264959625981,-3.2736779492587074,1.5092160109057144,0.839994005174,0.0169060903305,7.9265442775513857e-07,0,3.9632721387756928e-07,11,1,1,1,0,0
197,4,-3.5340439172379248,-2.5306978903326618,0.58115149848337699,-2.3288520706367781,4.6145454015861569,-0.35726968977319679,0.0935137997475,0.0476333334608,6.9990179057505871e-07,0,3.4995089528752936e-07,13,1,1,1,0,0
198,15,-0.62578599901423226,-2.6239218398415747,-2.3306069409081229,-2.4967070775775295,-4.7642375640122543,-0.98015238258649739,0.054689107605,0.129807573784,5.1357963140596286e-06,0,2.5678981570298143e-06,14,1,1,1,0,0
199,7,-1.2744238948566575,-1.7561175600824417,1.4068786665356958,4.3534754521012493,1.7013406298022884,-5.881744625973468,0.298998331749,0.0641470044918,1.3428513932251541e-06,0,6.7142569661257706e-07,23,1,1,1,0,0
200,9,-2.683970183397502,-4.4099932247020224,0.36317875990102222,-1.582902870579131,4.9307446308409704,3.668179214602163,0.642235151452,0.0118442909748,4.5519992339538872e-07,0,2.2759996169769436e-07,20,1,1,1,0,0
201,8,-2.1795968438880462,-1.3401213117900637,2.5153075865959909,-5.9824697181158522,-1.5616585880005933,-2.5699550454820042,0.203248287659,0.00028724897514,4.1335001020829939e-08,0,2.066750051041497e-08,10,1,1,1,0,0
202,10,3.5625019317338298,-6.0949085907859395,1.4569919070576991,3.1807729350782155,1.7395437574406749,1.4895852589838858,3.86024657569,0.199004440748,2.6965196458330053e-05,0,1.3482598229165026e-05,17,1,1,1,0,0
203,5,-1.38401800354504,-0.20146695047740495,2.2753592990755633,-5.3565933542078721,2.5715702510590557,-1.8633110152788643,0.0978762807919,0.315065225554,3.0247761909902567e-05,0,1.5123880954951284e-05,13,1,1,1,0,0
204,11,2.4344958246653703,1.2865246566732411,-0.24531103574005308,4.050285843372353,1.6837312184303863,-3.206163012583521,26.6375030463,0.000126904444244,0.00070955657344531518,0,0.00035477828672265759,60,1,0,0,0,2
205,7,3.4231711565993148,1.0942361779233729,0.33016639928268848,-0.92791229286453647,-1.5634408507949744,-2.4089842886244162,0.543132872312,0.00360942255647,2.9896185177007997e-07,0,1.4948092588503998e-07,20,1,1,1,0,0
206,7,-1.953584651623288,-1.9275607174595906,-0.011871588576349568,-4.1154398016445324,-5.4896083271837774,-0.58756126032209277,2.41766451815,0.0221413767083,5.9944375375654943e-06,0,2.9972187687827471e-06,26,1,1,1,0,0
207,12,1.3629394344781747,5.2941669833417544,-0.93652966566901408,-0.53490662914522358,-5.3989060630627481,2.8958819371125757,0.0604641549215,0.0264705035029,2.1709754932276493e-07,0,1.0854877466138247e-07,12,1,1,1,0,0
208,3,-1.5456462876279482,5.0832030958442447,-1.6134366368212518,-0.40989537728426079,4.2436052171140632,4.1100810248152344,0.0178638061015,0.000292165376128,3.4511789629092601e-10,0,1.72558948145463e-10,27,1,1,1,0,0
209,9,5.9397392926890937,-4.8972250988809707,2.3791957835017721,-5.0749572153216009,1.145142973509927,-0.9139286896213914,0.0286822104816,0.00371747662534,5.032369980449552e-09,0,2.516184990224776e-09,60,1,1,1,0,0
210,8,5.6724788311535574,-3.0365562969020004,2.0047514586100892,0.31367603875996519,1.2338509001242375,-0.53098340992751836,0.0253747485861,0.00236567062584,2.3486380353947809e-09,0,1.1743190176973905e-09,41,1,1,1,0,0
211,6,-5.8356599368306155,-0.99716021947847311,0.24474412932829617,-3.4076088236574251,-2.0890996074483184,-4.4271439955411589,0.478417794549,4.17264434908e-05,2.2888411650922252e-07,0,1.1444205825461126e-07,26,1,1,1,0,0
212,2,5.6309200944702891,-2.7618184585684267,2.1799688781424185,1.9363559257238969,4.6479479602608667,2.1437272099139735,0.318385882918,0.0202734009032,2.265706150230694e-07,0,1.132853075115347e-07,10,1,1,1,0,0
213,11,-0.49078582682437594,-1.8469438272611034,-1.6364594495092604,-6.0341171641210112,-0.89508289383395279,-5.1660936049816018,0.0642795443433,0.00669057110928,1.7767675338459744e-08,0,8.8838376692298721e-09,11,1,1,1,0,0
214,13,4.9281882446745433,-2.0973197354986377,-2.1724250500610816,-2.5533373493033178,-4.2712692232593552,-5.5724428093349454,0.0701395743327,0.019916382537,1.2574980421782921e-07,0,6.2874902108914607e-08,18,1,1,1,0,0
215,5,3.753433696497102,-5.8575178441503688,-0.32547228064871331,-2.1609571182634411,-6.1944890432791349,6.1530665951133354,28.3813462626,0.127507910149,0.00081045336706439541,0,0.00040522668353219771,60,1,0,0,0,2
216,7,-5.2331535084421414,-1.511859470799199,-2.0780504772515997,0.43324990478926495,3.5714031874004721,1.8624828778988709,0.0443202077187,0.00451499323428,8.1739568430717201e-09,0,4.08697842153586e-09,10,1,1,1,0,0
217,9,3.6905275739872594,1.4345027327149751,-0.77635935774218623,2.9997223945857447,-4.5459641541149463,-4.6357351359952492,0.0661415798937,0.00499656996791,1.1979699194127708e-08,0,5.989849597063854e-09,10,1,1,1,0,0
218,11,-0.813104706272051,3.3119807231709317,-0.43948954116463868,-5.3738072707739573,-3.2491885613977014,3.7144307612783329,0.512209404889,0.116551877252,4.40038510249923e-06,0,2.200192551249615e-06,35,1,1,1,0,0
219,5,3.5186473336480297,-5.6043141057681796,-0.95061582017417423,1.188521193517583,-1.5985836221660028,4.8383139211055273,0.0800693693055,0.0106010564467,4.0644739943969248e-08,0,2.0322369971984624e-08,26,1,1,1,0,0
220,14,-0.30475422927754686,2.7327477129791249,1.2220563493829599,0.26817269733313248,-5.6918500749205156,-0.44920247165317123,0.118986509416,0.000213117059339,1.4171624805326074e-08,0,7.0858124026630372e-09,18,1,1,1,0,0
221,0,3.9928335547275178,1.0332043526543941,-0.19583285419812643,3.7877660817617054,2.182061682123499,1.638354566759642,40.9324741844,0.0331949062608,0.0016758031013442577,0,0.00083790155067212883,60,0,0,0,0,3
222,4,-4.0725298842753794,-4.91377971176962,2.7579476816848953,3.8405665787344172,3.3704580058955451,5.4348772263310856,1.16391306605,0.0699816943367,2.8465384129987084e-06,0,1.4232692064993542e-06,25,1,1,1,0,0
223,14,-3.1925820867207593,-5.2636630598122398,-1.2483527046778171,3.7662741510549917,1.3801881198270578,2.4395309969419192,0.0742348376983,0.00441364176406,1.1444829630705091e-08,0,5.7224148153525456e-09,18,1,1,1,0,0
224,13,2.0542870729080045,2.9371857868681164,2.1288107030690546,-5.8452248266694538,-4.1799750160897755,2.3150079974099098,2.45874195772,0.0390172611815,6.5091453293164342e-06,0,3.2545726646582171e-06,13,1,1,1,0,0
225,6,4.545199300129064,1.8697771046946676,-1.5139660144762666,-2.507160194792446,-4.610227944945728,-0.06923939777834931,0.20450945883,0.191285663358,1.1187837957196652e-05,0,5.5939189785983262e-06,38,1,1,1,0,0
226,9,4.9120984891572714,-2.6154550903809191,-2.2966932106548543,-2.5819048469298047,2.1913668886874933,5.589867855225557,0.115547719406,0.0106751046172,4.806482430773571e-08,0,2.4032412153867855e-08,17,1,1,1,0,0
227,15,2.9834873208302168,5.0800691741083135,-1.5187327589956534,-5.2452763028185467,-4.8546671493431264,2.0221305269725072,0.183937382748,0.00709501438428,4.9167166858871622e-08,0,2.4583583429435811e-08,23,1,1,1,0,0
228,3,2.9822415432471412,-5.1371144591381341,2.5793156153147012,-0.91322426939628321,-1.3392008685573136,-1.3359642408429817,0.127123273517,0.0247297808758,2.0245278408548961e-07,0,1.012263920427448e-07,7,1,1,1,0,0
229,3,6.1618231184541701,3.196310542659321,-0.29319978380229533,3.1164611291140472,4.978093768382756,-2.6579095270958821,0.0260701675445,0.884745028727,0.00023844720448563549,0,0.00011922360224281774,38,1,1,1,0,0
230,13,5.3197201347293364,4.6895652923185729,-0.50051655917802218,-4.2972243939232655,-4.8118633071420982,6.0179808829578123,0.220407920392,0.00526015237667,5.7008172604852588e-08,0,2.8504086302426294e-08,13,1,1,1,0,0
231,7,4.5451639664770296,1.753206104434704,2.4380640673577849,-5.3320781069368177,1.8816038911490744,0.54543426154203745,0.0347533563106,0.134942887706,5.5481639671130314e-06,0,2.7740819835565157e-06,17,1,1,1,0,0
232,0,2.9963838882524891,1.974008812056455,-1.8537680283429845,4.1746001985212313,-5.9921591228112732,-4.9196571796331643,1.30616028992,0.0877405317889,4.0511217272642351e-06,0,2.0255608636321175e-06,36,1,1,1,0,0
233,12,2.8103397434886985,-4.9583577817797853,-0.94893615092420991,-0.26262020085348042,6.1098935938851655,-0.27957038808681911,0.146172769526,0.00220015954783,2.2841040715088715e-08,0,1.1420520357544357e-08,15,1,1,1,0,0
234,13,5.8243376697588047,1.9421427818541248,-0.12749098308897644,4.4908394390924506,2.3657866513433876,4.4714999681058503,24.8081484459,0.162024391486,0.00062344101640315647,0,0.00031172050820157824,60,1,0,0,0,2
235,10,-3.3733888279432271,-0.22242895609063723,1.2992357276563329,2.7582411180647712,1.4798687684399998,-3.6719031693495445,0.0345982452343,0.00792656028178,2.0336260081291388e-08,0,1.0168130040645694e-08,13,1,1,1,0,0
236,4,3.9659356661386664,-1.245836908013326,-1.8713317441742416,-3.8407275233607185,2.2637237331315045,0.36673195119387386,0.0394479317266,0.0196895998046,1.1965032433184347e-07,0,5.9825162165921737e-08,34,1,1,1,0,0
237,14,5.1170638054845092,-4.1878723553314661,1.9226222430174784,-2.3496613475911516,4.243411351743795,0.77253772293594147,0.205448342823,0.055415631372,9.776562800843219e-07,0,4.8882814004216095e-07,10,1,1,1,0,0
238,4,-2.3287693845755726,-1.1696327113351861,-2.4976065195689787,-1.0604170240315489,-1.7607270758017399,-2.6283645725229472,0.0108504280918,0.002004117123,1.3412232219418767e-09,0,6.7061161097093836e-10,14,1,1,1,0,0
239,14,4.7835304965594743,1.2937735556212941,-2.4574778576709821,-3.4179526023989415,4.347974626373313,2.8411008532327795,0.358725244112,0.0596083792061,1.211037888314487e-06,0,6.0551894415724348e-07,18,1,1,1,0,0
240,2,-3.5603790331975191,1.6962801198885544,-0.33324788903588848,-2.4167048346862865,0.91303766774207129,1.7613150524528585,0.113178092002,0.393693700181,4.7226903880289732e-05,0,2.3613451940144866e-05,23,1,1,1,0,0
241,11,2.1198372712281643,4.7559940957760949,-0.42292937011029352,4.1899226454390606,-1.7855182621076344,-6.1170761119292711,0.0573898279534,0.416237595945,5.277939970578078e-05,0,2.638969985289039e-05,10,1,1,1,0,0
242,13,2.7577822162576662,-3.9586522332173981,-2.0362160292564893,3.8461124404814746,1.3442548565378536,1.5614438947602818,0.117417423914,0.00972966241265,4.2623864826103605e-08,0,2.1311932413051802e-08,11,1,1,1,0,0
243,12,-0.37696143191595582,-3.3996048052327428,-1.2155905399882965,-5.5679644064640463,-2.0283889662551555,2.6890771956188741,4.30853892305,0.0385823232488,1.9016959822725313e-05,0,9.5084799113626565e-06,21,1,1,1,0,0
244,14,-4.7884217627456049,2.2453668910775835,-0.65539806798774813,-2.3827148655265282,2.1640706624583688,-3.4057148951688903,0.196751201085,0.0109996492734,7.5567392536502354e-08,0,3.7783696268251177e-08,22,1,1,1,0,0
245,10,4.4591375096812644,-4.5279706216170439,-1.0475009011473437,-0.53396691831785681,-2.7087615844904342,-3.1553593649371563,0.0806682023228,0.00895637416041,3.0942744188357601e-08,0,1.54713720941788e-08,11,1,1,1,0,0
246,9,4.5565981816840289,5.0419474844199828,2.3958610678073722,0.14502434221864077,-1.2273907637405095,3.2214126648061749,0.705276615925,0.0113594060205,5.3672175037673516e-07,0,2.6836087518836758e-07,27,1,1,1,0,0
247,2,-5.6696067546628486,-2.9780212060664231,-1.7978215817674288,3.5787944348051224,1.8081153348828323,-2.476051396648943,0.0590551206524,0.00827052519994,2.4323822241748788e-08,0,1.2161911120874394e-08,32,1,1,1,0,0
248,5,0.33118456463438561,1.935860713113098,2.2416982266886905,3.5648959842262169,5.1697122194437686,1.6739198286760004,0.042173970281,0.00718562819692,1.7507031946713306e-08,0,8.7535159733566528e-09,28,1,1,1,0,0
249,14,-0.023344460377089576,4.2314427222466016,2.3145434961604483,-2.8618799821916587,2.4081230218385237,-1.3574753427526687,0.388253542011,0.00991976190288,1.8071567759380324e-07,0,9.0357838796901622e-08,45,1,1,1,0,0
250,13,-3.3439899211799502,-2.369916080978161,-2.7230567590697601,-4.7191637879968162,4.8533974521341667,5.5447257633738651,0.0487818338308,0.00493939723837,9.8116150045377492e-09,0,4.9058075022688746e-09,34,1,1,1,0,0
251,14,-0.57349742498880285,4.4325232398570513,2.3666819786942779,-2.0298959614463268,-3.3088642662080332,-0.44574050136248117,0.23398020596,0.0204919795632,1.8266205728675847e-07,0,9.1331028643379236e-08,25,1,1,1,0,0
252,0,-3.0122316599677377,-4.6922292899169857,-1.1949537130766343,-4.5945085083762702,-1.636776388787111,-1.4299047035708716,0.831685420891,0.0156621491549,7.6642418070587049e-07,0,3.8321209035293524e-07,36,1,1,1,0,0
253,4,3.6684881803725746,-2.1529108587814179,-1.0561561167403255,-3.3230470992286092,-4.4518749441386891,0.52211153555655976,0.157536089778,0.0165115570668,1.0786592877394897e-07,0,5.3932964386974485e-08,10,1,1,1,0,0
254,10,-2.9619715305939023,4.7720453808808267,2.0015034609099458,1.1396900519765554,-1.3667839697519011,-1.7638311182342636,0.11467540749,9.75840045456e-05,1.3153349844438097e-08,0,6.5766749222190487e-09,13,1,1,1,0,0
255,12,-2.2032379634580885,5.295013740748856,1.6387699450974527,5.7839212606933632,4.1471716504606571,3.0528164673883813,0.0199495713659,0.0068935158801,1.4873576133949532e-08,0,7.4367880669747662e-09,30,1,1,1,0,0
256,0,-2.3267897171746879,2.5943395574853385,-0.94850650969400396,0.42473693437005977,-1.7219446168746455,4.4137491121625887,0.334048592426,0.0187972462983,2.1922090542154598e-07,0,1.0961045271077299e-07,37,1,1,1,0,0
257,4,4.4889078950387171,2.7407814463914391,2.4462953732620361,-3.4008759611640942,4.6673504489351245,3.6808996124638158,0.311059691753,0.0240391915503,2.7279127810461045e-07,0,1.3639563905230522e-07,16,1,1,1,0,0
258,2,-0.76757481087566604,-5.023873859307713,2.037105054949921,-4.4698092076319664,-3.9055902750342408,5.0835298996075675,0.143038280592,0.00354298686852,2.4283737843464258e-08,0,1.2141868921732129e-08,19,1,1,1,0,0
259,9,2.8149060881628318,-1.0085244864750667,2.1933634803247699,-3.3476015258937322,1.7831966238833958,2.3969998597676243,0.121208113306,0.00397136986659,1.9495765238991619e-08,0,9.7478826194958096e-09,19,1,1,1,0,0
260,0,-2.3569036875449276,4.1654014846605296,0.89659139943684707,-3.5684612069296429,3.8298823683760337,-3.0937102698946699,0.230409737851,0.0203018701713,1.7864157016403192e-07,0,8.9320785082015961e-08,6,1,1,1,0,0
261,3,-2.4838335822886641,-0.66275873470441027,2.7551481506469484,2.2509429293049523,-4.1818480031900345,1.1978868180376585,0.0442920305917,0.0181012229713,1.0177098321457924e-07,0,5.0885491607289618e-08,25,1,1,1,0,0
262,1,-4.2972878793331448,-0.056937911928339031,1.2028137874796576,4.1303512178044706,1.9319350559222024,-3.1554071232560079,0.104148404444,0.0406788948619,5.149194155299008e-07,0,2.574597077649504e-07,27,1,1,1,0,0
263,7,1.5032992436698311,4.2968971285958935,-1.1474164866852754,3.7876667621802609,-0.66115031217158593,-5.2307894638886117,0.146077396749,0.0561814177663,9.8281831731438834e-07,0,4.9140915865719417e-07,31,1,1,1,0,0
264,4,4.2389565999091099,-2.9103916648265855,2.0147941696626277,-4.3161866360715306,-1.8747442934290324,-3.0609747170381407,0.039405781047,0.00414052343697,6.7751566211535979e-09,0,3.387578310576799e-09,8,1,1,1,0,0
265,4,1.6561231691826519,-5.5354376020387308,-2.9219064817137279,0.5549438055223801,-4.1781397515707068,3.6005887587544581,0.0972141139889,0.00318952935368,1.2549486669723456e-08,0,6.2747433348617279e-09,13,1,1,1,0,0
266,3,-2.5219414332953365,1.3074217242849628,1.7213269787997509,5.6186281626894319,-2.0331485164966967,3.7001892537598762,0.20029932815,0.0931385818218,2.6826136200268092e-06,0,1.3413068100134046e-06,33,1,1,1,0,0
267,5,2.7448476131977109,-2.4104172421444483,2.3762112731488281,-1.7206552929634304,-4.8087708902121404,1.8710982161386869,0.551248906153,0.0202047123591,4.2822944812257432e-07,0,2.1411472406128716e-07,21,1,1,1,0,0
268,0,-3.5285461996872223,-2.5317380053293426,1.0559000628546469,-1.6783525093554295,3.5582742473975131,0.19285159250519593,0.0346700810784,0.00722281037675,1.7093597568998533e-08,0,8.5467987844992664e-09,11,1,1,1,0,0
269,12,1.3246096416079058,3.0710606744701856,0.84297938093838853,3.577669873167832,4.3146502730570928,-0.31411521590278862,0.37259524712,0.0683531003751,1.562044378355953e-06,0,7.8102218917797649e-07,39,1,1,1,0,0
270,5,1.2036923680653793,-0.9606718820821506,1.7436794228664805,-2.2004896688543423,-4.3953027934659801,3.8558675161091975,1.15195836319,0.126329766124,6.188461384378809e-06,0,3.0942306921894045e-06,9,1,1,1,0,0
271,4,2.1867585226943209,-3.6335255462396283,-1.4552477784491546,-2.0515415469111704,-4.9293253169337534,-2.8581069479875856,0.0118368402016,0.0717399402987,1.5678899215662987e-06,0,7.8394496078314936e-07,18,1,1,1,0,0
272,2,2.0569488660416528,5.977478088495185,0.52148093453657385,-4.3957385565741296,-2.0088575170395471,-6.1622501762926989,0.485712182317,0.00818016509413,2.5629982945254525e-07,0,1.2814991472627262e-07,25,1,1,1,0,0
273,7,-5.0342057313165913,4.8189066156564477,-2.6740658396341308,5.203452512046999,3.6191548270209672,5.2477206567784611,0.069796405756,0.0375593792962,4.345974564823035e-07,0,2.1729872824115175e-07,9,1,1,1,0,0
274,0,3.2375070127420771,-3.7063630054968835,2.4047985870888611,0.40993635887419666,-3.7896494548533268,-4.3851344795511595,0.0522871981455,0.416593614642,5.2869160190168406e-05,0,2.6434580095084203e-05,20,1,1,1,0,0
275,13,-4.100009484924712,1.3857357969296589,-2.5257290572276645,-4.0421619159530611,-1.1739946670820713,-0.81250284961007435,0.194170380131,0.0417291674116,5.6813958156091328e-07,0,2.8406979078045664e-07,21,1,1,1,0,0
276,0,-3.5480438328535473,-1.6447454716342946,-2.5752000337885566,-2.0104224010677889,1.7802055058576838,2.141321661190116,0.220210703718,0.0127207947922,9.7785524574153018e-08,0,4.8892762287076509e-08,16,1,1,1,0,0
277,1,-0.44010346896875313,0.93021454505132239,-1.9264926285101149,1.7807061106211997,4.4690075446874813,2.4599725995244768,0.0387341263698,0.00521809966262,9.7946274829210296e-09,0,4.8973137414605148e-09,16,1,1,1,0,0
278,14,0.85385042866732885,-0.26107948083175658,0.92471766919821907,5.5406400101271345,3.2086772419406295,5.5829901712213292,0.182753028962,0.00719279571773,4.9158450928509709e-08,0,2.4579225464254854e-08,14,1,1,1,0,0
279,4,4.0942534683744851,3.9951133722000121,-1.9951746299007382,-4.1649576126797436,2.4005112545264904,-0.39634877242373234,0.297037487,0.00267387846339,9.0409169319101217e-08,0,4.5204584659550608e-08,10,1,1,1,0,0
280,4,-3.4288697665379413,-2.2910734022526453,2.5624552520033408,3.8540207271331663,1.4324235058665615,-5.0549178916561512,0.0291287492598,0.00158957780563,1.6181784140219966e-09,0,8.0908920701099831e-10,11,1,1,1,0,0
281,5,-2.64534476450679,3.9791914082030386,-0.72937596758035461,-0.77022805953828966,-1.614900847382948,3.6216781194017598,0.0948537744761,0.0116650634542,5.0447659569247549e-08,0,2.5223829784623775e-08,23,1,1,1,0,0
282,1,4.2061434864059315,-4.4789702562358347,-1.2332633330375142,0.88647119155657372,-1.2670216477917984,-2.9575653721326463,0.0337694988935,0.0146694373889,6.6691730662336393e-08,0,3.3345865331168197e-08,9,1,1,1,0,0
283,0,-2.0227552381765244,-0.32097489440560995,-0.82600499566649099,4.8682078442234618,-4.8941426072233609,-0.20992122483583117,0.0965569536205,0.013770753837,6.7088961883478714e-08,0,3.3544480941739357e-08,7,1,1,1,0,0
284,6,3.0560369778262162,-2.04882393630897,2.2310114919461572,3.475253339761156,-4.4657075083417546,1.3502492181158279,0.412157910514,0.0913742252528,2.7132008430904647e-06,0,1.3566004215452324e-06,22,1,1,1,0,0
285,7,0.14358373990701934,4.6419915734503547,1.1030279671181022,-4.3986006356186111,-1.5176807082948847,1.5411777824047805,0.0342030468287,0.0361433481411,3.9910426048713258e-07,0,1.9955213024356629e-07,13,1,1,1,0,0
286,15,-0.96265129269549055,-4.1789760246232079,0.84431489007024141,4.4772067428990132,-0.8624629584217306,-3.0951808903608611,0.190669470655,0.0045016833436,4.2527965635622974e-08,0,2.1263982817811487e-08,19,1,1,1,0,0
287,13,1.054486814364936,2.7745968538888266,2.5542044087342166,3.29512031758822,-3.0167420780918204,-5.3486628859187411,0.0288994124248,0.00121646317392,1.2859436122486973e-09,0,6.4297180612434864e-10,11,1,1,1,0,0
288,5,5.1308103066767936,0.24039563732794492,0.71067615730807387,2.7960859044859268,-4.7958841723101164,5.6084400717559602,0.172698085307,0.0187294052847,1.3668156292437175e-07,0,6.8340781462185873e-08,9,1,1,1,0,0
289,15,-0.8099149203242002,-4.1517527260666069,1.5538221449228728,4.1260391144987576,-1.3602083151600524,2.6506388056910941,0.92254352419,0.00802630915861,8.7071050738694665e-07,0,4.3535525369347333e-07,14,1,1,1,0,0
290,5,-3.6101882819382629,0.24158153454974815,-0.65434642071845039,-5.9354111818051178,-3.597203136752062,-2.8609144942853728,0.252583972051,0.00813434014426,8.3954432887272866e-08,0,4.1977216443636433e-08,14,1,1,1,0,0
291,10,4.9968821076325822,-3.6069706709037583,-1.1089524899916647,-0.73536895874674113,-2.5477410720522751,-4.9408206029450392,0.0838838423012,0.0219978714361,1.5444280205935157e-07,0,7.7221401029675785e-08,48,1,1,1,0,0
292,8,-0.31817851166896777,2.0966974490798442,-0.292959548206844,3.5337236048548828,0.25996914812188077,-1.1182175190894932,73.3212665603,0.00166760546405,0.0053760089771201208,0,0.0026880044885600604,60,0,0,0,0,3
293,2,0.73422679455780138,-4.2833992499679798,1.1389628244625005,4.9827247429792116,3.2258312019954243,-5.3394646377828172,0.019383124774,0.0357075715209,3.8877225651885764e-07,0,1.9438612825942882e-07,45,1,1,1,0,0
294,2,4.7181929438235803,-2.1826543076159899,-1.4685147816569006,3.6949791369177616,1.1723522437718035,5.5610338918508395,0.0649220339008,0.210933228647,1.3557505014288816e-05,0,6.7787525071444081e-06,10,1,1,1,0,0
295,1,3.2223709417288151,-0.52419108514594071,2.7579186947979086,1.8639113518746793,2.4777060887708879,1.9125986206903833,0.128836038699,0.0143542325811,7.9363314375519307e-08,0,3.9681657187759653e-08,27,1,1,1,0,0
296,1,5.664779901779526,-4.8028089939722474,2.544923878648762,4.3054004950631093,-1.4336345651540612,1.7061149182285646,0.0837613269518,0.166766429432,8.4787438110825633e-06,0,4.2393719055412816e-06,13,1,1,1,0,0
297,15,-2.2153245154301939,-4.8692416223376318,-2.9518205712706296,-0.085417437110373196,1.8829470855648689,-5.2960156572275681,0.755052370365,0.00589644022333,5.8069502267034341e-07,0,2.903475113351717e-07,18,1,1,1,0,0
298,7,-5.4230999361139327,6.2391682053941171,0.92525518676198437,4.8151873663205818,-6.2030770817001439,-5.0412547325012689,5.31144477726,0.18552789248,3.8696559642676273e-05,0.0018950260949629283,7.619906267022599e-05,60,1,1,0,1,1
299,9,-5.5332317886168996,1.4452396062746102,-0.6192460013661848,-0.68693726453853265,-0.65345299349130082,-5.0824074795425602,0.428201939884,0.00678074325807,1.9736274699950782e-07,0,9.8681373499753911e-08,16,1,1,1,0,0
300,14,3.8352429693893733,-2.4175354751924609,1.0682493850039314,3.1230199873621203,-1.448541235849744,-2.0932708536813212,0.0341179587031,0.00462005494783,7.666065821602156e-09,0,3.833032910801078e-09,29,1,1,1,0,0
301,10,0.75266313545444563,5.291363945305644,-2.2096401422774736,4.5494112028435216,-1.7979208090745711,0.34737786794671632,0.0520549530344,0.000981511927632,3.0031760983168495e-09,0,1.5015880491584248e-09,40,1,1,1,0,0
302,12,-0.936053722948468,-1.5653481679005974,-1.1379726928848763,-1.0958001680246769,4.6682292689954945,1.3956304951812026,0.050467103072,0.117022689127,4.1740722365608485e-06,0,2.0870361182804243e-06,36,1,1,1,0,0
303,0,1.7573967347459325,1.5868586313635948,-0.78766315498823281,-0.33926014262869586,5.514410357214075,-0.804763296035239,2.60095403171,0.075424646532,8.4978930010301509e-06,0,4.2489465005150754e-06,15,1,1,1,0,0
304,4,1.4279816615270222,-0.20785854554641364,-1.5770287248032115,-2.5538648586050861,3.2670741769453673,1.1585853672592759,0.0624729882149,0.00364749586748,7.9555732843268165e-09,0,3.9777866421634083e-09,17,1,1,1,0,0
305,9,-0.95564671480013297,-2.0922865092881384,1.4696012682704367,4.9332457273846009,2.2931835544953003,0.070302623490046762,0.0357466555854,0.00966120749891,2.9710487510431116e-08,0,1.4855243755215558e-08,20,1,1,1,0,0
306,6,2.5246222352750705,-1.0075374190698532,2.3999564404113207,-3.5834231822357796,-4.5467295096378582,1.6837966494530152,0.0605506904415,0.00826100130296,2.4454740725234072e-08,0,1.2227370362617036e-08,25,1,1,1,0,0
307,5,-3.0459985503528211,-2.8745453570308763,-2.4651401396516901,0.66949420432108198,4.7158114217203932,-1.6495276665697058,0.0768561858248,1.41244662327e-05,5.9069340708815476e-09,0,2.9534670354407738e-09,11,1,1,1,0,0
308,5,4.8556866737725422,-4.8621717564399676,-1.4728596258707125,-2.5078960712230423,-4.1454060043330934,-1.1589226269029413,0.0573112962074,0.00176123204868,4.2294891231831931e-09,0,2.1147445615915965e-09,59,1,1,1,0,0
309,2,5.3919535842332404,0.46840615332547192,0.0866041237702731,-2.6992372858705029,-4.9638490846294276,-2.0080163803206541,40.5430707056,0.0109880832,0.0016437773611261963,0,0.00082188868056309817,60,0,0,0,0,3
310,6,-5.5938725655283559,-3.8915237641392952,-2.6366534818699154,4.7671169749312083,-4.7266144895805748,-2.1710013188750548,1.28914071941,0.0519463980484,2.4838720516009478e-06,0,1.2419360258004739e-06,21,1,1,1,0,0
311,0,-4.0046833011440501,5.5601006942607851,1.7837829791207525,-4.8374532247589945,3.1632630217255127,6.0595914434938329,0.518239134394,0.0249356787541,4.5797927945596949e-07,0,2.2898963972798474e-07,30,1,1,1,0,0
312,15,-1.3126670279774095,-1.511423041228106,-2.4230146821550771,-2.984844816564947,2.2737428486233728,5.8647012300454202,0.16335694232,0.0155209161532,1.000674731371486e-07,0,5.0033736568574299e-08,23,1,1,1,0,0
313,10,1.9251785215555761,-4.1166119285389557,-0.51400063514005601,3.4468688687784597,2.0484245273506696,2.4459635653079657,0.796188490424,0.00344411719694,6.3752946683570027e-07,0,3.1876473341785013e-07,34,1,1,1,0,0
314,2,-0.61282679146005969,-2.6773702027845241,0.72328714646980385,-4.3899442430497047,1.9815007488823941,5.8951273263883861,0.314938952289,0.00436663379949,1.0499483349972098e-07,0,5.2497416749860491e-08,13,1,1,1,0,0
315,8,0.0090652854561457542,0.09163480533765915,-0.80968713884774046,2.4434941734231654,4.4897177940735302,1.7713705043491601,0.0652204999744,0.00885834865036,2.8157146364664719e-08,0,1.407857318233236e-08,25,1,1,1,0,0
316,4,-0.011825617553218409,1.8217968786668137,1.7595197214583818,-3.8853681611206183,-4.857862790570497,3.8036515817199232,0.284735763659,0.0100553274952,1.1187420393595989e-07,0,5.5937101967979944e-08,9,1,1,1,0,0
317,9,0.69260026791674756,5.9118253299471339,1.8888742193067918,-3.0966179055250826,1.439108003783008,3.9253367400233929,0.0257718119302,0.00186492896367,1.723633503535639e-09,0,8.6181675176781952e-10,15,1,1,1,0,0
318,12,3.1136895012882144,2.5198360999752487,-0.93662099432281609,-0.13511101366021333,5.9302834378221334,-1.200703078549793,0.0618054128451,0.0122132195193,4.9257475310846876e-08,0,2.4628737655423438e-08,20,1,1,1,0,0
319,10,-3.5033120450579815,2.7425752747589303,1.5548687438166442,-1.8549583319954963,-1.3575178336719729,-2.071236709591429,0.0298000048978,0.0307874270803,2.8962443384260451e-07,0,1.4481221692130225e-07,11,1,1,1,0,0
320,4,2.4834407125594189,3.7579513141433978,0.14599547892161052,-4.3112797870125554,-3.6489638992989293,-2.6606023190405201,1.39726094564,0.0148226273636,2.0192657293965808e-06,0,1.0096328646982904e-06,12,1,1,1,0,0
321,11,-3.8976144796334946,-0.79007323025012965,1.8541222613574901,-2.9391639374196532,1.7300971062409323,-4.3470944544610868,0.0590591397003,0.00687540694815,1.7887619262752723e-08,0,8.9438096313763613e-09,25,1,1,1,0,0
322,7,4.8945254176479764,0.86911187027860282,-0.56618134164722744,0.042816744076456595,5.0033286611816647,-2.4988307331425745,0.359661792117,0.00266854890476,1.3152583203993923e-07,0,6.5762916019969613e-08,7,1,1,1,0,0
323,8,-5.1338838398137838,2.0537175116821849,2.2065819613935385,-0.32076942950555781,2.7518193131633666,-3.7785734112853837,0.0330650385219,0.00134518495171,1.6445088639905594e-09,0,8.222544319952797e-10,13,1,1,1,0,0
324,11,4.7072407626564852,-2.3654710864992277,-2.5380507678273116,-0.19052845245999953,-1.8034145409334092,2.8850035543119104,0.195116595967,0.014887619695,1.0558626263217883e-07,0,5.2793131316089416e-08,28,1,1,1,0,0
325,1,-3.9648442704013376,-3.4350823736865959,1.6363200141726739,-4.9177927059210376,-4.3722229164119026,3.2336999392418475,0.0339469119413,0.0111785464891,3.9217355635339539e-08,0,1.9608677817669769e-08,23,1,1,1,0,0
326,11,-1.2402043955590782,1.3126784644840601,3.0049503196201086,3.397361494062503,4.7880707741694613,-3.1750900320904676,0.343462492281,0.00961508971191,1.4612834888322867e-07,0,7.3064174441614333e-08,15,1,1,1,0,0
327,4,-3.0283994539472565,-1.6042621646753554,-1.6454372957390289,-1.4833614119868912,-1.7452740140920382,4.4214992236297954,0.0301566294901,0.0065720772095,1.4066518470092813e-08,0,7.0332592350464067e-09,26,1,1,1,0,0
328,13,-2.5033414869748696,2.1654746323631002,-0.44340737312162859,-2.3522279597712643,-4.3856507072334256,-5.7836535720166609,0.614080163747,0.100089670814,3.4287341531618688e-06,0,1.7143670765809344e-06,22,1,1,1,0,0
329,8,4.0025675254856079,-4.21513361826129,2.1041684304386656,-2.3337202266387536,-1.5623266780704206,-2.468941211870876,0.061982211749,0.00174364795294,4.7679254076062809e-09,0,2.3839627038031404e-09,18,1,1,1,0,0
330,13,2.7140938117703515,1.1337086371877385,0.28225469638855538,-0.76937497893683959,-2.0315498928954496,-1.2149758554433223,77.3298895065,0.400990249108,0.0060288922146618708,0,0.0030144461073309354,60,0,0,0,0,3
331,12,1.1867895836663107,-4.1486411517204873,-0.014766773975039948,-0.45379352683881685,-2.0317001095826028,-5.4878028669666046,15.0217453059,0.00021547274878,0.00022565284617744383,0,0.00011282642308872191,60,1,0,0,0,2
332,10,-1.038782653998503,-3.0059083398478275,1.3254074899638868,5.3520713126687722,3.1087663928301028,4.7563195259889728,0.527068593481,0.00632488620857,2.8998727401750079e-07,0,1.4499363700875039e-07,35,1,1,1,0,0
333,4,1.3045636488420822,5.5086042741317502,0.65090737033209933,-1.4043109815968622,0.49261093286394947,2.501607616747636,0.734679270042,0.029030403652,7.9647432740964235e-07,0,3.9823716370482117e-07,8,1,1,1,0,0
334,3,-2.6709411299948864,-4.1476522647623781,-2.11154413620255,3.1800148097248528,-5.1809421589033278,-5.1311055601762865,0.103530825484,0.0247215594658,1.9688724406151677e-07,0,9.8443622030758383e-08,29,1,1,1,0,0
335,7,-1.1731578356882784,-2.8272791238293657,0.66132313457479808,4.4742776610580837,-1.5444336842406665,-5.420724725715182,0.000798530022943,0.507833826825,7.855936971745727e-05,0,3.9279684858728635e-05,21,1,1,1,0,0
336,10,-1.5578400129690471,-1.4079181027850023,2.4567878024242522,0.38745861037497054,5.5742301792643616,0.28136345901629867,1.47924275751,0.00303248742438,2.1909603913511264e-06,0,1.0954801956755632e-06,12,1,1,1,0,0
337,8,3.1084516306352437,4.5497702851759243,0.21182216230192963,-2.9456059793816936,-1.020181657465534,-2.3450838714634816,0.16714163092,0.969183860978,0.00028616036578618588,0,0.00014308018289309294,33,1,1,1,0,0
338,1,2.4454173301252449,-1.4611508150642896,-1.7231940686103151,1.6335476014337393,1.6559301917158722,2.4159679224713031,0.0632417027891,0.0105986992007,3.8217926356273441e-08,0,1.9108963178136721e-08,14,1,1,1,0,0
339,9,-5.8555598175588823,1.3904263199497329,1.0608187468644439,3.0299141047839315,0.99487963053939532,-1.648907173347484,0.57999130089,0.103699788146,3.6121378256885137e-06,0,1.8060689128442568e-06,14,1,1,1,0,0
340,9,-1.46316651132427,0.82021646285365002,0.62383282184914213,3.0752069430524061,3.0327755494666193,0.57938343916384127,0.113028677111,0.0549303202451,9.3190983231579338e-07,0,4.6595491615789669e-07,25,1,1,1,0,0
341,12,3.7254480130610159,5.1595073589720482,1.0217203336946654,1.9721099178860926,5.2532663408421412,-2.993680442494449,0.0500909117721,0.00234284883795,4.1811263887022771e-09,0,2.0905631943511386e-09,15,1,1,1,0,0
342,13,-5.1592518029624506,-0.92929665287738883,-2.1199221826475712,4.5322644346730492,5.0413592297311265,-5.3617549727377751,0.099327473916,0.000304157219512,9.8941277237375261e-09,0,4.947063861868763e-09,13,1,1,1,0,0
343,11,5.8234723373219834,-0.19859327037721,2.2728268408980918,-1.7956534861309539,5.0843849570152484,-4.5933813597195998,0.298396967459,0.00764177338647,1.0682940241636757e-07,0,5.3414701208183784e-08,15,1,1,1,0,0
344,9,0.26156923321809566,-2.2266161154396076,-1.0652885571514759,4.4061227225791795,5.4291838065145992,-4.2109811022418215,0.175816756722,0.00336549689502,3.4361802274728397e-08,0,1.7180901137364198e-08,20,1,1,1,0,0
345,6,-1.1690325780388748,2.9800719664301907,-0.48828520827211896,-0.084675270502470951,-1.6934426435891949,-3.9443592723102467,0.704184233373,0.0149904612009,5.6432721116892671e-07,0,2.8216360558446336e-07,13,1,1,1,0,0
346,1,-0.53374820414609436,-3.6808101460863023,1.8783568979595717,-0.23525883930098027,-5.1329462360724092,-1.0093487647962511,0.764711246229,0.0747987224067,2.2890717181036624e-06,0,1.1445358590518312e-06,18,1,1,1,0,0
347,9,-4.3923842244619422,-4.2574337598503931,-0.42764254844863886,-5.6907926000793623,-2.2010681460641592,-0.51497173052457257,0.205175493528,0.0463101157413,6.9538767145002236e-07,0,3.4769383572501118e-07,19,1,1,1,0,0
348,5,4.3875288427612018,-2.3249786952011,-2.9564882996521518,-5.5418370960099752,4.5440410221017764,-2.9422891379359695,3.62660223027,0.0245674155498,1.3336097988882901e-05,0,6.6680489944414507e-06,17,1,1,1,0,0
349,5,0.5825531351890838,-5.0527102126587273,1.9210808422764456,-3.143761443436178,2.3734909592749953,-1.3629858276638238,0.0569395074135,0.00520576489633,1.1497235972763768e-08,0,5.7486179863818838e-09,8,1,1,1,0,0
350,0,-3.7028426640293168,2.1646722942161261,1.3153042474515839,-4.2971669697285524,-4.4471328947318343,2.8890440165870923,0.027302150224,0.000211642129206,7.5905194938227298e-10,0,3.7952597469113649e-10,19,1,1,1,0,0
351,7,-0.20144419346250764,-5.5972225446907293,-0.26631807079042713,1.2385482958074239,5.0819398680165868,1.536277362138295,1.18007547053,0.100964489018,4.4977957122522837e-06,0,2.2488978561261419e-06,18,1,1,1,0,0
352,0,-2.1119953814472798,-4.0445692028172369,-1.8225290924667787,-1.9863004179260311,-4.2564370344121993,-5.4792256791334744,0.172911055151,0.0111494394188,6.7765224249927027e-08,0,3.3882612124963514e-08,13,1,1,1,0,0
353,4,5.8055977816542059,-4.6122071624030578,2.4886559653519122,2.0062107624498666,-5.7673273793369928,-1.4554804598576443,0.0949147621112,0.0519666924152,8.3163946177462974e-07,0,4.1581973088731487e-07,23,1,1,1,0,0
354,14,-0.65364879698072731,-4.193055788351991,-0.30740918716532217,-0.29911468391854423,5.3321985161779164,-3.8945095834359647,80.9056940574,0.0166310966704,0.0065458155860766958,0,0.0032729077930383479,60,0,0,0,0,3
355,6,-0.40030658809596259,-2.1919584257163991,-2.3988471975320991,-3.9800476565918363,-3.7716965145020738,-1.9849090225784316,0.00348728788242,0.0230241962073,1.6149400155171568e-07,0,8.0747000775857842e-08,16,1,1,1,0,0
356,14,4.7341282256093029,2.5889604009536642,1.8262801147783509,1.2589558353555197,-4.3261032059389146,-4.8579214347302244,0.0341340245707,0.250810335267,1.9163375012445633e-05,0,9.5816875062228166e-06,10,1,1,1,0,0
357,15,-2.6455773770803495,-1.1669960379548905,-1.5202252056530954,-2.426135115860792,4.298485356255271,3.6385329374058957,0.0234101159238,0.000715353913074,7.0391577171526773e-10,0,3.5195788585763387e-10,20,1,1,1,0,0
358,9,6.1673658367677602,-1.1684062466579956,-1.7462296000977366,-1.6648360967418252,5.1313365484457663,-4.4270942936266247,0.0486592741288,0.00510091855105,1.0293678332253921e-08,0,5.1468391661269603e-09,15,1,1,1,0,0
359,1,-2.4944675242454655,-2.8975799998782006,0.37752747298863026,0.23714542137463729,3.1661650454063377,0.037222296713814676,0.252587994782,0.00143838596572,6.4430934593727084e-08,0,3.2215467296863542e-08,18,1,1,1,0,0
360,2,2.7806625286509123,-4.4019695671158994,-1.0597747513352946,3.0892615836604009,1.6646328025245365,1.3440630656404817,0.0359400030555,0.0501529127697,7.6750034528339366e-07,0,3.8375017264169683e-07,53,1,1,1,0,0
361,2,4.0704187332318771,-0.48113153009979093,-0.58185740211484793,-5.0707616769270381,5.1616327467422298,-1.5419593486359355,0.207663780864,0.0173919039795,1.3526441249119163e-07,0,6.7632206245595813e-08,58,1,1,1,0,0
362,0,0.2194853769570681,-0.084506285901898404,2.6926792260024448,2.1864167583555281,2.0672680801711429,-1.3048143243199575,0.266357964846,0.0120525351915,1.1519638984144142e-07,0,5.759819492072071e-08,35,1,1,1,0,0
363,14,-2.170099904395681,0.93293598672880729,1.8761792468682092,5.0085701397808311,4.8908611661843713,4.2000411489418115,0.00544726447972,0.0765892039228,1.7868868711058752e-06,0,8.9344343555293761e-07,18,1,1,1,0,0
364,5,5.6765556852436037,0.51738495522272498,-1.4739948413416262,-4.8228615298169126,-3.0989076703292504,0.86581804589890232,0.803433952794,0.036910229402,1.0605062381216958e-06,0,5.3025311906084789e-07,36,1,1,1,0,0
365,14,-4.6447090400983884,-5.3821451998208483,-0.74710142762070109,-1.787718088287382,1.524174168963804,-3.1057098122463431,0.0394253893255,0.00251916709581,3.4875252630866557e-09,0,1.7437626315433279e-09,21,1,1,1,0,0
366,0,4.909178198211924,-0.42328062918878839,1.7338940151276419,-3.8630683669382635,-4.8212684490594677,-5.5941304548784982,0.0811551045938,0.0290182734024,2.63092353766592e-07,0,1.31546176883296e-07,13,1,1,1,0,0
367,5,-3.6164478474304311,-4.5205579069395032,-2.1243553615344806,-1.2269898862993955,1.6809234290756416,2.4599294637897029,0.0945661626356,0.039680684828,4.885801731276063e-07,0,2.4429008656380315e-07,11,1,1,1,0,0
368,12,6.1247539738373096,-3.6185501848521877,1.8037394453522779,-4.6841141472306393,-3.8027963333338768,0.054052916113931079,2.0562430491,0.035905375587,4.6208470348762005e-06,0,2.3104235174381003e-06,7,1,1,1,0,0
369,2,-4.6782344840934424,5.3685295055201454,0.67051415547013005,4.0791546888957608,1.9712638785689571,2.2669036953658677,0.0819572711253,0.00710494117451,2.209413924224656e-08,0,1.104706962112328e-08,9,1,1,1,0,0
370,13,-4.864754030382219,-2.7824993815536851,0.22501234256563307,0.9293270699339905,-4.4740688431564708,-3.0086931225632436,0.856778388089,0.00693264073514,7.4870957872045895e-07,0,3.7435478936022948e-07,20,1,1,1,0,0
371,11,-5.561790506443411,0.91721895646780849,-2.5013206974609119,3.1027731089931767,4.4773817606198847,-5.5081026975533298,0.599509975297,0.0119526262872,4.0293146197745254e-07,0,2.0146573098872627e-07,8,1,1,1,0,0
372,0,0.9023180938112203,-4.7956065420787448,2.1847747750144957,1.3759145555324668,1.943404435110516,-2.8479743563975317,0.094405610932,0.00720405375478,2.4721573181166121e-08,0,1.236078659058306e-08,12,1,1,1,0,0
373,3,-2.2128321673551308,-1.6354507877266917,0.84837430690881632,1.7654846904900923,-2.5876003042591775,-2.6311515928091498,0.0963317666625,0.0462358466472,6.6047676920444324e-07,0,3.3023838460222162e-07,13,1,1,1,0,0
374,9,2.6276285905326757,-3.8857702654893145,2.4333753180459778,-6.0925941686191329,1.0201634529077617,-3.3432909728914053,0.0206344685693,0.0668162977286,1.3603651642953841e-06,0,6.8018258214769204e-07,29,1,1,1,0,0
375,10,-0.64311586175006219,2.20649602642753,0.29483912988550165,3.3448939781756795,-4.0196280839174916,-6.2818664220396716,3.76246575999,0.981962212415,0.00030788343062254999,0.0073412534436671411,0.00037417931862128922,34,1,1,1,1,0
376,2,-2.0080344127074952,-5.5138309802157339,0.40570003165018265,4.2210566160095482,2.2684801668763832,1.3130476829365481,0.512086789065,0.000419661684668,2.6228652751445753e-07,0,1.3114326375722877e-07,22,1,1,1,0,0
377,13,5.2568212545396396,3.2859493415946401,1.2369125153182023,3.2066414840340713,5.1211120582030381,3.4618512384760756,0.169930744813,0.0498996505335,7.8736625544607324e-07,0,3.9368312772303662e-07,21,1,1,1,0,0
378,2,0.35605348876724807,-1.3324565207712753,-1.1271976529836223,-3.7713433665985443,2.224731322584192,-1.324109740547728,0.233158466824,0.00217892661314,5.580910922908806e-08,0,2.790455461454403e-08,12,1,1,1,0,0
379,8,-3.9188955398436165,0.69496908156643089,-1.9601889019531165,0.21320949631396308,2.0287855477134817,3.0418457711371163,0.0172996412922,0.000862828234119,5.2605689965343736e-10,0,2.6302844982671868e-10,25,1,1,1,0,0
380,10,0.53160702299930096,4.3159895052079804,-2.6888776882952476,-5.1296916323611734,-2.3106293826400846,1.2091611733246606,0.489504621776,0.0171256928198,3.2895582117624388e-07,0,1.6447791058812194e-07,17,1,1,1,0,0
381,15,0.88904970746243384,-6.1009603013888061,2.4756196465481022,2.1211968249266158,-4.6853299037708123,3.8017419412517017,0.13384281475,0.0052898915424,2.6437993858119304e-08,0,1.3218996929059652e-08,10,1,1,1,0,0
382,0,-5.2335809312211747,4.4960557955364369,-2.1933231704965617,2.9930952740634629,-3.3255285909285281,3.7432026056647612,0.350536453354,0.0302922946367,4.0239979056126519e-07,0,2.0119989528063259e-07,23,1,1,1,0,0
383,10,-5.6677971543334227,4.0855347546417962,-1.442757567129433,-2.7934334839966239,1.3621905094832032,-2.8478952167283058,0.0422037049799,0.0408052748117,5.0899061770614137e-07,0,2.5449530885307069e-07,13,1,1,1,0,0
384,5,2.7617086924344556,0.54075707085974523,-2.4140249088727139,-3.2406782390619155,-1.5784421394256822,-1.192063019187787,0.0325288186404,0.073878129569,1.6636533083694807e-06,0,8.3182665418474036e-07,16,1,1,1,0,0
385,10,-1.9740694001560595,4.2877094008453467,-2.6495655601978108,1.3500532982901443,3.9936530052317223,-2.6057254269529553,0.113619073418,0.00310930675596,1.585427063301093e-08,0,7.9271353165054649e-09,29,1,1,1,0,0
386,8,-1.4521218966057019,0.5519940262223062,-1.1042854766157717,1.9746082442394643,-1.6762317045249131,3.0707454360248891,0.159038926266,0.0435482343774,6.0298469511695889e-07,0,3.0149234755847945e-07,34,1,1,1,0,0
387,1,-4.5974976489597701,1.3273390501588505,0.016249580584774104,3.6798557281352373,-3.6563430873651708,-2.5930334001973274,79.8793931741,0.00298043444873,0.0063807201597721012,0,0.0031903600798860506,60,0,0,0,0,3
388,14,2.1505678564148609,-1.2270607557349398,-1.9923949185920584,-1.981511159188426,4.2617925982376326,4.9983367969493031,0.0309185238215,0.00117725829271,1.3781356949603048e-09,0,6.8906784748015238e-10,36,1,1,1,0,0
389,3,-3.3272882113147824,0.086694225742811479,1.7585502378238254,-4.2076927538312425,1.9818748062159548,0.63928237269035026,0.210744663245,0.024574554706,2.28374434946524e-07,0,1.14187217473262e-07,17,1,1,1,0,0
390,7,4.3651340387547384,0.77586444520000564,-1.0824067376406226,3.4442821875983531,0.77744638200595628,-4.8499668887825855,0.270671928946,0.0844151674722,2.2439428092382157e-06,0,1.1219714046191079e-06,58,1,1,1,0,0
391,7,0.55147205146212974,-4.1244591107025999,-2.2670564869505219,4.0959672598062644,-4.7149195445253431,-2.6498049082512232,0.20385364921,0.0387959319908,5.0004340291015181e-07,0,2.500217014550759e-07,18,1,1,1,0,0
392,9,4.2087445230537464,-0.66420513713328233,-1.6454028827707343,0.50706061467949948,1.4206669307556399,0.63915908235042751,0.333442913226,0.0119154895653,1.54433419998506e-07,0,7.7216709999252999e-08,16,1,1,1,0,0
393,13,-4.5376277997164776,-0.28154714126673491,0.89248538606179417,-0.17594379028813989,4.9760374605134086,-5.5443319194619836,0.0889074433978,0.022197406685,1.5799711008759386e-07,0,7.8998555043796929e-08,43,1,1,1,0,0
394,11,4.7610792271452169,-5.8271818196096872,-0.60245275420143574,2.8589367869879667,-2.2090419048100536,-1.917335703408928,0.449269820963,0.0129368589804,2.5282485020082005e-07,0,1.2641242510041003e-07,31,1,1,1,0,0
395,12,5.9874852802955258,4.760351132162679,1.9070741183313982,5.4255527527381791,-3.8126437309487855,5.3189719579264949,2.93772514497,0.271983520522,3.1164313450460935e-05,0,1.5582156725230468e-05,7,1,1,1,0,0
396,1,2.5536785175995087,-0.10766917273110199,2.1064273362068207,4.9947699399512562,-2.5587068425722981,5.5279383793533965,0.0880069921889,0.00906294857344,3.276560290675048e-08,0,1.638280145337524e-08,24,1,1,1,0,0
397,9,5.7372419649542632,-3.229196641023008,2.0984302021146695,-3.6525223604685682,3.7172242999882279,1.4120658559141441,0.816381134988,0.0466804847123,1.3302601235538781e-06,0,6.6513006177693905e-07,53,1,1,1,0,0
398,6,-4.9771539888961156,2.123541962012149,0.040646349683596816,5.951151661428189,4.891609911644264,6.0225024696688969,4.67067045815,0.109700432399,2.5480984872473821e-05,0,1.274049243623691e-05,18,1,1,1,0,0
399,4,-3.6894468655882502,-4.8816119981732209,2.4413813173479548,-5.6120433519136466,-4.3816610023419678,-4.7554600520047625,0.0736222302552,0.0537824830699,8.8654302126801774e-07,0,4.4327151063400887e-07,21,1,1,1,0,0
400,3,0.4202790863945885,-4.5372617917359044,1.1551080252035932,3.3792812325290473,-4.0805060590630946,5.6204578232785911,0.0591409346851,0.00120058535396,3.9367272859221518e-09,0,1.9683636429610759e-09,10,1,1,1,0,0
401,0,-3.8889694074057477,1.490808298571725,-1.7932867315896157,3.7613253676480451,-4.5031513963938412,-3.5478118643050527,0.894235218291,0.578792031403,0.00010284655793451956,0,5.142327896725978e-05,21,1,1,1,0,0
402,1,-1.4811478389225428,-5.5450036832554597,0.80652254424986958,4.8435609375708024,-3.0395980245305556,1.7377196862872524,0.0940181842866,0.00131157620937,9.3634316564303386e-09,0,4.6817158282151693e-09,17,1,1,1,0,0
403,12,0.95986084668545202,-1.4079162918558159,2.283874743555276,-0.82936541365264627,-2.0456053014416957,0.68147893698424422,0.016404870417,0.125512588418,4.7990321815121219e-06,0,2.399516090756061e-06,10,1,1,1,0,0
404,1,-4.686125213376199,-4.036583170432622,0.21991979381570159,-2.8915033682394404,-3.6652553831873798,-2.6905714671051677,41.4645309294,0.00338982017278,0.0017193108255211186,0,0.00085965541276055932,60,0,0,0,0,3
405,4,-3.2234660976294371,3.2735517538106742,-2.0186784149616095,5.6354406538042996,4.0505597298015195,3.4426064138428316,1.17725465125,0.253739445672,2.0998327000166546e-05,0,1.0499163500083273e-05,9,1,1,1,0,0
406,6,-4.0415350976984366,-4.1544604547067951,2.0281943124366766,2.8582617740598475,-2.3162002430504662,-1.7021004374854707,0.592171634892,0.0250231546828,5.4140596184131075e-07,0,2.7070298092065538e-07,18,1,1,1,0,0
407,14,2.0897015918091606,-4.5175058558183148,1.5779519948780851,4.0544662412122019,5.6650551551146222,0.6101857507173204,0.0367353755665,8.95202926139e-05,1.3519289863115565e-09,0,6.7596449315577826e-10,29,1,1,1,0,0
408,1,4.1642264301064689,-1.7275925032183719,2.5953058610099546,-2.286022190136523,1.199235341503893,-5.6050571937695839,0.281156308198,0.0548056132637,9.9401458036551937e-07,0,4.9700729018275968e-07,14,1,1,1,0,0
409,15,2.3492107211659632,-2.1726441999314576,-0.81335753022368884,4.1037656187481364,-1.406331854359524,0.25165609360311064,0.105592698277,0.107959908664,3.5615699877352919e-06,0,1.780784993867646e-06,17,1,1,1,0,0
410,15,-0.66586704777212802,-2.1434335784866896,-1.7177714549715528,2.9635399390304356,1.7031841233225498,-1.4622919175741897,0.105785668651,0.0128332304283,6.1358599850864688e-08,0,3.0679299925432344e-08,39,1,1,1,0,0
411,3,0.58654577505685423,-0.40229772402850594,-1.5157899310063814,2.4672168218083534,-2.2917932491195372,1.5492140121078135,0.0318780699454,0.0926171592332,2.6140056081720806e-06,0,1.3070028040860403e-06,14,1,1,1,0,0
412,1,-4.7443470063151763,0.8501664965211736,0.78275683776396832,-0.49839454121303628,-2.286651532621649,-5.8405011805111258,0.64470588971,0.0124172531312,4.6261408835535345e-07,0,2.3130704417767672e-07,32,1,1,1,0,0
413,1,2.444569296280811,-4.002134821006802,1.7957819469697867,-0.15476556912567285,-3.4242126832967545,-5.2860530651914708,0.229242914024,0.0159644724015,1.3018844317413305e-07,0,6.5094221587066526e-08,58,1,1,1,0,0
414,3,4.502659962560899,2.1410730382635159,-2.6580534257287458,4.8245377213118052,-5.316346203581829,0.23902753172407604,0.789349063307,0.0892970142265,3.0520780743489126e-06,0,1.5260390371744563e-06,52,1,1,1,0,0
415,1,1.7953987634026174,5.5346150622753241,2.5910701596561769,-0.0098921691591716612,4.5907602061321455,-5.9080341937085024,0.0741713797089,0.12523381548,4.782971298137872e-06,0,2.391485649068936e-06,16,1,1,1,0,0
416,3,4.797255299058043,-1.8963497899082602,1.4835885546995327,-4.4649148317300078,-1.6019002900660069,2.8114745797510508,0.0301482292727,0.0208350363019,1.3314295314010193e-07,0,6.6571476570050964e-08,19,1,1,1,0,0
417,12,4.4874985781698475,1.7235854470179384,0.23100012394118985,5.5803686806055488,-2.1302831616216831,-3.0587372010427298,1.60314712298,0.0547381882017,3.4827965051048337e-06,0,1.7413982525524169e-06,13,1,1,1,0,0
418,7,2.6926744197627475,2.3053717398023523,1.8235604237697884,-3.1624254325867391,4.2729900774907028,-1.8429451067111804,0.0210596295785,0.00159890322146,1.222259845953734e-09,0,6.1112992297686699e-10,43,1,1,1,0,0
419,11,-4.3945894527178533,4.6294421068366596,-2.617925846567867,-5.2091371008197163,-2.5686803716914812,0.4195709698913927,0.0426028315524,0.00361348350841,5.7924710407968649e-09,0,2.8962355203984324e-09,12,1,1,1,0,0
420,4,-3.5548598945902796,1.1663371990607938,2.0893621781627307,-1.7490167473898892,-0.41014911971490497,-0.36973574409077137,0.198517154245,0.0258885642852,2.4356906550326256e-07,0,1.2178453275163128e-07,12,1,1,1,0,0
421,6,-1.4559760454276256,2.4942104696959304,2.5326637415191628,-0.18214888221626452,1.4184552453713495,0.00032797617143770497,0.318015640298,0.00990135288266,1.3099766115499023e-07,0,6.5498830577495114e-08,14,1,1,1,0,0
422,2,2.1174910914506135,-5.536247728883998,-1.9475589200432539,-0.33176499343928006,-4.6238400876667844,2.5065323064202047,0.142496583394,0.0100746626316,5.1223587114162267e-08,0,2.5611793557081133e-08,22,1,1,1,0,0
423,10,5.8036721741017825,1.9919112957172369,-2.3923052171327899,-1.0994422307525755,-4.7947642963782942,-1.6059483166137589,0.0348072010151,0.00400044179706,6.0864966512036936e-09,0,3.0432483256018468e-09,6,1,1,1,0,0
424,1,-5.0446663953956445,-0.1101056367573424,-2.0416184349756308,-0.52374991982242158,2.1677640661087225,4.0366579797322668,0.0676342799229,0.0210405543791,1.3943002889208308e-07,0,6.9715014446041538e-08,14,1,1,1,0,0
425,11,-5.4482517918246085,1.9704591940242782,-1.1550998140988387,3.2666347177981971,1.5097508845478207,-2.8902343220678142,0.396523519416,0.0343930177307,5.1755665402500645e-07,0,2.5877832701250322e-07,10,1,1,1,0,0
426,6,-3.7769892057513936,1.7680588738091945,-1.4734001344423044,3.2791561235372373,1.6308760892201561,1.5234202610873351,0.270539445996,0.0796482044259,2.0056346883551854e-06,0,1.0028173441775927e-06,21,1,1,1,0,0
427,4,0.46093811996094169,-4.7923623933552113,2.5490265093969833,-5.1582519204719945,-5.1157636773562976,-1.7905003791570897,0.0425700431793,0.0257882481302,2.0439307102147503e-07,0,1.0219653551073751e-07,27,1,1,1,0,0
428,13,-0.39755757607696807,1.0756752103839782,1.1776833635910096,5.0037046341814415,4.6526768768311557,1.793456804075592,0.0242647358665,0.206230243812,1.2956245897659908e-05,0,6.4781229488299539e-06,10,1,1,1,0,0
429,5,-0.099696204137067312,1.844816012010593,1.1976599702849722,1.5560250103217603,0.76751763132661577,-0.80914599277287225,1.51552622885,0.029324655158,2.5587710531013749e-06,0,1.2793855265506875e-06,8,1,1,1,0,0
430,6,-2.3546387395122133,-2.9552875475015661,0.40874886448649317,-0.7168798147602744,-0.92017787345976187,2.227457748482502,1.48256370803,0.073643459091,3.8500447938963935e-06,0,1.9250223969481968e-06,33,1,1,1,0,0
431,15,-1.0107713715893691,-5.2830187129280155,0.44860138855597897,5.665866130489996,4.6164705906987722,-4.3690699592098854,0.689847163299,0.00715131985609,4.914676626163686e-07,0,2.457338313081843e-07,16,1,1,1,0,0
432,8,1.2866375225295492,5.0285267295932181,-1.6911076362687418,2.9465024791485126,1.4469763216607239,2.4428759540375871,0.0444765354118,0.00416540078378,7.2634461451852184e-09,0,3.6317230725926092e-09,39,1,1,1,0,0
433,13,2.5026384656735998,0.10098212076527699,1.5556533715663292,-4.8715227308502902,0.71866419856471908,-3.0103370096869217,0.0254752790273,0.053915483576,8.8613508292873676e-07,0,4.4306754146436838e-07,17,1,1,1,0,0
434,6,-5.3129435164185894,0.55452904701707273,-1.5659625613433681,2.222407284589154,4.6326624202606697,1.0015795355773616,0.0100229774614,0.00544740134922,9.1397326676752262e-09,0,4.5698663338376131e-09,27,1,1,1,0,0
435,0,1.3260907502364889,-5.9742963446827613,0.17834387621452019,4.4144798842164104,-4.9901613133431821,-3.9495834117591953,1.23917491038,0.137187088559,7.268544851714425e-06,0,3.6342724258572125e-06,9,1,1,1,0,0
436,13,1.324036467133888,-3.3242843661302572,-1.8664497858942817,-2.3390577272259101,-4.6793796698804497,3.3312333789783226,0.0682970905777,0.0188169077157,1.1252221497775205e-07,0,5.6261107488876025e-08,14,1,1,1,0,0
437,0,4.3020079227165171,1.4986527186279592,0.80941470890837763,3.0231563404342383,1.3695635600697071,1.0935690016953199,0.363887317016,0.0733358124001,1.7706895300250059e-06,0,8.8534476501250293e-07,13,1,1,1,0,0
438,1,5.612774816811906,-3.1907565597603047,0.26243459644242628,0.84920142554271294,1.7652744055263494,4.3221007174701169,1.09619914802,0.108429639713,4.7830355459540143e-06,0,2.3915177729770072e-06,18,1,1,1,0,0
439,10,4.1300460748464536,-3.0544795148772095,-0.998877503929961,3.2186089663070612,-4.5150386389624835,-5.191212334492656,0.0570725190873,0.00713288935174,1.8755631180393465e-08,0,9.3778155901967323e-09,9,1,1,1,0,0
440,8,3.2993310502414825,-3.7512597476276692,-0.44419301496021601,-3.2653911453609896,1.6403974609306553,-5.0583016960919442,0.667228442282,0.00252207973847,4.4713143093432033e-07,0,2.2356571546716017e-07,39,1,1,1,0,0
441,13,-0.6376164973006041,2.8128677317278341,-1.0302089832768193,4.2386227155386109,2.5324628108792879,-6.0008304253605305,0.14366984658,0.0327659651113,3.4768086671042741e-07,0,1.738404333552137e-07,20,1,1,1,0,0
442,1,-2.0545831748901193,2.2696886598275237,0.89134544130186988,4.9293242071127867,-3.0898134473112622,-2.0990767938369803,2.59930848324,0.192868323387,1.8087621300160792e-05,0,9.0438106500803961e-06,33,1,1,1,0,0
443,4,-2.0293963824478682,5.2217823813540951,2.5933293324382651,-3.6970581568746579,-4.214670368343806,0.41110797203185617,0.0835349622559,0.0225268630135,1.6155911088852867e-07,0,8.0779555444264334e-08,23,1,1,1,0,0
444,4,-4.5362937285748348,5.5510742820469643,0.84852848457377117,1.3458798985846863,-0.11347819540852873,-0.42003835981169341,0.151049562,0.00328466888132,2.6102502649709967e-08,0,1.3051251324854984e-08,25,1,1,1,0,0
445,1,5.3759418473115108,3.0851178616177117,-0.30284882634279719,4.1157104275835321,-0.85894622363609874,-2.7401557375912793,1.37779171473,0.00507877967213,1.9061673118153803e-06,0,9.5308365590769017e-07,13,1,1,1,0,0
446,3,5.9007176237657584,-2.2102584065418149,-2.1692141381829741,5.8495449593361641,4.5690429102980943,1.7071020913399426,0.07447452725,0.00841921979347,2.7138731564499194e-08,0,1.3569365782249597e-08,30,1,1,1,0,0
447,9,-2.3569097651489423,-2.3176590414345668,-1.2936973870312896,-4.9114627789271639,-4.2806876977585029,0.1641240853215562,0.0981924012032,0.0155067404119,8.2889747250985185e-08,0,4.1444873625492592e-08,14,1,1,1,0,0
448,6,-2.4474010323318169,-4.0447523879066392,-0.16389722252276426,-2.4057030873173209,-5.2730301209191177,-0.347390634263335,2.17544095106,0.212639190214,1.8505949495053708e-05,0,9.2529747475268538e-06,17,1,1,1,0,0
449,3,-5.9266696118717208,-1.8410089596413375,-2.3021552794827813,-2.7717292839042056,-3.4096093252083448,4.4876867893510637,0.116426071906,0.0391155446872,4.7962755264254281e-07,0,2.3981377632127141e-07,14,1,1,1,0,0
450,0,-0.20046403571866675,-2.9494421342454227,-2.4230882644781975,-5.1097280245200212,-3.1105548933011797,1.8234615349246479,0.307115218433,0.0076629830571,1.1220729112858319e-07,0,5.6103645564291596e-08,26,1,1,1,0,0
451,13,-1.6841716837958272,2.0784132880181407,0.12601859032813745,0.42901992607527129,-0.65898294816880287,-3.6649075539638929,2.63442115888,0.0852218497738,9.1525391747396047e-06,0,4.5762695873698023e-06,7,1,1,1,0,0
452,6,6.2509381693758108,1.4678110724735423,-1.0373230496438115,-1.2753725347238107,-3.4238446206280919,-0.42757436775014324,4.87504634876,0.892539293221,0.00026643235234106473,0.0029978759186787586,0.00022315245373089512,22,1,1,1,1,0
453,10,-4.8205450938653112,0.37337778540612426,0.59328854315505553,4.4558278041854766,-4.1807751526312513,3.4167682506027894,0.313510747568,0.228995644317,1.6072123423485219e-05,0,8.0360617117426096e-06,10,1,1,1,0,0
454,0,2.1834486063560901,0.35116626761557074,1.4147231713748631,4.4907689644290008,-0.60163014537546045,0.67999597908953924,0.0664710729095,0.023585743101,1.7387319870448867e-07,0,8.6936599352244336e-08,9,1,1,1,0,0
455,4,1.2849829123297596,-5.5584649270893145,0.87027645194118208,2.8595156584454786,0.18427549955598443,-3.2266733471135707,0.39393331121,0.0973524989907,3.0421978094618293e-06,0,1.5210989047309147e-06,20,1,1,1,0,0
456,8,4.6357962126620276,2.3302595218728395,-2.4509355024298123,-1.7302303476436258,2.2833690789696424,-5.7514367988439021,0.126373359209,0.0188225715241,1.2389288750858224e-07,0,6.1946443754291121e-08,36,1,1,1,0,0
457,8,3.8805897954613373,5.4807624638483716,-1.0837401731216307,0.34558317803189265,1.7269923315479339,-5.1444571163767616,1.58334434727,0.0507798047761,3.2924623198520987e-06,0,1.6462311599260493e-06,17,1,1,1,0,0
458,10,-4.9585842541620595,-1.316452028006224,2.5494087025762187,2.8742570624430588,-4.3409864900606641,-2.3196989748342047,0.0951314695381,0.00582600357183,1.938941771114052e-08,0,9.6947088555702598e-09,27,1,1,1,0,0
459,7,3.1930865292979931,-3.8902866065221051,2.3271227148351876,-1.7604222584084175,3.838752429642164,0.15973797542746893,0.111455933458,0.0483877041015,7.2564448531034948e-07,0,3.6282224265517474e-07,13,1,1,1,0,0
460,15,-3.6897779749034765,-3.2474857156942227,-0.50214478482844571,-5.6739147168473529,-0.52891921100714612,-2.1425736065128347,0.655147294039,0.0310364058759,7.2264329260575095e-07,0,3.6132164630287547e-07,12,1,1,1,0,0
461,10,0.6259076660147892,3.476544424015978,0.99374179872044666,3.9701974138036005,-1.6765930663992055,0.70483956708374917,0.268778893277,0.098955563596,3.0551178779542348e-06,0,1.5275589389771174e-06,21,1,1,1,0,0
462,4,4.6325683211102229,0.72550032586525071,0.16633133913648895,-2.4804151696721335,-4.7680385968266776,-1.1479601303754856,104.266060077,0.0172736952641,0.010871502175806597,0,0.0054357510879032983,60,0,0,0,0,3
463,2,-2.7403002758298363,-5.4914757627407367,-2.3291977787552933,5.8975384233123451,-3.1890016774115866,-4.7490566812241823,0.181863399655,0.0982668732737,2.9745753636459155e-06,0,1.4872876818229578e-06,10,1,1,1,0,0
464,0,3.6392970161557887,4.7590666844245533,-2.4130110146164441,3.7404715679032345,1.9769231429993581,0.91414528602980516,0.15582458034,0.0155806532807,9.8229236685577345e-08,0,4.9114618342788673e-08,31,1,1,1,0,0
465,8,5.2234546624713944,1.8527101024188746,-0.2700447151759493,4.6949203339077785,-1.4186361059063346,-6.0473690999212115,1.29342791234,0.509248234261,8.0670537847390701e-05,0,4.033526892369535e-05,8,1,1,1,0,0
466,14,5.5683129410463543,2.4227571301532098,2.0536452379026047,1.1494274092392498,-4.449668820191544,-1.5206898243881766,0.393377013175,0.0446482181859,7.6198914793527937e-07,0,3.8099457396763968e-07,52,1,1,1,0,0
467,4,3.612788124129156,-0.3237714033912743,0.30199648238780663,-1.9749652569403187,1.7561938170937927,1.7832795714628094,23.1462090184,0.0146968342834,0.00053581278835412752,0,0.00026790639417706376,60,1,0,0,0,2
468,5,0.50363039991126746,-4.9970925234258186,1.7884540408390341,-1.1687849614992931,4.6193197033437317,1.3366899926531599,0.222425508614,0.0243281042618,2.2976295461228198e-07,0,1.1488147730614099e-07,11,1,1,1,0,0
469,12,-5.124297514330193,-1.9082763332183155,-2.3044684089775007,-6.0627808786717381,4.9193486675427014,0.43298699997576778,0.27770949023,0.0228053813904,2.3554963978306526e-07,0,1.1777481989153263e-07,17,1,1,1,0,0
470,10,3.7152326478651805,4.7147485471144588,2.258826529129967,-0.027492874616298294,4.5620901459578622,3.6444636887254678,0.05226488759,0.0016872552508,3.5988125696782325e-09,0,1.7994062848391163e-09,5,1,1,1,0,0
471,7,6.1575460315519424,-3.4159526915292289,2.0290094931106699,-5.6414365075013295,1.9926854194414336,4.3009336949394612,0.0835612185626,0.00499445799393,1.4581040182416666e-08,0,7.290520091208333e-09,14,1,1,1,0,0
472,15,-1.6639388968593278,0.29263193707051849,-1.7639009509388723,2.9343947152167393,-1.5923959271545374,-2.8155996153412675,0.103318725111,0.0181612233126,1.1114673233848568e-07,0,5.5573366169242842e-08,28,1,1,1,0,0
473,12,2.806450986889272,4.5430647142247143,-1.3567302328012187,-4.4868730393582297,-4.545417151842627,-4.7598048993123472,0.144779783379,0.0185371773076,1.2563593827887365e-07,0,6.2817969139436824e-08,21,1,1,1,0,0
474,12,-3.8731512658725324,0.90074942853096218,-1.9819050758922119,6.0966229162065204,1.8084449044129549,2.0998788347384321,0.0449277925248,0.0131691487882,5.4847233342436316e-08,0,2.7423616671218158e-08,15,1,1,1,0,0
475,12,4.2268707242224304,-1.7307679334297674,-1.6158309677160252,-0.57845901984042558,-1.5165602053162306,3.2940950298955043,0.0555325109554,0.0251742033479,1.9613226002316983e-07,0,9.8066130011584917e-08,36,1,1,1,0,0
476,14,5.5689423395534474,-3.3404639183851264,1.8471427466899291,-3.0556514850905696,4.6922130554161461,-4.2157494747105204,0.328388107671,0.00141232482145,1.0844635786910398e-07,0,5.422317893455199e-08,22,1,1,1,0,0
477,14,-5.7210902284396257,-2.1380320215183719,-0.24287393643623056,-1.2564749122271623,6.1091096556415669,-6.0556404484303785,1.27303202489,0.161137800055,9.5301208266721744e-06,0,4.7650604133360872e-06,18,1,1,1,0,0
478,0,4.1528997671845955,-1.6432098208022325,-1.3817672863121542,2.4143738179603851,1.8701585237060276,1.4608758967435198,0.0164108160991,0.00395513171338,5.0344655525865194e-09,0,2.5172327762932597e-09,15,1,1,1,0,0
479,13,3.1297631509646195,1.8287850302486284,-1.3040658425118137,-2.5003041600971305,1.9150573664716548,-4.4261121656762681,0.794731564089,0.300451525268,2.8129753620884252e-05,0,1.4064876810442126e-05,11,1,1,1,0,0
480,2,0.040629678517899448,-0.00635503312899037,-0.37543700714889261,-0.80311926674152589,1.9172221716292146,-1.0576157736176035,0.618594467317,0.000685641710676,3.8280231703204305e-07,0,1.9140115851602152e-07,9,1,1,1,0,0
481,14,5.244306786144322,4.4881576229332412,1.9198693674386966,-5.1355401013821327,-1.8875120602273685,-3.5693475705908253,0.0340742776597,0.162327065397,8.0278532675161419e-06,0,4.0139266337580709e-06,37,1,1,1,0,0
482,4,1.322576242397643,-5.1549944342843279,1.8555575398996953,4.5458240498496689,4.1656462419782674,-0.32344138029826131,0.136684472931,0.0515903544706,8.2944160885296546e-07,0,4.1472080442648273e-07,21,1,1,1,0,0
483,13,0.99423691825445693,-1.1926336761270548,-1.318101240983796,-0.90799540363603226,-1.2789859435128195,-5.3459191914930217,0.0271688724875,0.00791943001278,1.9842951583595859e-08,0,9.9214757917979296e-09,13,1,1,1,0,0
484,8,-3.4850454416772112,0.28778845317841406,-1.3329482638146284,-0.16824908847212078,1.0740053523930815,1.4542583861248375,0.331536570885,0.0292728496163,3.7094308097577742e-07,0,1.8547154048788871e-07,16,1,1,1,0,0
485,12,-5.443475292116597,0.87210476087985378,1.0370706678292028,2.9215965832024517,2.9447840456867369,4.4730370578271197,0.0384941715619,5.23427777356e-05,1.4826358248025047e-09,0,7.4131791240125235e-10,41,1,1,1,0,0
486,15,-2.7992361482086419,2.4380208229735238,-0.459827908948652,-2.2425128804142758,-3.6191883328814733,-3.5064563245108959,0.546641277075,0.119016994587,4.6137361449993593e-06,0,2.3068680724996797e-06,23,1,1,1,0,0
487,2,4.5999675054709934,0.95832732741396198,0.59156376927642929,1.7601029799334884,1.9387971089642397,0.68951577163928413,0.0379333829547,0.153447801112,7.1740300588622709e-06,0,3.5870150294311354e-06,22,1,1,1,0,0
488,10,2.6755252837751122,5.7004440575299373,-1.0162605645725609,0.031860890537114626,-5.8660828258388973,1.6781698172588628,0.0326892481704,0.00244513646128,2.889800772414082e-09,0,1.444900386207041e-09,11,1,1,1,0,0
489,6,-6.0164264155626901,-2.6650847573591365,-2.1969090774794759,3.6774854824954115,-4.6241982652150666,4.6237623150560001,0.120839866605,0.0801277527093,1.9703852436925974e-06,0,9.851926218462987e-07,10,1,1,1,0,0
490,14,4.5949880921563402,2.9911700787147684,1.0695812842595596,-5.2881958110956022,-4.4733636490481388,-5.8532350585152244,0.0731842235688,0.0143118248441,6.7750208075165725e-08,0,3.3875104037582862e-08,11,1,1,1,0,0
491,0,4.6499445272083202,3.4958116301663038,-2.4183990863920251,-2.1302613053866075,-5.2022714455882779,-5.6766389955360852,0.0799629644263,0.0607796544051,1.1317015095426885e-06,0,5.6585075477134424e-07,8,1,1,1,0,0
492,2,-1.0687888307302222,1.6494611913726631,2.4656722585066997,-5.4089130829918108,-3.8691310532205776,5.3930495721287297,0.025902020496,0.0161558078701,8.0179146375753801e-08,0,4.00895731878769e-08,23,1,1,1,0,0
493,10,-2.890168673624339,-0.80600835505882562,1.0899301961749124,3.5610872254200117,-4.7742190749591931,-4.3873635486134361,0.292608173935,0.0249609199593,2.7541067298862573e-07,0,1.3770533649431287e-07,42,1,1,1,0,0
494,0,-3.533426842244511,-0.38152308698446308,-1.9482029769365523,-5.1065086387740717,2.2639863143029362,2.2563014923360374,0.20441216028,0.0327325966035,3.6815840460127064e-07,0,1.8407920230063532e-07,22,1,1,1,0,0
495,15,1.3545727853423224,-2.6262170922834951,-2.203270721117228,-3.6737915635057208,2.1627131886982114,2.459203731719612,0.07838811996,2.73494108471e-05,6.1449252017324007e-09,0,3.0724626008662003e-09,11,1,1,1,0,0
496,7,-2.276553233672205,6.0454524446099889,1.3444419402415937,-2.3451730150365004,0.81154971317146252,0.083692659159170318,0.0275672620281,0.00392258269818,5.4469970882909373e-09,0,2.7234985441454686e-09,43,1,1,1,0,0
497,6,-2.6579157355639849,0.077620824180645406,-0.82404937351275764,-1.7832426163982431,1.0012814459326909,-4.9405827429661127,0.249577122241,0.0688149444992,1.5048034915126068e-06,0,7.524017457563034e-07,8,1,1,1,0,0
498,9,-0.90441918086766704,-0.16988261409865793,2.7698343094291746,2.2894268582920021,-3.9246794831563783,-0.24512265361699795,0.27621228017,0.0723101105183,1.6690621919982203e-06,0,8.3453109599911014e-07,36,1,1,1,0,0
499,8,-0.11200705612601587,-5.3749056871181233,2.262368973875502,-1.4958196498416449,4.4111923650052054,-4.359665319827366,0.367368715532,0.0785606892,2.0149920472308498e-06,0,1.0074960236154249e-06,4,1,1,1,0,0
