target_id,best_seed_id,q0,q1,q2,q3,q4,q5,pos_err_mm,rot_err_deg,pose_cost,limit_score,total_loss,iters,success_loose,success_medium,success_strict,near_limit,success_rank
0,2,3.7036575580532118,4.3540253037610315,-0.62732332294156623,0.77273116468220393,-4.8219357574202348,-5.5892184452841764,0.0783287968884,0.0157689158049,8.1881173747871339e-08,0,4.0940586873935669e-08,23,1,1,1,0,0
1,7,-2.582015307082095,-2.5222921541998011,1.0029876922064089,2.9444828807887427,-1.4766435197068126,3.8015317590837823,0.570606426656,0.00197760903504,3.2678303382958604e-07,0,1.6339151691479302e-07,10,1,1,1,0,0
2,5,-2.6111951609392352,3.9379664799313758,0.22162085774742976,0.72204179558079007,-4.6212376962615194,0.5124663814419802,3.712757646,0.0100028274944,1.3815048308402736e-05,0,6.9075241542013682e-06,8,1,1,1,0,0
3,5,-0.019675036411854998,5.6504621247194979,-0.99485331278527112,-5.9988564224838967,1.3899396037429457,-1.9783572246594237,0.212369217891,0.0108699424059,8.1092953306081045e-08,0,4.0546476653040523e-08,23,1,1,1,0,0
4,11,3.6758774786795283,4.7179246572419036,-1.0799585197644117,-1.9193991300053912,4.6792310615532715,-2.6162665237695482,0.0351396419136,0.0847368878887,2.1884914899260919e-06,0,1.0942457449630459e-06,51,1,1,1,0,0
5,1,-2.5760482858713556,-1.8721953294868936,-0.75104542168746713,0.74333191369688134,-4.9087819707616598,0.75381719026314464,0.285376408862,0.0856305652277,2.3150754683423868e-06,0,1.1575377341711934e-06,45,1,1,1,0,0
6,5,-0.0018967004278585375,5.1549321697058073,0.485904333652943,2.1932569534141177,4.7266811479880948,1.0749007527297043,0.552273705827,0.0478080896187,1.0012439127342055e-06,0,5.0062195636710275e-07,12,1,1,1,0,0
7,5,3.6765518544907629,-2.5689335073695041,0.66260446822768382,0.16291003422729095,-4.7772394130027793,0.62791802153669007,0.125144537998,0.0207456518908,1.467630317997105e-07,0,7.3381515899855248e-08,16,1,1,1,0,0
8,12,0.059848458117577247,-0.61926352904919468,-0.54807240441189009,-3.411503171284024,-2.0303881502442649,1.2677609894655535,0.0095932991843,0.0823391372468,2.0653169638668715e-06,0,1.0326584819334357e-06,15,1,1,1,0,0
9,10,-0.037020246888807166,4.9941434689579971,0.82060467384132429,2.4367809610660425,-1.3949032682551401,1.2038771585730377,0.270964194847,0.158414752979,7.7178670131330129e-06,0,3.8589335065665064e-06,27,1,1,1,0,0
10,9,0.012901862077213061,5.0313707082896091,0.77172351416248286,2.4087330962564661,4.5236759919649456,1.3212075054028054,0.182165803935,0.000613293041395,3.3298955372156387e-08,0,1.6649477686078194e-08,8,1,1,1,0,0
11,0,-2.627556154554838,-2.6068721683614138,1.0860575149896785,-3.2650437341384277,-1.4429834824045207,-2.5222487334413604,0.958603444703,0.0338442261847,1.2678389967543196e-06,0,6.3391949837715982e-07,17,1,1,1,0,0
12,0,-0.016280000980367436,-1.5595252477725696,0.98120947277404091,-0.55969763361356129,-4.657421532446075,-1.8342291445593957,2.95172869793,0.0758862329639,1.0466908841538241e-05,0,5.2334544207691205e-06,18,1,1,1,0,0
13,5,-0.025528787250256778,-0.54481138831648346,-1.0596516927924413,0.23113758989250249,-4.6847809586515288,-1.9998784698733201,1.74284001725,0.614837040914,0.00011819036559711681,0,5.9095182798558404e-05,25,1,1,1,0,0
14,9,-2.5547215226212643,-2.6085879147269857,0.7318465978599682,6.1339985916626167,0.57435923177102888,1.3584224051123053,1.16852650211,0.318810447855,3.2326799701105075e-05,0,1.6163399850552538e-05,55,1,1,1,0,0
15,8,-2.6806049517047601,4.6923244199612952,-1.0680662218649506,-2.2276612591680554,-1.5142616021830919,3.7502957177680827,0.676574920796,0.318794479507,3.1415997676950816e-05,0,1.5707998838475408e-05,22,1,1,1,0,0
16,7,-2.7195967540192618,4.6728925237009635,-1.073478343250619,-2.1272304911950179,4.5724677272443595,3.6376332806393248,0.0133710103022,0.103189631766,3.2437755632528878e-06,0,1.6218877816264439e-06,16,1,1,1,0,0
17,6,-2.6610853801425156,-2.615345883551917,1.0507859670504469,-3.3697967979064285,5.0893009191221337,3.9439356850081544,1.29532236879,0.193702643506,1.3107323157198543e-05,0,6.5536615785992714e-06,17,1,1,1,0,0
18,12,3.5810177508234817,3.717776584331844,0.96980998920800321,-3.5880267015641265,-1.4089713448632211,3.9333005215308843,0.0278836970432,0.0663590874395,1.3421689858643709e-06,0,6.7108449293218547e-07,13,1,1,1,0,0
19,2,-0.10301265622408552,5.1077836500804299,0.74144436586430795,2.363366002402302,4.9958676484176001,-5.210062893139499,0.283715162735,0.0566934515104,1.0595795948209552e-06,0,5.2978979741047761e-07,13,1,1,1,0,0
20,15,3.5234090001043468,-2.4728475873612856,0.78035268197099283,-3.8523159476431257,-1.6499052856931899,3.885643954750527,0.24704021648,0.111792742608,3.868020803938218e-06,0,1.934010401969109e-06,12,1,1,1,0,0
21,10,-0.057291439143519883,-0.37455259012770736,-1.0896090878078906,5.8170515672238325,1.7324012024084638,4.0095570326813998,0.0668778551182,0.0581091877511,1.0330674962636815e-06,0,5.1653374813184075e-07,11,1,1,1,0,0
22,15,-0.092304471004565292,-1.1484972044299715,0.74794032484098116,-3.8720868478541988,4.7699654423665176,1.2008242374336457,0.322365561482,0.00680067827734,1.1800787482593218e-07,0,5.9003937412966089e-08,20,1,1,1,0,0
23,3,3.5162065036495411,4.2951820466811075,-0.77134423972651789,-5.574080645117709,-4.8747260466172984,0.80762910282773182,2.07316933078,0.0129120094727,4.3488168868340677e-06,0,2.1744084434170338e-06,10,1,1,1,0,0
24,9,-0.078369555301697619,-0.39133341404472066,-1.0676578968203807,-0.20232802527917448,-4.5503047232409708,4.1337672910197023,0.0854058385757,0.00268857308116,9.4960615002310357e-09,0,4.7480307501155179e-09,17,1,1,1,0,0
25,2,-0.099984045217825321,-1.4274256036249189,0.98267704451702886,5.512269933290467,-4.6685169448367514,-1.9571483024878866,0.0196562484998,0.0177136976239,9.5967724437259869e-08,0,4.7983862218629934e-08,19,1,1,1,0,0
26,2,6.1869087911365002,-0.3674931504930361,-0.81263219784920671,-2.8529451106971662,4.5816586381054591,1.4195697158391183,0.041418899841,0.101555914026,3.1434188650132971e-06,0,1.5717094325066486e-06,15,1,1,1,0,0
27,14,-2.8207272963419019,4.5449071824465426,-0.96196771868795405,3.8768139806392421,-1.4281619180298859,3.9093999133656308,0.0311657998292,0.038189226095,4.4523052746524309e-07,0,2.2261526373262155e-07,14,1,1,1,0,0
28,11,3.4170034640833467,4.5233666595993816,-0.96451762639297722,3.9694183985102756,4.5758799036618951,3.7159258170818048,0.14825911775,0.357831895899,3.9026311838455274e-05,0,1.9513155919227637e-05,12,1,1,1,0,0
29,14,-0.12057467655395726,-1.3645622430287885,1.0146036796516296,-1.1393145431517389,1.6729825572324448,-2.0879678327404685,1.05883980388,0.0223211745456,1.2729127395825019e-06,0,6.3645636979125094e-07,8,1,1,1,0,0
30,3,3.4245752459600762,-1.7948976823335145,-1.0225898245330476,4.4079491549019867,-1.4444405598958054,3.7635640537589206,0.039663023378,0.11206797104,3.827333433078222e-06,0,1.913666716539111e-06,15,1,1,1,0,0
31,1,-0.14762847454993219,-0.9984588496282204,0.60995671507946114,2.4630457437060498,4.7384221901561672,1.2132241167566258,0.108480731542,0.053548058834,8.8522641516626114e-07,0,4.4261320758313057e-07,31,1,1,1,0,0
32,15,-0.16000180028141764,4.952346776187059,0.932327408341033,-0.8237364901901576,1.4868137693021328,-2.0302100951278468,0.183370547915,0.0839447749666,2.1801800196726792e-06,0,1.0900900098363396e-06,18,1,1,1,0,0
33,12,-2.8718718739206941,4.0512591846767627,-0.45819854022450079,0.72199887358768766,-5.0145832402971413,0.88301558800494129,0.115231438293,0.0422606143629,5.5731266712447397e-07,0,2.7865633356223699e-07,17,1,1,1,0,0
34,5,3.3807994952804625,-2.7173077338311029,0.52901422190792491,0.12125158940066988,1.4558515388698547,0.82078734690137145,0.389767416947,0.0697629295569,1.6344509063628276e-06,0,8.172254531814138e-07,27,1,1,1,0,0
35,8,3.3674029436032908,3.6036336240825988,0.84870685659848699,2.895327428177453,-1.4930695451749951,3.9479119321444132,0.284153202526,0.0740616199639,1.7516072260289089e-06,0,8.7580361301445443e-07,41,1,1,1,0,0
36,15,-2.9106515696344895,4.4189524232410697,-0.91858251801861401,-2.1736990828672029,-1.362244176649329,-2.3617484605632617,0.22036247407,0.000821928441302,4.8765409260491207e-08,0,2.4382704630245603e-08,11,1,1,1,0,0
37,4,-0.12927643106683445,-0.45445584507055886,-0.80140707116978183,0.091849838826605926,-4.2525188752840073,4.4890142021871933,0.0622696245773,0.0763314516403,1.7787280115673171e-06,0,8.8936400578365856e-07,23,1,1,1,0,0
38,6,-2.9310938664651744,3.650896216279822,0.73688719978963735,-3.4919273283932757,-1.4023577885686922,-2.1871696206717925,0.180037417416,0.19352716243,1.1441177378222827e-05,0,5.7205886891114135e-06,15,1,1,1,0,0
39,3,-0.18173473181325059,-0.3591707737054593,-0.90072819221387013,-0.17955963973614009,1.6013125296264756,-2.0743467632233763,0.553237271899,0.104156642328,3.610745889977642e-06,0,1.805372944988821e-06,10,1,1,1,0,0
40,2,-0.1861878021232235,-0.40820589116865164,-0.84236249140657304,0.023928380356499735,-4.6907552179131624,4.3021527806953621,0.140909637438,0.0293964984357,2.8309192433985224e-07,0,1.4154596216992612e-07,15,1,1,1,0,0
41,0,6.1508776403729115,-0.63713880159584879,-0.44036331610894214,-5.9295359627360398,2.1820520460328443,4.8809097794052683,0.269109966316,0.10609450224,3.5012070731913775e-06,0,1.7506035365956888e-06,9,1,1,1,0,0
42,9,-0.1942226726618016,5.0836789929314286,0.82226783923319091,5.4290248405589923,1.5715832769906448,-1.9866549782299954,0.35914564325,0.190276062128,1.1157653128961513e-05,0,5.5788265644807565e-06,40,1,1,1,0,0
43,9,-0.19146424241269869,-0.40556250484698209,-0.81323743282668115,-0.014092047755238743,-4.6638538926390201,4.3063080533667559,1.54107054807,0.635932991803,0.00012556546374482957,0,6.2782731872414787e-05,23,1,1,1,0,0
44,6,6.109986137075297,5.1217525700587423,0.73522450122832128,5.5995287982074524,-4.4611795606838394,-1.8313119265445474,0.701826908272,0.0707210005527,2.0160928249204155e-06,0,1.0080464124602078e-06,9,1,1,1,0,0
45,12,-0.19086152622157301,-1.1663897619768464,0.77555755150236305,5.4598786421316206,1.65866692722344,-1.9347253412683598,0.0824932702116,0.000419475807667,6.8587400971346061e-09,0,3.4293700485673031e-09,9,1,1,1,0,0
46,10,3.287899192945404,3.5587024143629256,0.76159203796832187,-3.0646557188258203,-1.6419916536600014,3.8885256360633424,3.52581124861,0.00410639983626,1.2436481578053821e-05,0,6.2182407890269107e-06,39,1,1,1,0,0
47,0,-0.17202216889234154,-0.59577482471460252,-0.48353329762523128,0.30976083257141834,1.8647540873162198,4.6803936558043278,0.0210495651475,0.183556706,1.026393740127589e-05,0,5.1319687006379451e-06,20,1,1,1,0,0
48,11,-0.21428462288698169,-0.41552316189111471,-0.7651640096275043,-0.068805067789887001,-4.8440861319554438,-2.0013270339717346,0.551582279668,0.0482355248979,1.0129859628854162e-06,0,5.0649298144270811e-07,9,1,1,1,0,0
49,7,-0.17997796065166924,-0.42825401856827622,-0.41575146719073602,-3.0484867148265047,4.5045441845276963,1.5108316191406448,0.0597925102109,0.218884001123,1.4597858461439051e-05,0,7.2989292307195257e-06,35,1,1,1,0,0
50,8,-4.4772020718365031,4.6778943457540523,1.1739643153920241,-2.0322322782325632,1.8193889278936395,-2.9992996092949777,0.321711218537,0.0403654495399,5.9983244614571828e-07,0,2.9991622307285914e-07,21,1,1,1,0,0
51,6,-0.75675116355086114,-2.6263901317644027,1.2175649276396852,-2.7310200722673903,-1.7392093433536455,-3.1129870584661994,0.0419992340593,0.00216419942559,3.1906902898734928e-09,0,1.5953451449367464e-09,16,1,1,1,0,0
52,13,-4.5123448843478577,-1.1611513276467968,0.30620747679170485,1.8896088310850787,-1.6014615174066045,0.67452409034376326,0.0300526521848,0.0453531213301,6.2747244290237121e-07,0,3.137362214511856e-07,15,1,1,1,0,0
53,2,1.7893908706716233,5.2009460083512016,0.11384294609671808,-4.3522671654523508,4.6011836778976578,0.56429762660063165,0.304361259045,0.0237114773198,2.639020941333701e-07,0,1.3195104706668505e-07,57,1,1,1,0,0
54,9,1.7895143055771536,-1.1065293899414106,0.14040510921798341,-4.357502625677947,4.6147249990803019,0.58836506655133647,1.35391551103,0.0369645434729,2.2493095916317129e-06,0,1.1246547958158564e-06,22,1,1,1,0,0
55,5,-4.4917573439596366,-1.7290196818959971,1.1987584740235486,4.6484392120820512,1.663212947104731,3.762682434991329,0.138753217859,0.0335853333078,3.6285317178337187e-07,0,1.8142658589168593e-07,22,1,1,1,0,0
56,5,-4.4848606534227429,-1.7060665635208561,1.1777049013756387,4.4789965320642526,-4.6018774459331491,-2.6669714246381013,0.0444934613681,0.0145793767176,6.6728606303061309e-08,0,3.3364303151530655e-08,34,1,1,1,0,0
57,7,-0.82314997342490293,-1.8717305206871526,-0.016576669447014275,-3.4206607943366492,2.8713691879161747,2.461038529752118,4.44621224962,0.0314009113394,2.0069161394013097e-05,0,1.0034580697006549e-05,22,1,1,1,0,0
58,4,-0.59831706102772308,-1.4122920664788565,-1.1787676415979864,-1.3395091665039709,-1.5723909702439283,-3.3198418496854769,2.21569563818,0.000763360431213,4.9094846674648794e-06,0,2.4547423337324397e-06,14,1,1,1,0,0
59,14,-4.4688793570432388,4.5701907380858122,1.1518181394334337,-1.8593590048420454,-4.5762045051399767,-2.7346602448494095,0.0722680176456,0.0262495932354,2.151166020985977e-07,0,1.0755830104929885e-07,44,1,1,1,0,0
60,7,-0.58466952505665171,-2.5196604284427355,1.1623375502667377,-2.589335040379495,-1.6585241079726558,2.9991093962796818,0.0523756308244,0.0259764324188,2.0829143869359899e-07,0,1.0414571934679949e-07,8,1,1,1,0,0
61,6,-0.62147089665009525,-1.3919360365313465,-1.150319328251316,-1.4737114058275067,-1.8912734702069127,-3.1487045505035494,0.0832536371333,0.00907057961151,3.1993692569384364e-08,0,1.5996846284692182e-08,38,1,1,1,0,0
62,1,-4.4473887408624018,-0.6483562584359942,-1.1567312661124822,5.8190559939241968,1.7476546239654178,3.6757352318848082,0.0630126458306,0.00690948775495,1.8513340180466389e-08,0,9.2566700902331945e-09,34,1,1,1,0,0
63,12,5.7345016400980739,3.7763103349493745,1.0933431701988863,4.0586112721630627,4.5782154647195163,2.7950341184807415,0.065654919458,0.215820445651,1.4192922321565126e-05,0,7.096461160782563e-06,32,1,1,1,0,0
64,0,-4.4317781802535245,4.5061094887895532,1.151956846486681,-1.600581599464417,-4.5083953136416826,-2.5835928001464668,0.21087654465,0.000851030422884,4.4689537096902779e-08,0,2.234476854845139e-08,11,1,1,1,0,0
65,1,-0.45929896899752998,3.8246646361278618,1.1654863210192488,3.4854267815670874,4.828558368042299,-3.2766392901376515,0.0533568575122,0.00108955781533,3.2085766197948778e-09,0,1.6042883098974389e-09,7,1,1,1,0,0
66,2,5.8718101955024444,-1.56931933858104,-0.89511828621630218,-5.5805003168037643,1.3137140736557618,-5.8673541626042445,0.282607069897,0.0308292285993,3.693877433953689e-07,0,1.8469387169768445e-07,44,1,1,1,0,0
67,3,-0.51521718316305842,4.4419826371428632,-0.37534266787641068,1.0929913998711742,1.7579275321784118,0.078309212937841932,3.32711203497,0.424312799402,6.5913406513983842e-05,0,3.2956703256991921e-05,24,1,1,1,0,0
68,5,1.8815865248450971,-1.7616271893576172,1.1330259051637994,4.557982017688345,-4.4681959632697579,3.5533576166042065,0.157854835663,0.0192975166372,1.3835589376042135e-07,0,6.9177946880210674e-08,58,1,1,1,0,0
69,7,1.8705484834967265,-0.97813847489723438,-0.29966755434195891,2.3678387488546946,-1.7496042982073721,-5.5589007588428982,0.538967176204,0.00314283064851,2.9349444040188201e-07,0,1.4674722020094101e-07,12,1,1,1,0,0
70,1,1.9179927739094091,5.3833023806380709,-0.44940663538855796,2.5936586237545511,-1.923347064386177,-5.582289505044181,0.389817168482,0.0728143155719,1.7670160018378696e-06,0,8.8350800091893482e-07,7,1,1,1,0,0
71,6,5.7870721635845142,3.8129087649936002,1.1368913363393225,3.6712439230935043,4.5119231945064184,-3.288898936163231,0.0400109628273,0.00314982185082,4.6231016196044547e-09,0,2.3115508098022274e-09,45,1,1,1,0,0
72,10,1.9041860738594314,4.5512914092538592,1.1153738490151555,-1.8654613048868913,1.8195823953011478,-2.8788266229625341,0.0813616948537,0.042374329268,5.5358582374324771e-07,0,2.7679291187162385e-07,13,1,1,1,0,0
73,14,-4.337549229100472,5.6190007440490701,-1.1168096930369362,-0.62727124721528604,-4.3086929981514563,-2.9532759999752676,0.0554774293512,0.040298112782,4.9775751626778996e-07,0,2.4887875813389498e-07,29,1,1,1,0,0
74,1,5.7593794722284235,-2.1485224237608671,0.24485303583335202,0.81641562949508328,1.8862590517198361,0.097420454913169335,0.319273215993,0.128735996538,5.150346726480033e-06,0,2.5751733632400165e-06,23,1,1,1,0,0
75,3,5.8590752554801453,3.8514119689262403,1.1595958271342772,-3.0419596835654845,4.8197325000436164,-3.1499052463540052,0.00741149855038,0.177034536122,9.5471386259079197e-06,0,4.7735693129539598e-06,19,1,1,1,0,0
76,6,-4.2993390177411817,-1.7532200158573188,1.1266161302191342,-1.612945975498409,-4.1923227406044328,-2.9104914998921929,0.261120836722,0.00483789298809,7.5313725612583509e-08,0,3.7656862806291754e-08,32,1,1,1,0,0
77,9,-4.3199375016041435,4.5194102450044467,1.1422535001562764,-1.5383217722964302,1.9729780922247964,-2.7581171316456752,0.0309395197198,0.0157324362838,7.635297480819795e-08,0,3.8176487404098975e-08,24,1,1,1,0,0
78,14,-4.337826308905826,-0.63526220718633131,-1.1492047651801449,-0.50069522809194122,-4.4109159911215388,-2.8010770340022511,0.0391674062287,0.00189335893222,2.6260806881539815e-09,0,1.3130403440769908e-09,26,1,1,1,0,0
79,10,5.696719242561846,4.860589522628108,-1.1335834826617086,4.893027830476429,4.2218508564148394,3.1730767054357787,0.0409508387863,0.00312813093635,4.6577145344566495e-09,0,2.3288572672283248e-09,12,1,1,1,0,0
80,2,-4.4361681146840688,-0.62952442654531915,-1.187383266924289,-0.34886895201018042,-4.8842932916076345,4.1120548406377599,0.0486241914571,0.186106235516,1.0552950367119392e-05,0,5.2764751835596962e-06,11,1,1,1,0,0
81,2,1.9472321329414768,-1.7316332378368571,1.1696152065371765,4.6246661115569196,-4.4515973145389154,-2.7456216177513451,0.185676177722,0.0212865215279,1.7250266937856802e-07,0,8.6251334689284009e-08,60,1,1,1,0,0
82,12,5.7381681281801109,-2.5642777287802443,1.1649450208894885,-2.5152167092260642,-1.7268007630275464,2.9204091347841672,0.0458024684719,0.0076034804485,1.9708687094672582e-08,0,9.8543435473362911e-09,12,1,1,1,0,0
83,12,5.7513828374886042,3.6971183971084671,1.1296180791921018,-2.237376779030257,-1.6101105317115225,-3.6255376879160246,0.0135254256078,0.0671648708411,1.374348633838939e-06,0,6.8717431691946948e-07,28,1,1,1,0,0
84,7,1.938005150539692,-0.8803949726111272,-0.32091224303775623,-3.9993178428448375,-1.7505452356720919,0.56771425745002491,0.186832825934,0.0493366288493,7.7637666381813603e-07,0,3.8818833190906802e-07,11,1,1,1,0,0
85,7,-4.3248787513775682,-1.7290304677843178,1.1941116408830288,-1.4582295891769002,-4.4368430182294016,-2.623181556670076,0.0649156684331,0.0838054901176,2.1436518983976224e-06,0,1.0718259491988112e-06,12,1,1,1,0,0
86,0,1.9749618147351358,-0.52401175073096673,-1.1721882052465562,5.6160715511569492,1.932442052321083,3.2095767512322775,0.145130104394,0.000345540961182,2.1099118081320662e-08,0,1.0549559040660331e-08,12,1,1,1,0,0
87,4,5.7047070027545335,4.7963998079251633,-1.1980642943529187,-1.2486447531772136,-1.5892994346721574,-3.4454807346703404,0.205098868944,0.00319875805123,4.5182407647698574e-08,0,2.2591203823849287e-08,22,1,1,1,0,0
88,8,1.960715124884264,-1.6670037816416259,1.2090732471227603,4.5609439406783805,-4.4294137999810959,-2.8504351657520761,0.199900190934,0.0079304631507,5.9118159970819998e-08,0,2.9559079985409999e-08,12,1,1,1,0,0
89,7,2.0523343488204335,4.6875258452387021,1.1362736921451999,-2.0517677773152339,2.4840914684700923,-3.6677985103367021,0.740075359585,0.0448693968758,1.1609864500415895e-06,0,5.8049322502079474e-07,8,1,1,1,0,0
90,2,1.9520282121023136,-1.6904683097193502,1.228694807323671,-1.4298768451990636,1.8126497916706992,3.6885420951671484,0.0397000954016,0.0677334881109,1.3991076369086872e-06,0,6.9955381845434362e-07,10,1,1,1,0,0
91,12,-4.322562910856143,4.6548692977058472,1.2246529981136509,-1.7900121032774456,-4.4110179503075164,3.3465497387549243,0.374299369771,0.0415500443471,6.6599341586560086e-07,0,3.3299670793280043e-07,13,1,1,1,0,0
92,14,1.9457984842605289,5.5247426942855791,-0.37293202363240502,-4.0565367185793217,4.4891959672321144,0.40044060365677592,0.169509083671,0.0949387588728,2.7743622137962077e-06,0,1.3871811068981038e-06,24,1,1,1,0,0
93,4,-0.64057623347793602,-2.7307550004102796,1.2526799302678291,-2.6021889522042891,4.8016812179175687,-3.4024394977302035,0.342983046901,0.0177490130816,2.1360022412472684e-07,0,1.0680011206236342e-07,41,1,1,1,0,0
94,15,-0.67583116423669876,-2.1211653293098585,-0.19815687567137449,1.3818759438154977,-4.6652795454949354,-0.20102642502769491,0.639234872539,0.000467062019678,4.0868767362459343e-07,0,2.0434383681229672e-07,19,1,1,1,0,0
95,8,-4.3627352775413639,-1.5711355416233084,1.2487689417598864,-1.9280851636331227,1.6837781621874413,-2.8800323809206256,0.401276917156,0.0258739750559,3.6495312958864053e-07,0,1.8247656479432027e-07,42,1,1,1,0,0
96,9,5.5841518726779205,-2.3505810571652468,0.22687797972656432,1.1955717572720945,1.6039505632320499,-0.234315845483725,1.84675799199,5.04315348527e-05,3.4105158557068429e-06,0,1.7052579278534214e-06,12,1,1,1,0,0
97,5,-0.71015121275748894,-1.5729307557855126,-1.275067056734891,-1.2789672633501892,-1.5949869530938718,-3.3319742597942992,0.151771506279,0.0086153396624,4.5644537091676186e-08,0,2.2822268545838093e-08,48,1,1,1,0,0
98,11,5.58841583307529,-2.8266385216663661,1.2273206516547068,-2.2246479043450047,-1.413610968011852,-3.7415971752924828,0.0840291189065,0.212971335605,1.3823529168272519e-05,0,6.9117645841362595e-06,22,1,1,1,0,0
99,9,1.9320146737391639,5.294053059831759,0.26611514865581992,-4.5854468568341558,-1.8601384402918844,0.098436436962428139,1.73286925149,0.000132927311153,3.0028412252514288e-06,0,1.5014206126257144e-06,24,1,1,1,0,0
100,9,-5.3309919716672818,1.5995454123814798,0.41446812479796458,-1.7568115865702976,-4.3473029267375241,3.8444534292689707,3.57321722212,0.0217087731326,1.2911438620991945e-05,0,6.4557193104959723e-06,20,1,1,1,0,0
101,8,-5.1480302023740458,-4.3686408980242932,-0.2574486521669424,-1.6212577802114443,1.426990782450936,4.006047869748703,2.27860960025,8.69891493657e-05,5.1920640154230627e-06,0,2.5960320077115314e-06,24,1,1,1,0,0
102,14,0.97381743650675134,1.6300769662482213,0.34103078992106495,4.4391579183863072,-4.6631275592448755,4.0330583782821225,4.38263002289,0.132278661307,2.4537533157397445e-05,0,1.2268766578698722e-05,15,1,1,1,0,0
103,10,3.0132022689962024,-4.8206924269356577,-0.21549945374001711,4.945786105669268,3.46231366514127,3.9998610620860306,0.837977506657,5.46899134131e-06,7.0220631077458965e-07,0,3.5110315538729483e-07,25,1,1,1,0,0
104,2,2.8263532618677529,-5.0799308618729944,0.29170782991925726,4.5794920925919991,-2.2779290847773481,-3.1419091156707908,0.873896021065,0.26610081867,2.2333545823806029e-05,0,1.1166772911903014e-05,14,1,1,1,0,0
105,3,-5.5081185259121295,-4.6415453994048423,0.3119825897085407,4.488266326019752,-4.6482940218495958,-2.8980185404552885,0.728708784203,0.0205228981318,6.5931810452083453e-07,0,3.2965905226041727e-07,17,1,1,1,0,0
106,13,-5.2482655806838787,1.7236879125029214,0.071054079311055535,4.364539586325642,-5.2224289817014524,3.9634456778007845,3.43475991441,0.0045345985718,1.1803839390979079e-05,0,5.9019196954895395e-06,12,1,1,1,0,0
107,11,2.6077256525386532,1.637155800465435,-0.39227474463503875,5.0685969700151583,-4.1538735055482681,3.5145078430486505,0.83342196592,0.0156079648236,7.6879958607124324e-07,0,3.8439979303562162e-07,41,1,1,1,0,0
108,15,0.82437494779145404,1.5506096674440262,0.4211653322793138,4.5161978937480027,-5.0880194141675883,-3.2297131331950948,1.64845451826,0.0452964910754,3.3424078230095203e-06,0,1.6712039115047602e-06,22,1,1,1,0,0
109,14,-3.747348226648072,1.3260587967759767,-0.014048903676943919,-0.18660889836079875,2.1583187975549278,2.8037310079837412,4.959238288,0.228639108437,4.0518176476011261e-05,0,2.0259088238005631e-05,16,1,1,1,0,0
110,6,-5.64147284632788,1.6994417202427532,0.19059554386913571,4.4249011488252643,-4.9579651100197841,3.9330058282892009,1.80623798804,0.0167562196035,3.3480233751545358e-06,0,1.6740116875772679e-06,8,1,1,1,0,0
111,2,6.2831853071795862,1.7393703063235435,0.12695105646566515,-1.7361616949116669,2.748795731077863,-2.8649435603044839,23.1876331674,0.0152623255711,0.0005377372890536115,0.0075689999999999993,0.00049593864452680575,60,1,0,0,1,2
112,3,-5.7120289990548985,1.8634000821428418,-0.13873645641152238,-1.7188568914247748,1.2819948418182219,4.033427433825536,1.95622880288,0.0111377490641,3.8646187538784612e-06,0,1.9323093769392306e-06,9,1,1,1,0,0
113,4,2.5494073390307448,-5.0561009147002176,0.25612826140739786,4.5187500760670574,3.5955534737807642,3.8841826721485422,0.424530925528,0.23377187873,1.6827352611149931e-05,0,8.4136763055749655e-06,16,1,1,1,0,0
114,3,0.79211716346266237,-4.6234445971567126,0.16537526409203945,4.2911037829490386,-5.5970592524589229,3.7725333318743903,0.703784403038,0.00618669057823,5.0697176044262471e-07,0,2.5348588022131236e-07,18,1,1,1,0,0
115,12,0.47168427438107086,1.8170971528677353,-0.019093170314992525,4.4581476163825275,-4.9998923898586902,-1.80794534951918,3.69982083311,0.0518366786528,1.4507193770672896e-05,0,7.2535968853364482e-06,16,1,1,1,0,0
116,4,2.5332163725930297,1.280130576401606,0.22132460378154456,-1.9756610439763413,-3.0185781152143378,-3.2148671087137561,2.31938338149,0.465908869357,7.1503169908639726e-05,0,3.5751584954319863e-05,13,1,1,1,0,0
117,0,2.5149820812048644,-5.0379834042615359,0.2081717034594702,-1.6258211920036101,-2.8840603132484874,-2.5515074011618961,0.7124156931,0.163337301398,8.6344468124575272e-06,0,4.3172234062287636e-06,14,1,1,1,0,0
118,14,0.68538341728701513,-4.8195615737039192,0.50179149840855308,-1.6134552155551063,-5.5682463745402648,-3.4797860890158834,0.212296875926,0.527367615297,8.4764231562163125e-05,0,4.2382115781081562e-05,10,1,1,1,0,0
119,5,0.36627200441083391,-4.5859018387474633,0.24390271916797196,-1.8587806090287409,-4.880947485905212,3.7391745314547102,2.73945990244,0.280346641106,3.1445814905988129e-05,0,1.5722907452994065e-05,9,1,1,1,0,0
120,11,2.2774544826394925,-4.9507919936994051,0.26168847747825158,-1.7714616235847036,-4.3675048129419647,3.5918724898470678,0.301028542035,0.262813030237,2.113075320731176e-05,0,1.056537660365588e-05,15,1,1,1,0,0
121,13,2.4142753069386118,-4.7441658857777433,-0.21776356639401351,-1.543261929138483,2.329742765712751,3.5909061759583127,1.17622429973,0.0669604864199,2.7493187819919115e-06,0,1.3746593909959558e-06,10,1,1,1,0,0
122,0,-3.7593364233104034,1.4248098639256854,-0.18209703235287505,-1.3204166858401698,3.3894437683667036,3.9506737507653611,0.865159123076,0.000399887606804,7.4854901964393017e-07,0,3.7427450982196509e-07,12,1,1,1,0,0
123,11,2.5431119452191222,1.4973225928573553,-0.22400687924841456,-1.5649733807412076,2.9911428976468049,3.4932772277449882,0.728792315354,0.0100179114693,5.6170920153661335e-07,0,2.8085460076830668e-07,23,1,1,1,0,0
124,8,0.77984585278140517,-4.841264086756639,0.51811447971412239,4.6667493836439808,-5.6280385501266483,2.9551053067134108,0.699958117094,0.778920543922,0.00018530657355666946,0,9.2653286778334731e-05,34,1,1,1,0,0
125,1,-5.5003815939144509,1.78509315548895,-0.067622285703483734,-1.9491055932835717,-5.5590123934390938,3.9632039252985813,2.22922620368,0.0124749322025,5.0168552282353701e-06,0,2.5084276141176851e-06,35,1,1,1,0,0
126,6,-5.7643505531791464,-4.3453723113553497,-0.28295142703694154,4.7114701176484353,-4.9440955092354004,-2.8061419588341172,0.67440266552,0.224995484401,1.5875456849609185e-05,0,7.9377284248045924e-06,21,1,1,1,0,0
127,12,0.71199037875732563,-4.6380081493816068,0.26471452520357103,-1.9346866310060902,-5.2514794955998516,3.7512595197789946,1.26689284051,0.0189072684871,1.7139135672176072e-06,0,8.569567836088036e-07,14,1,1,1,0,0
128,2,2.6286580123569276,-5.0521792279951629,0.34081229619965242,-1.5866774209938743,2.6824555176445353,3.6383417057381369,0.609449276343,0.0081067303021,3.9144759585544386e-07,0,1.9572379792772193e-07,7,1,1,1,0,0
129,1,2.6188527075536383,1.4242379664712119,0.052072952478025097,-1.844706006885598,-3.8238287738992001,3.6784965756994685,2.83560269027,0.0129721075567,8.0919022883827515e-06,0,4.0459511441913758e-06,16,1,1,1,0,0
130,11,0.71307358984063662,-4.6169925711875672,0.26144625635802121,-1.8966776912128085,1.3192048610799811,3.8299794887867944,1.1437715893,0.00141579620495,1.3088240476811366e-06,0,6.5441202384056831e-07,13,1,1,1,0,0
131,2,-3.5407465823034423,-4.7935269996218173,-0.30258367165254879,4.9372926228887639,3.6416852599703886,-2.3000039027495713,3.01155975745,0.636672915262,0.00013254689467821743,0,6.6273447339108715e-05,11,1,1,1,0,0
132,13,0.96558259033652516,1.5916448839436952,0.34629589750803258,-1.9158297505170094,-5.2113280296601667,-2.5503126538993235,1.30063479632,0.0830654715723,3.7934722517790141e-06,0,1.896736125889507e-06,23,1,1,1,0,0
133,13,2.8663959063862885,1.2023136674376174,0.33868565262874045,-1.8145664089497342,-2.773877579400954,3.4413310144492213,1.22514782816,0.0320795503258,1.8144682409539138e-06,0,9.0723412047695692e-07,11,1,1,1,0,0
134,12,-5.0666035498191038,1.5338314078097137,0.39652487137956144,-1.9235925366599063,0.86745943246873725,-2.5425788047820688,0.698662606116,0.0634779513411,1.7155701926994896e-06,0,8.5778509634974478e-07,14,1,1,1,0,0
135,6,2.7345101549267423,-5.1434179023810724,0.42096482511533756,-1.8411465389423618,4.3821930886551099,-2.3665983574984146,0.0211170926711,0.362218205198,3.9966869225627074e-05,0,1.9983434612813537e-05,13,1,1,1,0,0
136,2,0.63668019967031264,1.9432495986106686,-0.2717805942183682,4.7343758810258709,2.3398308206694138,3.518414930732122,0.592878733444,0.611827312656,0.00011437975437975504,0,5.7189877189877522e-05,46,1,1,1,0,0
137,0,-5.6562324190175408,1.8303364852552721,-0.020836065359252642,3.6369021269322732,3.6382896454858793,-3.2258137832524567,4.54856815338,0.0149488476088,2.0757544505142494e-05,0,1.0378772252571247e-05,27,1,1,1,0,0
138,2,-5.0986467427090316,-4.3660908611402585,-0.25195843786285738,-1.6740818193814095,1.3198234326359783,-2.2430801193154575,0.74594061886,0.0164033209136,6.3839049219673994e-07,0,3.1919524609836997e-07,17,1,1,1,0,0
139,10,0.95120491041116695,-4.6407203108295052,0.3655033048228144,-1.8391411475336914,1.9521110483298922,-1.606353327828735,2.52553847474,0.132844568816,1.1754135170895911e-05,0,5.8770675854479556e-06,12,1,1,1,0,0
140,13,-5.2066475160314756,1.7448340222650229,0.18054832323183226,-1.9043945160937898,1.7777176628406335,4.6149821914758018,1.32893909338,5.68276122234e-05,1.766080097639476e-06,0,8.8304004881973801e-07,12,1,1,1,0,0
141,6,-4.6898118086940919,1.5271527175604971,0.44303167561880719,4.3403612032294028,-5.5082873666740291,-2.4156241821070918,0.500070133753,0.0989575899358,3.233068086711263e-06,0,1.6165340433556315e-06,36,1,1,1,0,0
142,3,-2.8560116625487955,-4.743964587618458,-0.42581469177450715,-1.4231319699239484,-2.5359470027257096,3.597632423888474,3.30329272194,0.207300494604,2.4002217992191005e-05,0,1.2001108996095502e-05,16,1,1,1,0,0
143,7,3.3400353318820604,1.1176307238207472,0.38521340779410151,-1.7131548847014182,-1.9687429540178216,4.067243851459323,0.378459587891,0.012155320357,1.8823943570581414e-07,0,9.4119717852907072e-08,10,1,1,1,0,0
144,12,1.4342423517020537,-4.7326368288894072,0.53154248069254406,-1.7616027717265523,1.3430639921741274,3.6009410389039913,1.00774607931,0.00814399665207,1.0357558136946962e-06,0,5.178779068473481e-07,21,1,1,1,0,0
145,15,1.1243082895773435,-4.6673547191528906,0.44242835237960942,4.5961946162290728,-3.9020028956464685,-1.9081827996538778,0.480099718807,0.0020341217896,2.3175614070878291e-07,0,1.1587807035439145e-07,5,1,1,1,0,0
146,12,-2.691908424416432,1.1021746216906341,0.36620314416951749,4.6206265259527708,-2.1220435008865022,-2.2250198685423612,0.627140394573,0.000248668786498,3.9332391087847018e-07,0,1.9666195543923509e-07,12,1,1,1,0,0
147,7,1.2207248608015606,2.0654529563107813,-0.43827404623139438,-1.30416888109623,2.3161892504288684,-2.2182465910863636,0.337110649853,0.000328072369377,1.1367637666815859e-07,0,5.6838188334079293e-08,31,1,1,1,0,0
148,14,1.2016668585379595,2.0185818513444014,-0.45694272474433328,-1.5287417259301259,3.6726267395405428,-2.6202073613091463,0.345395374893,0.155039065771,7.4414209757085964e-06,0,3.7207104878542982e-06,14,1,1,1,0,0
149,1,1.1973504566989988,-4.5908005165779819,0.34249927746795494,4.1714813638018171,-3.1231666972147947,3.3675292857284815,0.283236347327,0.379840408284,4.4030039047363437e-05,0,2.2015019523681718e-05,56,1,1,1,0,0
150,12,-3.0738497649836343,-1.213475842291529,-0.38279191102712823,-3.1453146368583123,-3.9068352330780738,4.02896193094523,0.807141202418,0.52623537288,8.5007250044219252e-05,0,4.2503625022109626e-05,16,1,1,1,0,0
151,11,3.4400560042402288,5.3436045525470774,-1.2022612419229295,-0.640549683458009,-2.9992507395731201,4.5474551649378618,0.0318052611452,0.620573729701,0.00011731276040625441,0,5.8656380203127203e-05,42,1,1,1,0,0
152,7,3.301782627218687,5.3084423182188747,-1.1970671732213998,-0.73169791462209333,3.6708168598922466,-1.7337374430586532,1.13440684582,0.930654713025,0.00026512156864521165,0,0.00013256078432260582,20,1,1,1,0,0
153,14,-3.0444000924732006,-1.1831402035899496,-0.44519075816124537,3.1179692616755665,-3.7026587921314906,-2.7691742667860173,0.0477465849957,0.915688910552,0.00025541977669148847,0,0.00012770988834574424,22,1,1,1,0,0
154,2,3.2064428727737284,-2.1273604087692122,1.2406690019699984,-2.2751607220227088,3.6870596607110087,3.6887894560424677,0.0081484145418,0.757658544379,0.00017486462088627623,0,8.7432310443138114e-05,34,1,1,1,0,0
155,1,1.940677976852571,-1.2401698325480144,-0.55647101832729773,-3.9035311050790136,-2.2638450008872253,1.6794285631682171,1.22616830765,0.802921719482,0.00019788524837175396,0,9.8942624185876978e-05,27,1,1,1,0,0
156,2,-3.055383810510568,-2.1567143759025633,1.2656551366470079,4.007578945822071,4.1186234486720448,-4.2925312272338072,38.7786657036,0.412679164475,0.0015556625070761907,0,0.00077783125353809534,60,0,0,0,0,3
157,7,1.7726750112832339,5.3354313741463741,-1.2503250883813932,5.3396988725107501,-4.1238731080861166,-1.857373653902866,21.7076971016,0.0102772202973,0.00047125628752990904,0,0.00023562814376495452,60,1,0,0,0,2
158,8,3.2805453543688792,-0.9506467137503809,-1.2332640769295549,-0.88209216554159997,3.8148139664050853,3.9460372111084201,29.7817997679,2.73231791634,0.0031610955861849821,0,0.0015805477930924911,60,1,0,0,0,2
159,15,-3.2089444796443192,-1.2539605812438894,-0.73603226804108568,0.43390747004718133,-2.8862822194826094,-0.25189839155843585,0.25713466396,0.868162594447,0.00022965818369289891,0,0.00011482909184644945,14,1,1,1,0,0
160,9,-3.4179198109002193,-1.4533908670832207,-0.28699404804755058,-5.6424592451689257,3.6610189265419022,-5.7980996288597666,0.610327252684,2.30696960188,0.0016215795327749081,0,0.00081078976638745406,60,1,1,0,0,1
161,7,1.5057306959112278,4.653585908811487,-0.022357494657077592,-4.9786073128688768,3.3881594058786622,0.86896464467224843,13.9551743473,0.0327740576967,0.00019507409247075222,0,9.7537046235376108e-05,60,1,0,0,0,2
162,12,2.6660885583115039,5.2847330047371166,-1.2513181725615199,5.391360517086472,-2.3035544473081835,-2.3825634712602821,17.5795588381,0.000976168760032,0.00030904117921501894,0,0.00015452058960750947,60,1,0,0,0,2
163,11,1.8753966948224443,-1.0580157483170183,-1.2378706274907114,5.4252967689592548,-2.4851650550508637,-2.097494650794737,0.0197335768108,0.916746758987,0.00025600836871842423,0,0.00012800418435921212,15,1,1,1,0,0
164,0,-4.7555125135655141,-1.6287024472415896,0.1585722434089018,1.4708999201860089,3.9304071409036854,1.2381476105006517,25.3415461721,0.00638949772942,0.00064220639860399463,0,0.00032110319930199731,60,1,0,0,0,2
165,5,-3.4628599577170904,-0.98397838786412894,-1.2716282779180688,5.3971633172635647,-2.1809512411159186,-2.6428555854339795,49.0767115356,0.014094094597,0.0024085841254237734,0,0.0012042920627118867,60,0,0,0,0,3
166,15,2.042107255174356,4.6841692716656347,-0.040796524561044656,-4.7217295536350354,-3.7549569368235187,0.8949509102788733,4.94589809878,0.0355902190737,2.4847755829663635e-05,0,1.2423877914831818e-05,45,1,1,1,0,0
167,15,-4.8562143331072605,4.8967281480295481,-0.67520772206043422,-5.2482811544222399,2.8455502221329718,0.093884080317601315,6.8459327733,0.657079661325,0.00017838648792557171,0,8.9193243962785857e-05,60,1,1,0,0,1
168,13,2.0627403753569444,5.3412066845992046,-1.2805109115262097,-1.286103319610655,3.6896916359084595,-2.5846322397917532,0.0179846558412,0.995985591381,0.0003021769346981697,0,0.00015108846734908485,47,1,1,1,0,0
169,10,2.2965738362674339,4.7609899495385033,-0.19466604217218914,-4.566320785295348,-4.7406901209106476,-5.981461567841647,90.7732687615,0.00227727099056,0.0082397879013736079,0,0.0041198939506868039,60,0,0,0,0,3
170,3,1.7467809573794102,5.3422620497116231,-1.0895776811272151,-2.5426173543819619,-2.5620505185025384,-3.6118669758531974,0.692196800209,0.875557455902,0.00023399911195871263,0,0.00011699955597935631,30,1,1,1,0,0
171,12,-5.0658025192721352,4.1077054991380164,1.2635884132994102,4.053485643719303,-3.668593215220493,4.3711667902581341,8.50020728444,0.000108456739337,7.2253527461544508e-05,0,3.6126763730772254e-05,60,1,1,0,0,1
172,7,-5.1298020294897286,-2.1497753766206533,1.2773076448163276,4.0194383489701648,-4.0211453389427207,-1.8374478787681161,29.5127140845,0.799504686325,0.001065714106153583,0,0.00053285705307679152,60,1,0,0,0,2
173,6,2.248151618409612,-1.661240841920834,0.19939656181306639,1.2693585769505933,2.8669783411868393,0.80287046548283236,4.93302225553,0.921051095743,0.00028275236423791288,0,0.00014137618211895644,26,1,1,1,0,0
174,2,1.8412319116895659,-1.3286601251506411,-0.3113885480119063,-3.5326273132959862,-3.7341829957982156,-3.914485433639352,3.82984472986,0.375667157734,5.7657091798102743e-05,0,2.8828545899051372e-05,46,1,1,1,0,0
175,7,2.0822997950199715,-1.0500074985997205,-0.762336577957614,-3.2953099527006242,3.4784399198017399,-4.1333352429099417,0.0195019016247,0.999097857106,0.00030406843114612407,0,0.00015203421557306203,41,1,1,1,0,0
176,2,1.6149419022894871,4.1860985077632327,1.2566305710567891,-2.3318348811036436,-3.8191191641603033,4.3156424733946235,0.0153844465395,0.9226237226,0.00025930110391049802,0,0.00012965055195524901,56,1,1,1,0,0
177,13,0.35143620549209403,4.7475036564296147,-0.15214674661881633,1.6807637718248116,-2.6481975527779058,1.3519151242515195,39.0368828271,0.235437349272,0.0015407633915072909,0,0.00077038169575364545,60,0,0,0,0,3
178,5,-4.8560320652275983,4.8169146942578855,-0.38471405316156293,0.5302880148496113,3.9185460709126723,-0.041023287600864294,1.39836033041,1.03248381196,0.00032668453307062491,0,0.00016334226653531245,60,1,1,0,0,1
179,5,1.9665083093878919,4.0829315241003243,1.2833484739057432,-2.2249285362934179,-2.4000716222176304,-2.1433021132983336,14.6957531438,0.00524347185473,0.00021597353561523766,0,0.00010798676780761883,60,1,0,0,0,2
180,10,1.2180301625991847,5.3635478037675046,-1.3184905088325642,5.6756025811874773,2.3299821158745435,4.7430274182297065,0.0494037484602,0.781919362024,0.00018624488805164704,0,9.3122444025823522e-05,41,1,1,1,0,0
181,1,0.47802722802655684,4.9246457666945371,-0.43716407140245139,1.9077281574718283,4.3851629282696951,-4.5101674489900052,70.7916369299,2.21176007566,0.0065016085245607532,0,0.0032508042622803766,60,0,0,0,0,3
182,3,1.099993182549355,-1.3524694110208471,-0.74340858087595429,-5.0115738596904249,-3.9957780609253502,-5.899152205937666,0.00956189517809,0.944728985527,0.00027187505478006366,0,0.00013593752739003183,39,1,1,1,0,0
183,5,-4.5802450995228465,4.2256337781619164,1.2577801016324532,3.9034683619575388,2.3512920880715029,4.3648485521006757,0.00599170932868,0.917284546679,0.00025630846529452086,0,0.00012815423264726043,8,1,1,1,0,0
184,3,-5.6766423693151111,-1.0330456089865612,-1.3128311200446883,6.0553085020404858,2.5146688694556394,-1.0904785636897538,4.79600823497,0.723729569668,0.00018255557486146598,0,9.1277787430732991e-05,12,1,1,1,0,0
185,6,-5.5906621438254271,4.4835410266129783,0.54799267566435905,1.6867278912881705,-2.4276746308681494,-4.3766070755413216,3.6807772276,0.860278159676,0.00023898892776886844,0,0.00011949446388443422,10,1,1,1,0,0
186,12,1.2509219640254541,4.5166798113776849,0.63854722927722452,-4.5772014874838218,-2.1456279995459222,-4.3827882673353127,0.0318277352104,0.879390532182,0.00023557010409312702,0,0.00011778505204656351,16,1,1,1,0,0
187,9,0.43198192981976419,4.2962382597419797,0.93269653907813488,2.9459453244521407,2.7710097071975346,3.1486295879818558,0.204130258934,0.706131179464,0.00015193038553767916,0,7.5965192768839582e-05,12,1,1,1,0,0
188,0,-4.4562437100061123,4.2392846814683853,1.2658921304429951,3.9144392239168697,2.354076172509493,4.4275500058935426,0.137050157791,0.893863136218,0.00024340545289958486,0,0.00012170272644979243,55,1,1,1,0,0
189,7,-3.9734795444481681,5.3805520848442319,-1.3120106802653724,-0.91822886840127105,-2.220454304880382,-2.1343356134640112,50.4196459096,0.126042583159,0.002546980069191239,0,0.0012734900345956195,60,0,0,0,0,3
190,15,1.2586576838762897,5.3886947424640521,-1.3596913733127733,-0.43362175563510424,2.0710860582316344,-1.3619868960916506,0.497835747225,0.880782804709,0.00023656343945140749,0,0.00011828171972570375,23,1,1,1,0,0
191,0,-5.7018649764749174,5.3253925438949183,-1.2642147558461767,5.2195787918133298,-3.9131581668765936,-1.8752570172982392,4.27887624394,0.469633779065,8.549394695666986e-05,0,4.274697347833493e-05,28,1,1,1,0,0
192,10,0.36492196835690366,4.7879630200551837,-0.50272284962566471,-5.4280616027114963,3.4187944335361489,0.16243033680176533,0.323043430184,0.888934853356,0.00024081461811459315,0,0.00012040730905729657,41,1,1,1,0,0
193,12,-4.4054373617317202,-2.2370756640780267,1.3152472564692343,4.0746224440320296,-1.711232250508097,-2.0652387015650238,51.3798302202,0.147307216185,0.0026464969735460453,0,0.0013232484867730227,60,0,0,0,0,3
194,1,-6.0011929657219714,-2.2565116084991108,1.3012196868901154,4.0970697400318601,-3.6917506520592158,4.613253699965548,19.5674597385,0.00159060056655,0.00038288625130248932,0,0.00019144312565124466,60,1,0,0,0,2
195,10,1.9699357002537721,-1.7046750971207902,0.28489699400061858,1.384438385633233,-3.9570610326649183,-5.0945779703038525,4.39543812731,0.655524026564,0.00015021756068592368,0,7.5108780342961838e-05,39,1,1,1,0,0
196,13,2.1875472044782844,-1.6190803189497975,0.43008709623372143,-3.9750544134849743,2.7404712257597632,2.6654217465264045,0.115933057835,0.977953970943,0.00029134770369678179,0,0.0001456738518483909,17,1,1,1,0,0
197,11,0.65555953892606167,-2.1953049906399937,1.3061451502410479,4.0352740906507769,2.201476368242933,4.6297775223297268,13.8098600783,0.0624617145329,0.00019190068982195412,0,9.5950344910977059e-05,60,1,0,0,0,2
198,0,1.3364449686175972,-1.6545607160946836,0.34728061029893137,1.447114798918292,-2.0224248815666179,-4.7099267831705456,0.0457472940988,0.617815610163,0.00011627338251789295,0,5.8136691258946473e-05,56,1,1,1,0,0
199,13,1.4373313153801566,4.1137089360227943,1.3539615596857708,4.3098768611690375,-4.2523868087863894,-1.4149580052750648,0.0284460778326,0.945689084159,0.00027242864943083708,0,0.00013621432471541854,43,1,1,1,0,0
200,5,-2.2370263240768296,-3.0369472419668262,1.7068564330622926,3.1332167519874941,-1.6049616505684012,-2.7787798223753102,0.027677513717,0.0197289431145,1.1933264751775253e-07,0,5.9666323758876266e-08,7,1,1,1,0,0
201,3,-2.2197400962055522,-1.8241265681047336,-1.0865804473342309,-4.3534095839614624,-4.7142065968918461,0.46831689280698463,0.35704618112,0.0393750919263,5.9976017248949357e-07,0,2.9988008624474679e-07,5,1,1,1,0,0
202,4,4.0558998021493959,4.9076132068857987,-1.6906184475003314,-1.6451089601635049,4.6030826001034564,-2.4970811552167929,0.156389069327,0.00677205181937,3.8427504796544191e-08,0,1.9213752398272095e-08,26,1,1,1,0,0
203,2,-2.2264897833414077,-1.3562881998376684,-1.6526779149653819,4.3402675576121243,4.5434512115225596,-2.4593078785771962,0.0450554478884,0.0330044269663,3.3384737255057627e-07,0,1.6692368627528814e-07,18,1,1,1,0,0
204,8,0.36208374805271498,-0.097970657902356637,-1.3689716165952197,3.1585675726633662,-1.3917768349533723,1.0974345849275815,0.282191057635,0.107545981735,3.6028789645082229e-06,0,1.8014394822541115e-06,23,1,1,1,0,0
205,8,4.0877187906012376,-1.7803800262990095,-1.2729648090191483,-4.7226050600538247,-4.6212994500287081,0.79705511339626167,0.164169504542,0.0642646853749,1.2850062739841974e-06,0,6.425031369920987e-07,19,1,1,1,0,0
206,4,0.4081155989155334,6.1691449732469676,-1.7019342748831146,0.13738973367097565,-4.7463566149484793,-1.7613201872491395,1.53332347638,0.0199352187062,2.4721397890624901e-06,0,1.2360698945312451e-06,19,1,1,1,0,0
207,5,4.1164746110256925,-1.786990189794083,-1.2779993489028183,-4.7264228480092143,1.5796009420736825,-5.760228985536469,1.1866404675,0.0380729945595,1.8496746678410804e-06,0,9.2483733392054019e-07,13,1,1,1,0,0
208,15,-5.8293241475803583,4.5714517612167915,1.6903830808516014,4.5969953236041121,1.6755738487964387,-2.1472889921252216,0.0253626974957,0.0016692891367,1.4920908521387504e-09,0,7.4604542606937518e-10,9,1,1,1,0,0
209,5,4.123716963309481,3.223417101502831,1.338668768688652,0.025184264283958532,1.6160412026039306,0.65905457420437652,0.0411628709928,0.0113916357848,4.1224391342171375e-08,0,2.0612195671085687e-08,23,1,1,1,0,0
210,5,0.44822710529893711,-1.7445881251699611,1.6624156366533338,4.9843661473462326,-4.7788990960732471,-2.2134790226795311,0.0346384846417,0.0188969754416,1.0997738953232068e-07,0,5.4988694766160338e-08,26,1,1,1,0,0
211,5,4.136856745390725,4.4488774271999549,-1.2277398976118343,1.6074494108180646,1.5922087666502807,-5.3374676131600944,0.0231732381455,0.0854176188961,2.2230773622920182e-06,0,1.1115386811460091e-06,27,1,1,1,0,0
212,5,-2.140557414295956,4.4678463430777713,-1.2966381192781644,1.4753205044252922,-4.7063783219289617,0.71080588688227464,0.0348677101226,0.00300756744774,3.9711624899973765e-09,0,1.9855812449986882e-09,22,1,1,1,0,0
213,10,-2.1310107413102908,-3.0747512425583481,1.6813501363442385,-3.2335444283962769,-1.5298285095067459,3.7897408445587781,0.0278580447799,0.00444851202268,6.8042237408208556e-09,0,3.4021118704104278e-09,28,1,1,1,0,0
214,0,-2.1234783497192455,4.4121614114795022,-1.1963974641932074,1.6436784848517156,1.4894479780202785,-5.8846567009210276,0.0455688475841,0.00834195407837,2.3274297145473041e-08,0,1.163714857273652e-08,15,1,1,1,0,0
215,10,-2.1260380416293327,3.2298744032767766,1.6621716397972026,-3.4315795316916389,-1.511173564394519,3.6908053147458717,0.0295392886241,0.00389284873936,5.4888245968706755e-09,0,2.7444122984353378e-09,18,1,1,1,0,0
216,9,4.1522381882970825,-3.1041736442491059,1.6709199931335181,-3.2055318990908566,-1.5436519996128817,-2.0982330695062892,0.0332087161693,0.17562771077,9.3970553977047171e-06,0,4.6985276988523585e-06,14,1,1,1,0,0
217,1,-2.1193024073221216,4.7071477380014342,-1.6609965987945123,5.1733115488700667,4.8293648071684938,-2.2827260821637965,0.0459133494192,0.240845494022,1.7671914233767325e-05,0,8.8359571168836625e-06,23,1,1,1,0,0
218,5,-2.1268178185803781,-3.0758454694376223,1.6487345702107639,2.8317909307203166,4.7906228245815923,3.7272213728905226,0.0582840624221,0.0233144490501,1.6897595330521268e-07,0,8.4487976652606342e-08,18,1,1,1,0,0
219,15,-2.1260846870116894,3.1296245608660227,1.6632553212892234,-3.0683981750453273,-1.4663691129571985,3.9697094604564582,0.369386974745,0.218277047461,1.4649903934481278e-05,0,7.3249519672406388e-06,17,1,1,1,0,0
220,14,-2.1339223642566063,4.3913451743817991,-1.3101580727789566,-4.9161377477014137,-4.7882792163918886,0.65324171075350834,0.351326931512,0.00501537779002,1.3109296376210002e-07,0,6.554648188105001e-08,13,1,1,1,0,0
221,6,4.1420868628621736,-3.1219967729497347,1.2301507685599882,0.22459767228163,1.5148322053185646,1.0192641687012922,0.0315343007544,0.148195529551,6.6909762865269364e-06,0,3.3454881432634682e-06,19,1,1,1,0,0
222,14,4.133439025658439,3.1972052876878108,1.6119207526346078,2.6949664447690287,-1.5394954271438102,-2.2547540409807025,0.0156062402037,0.115669291147,4.0758372657319872e-06,0,2.0379186328659936e-06,27,1,1,1,0,0
223,2,4.1382782125225912,-3.1587322143123302,1.6433307816346652,-3.2849486717851701,4.8275702110925955,3.754197405961111,1.06290884995,0.0703137392804,2.6358104274688112e-06,0,1.3179052137344056e-06,39,1,1,1,0,0
224,9,0.55578773907030521,0.093185189517815833,-1.396059826538024,-1.463673074174098,-4.4640291397408172,-2.8939916317042012,0.0862770723405,0.0657439506779,1.3240815698384977e-06,0,6.6204078491924886e-07,27,1,1,1,0,0
225,11,4.1182113180188411,4.311354699950388,-1.2686061734963323,1.3874432659797276,-4.786110416711697,0.87080166254138658,0.0543975176031,0.109359876307,3.6460562667929673e-06,0,1.8230281333964837e-06,21,1,1,1,0,0
226,6,4.1174994889353869,-1.6444038590737518,-1.6356045241829218,4.8150764010496108,-1.4377611149996594,3.6937254536065272,1.02521713887,0.0428783969815,1.6111266492745163e-06,0,8.0556332463725815e-07,17,1,1,1,0,0
227,13,4.1095691061050168,4.6237393883360864,-1.6344996818176079,4.8197435006905271,-1.4334913595794712,3.6872094851456412,2.84870948706,0.178216383564,1.7790123789142657e-05,0,8.8950618945713286e-06,19,1,1,1,0,0
228,1,-2.1845094326443926,4.2161882270306155,-1.1221951143247673,1.6086112699563337,1.4352926042338969,-5.6794246764830003,0.0210173628348,2.47053469289e-05,4.4191546503906006e-10,0,2.2095773251953003e-10,24,1,1,1,0,0
229,3,4.0892624940678619,4.5831096269448892,-1.6244860330720712,4.9043541837796738,4.8554304349049255,-2.2798591285228706,0.290427946411,0.123483415559,4.7292016951231352e-06,0,2.3646008475615676e-06,14,1,1,1,0,0
230,13,4.0783757334361148,4.5482561377863151,-1.6187213526594182,-1.2466622247653882,-1.4287432414092083,3.7880480662115046,0.554912592323,0.010376439521,3.4072629414270473e-07,0,1.7036314707135237e-07,11,1,1,1,0,0
231,4,0.5154988552335481,-6.1369737262220916,-1.6011618748468777,6.0808864673387619,1.7723144562895368,-2.0315289447556704,0.0224209466799,0.0202064330919,1.2487797255372706e-07,0,6.2438986276863528e-08,22,1,1,1,0,0
232,4,-5.7709295046088389,-1.350534489549015,1.5886695837360927,4.2898957673352118,1.8137338403012155,-2.069044202768358,0.0569079616023,0.0840190074796,2.1535918617395953e-06,0,1.0767959308697977e-06,15,1,1,1,0,0
233,11,4.04110663814778,4.4916305598932409,-1.6033258449820031,-1.1514518967644429,4.8351650301759701,3.6458370867471821,0.870079593828,0.179634647643,1.0586618192475241e-05,0,5.2933090962376204e-06,14,1,1,1,0,0
234,3,-5.7935851254598125,0.014309494351572733,-1.0130142529261974,-3.7801120746005576,-1.7677000439464983,1.1313049912399264,1.35733573369,0.271983727152,2.4376478955956589e-05,0,1.2188239477978295e-05,18,1,1,1,0,0
235,1,-2.2804737964382076,-1.8731403242073972,-1.5595521954906342,-0.89286014575975914,4.7246208892817503,3.3313037288461489,0.0206070496116,0.027655366719,2.334019348101136e-07,0,1.167009674050568e-07,24,1,1,1,0,0
236,8,4.0061554536968647,4.4819375133392487,-1.601756560806548,-1.2821607522956251,-1.4144958250763904,-2.2586769787753394,0.0886740672478,0.0132111664987,6.1029467273308889e-08,0,3.0514733636654444e-08,10,1,1,1,0,0
237,15,-2.294011507784588,3.0379210835111823,1.1227729175871319,0.36460929783595108,1.4475832084183407,0.93687560976271389,0.0269975839116,0.035683607685,3.8860427906617051e-07,0,1.9430213953308526e-07,26,1,1,1,0,0
238,14,-2.3093242288504094,4.1431201351783651,-1.2027518038173035,1.3906622534066022,-4.8181786128865332,0.69796300748413265,0.0216026723553,0.0824234820015,2.0699248343919568e-06,0,1.0349624171959784e-06,18,1,1,1,0,0
239,9,3.9588465383708993,2.931731868072148,1.3039584233653776,-0.15612543051128008,1.4791960056062825,0.65932264116433015,0.0114029699003,0.239849992038,1.752416664364253e-05,0,8.7620833218212648e-06,11,1,1,1,0,0
240,15,3.9531313832594135,3.0779359661227956,1.018485223709795,0.62561679943005588,-4.8741908560211291,-5.2556965020058719,0.0832413107007,0.0657775058414,1.3249112973313591e-06,0,6.6245564866567955e-07,19,1,1,1,0,0
241,2,0.39504522305863599,4.9522090900702223,1.5879078318030451,-1.6038600092837889,-4.6749515174907419,-1.5813155482216645,0.0653599075778,0.188561804059,1.0835113020889228e-05,0,5.417556510444614e-06,23,1,1,1,0,0
242,13,0.38677127629015323,-6.0654946168571282,-1.5877318510010747,6.1797748637583112,1.6412871592342022,-2.1044735366355556,0.056707738193,0.00717942758829,1.8917022838519003e-08,0,9.4585114192595013e-09,13,1,1,1,0,0
243,14,0.38242220971829327,5.4035874675126667,0.96840633175711566,1.422466698073497,-1.7116135363236553,1.0541561001043713,0.353538472208,0.0101005755344,1.560670158438239e-07,0,7.8033507921911951e-08,17,1,1,1,0,0
244,15,-2.3916676772198788,-3.4229828033412999,1.5452350567300179,-2.4815548073357214,4.7959212516052574,3.6974359059301829,0.0797417917969,0.103123969596,3.245828880857759e-06,0,1.6229144404288795e-06,11,1,1,1,0,0
245,11,-5.926389577949708,0.23483579947608341,-1.5833066611176041,-0.15450251321822511,1.6982687111667876,-1.6666577099215918,0.0152755953339,0.0379385777559,4.3868006551349009e-07,0,2.1934003275674505e-07,25,1,1,1,0,0
246,5,3.8651004811954475,4.0642342223717902,-1.1109106713327719,-4.7591257524781652,1.4977290954521119,1.0037988681055179,0.0535466171952,0.0327472958335,3.2953450902783711e-07,0,1.6476725451391856e-07,23,1,1,1,0,0
247,3,-2.4199145723130058,3.1208323980679888,0.91065899559242658,0.89846326904316975,1.4018667484002834,-5.3018418684559032,0.174108245374,0.0529907243131,8.8568453270076693e-07,0,4.4284226635038346e-07,22,1,1,1,0,0
248,5,0.31357744444615637,4.9938118804338298,1.5889876689476203,-1.7374621315348162,1.6282437148767259,4.6820293671183393,0.0252064949684,0.0552877083106,9.3176878323058605e-07,0,4.6588439161529302e-07,12,1,1,1,0,0
249,2,-5.9717359025780308,0.06291017631891202,-0.96495205365407744,2.4130393538565929,4.5687400563846001,1.2567563033154585,0.074253127779,0.000789993683165,5.7036356763968585e-09,0,2.8518178381984292e-09,9,1,1,1,0,0
250,12,0.64353844930814574,4.8717338139615851,1.1962382754875618,5.0375887249790097,-3.4837931471879418,-2.7258207729312538,0.233107428969,0.014331641838,1.1690626013160518e-07,0,5.8453130065802591e-08,29,1,1,1,0,0
251,7,-2.0732625956844362,4.5991917163334657,-1.3350066995518,-1.2061972088132502,-0.21545213422781173,-3.2890614659420652,0.268447775289,0.0070486805532,8.7198788731721188e-08,0,4.3599394365860594e-08,13,1,1,1,0,0
252,1,4.1797680329688838,3.8042900257522199,0.24711736540422904,-4.541829209240583,-5.6246156696214795,5.7397626604754111,2.21753772863,0.05256328559,5.7591007399647712e-06,0,2.8795503699823856e-06,27,1,1,1,0,0
253,12,-2.0869420483692567,-2.9201711657978171,1.3179914878993169,3.4442445454460273,-0.24091280107950275,2.8665022890892091,0.035032380133,0.0133762541728,5.5730688395272899e-08,0,2.7865344197636449e-08,15,1,1,1,0,0
254,11,0.60697908097465125,-1.4379642171173677,1.212854869919932,-1.3195154728805869,2.8050414190999078,3.5160494407908738,0.745614147635,0.0230665595951,7.1801708148840901e-07,0,3.5900854074420451e-07,14,1,1,1,0,0
255,2,4.1560745536394572,-2.2561512374366415,-0.17522161696695079,-4.2664103796277972,-5.565275214392333,-0.52047408573122644,0.0195803781033,0.0306542876277,2.8662791792284502e-07,0,1.4331395896142251e-07,21,1,1,1,0,0
256,11,4.1746717506946052,-2.5406178448143311,0.39043618691763904,1.3198993501916489,0.34287832385899553,-0.4472753175216635,2.58213830984,0.0729908840901,8.290339084218371e-06,0,4.1451695421091855e-06,25,1,1,1,0,0
257,12,-5.7053508853776167,-0.17205061827050133,-1.0930690400679162,3.8146831563399162,3.6042970216367509,-5.4153759227684084,1.08971124324,0.0304144917088,1.4692542894399959e-06,0,7.3462714471999793e-07,17,1,1,1,0,0
258,9,0.57312602828074743,4.8530749917437666,1.2797862695009108,-1.8205138083183776,-3.5678450776572728,-3.1451944360200108,0.0391288834696,0.000617423527523,1.6471932802427358e-09,0,8.2359664012136792e-10,17,1,1,1,0,0
259,12,-5.7094885823733259,-1.440042803379515,1.2636642767027528,4.5111726657398536,-3.4119408167336229,3.4214325459475092,0.44273737724,0.00638805849608,2.0844699700491248e-07,0,1.0422349850245624e-07,27,1,1,1,0,0
260,4,4.1559820788940227,3.308455297359306,1.3456182711837992,3.9715283051295063,-0.30444904306390613,2.7373370418096403,0.113508247292,0.014412849506,7.6162369146690482e-08,0,3.8081184573345241e-08,18,1,1,1,0,0
261,11,-2.1334678011654078,-2.1376630801505514,-0.40265264674005902,-4.4617160806416409,0.35063807796172403,-0.44687854190803461,0.403829968761,0.0144322891489,2.2652770153984102e-07,0,1.1326385076992051e-07,31,1,1,1,0,0
262,10,4.1253274176329064,-2.5529433257804124,0.39609234877998317,1.3942185905336371,-5.6129625770228397,5.5953705262450804,0.874308374038,0.00169052680064,7.652856932073636e-07,0,3.826428466036818e-07,12,1,1,1,0,0
263,7,4.1322031712229306,4.5290291900466055,-1.3045248174344064,-0.62996345849564639,-0.52806202295868232,-3.6564985785900928,0.0590520075343,0.00241177562681,5.2589960647565073e-09,0,2.6294980323782536e-09,23,1,1,1,0,0
264,9,4.1220010916488929,-2.1678006228746143,-0.38920795292108473,-4.4439599749032235,-5.657667090118248,-0.63887526728428434,0.46794378502,0.00572609002041,2.2895921446895049e-07,0,1.1447960723447524e-07,17,1,1,1,0,0
265,12,0.5483026792159007,-1.4468680144795518,1.1452520443828571,-0.94076977816828666,2.8073594708500385,-2.5280952928209346,0.0295126662355,0.0107774181866,3.6253146271678083e-08,0,1.8126573135839041e-08,16,1,1,1,0,0
266,8,0.54331785751516948,5.9243264876410722,-0.70159026660812096,2.7625288535698727,3.5538302803208568,0.26905366718052981,0.117376397727,0.000145043259407,1.378362714676321e-08,0,6.8918135733816049e-09,20,1,1,1,0,0
267,0,0.54944835970022354,-0.28717675091985573,-0.83259867605186699,-3.0906848205112922,-2.9040115225912855,-5.1983576120326962,0.0909415529883,0.00356578691268,1.214352668867028e-08,0,6.07176334433514e-09,14,1,1,1,0,0
268,2,0.55036313902510103,4.8380469168867313,1.1937136528323853,5.0376989868237922,-3.3436982648910343,-2.3816727148589187,0.45879561082,0.046544595581,8.7041640120090653e-07,0,4.3520820060045326e-07,19,1,1,1,0,0
269,4,4.094573368808005,-1.8223995961530595,-1.2688764232298921,-0.55313419680967169,5.4538449393290342,2.5641608241635327,0.0592151169708,0.0319219861562,3.1391560183868043e-07,0,1.5695780091934022e-07,23,1,1,1,0,0
270,7,-2.1610755053369126,3.745083078861168,0.38842343072897756,-4.720489841523821,-5.8205308391486366,-0.50452046637563108,2.18503858581,0.107747226179,8.3108388185383887e-06,0,4.1554194092691943e-06,11,1,1,1,0,0
271,13,0.5523462478859803,-0.28784983177718065,-1.1894069112883643,0.090187983330360932,2.8756732667107299,-2.464073239486543,0.167677136065,0.00686535409442,4.2473181259267799e-08,0,2.12365906296339e-08,20,1,1,1,0,0
272,9,-5.7299637893096911,-0.19554961380977964,-1.2786274510452003,-0.30879138624782876,2.824413908822466,3.4189658961445466,0.0254442579049,0.000411904866532,6.9909336344155606e-10,0,3.4954668172077803e-10,60,1,1,1,0,0
273,5,-2.1807956291203343,-3.0712517423030135,1.3391509841414178,-2.1588640729071984,-0.74652746218597843,2.4711991569330642,0.0396847321226,0.001238882654,2.0424139882335339e-09,0,1.0212069941167669e-09,21,1,1,1,0,0
274,1,0.55606969899806236,-1.0624049678688854,0.86862567489901343,-4.0667851803808981,-2.7235142817096283,-5.7970945128653488,0.112905325868,0.00211290596343,1.4107537970147918e-08,0,7.0537689850739591e-09,13,1,1,1,0,0
275,0,4.1192816349723875,-1.799076144501669,-1.3346593339755426,-0.66563488049152952,5.7207629289683348,-3.7066576705227159,0.26492954359,0.00362217687686,7.4184293975732339e-08,0,3.709214698786617e-08,28,1,1,1,0,0
276,0,-2.1545788755379887,-2.1832982137380168,-0.45717622093118065,-4.3738863646774284,0.44137988359190222,5.7634716325649746,0.598518889778,0.00108120933665,3.585809633370789e-07,0,1.7929048166853945e-07,28,1,1,1,0,0
277,9,4.1080595911800843,-2.6099758215764575,0.38047315554455219,1.5981357384692492,0.77415584946757032,5.6616427697209435,1.00231095405,0.000124380892846,1.0046319612277063e-06,0,5.0231598061385313e-07,19,1,1,1,0,0
278,3,0.57451612012025011,4.9022416061633667,1.3125091083564564,-1.6612891283505691,2.6625682014632486,3.1642229437709481,0.0434813112169,0.00153010228673,2.6037986907576857e-09,0,1.3018993453788428e-09,15,1,1,1,0,0
279,5,0.57967862272939186,-0.77134376510002678,0.12062864871299961,-5.14108425159219,-2.6339377947744063,-0.27857121519712813,0.0546829449104,0.151432396992,6.9884070945648994e-06,0,3.4942035472824497e-06,11,1,1,1,0,0
280,8,4.1412208287238901,-2.1856426795124091,-0.45770638635573802,-4.061003118770766,-5.8348968139038417,-0.49756787359096322,0.0630201830306,0.0729920605162,1.6269246909757538e-06,0,8.1346234548787691e-07,29,1,1,1,0,0
281,2,-5.6803109467831243,4.9219155157518388,1.2194937123634184,5.1368137331260222,2.8166051472563645,-2.5631203136413152,0.0627894338574,0.00142138597389,4.5579431792229703e-09,0,2.2789715896114851e-09,22,1,1,1,0,0
282,14,0.6134508314752688,-1.011626855159665,0.91240495351201956,-3.9191458502223848,3.3852840505132393,-5.0834168078292699,0.393368831545,0.0864616102227,2.4319400800512706e-06,0,1.2159700400256353e-06,25,1,1,1,0,0
283,6,0.62377371354964217,4.9566217065464215,1.1672627254892736,5.2123643953235126,-3.2776353962523994,4.2196312929805773,0.21077758755,0.0429478420723,6.0629924294512733e-07,0,3.0314962147256366e-07,15,1,1,1,0,0
284,12,-5.6639276168988983,-1.2527504209335085,1.3178619588135869,-2.2509940588804063,2.626659430257027,-3.3294765489276461,1.18706563988,0.0395976548562,1.8867571098431917e-06,0,9.4337855492159584e-07,21,1,1,1,0,0
285,2,-2.1343412303378124,-2.8429028191798826,0.60229570718899872,1.0817150866119825,0.73564295002947111,-0.77696439239082327,0.292173438061,0.0333328097595,4.2381848510813567e-07,0,2.1190924255406783e-07,10,1,1,1,0,0
286,5,0.64523830544698701,4.9788395465115487,1.3117493955245776,4.5975539482429015,2.7936350807555308,3.372500720110978,0.0455491061914,4.55696671218e-05,2.0753536417145878e-09,0,1.0376768208572939e-09,41,1,1,1,0,0
287,7,0.64405269361385165,5.5200724306264073,0.39865634842716341,1.4727264760051726,3.7182989180237849,-0.21172386925788539,0.596118642416,0.0404656724724,8.5415951980219877e-07,0,4.2707975990109939e-07,30,1,1,1,0,0
288,7,-5.6166771127039663,4.9920726399185806,1.2903563640993507,-1.5396470194821616,-3.4250401842887896,3.5737980500036914,0.0434573531208,0.0142728391181,6.3943355249105689e-08,0,3.1971677624552845e-08,56,1,1,1,0,0
289,15,-2.1040178025567333,-2.8263341440468221,0.52636821051252858,1.3194382032285661,-5.58766032435559,5.587630356628142,0.571711001128,0.00737323116246,3.4341385403537769e-07,0,1.7170692701768884e-07,14,1,1,1,0,0
290,13,0.68067422499925878,5.0819051221519098,1.3247882559580364,4.057411676259262,-3.5737349533988425,3.0259038495822654,0.0309946608994,0.00515870385684,9.0672164655509804e-09,0,4.5336082327754902e-09,29,1,1,1,0,0
291,3,-5.5992316353566176,-1.2333371418112391,1.3500402281927071,4.3904612804095269,-3.7070860199020608,3.0054343764969627,0.0984696701268,0.00144402992937,1.0331471013288608e-08,0,5.1657355066443041e-09,28,1,1,1,0,0
292,4,0.69770123166207876,5.0227172181143374,1.3147655906145554,4.8421552123151619,-3.6382731739698717,-3.0096498481426552,0.0178402434529,0.015544691677,7.3925247579640387e-08,0,3.6962623789820193e-08,21,1,1,1,0,0
293,12,4.2201512885739261,-2.8426992795416535,0.52145751476784219,1.4086559202686399,-5.7552235260373994,5.6943228202143965,0.117548016621,0.000792027212137,1.400862488316937e-08,0,7.0043124415846852e-09,15,1,1,1,0,0
294,13,-2.0552506015631855,2.992768705096716,1.3829091197478764,-2.1737627985437005,-0.53021032400423129,-3.7308284059328702,0.89226723029,0.0363580579312,1.1988171291010943e-06,0,5.9940856455054714e-07,17,1,1,1,0,0
295,1,4.2430904303067658,3.9493690385801576,-0.6044676738168997,-4.5463083629555676,0.37382663888184947,5.8704738328322028,0.48720340204,0.0288070905394,4.901534532878019e-07,0,2.4507672664390095e-07,50,1,1,1,0,0
296,11,4.2413793220105465,4.3465304797700943,-1.4126544300846462,-1.0178260909868155,5.7109062692223995,2.5120929077334759,0.0867553737965,0.038657610279,4.6275006677498243e-07,0,2.3137503338749122e-07,15,1,1,1,0,0
297,4,-5.5709095373696691,5.7288138175353556,0.0076167206343603399,-5.4389304933524478,-2.1377783567240702,5.7727333169219586,0.0403716388045,0.398449979283,4.8363418248801767e-05,0,2.4181709124400883e-05,40,1,1,1,0,0
298,2,-2.0211355766958343,-1.9142356047466358,-1.1920750635756514,3.6979254297447102,-0.47827349013928744,-3.4316273589897648,0.951690464638,0.14204082934,7.0515531020924052e-06,0,3.5257765510462026e-06,13,1,1,1,0,0
299,6,4.2731679769104343,2.9970712179705576,1.1624146447909387,5.7737687452752402,-5.8816949856143292,0.18291599081802593,0.452891008759,0.151557508741,7.2020744503009757e-06,0,3.6010372251504878e-06,23,1,1,1,0,0
300,3,-2.0950450453393001,5.575832613081972,1.323349139439512,1.8832863415066634,4.0211691459501315,-1.1660636205253552,1.23365685413,0.0521667765862,2.3508867271665403e-06,0,1.1754433635832701e-06,8,1,1,1,0,0
301,7,1.433393780238118,-2.4291010489829383,-1.2838430598950226,-4.8613919657652778,-5.7467864316629242,4.6869315536445582,0.550473945163,0.0142268557396,3.6467717314925342e-07,0,1.8233858657462671e-07,13,1,1,1,0,0
302,9,4.2033553244187356,-5.7988698539481334,-1.6245462943948545,0.34484402909472378,2.3118965492631549,-4.2402440057556881,0.0331432693169,0.0191489856145,1.1279670366168751e-07,0,5.6398351830843755e-08,10,1,1,1,0,0
303,5,1.4510263498480829,2.6389766784962077,1.6782733249089965,2.9172993346867773,-0.51967851341554572,1.5147111386503391,0.0519407076338,0.000800237223878,2.8929078953463785e-09,0,1.4464539476731892e-09,29,1,1,1,0,0
304,13,-2.0663498083726113,-0.75034328238559167,1.400436247410054,-4.3503391929473514,-2.3234946037480904,5.0644047985052447,0.264525108019,0.00240200379719,7.173106021292447e-08,0,3.5865530106462235e-08,10,1,1,1,0,0
305,2,-4.8259781201863623,-2.0058535196281988,-1.6692902176881641,-1.9762568182455229,-0.71677604450976007,1.5534401538574971,0.0697407252424,0.00651806832535,1.7805505236481602e-08,0,8.9027526182408008e-09,14,1,1,1,0,0
306,15,4.2283017794353137,-1.1146708068643685,1.6557268094162336,-1.2215961722941748,2.2948834912403573,1.9756553393535248,0.0946875884102,0.0227598014308,1.6676017073049532e-07,0,8.3380085365247661e-08,10,1,1,1,0,0
307,0,1.4999366954527658,2.6081748832141298,1.7378391531608264,-3.0766084379183143,-0.24898486662657404,-5.1164922344302486,0.159213731447,0.0218410590592,1.7066122688288157e-07,0,8.5330613441440787e-08,16,1,1,1,0,0
308,3,1.5029085311437886,4.3026809927276997,-1.7034504493827012,4.4782772591189497,-0.44654957119215233,-4.8256118288411454,0.0211909691484,0.000371537420211,4.9110657871193466e-10,0,2.4555328935596733e-10,14,1,1,1,0,0
309,11,-2.0469462285279763,-0.78175673413206948,1.4467245818043961,-4.5365186812195413,-2.1328881116001326,-1.157572052465397,0.039144470217,0.0450318152092,6.1925510497631244e-07,0,3.0962755248815622e-07,11,1,1,1,0,0
310,0,4.2496345496205734,-1.1674064574552243,1.7079922126780631,-1.1775236310719503,-4.0826682475673897,1.9290304690386073,0.100333844494,0.0102437513332,4.2031739129732183e-08,0,2.1015869564866092e-08,11,1,1,1,0,0
311,3,1.5407007346221249,4.3132963255167596,-1.6058182382521151,3.9217424342414788,-0.30104647768655274,1.4993431580270793,0.54149173353,0.0814909956258,2.3161112878138794e-06,0,1.1580556439069397e-06,20,1,1,1,0,0
312,12,-4.7285673542320481,-3.6803632208779486,1.4331147781168119,6.1694712772757061,-6.0916136070143372,-1.8439796358039535,0.215588752198,0.0208848011192,1.7934498810683495e-07,0,8.9672494053417474e-08,22,1,1,1,0,0
313,10,1.5675984999750676,-1.9866634176506139,-1.8279922505407229,5.599810909651298,-0.036989254384837758,0.25001617725597458,0.147442723204,0.0496970196572,7.7408156005769676e-07,0,3.8704078002884838e-07,22,1,1,1,0,0
314,7,4.2718833741092554,-0.91127945130762544,1.6475895729544852,2.0441080299769863,4.1657712079328455,-1.4389910530809302,0.321800242614,0.0369099051554,5.1854822646486578e-07,0,2.5927411323243289e-07,14,1,1,1,0,0
315,11,1.5870301864051006,2.5047682775210767,1.8346838607697211,-2.2853408647555051,-0.21146493805336045,0.61494837530802793,0.0215716415737,0.0831025446868,2.1041632688632857e-06,0,1.0520816344316428e-06,20,1,1,1,0,0
316,2,-4.7080432658106508,-1.8684628269615475,-1.7812729179921101,4.2599210257744007,-0.67130432521528516,-4.8280115904031016,0.0533271294063,0.00196373030116,4.0184596030530906e-09,0,2.0092298015265453e-09,39,1,1,1,0,0
317,15,-1.9401128493784243,-0.98505666854529617,1.6909951680030477,2.5809504286491789,3.4380237465891423,-1.0586989618899985,0.298550198191,0.151146343133,7.0481832907676362e-06,0,3.5240916453838181e-06,29,1,1,1,0,0
318,7,-4.6718811696135987,-3.739124655729579,1.6034876427449014,-0.36136109743670541,-5.8607730643548992,-1.7510543813876451,3.09601137259,0.000893150134578,9.5855294177588359e-06,0,4.792764708879418e-06,13,1,1,1,0,0
319,1,-1.9796580423215224,0.38803215750156606,-1.7635107384611179,-5.3490331948993637,-4.2054221292914242,1.7385782103416636,0.0318200403323,0.00786217445845,1.9842071335463335e-08,0,9.9210356677316675e-09,18,1,1,1,0,0
320,10,-1.9156789503114278,-0.9256058843571493,1.2541337056319686,1.0496177631807702,2.9497749983163364,3.1217144640445427,0.0181453267927,0.272782457603,2.2666993454909476e-05,0,1.1333496727454738e-05,27,1,1,1,0,0
321,14,1.6516900596463311,4.2506763980016169,-1.8378423943651843,0.18315690522827519,-0.066159529222764593,5.7718982711320628,1.55630835336,0.0649692739271,3.7078878163122349e-06,0,1.8539439081561175e-06,18,1,1,1,0,0
322,6,1.6612705160856094,2.8255250775223275,1.3791694140543527,-5.4421650030150523,0.041872758780219961,-3.048020829906422,0.027925567688,0.00454352509454,7.0682436768860251e-09,0,3.5341218384430125e-09,23,1,1,1,0,0
323,6,1.655525079751071,4.4994034289820517,-1.8596111998874443,4.5081112855596652,-0.49566387518526234,-4.8890728444388198,0.0169481967458,0.00241336856924,2.0614391872473689e-09,0,1.0307195936236845e-09,30,1,1,1,0,0
324,11,1.6344204175666091,-2.0958926935626834,-1.7671398567653998,1.1843053377198518,0.8859945593095625,4.5307750341721311,0.984449616551,0.0206331002454,1.0988242454819066e-06,0,5.4941212274095331e-07,10,1,1,1,0,0
325,13,4.3602243551369435,0.62550506256819693,-1.8219266157085099,4.3032278822823375,3.9884549258979409,-1.7060660642756864,0.0386846374647,0.000140266419814,1.5024944225360612e-09,0,7.512472112680306e-10,12,1,1,1,0,0
326,14,-4.6049733334771519,-1.7478391876008983,-1.8209347949092562,4.1939520817801679,-0.51606594601571087,1.3791485187229866,0.33542644362,0.00565220885327,1.2224265341218625e-07,0,6.1121326706093123e-08,10,1,1,1,0,0
327,13,4.3537034795308731,0.34825681100855449,-1.8182699181506534,0.91352116273173189,-4.154692033413645,-4.4336323186850173,0.0384274781834,0.0147768968829,6.7991919987140536e-08,0,3.3995959993570268e-08,15,1,1,1,0,0
328,11,-4.586658137142904,2.5576803954844887,1.7466167610219729,5.5552173482940939,0.43645876382906768,-1.7808975961485149,0.030915948279,0.00250618142975,2.8690812270230465e-09,0,1.4345406135115233e-09,18,1,1,1,0,0
329,14,1.7070369290080014,-1.7339403786240846,-1.775352223053555,-2.2178092924791946,5.9582430253630552,1.3465928319673703,0.766340200558,0.0547775996713,1.5013078932335978e-06,0,7.5065394661679889e-07,15,1,1,1,0,0
330,6,-1.9027578397997202,4.8884046661552949,1.7591410445438511,5.5062384413522674,-3.9989992462841935,-4.4927765521674061,0.123567122507,0.0343058558739,3.7377056117650564e-07,0,1.8688528058825282e-07,13,1,1,1,0,0
331,10,-4.559601626472495,-1.7313786299051366,-1.7403965249079951,-2.0516342940272811,-6.1681835582114823,-5.3877298400465232,1.75912061117,0.0894889169459,5.5339627285639192e-06,0,2.7669813642819596e-06,13,1,1,1,0,0
332,13,1.7254955889339447,4.2124480551879389,-1.6215757122819565,1.3611306755598109,0.21306224894187481,-1.8973924476387314,0.174610734406,0.010868414631,6.6471060423135302e-08,0,3.3235530211567651e-08,17,1,1,1,0,0
333,11,-4.5527099687178305,4.3732585902854337,-1.8819096815417504,0.1231049991872939,6.1619256809381548,6.0576235191242382,1.19472046445,0.132132157223,6.7456441823706716e-06,0,3.3728220911853358e-06,30,1,1,1,0,0
334,13,-1.9042161732397431,0.55759412675719933,-1.7320776560576376,-2.5255323680177075,-2.1717124793759508,-1.2511389980792318,0.0219876909018,0.00353893561205,4.2985069978296387e-09,0,2.1492534989148194e-09,13,1,1,1,0,0
335,15,-4.5601342310463355,2.9258563793215453,1.7326366487054938,-4.2787351077110412,-0.45337094231715247,1.3851294049643397,0.213911476357,0.011934357323,8.9144439081405661e-08,0,4.4572219540702831e-08,27,1,1,1,0,0
336,3,1.7264544950378964,4.3081782169055947,-1.7835744649270675,-5.3621460219914727,0.41189768674155652,-1.7393307226201971,0.107078840838,0.014593171088,7.6337399560685249e-08,0,3.8168699780342625e-08,15,1,1,1,0,0
337,9,-4.5563543640219422,-3.3328790849574004,1.7030421242343028,1.9691569340810573,5.8706507768272829,-4.8730993750349407,0.166981938868,0.000116116498418,2.7887075077179559e-08,0,1.3943537538589779e-08,9,1,1,1,0,0
338,15,4.3382532866643642,-5.7290646384492154,-1.8384469222731856,4.1477012643421043,-1.7912529380550823,-1.6028870618764359,0.18461734261,0.122295493343,4.5899988677724639e-06,0,2.2949994338862319e-06,24,1,1,1,0,0
339,7,-2.074322013537218,-1.2609193384088988,1.8740375458791054,-3.7298920631449919,5.635389650149528,4.1329858326300046,0.0507060883577,0.0226527921593,1.5888522949277515e-07,0,7.9442614746387574e-08,13,1,1,1,0,0
340,15,-4.5657304168277024,4.6164672519072365,-1.791728444695422,-2.1192739262337099,-0.5194497716154105,1.4504644998816032,0.0248048920532,0.000555931262699,7.0942759819380218e-10,0,3.5471379909690109e-10,20,1,1,1,0,0
341,0,-4.5697117707511961,-3.4117864755072649,1.8348744218280346,2.4992486738803543,-0.5418269039705742,-4.7962470500940784,0.225948721311,0.0233352572257,2.1692743672550536e-07,0,1.0846371836275268e-07,15,1,1,1,0,0
342,4,4.3480933759621889,-5.7644857771001456,-1.7895202390670861,-2.2053042590537895,4.371243120783749,-1.4786667621965055,0.245800298749,0.00356568956454,6.4290736017512007e-08,0,3.2145368008756004e-08,31,1,1,1,0,0
343,2,1.6932692127681572,-3.6388742950692508,1.7723642667424799,-0.92882422519025898,-5.5668945183646557,-1.7079872761881159,0.209380597687,0.0425415306486,5.9513130609725398e-07,0,2.9756565304862699e-07,23,1,1,1,0,0
344,8,-1.9579282749149036,-1.4614063094423326,1.7224838758151071,5.6264501892418748,-4.5248238727995886,-4.5868609544811205,0.020676086731,0.031080554897,2.946882000101296e-07,0,1.473441000050648e-07,17,1,1,1,0,0
345,11,4.3677133935885326,0.12536195442784154,-1.600223923058788,1.3032771590505663,-4.1204940406364221,-4.6286627131310176,0.0354434258972,0.000354140595451,1.2944402040258924e-09,0,6.4722010201294619e-10,8,1,1,1,0,0
346,1,1.6828234342655966,-3.6060456542042685,1.7028444935668352,5.5129852953202212,-5.6300548777693882,-1.6342717585654696,0.0485627032757,0.00126364183955,2.8447464120116152e-09,0,1.4223732060058076e-09,23,1,1,1,0,0
347,9,-4.605506242498457,-1.7206887463484342,-1.612716455748433,-2.6913579350680745,-0.6361992844325991,1.4935385092686395,0.036964034923,0.0129661771506,5.2579153542925808e-08,0,2.6289576771462904e-08,13,1,1,1,0,0
348,2,1.6470247128187196,-3.2744159592002866,1.641410015799103,1.9289692526311824,-0.91033183692641573,1.4646216053101395,0.298027567601,0.282696558295,2.4433035578417672e-05,0,1.2216517789208836e-05,15,1,1,1,0,0
349,15,-1.8846621660504912,-1.3236078029875882,1.7534289692299028,3.6374587182494778,3.441310033141777,-0.39062277135799284,0.138055864486,0.211302842146,1.3619889424572601e-05,0,6.8099447122863007e-06,18,1,1,1,0,0
350,0,-2.3548762207732072,1.9772926703346083,0.92608700587874904,-4.2086160547908209,-4.6725618329466538,0.59533671755689932,0.0610422323602,0.147567923656,6.6371640637854633e-06,0,3.3185820318927317e-06,17,1,1,1,0,0
351,4,0.28601007548060253,-5.9417501004033539,1.2017058929892441,2.6795949421445973,1.3588140161600475,3.9733528028856919,0.0461506826616,0.481709198285,7.0686698809677951e-05,0,3.5343349404838975e-05,11,1,1,1,0,0
352,0,0.29626625197236622,-4.6916888842283688,-1.3504582137455132,-1.9151756472634682,-4.9158946184056891,-1.8778100770204593,0.218023645372,0.0162674271974,1.2814497027517391e-07,0,6.4072485137586955e-08,28,1,1,1,0,0
353,10,-5.9755381749998495,-5.0775818564692186,-0.91754467680595264,1.2261709962333769,-1.3853953711753431,1.3240054266725088,0.19199224346,0.0825598629812,2.113173252226823e-06,0,1.0565866261134115e-06,19,1,1,1,0,0
354,12,0.34275421960390445,-4.6923118765331902,-1.336743648479561,4.3652727193278329,-4.7111544346739329,4.3975801270042689,0.369289355707,2.60249674516e-05,1.3637483455529204e-07,0,6.8187417277646022e-08,12,1,1,1,0,0
355,2,3.9637673141795133,1.5661952230003449,1.3095322696107017,-1.1593569449427688,-1.7505322860847015,3.809237889555205,0.0202555602929,0.0353411809778,3.8087716262739152e-07,0,1.9043858131369576e-07,20,1,1,1,0,0
356,0,-2.2126990182434403,-4.7839698284964625,1.4222851329042507,4.9137292302452718,-1.0467739789780595,4.2051171190628409,0.13497253401,0.0324598740786,3.3917572649585304e-07,0,1.6958786324792652e-07,5,1,1,1,0,0
357,12,-5.922020701945967,0.3067892401572957,1.3561645760201892,3.0209428950157151,-4.7539235390344281,4.5040027492964958,0.0526812312351,6.53083003274e-05,2.7766113707680203e-09,0,1.3883056853840102e-09,20,1,1,1,0,0
358,3,0.35280188016309888,0.27569486412808147,1.4275962601338665,-3.1296393939472997,-4.8652478467075673,-1.54998053177941,0.105239752211,0.21235592748,1.374781011589895e-05,0,6.8739050579494752e-06,20,1,1,1,0,0
359,10,3.9942554893795088,-3.5028420493581032,-0.87443756804658734,-3.5235169188571382,-4.5243917616244733,0.88917745763346889,0.0287455813417,0.00455445428443,7.1450039825325445e-09,0,3.5725019912662723e-09,10,1,1,1,0,0
360,12,-5.9338871366125927,0.29984511594503993,0.93747557917632529,-6.1751143433753164,-1.2948550867568309,-5.0509073993573033,0.0529317709623,0.200126852193,1.2202960020704156e-05,0,6.1014800103520778e-06,22,1,1,1,0,0
361,9,-5.905132604743045,0.3387962974504713,1.2759859984437327,2.8753165383628554,1.454704410011723,4.3563713645392594,0.495337547189,0.0819008003106,2.2886540695527152e-06,0,1.1443270347763576e-06,27,1,1,1,0,0
362,1,3.9792652333736878,-3.4517534040652635,-0.90317136062554326,-3.3423200380458762,1.9763570925911851,0.67002999332585145,3.64970448476,0.283653762807,3.7829695061861961e-05,0,1.8914847530930981e-05,18,1,1,1,0,0
363,13,4.0057166558303177,1.5841371881711979,1.2847355309783881,5.1572720486503769,4.4740262048445638,-2.4072707582528952,0.232040702032,0.0745474690815,1.746700934429355e-06,0,8.733504672146775e-07,15,1,1,1,0,0
364,10,4.0487926926097204,-3.4946998489273602,-0.86916687215822819,2.7798847904481838,1.5164135305133473,1.0171177032182608,0.0903095980877,0.185669944513,1.0509332140330156e-05,0,5.2546660701650781e-06,12,1,1,1,0,0
365,15,-5.8252222616512119,-5.9731033167068013,0.87699482706400622,0.193738594007864,4.3917089266170954,1.2549746005133184,0.00631190359068,0.0943301300063,2.7105784702749032e-06,0,1.3552892351374516e-06,13,1,1,1,0,0
366,9,-2.2713934474905551,2.7982457384448165,-0.84645163664452927,-3.4928380430809836,-4.4871966349651995,-5.3596845208009087,1.31705354511,0.012543730952,1.7825601253092905e-06,0,8.9128006265464523e-07,15,1,1,1,0,0
367,14,4.0259873699001334,-4.6745322061956571,1.2729026966161474,5.1645252973089111,4.5931654815703178,-2.3091874846345211,0.0543068674652,2.90787627189e-05,2.949493430589753e-09,0,1.4747467152948765e-09,14,1,1,1,0,0
368,8,-5.9182590990405703,-5.9321493183651963,0.90052709417017274,0.58444999372438322,-1.1358832743607388,1.9772897047889482,0.031274868243,0.435828591445,5.7862009463477002e-05,0,2.8931004731738501e-05,60,1,1,1,0,0
369,0,-5.8034769310264878,0.30314669190297461,0.85595020784946374,0.29182212553952841,-1.9929571001043194,1.3926464054680743,1.14087867197,0.0798703817921,3.2448433143928577e-06,0,1.6224216571964289e-06,16,1,1,1,0,0
370,5,0.42410817444969812,-5.1697318882919454,-0.86208478627540763,-5.2351651270980035,4.7294756379010616,1.2836974373472967,1.48859404921,0.194524682245,1.3742590325436573e-05,0,6.8712951627182863e-06,22,1,1,1,0,0
371,9,4.0490338877696752,2.0341182176214869,0.90655257477973705,-4.0750746560152864,-4.8439071391780271,0.78101403026517635,0.173320359131,0.0394465440517,5.0403374113750062e-07,0,2.5201687056875031e-07,11,1,1,1,0,0
372,4,-2.2361183409394383,-4.5698400882214383,1.1607556132219763,5.477584916502531,-1.4168154896997125,3.9003178396138392,0.428931532659,0.00359378454574,1.8791648122059422e-07,0,9.3958240610297109e-08,54,1,1,1,0,0
373,7,3.963343709222924,2.8562935175764514,-1.1757113235116425,0.35474228633074079,4.2477501089927561,-2.5486240485038807,0.0447919398078,0.00688814877635,1.6459376781224446e-08,0,8.2296883906122228e-09,8,1,1,1,0,0
374,6,-2.2623583888342309,-4.2431187671299488,0.81759778117852078,-4.4742901026730557,1.5263623363874499,1.2845898541469736,0.0104354287373,0.156623303224,7.4726359062361128e-06,0,3.7363179531180564e-06,12,1,1,1,0,0
375,6,4.0649046798276904,-4.2261910299091383,0.90793277443847531,2.0821289009683568,1.1132303948027422,1.0578975791896863,0.201094622755,0.0815758776599,2.0675533837789805e-06,0,1.0337766918894903e-06,6,1,1,1,0,0
376,7,3.9501487566957563,1.6956121351346731,1.2848720956976007,5.0611683790414963,-1.9820857878144016,4.0471072332583429,0.444969100334,0.036136348216,5.9577779039284709e-07,0,2.9788889519642354e-07,58,1,1,1,0,0
377,11,3.9738659926297775,1.7113951850655782,1.263491928848999,5.1048493570637667,-1.7201961169593813,-2.1311259540961665,0.0542185387455,0.0148363723306,6.999141007321185e-08,0,3.4995705036605925e-08,25,1,1,1,0,0
378,11,-5.9059544003313995,1.0230554000466734,-0.8483788200366339,-5.2393127878745007,4.9821585610766652,-4.9187228629786208,1.20546353793,0.23177951902,1.7817721822824957e-05,0,8.9088609114124785e-06,16,1,1,1,0,0
379,14,0.38196823592422563,-5.2707931026016936,-0.81521004942823649,-5.1390937731962518,-1.3754575948550991,1.5166616006165921,0.241064395281,0.0103856983126,9.0968909005182981e-08,0,4.548445450259149e-08,36,1,1,1,0,0
380,11,0.37465830625467333,0.99878213958303497,-0.81257680022864687,-5.1364945278035297,-1.356796039233193,-4.7576609250991364,0.159279535844,0.0513504235634,8.2860528782611453e-07,0,4.1430264391305726e-07,32,1,1,1,0,0
381,3,-2.3812355862121621,2.8971287582573493,-0.77080854788597031,2.5829371754378538,2.0263717956573184,1.1719927260327048,0.0678228102121,0.0342810735087,3.6258388865692427e-07,0,1.8129194432846213e-07,42,1,1,1,0,0
382,11,0.36927189438315866,-4.9114011921621037,-1.2639078098741834,-1.9515055597230915,-4.8720279044296273,-1.6335158736653739,1.18497926585,0.0495096253359,2.1508549940090366e-06,0,1.0754274970045183e-06,22,1,1,1,0,0
383,5,3.8986453642085572,2.2012519813038298,0.75610194957234711,1.9290920718597602,1.8648811253469868,-5.1634862895093399,0.0761410789951,0.0127787041138,5.5540050410302114e-08,0,2.7770025205151057e-08,14,1,1,1,0,0
384,2,3.8841847941600718,2.9373316049081337,-0.74948305435319262,2.6809206390291789,1.8959785758840189,-5.1437001184115561,0.132053589426,0.0219282741113,1.6391319476641694e-07,0,8.195659738320847e-08,17,1,1,1,0,0
385,6,-2.4054743468254931,3.0939235020100573,-0.8826352425902626,-2.9566220730828205,-4.4316499368525788,-5.7008062570342952,0.0133109047117,0.326692828789,3.2511447417575503e-05,0,1.6255723708787752e-05,28,1,1,1,0,0
386,12,3.884560147894399,-4.0550644329656871,0.74596242494264997,1.8529534783938162,1.6849188015659002,1.3417659615744504,2.08338378803,0.122870571469,8.9393512134998725e-06,0,4.4696756067499363e-06,28,1,1,1,0,0
387,9,-2.4505659099835402,-4.4785420240722473,1.3679154703381136,-1.5755073150357934,4.2218435096350033,-1.9181699532505172,0.119815269269,0.0344430254094,3.7573004522963941e-07,0,1.8786502261481971e-07,22,1,1,1,0,0
388,9,3.8350846177529747,-3.2868994453101261,-0.73632592630794425,-3.5168445317708548,1.9194613180139073,-5.2659520536747735,0.0737272434123,0.109221337092,3.6393084373209383e-06,0,1.8196542186604691e-06,56,1,1,1,0,0
389,8,3.8102822601851853,-3.3025864898884927,-0.72684350344642212,2.5727986345307361,-4.2370596012328701,-5.1271480395116047,0.198150405301,0.00719716275382,5.5042507060389965e-08,0,2.7521253530194983e-08,22,1,1,1,0,0
390,6,0.29578514793581806,-5.4311058357552575,-0.7515232446004404,-5.0968118835891616,-1.3360566195162797,-4.6885814258380334,0.180845860988,0.00992015474614,6.268246432755862e-08,0,3.134123216377931e-08,39,1,1,1,0,0
391,2,0.28645324291968532,0.029742943922252227,1.2885132923395175,3.1232455827177947,1.3382297964057066,-1.5176028038030089,0.0806716283111,0.0206177764294,1.3599855454870582e-07,0,6.7999277274352911e-08,19,1,1,1,0,0
392,4,-2.4898844665389515,-3.9496981510021429,0.7054685142386079,-4.3445981337871684,-4.4303801032772192,1.1619262908841814,0.253908324391,0.0397060815522,5.4472100982383349e-07,0,2.7236050491191674e-07,17,1,1,1,0,0
393,12,-5.9901979060894854,-6.1686906331673903,0.71066287209151602,0.44203540337148017,-1.5829557289410658,-4.6692284264609887,0.117652591316,0.0205345355239,1.4228929123570882e-07,0,7.1144645617854408e-08,9,1,1,1,0,0
394,3,-2.5143315076977748,-4.399769820322164,1.3604437293897942,-1.6111197324069366,4.4292023704358705,-1.7021248258465538,0.0177294577619,0.0194998625649,1.1614347481185017e-07,0,5.8071737405925086e-08,17,1,1,1,0,0
395,2,-2.534113230745251,-3.0952481056426877,-1.3362614908415555,-0.14619303834181818,4.3534295179625211,-1.8501269757002001,0.352421471888,0.023945381413,2.9886282327101257e-07,0,1.4943141163550629e-07,26,1,1,1,0,0
396,2,-6.0529178177232508,0.046711483781290093,0.75568329104681453,0.30879095543394103,-1.2738493319108142,-4.9485843547811612,0.239060359342,0.0125920208522,1.0544968556501121e-07,0,5.2724842782505607e-08,13,1,1,1,0,0
397,10,0.23327038250416182,1.2080809877484313,-1.2904698888687229,-1.775436484087964,-4.8832797392569232,-1.5026254862613249,0.0160884983312,0.00151414639434,9.5721764768222773e-10,0,4.7860882384111386e-10,19,1,1,1,0,0
398,9,0.20999983519413412,1.2128049496808075,-1.3191228614215793,-1.71664390600282,1.2698046198488864,-1.4624012295911171,0.168690280175,0.0470291478928,7.0219117159291626e-07,0,3.5109558579645813e-07,27,1,1,1,0,0
399,12,0.21451974474219743,1.1840729263682426,-1.2715376773123528,-1.8260217676841008,1.4095839340078142,-1.5905597557042213,0.0869777455405,0.00342798589913,1.1144714119826609e-08,0,5.5723570599133046e-09,15,1,1,1,0,0
400,14,2.1230587319154637,0.26534537283651427,-1.0245335133214295,-0.32714764551452596,1.3793797511569876,2.7630889776488559,0.0358781470484,0.111307757732,3.7753194597386467e-06,0,1.8876597298693233e-06,21,1,1,1,0,0
401,1,-0.72286088120973135,-3.4213458041374314,1.0208702098901712,3.6288143247952318,-1.7300546421227507,2.1816964321726786,4.46563737137,0.287840221379,4.5180077477576442e-05,0,2.2590038738788221e-05,19,1,1,1,0,0
402,3,5.5966639571581478,-2.4530118785806136,-1.0071474656033321,4.8103673951074652,4.8668720591472781,-4.247115307618941,0.0883776730321,0.00672440936042,2.1584706480634023e-08,0,1.0792353240317011e-08,44,1,1,1,0,0
403,8,2.1373200136575798,5.5284652945634862,0.99896880181194803,-1.1905452195132613,-5.1521588565873895,-2.9924376463037889,0.0482622113605,0.539294594263,8.8596851242227345e-05,0,4.4298425621113672e-05,58,1,1,1,0,0
404,14,5.6007982983448441,-3.3752967316694704,1.0044184062207948,3.4907775730232036,4.6107145337877844,-3.8294425188943992,0.320940794085,0.0694589811887,1.5726449865823833e-06,0,7.8632249329119167e-07,18,1,1,1,0,0
405,3,-4.0919963137328939,0.25634209777080419,-0.99334956728837842,-0.64356519074117524,1.5006903416506723,-3.9978255302507195,0.23984289068,0.00810574324897,7.7538912967342465e-08,0,3.8769456483671233e-08,15,1,1,1,0,0
406,0,-0.64768861534857425,-2.3682278619389825,-0.97163421704655062,4.1869177043071177,4.7085170274764003,-3.2774735877244945,0.055843890295,0.850331391084,0.00022026084853367253,0,0.00011013042426683627,10,1,1,1,0,0
407,10,-0.68972004475485316,-2.4151217341862625,-0.90640847077989584,-1.8087232506652671,3.9312815184358594,2.5251299894885153,0.0859746232659,0.412847318727,5.1927270668466569e-05,0,2.5963635334233284e-05,23,1,1,1,0,0
408,13,5.6744549084639608,2.9175043596963532,0.98186324804930647,-2.5046462563208345,-1.4471292846126418,2.0635623613320897,0.120089678104,0.00047917602639,1.4491473890715529e-08,0,7.2457369453577645e-09,6,1,1,1,0,0
409,0,-0.59256296448405621,3.8273864831653244,-0.94069829087177548,-1.2885511012902355,4.8520522049357631,1.7464814691415325,0.169338689263,0.108386210969,3.6071902756797523e-06,0,1.8035951378398762e-06,15,1,1,1,0,0
410,7,2.2653684486224006,5.5400041059841074,0.97423949031276391,4.6952665821496922,-4.7391045625645303,2.4421073590654654,0.421281267991,0.00681589853534,1.9162935765031696e-07,0,9.5814678825158478e-08,19,1,1,1,0,0
411,1,-0.57440735283518229,3.8574866063688371,-0.94195426352129019,-1.3937356444984739,-1.5847637503440348,-4.4309466646412696,0.0635261404694,0.0157915211912,7.9998668843569245e-08,0,3.9999334421784622e-08,32,1,1,1,0,0
412,12,5.7191812787548821,-2.3921057793369429,-0.95520620038910165,-1.5356127743600685,-1.6481762223438494,2.0982698387069769,0.845102628868,0.0183629242304,8.1691452924223887e-07,0,4.0845726462111943e-07,18,1,1,1,0,0
413,5,-3.9855776195247072,-0.74559829023505442,0.945660871087175,-1.6933786531522783,1.3834970224987486,2.2941730797933846,0.292081638816,0.0493737321758,8.2789749875055745e-07,0,4.1394874937527873e-07,23,1,1,1,0,0
414,2,2.3198358942129231,-0.75876739780965374,0.94243313791593286,-1.6406432614265518,1.4718061941213152,2.3902123333784493,0.2592641583,0.00339443457654,7.0727762377286547e-08,0,3.5363881188643273e-08,11,1,1,1,0,0
415,9,5.7790250280535709,-3.2803825521594834,0.93291277539362139,-2.4430674158023784,4.7951981480034016,2.0744674286480813,0.864008790205,0.00190368775222,7.4761513132330939e-07,0,3.738075656616547e-07,26,1,1,1,0,0
416,2,-3.9282207555925384,5.5116508703114766,0.9290171002305585,4.6479999894283983,-4.7459867977760766,2.4070005238241641,1.38205314713,0.015881974924,1.9869067244390297e-06,0,9.9345336221951485e-07,25,1,1,1,0,0
417,6,2.3701261121108996,0.11324726744107914,-0.89183398980852957,-0.84034889920192168,1.540406923012086,-4.1535778590901895,0.0949621590646,0.00850556054591,3.1055224917985014e-08,0,1.5527612458992507e-08,30,1,1,1,0,0
418,8,2.3818501438354178,-6.1867085172929741,-0.90371106908459342,5.5552481186400247,-4.7763705504434917,-3.9206907402189874,0.0663037973179,0.000735500259779,4.5609795707436834e-09,0,2.2804897853718417e-09,19,1,1,1,0,0
419,0,2.405182381999833,0.083895097648690811,-0.87302812150618581,-0.84416011072503205,1.6185265883734616,2.1693293519166481,0.198092520063,0.0153073951847,1.1061748764584246e-07,0,5.5308743822921231e-08,51,1,1,1,0,0
420,3,2.392544092148793,5.5076850284967014,0.87884225083291978,-1.7423917270862379,-4.988837098309693,-4.0857672772643863,0.136782201598,0.0316953279901,3.2472614696018937e-07,0,1.6236307348009468e-07,49,1,1,1,0,0
421,11,2.4328562921483767,5.5009114202004898,0.86792219863468745,-1.6808128901907935,-4.658536425548907,2.3301053731197658,0.169598886112,0.001289723302,2.9270478581588264e-08,0,1.4635239290794132e-08,10,1,1,1,0,0
422,8,2.4521321432128831,5.491134039386881,0.86033578184551607,-1.6440518552773278,-4.5811134440045178,2.4038022410247613,0.22225110099,0.0218367869561,1.9465092602050244e-07,0,9.7325463010251221e-08,40,1,1,1,0,0
423,10,2.4587543987260303,0.029437589803427415,-0.79890236049749364,-1.0619306411890383,-4.6509818819067545,1.8603032411651295,2.03362756616,0.0243692001094,4.316540543326003e-06,0,2.1582702716630015e-06,20,1,1,1,0,0
424,9,-0.38435660275964595,-2.3952277734433092,-0.78792053703562581,-1.2720219523553093,4.6926467870412889,1.6291588483666235,0.0715471687349,0.00529233269927,1.3650961293808337e-08,0,6.8254806469041683e-09,10,1,1,1,0,0
425,6,2.497674171213438,-0.79038407720639392,0.81389190069083728,4.5987331572740144,-4.4560548278949028,-3.9530369769048268,0.074246954419,0.0152003157663,7.5894343051152192e-08,0,3.7947171525576096e-08,24,1,1,1,0,0
426,13,-3.7664770558415923,5.4953158897791585,0.79218132083890114,4.5889189441433746,-4.348622542089819,-3.9734050569838466,0.0413824606064,0.0898863605413,2.4628865615612779e-06,0,1.231443280780639e-06,14,1,1,1,0,0
427,11,-0.34582196565108353,3.9206936915875317,-0.78691406625015325,-1.3485389051510552,-1.5285736659729259,1.8756202931401247,0.0617551381214,0.00189900009974,4.9122088436296827e-09,0,2.4561044218148414e-09,12,1,1,1,0,0
428,0,-0.3348817989781237,3.9341431149893245,-0.79418179709207182,-1.365461562207654,-1.5132677853377627,-4.3351434188455178,2.21746798357,0.0147989770748,4.9838784347216434e-06,0,2.4919392173608217e-06,31,1,1,1,0,0
429,8,-0.32702720043627542,-3.0893544197098946,0.71096747978772701,-1.9354604755230154,4.7582445925228027,1.5523260160431001,1.13482976239,0.0350972976868,1.6630725125240038e-06,0,8.3153625626200192e-07,21,1,1,1,0,0
430,15,-0.33695693176967412,3.9553113329974843,-0.78863327225532065,-1.4679883272860772,4.5446395277750948,-4.2317857527819029,2.48898863345,0.0291161399167,6.4533037143267203e-06,0,3.2266518571633602e-06,25,1,1,1,0,0
431,11,-3.7685654005898348,-0.060980569101269783,-0.77962574851166588,-0.90264637603505515,-4.8730179543051424,2.3941646340873173,0.0695796916417,0.000342630974296,4.8770943508619453e-09,0,2.4385471754309726e-09,12,1,1,1,0,0
432,5,-3.7517589446802178,-0.84698490091692535,0.79880907108498889,4.7452543847433528,-4.7411924525172449,2.9227990315536161,0.0350291796139,0.305783652482,2.8484065248200445e-05,0,1.4242032624100223e-05,13,1,1,1,0,0
433,6,5.9805306855748031,-2.3101684456606733,-0.77785217344701318,-1.523595625614879,4.7323542799662244,-3.8988210681295081,0.184521520317,0.0159841924366,1.1187623874939922e-07,0,5.5938119374699612e-08,15,1,1,1,0,0
434,14,-3.7449198507173507,-0.81572305744115137,0.76283024281800726,-1.7208192048674247,1.5193191557317347,2.384069365035653,3.43418705493,0.249780957099,3.0798881938666471e-05,0,1.5399440969333236e-05,18,1,1,1,0,0
435,2,-3.7826214530530327,-0.10198307665712426,-0.7484884189872264,-0.96892206526826441,1.0110026060070989,-3.9425613862673132,0.146632909321,0.17475528899,9.3243377998657848e-06,0,4.6621688999328924e-06,21,1,1,1,0,0
436,12,2.5199742364437641,5.4702155964559083,0.73833239810390872,-1.7505136746745573,-5.0468813576242137,-3.9798042997805871,0.78125140534,0.0413619612905,1.1314968473335908e-06,0,5.6574842366679539e-07,16,1,1,1,0,0
437,12,6.0010248187873074,-2.2999043299903481,-0.7615463094737086,4.7277948475613423,4.8405648590478352,-3.7278803332513224,0.21908960592,0.06811121592,1.4611624220198518e-06,0,7.3058121100992592e-07,8,1,1,1,0,0
438,11,2.5151195308232417,-0.11383508099131728,-0.73428202216657712,-0.9504023622354012,-5.126799201914225,2.8987070381136339,0.0467668935605,0.366880863659,4.1004169522038235e-05,0,2.0502084761019117e-05,22,1,1,1,0,0
439,1,5.9706666947786191,-3.0140783739464112,0.67654372061846035,-2.0856673196198061,-1.798951423411449,-4.5382506722142759,0.206462878267,0.00506432914526,5.0439573959103109e-08,0,2.5219786979551554e-08,31,1,1,1,0,0
440,14,-3.7395961391170749,5.4937486799035593,0.70072126098314291,4.5013514879367715,1.5283271932832854,-4.0354930805442617,3.67175554022,0.114840715057,1.7499202029766068e-05,0,8.7496010148830341e-06,29,1,1,1,0,0
441,5,-3.7459906744165181,-0.78805201218096677,0.69003189558154787,-1.7601238056420425,1.4818564964150067,2.3056182701769177,0.441650879635,0.00234536278482,1.9673111662427351e-07,0,9.8365558312136757e-08,18,1,1,1,0,0
442,6,5.9794056114849061,-3.0190098965429701,0.69903103469714145,4.1226203723205908,4.6836916868431233,-4.0751745287383141,0.770801876605,0.143398561001,6.8580284053329854e-06,0,3.4290142026664927e-06,52,1,1,1,0,0
443,10,5.9413442178831337,3.9374853126367637,-0.67517155056225742,-1.5071751544979972,-2.0101952144863775,1.9524925324710629,0.574750583089,0.0244196604041,5.1198763594622386e-07,0,2.5599381797311193e-07,30,1,1,1,0,0
444,5,-3.7364499526254376,-0.73298710026750313,0.61113243517638416,-1.8506196325914919,1.7467737606045655,-4.2549245430193707,0.146791353345,0.000660673325636,2.1680663644024404e-08,0,1.0840331822012202e-08,17,1,1,1,0,0
445,6,2.5257489771669461,-0.77514539315308506,0.67528148083547634,-1.7430051759897085,-4.7151262634953817,2.3951084172975117,0.310426311154,0.015354221867,1.6817869994489141e-07,0,8.4089349972445706e-08,54,1,1,1,0,0
446,10,-3.8137679538063258,-0.78213479363707361,0.67540089639057221,-1.8149104652902128,-5.3419090617193259,2.8350647976376377,0.0281853782289,0.317666693144,3.0740386451792198e-05,0,1.5370193225896099e-05,30,1,1,1,0,0
447,3,2.5116872780986306,5.5281412530180329,0.65784329919885431,-1.7811359660154202,-4.7106539704972112,2.2703612385738356,0.581659417034,0.000257038887777,3.3834780318969322e-07,0,1.6917390159484661e-07,19,1,1,1,0,0
448,10,5.9218651889125429,-2.3900219049233455,-0.64742320749584625,4.8631864177809003,-1.7885573472838427,-4.2870204263556166,2.04395253384,0.0302405442213,4.456311701619796e-06,0,2.228155850809898e-06,24,1,1,1,0,0
449,10,5.9284247972216111,-3.0311231840444055,0.65597471974312405,4.2529448346948326,-1.5963924261671139,-4.2874389714509764,1.16939102221,0.0187882989718,1.4750053663032757e-06,0,7.3750268315163787e-07,58,1,1,1,0,0
450,10,4.3381740709280612,1.4255728805845316,-0.73069349698864805,2.6018428963191838,1.4372424996774988,-4.5338536588762723,0.0835189327119,0.010414971388,4.0017759870975949e-08,0,2.0008879935487974e-08,23,1,1,1,0,0
451,3,-4.4940357828403892,1.5168868603343204,1.4359470114123021,3.4662579685120107,2.2760562572925931,4.653230164491112,0.0584437343966,0.00586124651451,1.3880561113640656e-08,0,6.940280556820328e-09,45,1,1,1,0,0
452,5,1.7346258207470242,-3.5562017141703111,-1.4875046788467112,0.036736476766643267,-3.3730906630276198,6.190968940300472,0.210935035495,0.0162919080225,1.2534705380112829e-07,0,6.2673526900564143e-08,15,1,1,1,0,0
453,10,-4.3730990921039572,1.5482891284804325,1.3958803110870284,3.3387944611771978,-4.5850630189921864,4.4575214158990439,1.7775569278,0.0022410647355,3.1612385333062327e-06,0,1.5806192666531164e-06,38,1,1,1,0,0
454,13,-4.4075075193410909,-3.8353339243688742,-0.7515963094186906,1.3944231025378022,4.3706183286031353,-4.8688511265420278,0.072670472988,0.0120415557152,4.9450238404132078e-08,0,2.4725119202066039e-08,11,1,1,1,0,0
455,5,1.756696106809009,-3.4624122055567086,-1.5549617157832685,-0.52481175263570656,-3.3622819951548122,-0.46530846682404242,0.0451555114463,0.0192454401936,1.1486534280331075e-07,0,5.7432671401655374e-08,15,1,1,1,0,0
456,15,4.37537463879546,-5.5704902933587475,0.78903125053014589,1.8930033258153121,-4.8173220314939043,-4.4421345068543507,0.356399620535,0.0163756901057,2.0870787963652914e-07,0,1.0435393981826457e-07,27,1,1,1,0,0
457,6,-4.4449489208450297,-3.8086682895438666,-0.80579865761734082,1.5052530671299706,4.0300077624353374,-4.7501296799060162,0.0796214909392,0.0896788884305,2.456165179999071e-06,0,1.2280825899995355e-06,40,1,1,1,0,0
458,14,1.7740560034567683,1.2793451090266992,1.530000089098648,-1.6379996622544972,2.9599054208638509,-6.1791601381690002,0.367280286853,0.0209744679945,2.6890463507816035e-07,0,1.3445231753908017e-07,38,1,1,1,0,0
459,1,-4.4950760144190935,-3.6344115296504871,-1.0082507887964698,2.5628835237105805,-2.7929376499966105,2.3345814498124691,0.142515279028,0.00162505581273,2.1115040386481484e-08,0,1.0557520193240742e-08,41,1,1,1,0,0
460,6,1.8321136747050266,2.8015252788545313,-1.2309876749071866,-2.2318245267234715,2.4112215899170222,-1.3471814027713089,0.0240965000468,0.155901539245,7.4043953496787222e-06,0,3.7021976748393611e-06,11,1,1,1,0,0
461,0,1.8223897083159484,2.500685025805045,-0.87569659297570057,1.6231626998560535,3.7595740344403916,1.7026552952834226,0.288222643722,0.000998932813837,8.3376259953953458e-08,0,4.1688129976976729e-08,11,1,1,1,0,0
462,0,-4.4115314498234639,2.4916667527340635,-0.86005685410557475,1.498718831891537,-2.2050945551849819,-4.7904797414604063,1.51523537427,0.0157813374587,2.3718033942696556e-06,0,1.1859016971348278e-06,13,1,1,1,0,0
463,5,4.322781391524515,0.63258731832377491,0.91652981326237226,-4.7620360954972805,1.1416288912074071,1.7234681513340462,0.0767527876775,0.022010873474,1.5347159659116357e-07,0,7.6735798295581783e-08,14,1,1,1,0,0
464,6,-1.943606247755616,1.5883423745563279,-1.3347983599170643,0.19127200174464978,5.0590321139301846,-0.9318252810292712,0.086900004549,0.143753718326,6.3025106578091962e-06,0,3.1512553289045981e-06,6,1,1,1,0,0
465,14,-2.039967715143467,1.5724100395181817,-1.0306280761640896,2.2360281182089867,-5.5732834827777271,-4.0557707121721691,0.702606873122,0.0270982069742,7.1734089507348954e-07,0,3.5867044753674477e-07,11,1,1,1,0,0
466,7,1.8873042959906743,1.6064368793633188,0.90079428259254057,0.35820070884715571,-2.1744314827052968,1.5409847304006368,0.0472199237481,0.00455000254238,8.5360703794379514e-09,0,4.2680351897189757e-09,12,1,1,1,0,0
467,0,1.8859736304482442,2.4690297257535923,-0.93669336824409311,1.158268187780737,-2.1885431299720914,1.596328618731492,0.701394340374,0.00108963290263,4.9231569292990008e-07,0,2.4615784646495004e-07,8,1,1,1,0,0
468,6,-4.4471145815952413,-5.0088057868058886,1.3684908844543857,-0.28965085336694935,2.5318590923782209,1.150581658999323,0.0518783199929,0.0551265656162,9.2840488462014205e-07,0,4.6420244231007103e-07,28,1,1,1,0,0
469,2,-2.048757183858418,0.25071428578675603,1.7032744458383524,-2.481922183480942,-0.71442693765952436,-1.5214956438728178,0.0458743636522,0.0944543670339,2.7197875918966142e-06,0,1.3598937959483071e-06,47,1,1,1,0,0
470,0,1.7978558857780496,-3.5055870920797592,-1.6086273213657136,6.1437779031213768,3.0539950501516908,0.2406273816143423,0.0533913654627,0.0359813068971,3.972249347688993e-07,0,1.9861246738444965e-07,25,1,1,1,0,0
471,2,-4.4749233643488502,2.9142434572978999,-1.5236621544192979,-1.5768740500429195,2.7864774893371158,5.0240879964207918,0.578626331041,0.0150063829368,4.0340569344918409e-07,0,2.0170284672459205e-07,10,1,1,1,0,0
472,14,-1.8690938739216749,0.6436913103129831,0.94563200845863726,1.7903665048485711,-4.6355017845592625,-4.6701350055920416,2.33728918379,0.00743934655705,5.4797794377327346e-06,0,2.7398897188663673e-06,16,1,1,1,0,0
473,15,1.9182821215368338,-4.665979663958848,0.94717994957816465,0.54932830313395253,4.3041663719223999,1.295511589842063,0.111800645458,0.00622468849733,2.4302318387231111e-08,0,1.2151159193615556e-08,16,1,1,1,0,0
474,11,4.2083894911111228,0.55912276895326662,1.0978152768346476,-5.1243976865347696,0.68925613964444188,2.2570284293225127,0.0468588165682,0.0105857439048,3.6330559602019275e-08,0,1.8165279801009638e-08,10,1,1,1,0,0
475,13,4.427263600595281,1.5258559477704823,-1.1771966524123678,0.59165902258145275,-1.7746213311667378,-0.96954265060530676,0.360139880006,0.0214255947147,2.6953722059487356e-07,0,1.3476861029743678e-07,7,1,1,1,0,0
476,8,4.1987906743556751,-5.7461612565916163,1.1231545536117433,-5.2092767768226409,0.68947800707643969,1.943995993996773,1.12765029329,0.0408355683114,1.7795580247450884e-06,0,8.8977901237254418e-07,15,1,1,1,0,0
477,5,1.8197535687723725,2.5156953312403023,-1.0381468733552601,-5.0036913380330716,-2.4620429907365855,1.5702065975087676,0.051417947963,0.0209798246436,1.3672208936142481e-07,0,6.8361044680712403e-08,18,1,1,1,0,0
478,1,4.2503876641574605,-4.5301180799444429,-1.6253418621279843,6.0558692762789876,-1.0510825790007658,-1.5246517999853935,0.13986725894,0.00850678278271,4.1606597331216131e-08,0,2.0803298665608065e-08,23,1,1,1,0,0
479,3,1.7750518239383239,2.93770633607686,-1.6168677524481325,-1.2391772064548163,2.7718556914897121,-1.3740825334797637,0.466239545663,0.00448694635723,2.2351208129411882e-07,0,1.1175604064705941e-07,21,1,1,1,0,0
480,4,-1.9111308743061037,1.5965836430319151,-0.99345592888207712,2.9143736627768386,1.6622204882722651,1.671524623162626,0.404531606704,0.0320409940734,4.7637377116571315e-07,0,2.3818688558285657e-07,11,1,1,1,0,0
481,9,1.7518652319806107,2.5434016490399496,-1.1569975438427333,-4.9905817962498977,-2.925638588085635,1.7729069996711866,0.611996191314,0.0752548317201,2.0996760332530267e-06,0,1.0498380166265134e-06,12,1,1,1,0,0
482,12,-2.0282985641685207,1.7009034848003475,-1.5672670308499146,-0.07237103383253593,5.0793540318629242,-1.5322813901219565,0.0367905467222,0.00419726593694,6.7200020070228459e-09,0,3.3600010035114229e-09,15,1,1,1,0,0
483,15,-4.5395639777637102,2.9395341944228295,-1.5693767041091817,4.7352912242190452,2.8024010262769448,-1.4441947712598111,0.373990573232,0.0403362559773,6.3548561728726404e-07,0,3.1774280864363202e-07,26,1,1,1,0,0
484,13,1.7405464303073879,-4.7234313329213418,1.3380068877674942,-3.8143079010208334,-3.5474636240459687,-1.5592825080646189,0.0901596462796,0.0243632328537,1.8893964488439041e-07,0,9.4469822442195206e-08,28,1,1,1,0,0
485,11,1.7226305237923005,1.5218239615947939,1.4260996538873163,-4.1012408603997441,-2.8687651119787327,-2.9997651413587638,0.0546801992963,0.0277944458851,2.3831639176348735e-07,0,1.1915819588174368e-07,51,1,1,1,0,0
486,14,1.7335517984240687,-4.74430670264345,1.4022055783053466,2.6935960106699137,2.6261159262886022,4.6849873921061471,0.201654278879,0.0552660396074,9.7106813583874074e-07,0,4.8553406791937037e-07,8,1,1,1,0,0
487,14,-2.0458434729242412,0.33506796924524229,1.291201103719952,-0.82996325558264439,4.983489998424556,5.3759720152160879,0.400777000797,0.0178852961924,2.5806438821369938e-07,0,1.2903219410684969e-07,9,1,1,1,0,0
488,1,-1.8645765708371422,0.57689057572676183,1.0081856523333992,-4.7212008448472247,2.2031264901930716,1.0566559972060874,0.05960163047,0.0271735243121,2.2848198614324576e-07,0,1.1424099307162288e-07,52,1,1,1,0,0
489,12,-2.0480717244088709,0.63054060990831473,1.0247603074221343,-4.4076711221800187,1.3617311366637541,1.7811720157614839,0.0463060732354,0.00186820953308,3.2074302265484412e-09,0,1.6037151132742206e-09,19,1,1,1,0,0
490,6,4.1225232805103911,1.7405920200869434,-1.6072499541801077,-0.062278155878833341,-0.85154517171360089,-1.1617451651087489,0.0982139493912,0.112010129756,3.8314581217753245e-06,0,1.9157290608876623e-06,23,1,1,1,0,0
491,10,-4.5995834077090292,2.5957784025562183,-1.3536106211977312,1.2825130211206621,2.6532991163063508,-5.4403959652347789,0.0384276123082,0.358254058336,3.9097894998586658e-05,0,1.9548947499293329e-05,25,1,1,1,0,0
492,12,-2.1295870041191987,1.6449472933343898,-1.4655719210884888,0.19470639779884127,5.1933955325117029,-1.164857601177296,0.01502539922,0.0329536659881,3.3102325302262642e-07,0,1.6551162651131321e-07,10,1,1,1,0,0
493,8,4.2096136646399493,-5.6610617591240384,1.0061774252671556,1.822153822002945,1.385834347633,1.6455787557950337,0.456762666607,0.00314581196882,2.1164666808927881e-07,0,1.0582333404463941e-07,5,1,1,1,0,0
494,0,-2.146451969139799,-4.6443227376884773,-1.0489821827051449,-3.3442403661650033,1.0781323254304902,1.9833881730027925,0.0501794859193,0.00414335186732,7.7474591454755964e-09,0,3.8737295727377982e-09,8,1,1,1,0,0
495,13,-4.6620617224157783,1.6036957052090828,1.2240666381097647,-4.3303736908336408,-3.1901485345652905,-2.3368086758050657,0.088184193738,0.00770006842278,2.5837539824493961e-08,0,1.2918769912246981e-08,49,1,1,1,0,0
496,12,4.0464227480328239,1.6430115763033009,-1.0968176553513456,2.5884152561741396,-5.6461618996059046,2.3434282912641473,0.19188798329,0.0118492512685,7.9590732514840941e-08,0,3.979536625742047e-08,6,1,1,1,0,0
497,5,-2.1402592834654239,-4.7259694263346566,-1.0052977655796194,2.6260229917397861,-5.0748176869805839,-4.8879562515181814,0.23296383599,0.00982747045407,8.3691848132961551e-08,0,4.1845924066480776e-08,8,1,1,1,0,0
498,10,-4.684422358579015,1.4732519031289608,1.5279522621256869,-3.2859462918781035,2.9084699787931876,4.699633881742761,0.11260257964,0.0240935939603,1.895101399688648e-07,0,9.4755069984432401e-08,10,1,1,1,0,0
499,14,1.5893597019655856,-4.8277565351631431,1.5514763740184396,3.0980384819453759,-3.3620008340901308,4.733123724987041,0.3060909521,0.0560919990014,1.0521132214587791e-06,0,5.2605661072938957e-07,24,1,1,1,0,0
500,10,-0.88725283811774647,-0.50727154720441903,-1.5597804500336878,5.9526708771574226,5.5033634114853003,-5.2267542387137116,0.915984217012,0.0109267788438,8.7539672909288374e-07,0,4.3769836454644187e-07,14,1,1,1,0,0
501,7,-3.2406366058992742,-2.6341530806631939,1.4935071032782343,3.5119092386390687,-4.1283876443429275,0.18482812713382885,0.0901984970343,0.101549397213,3.1494359172539409e-06,0,1.5747179586269705e-06,7,1,1,1,0,0
502,8,-0.92016164018800362,-1.6139844990736758,0.92798873732996745,-4.7919350927632793,-5.6019219206833952,3.8499006097818285,0.0721639927492,0.0985689466991,2.9648209170372762e-06,0,1.4824104585186381e-06,10,1,1,1,0,0
503,6,2.9713236523894127,-2.6969950476653599,1.5346922624879744,3.676703089099858,2.6600648747993429,-5.3810167895963534,0.0879271030339,0.0222202868699,1.5813333017150674e-07,0,7.9066665085753369e-08,10,1,1,1,0,0
504,1,5.2855974708655209,4.4663238867114936,1.5257338824140534,-3.1526344664950039,-6.0667554071074052,2.3306758547937227,0.312221387157,0.0393990426242,5.7033511194904913e-07,0,2.8516755597452456e-07,12,1,1,1,0,0
505,0,-0.992116425325686,-0.77463780797287607,-0.97666439400222915,1.3452655298865497,-0.46475709812919869,-1.1768151002795384,0.0841515038795,0.0104358974985,4.0256736338950123e-08,0,2.0128368169475062e-08,17,1,1,1,0,0
506,1,3.4184586132989185,-2.6095105695355341,1.1758422166485047,-6.1319522333528864,-5.9377338830757189,-1.5968924278863745,0.255893108672,0.114670554641,4.0709981182649221e-06,0,2.035499059132461e-06,11,1,1,1,0,0
507,8,5.3132199818764336,-2.0517294996200648,1.5401989311852686,4.2414474799753332,-0.83791634210244659,0.76435312877000927,0.0652079665256,0.184788299704,1.0405936511878466e-05,0,5.202968255939233e-06,12,1,1,1,0,0
508,5,5.2070741018970326,-0.69318916713675272,-1.3957990179508937,0.29757225555282424,-0.29511298193397062,-5.938059870462955,0.431677917952,0.0188489451327,2.9457113415092736e-07,0,1.4728556707546368e-07,17,1,1,1,0,0
509,10,3.2504779163921764,-1.3329241401749692,-0.99738328171552415,2.329737206577887,4.9688407490112203,2.1776897333064973,0.230533555312,0.0105385261032,8.6976692953050297e-08,0,4.3488346476525149e-08,44,1,1,1,0,0
510,4,2.9330219193821119,-1.4886125627869438,-0.86196046346343858,2.3228650851732029,3.3732764609472343,-1.4920191745356302,0.158109128318,0.0339316212813,3.7572126229212706e-07,0,1.8786063114606353e-07,26,1,1,1,0,0
511,6,5.1015586817291103,4.4019988177107878,1.465777779881396,-3.2090894673274422,-6.0678669937594858,2.4576167716763271,0.567398650296,0.00336387767693,3.2538817947769661e-07,0,1.626940897388483e-07,11,1,1,1,0,0
512,3,2.9170900223339076,-1.3805177021733734,-1.3732615935392902,-5.9521486988657886,-3.3023682038399591,-3.8475310704421961,0.0267552358441,0.0626825594619,1.1975891399943208e-06,0,5.9879456999716041e-07,26,1,1,1,0,0
513,4,-3.1324324894051303,-1.0642410259270265,-1.527713603115983,5.459992770531696,1.7050778875846315,1.986341841865997,0.15708387715,0.0433238146932,5.9642789988229228e-07,0,2.9821394994114614e-07,22,1,1,1,0,0
514,4,3.0124173651064421,-2.5437553896618206,1.5105024169332402,3.8964368685245798,2.2107969791106372,-5.1266390604345569,0.419126313146,0.0365488343675,5.8258008366115856e-07,0,2.9129004183057928e-07,20,1,1,1,0,0
515,13,-3.3866335519535919,-1.2920617520234841,-1.0278951193902364,-2.8623674699037944,-3.4037555855933728,-0.96147715567771264,0.104173689109,0.267971656636,2.1885066200068906e-05,0,1.0942533100034453e-05,14,1,1,1,0,0
516,15,-3.2955405798477888,3.8023882152368329,1.4655179452359322,2.6467164639937515,-2.2602114420570674,-5.5006537927808044,0.0627355904601,0.176622786479,9.5066615862368967e-06,0,4.7533307931184483e-06,14,1,1,1,0,0
517,7,2.8581234469643713,5.1228047801654952,-1.2233618548408607,3.6837084471861243,-2.8957829672553617,-0.087944753187781277,4.32117021724,0.256952841868,3.8784804976383497e-05,0,1.9392402488191749e-05,6,1,1,1,0,0
518,5,3.2717102113150052,-1.3377142792361598,-0.78392072460353324,-4.3624751344642325,4.8869891782251225,-1.9861531250816444,0.062251293013,0.0855755664737,2.2346426817193087e-06,0,1.1173213408596544e-06,8,1,1,1,0,0
519,9,-3.3908166081727802,-2.1375448050132015,0.73916479870960394,1.2213204484970448,3.7423667895268142,4.2785233713505395,0.0741406756074,0.000186067664803,5.5073859927837399e-09,0,2.75369299639187e-09,13,1,1,1,0,0
520,8,4.5972737550139806,5.6368317188880619,-1.5383103841902768,5.5381440923100449,0.71874030107313902,-4.3561414632389654,0.081102350436,0.0163142859582,8.7653322785083394e-08,0,4.3826661392541697e-08,12,1,1,1,0,0
521,12,-3.4752234194260727,-1.1817235861320936,-1.43908466801388,5.7430555342213703,-2.8650835318579744,1.1862421235916094,0.104606641951,0.121805093632,4.5303930601348134e-06,0,2.2651965300674067e-06,11,1,1,1,0,0
522,0,2.7716488098228567,4.8990000470442343,-1.1126893857777371,-5.5492557591911256,3.0942578109353738,2.6774397197878033,0.106506744294,0.0226106131138,1.6707624308058969e-07,0,8.3538121540294847e-08,15,1,1,1,0,0
523,13,-1.7353401847005026,4.246320825563398,1.4594585917899103,-2.5531423239033555,-5.0897256751148268,-5.0410098252706179,0.197331094975,0.222720805042,1.5149351723555927e-05,0,7.5746758617779634e-06,37,1,1,1,0,0
524,1,4.4524030773923453,5.6270602041759599,-1.4518612944426132,-1.0447969852653884,1.2215614476531858,-5.112392535501467,0.3498001934,0.023559986596,2.914450707317788e-07,0,1.457225353658894e-07,6,1,1,1,0,0
525,10,-3.5817407080348054,4.9155450770987716,-1.0753620235514412,-5.3911260252904238,-3.339465985390766,3.0321527230138874,0.107702354435,0.0686707959816,1.4480775292989824e-06,0,7.2403876464949119e-07,36,1,1,1,0,0
526,11,-3.5688170009309665,-2.0601759617750566,0.80492572558519404,-4.7156965158728568,3.6097894114801736,-1.331362451386485,0.621910880873,0.0975258102887,3.2840758349163247e-06,0,1.6420379174581624e-06,8,1,1,1,0,0
527,3,-2.5302917828817346,-1.1670800832348516,-0.71002589495452673,-4.4542563365809489,5.0503059387083846,4.0414636681671912,0.80611308324,0.0164882928972,7.3263275307124299e-07,0,3.6631637653562149e-07,32,1,1,1,0,0
528,0,-2.0483382634729725,-0.68502711259581983,-1.4760219039806382,-0.81477893505794186,-4.7497132121375536,-4.9926485801618563,0.0284522609811,0.00415067972577,6.0575233753431652e-09,0,3.0287616876715826e-09,39,1,1,1,0,0
529,11,-3.7225829750671271,3.8160688553993287,1.3937806939359934,-1.6336790251003055,-3.2494711617391312,-4.7771072484973001,0.0921344240102,0.0395111358595,4.8403610105101852e-07,0,2.4201805052550926e-07,13,1,1,1,0,0
530,13,-3.6421164468358955,4.2514639687745728,0.86529067619624189,-4.647333474389673,3.7881087623698315,-0.81996543158329238,0.0841138880181,0.033338053362,3.4563480623776942e-07,0,1.7281740311888471e-07,31,1,1,1,0,0
531,7,2.5301468049938975,-1.004625452817258,-1.44232500602984,-0.71050428594097048,-3.5422657028488036,0.85283758300522083,0.069966510908,0.0835721689011,2.1324370163515806e-06,0,1.0662185081757903e-06,15,1,1,1,0,0
532,0,-3.7416121738735821,4.2307923796604792,0.94710163752054832,-4.4553642732968708,-2.5804815905794332,-0.54922629287688318,0.0584345603327,0.00154310732277,4.1399468127663356e-09,0,2.0699734063831678e-09,15,1,1,1,0,0
533,2,3.6075323967705679,-0.76118845636830523,-1.498866387844489,5.6391655594259191,-4.6699771856557737,1.5804856014533584,3.26867238818,0.0153419427886,1.0755918569950878e-05,0,5.377959284975439e-06,46,1,1,1,0,0
534,14,-2.5593315339972826,4.4759505447980148,0.81196561439563086,-4.9060487587503996,4.5756695281993904,-1.4375832764235426,0.0490079154168,0.0184567498633,1.0617019193834603e-07,0,5.3085095969173016e-08,9,1,1,1,0,0
535,7,3.2570231573355173,-0.80527116610611804,-1.4653135854572532,-0.78359736527411727,1.7090446879717469,1.1061654738340927,0.718533878496,0.0442409053236,1.112505726149508e-06,0,5.5625286307475402e-07,23,1,1,1,0,0
536,0,2.3360727692516754,-1.1017236048103876,-1.3861273638155951,-0.009346769397500997,2.8328790918626923,1.881566929947263,0.0983273217307,0.0412570225747,5.2817033945940532e-07,0,2.6408516972970266e-07,16,1,1,1,0,0
537,7,-3.8953657454638244,-2.428070520947073,1.4280843871089335,4.7998645070036483,-3.7041973037061848,-3.8389866334828979,0.172652584224,0.0421969109738,5.7220438562992001e-07,0,2.8610219281496e-07,40,1,1,1,0,0
538,7,-3.9362354862181337,-2.1092680637290444,1.1254813865445397,2.1943378245520702,-2.6332128604523346,-0.13755304260820084,1.05196828895,0.0305213344939,1.3904042047321645e-06,0,6.9520210236608227e-07,31,1,1,1,0,0
539,14,-2.8502041544601062,5.230195011124473,-0.79725192932673539,-4.0804059455062562,4.492424978658625,4.7943789463946054,0.0967694430201,0.00178641355443,1.0336442567528235e-08,0,5.1682212837641177e-09,41,1,1,1,0,0
540,4,-3.9973195078428647,-0.95560700609485538,-1.4049341531511401,4.6136496287126274,3.5533781357202034,0.35192366788823154,0.253518100151,0.10012976451,3.1183564603948327e-06,0,1.5591782301974163e-06,28,1,1,1,0,0
541,3,3.1288057830611766,-2.2266943981941258,1.4800745990740665,-2.2024510101478234,1.8210232566251505,-4.8912938754794686,0.133156276685,0.050466944635,7.9356450843296789e-07,0,3.9678225421648395e-07,10,1,1,1,0,0
542,10,-4.0018909043245916,3.8575348876362998,1.3720432573888903,-1.2465167152426453,-3.5518663781490041,2.2877961022081785,0.759172727429,0.130192235674,5.7396140485945225e-06,0,2.8698070242972612e-06,24,1,1,1,0,0
543,4,2.5177208439547956,5.3622978603695444,-1.4713994720482302,-0.55556798335487412,-3.9915485591323465,1.4200835594567696,0.0234923511883,0.0543886950864,9.0164986522505222e-07,0,4.5082493261252611e-07,58,1,1,1,0,0
544,3,-2.991855270681103,-2.2540689859051466,1.5121836577578143,4.3129499536688813,1.8463775682664709,-4.4761216213513126,0.198200707744,0.00800500987672,5.880346059369851e-08,0,2.9401730296849255e-08,14,1,1,1,0,0
545,8,3.9255897201251684,-0.71708201200739285,-1.4155345938389166,5.2838008754385708,-4.0946983332731302,-5.5456651001979349,0.0799156365428,0.157575071915,7.570007582430403e-06,0,3.7850037912152015e-06,18,1,1,1,0,0
546,9,3.1525004471044831,5.4773221723140759,-1.4836538147442053,-1.9778441144614685,4.4109936673745729,-5.9210194805188738,2.27051129784,0.0654360760272,6.4595568050176368e-06,0,3.2297784025088184e-06,13,1,1,1,0,0
547,3,-2.8860061738787768,5.4755635703577941,-1.5222130336823629,-0.30865656970270033,1.8673178132953177,-4.4997305094301803,0.123947739352,0.00448569772952,2.1492396665473591e-08,0,1.0746198332736795e-08,41,1,1,1,0,0
548,0,2.491595789177159,-1.1389365667082252,-0.89660408201265485,2.6472489558869872,-2.5924448481849627,-1.1922698142677266,1.57268068683,0.106079025384,5.9011111456322519e-06,0,2.9505555728161259e-06,20,1,1,1,0,0
549,7,2.6215803868587679,5.2344150355590875,-1.0262456942837934,-3.392123641639627,3.9009024152519287,-0.65785262266792088,1.00593700171,0.24700766489,1.959746685335759e-05,0,9.7987334266787951e-06,58,1,1,1,0,0
550,5,-3.7713164072821379,0.77096919565564048,1.1103156655397901,-0.3351190853386698,4.6824236745093,5.0492090328051082,0.649773721761,0.00272058435887,4.2446053946611474e-07,0,2.1223026973305737e-07,9,1,1,1,0,0
551,11,-5.3430553749283254,-4.0279919815037442,-0.9924971356339064,-3.356704469122576,-4.5225588989385095,3.3614794712738076,0.011666810557,0.237503458275,1.7182962842120225e-05,0,8.5914814210601123e-06,22,1,1,1,0,0
552,0,2.4030325352480171,0.97345272487462498,1.2263873509187544,2.5744151442244005,1.4751474952639323,2.0111837022054084,1.34301383883,0.14681030206,8.3691860798833244e-06,0,4.1845930399416622e-06,13,1,1,1,0,0
553,15,1.8019870469576154,-4.1751345258246122,-1.4752733239520299,-6.0837283046142794,-0.99535755580318197,-0.35384514306763765,0.13956747762,0.366434762382,4.0921811038761022e-05,0,2.0460905519380511e-05,15,1,1,1,0,0
554,1,-3.9098410926409319,-4.1116300570938291,-1.2472354316995415,3.9163072756896429,1.4693998230021166,2.0311906347741697,0.409665517563,0.0347623624859,5.359321809014676e-07,0,2.679660904507338e-07,21,1,1,1,0,0
555,0,1.1409747956281588,-4.003826775556214,-1.0458554195022991,3.2067897548849942,1.4339271182772932,3.2556972804044406,0.0310431383597,0.0829442664133,2.0966557756137249e-06,0,1.0483278878068624e-06,30,1,1,1,0,0
556,15,2.0266631493136611,-4.0629128813300781,-1.2292575227810651,-2.5525114681473351,1.0866788960690146,2.3698785174019732,0.0274912713756,0.121899022893,4.5271792619798398e-06,0,2.2635896309899199e-06,23,1,1,1,0,0
557,1,-4.8645945233187815,2.1793357322332665,-1.4387056986918827,-6.0524964579675924,-1.1095692456814168,-0.053993702586790537,0.133168802732,0.336920457344,3.4596500532013486e-05,0,1.7298250266006743e-05,6,1,1,1,0,0
558,11,-3.9969227917853933,2.2427307243824712,-1.3382004614627712,4.1552782810465168,-4.9829669824887715,-4.2081128940275603,1.16941758962,0.0549090228165,2.2859592591929451e-06,0,1.1429796295964726e-06,10,1,1,1,0,0
559,12,-3.8508442995972989,0.78278795957865765,1.1056720395510766,5.9580135882576322,4.7928623349361867,-1.2811296214558408,0.111613284259,0.0605273439494,1.1284415263968283e-06,0,5.6422076319841415e-07,44,1,1,1,0,0
560,0,-4.1668577696081002,-5.5676301837567701,1.3011438810784859,-0.80609630014591671,-1.063206901697674,-0.933985719662072,0.0132708052549,0.266320235032,2.1605613665406435e-05,0,1.0802806832703217e-05,46,1,1,1,0,0
561,6,2.5480553229099008,2.2576020507231025,-1.4603914810063112,-1.6998546708377997,-4.6697223931558955,-4.3888661588647064,0.130592607415,0.345072112658,3.6289301475886746e-05,0,1.8144650737943373e-05,11,1,1,1,0,0
562,8,-3.7480374904126794,-5.5347108245897205,1.1189455716056653,5.9119604164395234,4.7303491709169974,4.8231273794806695,0.0367159177715,0.0308929651452,2.9206739862954139e-07,0,1.4603369931477069e-07,19,1,1,1,0,0
563,7,-4.0161259995957597,-5.4436809815320393,1.1050819167529335,-0.10595252112930592,-1.0890269732266051,-1.1733720844066751,0.653531537124,0.322934607826,3.2194667503036565e-05,0,1.6097333751518283e-05,26,1,1,1,0,0
564,0,-3.8128467932043861,1.8429451231799741,-1.1230773146704274,-5.4309626413160865,4.9347551106684833,-1.4206393548283169,0.031498290383,0.0129558903795,5.212372839373063e-08,0,2.6061864196865315e-08,20,1,1,1,0,0
565,12,-3.6236178378996127,2.1032984812931783,-1.2461635522555103,3.9103935181184442,1.6416335066493031,1.5345848112917462,0.0109029784538,0.0118254040839,4.2716630285901922e-08,0,2.1358315142950961e-08,15,1,1,1,0,0
566,5,0.8559556470595131,-4.0497204182878841,-1.1247052000402771,0.79572939568410939,4.4999832698058047,0.13262300291406098,0.208949646395,0.0186839483693,1.4999882746311061e-07,0,7.4999413731555303e-08,15,1,1,1,0,0
567,9,-3.5832189641045571,1.7896467619783898,-1.0493622644350578,1.0431178887006025,4.6763034192135677,-1.6464596846391633,0.767777541692,0.0104904844084,6.2300558072593987e-07,0,3.1150279036296994e-07,12,1,1,1,0,0
568,4,-3.6462870679061439,2.0448856665239004,-1.1841874093472058,-2.633089458164164,1.4201391294939769,1.4167279688163792,0.0342990830064,0.0200350839317,1.2345125702804345e-07,0,6.1725628514021726e-08,15,1,1,1,0,0
569,8,3.0882929799661212,1.9339045401453474,-1.5963725901381385,-0.073428735367745773,3.603465623615433,-2.9176640307808333,0.265848654931,0.189667774894,1.1028941392589453e-05,0,5.5144706962947267e-06,4,1,1,1,0,0
570,10,2.7636984031825933,0.72776381456544426,1.0798862619917813,-0.12872869418712454,-1.5636895737448313,-1.813186013450603,0.89430788276,0.106369572143,4.2463760834703382e-06,0,2.1231880417351691e-06,12,1,1,1,0,0
571,15,2.7329090605781849,1.7910694317214158,-1.0482434427560787,-5.0570332454208291,4.848294858406125,4.5292647448158441,0.0915068425147,0.055942430539,9.6169063425878905e-07,0,4.8084531712939453e-07,11,1,1,1,0,0
572,8,2.8514614934261653,1.7604683966211356,-1.0384401519357289,-5.0529953123773765,-1.6659685119906595,-1.8273021415084296,0.170469725589,0.00538425374834,3.7890843740015673e-08,0,1.8945421870007836e-08,37,1,1,1,0,0
573,7,-5.2698364050926063,-3.8136240193041084,-1.1534534043243512,-2.8979036589067011,-5.0552482347883183,3.1005885775259134,0.0620703408783,0.0163391004701,8.5175283502045151e-08,0,4.2587641751022575e-08,36,1,1,1,0,0
574,8,2.8680621878006023,1.7464553574892567,-1.0606526627221486,1.1970560748367858,4.6923445493909117,4.3541280089235084,0.43250524822,0.0135262941585,2.4279378588689356e-07,0,1.2139689294344678e-07,25,1,1,1,0,0
575,0,2.8384571362065363,2.0928311272224742,-1.373330455228444,-2.1181471783181292,1.4478115165929963,-5.1395912893384468,0.0448041691903,0.0110794239139,3.9400308915860503e-08,0,1.9700154457930251e-08,26,1,1,1,0,0
576,1,-3.3944618879971467,-5.5038844273045138,1.2942428792835798,2.575588971154203,-4.751882439722757,1.0272056754719581,0.12140024859,0.0505555070469,7.9329728345908369e-07,0,3.9664864172954184e-07,10,1,1,1,0,0
577,10,-5.3969909900350963,1.0929572756245489,1.3423766380978166,5.3894170379677488,-1.4194500957482525,-0.049381715715969485,0.00176148217497,0.00744994908689,1.6909900077544823e-08,0,8.4549500387724113e-09,29,1,1,1,0,0
578,8,0.91888410330808423,-3.7619978659883393,-1.1502341753079812,3.2856292183832609,-4.9993288252331158,3.0972689436391168,0.408711473903,0.0131163520367,2.1945105098000883e-07,0,1.0972552549000441e-07,13,1,1,1,0,0
579,13,0.90678590170676199,-3.8682048338392439,-1.3887327663980482,0.46998220780316924,5.0058872517835065,-0.041699225883655849,0.431226298842,0.00264243613352,1.8808310241829627e-07,0,9.4041551209148133e-08,53,1,1,1,0,0
580,13,0.78028280900690117,-3.831248033421697,-1.4094481846693512,0.3740507868738589,4.6288150391879759,-0.094442444724762029,0.00969094968383,0.121699581353,4.5117179710038976e-06,0,2.2558589855019488e-06,14,1,1,1,0,0
581,12,-3.2249974539946091,-5.6425381331459263,1.4819585056677296,2.903299992709834,1.840338267145134,1.0056451139660665,0.7268076198,0.000385015152683,5.2829447166995451e-07,0,2.6414723583497725e-07,6,1,1,1,0,0
582,1,3.043420594948298,0.61844252506056974,1.09804656014973,0.16472856717242323,4.5376744726902976,-2.173490223710187,0.118972184413,0.0456098041095,6.4783605698341562e-07,0,3.2391802849170781e-07,16,1,1,1,0,0
583,3,3.0482536398421587,1.6701923616354089,-1.1042833811441177,-4.963623565447234,-1.7261468549951711,4.0879685529433605,0.0864594494021,0.039371510871,4.7966753255327409e-07,0,2.3983376627663704e-07,32,1,1,1,0,0
584,5,0.86017171022679129,1.1395593066425698,1.3975309731159902,5.3752328997203787,-1.2336913208953619,-0.049073202865336618,0.163957058457,0.00157615193562,2.7638664342879035e-08,0,1.3819332171439518e-08,12,1,1,1,0,0
585,1,-5.4845785736875614,-3.6959284792622014,-1.1506721535267523,3.1238764930730811,1.4269379501882804,-3.2084764853181356,0.120294424098,0.102403631489,3.2088424609990575e-06,0,1.6044212304995288e-06,20,1,1,1,0,0
586,6,3.0394070243543689,0.57788397900277688,1.5325610294489811,2.9351871733698629,1.5909885370877757,0.87384981805887152,0.119603074688,0.112475647754,3.8679502186389031e-06,0,1.9339751093194515e-06,15,1,1,1,0,0
587,11,0.87033269545629133,-3.5972954061274161,-1.261260843914638,-2.8667318583326571,1.0727124885930908,-3.1685356052380982,0.267487125426,0.0354770026106,4.5494624287584923e-07,0,2.2747312143792461e-07,14,1,1,1,0,0
588,8,-5.5483776742161419,2.5640758508487886,-1.4817562506578303,-5.9375224056892444,4.6944887659748797,6.1778920652209575,0.0391201577319,0.0551151223786,9.2685962975279879e-07,0,4.634298148763994e-07,32,1,1,1,0,0
589,15,0.82591931930749318,2.6488537366550791,-1.2057592564353541,-3.1236104382352852,-5.0924148438033843,3.1427821959095241,0.021006819192,0.0095447032642,2.8192347797180317e-08,0,1.4096173898590158e-08,15,1,1,1,0,0
590,7,-3.2012819119101645,0.56416035822520305,1.1501678471882848,-5.8621699489257502,4.6264494122907651,-2.2044208710753201,0.00319619942069,0.0540901870171,8.912441233902572e-07,0,4.456220616951286e-07,12,1,1,1,0,0
591,11,0.8319667761512638,-4.7861298003828123,1.23686927610803,1.9288501865562464,-5.1766516868772792,3.1676254232112928,0.0189968929998,0.00671657454421,1.4102896792542036e-08,0,7.0514483962710181e-09,14,1,1,1,0,0
592,3,-3.1963826777782498,0.53643905169333472,1.4914900274532401,-3.5148929437693934,-4.649105949250969,0.73752957445668255,0.091824953111,0.00772157614107,2.6593946655203092e-08,0,1.3296973327601546e-08,10,1,1,1,0,0
593,8,-3.169140940425621,1.6182184456664583,-1.1622671372234832,-4.8412804362430384,4.551487880328887,3.9874035354207829,0.213646204061,0.0216931699315,1.8899571531316227e-07,0,9.4497857656581137e-08,27,1,1,1,0,0
594,2,-5.5044381453815561,2.5837975677824048,-1.387637500828063,-5.5818412866662186,5.0019802426968942,-0.040183458892838739,0.136222939645,0.00366379710895,2.2645693577606363e-08,0,1.1322846788803181e-08,8,1,1,1,0,0
595,11,-3.1126580598223432,0.47860488432166864,1.1718332885589386,0.27703755652533302,4.3235190453355363,-2.2113562421139781,0.217741648306,0.0696451780504,1.5249432407264597e-06,0,7.6247162036322983e-07,15,1,1,1,0,0
596,15,-5.5120306744527996,-5.106259169100988,1.5154458999075198,-1.1508094730701854,-1.2936592284362136,0.005823196668993981,0.0231739441312,0.0157231804811,7.58440641712902e-08,0,3.79220320856451e-08,55,1,1,1,0,0
597,12,-5.5817446567090014,-3.6515685529626243,-1.4802199216546128,-5.8265860605086255,4.6855319682178749,-0.063264362715703001,0.571943213864,0.0211183553234,4.6297381900217857e-07,0,2.3148690950108929e-07,9,1,1,1,0,0
598,15,0.84432808044475061,-3.5523169559798138,-1.2800918686763398,3.1159492505703454,0.93205022309025765,3.3151519427005005,0.0081725051134,0.0626080722981,1.1940972317738679e-06,0,5.9704861588693394e-07,41,1,1,1,0,0
599,14,-3.0609523510345249,-4.3373478142439632,-1.5705703644709479,4.4797496316643262,2.1668609013650939,0.89745879564022202,0.0768966111189,0.0311741837942,3.0194935522124555e-07,0,1.5097467761062278e-07,27,1,1,1,0,0
600,11,5.1428039113642683,1.0174930509151674,0.66882171864323792,2.2917109472690931,1.5587140923254039,-0.84252366757931152,0.170594275934,0.0172277270097,1.1951120551484059e-07,0,5.9755602757420297e-08,16,1,1,1,0,0
601,14,-3.2656670831345771,1.4185260325132347,0.73801648270265308,6.1698313156785414,-1.7771920897244953,-2.0897975317427102,1.02676021777,0.0577983582747,2.071856795002484e-06,0,1.035928397501242e-06,13,1,1,1,0,0
602,9,-3.2974623316390934,1.5545143332961477,0.89414648217754955,2.7519225224994281,-4.3248189833045751,1.2900347931739604,0.057411539795,0.00914697963178,2.8782582569685068e-08,0,1.4391291284842534e-08,14,1,1,1,0,0
603,9,-1.1385900102464397,-4.70068543962938,-0.79733856634738087,0.48303815542206058,4.7828186901918679,2.0081001143009103,0.0245507833015,0.0216398608249,1.4325007576894643e-07,0,7.1625037884473216e-08,12,1,1,1,0,0
604,14,-1.0947422980097896,0.72724975484426768,0.93196522530450621,-0.7149083777114833,-1.5933534957248372,2.1772523761841267,0.105789238763,0.0078775002185,3.0094399975375515e-08,0,1.5047199987687757e-08,14,1,1,1,0,0
605,7,5.1009701725131817,1.6297511376308427,-0.52375565641699584,2.7854208847311397,-4.9659220399453616,5.6992027592172603,0.993428465273,0.171191558823,9.914185702261379e-06,0,4.9570928511306895e-06,36,1,1,1,0,0
606,12,-1.1135132939064534,-5.1657418617615809,0.63397655041109746,2.5707357248446501,1.4681139383419111,5.2273336128099457,0.108723327309,0.103392956993,3.2682125242960308e-06,0,1.6341062621480154e-06,57,1,1,1,0,0
607,5,3.136537478255871,-4.2478864657279258,-0.62159116370931677,0.54650839625440473,-2.0127732436438088,-1.9987265128440088,0.127615231206,0.109315475784,3.6564252022044691e-06,0,1.8282126011022345e-06,16,1,1,1,0,0
608,13,-3.087641802944955,2.240678898570954,-0.66131782760361868,-2.9006637385443663,-4.3117952470133343,0.98963388865734425,0.0303994745095,0.0275439619289,2.3202817679774298e-07,0,1.1601408839887149e-07,24,1,1,1,0,0
609,5,3.2542728717605365,2.0787457063480135,-0.8226935573563452,-6.0623375500151173,4.3322925407545627,-2.3065482497012826,1.0508500267,0.160265702454,8.9284132611306486e-06,0,4.4642066305653243e-06,16,1,1,1,0,0
610,13,-1.0207351513913587,1.6745518639408283,-0.47142555328394647,-3.1973408695859642,1.4849366896070897,-1.0917670109129636,0.454946709268,0.0170409219831,2.9543528136927866e-07,0,1.4771764068463933e-07,18,1,1,1,0,0
611,1,-2.8084747969314696,2.0540376098228124,-0.84683608301268709,0.10091747124806411,4.6021435852098111,-2.6378731651830294,1.52402342616,0.0364844207734,2.7281275985565076e-06,0,1.3640637992782538e-06,19,1,1,1,0,0
612,4,5.2807949545220483,-5.2989869574231436,0.61191796414184396,5.9974200496617067,4.8977453620329063,1.9830327272332451,0.682387235117,0.010429234703,4.9878525143768285e-07,0,2.4939262571884142e-07,17,1,1,1,0,0
613,11,-2.832554529145924,-4.1692132705928069,-0.48021477432545684,3.2173000926561155,-4.2574516761609953,0.76648055509730828,1.843522363,0.0021121422534,3.3999336453305299e-06,0,1.6999668226652649e-06,36,1,1,1,0,0
614,10,-2.8028712020679909,-4.8911436212296326,0.59121537040510552,5.980043229077963,-2.1270126454551241,3.9686261317726315,0.217673999133,0.00347641103456,5.1063403523512589e-08,0,2.5531701761756295e-08,13,1,1,1,0,0
615,7,3.6005968202896863,1.9610704825955054,-0.62754106283954292,0.20519249554193106,-1.9716845456023857,3.7179755726665769,0.848595954432,0.161281144928,8.6437039187823687e-06,0,4.3218519593911844e-06,46,1,1,1,0,0
616,4,3.6931856252182071,2.0080772884568674,-0.76367804076004775,0.033984999605949591,4.3815314148795128,-2.656769376241447,0.228801907469,0.0194739000093,1.6787122428275916e-07,0,8.393561214137958e-08,19,1,1,1,0,0
617,5,5.4437421227438278,-4.8810934063201845,0.19770383461307617,-3.5806420197635402,1.236877155635389,5.2195736533618904,1.71107572967,0.00504979624373,2.9355480315439488e-06,0,1.4677740157719744e-06,23,1,1,1,0,0
618,12,-2.5518430714453331,2.0356334581878359,-0.33793283444939032,-3.1296561545744361,2.1252454131808056,0.54436466608190481,2.09007351243,0.0207963586177,4.5001508279787145e-06,0,2.2500754139893573e-06,13,1,1,1,0,0
619,7,-0.65179028991032417,1.5446297789815964,-0.51455932006543026,-6.0993754653009935,-1.3493156488342657,-4.4975486795132236,0.278870519156,0.0376524367463,5.0962670803848268e-07,0,2.5481335401924134e-07,43,1,1,1,0,0
620,7,5.6861216052277834,1.0818321259515571,0.45269959431671952,-0.26795584230160713,-1.3216646450980352,-4.5566523811380968,0.483479584391,0.0142970949453,2.9601841825982286e-07,0,1.4800920912991143e-07,23,1,1,1,0,0
621,8,5.7839739009840194,1.1506276172763592,0.30935160115034144,-0.10843014880533569,4.9096654876283754,1.5451020433740645,0.402590186846,0.000100548199317,1.6208193820888999e-07,0,8.1040969104444997e-08,12,1,1,1,0,0
622,5,-2.3944055909427333,-4.2429524479360463,-0.76878102483800526,-0.020547017945348175,-2.3170888818367468,-2.5820227558301183,2.47642640576,0.118121858184,1.0382945569281057e-05,0,5.1914727846405286e-06,16,1,1,1,0,0
623,8,6.0198182694692788,1.6950953246457672,-0.41493713889168859,3.4808535495267847,-4.6993822951771973,-2.0523366801349474,0.0769051838283,0.107113995134,3.5009143342991046e-06,0,1.7504571671495523e-06,18,1,1,1,0,0
624,5,5.8072236947414888,-4.9004824537943215,0.2695455450996086,2.8156635088150637,0.98267626226246163,5.0176958151968973,1.56381978406,0.025397145912,2.6420151282934657e-06,0,1.3210075641467328e-06,23,1,1,1,0,0
625,2,-0.31400003518427722,1.4809106102587897,-0.40256637995432071,0.16291082827621228,5.1012631909245192,-4.68791540891762,1.41063586013,0.0150413190101,2.0588105641071229e-06,0,1.0294052820535614e-06,24,1,1,1,0,0
626,2,-2.0838870361417388,1.9211970678768648,-0.51986814878447751,-0.009654130564856124,4.4302458395269486,-3.1535938684529978,0.278650635894,0.000550973149433,7.7738650024008732e-08,0,3.8869325012004366e-08,20,1,1,1,0,0
627,4,-1.7819793983275827,1.2225176577464294,0.83716273095680083,5.2144011305619395,-1.163232314993307,3.1244644445551786,0.00687264106841,0.18977974497,1.0971255328014847e-05,0,5.4856276640074234e-06,14,1,1,1,0,0
628,14,4.1024189492340097,-4.1668899761356313,-0.39107043369645911,-2.9042183327895996,-3.9168466251380498,0.12236249126386285,0.0140503654059,0.440981427484,5.9237508009931223e-05,0,2.9618754004965611e-05,13,1,1,1,0,0
629,13,-1.8193824828519332,1.9865178077769796,-0.6934936402931583,6.1578294106644069,-1.3440096208049044,3.0127785010735861,0.167695812644,0.00931314688625,5.4542787598415048e-08,0,2.7271393799207524e-08,40,1,1,1,0,0
630,4,-6.1466539981800015,1.3166663606321738,0.27334614623645842,-3.1625780447093348,1.6557534474906632,-2.4613048748916277,0.0821944862768,0.292357216552,2.6043242085032855e-05,0,1.3021621042516427e-05,16,1,1,1,0,0
631,10,-1.9921267729616492,-4.8950622454530315,0.63739568049649631,5.5123191125490685,4.3535788585874204,-3.1413441451660895,1.95014836744,0.0851407910557,6.0112364105455204e-06,0,3.0056182052727602e-06,38,1,1,1,0,0
632,11,4.3525949410790314,-4.793104550107107,0.43775140725798478,-0.47433196318024201,-1.786819845444245,-3.3541692800288856,0.560081841564,0.00569980984978,3.2358802890673828e-07,0,1.6179401445336914e-07,60,1,1,1,0,0
633,12,-0.0043960714191759037,1.3930898425723386,-0.27945460882196882,0.20804986452349758,5.3057220039245063,1.4372656185264989,1.04995614365,0.741921125364,0.00016877813944916575,0,8.4389069724582873e-05,14,1,1,1,0,0
634,13,0.22465335362678848,-4.5057344210853705,-0.6724003644800044,3.9923781151515603,-4.7264891319522455,-2.3549987926410729,0.122158717044,0.0123004656957,6.1011811387016692e-08,0,3.0505905693508346e-08,7,1,1,1,0,0
635,1,-1.6489850514357374,-4.450482902497777,-0.28712888682899762,-6.086167993565156,-1.0499574020127509,2.4405453476973138,2.33693246865,0.125215167471,1.0237300590041043e-05,0,5.1186502950205215e-06,13,1,1,1,0,0
636,6,0.2232812716639275,-4.7821378934405558,-0.15453489294089753,3.2346174949810118,1.4401668320489016,-2.4097753805302111,2.71741644522,0.0185220559794,7.4888561863529693e-06,0,3.7444280931764847e-06,11,1,1,1,0,0
637,0,-6.1358714189701109,1.3373011081358028,0.20038749509368095,-3.2981648793994687,-5.1121004362447522,4.2017427815712027,1.55636203167,0.00538057445544,2.4310816250617776e-06,0,1.2155408125308888e-06,11,1,1,1,0,0
638,0,-1.7362343171793215,1.9730647453805175,-0.57660595570744155,-0.028010710623851957,-1.3627804938869639,2.7972427435575837,0.247139893476,0.0409287206562,5.7136109704881648e-07,0,2.8568054852440824e-07,12,1,1,1,0,0
639,15,-6.1567435442112712,-4.9641529985208042,0.2378822264002155,2.905106434924754,-5.2253512805617985,4.3487915511220416,1.55973476195,0.0125515086201,2.4807620682495665e-06,0,1.2403810341247832e-06,22,1,1,1,0,0
640,13,0.14403136261246935,1.6599193335889904,-0.44578012845828097,3.4320933340191413,-5.1842881101180485,4.2547342731577231,1.95862186699,0.0118531847309,3.8789977525158261e-06,0,1.939498876257913e-06,28,1,1,1,0,0
641,8,-1.9168126734035469,2.1230756125150405,-0.84271329416554674,-0.25099877629840395,4.3199449461789872,3.1944760490722426,0.0581289371706,0.0970502553403,2.8724949239564916e-06,0,1.4362474619782458e-06,13,1,1,1,0,0
642,8,0.16287293046924539,-4.976387114486811,-0.14247153529582518,-6.0634631723982793,5.0982361710765538,1.0096551681410488,1.6392627099,0.122415612061,7.2520515781440141e-06,0,3.6260257890720071e-06,11,1,1,1,0,0
643,11,-6.1638472022181814,1.3929916594666143,-0.31307518800923384,0.27858930916525493,-1.0967785322943133,1.1460906804769684,0.725325949289,0.204317302861,1.3242522583153222e-05,0,6.6212612915766108e-06,12,1,1,1,0,0
644,12,4.4406234953040835,-4.3059602238731509,-0.55579183038660918,0.045402667802984062,-1.7032481315079453,-3.4882221176057273,0.158181287434,0.011775423978,6.7259756896194021e-08,0,3.3629878448097011e-08,12,1,1,1,0,0
645,6,4.3672592447526482,-4.9611610540990476,0.79563673666519641,-0.943949539433803,4.3621853165760056,-3.2080322810738133,0.0712592156045,0.0389895029557,4.6815159342967268e-07,0,2.3407579671483634e-07,36,1,1,1,0,0
646,11,4.4178609946826883,1.35739246718854,0.70343066314618297,5.5425915733348274,4.5413407367460419,2.9093381031876904,0.75496356441,0.0327641686175,8.9697396455336011e-07,0,4.4848698227668006e-07,16,1,1,1,0,0
647,2,-1.9746005934445898,-4.8938103980607837,0.66923285255892362,5.6665862180933084,-2.0612353176663798,-3.2834147679785906,0.127053256407,0.0217319291263,1.6000625300895404e-07,0,8.000312650447702e-08,25,1,1,1,0,0
648,4,-0.014613695125881482,1.2436375564720124,0.44407154146048328,2.750598539594594,1.0655944830263244,4.4657852377175162,0.143531403931,0.0155370207243,9.4135608389828091e-08,0,4.7067804194914046e-08,26,1,1,1,0,0
649,6,-0.0066012326139023893,-5.2464813497477891,0.46334204808069351,-0.12519458770553302,-1.1880685735474339,1.1627181725387334,0.078522059317,0.0595859038566,1.0877037516405553e-06,0,5.4385187582027763e-07,39,1,1,1,0,0
650,2,-4.5250839829735554,1.967985754398206,-1.4203779594984791,4.0876749907037038,-4.7678922261737444,-2.5902502125107674,0.00986362114591,0.052783277386,8.4878407743509878e-07,0,4.2439203871754939e-07,10,1,1,1,0,0
651,13,-4.437438030333019,-4.6569361042272455,-1.3761894760073496,-5.7010230823915196,-1.8400643092542155,-0.0029156144989309365,0.0151118443781,0.156669680525,7.4771813704883358e-06,0,3.7385906852441679e-06,36,1,1,1,0,0
652,15,5.8572392618817481,2.7546078487398988,-1.3151910300581606,3.7018119451679117,-5.0733512325508556,-0.64840886403802278,0.214397416013,0.0313756295637,3.45840818312739e-07,0,1.729204091563695e-07,42,1,1,1,0,0
653,7,5.7795125301942027,2.704630809701118,-1.2240337006754429,3.5041245315890048,1.52166538825302,-0.475730292070906,0.0275467637544,0.0605688798838,1.118275003716188e-06,0,5.5913750185809398e-07,10,1,1,1,0,0
654,0,-0.57401519865089545,1.3418589657750555,1.2089448302610448,5.9217919982847667,-1.8100615984801927,2.6327519555593044,0.0249990026154,0.121996709649,4.5343060687812349e-06,0,2.2671530343906175e-06,10,1,1,1,0,0
655,7,-0.4449033363736391,-3.5630661087181101,-1.2562349388948351,3.6136604375377619,1.2867530716650606,-0.62694546454805034,0.0192779696421,0.222229247538,1.5044158326145519e-05,0,7.5220791630727596e-06,34,1,1,1,0,0
656,3,-4.4641016364599562,-4.6783828308612847,-1.2803096005977497,-5.6201234282019854,-1.6841674111575333,-6.1310031634589501,0.0401927110312,0.142766179116,6.2103831138159628e-06,0,3.1051915569079814e-06,24,1,1,1,0,0
657,11,-0.5638362265017498,2.4975739505179733,-1.2803381386580366,0.64090659047306953,-1.7573414539068921,-3.5859934921516379,0.0402604605613,0.0190076155452,1.1167596434750488e-07,0,5.5837982173752439e-08,16,1,1,1,0,0
658,12,-4.4230922467419127,-4.6962720939691316,-1.1488522443103963,-5.3209557258981954,4.3979237781090061,-6.0947024238003902,0.074452441855,0.0727565745798,1.6180413095126591e-06,0,8.0902065475632955e-07,8,1,1,1,0,0
659,2,-0.53605672694636708,2.6741131807417315,-1.1745904616865015,3.5002630304710376,1.6249869783536692,-0.5215187164026398,0.138739608627,0.012711772333,6.8471550720924447e-08,0,3.4235775360462223e-08,17,1,1,1,0,0
660,9,5.7286824516415322,-3.8039480150515272,-1.2753096648907603,-5.6807562280698232,4.6032305322218621,-3.6311771055115027,0.775746502326,0.0218000042484,7.4654907487459879e-07,0,3.7327453743729939e-07,21,1,1,1,0,0
661,2,-4.5904200807611408,-5.5933500189792111,1.1717553817845099,2.2168851025627654,1.311590447369902,-2.6543096126714039,0.746986516678,0.0669843163524,1.92477634180863e-06,0,9.6238817090431499e-07,7,1,1,1,0,0
662,5,5.7086122619531796,-3.8205875886308123,-1.2383554914382955,0.65897126174228027,4.5481272970176159,-3.6692558937900128,0.103203027049,0.0290039926677,2.6690466138470083e-07,0,1.3345233069235041e-07,21,1,1,1,0,0
663,6,1.8411432497673044,0.55313001658637728,1.0885491876221465,-0.024086041074518446,-1.9960249010413182,-6.0918754603600211,0.327927301719,0.0340691168319,4.6110719267344224e-07,0,2.3055359633672112e-07,36,1,1,1,0,0
664,15,5.7199438818852784,1.3106320717257791,1.1730118756669363,-0.40442973185445963,4.6230729056900381,2.463188745995708,1.65363001396,0.00721136727246,2.750333491916755e-06,0,1.3751667459583775e-06,54,1,1,1,0,0
665,5,-0.58411178220022075,2.6197726074739025,-1.1352560240492819,-2.8551724392169655,1.7068481817378036,-0.53229298085613996,0.0114184422092,0.0131346498808,5.2682681840734096e-08,0,2.6341340920367048e-08,23,1,1,1,0,0
666,2,-4.5756653706732822,1.6252439912583434,-1.1591442495408635,0.83326927206560253,4.6246521502385782,0.24940920805569211,0.658886502668,0.00812255904145,4.5422885174072997e-07,0,2.2711442587036498e-07,19,1,1,1,0,0
667,0,1.5362402976521727,-4.4146355366407954,-1.1835085842759245,-2.885035316336686,1.1024483174506219,-2.3507236081937579,0.890107347678,0.15831188378,8.4268116419456307e-06,0,4.2134058209728153e-06,29,1,1,1,0,0
668,3,1.6814696126019586,1.8566815517258057,-1.1720748590387402,3.5587609976645855,-4.5735081808905829,-3.0101612556670294,0.204081985484,0.0314038274955,3.4206327236317601e-07,0,1.71031636181588e-07,24,1,1,1,0,0
669,14,1.6539771332228703,1.6478912256189597,-1.1749542442876548,-5.4748898887545128,4.5827544110935605,-6.0655484892576847,0.935180421319,0.00711340973414,8.8997624403500391e-07,0,4.4498812201750196e-07,43,1,1,1,0,0
670,9,5.7398913042793529,-3.8240226462233813,-1.4557582552049129,0.24650500727549457,-1.4176946883826416,2.7020822037137897,0.921398250383,0.0308553793941,1.1389871020724859e-06,0,5.6949355103624297e-07,17,1,1,1,0,0
671,1,-0.57779393753187047,2.4009418606397461,-1.2815636013085372,0.59822248999817973,4.7758434313684717,-3.8011412557268911,0.628353276623,0.127785085333,5.3689342274607327e-06,0,2.6844671137303663e-06,7,1,1,1,0,0
672,9,-4.8520300325869314,1.7199973462282507,-1.2458020300828085,0.77099519034695818,5.038109002988481,-5.5916831941863716,0.0108367108076,0.165720254194,8.3658873646993698e-06,0,4.1829436823496849e-06,19,1,1,1,0,0
673,2,-0.4261979173451042,-3.8983172726018256,-1.3496029387314201,-5.5851281811863922,5.3108396303459724,2.2580914871018796,2.98310729447,0.033338282705,9.2374934485286943e-06,0,4.6187467242643471e-06,9,1,1,1,0,0
674,3,-0.64148195127662044,-5.1078938755010137,1.2525338512256174,5.6757578012606436,-1.6159485879768949,2.4513390369887027,0.0942207125797,0.000380942797623,8.9217479715630339e-09,0,4.4608739857815169e-09,8,1,1,1,0,0
675,0,-4.8792740204152185,0.55735698773121944,1.2141403216532041,5.8506863771050188,-1.4886847023045753,0.50802724313032521,0.0086965126197,0.0481716416309,7.0694250175940058e-07,0,3.5347125087970029e-07,27,1,1,1,0,0
676,3,5.6565769866410278,1.3945280094957537,1.3050380930624785,2.5075458565082864,-4.7835849630586136,-0.88318547201475306,0.0297120016375,0.169477024907,8.7502450586969076e-06,0,4.3751225293484538e-06,15,1,1,1,0,0
677,15,-0.63626465687940847,2.5882771729893066,-1.2443771337282015,3.6317745183398396,-4.7908784850115369,-0.7821016223725743,0.00486188868166,0.0218255529574,1.4512959643375278e-07,0,7.256479821687639e-08,17,1,1,1,0,0
678,8,1.284993898418032,0.78412635031601552,1.3069073122440362,2.4611176874795988,-4.796022294317754,-2.557971539510814,0.0718602668769,0.111560342255,3.7963439546423427e-06,0,1.8981719773211714e-06,29,1,1,1,0,0
679,11,-4.938590218585559,0.75724987631017648,1.3802029956902766,2.6183759839320455,1.7612736848331878,-2.7409418781935089,0.413514321702,0.0172473459452,2.6160892511304718e-07,0,1.3080446255652359e-07,13,1,1,1,0,0
680,4,-0.7017838766634219,-3.9355698959171619,-1.2091022523268606,-5.2895344720449753,-1.5580119130614818,2.2465957977564539,0.0176700598259,0.289442305512,2.5520199573714559e-05,0,1.2760099786857279e-05,22,1,1,1,0,0
681,9,1.1736741682796072,1.7929161167291492,-1.2562276881065673,-5.3898225595261522,4.7523423914400009,0.63557346714796348,0.257794544647,0.168717112781,8.7375342681761439e-06,0,4.3687671340880719e-06,30,1,1,1,0,0
682,4,5.5161462531608594,-3.9336088845285611,-1.2215147589550679,-5.2528333646589704,-1.6436387818287315,2.3142675528507675,0.0292936590913,0.253931619118,1.9642975353743459e-05,0,9.8214876768717296e-06,28,1,1,1,0,0
683,15,-0.90050633897398669,-5.188525297252581,1.3274979922240731,5.6870686225864366,4.3304244696039564,-3.5851441850012709,0.653024617512,0.0262248300603,6.3593925677313199e-07,0,3.1796962838656599e-07,18,1,1,1,0,0
684,10,-5.4851329692848134,-4.0262973354340739,-1.5164240833247633,4.1648672360575292,0.99349415992008827,4.2131544973273165,1.12240981356,0.0592778509327,2.3301878562925814e-06,0,1.1650939281462907e-06,13,1,1,1,0,0
685,8,5.4127883518557622,2.5811633558224281,-1.3101843315627602,-2.6695604747228243,1.7600933775653951,-0.54844001134536113,0.793074585744,0.060346255584,1.7382835891680975e-06,0,8.6914179458404876e-07,24,1,1,1,0,0
686,12,5.5341510795955635,-5.2179243195560634,1.3201472567921813,5.8556627814271538,4.8274983985440638,-4.0053928114797284,0.00726841841708,0.0992601151103,3.0013174191756121e-06,0,1.5006587095878061e-06,23,1,1,1,0,0
687,0,5.4892743237164181,1.2769343435673757,1.3780907753920266,2.3303533366796207,1.5172805453341858,5.5277082122730326,0.0188701692317,0.0408467719749,5.0859769210652327e-07,0,2.5429884605326163e-07,21,1,1,1,0,0
688,9,-0.92675509153574109,-3.9142676492530346,-1.4544956270372578,0.64104126545783624,4.5139058302883432,2.682277837923658,0.0250856844247,0.0551312235581,9.2649925980152949e-07,0,4.6324962990076475e-07,41,1,1,1,0,0
689,2,-5.3842692057764694,0.62611158326085492,1.3009523469667368,6.0681852177676951,-1.663581909964591,-5.5312310726238865,0.136128079898,0.00278046516038,2.0885847299161403e-08,0,1.0442923649580701e-08,20,1,1,1,0,0
690,9,5.4527487251630475,2.3419924754965873,-1.4332034070169681,0.79936380468889556,4.7705739279367672,-3.823475838968986,1.54285987915,0.00276911072449,2.3827524052100433e-06,0,1.1913762026050217e-06,18,1,1,1,0,0
691,0,5.4518175760209759,2.3426550956325589,-1.4482415798861823,-5.4796778969801352,-1.4739547836241393,2.4514675767478349,0.106407269145,0.00197502086655,1.2510730357631123e-08,0,6.2553651788155614e-09,24,1,1,1,0,0
692,7,-5.3235194469942471,2.2243865926422273,-1.5622135372018293,4.2146406080667536,-4.263524734744605,3.7208524870404611,0.0366869640403,0.209434559485,1.3362729466195454e-05,0,6.6813647330977272e-06,17,1,1,1,0,0
693,8,-0.84000922139541867,0.96320614491865986,1.4395589839537359,-0.57679237187412902,4.8374132043432185,-3.8849622174283081,0.0217847824268,0.00544176961207,9.4951686882187205e-09,0,4.7475843441093602e-09,28,1,1,1,0,0
694,7,-5.5419407223992074,2.1992500816799714,-1.4871773982779468,3.8945010677968948,1.6564472834494766,-2.2097529303358034,0.127733617695,0.00753905923405,3.3629543530480867e-08,0,1.6814771765240433e-08,24,1,1,1,0,0
695,9,-5.567803547368519,-5.51758625696728,1.5436737595653018,2.4530908672726146,-4.6332246074410941,4.0738791073230693,0.350465786965,0.26547288648,2.159099890480292e-05,0,1.079549945240146e-05,47,1,1,1,0,0
696,6,-5.545173558740327,1.914035129675518,-1.437736813174245,1.0231485944182208,4.5416799855441488,-5.3790182480219162,0.68407219333,0.0416333609072,9.9595933117828968e-07,0,4.9797966558914484e-07,18,1,1,1,0,0
697,11,5.4436830356778581,2.6127491680463653,-1.4988589737530176,3.7619226261474927,1.3856430002947797,-0.71153265208430849,0.160907834967,0.0202079980814,1.5028587154851967e-07,0,7.5142935774259836e-08,20,1,1,1,0,0
698,10,0.72312708506154744,-5.5395063554450514,1.5716919981121193,2.4194370321375058,-4.5183616754655054,-2.2299475780534026,0.111058350556,0.0161858796766,9.2138451607051079e-08,0,4.6069225803525539e-08,16,1,1,1,0,0
699,1,5.3113789080749214,-3.6531267308515063,-1.4945913727372979,3.7126454361241947,1.6001704628998472,5.7895614989232254,0.370086351491,0.00303452406185,1.3976892719886167e-07,0,6.9884463599430835e-08,25,1,1,1,0,0
700,1,1.7742061061435324,-3.7560054086560402,-1.275933431754942,3.4920951773479976,1.467662810045363,-3.1411543797919692,0.0077570031663,0.00606359895741,1.1260110539023949e-08,0,5.6300552695119747e-09,24,1,1,1,0,0
701,7,3.6193275223102206,1.8139595189953235,-1.2976581547993471,-5.4067025589271518,4.5418255326881809,-1.8611795224210617,0.303205123565,0.0296004694922,3.5883541206158055e-07,0,1.7941770603079027e-07,21,1,1,1,0,0
702,1,1.7621753499720292,2.7109960988078332,-1.5051544919846225,4.2969859183405381,1.5203627096169994,2.6621846388784167,0.0180873585248,0.36027706013,3.9539534226258129e-05,0,1.9769767113129065e-05,36,1,1,1,0,0
703,5,-4.436126118581674,2.3451892321209211,-1.4704457450569937,0.53038760961069487,4.936188596160334,0.056749218515597888,0.185345307482,0.0201520992999,1.5806018185115257e-07,0,7.9030090925576283e-08,6,1,1,1,0,0
704,12,-2.6581533842600433,0.77370375223791865,1.4383915527047255,-3.6896520420207906,1.7463962718724388,-5.0062510098841368,0.00419768084581,0.0106490575652,3.4561975242977804e-08,0,1.7280987621488902e-08,40,1,1,1,0,0
705,4,1.799391634207115,2.536501990742321,-1.2931900702979915,3.5351021366818558,1.4564344927702413,3.1594177831249386,0.270547337259,0.0100581781311,1.0401307615784802e-07,0,5.2006538078924011e-08,20,1,1,1,0,0
706,9,-4.618675385274762,1.0473123445649819,1.3595996257622078,-0.67192766291286954,4.5212642352740176,-5.9925309869434553,0.0508428305714,0.117334224521,4.1963505634960374e-06,0,2.0981752817480187e-06,24,1,1,1,0,0
707,1,1.7472003005538814,-3.9443914271175271,-1.3636739997950251,-5.5298035697501939,-1.5674161160278632,0.097168452413225886,0.00512016861901,0.00900631767789,2.4734879832877978e-08,0,1.2367439916438989e-08,38,1,1,1,0,0
708,7,3.6425954182701226,0.78335724461560619,1.3578738109317963,-3.9089475563008342,-4.4375004920703214,1.2750729997560695,0.0364618908322,0.00220868545424,2.8154820331966854e-09,0,1.4077410165983427e-09,21,1,1,1,0,0
709,5,3.5726882721072832,2.037933973276854,-1.291952972534824,3.5263519801730423,1.7036734426828719,1.5678812972104776,0.40626126826,0.0481961676677,8.7263506001260897e-07,0,4.3631753000630448e-07,28,1,1,1,0,0
710,1,-2.7432441791799502,2.1415311675243656,-1.4076860237997983,-2.3435419489544747,-4.6255602954639166,-4.7485939605607532,0.0346597742659,0.0224090069301,1.5416907753426709e-07,0,7.7084538767133544e-08,8,1,1,1,0,0
711,4,-4.5860329004269786,-3.7630460228549736,-1.2754683320914506,-2.8633899498102928,-4.6541204861989947,-2.7957153845520089,0.0385815523598,0.107385583683,3.5142341426899847e-06,0,1.7571170713449924e-06,19,1,1,1,0,0
712,15,1.7417931410041094,2.5588082622675659,-1.3292062412671668,3.6126465941693566,1.5140490343578723,-2.980903568289714,0.0661356273658,0.0245771598305,1.8837404821247735e-07,0,9.4187024106238673e-08,16,1,1,1,0,0
713,9,-2.705325359330609,-5.5114318657135044,1.4313878441051591,2.493030822439148,1.8687451724628774,1.3847118751430567,1.17831972968,0.0229745733779,1.5492239093304133e-06,0,7.7461195466520665e-07,14,1,1,1,0,0
714,1,1.6439925389919037,2.6187983139365638,-1.384162482932076,3.8126768005208738,-4.6101568737618992,3.4295482060697906,0.00645768099244,0.0537403279678,8.7978377052291963e-07,0,4.3989188526145981e-07,20,1,1,1,0,0
715,14,1.7088764804275955,2.5792504478410136,-1.3631068382532356,3.6959746813563026,1.5035336294152966,-2.9555453701486889,0.577056531191,0.0148137408828,3.9984159441838718e-07,0,1.9992079720919359e-07,10,1,1,1,0,0
716,13,3.5374464870218434,1.8417585164319683,-1.2941921415163227,-5.2058371979910341,-1.9038214907015121,4.5753922912527392,0.066273046522,0.0205489099315,1.330191675632829e-07,0,6.6509583781641449e-08,28,1,1,1,0,0
717,12,-4.7696966664352516,1.135443024578231,1.2844942579393073,-0.20072579269043647,4.4260517415828984,0.55730545389755415,0.437196591146,0.0608273276615,1.3182142824578752e-06,0,6.5910714122893758e-07,11,1,1,1,0,0
718,4,3.4605043217719489,-5.6301256891924822,1.2634059865849299,-0.04851918604407772,-1.8296892508562104,4.6729294802156236,0.0215892382563,0.0499223084943,7.5964486473666477e-07,0,3.7982243236833239e-07,31,1,1,1,0,0
719,7,-4.190440236125772,2.3173056516921804,-1.3506215549600769,-4.5906354785605563,5.5591502740784513,-1.2258145138598138,0.091741980202,0.0634737243081,1.2356938799254358e-06,0,6.1784693996271791e-07,11,1,1,1,0,0
720,6,-4.6197015780852908,0.98856184236803091,1.4005921735680646,-0.59691830120588096,4.8689678947888275,-6.0617133258668083,0.375130486446,0.0167976463416,2.2667401407387417e-07,0,1.1333700703693709e-07,16,1,1,1,0,0
721,1,1.6349836968951295,-5.3048487761667671,1.4149573760236254,5.6459839464211496,-1.4299671378875685,-5.9941272005738506,0.0872065228083,0.0319779147824,3.1910280137381813e-07,0,1.5955140068690906e-07,21,1,1,1,0,0
722,2,-3.0035851944825156,1.8815256784553474,-1.3128224642150526,1.1384492026606896,4.6244221161743093,-1.2804223653816897,0.0282673717806,0.00962864896207,2.9040393613445911e-08,0,1.4520196806722955e-08,16,1,1,1,0,0
723,13,1.4832749876529776,2.6481076240538122,-1.4462860589925559,3.8984011076153355,-4.6481002889820564,-2.6209476011575168,0.0525069355504,0.086012346115,2.25635432622731e-06,0,1.128177163113655e-06,21,1,1,1,0,0
724,0,3.2112043059400519,-5.5196087696388778,1.5425959251342445,2.6062485081835662,1.6312624603016936,-4.3606212913800491,0.0728954494033,0.00919672078089,3.107818833641676e-08,0,1.553909416820838e-08,11,1,1,1,0,0
725,0,-3.0733625526201713,0.76530510375270189,1.5127249422834441,2.529228009843397,1.6890034641643417,-4.3338996284170239,0.549408717973,0.0383537962124,7.4994633224554442e-07,0,3.7497316612277221e-07,17,1,1,1,0,0
726,11,3.3112875957511831,-4.4180603696278178,-1.3373132439152304,1.1588501117658965,-1.9822375023544099,4.8481842871168164,0.0334894506738,0.0628300470646,1.2036337823028608e-06,0,6.018168911514304e-07,18,1,1,1,0,0
727,9,-4.5875665022708745,2.3394933341061868,-1.6182018992632061,0.54990185753901133,-1.0798014176859212,-5.87152323953572,2.09043586208,0.193641187737,1.5792133942204947e-05,0,7.8960669711024734e-06,59,1,1,1,0,0
728,4,1.4411226587050734,0.97989416732147661,1.430726268054596,-0.5882784351365884,-1.4540965484143917,-5.7763560685161011,0.0409052764082,0.026039032023,2.0821335287320906e-07,0,1.0410667643660453e-07,37,1,1,1,0,0
729,10,3.296484045482535,2.1959498619637059,-1.5518397929995635,-2.1515840043958048,-4.1188369211363973,-4.6477838635767972,0.149160448494,0.222556620879,1.5110391183555696e-05,0,7.555195591777848e-06,30,1,1,1,0,0
730,4,-4.889259591725577,2.6365696074811837,-1.4700143492409747,-2.4381961129213967,1.433419421444921,-2.6188608207159443,0.298117539236,0.00642793392254,1.0146035164899513e-07,0,5.0730175824497567e-08,21,1,1,1,0,0
731,15,-3.1526859232779878,0.59738558156393251,1.3430887894910242,6.1369876112710022,-1.8800922470744155,5.0689536819147216,0.910603472831,0.0341755839769,1.1849828570625962e-06,0,5.9249142853129811e-07,10,1,1,1,0,0
732,1,-3.2947279122874042,0.7480337317362824,1.5706683230462408,-3.712815554570851,-4.6510964556268064,2.1544991682834396,0.744664200685,0.00486307616166,5.6172882442200411e-07,0,2.8086441221100205e-07,11,1,1,1,0,0
733,15,1.3933874230388452,-3.6946908017537048,-1.4476077621905052,3.6617404641988682,1.2809419118070202,3.6631376764887293,0.404235427582,0.0700707786132,1.6590516196784417e-06,0,8.2952580983922085e-07,17,1,1,1,0,0
734,13,1.7282367791572728,0.84888331692010666,1.50659877835909,-0.36347542307283798,5.5790728254865565,6.0296156232293159,0.321525270637,0.112224370098,3.9398244855540186e-06,0,1.9699122427770093e-06,22,1,1,1,0,0
735,12,-5.0048954177416825,-3.6571601864483201,-1.468123572607716,-2.5210724591916698,-4.8871170091815541,3.7843694996897175,0.0978611127383,0.0249362683579,1.9899323360520074e-07,0,9.9496616802600369e-08,36,1,1,1,0,0
736,8,-5.054532230764333,2.6227168954574704,-1.460050272442692,3.7286956101490922,-4.8222431132158752,-2.404229924398078,2.28440917205,0.0042736802322,5.2240889023085083e-06,0,2.6120444511542542e-06,16,1,1,1,0,0
737,2,-3.4780540919649816,0.58241158982275931,1.3937126395288844,5.9907853586994122,4.7865418162938393,-0.78106988393689136,0.625985333262,0.00648721563697,4.0467714681577803e-07,0,2.0233857340788902e-07,9,1,1,1,0,0
738,12,-5.3066547194858664,-3.8628052290379484,-1.5566792260263693,0.65586501311711887,-1.8696727956379953,-5.0448168229321944,0.0614144312691,0.0637906290423,1.2433344478453977e-06,0,6.2166722392269884e-07,15,1,1,1,0,0
739,11,2.7254954421571655,0.74988977079345476,1.6047066396572993,-3.7237088397008411,1.4336597855939013,2.3833529627403767,0.13812925949,0.243482463926,1.8077930540919662e-05,0,9.0389652704598311e-06,28,1,1,1,0,0
740,6,2.9005055081846538,2.205770990520044,-1.5408306564626282,4.044207258860439,1.843561128919224,2.1972202495961577,4.12238282672,0.162947053138,2.5082163347330939e-05,0,1.254108167366547e-05,41,1,1,1,0,0
741,2,1.1224808472288843,-5.0617072538906731,1.4726918007510827,-4.0732923608940954,-4.8589319281605823,-2.3635604136639032,0.745255418732,0.208229698387,1.3763497334835478e-05,0,6.881748667417739e-06,33,1,1,1,0,0
742,11,-5.2104191874120795,2.3844745754082828,-1.5236771704731786,-5.4964030022959243,-1.4868485048635918,0.87873287229183594,0.595919353172,0.00826329387106,3.759197699403962e-07,0,1.879598849701981e-07,21,1,1,1,0,0
743,10,0.98769408074527287,-5.3028342748827439,1.4752164537500811,5.6453509529591894,-1.6257220780011006,-5.2740817719766273,0.152013962487,0.0143905055173,8.6190445494613976e-08,0,4.3095222747306988e-08,8,1,1,1,0,0
744,4,1.0384121446648271,-3.6894559786623042,-1.428404639703069,-2.7327867118746507,1.4900878098458488,4.0460240801173644,0.00383605897934,0.00764454290606,1.781626378352553e-08,0,8.9081318917627652e-09,19,1,1,1,0,0
745,4,-3.546339849838426,-4.3588074314895735,-1.363345659633926,1.3573755375055334,-1.6744454597940577,-0.92723862108604171,0.0115755658185,0.0344134894912,3.6088882745238206e-07,0,1.8044441372619103e-07,21,1,1,1,0,0
746,14,-5.2711760793659046,2.3836363724456255,-1.4953998820100034,0.86918780406246809,-1.4908993212343533,-5.4197747931036062,0.0471073407531,0.0340815308229,3.5604769190764462e-07,0,1.7802384595382231e-07,31,1,1,1,0,0
747,5,-3.5048371086523176,0.52597519571552909,1.4135840615402773,-0.3912239589308294,-1.8249840854323494,-0.89872471909512242,1.5782760709,0.16954544571,1.1247383575049442e-05,0,5.6236917875247208e-06,20,1,1,1,0,0
748,7,0.98189943602512186,1.2227659890832725,1.4210632501363376,-4.2412646149564592,-4.7707187497476227,4.0599446084924375,0.00505738984051,0.00899608744879,2.4678139895263641e-08,0,1.233906994763182e-08,14,1,1,1,0,0
749,2,-3.4674844426298175,1.8833142795742519,-1.3929649818003957,1.1944130427287922,-1.9640761016075794,5.2267668769500535,0.294099777843,0.326053922877,3.2470726123063152e-05,0,1.6235363061531576e-05,46,1,1,1,0,0
750,14,-3.8837454154954325,3.3044906744370661,0.49976342562743481,-5.5167677985683241,-4.0951822289918942,2.1841191015470205,0.135683776198,0.21960904754,1.4709539754683243e-05,0,7.3547698773416213e-06,30,1,1,1,0,0
751,2,5.230188555245654,5.7713244213319674,0.19125819562579549,1.6520082104498766,-1.3800798209543146,-3.6009962453773587,1.8156021123,0.0225559618652,3.4513916660863615e-06,0,1.7256958330431808e-06,15,1,1,1,0,0
752,1,-1.065815140553201,-0.6533888028518785,0.53195829923693139,-4.4969723217340301,-1.2932714298536865,-3.4528529625010647,0.0387415527787,0.0199246727387,1.2243176444681582e-07,0,6.121588222340791e-08,26,1,1,1,0,0
753,8,-3.8554530390783546,-2.1683697074171526,-1.1576325649762937,5.4470241276154221,-1.6693259740694626,-0.88340992955414799,0.0333770103401,0.293289180179,2.6203860711359068e-05,0,1.3101930355679534e-05,24,1,1,1,0,0
754,9,-3.8678853550753707,3.0364313749165524,1.2642573644848731,-2.8360207263518804,4.5496915890654011,-0.68204474890555911,0.675484997486,0.00551154480905,4.655333836261905e-07,0,2.3276669181309525e-07,15,1,1,1,0,0
755,3,2.4257476556795865,3.1933826663765017,0.67299795065619128,-5.7998541072360599,1.558080008247579,-3.5866787818256411,0.01826571043,0.153432188836,7.1714653025019039e-06,0,3.5857326512509519e-06,21,1,1,1,0,0
756,4,2.3812735578419355,4.2547507238508011,-1.2210825121465008,-1.7376305310102296,4.3131734079071888,-0.80968572837817732,0.0438686914939,0.0855016652845,2.228840699900466e-06,0,1.114420349950233e-06,23,1,1,1,0,0
757,6,-1.0492375019151088,-0.50999510459141095,0.25505673427501707,1.8520073810738598,-1.7252038883642029,2.8579733778595426,0.0578317289094,0.0436619590418,5.840570042487103e-07,0,2.9202850212435515e-07,26,1,1,1,0,0
758,3,-1.0970840058563684,5.2191767721087468,1.2287211289576689,4.4814627608524278,-5.0159050650903207,-0.49783496382713244,0.0946020924919,0.08838583065,2.3886376114188108e-06,0,1.1943188057094054e-06,25,1,1,1,0,0
759,2,5.1972894355339694,-0.22438460101690758,-0.32421962118379294,2.2097456629983432,-1.4414471207061341,2.781272679945674,0.232804682083,0.0276819954485,2.8762417747247597e-07,0,1.4381208873623799e-07,35,1,1,1,0,0
760,3,5.1499738638076904,5.1860954218463711,1.2127036893294203,4.7443713404992458,0.95306508915700605,-0.55865623827851352,0.236558932775,0.488589198582,7.2774049323870338e-05,0,3.6387024661935169e-05,12,1,1,1,0,0
761,13,-1.0968893787490686,5.2058984117539016,1.2146265117413975,-1.5695105029845748,-4.8561561456893614,-0.36360565458218908,1.25230835322,0.0368314535932,1.9815067920790952e-06,0,9.9075339603954758e-07,21,1,1,1,0,0
762,14,-3.9092758654387016,-2.6410197585390955,-0.2629309439878732,1.206084688419969,-4.6312161346436191,-3.8683354311531595,2.29465050901,0.0114281710349,5.3052049357497735e-06,0,2.6526024678748868e-06,28,1,1,1,0,0
763,5,2.3524359462901265,-2.6715961040963663,-0.20832602416544216,-5.1424966257077562,1.8204716179381797,2.3241662235957881,3.42957505116,0.276152600154,3.4992188229895286e-05,0,1.7496094114947643e-05,25,1,1,1,0,0
764,9,-1.1395219785537241,-1.0622765670310954,1.1844277151486999,4.6869104475812957,1.1000257140944154,-0.57283892531212377,0.0633477248427,0.208113873377,1.3197415064672273e-05,0,6.5987075323361364e-06,32,1,1,1,0,0
765,2,-3.9386581026418064,-2.7131497900714594,-0.11961201901308735,1.1051220984318306,-4.4897025250944003,2.3083863235322739,1.32071912675,0.00267954166345,1.7464861476379799e-06,0,8.7324307381898994e-07,19,1,1,1,0,0
766,4,-3.9351998136820563,3.068765576287896,1.1603563018223868,-2.8058383484411955,-1.7000635450810646,-0.79058989379817879,0.136680386095,0.0588380296611,1.0732407572385601e-06,0,5.3662037861928007e-07,16,1,1,1,0,0
767,14,2.3252885363976556,3.7212637299345408,-0.44967693503235051,-5.2560939158764128,1.9016847170621702,2.303772589269562,0.740430535254,0.149416479981,7.3489079348866904e-06,0,3.6744539674433452e-06,15,1,1,1,0,0
768,7,5.1565794144836437,5.9387253576895596,-0.051314539937104844,-4.1516159161619788,4.852106132164332,2.7122047294067575,0.0290080125198,0.00537638475676,9.6465875940681682e-09,0,4.8232937970340841e-09,50,1,1,1,0,0
769,4,2.3195356463560475,-2.148191182550486,-1.1160862760323849,-1.3965765589841659,-1.8678502350446935,-0.97512150664913588,0.114752424061,0.16093177828,7.9024660240394503e-06,0,3.9512330120197251e-06,15,1,1,1,0,0
770,2,-3.9559887040602768,-3.2315936755513253,1.1068616511796783,3.8293174631950846,4.5459966365597877,-0.94750374895769895,0.211957596059,0.0311377485374,3.4027070040446719e-07,0,1.701353502022336e-07,29,1,1,1,0,0
771,6,-3.9654048674232496,-3.2058282327714336,1.120396050749525,-2.716220204904265,-1.8024381792829181,5.3669595200139621,0.06174422413,0.0818988541251,2.0470100257919842e-06,0,1.0235050128959921e-06,41,1,1,1,0,0
772,2,-3.9400362117873744,-2.1554390415282332,-1.1165798729896965,-1.3467423180676579,4.7986772217832661,5.4501280250765296,0.917369223794,0.00019901158367,8.4157835732294705e-07,0,4.2078917866147353e-07,5,1,1,1,0,0
773,2,-3.9842081411119423,3.0929840949384348,1.1001187849507061,-2.733457032075743,-1.9486211404421632,-1.0204875298850968,0.146087915149,0.300028799065,2.7442173330482507e-05,0,1.3721086665241254e-05,22,1,1,1,0,0
774,5,5.1358368837589685,0.043112128562684371,-1.1268979498028469,6.033739741009418,1.3987060396789568,-0.44415835723185138,0.0822051657871,0.00449514513569,1.2912889326349798e-08,0,6.4564446631748989e-09,16,1,1,1,0,0
775,5,2.3109797410538779,3.0984491604729003,1.1091736808724566,-2.8283936824173099,4.5279782778994839,5.4124485340528041,0.023236592246,0.048401617167,7.1417220825988544e-07,0,3.5708610412994272e-07,22,1,1,1,0,0
776,5,-3.9603718645342156,4.1912572940094304,-1.1129103302715821,-1.8588894561320588,-1.6025616318200655,-0.68808436965416642,1.73816677227,0.330115466128,3.6217278980393307e-05,0,1.8108639490196654e-05,26,1,1,1,0,0
777,15,-1.1471450893559216,5.2249270809529129,1.1021054107110515,5.0955714131114354,1.4585035871907606,5.9813602896006932,0.189104965904,0.0300830916502,3.1143713892966025e-07,0,1.5571856946483013e-07,7,1,1,1,0,0
778,7,-3.9615931238397453,-3.1750800446055707,1.1111410934020702,-2.8933591806710819,4.6949853845151148,5.5354111419116752,0.0575428560596,0.0649974196167,1.2902175970498538e-06,0,6.4510879852492688e-07,23,1,1,1,0,0
779,7,5.1246997591851269,0.056506135189922049,-1.114321554605197,-0.44769146967889067,-4.9299914977656556,5.7082222696697613,0.0334128788884,0.0422376548349,5.4455983313607651e-07,0,2.7227991656803825e-07,32,1,1,1,0,0
780,15,2.3009765845715049,3.418600926520361,0.19103881662725369,0.7786116977479538,-4.4753838755021365,2.2765515196083443,1.16297109421,0.0142215845276,1.4141116950673238e-06,0,7.0705584753366189e-07,7,1,1,1,0,0
781,10,5.1323494217419992,5.3221833854187963,1.0762473644961421,-1.8934117313790262,-4.8375328591001177,-0.68574103289724897,0.0602850768269,0.0649892762283,1.2902182599224754e-06,0,6.4510912996123771e-07,19,1,1,1,0,0
782,0,-1.1588345824910646,0.060260119244177429,-1.1102226547830911,-0.52904581245231797,1.3546762409467756,-0.60477091304333586,0.419980717047,0.189954219899,1.1167774037191921e-05,0,5.5838870185959607e-06,20,1,1,1,0,0
783,5,2.2989757145587886,3.1324666426811421,1.0907989315934381,3.3460097834002451,4.4377835132968988,5.3754402622446404,0.0925917172578,0.165767760987,8.3791402510825243e-06,0,4.1895701255412621e-06,17,1,1,1,0,0
784,1,2.3311323696290369,3.0707392991662639,1.081452393113838,3.8939837421320602,-1.5022474343980456,5.3858181027956151,0.168079535856,0.0150262255353,9.7029521981715354e-08,0,4.8514760990857677e-08,10,1,1,1,0,0
785,1,-1.1452600063548919,5.4159655109831411,0.95916911082089629,4.0133446779123005,-4.804513263086613,5.4190345826272868,0.256325043175,0.0208644741885,1.9831049690126411e-07,0,9.9155248450632053e-08,15,1,1,1,0,0
786,9,-3.9222811887835598,3.2506884274440142,0.56355729159139845,-5.9209133551588966,1.210232288122264,2.866755609545133,2.05902892958,0.114307409415,8.2197873428074474e-06,0,4.1098936714037237e-06,13,1,1,1,0,0
787,2,-3.9750940373454404,3.4884346572329132,0.077324588814639023,0.91253205063696441,-4.4557322169629936,2.2499330665885537,4.82293969555,0.0367971930468,2.367320947241757e-05,0,1.1836604736208785e-05,14,1,1,1,0,0
788,8,5.0995156534197923,5.9115044783977311,-0.061767501184955165,2.1886645669409059,-0.97105187497940504,-3.8116300693371352,4.76573860168,0.462552159463,8.7886532229422445e-05,0,4.3943266114711223e-05,39,1,1,1,0,0
789,0,-1.1411358140863916,6.1609469710906524,-0.54669031518459754,2.7371157399357817,-1.4297056710544993,-3.3629412610208749,3.11807451348,0.158602686236,1.7384982623014553e-05,0,8.6924913115072767e-06,18,1,1,1,0,0
790,0,-3.9913478787726828,-2.1720951980184147,-1.0537763018161268,5.0790453389872132,4.1577696772469777,-1.1568435390229201,0.0488737764997,0.39013105571,4.6365842472362842e-05,0,2.3182921236181421e-05,17,1,1,1,0,0
791,13,-1.1346405125060723,0.019618950900940253,-1.1408128954231445,-0.21567657159038373,1.4527800878889943,-0.36885455734203476,0.0530326360108,0.00270054399749,5.0340164026573666e-09,0,2.5170082013286833e-09,48,1,1,1,0,0
792,15,2.3201799451794631,3.1960031127546347,0.70001680156296764,0.10722280934780268,1.8773309100379336,-3.8135964927577124,0.0241079795916,0.30621594427,2.8564009715127712e-05,0,1.4282004857563856e-05,18,1,1,1,0,0
793,1,-1.1294426436805085,-0.47857097024264794,0.16403839474900417,2.0527251270252491,4.8444857065507234,-3.5361641393014822,0.729780046482,0.0574413447156,1.5376665549730417e-06,0,7.6883327748652086e-07,21,1,1,1,0,0
794,12,2.3291224237151216,-2.0769791770539614,-1.1369182041704009,-1.5944491070054692,4.4065039601329179,-0.90936397791295853,0.192734981072,0.155408589684,7.3942148337171415e-06,0,3.6971074168585707e-06,19,1,1,1,0,0
795,11,-1.1224036064180924,5.1923912754034385,1.1670174490772283,4.78946987130655,-4.8477213854211119,-0.38164743094195869,0.0502169445877,0.000940083788786,2.7909494622116868e-09,0,1.3954747311058434e-09,23,1,1,1,0,0
796,6,2.3424570431787335,-2.0354740958230138,-1.1440550415718269,-1.8538707631921938,-1.8385432597006877,-0.78108122209506303,0.0691151458233,0.000534087887615,4.8637954620936228e-09,0,2.4318977310468114e-09,23,1,1,1,0,0
797,12,2.3888971154928949,3.4154183037643282,0.28309886351997071,0.87053089594943778,-4.8845986166291526,-3.7064462650346632,0.492384195122,0.00182327944133,2.4345484989169179e-07,0,1.217274249458459e-07,9,1,1,1,0,0
798,15,-1.1584077970503299,-1.0916426250839515,1.1759540806306268,4.5359897397290574,0.87244862032761028,-0.71947854841878811,0.0619654485159,0.365568489449,4.0713009320309174e-05,0,2.0356504660154587e-05,21,1,1,1,0,0
799,8,-1.1062646610618403,-0.63876164483367415,0.47263694248550642,1.9913789582856287,-1.4269959133797747,-3.4026124422359643,0.236970817778,0.00123202480348,5.6617542726228861e-08,0,2.830877136311443e-08,12,1,1,1,0,0
800,14,-1.7094819844226972,5.0183946406061306,-0.71933834131530305,-5.9585449682444906,1.915951215803412,-5.888700161513226,0.192593825293,0.00618794236931,4.8756374686890466e-08,0,2.4378187343445233e-08,32,1,1,1,0,0
801,0,3.6384353215186902,-1.3110588301456434,-0.41291360847400344,2.9652422781157806,-1.8210534832055525,4.3761022452813636,0.547708790472,0.00622848933034,3.1180227151133341e-07,0,1.5590113575566671e-07,10,1,1,1,0,0
802,1,4.5203939881427875,-1.1813857662180971,-0.82813284973379908,0.15963633675897182,1.7321685654114367,-5.9696041430103426,1.23826899116,0.0188051260723,1.6410327953762894e-06,0,8.205163976881447e-07,31,1,1,1,0,0
803,9,3.4653864338943792,4.8587031391782416,-0.6736464105794544,-5.8536930363087603,1.7104660176667357,1.6551079643280948,2.90623756613,0.217765736552,2.2891758488903973e-05,0,1.1445879244451987e-05,55,1,1,1,0,0
804,3,3.2130737186146408,-1.338744914170531,-0.4742786859831889,-3.1690025609104389,-1.9002389849888457,4.8423293154575582,0.804967792865,0.0152086209155,7.1843181171951506e-07,0,3.5921590585975753e-07,34,1,1,1,0,0
805,0,4.5914195830576716,-1.1575713808748618,-0.80843671402705286,0.15849826268703598,1.6144198608378211,0.35689918233972595,0.165029302131,0.00494415664322,3.4680947407439462e-08,0,1.7340473703719731e-08,19,1,1,1,0,0
806,3,-3.0458790010472199,-1.5805181222598641,-0.44768328219838782,-5.7224308207995227,-4.650521192042115,1.8837888442447002,0.802722315061,0.0201624774773,7.6819786338219184e-07,0,3.8409893169109592e-07,28,1,1,1,0,0
807,6,3.0420486814906509,-1.5143691918925595,-0.60842732401603583,0.37655727731893729,1.8388696183440365,1.9900156882331688,1.3559114076,0.0293551263916,2.1009917177924372e-06,0,1.0504958588962186e-06,19,1,1,1,0,0
808,7,-3.395224119512418,-1.3672987655436877,-0.54771449768616498,3.3851870411484528,4.1974231418898791,-1.3601201689274747,0.278254857765,0.102116913209,3.253934780250678e-06,0,1.626967390125339e-06,14,1,1,1,0,0
809,2,4.5747182522658107,-1.9050370674782127,0.83131014304185835,-0.86407495262652712,1.3664422332028507,-5.8534143451407301,0.122880264036,0.0339619695175,3.6644997430898032e-07,0,1.8322498715449016e-07,32,1,1,1,0,0
810,14,2.9367367174528987,-1.5105552565974294,-0.64816420493381299,-6.0016802142276493,-4.4757347518468187,2.2958812852713009,0.441313884973,0.196976467403,1.2013831193255752e-05,0,6.0069155966278762e-06,31,1,1,1,0,0
811,6,4.8342103598228459,-1.8350546384487467,0.7628998562628313,5.5481057394609774,-4.4966729497114075,0.0058581858400134409,0.337350467264,0.000199801792241,1.1381749832121379e-07,0,5.6908749160606896e-08,26,1,1,1,0,0
812,8,2.8782818279546931,-1.7594172397735004,-0.21247950894634138,-5.80913923124902,1.816801641801997,-4.2340312858245834,0.609478838808,0.0341881153403,7.2750959009240947e-07,0,3.6375479504620474e-07,30,1,1,1,0,0
813,11,-3.5533108247452989,-1.3856407999690787,-0.63737430101790415,-2.5310042568544375,4.1087497612357406,4.9407909630547575,0.584244788427,0.217046855147,1.469166675788521e-05,0,7.3458333789426051e-06,22,1,1,1,0,0
814,1,-1.4830287110387803,-1.8225768751867897,0.80886798899164003,-0.98173641318577387,1.6139951669544681,-0.10161405352640876,1.13744293841,0.294610007488,2.773306260308922e-05,0,1.386653130154461e-05,15,1,1,1,0,0
815,10,-3.4393538987784003,-1.3457414357272595,-0.75369001686063553,-2.3001539290479425,-1.7795447005851353,5.1316584907235301,0.153773537164,0.0437816070177,6.0754583932302475e-07,0,3.0377291966151238e-07,13,1,1,1,0,0
816,2,4.8117941079964384,-1.4056562059270492,0.27406160058253853,2.6955715429020684,4.7003792575716057,-2.7373191812871389,0.616686069076,0.00107880499219,3.8065622770229756e-07,0,1.9032811385114878e-07,15,1,1,1,0,0
817,11,-1.4652381542351935,-1.7991565523055988,0.74729270842500839,5.4832176681885985,1.5699425234113509,0.10990742059022768,1.54583949888,0.0949739286573,5.1372832377560286e-06,0,2.5686416188780143e-06,26,1,1,1,0,0
818,1,-1.4742143068148414,-1.7910393246413545,0.77898262059890733,-1.022461887181066,-4.7622077214211522,-0.068709562459545029,0.133369557686,0.0153876373222,8.9914563430308882e-08,0,4.4957281715154441e-08,22,1,1,1,0,0
819,9,-1.4537086899934144,-1.7835135389009682,0.72998632483143922,-0.82237566071292312,-4.7351022761331789,-6.1771377383377351,0.173997997674,0.00536159901198,3.903206216848531e-08,0,1.9516031084242655e-08,14,1,1,1,0,0
820,8,2.7923824779643005,-2.162735939890378,0.70443610094648412,-0.89188511072460219,1.8801593967329833,-3.2532670734001439,0.0280931188492,0.984383164965,0.00029517818080552707,0,0.00014758909040276354,33,1,1,1,0,0
821,9,-3.5192331162134196,-1.9542548512436957,0.52399722565681606,-3.2513326589620819,-1.9827020588158362,-0.97375590839443982,0.173462402905,0.00306150347089,3.2944324440746604e-08,0,1.6472162220373302e-08,15,1,1,1,0,0
822,0,-3.5280409267056321,-1.9684322204790194,0.53916351220586101,3.0945255506590557,4.2505744997291268,-1.0256941766154311,0.70056769481,0.0426180798392,1.0440719366912741e-06,0,5.2203596834563705e-07,17,1,1,1,0,0
823,5,-1.4557371839063684,-1.070956784602642,-0.72765431479375808,-0.19709545733399311,-4.8232150388297423,0.089433997894460757,1.06535866764,0.019238871559,1.2477384092659264e-06,0,6.2386920463296322e-07,36,1,1,1,0,0
824,8,-3.4757727556998277,-1.9498375482041468,0.51717254270890378,-3.2101707316936721,4.3365588593739117,-0.95428488206751572,0.181534041264,6.21896195999e-05,3.2955786260441097e-08,0,1.6477893130220548e-08,12,1,1,1,0,0
825,15,4.8827918269859554,4.5273902674430868,0.66065779588772722,5.5199954352421647,-4.7059169120088029,-6.1107442145572879,0.101430145502,0.00177855220516,1.1251654844128838e-08,0,5.6258274220644189e-09,27,1,1,1,0,0
826,5,-3.4878684039162589,4.357236789610643,0.46810319030704467,3.1214610060567782,4.1990992040453028,-1.0274306258963122,1.05107766008,0.0769607257504,2.908999001724367e-06,0,1.4544995008621835e-06,20,1,1,1,0,0
827,14,2.7598964052193313,-1.7862191186994263,0.20147287499343627,-3.1745749364056386,-2.27190799612712,-1.1009976216586941,1.7498908749,0.0653739079428,4.363976113804407e-06,0,2.1819880569022035e-06,32,1,1,1,0,0
828,12,2.9288580775753341,-1.8626332429270573,0.0039655869067521943,-6.1083488545511848,-4.4556130229962267,2.3479144401225027,3.01573027498,0.00263188360478,9.0967391188374897e-06,0,4.5483695594187449e-06,38,1,1,1,0,0
829,9,-1.3980128502594855,5.1410804214283878,-0.64157533454271798,-0.12981683936252481,-4.7165754630672811,-6.0715167001299468,0.358045622335,0.0055381851194,1.3753973916330306e-07,0,6.876986958165153e-08,13,1,1,1,0,0
830,7,2.8498065572615783,-1.47504427314387,-0.45603130972041711,3.744318596584288,4.0733878066052949,-1.1564142802112607,0.353557277429,0.0976719374375,3.030994252541538e-06,0,1.515497126270769e-06,30,1,1,1,0,0
831,9,4.8827797858602384,4.5153592985318634,0.63121087435778089,5.4784401820174535,-4.7063322782180723,-6.0507610690261799,0.152150006941,0.00238602383068,2.4883845005801825e-08,0,1.2441922502900912e-08,24,1,1,1,0,0
832,1,-1.5199412899440581,5.0327285312083649,-0.53853853152044395,0.033674662388220637,-4.9222208285416711,0.71071581767187375,0.456188377381,0.00293794202061,2.1073714192655743e-07,0,1.0536857096327871e-07,37,1,1,1,0,0
833,13,4.8708078647628232,-1.7803963432794105,0.62639158283347229,5.4682125107827444,1.5877062950833378,0.26568817503254288,0.732078618443,0.0248569477967,7.2415241496557992e-07,0,3.6207620748278996e-07,27,1,1,1,0,0
834,15,-3.2143137991484174,-1.716482536141215,0.19907114341761345,2.8135588768577899,-2.0054448634123205,-0.9532234407914717,28.7786667084,0.00568380161353,0.00082822149836364427,0,0.00041411074918182213,60,1,0,0,0,2
835,9,-3.1323356040476762,-1.7931522602377936,0.34141305429139046,3.0681848372403091,-1.9412951664706213,-1.0546934796237271,0.844484586071,0.00170571251267,7.1404048683960349e-07,0,3.5702024341980174e-07,39,1,1,1,0,0
836,7,4.8504955587595706,-1.799966711007688,0.63277707111512682,-0.91258330165754742,-4.6371495814526664,-6.063191923615312,0.350013043136,0.0020046971093,1.2373333005048395e-07,0,6.1866665025241975e-08,20,1,1,1,0,0
837,8,4.7569561216099245,4.4575950823034765,0.61980172418349255,5.4808321580303723,1.5610043429201002,-5.799809253157159,2.06686744626,0.168311673818,1.290139295529876e-05,0,6.4506964776493801e-06,58,1,1,1,0,0
838,14,-1.4876794786941165,-1.8245862807977631,0.62486609298442741,5.4126962826338065,-4.6197827612685867,-5.9479884062803974,1.49981889363,0.0525123485369,3.089453489281054e-06,0,1.544726744640527e-06,29,1,1,1,0,0
839,10,4.7049705129299761,4.4453349522609944,0.65435849312715466,-1.0655689638978518,-4.6541364021595104,-6.011901129325417,0.337312232097,0.0140659517835,1.7404840291573952e-07,0,8.7024201457869761e-08,8,1,1,1,0,0
840,8,-2.7950896703540815,-1.8051515284250166,0.10453563845189795,-0.033385367477093975,2.0145998385699024,-4.5253732436403142,2.57827179182,4.71120353665e-05,6.6474861086239112e-06,0,3.3237430543119556e-06,10,1,1,1,0,0
841,6,-1.4770895581144103,5.0684206325252124,-0.64019230814410033,-0.44146145459539993,1.8366488880043836,0.049815265513496583,2.4090912747,0.219917533029,2.0536152773710652e-05,0,1.0268076386855326e-05,60,1,1,1,0,0
842,11,-1.5432316078537418,-1.3470860797613005,-0.4998209634361252,-0.058181457790344115,1.881843765973688,0.54901764127938457,0.181544158276,0.000645491871904,3.3085203224025779e-08,0,1.6542601612012889e-08,23,1,1,1,0,0
843,8,4.3987939674442771,4.3828549043252352,0.61401226864662495,5.3666294554788365,1.8237085431566287,-5.6557148699036599,3.2150272967,0.0521463203159,1.1164728001958313e-05,0,5.5823640009791565e-06,57,1,1,1,0,0
844,9,5.2292199887363688,4.6878104559422766,0.042920723356808035,5.977246156808393,-3.7647910116051206,0.21132478442883765,1.24229149481,0.985755745428,0.00029754441830109771,0,0.00014877220915054885,17,1,1,1,0,0
845,3,-2.2245570367645247,4.4008303806929936,0.58242514853677463,-2.5069451411878831,-2.246620061920503,-1.4270756219249494,0.599444769638,0.331982809258,3.3932007498295821e-05,0,1.696600374914791e-05,16,1,1,1,0,0
846,2,5.3029353959804446,-1.2662137091767536,-0.43505879430487626,4.8537654041472837,2.705685054336298,-1.1187958559999225,2.43253794111,0.8593998735,0.00023089796276205612,0,0.00011544898138102806,12,1,1,1,0,0
847,5,4.3444384918270931,4.4328296684794362,0.31223293019640097,6.133964326810907,-4.0528529798435571,-5.2816960403576187,30.1294275117,2.78266606284,0.0032665052727137338,0,0.0016332526363568669,60,0,0,0,0,3
848,14,-1.938116118597736,-1.8864912084236152,0.65712789458556986,4.8539067478198543,1.8413312864794702,-6.1387587635798608,58.5609591859,1.78855331149,0.0044038335952998782,0,0.0022019167976499391,60,0,0,0,0,3
849,10,-3.2075998481987873,4.68033861107335,-0.30896720543448269,-6.1183453046833884,2.8286157788973396,-5.0941183508826349,120.099457893,2.73190188894,0.0166973272987582,0,0.0083486636493791001,60,0,0,0,0,3
850,13,1.0263676202719769,4.899094725370098,1.0151999807625895,1.6922270420674643,-0.614680389727842,0.26971227202618392,0.064390882368,0.00630932508682,1.6272268969122368e-08,0,8.1361344845611841e-09,36,1,1,1,0,0
851,4,4.7621612418250807,-2.8638258327911399,1.1558962356391529,-0.16199230537827375,2.4404701375405597,5.519458265301008,0.708783082691,0.017624447552,5.9699407201371172e-07,0,2.9849703600685586e-07,16,1,1,1,0,0
852,13,-1.516517379534569,-2.9179509872352716,1.2596556285376699,-0.46427328372388987,-3.8774927555861893,5.5276666661844152,2.07911325939,0.0244403452557,4.5046692138132612e-06,0,2.2523346069066306e-06,15,1,1,1,0,0
853,3,-1.5201233909682026,4.8379821451612459,-1.3439103228638749,3.9644012606746504,3.8489000941706002,2.3955697856304679,0.0430757512098,0.00262137099401,3.9487251054063668e-09,0,1.9743625527031834e-09,15,1,1,1,0,0
854,15,-1.5334104024883985,-2.7757992123344359,0.94178788617875708,0.36750396170607208,2.5636521567642734,5.9022392744302552,0.112399254809,0.0759510038089,1.7698359262612648e-06,0,8.8491796313063242e-07,25,1,1,1,0,0
855,4,-1.5291849840853182,-1.4690212952599109,-1.4290663779216388,-1.8076915678448504,-2.4909674515946798,-3.8315054260759536,0.0575629921222,0.0182452949703,1.047178311419255e-07,0,5.235891557096275e-08,17,1,1,1,0,0
856,7,-1.540093709984939,4.8011579991165672,-1.3856641741900451,-1.9847665191700072,-2.5815040648630525,2.8140111954210831,0.579638309968,0.0240846913692,5.1268071547269246e-07,0,2.5634035773634623e-07,23,1,1,1,0,0
857,11,-1.5046274131229096,3.4626023370760164,1.4085989855755732,2.6409462062069831,-2.1913330446540864,1.8842833717364746,0.0708587762435,0.00199491234614,6.2332445826922363e-09,0,3.1166222913461182e-09,6,1,1,1,0,0
858,11,4.7402272522547291,4.3895145959607156,-1.0003449189818849,1.2496378618422885,2.5156125381634551,-0.55740775225103767,0.0388016783166,0.00212423471542,2.8801176990029701e-09,0,1.4400588495014851e-09,15,1,1,1,0,0
859,13,-1.5470245931965689,-1.919721347715559,-0.96639648599908401,1.3102554145686085,2.4987026345074201,5.653139688472093,0.0289875101993,0.0871992472336,2.3170624062677632e-06,0,1.1585312031338816e-06,26,1,1,1,0,0
860,1,-5.191976904741793,4.6647882142107857,1.5232794061443338,4.3759958267398789,-5.5851742550489458,-2.9194870179327119,0.204782811579,0.022844280486,2.0090399720005804e-07,0,1.0045199860002902e-07,20,1,1,1,0,0
861,6,1.0843814896357358,4.627196602073961,1.466305323845817,-1.2902143689306389,-5.6694268252940621,3.0163187470213493,0.0486915768127,0.0742182599784,1.6803102687289468e-06,0,8.4015513436447341e-07,18,1,1,1,0,0
862,5,1.0943774756885296,-1.1690804570259381,0.78920434160552211,1.2758063317471064,-0.72705694226517226,0.61323875115971538,1.39977920169,0.0019112591952,1.9604945540239563e-06,0,9.8024727701197813e-07,10,1,1,1,0,0
863,8,-1.5824624930805813,-2.860136230149799,0.89819498074593984,0.43353866834632004,-3.7042378563632115,6.0714427495514371,0.689176515088,0.000884743035666,4.7520271439942243e-07,0,2.3760135719971121e-07,24,1,1,1,0,0
864,1,-1.5913254285252521,-2.9864254278235833,1.434513281548278,3.3023230435708824,-2.5880968170126164,3.0849830568874896,0.140177659857,0.00328624933731,2.2939472258563189e-08,0,1.1469736129281595e-08,49,1,1,1,0,0
865,4,-1.596715866359248,3.3718167252579927,1.3662980711134023,2.8022327730674723,3.7536958091764521,2.6744596341489619,1.2278155956,0.0227300483724,1.6649132799792259e-06,0,8.3245663998961296e-07,29,1,1,1,0,0
866,11,4.6717228644238897,-1.6442473122334154,-1.4333519877230496,-1.4206193687623767,-2.6008888605098885,3.2492412473299161,0.182475069857,0.0186741871263,1.3952494150587364e-07,0,6.9762470752936822e-08,32,1,1,1,0,0
867,13,1.0623494178319495,-1.141137602755564,0.91348369037098653,-4.6465233780331054,-0.48573525745967583,-5.838611363492638,0.040294007499,0.0607418927386,1.1255331953884113e-06,0,5.6276659769420564e-07,42,1,1,1,0,0
868,15,4.6549803046487686,-2.0805846687616336,-0.84347245959553663,-4.8462701717149876,2.5308886681430747,-0.39715641495850273,0.0306710033895,0.0300852316217,2.7665638332965929e-07,0,1.3832819166482965e-07,22,1,1,1,0,0
869,13,4.6412217249002818,-2.9795699218509966,1.376598927192086,-3.3516123998334071,3.7205234368560856,2.8278729038978025,0.373804961381,0.0140827839348,2.0014333903120266e-07,0,1.0007166951560133e-07,14,1,1,1,0,0
870,9,-5.2119287300394683,4.9188004837302826,1.4447992008312911,3.8206062163288648,0.82434083704581851,-2.4089152538191407,0.0548097298863,0.0169132679081,9.0142548674378599e-08,0,4.5071274337189299e-08,20,1,1,1,0,0
871,13,-1.6692414413400383,3.4343125005187627,0.72136893662713752,-5.4474445896156851,2.6183553957303833,-5.7455839415153704,0.561429455918,0.0416271142653,8.4304916843797815e-07,0,4.2152458421898908e-07,10,1,1,1,0,0
872,2,1.037526155506707,-1.458665377703726,1.4942669330237097,4.4279848107262687,0.60284572986209295,-2.8797462330803607,0.055437434583,0.000588995552098,3.1789857369595807e-09,0,1.5894928684797903e-09,7,1,1,1,0,0
873,13,1.0363732447326068,-1.407319142497629,1.4908176300968579,4.1921499302442449,-5.5816449855731003,3.3301804826093209,0.0936086404736,0.02697161686,2.3036203805769834e-07,0,1.1518101902884917e-07,12,1,1,1,0,0
874,10,-1.7062440959959058,-1.7427717491940493,-1.416051401821004,4.8141145882509626,3.6963943695889907,3.1918693447701494,0.0394270198274,0.00191114611912,2.6670987701231888e-09,0,1.3335493850615944e-09,40,1,1,1,0,0
875,13,4.563850885752502,4.1146693389288753,-0.82015535161585296,-4.8801741609837217,2.5804781325055028,-0.064730977292425676,0.0815703977284,0.00299009199663,9.377207564959923e-09,0,4.6886037824799615e-09,31,1,1,1,0,0
876,5,4.5498250769015529,4.5068951146171532,-1.4185032132717323,-1.3406139607480112,3.6940460313869568,-2.8952736871556501,0.196030799018,0.00999586016247,6.8864600030313277e-08,0,3.4432300015156639e-08,30,1,1,1,0,0
877,0,1.0031274693424703,-1.2815610466273768,1.4278480785842129,3.8030530102060722,-5.4976566697271201,-2.0918212423830367,0.0388769085448,0.000503191956521,1.588543802128152e-09,0,7.9427190106407601e-10,20,1,1,1,0,0
878,0,-1.7548928548529801,-1.755903490245968,-1.3442489403456988,-2.0696538195690768,-2.494638487457324,-3.6635375743746867,0.134444219282,0.0195817604633,1.3487937906450844e-07,0,6.743968953225422e-08,23,1,1,1,0,0
879,11,0.96693056078121131,-0.24442203050394959,-0.73328016347989489,2.0880478584736148,5.679959799615979,-5.550359197153087,0.586171986835,0.0278430082396,5.7974710719068281e-07,0,2.8987355359534141e-07,28,1,1,1,0,0
880,7,4.4962078124091098,-3.1931028160163213,1.4139003095695493,3.6751341301591918,-2.5609630554008311,-2.6945676214139209,0.01524286549,0.00245728270507,2.0716975171011177e-09,0,1.0358487585505589e-09,23,1,1,1,0,0
881,11,-1.8025712441987438,4.4845559513572821,-1.396729204987635,-1.5610257256950628,3.6939890870887173,3.1701551242259005,0.0928073611721,0.0291220161046,2.6695674884730565e-07,0,1.3347837442365283e-07,28,1,1,1,0,0
882,15,-5.3454166767622331,-0.91140868173218292,0.6723858117916528,1.228757603793533,5.5921579055625488,-5.6159146802100768,0.298433428762,0.0208530191292,2.2152491108134392e-07,0,1.1076245554067196e-07,21,1,1,1,0,0
883,11,4.4522700795150181,4.4713731661712881,-1.3931070589541696,-1.5379595500602234,-2.6090983472796214,-2.9030678508017598,0.0308050172417,4.43030243643e-05,9.4954697753063828e-10,0,4.7477348876531914e-10,24,1,1,1,0,0
884,14,-5.3768865509799992,-1.3155682776687838,1.4688594135195883,4.1502495430053186,0.58983916706845196,3.8146066836813253,0.868636422383,0.0631001600655,1.9674031524493302e-06,0,9.8370157622466511e-07,40,1,1,1,0,0
885,1,4.4293025359705904,3.0640455707887968,1.4045493367979902,-2.5418320503608025,-2.5488932665846726,3.6399534019526731,0.0284562671329,0.002419642178,2.5931930811257141e-09,0,1.2965965405628571e-09,21,1,1,1,0,0
886,1,-1.8630221458788465,4.3949108381346633,-1.4021276771732025,5.2883053966465505,3.7925212185586679,-1.8606668698173652,0.952267453748,0.259505840513,2.1420749880932406e-05,0,1.0710374940466203e-05,10,1,1,1,0,0
887,7,4.4122785625873036,-1.9477802193088176,-1.3603414281236106,5.5663817146707517,3.8581661174024244,3.9289741205667066,0.200382405671,0.00371123623282,4.434868780475818e-08,0,2.217434390237909e-08,19,1,1,1,0,0
888,12,-1.8947663235478007,4.0128935307155942,-0.72219389677862356,-4.7950067553699078,2.5949807752820182,-6.0843394985443808,1.66196958673,0.0980272024974,5.6893129577460397e-06,0,2.8446564788730199e-06,15,1,1,1,0,0
889,1,-1.9085137995584476,4.4501528697447092,-1.3900946979891244,-1.4727651844489742,3.6769485530014543,-2.8377273441284805,2.81530370457,0.00151878868156,7.9266376157484131e-06,0,3.9633188078742066e-06,25,1,1,1,0,0
890,13,4.3690228186451128,-3.2199416166502068,1.3970205911995912,3.7672619614776788,-2.5479719893050259,3.6820365086730455,0.0582781310058,0.00209248278036,4.7301031088817887e-09,0,2.3650515544408944e-09,30,1,1,1,0,0
891,0,-1.9295747857972045,4.0360582223372861,-0.78144034329619594,1.3542680906595082,-3.6526434938834753,-5.8914187770259749,0.014594636922,0.0422934337498,5.450927031808016e-07,0,2.725463515904008e-07,29,1,1,1,0,0
892,9,4.3448240989943585,4.4464597000015535,-1.3932992180341399,-1.3543164271805099,-2.6070122266552391,4.0400097088433577,0.112787120092,0.0587046382543,1.0625040118401815e-06,0,5.3125200592009077e-07,16,1,1,1,0,0
893,13,0.8166588885768381,-0.30338513895003166,-0.59740460453275834,1.7589227376250853,5.5080491785465764,-4.8721087150935274,0.390517051133,0.00204436720014,1.5377669661650578e-07,0,7.688834830825289e-08,26,1,1,1,0,0
894,3,-1.9571875276101363,4.4810630275479539,-1.3586473578674829,-1.7372932229929303,-2.6158047435456249,-3.0393050734889653,0.516737603162,0.0181167421362,3.6699816685944506e-07,0,1.8349908342972253e-07,7,1,1,1,0,0
895,8,-1.9315787508769726,3.6053462221292536,0.33031419083062569,1.8800691634459352,2.166607225866434,1.0019770997493109,0.85517776195,0.00111242612965,7.3170596612141535e-07,0,3.6585298306070768e-07,19,1,1,1,0,0
896,8,4.3210172955473949,-2.7906059761840636,0.49020040849163166,-4.9366257315239039,-3.8374374053389428,0.92921833414505373,0.582515337983,0.0382710708773,7.8548959752271017e-07,0,3.9274479876135508e-07,24,1,1,1,0,0
897,1,4.3058247813791963,-2.2651947676311126,-0.64138530511721814,1.5682474415350272,-3.7011683535210018,-5.5413815451048478,0.172609570506,0.000212513601169,2.9807820971455741e-08,0,1.4903910485727871e-08,10,1,1,1,0,0
898,4,-5.5298856257085438,-0.26467606851755288,-0.71151538965666961,-4.1365836821111994,-0.51264217372779319,-5.2241951733769891,0.346440590169,0.0210963261636,2.5559258145716959e-07,0,1.2779629072858479e-07,15,1,1,1,0,0
899,4,4.2928781687870456,-2.9057532396391377,0.69801958775991446,0.7382192423618853,-3.6699521489103271,-5.7835022032759404,0.671493357919,0.0206708370202,5.8106132796616468e-07,0,2.9053066398308234e-07,10,1,1,1,0,0
900,14,1.2644642229093948,-2.8670913806599168,-0.28726271226971117,2.3319042263868699,1.4906790055024153,2.716885927752005,1.22967241269,0.00627162165128,1.524075832047596e-06,0,7.62037916023798e-07,16,1,1,1,0,0
901,15,-5.0177071902247397,-3.1101910686446281,0.2618527163859104,2.2036858218289881,1.421835636816388,2.9735437763870003,0.297780087126,0.0195559220363,2.0516906501456775e-07,0,1.0258453250728387e-07,47,1,1,1,0,0
902,14,1.2622773075666365,2.6220064740675952,1.0770906515880303,5.0419086384776293,4.8799245562040587,6.0472703306361808,0.189490088852,0.0156905059151,1.1090085823584855e-07,0,5.5450429117924276e-08,24,1,1,1,0,0
903,15,1.2465249343573961,-3.6452234027258417,1.0406682350827057,-1.1863727460770095,-1.5272174103970253,6.11992505207904,0.0672070108215,0.00368262482827,8.6479201715578861e-09,0,4.3239600857789431e-09,30,1,1,1,0,0
904,15,-2.1858532217272693,-5.7308715745722507,-1.1626075222506733,-1.5907358553159998,1.9569283842188201,-0.29239641351642598,0.044017580635,0.00514451826677,9.9995728110596741e-09,0,4.9997864055298371e-09,13,1,1,1,0,0
905,7,-5.0318688350120198,3.6328243532633779,-1.0287157417469162,-0.10811563484910031,-1.3788651617482468,-0.18790255394385585,0.123191568282,0.0250284273028,2.0599526860909774e-07,0,1.0299763430454887e-07,21,1,1,1,0,0
906,3,4.1308777613357828,5.7141885369220953,1.1360697714584647,3.3678182096151619,-3.7455757102311962,0.049422053104820132,0.252759402785,0.242007617361,1.7904624970095674e-05,0,8.9523124850478371e-06,24,1,1,1,0,0
907,5,1.2957806199026232,2.6173227200496254,1.1111303193680202,-1.2001566761554563,-0.69414571918486512,-0.47461871453984661,0.0638252982857,0.00261768072343,6.1609841378813264e-09,0,3.0804920689406632e-09,19,1,1,1,0,0
908,6,-5.027090329351231,-2.6356706816662152,-1.068408254855902,-0.18919152832569558,5.0798535466578327,5.8603504622894098,2.43513178915,0.165949419758,1.4318789898734037e-05,0,7.1593949493670183e-06,8,1,1,1,0,0
909,2,-5.0434408229427765,-2.5789127365662678,-1.1721344175322095,5.8422592788103538,-1.3609619858737498,5.4789218984592098,0.0562879198892,0.229884710639,1.6101279077594666e-05,0,8.050639538797333e-06,10,1,1,1,0,0
910,12,1.281320089879598,-3.6137248726982003,0.97894664218450289,5.3247473592661843,5.4953483966373291,0.069704658733382677,0.0466985606862,0.156218489542,7.4361302100112663e-06,0,3.7180651050056332e-06,10,1,1,1,0,0
911,1,4.0943556231181475,5.8141133521396817,0.99320323221034201,3.3465715055521983,2.1072644360045718,-0.032597648771212878,0.0191688837748,0.00429064689413,5.9753464219348274e-09,0,2.9876732109674137e-09,36,1,1,1,0,0
912,10,1.2412532466373332,-3.63815119975196,0.9908929844790787,-1.2131267739370748,5.0121902763084822,5.9275779282855536,1.41144435258,0.0604293659629,3.1045491116599967e-06,0,1.5522745558299983e-06,37,1,1,1,0,0
913,13,1.225101210157199,-2.6727678127807164,-1.01818041413859,-0.27895684169036017,4.8379566956400533,-0.47886831117930978,1.22690352497,0.0650562145817,2.7945279330957944e-06,0,1.3972639665478972e-06,18,1,1,1,0,0
914,10,4.0771530350737839,-5.8359607070004458,-0.87924222226036919,4.1928584272547109,1.89930224073245,0.026648970796533229,0.745410946006,0.00863959037486,5.7837489083632414e-07,0,2.8918744541816207e-07,8,1,1,1,0,0
915,5,-2.1782812388066608,5.7856851148669382,1.0521529124527684,-2.762142218565538,-4.0181893515020066,6.0149654989566885,0.0223774080336,0.0140355719498,6.0509551515788395e-08,0,3.0254775757894197e-08,16,1,1,1,0,0
916,6,4.0848397944197208,-0.43285130545638967,0.95450425740934475,-2.859942932670879,-4.3050661993292358,6.107988621222237,0.133689389344,3.27872411126e-05,1.7873180287747718e-08,0,8.9365901438738591e-09,15,1,1,1,0,0
917,8,1.2352325721048072,2.653469063783287,0.94183323670663155,5.0636369447355714,4.9709356742537816,-0.43876431252999837,0.155580831338,0.000312396930061,2.423512325475727e-08,0,1.2117561627378635e-08,20,1,1,1,0,0
918,1,-5.0470142419729385,3.5097399584387694,-0.8420098030863622,-0.14191328468230197,-1.3090480632952528,-0.23565306671820946,0.134288932704,0.0416508485574,5.4648174149372812e-07,0,2.7324087074686406e-07,23,1,1,1,0,0
919,12,-5.0298039136995358,-3.0563366455615721,0.2030935853407764,-3.451111908234215,-5.1761388447538152,3.7736038073438634,0.972245835873,0.0454623155959,1.5748519926163815e-06,0,7.8742599630819075e-07,11,1,1,1,0,0
920,11,-2.2230184061879075,0.29429139067756527,-0.53758245820943751,-2.6179521459200013,1.5936296255750362,-6.0310641738866932,0.483039952202,0.0897595966938,2.6875647144078591e-06,0,1.3437823572039295e-06,18,1,1,1,0,0
921,9,1.1429934989059771,3.4438352760877176,-0.67872075029085244,0.19919866842045389,3.6033170647053034,-6.0425807867074637,0.588026269584,0.11338231676,4.2617992897036699e-06,0,2.130899644851835e-06,18,1,1,1,0,0
922,9,-2.1612769659592717,-0.32162345673739157,0.75127312680310032,3.2129275593341062,2.3295582525944787,0.14887060221527773,0.53269041056,0.0337394107732,6.3051965513577343e-07,0,3.1525982756788671e-07,32,1,1,1,0,0
923,2,-5.0199710674921096,2.6654006787912321,0.87863861921497921,-1.1245361628681814,5.2026530441816101,5.8078130648092516,0.210706191403,0.0476739652901,7.3673369289830216e-07,0,3.6836684644915108e-07,31,1,1,1,0,0
924,10,4.1201033141044805,0.48854925628678653,-0.91318766205489887,-1.8432023967083007,-4.0861492790797396,6.0151161777195821,0.057836993515,0.0128393753941,5.3561165594195706e-08,0,2.6780582797097853e-08,11,1,1,1,0,0
925,8,-2.1641972516205783,-5.8300417599133283,-0.82027219847938249,4.2477660419445034,-4.1574187157347371,6.1240789132694227,0.114937953217,0.00597237911462,2.4076226964735397e-08,0,1.2038113482367699e-08,26,1,1,1,0,0
926,10,-2.1558299049247824,0.50351774376936842,-0.92799987267698936,-1.7795580808451468,-4.0962539004426439,5.9373334885613405,2.2681713474,0.0353302805375,5.5248334740320239e-06,0,2.7624167370160119e-06,37,1,1,1,0,0
927,15,1.2470540172895401,2.6869253755365352,0.79128156280293127,5.2033683289911563,4.8307535895334004,5.8328104151335554,0.0163876131062,0.0145905193901,6.5116502044280454e-08,0,3.2558251022140227e-08,12,1,1,1,0,0
928,0,-4.9753498005162866,3.7715162811687124,-1.2348459749552809,5.0841525789366475,-0.6576123493863224,-2.0441814029256409,0.226024906788,0.0836312536126,2.1816383282443708e-06,0,1.0908191641221854e-06,10,1,1,1,0,0
929,10,4.1388822173322479,5.913346765284639,0.90506437765615222,-2.7258750362029436,-4.1298666744177774,5.904510072781842,0.0192540573136,0.00599892530115,1.1333017723309697e-08,0,5.6665088616548484e-09,18,1,1,1,0,0
930,1,-2.115990171425651,-0.40227705482405202,0.94297117836802613,-2.7513872160293587,2.5521093481193242,-0.25553187431411711,0.0903462595872,0.0762806509963,1.7806513162135128e-06,0,8.9032565810675641e-07,32,1,1,1,0,0
931,15,-2.1225748166901859,5.8654312650661833,0.98590229825118059,3.6879934851433043,2.3297428586391349,-0.49955898405751209,0.0509722276477,0.0520320845959,8.2730043146222501e-07,0,4.1365021573111251e-07,15,1,1,1,0,0
932,5,-4.9860878774943771,3.4089958720896347,-0.73214665080487207,-0.16539717092836168,-1.1204419590982073,5.8782846118497316,0.0705825418545,0.0281218851974,2.4588566556815729e-07,0,1.2294283278407864e-07,19,1,1,1,0,0
933,6,4.1405327343306055,6.0661525760803814,0.63561212602477679,-2.9576884034848168,1.8881718240027099,-0.13064373801962859,0.425100846083,0.0100832983593,2.1168206756847095e-07,0,1.0584103378423547e-07,10,1,1,1,0,0
934,4,-2.1137606940201175,-0.29535532886698673,0.79060012183080453,3.4270926484158704,-4.0780586218823087,-0.24613495712947872,0.0983982993275,0.0149298956409,7.7581991572058663e-08,0,3.8790995786029331e-08,49,1,1,1,0,0
935,7,1.3147901098551436,-2.8851345276034479,-0.72817735219402357,-0.16645686340377086,-1.1065007914775296,5.8474864699470324,0.277095461809,0.0854556733353,2.3013030291853644e-06,0,1.1506515145926822e-06,32,1,1,1,0,0
936,14,1.3099376454831868,2.6767605643397534,0.75566298021523148,-1.0173410634790576,-1.2457232869476011,5.7740121489065501,0.173017935007,0.00723972607573,4.5901311678615625e-08,0,2.2950655839307812e-08,20,1,1,1,0,0
937,6,-2.1004247391276682,6.0202846122732341,0.74497284696851263,3.3927565505626238,-4.1420865925123875,6.0551922649651306,0.0429152410735,0.0129574199399,5.298537782104135e-08,0,2.6492688910520675e-08,9,1,1,1,0,0
938,3,4.1936622116639866,0.48655223677705939,-0.8110571392301491,4.2900745916798133,2.2133597632822815,-0.29134831882728002,0.0169656046747,0.00399200136926,5.1422377693536857e-09,0,2.5711188846768429e-09,24,1,1,1,0,0
939,7,-2.083293866798793,5.9571551289950539,0.87250086330493548,-2.7571427852188202,2.2168038363259583,5.9067544951677817,0.238629417235,0.00059713452812,5.7052616095193174e-08,0,2.8526308047596587e-08,12,1,1,1,0,0
940,12,4.2057677506991178,-0.30279639887827114,0.83483227589932807,3.4681037462098017,-4.0686176644885608,-0.32108740499897392,1.13434909458,0.0421664346224,1.8283601412867874e-06,0,9.1418007064339372e-07,18,1,1,1,0,0
941,6,-2.0719178381866001,-5.7715189471575341,-0.85372230016208728,4.3758243915948842,2.2070632929661338,5.9357445959942856,0.157653534366,0.0192948605823,1.3826115717220411e-07,0,6.9130578586102056e-08,16,1,1,1,0,0
942,7,1.3186001976833401,3.3648480162145855,-0.69920994573978679,-0.21914128160221158,4.6959067074906553,-0.43203848292411617,0.0853667833806,0.149201684323,6.7884193094497768e-06,0,3.3942096547248884e-06,21,1,1,1,0,0
943,4,4.2163398338078277,0.53447326499168502,-0.89273746705613521,4.4697816979231915,2.1097516503467544,5.8614280520928173,0.370485434557,0.0239853109567,3.1250437889679086e-07,0,1.5625218944839543e-07,16,1,1,1,0,0
944,2,1.3450672879455137,2.5319406008733742,1.0641385981694287,4.5220780055249863,4.868394961318006,-1.0897332335055232,0.0515753836036,0.126407194098,4.8700743651044758e-06,0,2.4350371825522379e-06,16,1,1,1,0,0
945,2,4.2241304730683398,-5.807256644833358,-0.75433383984805069,-2.1392599629986924,2.0605407424455278,6.0509400252517276,0.808602981401,0.165915534377,9.039336314020955e-06,0,4.5196681570104775e-06,49,1,1,1,0,0
946,9,1.3511128188454862,2.6549897111855212,0.76374849782598342,-1.0178367833457742,4.7989169156684319,-0.48081626429796609,0.015562531626,0.0173340038459,9.176988464385842e-08,0,4.588494232192921e-08,12,1,1,1,0,0
947,11,1.3752593370006727,3.4019371361151531,-0.78231600407090385,-0.18645449900351052,5.0233981625044688,-0.48099133770668445,0.633974001755,0.069705195092,1.882002486677644e-06,0,9.41001243338822e-07,31,1,1,1,0,0
948,15,1.3823900361946686,-2.7710921542089344,-0.99723407836850397,-0.44654041637420061,-1.2403846859380987,5.4091400784355432,0.157838592888,0.00123466455388,2.5377379152011697e-08,0,1.2688689576005849e-08,29,1,1,1,0,0
949,11,-2.0321720481074736,0.55635652407939507,-0.93275557645596596,-1.8034144151734113,2.1470672305586485,5.8956164408002056,1.58703185034,0.0166623751203,2.6032424735616914e-06,0,1.3016212367808457e-06,14,1,1,1,0,0
950,13,2.2838431980130061,5.2596956433887874,0.87249808467469037,-6.1361624079241786,0.33391482476408096,-4.7285035728315474,0.566233319262,0.0644676091143,1.586632291291923e-06,0,7.9331614564596152e-07,25,1,1,1,0,0
951,12,-0.5141954093512463,-2.3930572084932589,-0.77084201535240837,-5.2718931583306681,-3.5000828890450584,5.789925588882002,0.280657081807,0.00309013716355,8.1677173375046181e-08,0,4.083858668752309e-08,36,1,1,1,0,0
952,15,5.7662062359636774,3.232978337970724,1.0549158766411033,2.5089139420920934,3.598222063227142,-4.1009263858115954,0.148858377173,0.00154690961044,2.2887744416622245e-08,0,1.1443872208311122e-08,14,1,1,1,0,0
953,7,5.7645735714783743,-2.9971567923229396,0.96731628329822772,2.2490173136480918,3.7115339760442909,1.8054807410541902,0.0571553871248,0.00315055777069,6.2903751319972569e-09,0,3.1451875659986285e-09,14,1,1,1,0,0
954,4,-4.0344324618295788,-0.13633690668550746,-1.0152760745422049,-5.4208382471328429,-5.9961994606695912,1.8594306713126212,1.08018204216,0.0334639231184,1.5079142337051804e-06,0,7.539571168525902e-07,13,1,1,1,0,0
955,4,5.7358167735139167,3.2336197497236951,1.0705012294065421,-3.6266627642757951,3.3747897358767753,2.0011543046388591,0.0222262084507,0.00381078915519,4.9176932341484935e-09,0,2.4588466170742467e-09,20,1,1,1,0,0
956,0,2.2335146553076948,-1.2122030310316769,1.4020054563399456,4.4761201566924118,0.418931760803125,-2.7642042216126717,0.0656664243192,0.000285249367835,4.3368651499525011e-09,0,2.1684325749762505e-09,20,1,1,1,0,0
957,3,2.2158595959526104,0.15767269245892862,-1.4033500414559155,-0.76282239027292265,0.1942349539026077,3.4122627573847564,0.242645606595,0.0174179182396,1.5129290385175126e-07,0,7.564645192587563e-08,20,1,1,1,0,0
958,2,-0.55063729232160274,-1.9310112585652299,-1.2320070950751263,3.8883958828262135,-2.4006164159951067,-3.4357060702845037,0.26888095022,0.0678909901135,1.4763354760937228e-06,0,7.3816773804686141e-07,11,1,1,1,0,0
959,10,-0.57914007420008518,4.3407013755456427,-1.2212139342243065,4.1148567669195009,-2.7488487397355974,2.4727451843837249,0.0340898779412,0.000965171905084,1.4458882087826891e-09,0,7.2294410439134455e-10,21,1,1,1,0,0
960,11,2.2213508623169544,0.20029395716616757,-1.4190690933689178,-1.8229090155210999,-0.92036901736211196,4.3552125052817381,0.0216715923332,0.3153758131,3.0298298065666452e-05,0,1.5149149032833226e-05,16,1,1,1,0,0
961,6,5.7044273885271686,2.9854185881283124,1.1859266575041194,-0.52673844846950613,2.3770530140012771,-0.67968944758784211,0.146094173716,0.0172982665621,1.1249418605266945e-07,0,5.6247093026334725e-08,13,1,1,1,0,0
962,15,-0.59932460572899593,3.2490119820138967,1.1331441348727054,-3.8688376579597503,-2.5334788808732012,-4.1503244395889434,0.018408920818,4.95599603796e-05,3.3963656384530889e-10,0,1.6981828192265444e-10,16,1,1,1,0,0
963,14,5.677265092279562,4.0822547183790938,-1.0850527866535249,0.87399623174064822,-3.8149455214852459,-0.56220618870236494,0.0850040092924,0.00135779146429,7.7872735582422601e-09,0,3.89363677912113e-09,10,1,1,1,0,0
964,0,5.6594490654281797,-3.1641264578427952,0.93472617480346298,0.10097514602151758,-3.6995961003859188,-0.43677443496964646,0.220604625359,0.0387964468209,5.07165661863807e-07,0,2.535828309319035e-07,38,1,1,1,0,0
965,11,5.6602669286380847,3.2734553947122569,1.1299654110161665,2.3092980611070191,3.8825008862141175,2.1123873129835142,0.0187581226986,0.0089105269348,2.4537725786425519e-08,0,1.226886289321276e-08,15,1,1,1,0,0
966,7,2.1266189903122483,-0.062340463360314104,-0.84134573732601514,2.5661745296418421,-0.61574312452336022,-5.8521631574035018,0.0618868590289,0.0123304650974,5.0144128386817729e-08,0,2.5072064193408864e-08,18,1,1,1,0,0
967,7,-0.66018350729588138,-3.0305237410327281,1.1684061184730807,2.5748863652961931,-2.6601708825948189,-4.1717839322620707,0.0597042560425,0.00404056437027,8.5378310548917906e-09,0,4.2689155274458953e-09,46,1,1,1,0,0
968,1,5.6200507466244281,3.1463379823911901,0.92268372429712808,-6.1133661304349616,2.5166061508674149,-0.30779059070195852,0.0655160790092,0.000536739757056,4.3801137092481249e-09,0,2.1900568546240625e-09,18,1,1,1,0,0
969,2,-4.2047409855254179,5.3314414847384475,0.98342920662363165,2.0300541358200945,-0.40283397191722203,-0.38556157483505626,0.774778511968,0.106334095511,4.0445725909436346e-06,0,2.0222862954718173e-06,10,1,1,1,0,0
970,5,5.5961377556074323,4.4209894269192178,-1.2611695883193084,-2.1987049707558142,-2.5593000577764928,-3.7138551627488856,0.0406264456907,1.88672329793e-05,1.6506165248764268e-09,0,8.2530826243821341e-10,32,1,1,1,0,0
971,15,-0.69684906009736436,3.0991506412463479,1.053737042981187,-0.22223286569967207,-3.7350485825151543,5.4737739789639912,0.0819983819655,0.00223247011966,8.2419243594194516e-09,0,4.1209621797097258e-09,16,1,1,1,0,0
972,15,2.0627339918857328,5.0953661248828146,1.3747485136376998,3.8188222982546329,-5.5679230058810232,3.8272268833812868,0.0828002575728,0.00457565257179,1.3233534646175199e-08,0,6.6167673230875994e-09,9,1,1,1,0,0
973,5,-4.2466196092504553,4.9747182575113937,1.4213123166790891,4.4235599470769413,0.46463783270783271,-2.9365368422809577,0.0591907044445,0.00545516303239,1.2568589494690716e-08,0,6.2842947473453581e-09,21,1,1,1,0,0
974,15,-0.731895008019534,-3.0476762814897693,1.2429410626479982,2.8353146514282037,-2.6424808210251984,2.4606502372957473,0.26990383066,0.00629665450093,8.4925505979786826e-08,0,4.2462752989893413e-08,19,1,1,1,0,0
975,0,2.0211853144217944,0.063367503984750884,-1.4193553847781701,-0.47785877166842611,-5.7236969075228492,-2.7609828369106024,0.0943561343355,0.000898867802044,9.1491997902508598e-09,0,4.5745998951254299e-09,6,1,1,1,0,0
976,2,1.9995234557826347,-0.8736273820733006,0.55421735113120674,1.253961150180686,5.9799401827827552,0.20269886136809862,0.724657408056,0.054475713622,1.4291120419798638e-06,0,7.1455602098993188e-07,6,1,1,1,0,0
977,12,1.9958300946687919,4.94211121268326,1.3855945535553027,4.683164692386196,-5.8496704998848159,3.1257460017414567,0.264229133465,0.0311328060152,3.6506795964978887e-07,0,1.8253397982489443e-07,25,1,1,1,0,0
978,11,1.9913458062490224,-0.055871077045109525,-1.3516239658019891,0.1005204567918636,-5.7728863849507652,3.0942511192685029,0.173476650085,0.00330318734581,3.3417842999790387e-08,0,1.6708921499895194e-08,24,1,1,1,0,0
979,0,5.5141378493043183,-3.0301380580022195,1.2425374477244053,-3.4248779092814758,-2.5456261547663299,-3.6398063217854264,0.0307552192528,0.00834503922465,2.2159343044392977e-08,0,1.1079671522196489e-08,14,1,1,1,0,0
980,7,1.9727657521036899,-0.095374401994144931,-1.3114978754886646,0.19102857393801398,-5.8287619366317402,-3.4258664235284058,0.811205482206,0.0827886190279,2.7458885559940388e-06,0,1.3729442779970194e-06,19,1,1,1,0,0
981,1,-4.3030588392228521,-1.1289051320734562,1.2289213520065141,-3.7285867488840179,-0.68271861136062884,5.4709459579987039,0.11661885226,0.0316495701919,3.1873379236926834e-07,0,1.5936689618463417e-07,23,1,1,1,0,0
982,8,-4.3013680516250759,-0.76547436475052821,0.27511908931460322,1.0435363082857385,5.4972295906488835,0.77140094807024029,0.47181890543,0.0587667622831,1.274619192896084e-06,0,6.3730959644804199e-07,11,1,1,1,0,0
983,13,-0.78406309163511367,-2.1521863179951408,-0.98672144122993866,0.90414882858958745,2.3975229956335342,5.8421576158706952,0.295336180596,0.00442314190954,9.3183050926813317e-08,0,4.6591525463406658e-08,10,1,1,1,0,0
984,5,-0.79911557538014011,4.4432500742342116,-1.1935310442953628,-2.2118590240630644,3.7306501922009909,2.5959233992652546,0.0656166297603,8.42767224506e-05,4.3077056664190704e-09,0,2.1538528332095352e-09,23,1,1,1,0,0
985,9,5.4780670932684261,-3.0148859245301263,0.82664005335490887,0.13894694893159762,2.5848272620667863,5.7592897295115231,0.0174806895463,0.0109495610303,3.6827036321446364e-08,0,1.8413518160723182e-08,23,1,1,1,0,0
986,11,5.4991350879259517,-2.8865333276637255,1.0608980712056315,-3.9386618048105269,4.0427263108495852,-4.0148918362107509,0.0416333592975,0.0252365717474,1.9573946601422743e-07,0,9.7869733007113713e-08,18,1,1,1,0,0
987,1,-0.81612518148045243,4.0736606636208652,-0.8325096110599709,0.88993705921854516,2.6754944287100115,-0.7941831983064942,0.135308237075,0.00754056180293,3.5628887534331777e-08,0,1.7814443767165889e-08,25,1,1,1,0,0
988,4,1.9380726667826307,-0.96328237572368336,0.8519160168975457,-4.1614210445942144,5.8679984027336518,-0.47173898074647169,0.0609620983865,0.00169264206601,4.5891176680580534e-09,0,2.2945588340290267e-09,26,1,1,1,0,0
989,15,-0.79881876034974841,3.3663671262335915,1.1025116837087359,2.5574650549317379,-2.3444249055775597,2.5888728071218843,0.0318724705908,0.00205584937341,2.3033249769967981e-09,0,1.151662488498399e-09,13,1,1,1,0,0
990,5,-0.8119626068019471,-1.852287884471707,-1.1573028843735038,-2.2141127002069996,3.7598052406386198,2.7401899622303678,0.0213482724013,0.00176851339061,1.4084822433810165e-09,0,7.0424112169050826e-10,32,1,1,1,0,0
991,4,1.9324373091687379,4.9726682963318645,1.1351441166647749,5.3978021190761005,0.25240032375173865,-4.072357526883926,0.0626581296735,0.00952769073109,3.1578263425513262e-08,0,1.5789131712756631e-08,16,1,1,1,0,0
992,6,5.4689323350821155,4.0307232379614248,-0.7383599831512162,0.9702346312078004,2.5731578603649186,-0.37770429611375528,0.0287207498146,0.0162346845751,8.1111366614766357e-08,0,4.0555683307383179e-08,36,1,1,1,0,0
993,5,1.9450110211732703,-0.92465148874935987,0.76871471482673559,2.0856454895265624,-0.46929810691531754,-0.14725421702169589,0.0127870319822,0.000606259176051,2.7547037699094582e-10,0,1.3773518849547291e-10,40,1,1,1,0,0
994,5,-4.3360980817537431,-0.15175642364293285,-1.2160011800918906,0.088770238811434546,0.44413642976500467,-3.2626021541028538,0.137340552144,0.00070406734519,1.9013429416237781e-08,0,9.5067147081188906e-09,15,1,1,1,0,0
995,12,5.4736362069016753,-1.8811772785010121,-1.1058372945361878,-2.2169202103124239,-2.6006856374412992,2.7219174176372425,0.0506505898664,0.00846350857738,2.4385525778220326e-08,0,1.2192762889110163e-08,13,1,1,1,0,0
996,15,1.967572756372076,5.0412026120686599,1.277312920932264,4.2473617496177889,0.65233263265013619,3.87517844144846,0.0833748743342,0.000827026789531,7.1597198553170609e-09,0,3.5798599276585304e-09,16,1,1,1,0,0
997,11,1.9593071628083358,-0.92744618436135817,0.78821033984340272,2.2307343357736458,5.8846891290090459,5.8477615526417814,0.175962554185,0.00162385481621,3.1766067509477592e-08,0,1.5883033754738796e-08,16,1,1,1,0,0
998,9,1.9760411344286022,4.9857258171291976,1.1496445368320387,5.4173233872838198,0.60264535493252636,-2.9912206965662427,0.529817018933,0.0109601351612,3.1729810790928296e-07,0,1.5864905395464148e-07,10,1,1,1,0,0
999,0,-4.3092194360650149,5.879464588154395,-0.35417121504446231,-4.1021044102077315,-0.43710507726917153,-5.9446862378035998,0.954577470528,0.00810047369773,9.3120643382410421e-07,0,4.656032169120521e-07,19,1,1,1,0,0
