target_id,best_seed_id,q0,q1,q2,q3,q4,q5,pos_err_mm,rot_err_deg,pose_cost,limit_score,total_loss,iters,success_loose,success_medium,success_strict,near_limit,success_rank
0,13,-2.5704267413321169,5.325509924218693,-1.0595831073303899,3.6464937642493558,-1.8575375582143969,3.9376390027054762,2.62897323996,0.0292258441688,7.171689255596888e-06,0,3.585844627798444e-06,53,1,1,1,0,0
1,0,-2.5049843773133542,-4.289866236875377,1.2631112877386748,2.7076684918278864,2.8042413299439488,-4.1258030160387449,0.0704365239983,0.0193127271256,1.1857794445182998e-07,0,5.928897222591499e-08,14,1,1,1,0,0
2,10,5.1374038778863866,-5.9297458880322687,0.43173379514086607,4.161080012232552,-3.3278384077778251,-6.0512972767597715,0.665409316519,0.162050089355,8.4420935088501989e-06,0,4.2210467544250995e-06,10,1,1,1,0,0
3,7,-1.0897498140458428,-6.1027642491963352,2.6178170992539487,3.5032661366278206,5.6874249423180139,4.3979850340833746,0.727989750087,0.131847373664,5.8253560374331809e-06,0,2.9126780187165905e-06,60,1,1,1,0,0
4,2,-2.1475880520484059,-0.41934834815144578,0.34824272516740201,5.4480045275344198,-4.5237687645862854,-0.70881996821370996,0.0910567480843,0.436942221402,5.816539366640819e-05,0,2.9082696833204095e-05,23,1,1,1,0,0
5,2,3.1350170972966263,-5.8368351085539256,-1.7645931295915773,5.5132081126231629,-5.8563528020487823,-4.7014594871374324,0.064018501614,0.0694557234967,1.4736025098558693e-06,0,7.3680125492793463e-07,16,1,1,1,0,0
6,4,5.2243972028965908,-4.7111493833283538,1.5831053518168769,-1.2780949787131421,-1.1507364087429413,-3.9135625658952207,0.0236901553479,0.0422847895796,5.4521821481307274e-07,0,2.7260910740653637e-07,32,1,1,1,0,0
7,2,4.044124958318088,1.363898912660364,1.206324286083458,-0.84507337465220456,-1.3306249311650258,-2.5795858514090528,0.0478556296093,0.0545815351376,9.0978931302926355e-07,0,4.5489465651463178e-07,17,1,1,1,0,0
8,8,-5.064150066209451,-4.6315204553805378,2.793628763765359,-0.85295111063786788,-4.4594743141678785,2.7808066920756267,0.156785298695,0.0204899932323,1.5247215338899757e-07,0,7.6236076694498784e-08,10,1,1,1,0,0
9,15,-3.2873147258017026,2.3527374769140601,-2.8820923963128537,5.1588812007327904,1.8027673231776709,1.9010411762337627,0.176243005466,0.0245943729785,2.1531955121173898e-07,0,1.0765977560586949e-07,17,1,1,1,0,0
10,6,6.1423248331012026,-5.8321717815018204,-2.9561740835664376,-3.4426399840481294,4.146876980186363,-4.8240233388524141,0.652486505032,0.12817546064,5.4302826051620779e-06,0,2.7151413025810389e-06,38,1,1,1,0,0
11,14,0.64700719161444631,2.0951512102582526,2.8718127264830073,-2.0259938400966506,-1.6598151259974194,-5.5099828534830904,0.100166309345,0.0333918164636,3.4968579651619739e-07,0,1.7484289825809869e-07,25,1,1,1,0,0
12,7,4.5642452185652669,-4.5492530960889912,2.6050925799232916,5.2171682209562853,-3.0809597735336238,2.8350788979657175,3.24218171687,0.0878190556959,1.2861008650949002e-05,0,6.4305043254745011e-06,54,1,1,1,0,0
13,13,-1.0515130226383047,4.2908414880375965,1.9919478242152722,-0.87628549191381766,1.6968723145711015,5.6215909040187517,0.0291120897115,0.000358154914057,8.8658854936533295e-10,0,4.4329427468266647e-10,42,1,1,1,0,0
14,2,-4.6037418668795294,0.50664780946024557,-1.4802503244723519,5.3169204250737625,-4.2788891380532883,1.4781190613092803,0.0458430424688,0.15226902242,7.0649169677093081e-06,0,3.532458483854654e-06,12,1,1,1,0,0
15,2,5.2376364396383854,-0.77295014125503991,0.83507214497063786,-2.584483273837531,-0.26807841892620737,-0.094257732116798137,0.113249876131,0.175624495057,9.4084340399086223e-06,0,4.7042170199543112e-06,28,1,1,1,0,0
16,6,-0.047718170703165495,0.542356489442123,-1.4713376261056437,-3.5083144870612553,5.0918400527420085,1.8427351202558246,0.0267164089518,0.148858135849,6.7506533748844922e-06,0,3.3753266874422461e-06,24,1,1,1,0,0
17,6,-1.8697635468880591,-3.0446636571435279,2.3203970328928141,-3.8030636342282125,4.6940179357811447,-2.6632122385039403,0.0261555518296,0.0177150427211,9.6279985797100022e-08,0,4.8139992898550011e-08,15,1,1,1,0,0
18,6,1.2455398279710206,4.5829127018125337,-1.4614735748623526,3.9005348446786599,-0.94007114661214264,5.5789171691387853,0.146492385861,0.0344058340883,3.8205436830918892e-07,0,1.9102718415459446e-07,27,1,1,1,0,0
19,13,-3.0023980635041512,0.16656832236050698,0.76761622620255576,5.276163542050254,-4.7178934554680225,1.6911794510447213,0.0171383262828,0.84471150986,0.00021735625652132822,0,0.00010867812826066411,38,1,1,1,0,0
20,4,-2.297840096383267,2.6057076294105666,2.5853573886577506,5.1945865874600212,-5.2000913068216308,0.85114259529889968,0.0586511021652,0.00044500464052,3.5002749078427081e-09,0,1.7501374539213541e-09,32,1,1,1,0,0
21,7,-3.4547367741018653,2.9797212209420159,1.964740472727788,-2.2599615126628363,-3.2466429523324343,5.52373759772561,0.560411185216,0.0626181448898,1.5084753684098909e-06,0,7.5423768420494547e-07,7,1,1,1,0,0
22,8,-3.6512422367126045,-0.43481364970412012,-0.27319388746800582,-1.3205361699533342,1.8369219656040041,3.3880306489635919,0.0515441118022,0.403657523206,4.9636835199001122e-05,0,2.4818417599500561e-05,19,1,1,1,0,0
23,12,-1.1803307008078441,-0.40195544455879961,-2.2930555362041782,-0.74019274967815785,-1.6626516700996088,2.1238503026208355,78.552860708,0.667143384446,0.0063061311365904182,0,0.0031530655682952091,60,0,0,0,0,3
24,15,4.2809982004442846,-5.7065289854170089,2.8825219157573723,-2.4520756505478056,-1.2994324397162331,-2.6940713409093413,0.864686589783,0.00267843048456,7.4986822083136287e-07,0,3.7493411041568143e-07,21,1,1,1,0,0
25,1,-3.8159639014956599,-2.4975864750660972,-1.2037429709342327,1.9355280357048781,-4.6590128341842219,2.6405634497575714,0.134656862786,0.044069557819,6.0973785928577946e-07,0,3.0486892964288973e-07,12,1,1,1,0,0
26,14,-2.2283320937381448,-3.2428577303034531,2.5543599547419134,-2.3232758766661408,-1.8843133691989375,2.0914496727643535,0.667708092421,0.0651382968759,1.7383251142794571e-06,0,8.6916255713972856e-07,16,1,1,1,0,0
27,0,2.2676013527328496,2.2132474110549394,0.11226999517413581,6.0830340923822313,5.3711981934935942,-1.4642674739148918,0.0273628760747,0.508200481306,7.867359800991841e-05,0,3.9336799004959205e-05,53,1,1,1,0,0
28,5,-1.5344604104508162,-4.1709463700337475,-1.0421235325013691,-4.248181657751779,4.7016805296120676,-3.1680191787405239,57.7569798735,0.100358771072,0.003338936795094925,0,0.0016694683975474625,60,0,0,0,0,3
29,5,-4.9455711191923744,0.3396959339085226,-2.8682450671460216,3.1028657824287396,4.1127704986795344,5.9305046313719068,0.225044261954,0.77339007295,0.0001822521338790905,0,9.1126066939545251e-05,35,1,1,1,0,0
30,14,2.2734889072564726,-2.5057126692397262,2.0870737612954646,5.0733798140699315,1.3897162182481555,-3.6887993016140652,0.0441196760498,0.00362249798019,5.943885352116268e-09,0,2.971942676058134e-09,23,1,1,1,0,0
31,15,5.2156292694475717,-2.2057397052917711,3.0300020505209591,2.9804212802125596,1.7474268411283667,-0.31003909705841587,0.70726553246,0.00793562785572,5.194075685136307e-07,0,2.5970378425681535e-07,30,1,1,1,0,0
32,0,-3.7962194778950149,-2.8428963729614858,2.3238007905218598,-4.0899401167851286,-1.524067265010087,5.4295862998539395,0.0344775199242,0.000165039110147,1.1969965213391913e-09,0,5.9849826066959563e-10,60,1,1,1,0,0
33,14,5.9465224438247368,2.0427750677145755,-2.9646795460704265,1.2148872302906946,-1.5507053322873618,1.4918724826057779,4.97614212372,0.0102500333725,2.4793994511514412e-05,0,1.2396997255757206e-05,14,1,1,1,0,0
34,13,0.76707788294611245,2.9476551892685885,-2.3465498281835906,1.2304228168116866,4.6296681207460253,-5.1201401430372639,0.0152050168105,0.000717013204402,3.8779876894573478e-10,0,1.9389938447286739e-10,22,1,1,1,0,0
35,6,0.50307481754743522,-4.3624198772524903,2.5263159602640575,-5.9557681390039114,-4.1992151394838162,3.7972066309737222,0.212252037606,0.0605580998506,1.1621693519218386e-06,0,5.8108467596091931e-07,16,1,1,1,0,0
36,7,-4.7734391481347345,-5.757521082044847,1.4581586028011599,4.2811690347334457,3.9244671599965968,-0.72903108189089671,0.174029644743,0.00171826874268,3.1185684180472219e-08,0,1.5592842090236109e-08,13,1,1,1,0,0
37,3,-0.81773717457120176,4.0185353132235839,-2.5567410010188829,-4.6650815704500577,-1.6366774239899768,2.1488695374908695,0.103054899762,0.107842504644,3.5533226736410704e-06,0,1.7766613368205352e-06,15,1,1,1,0,0
38,14,0.086074872275992212,-0.78975612522514649,-2.4051418781623712,-1.8751686358258561,-0.45334793437852633,-3.9657761461811698,0.0932263274442,0.00298570439443,1.1406639016863683e-08,0,5.7033195084318415e-09,25,1,1,1,0,0
39,1,-3.4094165782285559,1.008183040280048,0.778264782631095,-4.3313958257093201,-4.0003729042916021,-2.5961417869758385,0.389240289924,0.00790777919159,1.7055663580370479e-07,0,8.5278317901852393e-08,32,1,1,1,0,0
40,2,2.2569366448989236,-0.4874016034438971,-0.76751960931048757,-1.8237214045643537,-5.0553746963798742,-1.1441601463755042,0.0977703358124,0.157030366134,7.5209786165786768e-06,0,3.7604893082893384e-06,13,1,1,1,0,0
41,5,1.1102566342247642,-0.05116444849949664,2.3056711579123901,-0.26643134695674808,5.8742733649193122,1.3912234726513288,0.0543890455411,0.0682462409164,1.4217288487928111e-06,0,7.1086442439640555e-07,12,1,1,1,0,0
42,15,1.2288528372073666,-4.5244101239397319,-1.7360080983667141,-2.3978290024917377,-4.4440328103092019,-1.3955779046722494,0.11815662413,0.00816264051855,3.4257250575076536e-08,0,1.7128625287538268e-08,21,1,1,1,0,0
43,10,0.97147314628197279,0.88559670494250686,1.3825989211786653,5.8154906936010686,-1.3794002990193521,-5.340635925217561,0.461962835781,0.0336764581827,5.5887744585295284e-07,0,2.7943872292647642e-07,25,1,1,1,0,0
44,11,1.394114956190786,1.6937088662885702,0.82452760853191343,3.1403949857279017,5.3782612205385654,-3.4471372924815036,0.450554318304,0.332834058815,3.3948063293197046e-05,0,1.6974031646598523e-05,15,1,1,1,0,0
45,9,-2.1488005908751688,1.6177152216505928,1.9453639038904034,-5.3301627180104747,-4.5077809712536094,-5.5990812017759186,0.0250794917611,0.0352586455126,3.7932085329852502e-07,0,1.8966042664926251e-07,16,1,1,1,0,0
46,7,0.19906623518105132,4.4637410425394251,-0.47021143611601179,-1.458487369401378,5.897349748564972,-4.8317047155013508,0.531656800165,0.000770494658083,2.8283979295360959e-07,0,1.414198964768048e-07,38,1,1,1,0,0
47,9,4.6672646323218059,-3.1179978760926903,1.2201309578926385,3.6170398449951717,-2.5126150811990198,-1.9114881677571178,2.00826463111,0.0866440151866,6.319946265131223e-06,0,3.1599731325656115e-06,6,1,1,1,0,0
48,10,-5.3847623783791647,2.1695986538682748,-1.7324375265254519,2.7016909117662489,5.7612312057887269,5.2677404503616021,0.302464966464,0.0412602322977,6.1006781341722664e-07,0,3.0503390670861332e-07,26,1,1,1,0,0
49,11,-2.5437851273194521,-3.2957335361798714,-2.2679889339570845,-4.5604010568016768,-1.588963944565057,4.2588668366853426,0.13997526828,0.00545014623539,2.8641460197660733e-08,0,1.4320730098830366e-08,41,1,1,1,0,0
50,2,-1.6629910135889585,0.37615620277019046,-2.7107264111039497,4.1869262018489612,5.0885819217029313,3.5021367907571381,3.15169155668,0.394903328969,5.7437831770106491e-05,0,2.8718915885053246e-05,52,1,1,1,0,0
51,12,-0.77587322358048993,2.0215865333680161,0.63074671685968597,-3.3475260632379591,1.4868959917877334,5.2802954723041893,0.234750629764,0.00147561942297,5.5771148192326895e-08,0,2.7885574096163448e-08,25,1,1,1,0,0
52,0,0.77497700229579281,5.0456534627318002,-3.0552049974171918,-2.364956584133465,2.2616239112307723,4.1831973832409899,15.226736401,0.0667137149439,0.00023320926819643211,3.7496496295321177e-07,0.00011661588304710466,60,1,0,0,1,2
53,12,-3.1000860464483071,0.26074093392228626,1.7527015174181177,1.9825360563054273,1.7036797341508485,-4.2512186740420823,0.0202129585645,0.272568173255,2.2631475142200433e-05,0,1.1315737571100217e-05,11,1,1,1,0,0
54,10,3.6352052429790116,4.9853648884299453,1.4475165272191834,-4.0166603477406664,5.0469959309974497,-2.7176764933689492,0.027585465862,0.00149008837436,1.4373192855675497e-09,0,7.1865964278377484e-10,12,1,1,1,0,0
55,4,-0.43221398240972236,-2.6565972053604225,2.6631716673385366,4.5037721042060239,-4.1830451664195225,-0.30753379251795443,0.066782654315,0.568094349757,9.8314002374063153e-05,0,4.9157001187031576e-05,31,1,1,1,0,0
56,9,2.8165560796616202,5.4862732335120628,0.54460848299547282,5.3268924194252874,2.5490278853663537,-4.4326913888115094,0.916233781505,0.226189243584,1.6424190979965211e-05,0,8.2120954899826054e-06,10,1,1,1,0,0
57,6,1.5302174878843571,2.3488375275610527,-1.0427903759021693,4.3937395196084701,0.63692489262435714,-3.7069911628263501,0.0517075830465,0.00445906732178,8.7304680154363133e-09,0,4.3652340077181566e-09,10,1,1,1,0,0
58,0,-5.96524225233662,0.80874077508900544,-0.20124248566393088,0.4162931746916661,5.2120999719754346,-4.640064965967623,1.01085039158,2.40935184332e-05,1.0218186909912216e-06,0,5.109093454956108e-07,20,1,1,1,0,0
59,13,2.3951269849048344,1.5900144875451845,2.7484999370048429,1.7335721831859525,-3.0171029000264618,3.7090127135589457,0.24024501893,0.0266018302195,2.7328243157640587e-07,0,1.3664121578820293e-07,16,1,1,1,0,0
60,9,-2.3179217353668822,-5.3402797547803829,2.2955634235677422,4.6426324314845404,4.3702917729282547,3.7995419815498455,0.143370883249,0.065068918049,1.3102944285771387e-06,0,6.5514721428856935e-07,24,1,1,1,0,0
61,4,1.9173337409136662,1.0564463515628864,-0.97820034964670444,4.6238681162290129,-4.7502819155588396,-3.4246046186710224,0.0221844609276,0.000334158135968,5.2616439335773206e-10,0,2.6308219667886603e-10,24,1,1,1,0,0
62,5,-0.9148146235397574,-3.785661165352689,2.1287956384186888,-2.9832562451105922,4.390882192520241,-3.4828459381686554,0.0476663463417,0.00501237555036,9.9252608038851531e-09,0,4.9626304019425766e-09,18,1,1,1,0,0
63,15,-0.13331899354046556,5.8213092305737346,1.714735222298696,0.17552503687108187,4.3052182124246663,-4.5326483443224799,0.0394360016223,0.0202137827792,1.2602096643600872e-07,0,6.3010483218004362e-08,13,1,1,1,0,0
64,2,3.095247826981816,2.536187955811342,-0.78392085296247394,-0.99079015605966336,3.8260750867068389,-2.5424025783575814,0.44448697018,0.803777454695,0.00019699814957028724,0,9.849907478514362e-05,25,1,1,1,0,0
65,15,-1.8923868738127927,-1.851807912152478,0.66737352397892225,3.4814362295683523,4.303003536486953,-2.1216658243361857,28.4715868366,4.06847701594,0.0058528126909219826,0,0.0029264063454609913,60,1,0,0,0,2
66,9,2.3155693371553996,1.320141037073294,1.6627928313998608,5.7532725423915361,4.8506614997529036,-1.2402571232836033,0.0151493971279,0.554394487819,9.3625382911008008e-05,0,4.6812691455504004e-05,21,1,1,1,0,0
67,6,5.4391643263631053,-4.534972611303008,1.8818251574722129,-3.1344195354370576,5.6484692199913491,-2.9760971824727802,1.30336542907,0.0773316345999,3.5204289640100046e-06,0,1.7602144820050023e-06,20,1,1,1,0,0
68,3,-4.2291379383271073,2.5202342109615103,-2.0418985469667961,5.4956209310018735,2.6870750238251264,3.1610025463343479,0.0678562649763,0.501114238386,7.6498754032441546e-05,0,3.8249377016220773e-05,23,1,1,1,0,0
69,4,1.9014235386324092,-4.8429133266823525,-1.3817710670721284,5.2121910440599635,-5.3096309931369161,-3.6404272999665421,0.0499543585625,0.132063137632,5.315228039765612e-06,0,2.657614019882806e-06,19,1,1,1,0,0
70,3,-4.1437124750359864,-3.4263243756171518,2.5841666632574869,0.12912261354926727,-4.5309587387092654,-3.9122297816572389,1.88786571319,0.0388389483128,4.0235413339535706e-06,0,2.0117706669767853e-06,39,1,1,1,0,0
71,15,-3.2690424709434156,-5.4363453720358059,2.1641378842255961,5.0153930874571353,-1.7172559058812402,-1.6522054365497902,0.0478101899939,0.0402079656093,4.9475485632188749e-07,0,2.4737742816094375e-07,14,1,1,1,0,0
72,14,2.1734737329188145,-2.9076421625440014,-0.33961748655671997,-4.1389528323671181,-4.1852708203603397,3.2025757002490409,0.236001139552,0.0321361113111,3.7028397925119878e-07,0,1.8514198962559939e-07,16,1,1,1,0,0
73,12,-0.75252255771549881,-4.6977876179804667,-2.8892216939404163,2.287245472967133,4.7624781384063466,1.750479397074197,3.63891584472,0.295339777224,3.9812140865625111e-05,0,1.9906070432812556e-05,23,1,1,1,0,0
74,6,-1.0133780373690995,-1.6750396879270377,0.95320289660164448,-4.1464346534753762,4.2352148638413958,2.7653211500995907,0.276905084692,0.000145761513049,7.6682897957604611e-08,0,3.8341448978802306e-08,19,1,1,1,0,0
75,9,1.2446142259294115,5.1528168827189536,-2.2980655159615364,3.2909260077014304,5.7757653702782399,2.6687028889468016,0.157249083097,0.199656053364,1.2167551246953568e-05,0,6.0837756234767841e-06,17,1,1,1,0,0
76,8,1.8758580334427808,4.1823951200823215,0.89325527520359771,1.3545268333863456,-1.8340402023631008,5.3615745038478133,0.484943171257,0.0322082173367,5.5117062791722273e-07,0,2.7558531395861137e-07,21,1,1,1,0,0
77,6,0.13020069780735408,-4.0582861552836667,-2.5800094694234139,-4.7498741067656152,-1.9552584824235777,-4.0266378548458199,0.687776097793,0.00511424331819,4.8100337696344534e-07,0,2.4050168848172267e-07,29,1,1,1,0,0
78,10,-1.7507692545667244,-4.6931009290246699,-1.804829956095136,1.0152316941248611,-2.8212362434775549,3.592579563418794,0.0542073738784,0.147365572539,6.6181967441069147e-06,0,3.3090983720534573e-06,51,1,1,1,0,0
79,15,-5.0338610312040739,-2.3431474085174346,-1.3330545085813215,1.9994528050202403,-4.7799453363515099,-2.7627055898079096,0.327840387108,0.0105922445238,1.4165606702200098e-07,0,7.0828033511000489e-08,13,1,1,1,0,0
80,14,-3.8054865179256669,-5.5564148144964713,2.5590447457830185,3.3962109235781766,1.0164218083538301,0.92362095587845872,0.206441717343,0.0117130778013,8.4410532543145104e-08,0,4.2205266271572552e-08,17,1,1,1,0,0
81,2,2.8612625047432281,-1.3507168460347423,1.9345206782598399,6.0924968897434226,-1.4320349315616687,-0.82669894972227165,0.0551768860712,0.00433231077645,8.761827722802786e-09,0,4.380913861401393e-09,37,1,1,1,0,0
82,8,2.3430867712822678,1.5689418512557627,2.2125304803592378,-2.1485598908290844,5.1562096124019456,-0.34717709112860357,0.0624423876231,0.0108864426999,4.0000673988612797e-08,0,2.0000336994306399e-08,24,1,1,1,0,0
83,4,0.49577532656646378,6.1760576678659387,0.75223510583386899,-1.7530366226047933,-4.9803742309154595,-2.0956486939851584,0.0372881779612,0.154763809738,7.2975371347700354e-06,0,3.6487685673850177e-06,15,1,1,1,0,0
84,11,4.8228888430837786,-2.6931037435901546,2.1689178843394452,0.36577566317378596,1.6198795787019509,5.2169257032387701,0.407383531386,0.237871666459,1.7402107392012391e-05,0,8.7010536960061954e-06,54,1,1,1,0,0
85,7,-3.4389864621420076,-1.9350076804683423,1.1336969479628434,-1.635812396653717,-5.2904714671457844,-0.56937863753004114,1.64830664781,0.241102524617,2.0424455603723513e-05,0,1.0212227801861757e-05,10,1,1,1,0,0
86,0,-0.21303872852058661,5.4219302356153083,-0.87079815101954028,0.76792306889775208,1.7474523391998711,5.1893892623079365,0.0508956335875,0.0208628284214,1.3517741554016473e-07,0,6.7588707770082366e-08,29,1,1,1,0,0
87,13,-3.3248774020140814,-1.9411944894490258,1.2522091192996634,-1.2629858924632582,1.9434014368773354,-4.6575812232758453,0.0940979963235,0.173611648955,9.190329500031977e-06,0,4.5951647500159885e-06,16,1,1,1,0,0
88,13,-4.059260732993228,1.8914520575365448,-0.8042736409046356,5.6924282510900186,5.001686981037091,-0.31862476124753181,3.58882366945,0.0637558177562,1.4117865527493121e-05,0,7.0589327637465603e-06,14,1,1,1,0,0
89,10,-3.7171185336495625,-4.4153446274906898,2.1970148747015505,-5.3024560042633979,-4.5120803919220549,-3.8547136499272812,1.30679677188,0.132596425261,7.0634440071592711e-06,0,3.5317220035796355e-06,15,1,1,1,0,0
90,13,-5.3694022031353246,-0.049879936086605695,-2.0313922233519341,4.038898403323989,-1.7058271177696398,0.73227161419065312,0.0044003175981,0.177049244528,9.5486895083189225e-06,0,4.7743447541594613e-06,19,1,1,1,0,0
91,2,-1.8202167761782286,-3.0764904237601618,-2.0268752088020117,-2.6694680170217158,1.4104569949836587,0.48424600009355501,0.0913033542915,0.0167106664923,9.3399612625116904e-08,0,4.6699806312558452e-08,10,1,1,1,0,0
92,3,5.3959084583054953,1.8710221374087517,-0.30133254041330804,-0.71109485331962485,3.3820943898949585,1.3834008525526322,1.19004603121,0.0169089751144,1.503303770597568e-06,0,7.5165188529878398e-07,27,1,1,1,0,0
93,7,0.93941701248392095,-6.1533903707144653,-0.18413469491435894,-1.9985901226951652,2.8449830198201127,-3.1262315441042894,4.35337438512,0.325083582698,5.1143635114945398e-05,0,2.5571817557472699e-05,22,1,1,1,0,0
94,11,-1.7883121668595829,-5.628631658149696,-1.802304686318795,-6.0649234975043225,-4.1508394787411946,-5.4259956721026539,0.083006584142,0.00128174924166,7.3905432182595304e-09,0,3.6952716091297652e-09,11,1,1,1,0,0
95,3,2.7845846460075863,4.573722752643155,-1.1409689953995237,1.1846349330829771,-5.1172949107141621,-4.8775644104306144,0.0697289640607,0.0911289568667,2.534553463889347e-06,0,1.2672767319446735e-06,49,1,1,1,0,0
96,6,-4.3642476567181525,-0.027622542276028575,-2.7681906046129119,-0.13782388528204548,1.7755577359619998,4.5281711224747418,0.850375035056,0.0063721351936,7.3550641853013143e-07,0,3.6775320926506571e-07,18,1,1,1,0,0
97,5,0.12690859409780295,-3.5033976104765525,-2.5499570276282695,-1.6337799611775727,-4.1283052919770062,4.1458358926517009,0.235524263678,0.0277740455298,2.9045282687343485e-07,0,1.4522641343671742e-07,18,1,1,1,0,0
98,6,-3.1964189447884124,-0.34028624594936746,0.84668422218591122,-1.0016147146402072,5.0112602966926678,5.369005570458901,1.33488839333,0.0915967842623,4.3376583063961685e-06,0,2.1688291531980842e-06,37,1,1,1,0,0
99,15,-1.4352755520088756,3.0622669672003653,2.1981144445304679,1.7332565017898751,-0.66848573342122974,-2.0135865690326904,0.0543944610226,0.0179439625671,1.0104123874302073e-07,0,5.0520619371510365e-08,6,1,1,1,0,0
100,1,5.5230177327796168,-3.6387038744244276,-2.3120897322488299,0.97209560891202329,-2.6185344805431812,2.7166215813697696,0.0653777195583,0.448621612278,6.1311987691385815e-05,0,3.0655993845692907e-05,10,1,1,1,0,0
101,2,4.8272370811006526,5.987579853198258,0.37029836374366926,4.4534492650169444,-4.6024651444929949,5.973073971131158,0.486865346329,0.0478288389678,9.3388001607536613e-07,0,4.6694000803768307e-07,11,1,1,1,0,0
102,12,-3.9068440771717383,2.572471369824807,1.0052697471628012,0.12161328696201731,-5.2351535022785196,-2.9403186300958883,0.0696849250852,0.00311176265058,7.8056196063966969e-09,0,3.9028098031983485e-09,13,1,1,1,0,0
103,9,-3.4813928316245306,4.7933600660242854,0.38488938073608236,-2.2664745540264803,1.7482156976695513,-5.0605316709237993,0.614543570287,0.00212470539165,3.7903895643612663e-07,0,1.8951947821806332e-07,9,1,1,1,0,0
104,13,-1.6836102805940971,-0.64284067891148811,2.4793590079367411,5.3217671493063676,-1.3394356528301401,-2.4887864281685013,0.411826255902,0.0455393234483,8.0132560267410299e-07,0,4.0066280133705149e-07,47,1,1,1,0,0
105,7,-5.9974868655982165,-0.79587494673932468,-1.2152696450720901,3.0904678720784555,-1.6293660196165713,1.788896109850806,0.0575300511242,0.00272086091445,5.564815164169103e-09,0,2.7824075820845515e-09,27,1,1,1,0,0
106,14,-3.3431954073012853,1.2795313609395995,-2.3967731684154998,-0.27316630398949049,-3.9696331318293727,1.782458146572889,0.0258011901409,0.0082035396978,2.1165863895071427e-08,0,1.0582931947535713e-08,35,1,1,1,0,0
107,8,-0.071656528121735591,-3.9156389972611829,-0.83233316373463795,-0.15633464426749516,-1.3881062153045194,1.2897080628213755,0.0851096375522,0.0151585128681,7.7238797199993345e-08,0,3.8619398599996673e-08,16,1,1,1,0,0
108,4,6.1102409061943854,1.36947967191418,-1.7698070351621191,4.7902542070693404,-4.2514163966948963,-2.0166248847621047,0.395141879978,0.0543729757766,1.056714288244676e-06,0,5.2835714412233799e-07,13,1,1,1,0,0
109,6,-3.3526077852247593,-0.55824053592363865,2.442972071791091,-3.263454978591823,2.3543994926778802,-4.9493606775624537,0.0733671149911,0.0311108525462,3.0021740943182083e-07,0,1.5010870471591042e-07,16,1,1,1,0,0
110,14,-0.11583852399095855,3.0999264381623033,-1.5633274153593355,-2.6347267350086523,-4.5453119992583551,-1.0144468284777526,0.908933595309,0.0744001655452,2.5123348651613481e-06,0,1.2561674325806741e-06,54,1,1,1,0,0
111,5,-3.3503342458557763,-2.279613919071787,-2.4970833392751084,4.0168017415799264,-3.8956036906166971,-5.4345619825289919,0.00802609233205,0.236713722676,1.7068810036640784e-05,0,8.5344050183203921e-06,12,1,1,1,0,0
112,5,-1.8325473356621225,0.97236103879801328,1.8672378077047731,4.8842965928806112,5.3688228687478032,-4.2951385780376725,0.0319825547769,0.0179970519362,9.9686601330776272e-08,0,4.9843300665388136e-08,17,1,1,1,0,0
113,12,-3.9999596273154974,-2.777102619238708,-2.2521320756159779,0.047848957846196222,-0.76354285224655793,5.2471849911157555,0.0343471212164,0.0415390487187,5.2679481880073881e-07,0,2.6339740940036941e-07,15,1,1,1,0,0
114,8,4.2061414360299789,2.7646669203472598,-0.014234754726063725,0.14540906296228662,-0.72108691009550485,3.0202744370209706,169.785554775,0.229250302126,0.028843143992377408,0,0.014421571996188704,60,0,0,0,0,3
115,13,5.0284902470378823,-2.3295501097792854,-1.6797977467412686,5.7947231560412442,4.3621449784107478,2.3899042991221155,0.04695704678,0.00453141191953,8.4598851225422755e-09,0,4.2299425612711378e-09,8,1,1,1,0,0
116,4,2.9235242956517911,-1.1580180372641795,0.31836126609930593,1.7106554338984785,-1.4998965967506184,-2.179735402176493,0.831002362222,0.00885914456782,7.1447265437807147e-07,0,3.5723632718903574e-07,35,1,1,1,0,0
117,4,-5.2018249629646496,-0.82295253353352182,0.55872127410162498,1.4248683647065061,-5.1514694344885097,-1.5957256017596553,1.52444829647,0.212035422002,1.601924333300802e-05,0,8.00962166650401e-06,16,1,1,1,0,0
118,13,-1.2736917102424579,1.1093715891742313,-1.6427843055853222,1.478025316706562,-0.44898614755489619,2.0754235021312062,0.45780994102,0.0548792971332,1.1270175734339859e-06,0,5.6350878671699294e-07,22,1,1,1,0,0
119,0,-2.1902233686961372,-1.3797996206019807,-2.1324610907722996,-1.0864096534286765,-1.2172041333576422,-3.0054138588794044,0.0112371805239,0.116848817471,4.1592647333734602e-06,0,2.0796323666867301e-06,20,1,1,1,0,0
120,5,-4.9313469861794603,-1.0145031076870612,-2.948610481226865,-3.7901090758520311,-4.9545622766282129,-3.3242508280078615,0.169449029366,0.0693684276316,1.4945255250791576e-06,0,7.4726276253957878e-07,31,1,1,1,0,0
121,7,2.0017046374958314,6.1465621020654346,1.6588467410484902,-3.2176523174842608,-4.7550941158308833,2.6830688987892626,0.0468993754739,0.000611154262263,2.3133289298314788e-09,0,1.1566644649157394e-09,20,1,1,1,0,0
122,3,-1.7569459582047129,2.433735064205238,2.6178244938019533,-2.1709982229870262,3.821889475796465,3.2325846658435968,0.063589539277,0.00678869908472,1.8082360502416764e-08,0,9.0411802512083819e-09,21,1,1,1,0,0
123,10,-0.6454125526566391,-0.18108602210166705,2.2281040910018732,-1.1751949797536843,-1.1468597341131106,1.872609460582993,0.0288024533158,0.00780617352295,1.9391853523598527e-08,0,9.6959267617992635e-09,18,1,1,1,0,0
124,6,-4.5057784688763212,5.9571616222607764,1.1339728272961365,-2.5728192328440129,1.1363959986388064,2.9018967458860914,0.623956548512,0.0234150759775,5.5633308261592256e-07,0,2.7816654130796128e-07,26,1,1,1,0,0
125,9,1.5604006277498668,0.28422551209904606,2.5135489165955427,-4.0300653784196507,-4.8688094089151397,-2.4866131165231851,0.0146847582982,0.447913581571,6.1114565733085064e-05,0,3.0557282866542532e-05,20,1,1,1,0,0
126,8,-2.7778642580267636,-1.5307870157835661,-2.6369338845389096,0.8842681936559057,4.5651073531304371,-6.0722021762480418,0.127197140237,0.131663362173,5.296795478618349e-06,0,2.6483977393091745e-06,16,1,1,1,0,0
127,3,-4.0577331846278506,3.4635687773128061,0.57991188334471366,4.2302744484473278,-0.85607953003835813,5.8953423429652814,0.0201780768144,0.291021224487,2.5799477849701209e-05,0,1.2899738924850605e-05,34,1,1,1,0,0
128,6,2.4276416699859436,3.3864238789560095,1.1724476294153539,-2.8540053903835703,3.9763984487811039,-0.56965232417985334,0.0495135537712,0.0209089637116,1.3562568663191538e-07,0,6.7812843315957688e-08,9,1,1,1,0,0
129,9,1.7346887577514349,-3.6710218622245181,1.3920499290911201,3.719619937769723,0.25227187364657838,1.0672903432425818,0.0400035145579,0.0108347408577,3.7359810353272876e-08,0,1.8679905176636438e-08,53,1,1,1,0,0
130,8,1.2958191993948747,0.38700848513720687,0.85114922362000367,-2.6687768565800316,1.9876727259141551,2.8363994377354658,0.31353401659,0.231452097512,1.6416681129523897e-05,0,8.2083405647619485e-06,12,1,1,1,0,0
131,4,1.7966238774653565,1.018702791448248,1.2094873903352432,-1.0635396691128525,-0.74931841849628367,-5.8276329030646083,0.125120442642,0.00179530807098,1.6636947037043399e-08,0,8.3184735185216997e-09,21,1,1,1,0,0
132,1,-1.9947032437911663,5.7492309707876288,-2.4677633331129263,-1.9345836747489684,5.0639029035011855,3.654095428255979,0.0379168637681,0.0522444155761,8.3288452637704918e-07,0,4.1644226318852459e-07,20,1,1,1,0,0
133,14,-3.2253098616400511,-5.3729974216069616,2.5155498490057453,0.32726358618321089,-2.8598412647023279,2.0689701634891629,0.0233841681385,0.940556605717,0.00026947935069513871,0,0.00013473967534756936,23,1,1,1,0,0
134,10,-0.79062465103347335,5.8126948985418778,-2.6923624854911954,-2.1991863106886966,3.9187604918336687,0.35962342798165992,0.18980010231,0.367143197517,4.1096663395069829e-05,0,2.0548331697534914e-05,16,1,1,1,0,0
135,9,2.3558640616911291,-3.7025425086834978,0.97838469159418429,-0.28075405559818811,-5.0239069172237452,1.5691944861600948,0.173059769807,0.02219901976,1.800640756274698e-07,0,9.0032037813734901e-08,9,1,1,1,0,0
136,5,2.889455588163429,0.89386469584670125,-0.57949602993605487,1.3177235838407293,4.868916091623853,-1.2213122034296171,0.0954947494984,0.0116425590705,5.0409889168807691e-08,0,2.5204944584403846e-08,33,1,1,1,0,0
137,0,-4.0411369557858823,-0.42503143915837444,-1.1319327206166014,5.4412701569872217,1.6483632430523494,-2.7908398458035744,0.239071789899,0.0865414478262,2.3385637845024047e-06,0,1.1692818922512024e-06,20,1,1,1,0,0
138,0,-0.22709629300945205,0.67457457017973432,-1.972642429684986,-0.84341546540051571,3.2952484450069952,-1.2674788568428734,0.292890357107,0.00355230477475,8.9628688666702499e-08,0,4.481434433335125e-08,24,1,1,1,0,0
139,2,3.5684659685227045,-3.9457929970041117,-0.68740998060520764,4.7023889261665834,3.4804606321755545,1.7074480440568132,2.38317593705,0.129479225325,1.0786398925638035e-05,0,5.3931994628190176e-06,17,1,1,1,0,0
140,9,5.9554682082995081,4.3224818621949241,-1.9296563542317158,-0.97516633394843466,-1.550564142133114,1.1104039911272712,0.0354418566211,0.109587302457,3.6595215174824707e-06,0,1.8297607587412353e-06,8,1,1,1,0,0
141,10,1.6988811833768684,1.6820690822407243,-0.84882983333220563,0.51394301593360614,-1.5830678930271096,-0.65975183125859926,0.699687809557,0.0263936172109,7.0176654064599821e-07,0,3.5088327032299911e-07,16,1,1,1,0,0
142,6,0.32793421859716976,-2.3474192964840945,-1.3581978215053903,-2.0955856849224097,5.0772674987126454,2.0273047179659258,0.0633463237904,0.00194134565879,5.1608058655767713e-09,0,2.5804029327883856e-09,22,1,1,1,0,0
143,12,-1.5886747018622513,5.8632531373400445,-3.047470596137841,-5.9093487148409087,4.3549015553539334,-2.2434604028603746,30.1147728605,0.215696527601,0.00092107186746302825,0,0.00046053593373151413,60,0,0,0,0,3
144,9,1.1330669420793016,3.9599204959410366,-1.2290094507841405,-2.5455887184116603,-6.1282030577007696,-4.6493967195934829,0.783402870723,0.0239247164752,7.8808064979945926e-07,0,3.9404032489972963e-07,15,1,1,1,0,0
145,8,1.7131472503091703,-4.2911034204718872,-2.0273708299257556,-6.1528033542037166,-1.3682614409310645,-1.0405354187429541,0.189485414234,0.0209863956636,1.7006700776177713e-07,0,8.5033503880888566e-08,54,1,1,1,0,0
146,1,-2.7598443141126321,-3.7267639374026662,1.0372432694045979,4.6319659199940517,5.2149749514065746,4.6204932846269742,0.114181431278,0.326906181148,3.2566785588697656e-05,0,1.6283392794348828e-05,28,1,1,1,0,0
147,5,0.74592414149921238,5.9079150206838298,1.7512987780171938,0.17626465933862134,4.6584370462007572,0.62720818818509938,0.0167829354973,0.0138606799643,5.8804293173900191e-08,0,2.9402146586950095e-08,11,1,1,1,0,0
148,13,-0.14774967359178959,-2.1299734217018194,-1.4675409819534648,2.1444525153972105,1.492437041263339,4.7916502343136429,0.0437611854951,0.010563323142,3.5905409322964581e-08,0,1.7952704661482291e-08,25,1,1,1,0,0
149,0,-5.6238692791018829,0.24672958671498332,-1.1431221233625521,-6.1124499007264008,-4.9205171291038488,4.0119561265284798,1.20121027658,0.00252450235166,1.4448474895221015e-06,0,7.2242374476105075e-07,54,1,1,1,0,0
150,11,-5.1743477050010407,5.0351171525271994,-2.4398687612464847,5.6528648908877761,3.785813281829105,6.0082069549390118,0.820850092703,0.0328035087896,1.0015845991449335e-06,0,5.0079229957246674e-07,21,1,1,1,0,0
151,2,3.2544708686571129,-2.5985948555798637,-0.96963180160541595,-1.3720927625011103,5.1273366492473382,4.6467553879717567,0.0661234947368,0.0587619441757,1.0562059354655437e-06,0,5.2810296773277184e-07,18,1,1,1,0,0
152,1,-3.3472730703809943,-3.073265778880018,-2.569886001475068,1.402791296586205,4.4086759176598491,4.291909596491033,1.4520148189,0.0189009103357,2.2171699051837059e-06,0,1.108584952591853e-06,9,1,1,1,0,0
153,0,4.9050031032056474,-3.1396416783065089,0.26949866524417765,-3.9060292184695538,-3.0118329366210608,-5.4300427837822065,2.09748038519,0.0190077916541,4.5094810652821653e-06,0,2.2547405326410827e-06,11,1,1,1,0,0
154,11,6.1349589827545374,-1.9418441400378432,-2.1144881886120452,-1.8805232570473629,-1.3090837926737156,-2.4973845703807518,0.437579345953,0.0804752984118,2.164261454462374e-06,0,1.082130727231187e-06,16,1,1,1,0,0
155,9,1.7625984824746337,1.2968964183158826,0.15996695244240441,3.2096494887754776,1.517302414965898,2.8460386724167277,3.26782176118,0.383098017253,5.5385557726671825e-05,0,2.7692778863335912e-05,28,1,1,1,0,0
156,5,4.8717784105646507,1.092987268396469,2.8084298873269073,3.9642516292715024,4.0073871062694497,-3.7687839868853299,0.27725868325,0.00887292238504,1.0085452662862182e-07,0,5.0427263314310911e-08,17,1,1,1,0,0
157,12,-4.2638791509747449,1.3104585903703414,-1.1976520828774442,1.227389227754947,4.151471998640198,0.1164570291548073,0.0974799238437,0.182625539919,1.0169129275027793e-05,0,5.0845646375138965e-06,17,1,1,1,0,0
158,0,3.5525601342009918,3.8033897783378481,-0.71675522144909387,1.0155592746411441,-2.5836694097946888,-0.62893475933773157,0.0422803327807,0.0967355793041,2.8523280805253375e-06,0,1.4261640402626687e-06,19,1,1,1,0,0
159,15,-3.1087199603477789,-0.4157823931687562,-0.55010623019808103,1.4482349157373844,-1.3080673802919132,-0.40581100028294514,0.266192202932,0.0202312321498,1.9553903782724744e-07,0,9.7769518913623719e-08,9,1,1,1,0,0
160,4,4.519824786246291,4.3241838837749587,0.63674106928946073,3.1696057384353415,5.1794759481684558,4.1909606347691533,0.252082846194,0.022550107763,2.1844596132900386e-07,0,1.0922298066450193e-07,11,1,1,1,0,0
161,14,-4.7890409853514928,-3.7429751698738487,-0.23144930741961248,-0.44083580368348363,-1.4828386526416319,-5.4500983342900922,56.525608316,0.025378715616,0.0031953405932378539,0,0.0015976702966189269,60,0,0,0,0,3
162,2,6.1087041713423407,1.6146676023296394,-2.2950771074330851,-4.4814168416492333,-1.3003376583182367,0.79911802177685232,0.0808356076934,0.0924295850632,2.6089505248692862e-06,0,1.3044752624346431e-06,16,1,1,1,0,0
163,14,2.5861689114849176,1.0484784129857683,0.88903275035363027,-5.5129555337279239,-4.4178501529998888,-4.1676582115842802,0.357305451222,0.0479366595615,8.2765466109876393e-07,0,4.1382733054938197e-07,15,1,1,1,0,0
164,14,-5.076814430231309,3.9818105649214832,-1.3503070817527552,-4.6008770772992431,1.5799212774403002,3.520192703343151,1.20005681596,0.016596991899,1.5240463186612194e-06,0,7.6202315933060968e-07,19,1,1,1,0,0
165,10,-4.4875514619174464,3.0636161281520078,2.5911561163108803,-6.2710632693122497,1.6645324590439494,-4.0917478430907526,3.23321257585,0.348138070433,4.7373330200168046e-05,0.0056067092131405786,0.00019188794149430137,51,1,1,1,1,0
166,1,-4.9222816665404769,5.6952816112195634,1.5018972000148989,-0.80737403784800466,1.5750001419614681,-3.5858011361170985,0.049017820957,0.00426257982316,7.9375194053801749e-09,0,3.9687597026900875e-09,14,1,1,1,0,0
167,8,3.2005956788570922,4.0391956546995553,-2.0850849349279184,-3.6457971960804576,-4.7846605648403031,1.3952445482195883,0.0464432842409,0.0100498222901,3.2923011518921947e-08,0,1.6461505759460973e-08,30,1,1,1,0,0
168,4,0.23011318619939808,2.7497196445632359,2.911367889896463,1.7097213854274429,4.299911716928345,0.72141013955740152,0.136616532198,0.00808437759948,3.8573006670357855e-08,0,1.9286503335178927e-08,11,1,1,1,0,0
169,6,-0.21190981359969091,2.905252720856033,-1.6260769015887977,3.0492435535458373,-4.4894184324255644,4.9524193497710822,0.443767214648,0.121555014422,4.6978410473698185e-06,0,2.3489205236849092e-06,57,1,1,1,0,0
170,9,1.2965275370641423,0.62557122011038235,-2.4958755225120988,3.5304082699593256,5.8970175939188181,0.24951006591671615,0.0336048271976,0.00361336068448,5.1064838081018568e-09,0,2.5532419040509284e-09,28,1,1,1,0,0
171,3,-1.5886117951269922,-2.6508576353239435,-2.6833304895704271,-1.2429594006310936,-0.32762902215582484,5.3656841594170759,0.193824343376,0.0237067202742,2.087654814993062e-07,0,1.043827407496531e-07,30,1,1,1,0,0
172,2,-1.3846129801879923,5.1171370776954461,-0.45342751210013049,0.98438063080152038,4.1199931330190216,-3.921952668134737,0.959427075412,0.163727705569,9.0863068555568341e-06,0,4.543153427778417e-06,8,1,1,1,0,0
173,12,-4.2286309160622642,4.8740430409427233,-2.6905678497688363,1.8417057155395009,-1.8056517496843343,3.1443858655576831,0.228650525061,0.00554526385063,6.1648033395568355e-08,0,3.0824016697784177e-08,13,1,1,1,0,0
174,15,-5.7421994591161454,-0.98056501642389193,2.4889208871602566,-0.42121281695859603,4.4678425292615787,1.0909102848578829,0.0749240322255,0.00396632580736,1.040577277742049e-08,0,5.202886388710245e-09,28,1,1,1,0,0
175,9,-1.4308427266948303,1.4116174154366257,2.2918987158320383,-1.6179273085527912,4.9814120014868468,4.2530000929788834,0.0867267659767,0.279107132743,2.3737459652554906e-05,0,1.1868729826277453e-05,7,1,1,1,0,0
176,14,4.9117357317888768,5.6122756866589913,1.1684754753351791,-4.9374045585036246,-3.2690636740430565,-3.4873957789805181,1.8134695801,0.0167777308881,3.3744193619846488e-06,0,1.6872096809923244e-06,9,1,1,1,0,0
177,10,-1.3840649295741363,3.5135152048212839,-2.7373812151369519,0.69173545422952343,-1.7174640025733936,-3.7144535306458835,1.12504282304,0.0970302451264,4.133654294419739e-06,0,2.0668271472098695e-06,19,1,1,1,0,0
178,7,-1.8424642737380845,1.1598513537716324,-2.0407849843164168,-3.9964395202438689,-1.1098108311821859,2.7999926011111476,1.17432928521,0.0134443446901,1.4341089918336052e-06,0,7.1705449591680261e-07,33,1,1,1,0,0
179,9,0.21265335411167205,3.6436392842671097,0.23479798258146523,-1.653252939048905,-2.1116644425680091,-5.3227578536784081,37.1450884888,0.000473755977238,0.0013797576672073173,0,0.00068987883360365865,60,0,0,0,0,3
180,13,4.8789936545325077,-0.70681849805900754,-1.5154815334757423,2.1907676877566633,5.2715186039342568,-1.7883099416953603,1.01423996541,0.0755796279147,2.7687427495693169e-06,0,1.3843713747846585e-06,22,1,1,1,0,0
181,9,-2.426081106564562,5.8191521711634842,-2.6153251290874491,-2.4426220213949326,3.3472437151373406,-1.5336726544634252,0.00812016663842,0.231932307664,1.6386227532747687e-05,0,8.1931137663738436e-06,16,1,1,1,0,0
182,11,-5.9749936519202009,1.1236623116177935,-1.320905838975055,4.9173390163556512,1.6834175176065418,4.4310981870915978,0.0479306521923,0.013017073294,5.3913001550540444e-08,0,2.6956500775270222e-08,44,1,1,1,0,0
183,6,0.067824487215020726,-0.8827037582783096,-1.7592658563592301,-1.8920870299080568,-1.6657517763550762,1.7046604335522149,0.0518677726068,0.0252608830599,1.9707036168336034e-07,0,9.8535180841680169e-08,18,1,1,1,0,0
184,2,-6.0559722535037581,2.1427222793069975,-3.0142217439289092,-1.1592369776544007,-4.7441779638957096,4.2680904434355353,0.426925495056,0.0108835833273,2.1834803853199998e-07,0,1.0917401926599999e-07,17,1,1,1,0,0
185,11,-3.5569416983114341,5.0346812104380829,2.1816797162557129,3.1763857900569334,2.1469519134704549,2.189213428512057,0.0728579575564,0.000364085851423,5.3486616097196453e-09,0,2.6743308048598226e-09,53,1,1,1,0,0
186,12,2.1301012848798537,4.810377426771173,2.5205435315855604,-3.8731313434630859,-5.0117334824206203,-2.699074035416813,0.234328340627,0.083824542262,2.1953204857941968e-06,0,1.0976602428970984e-06,13,1,1,1,0,0
187,15,5.8297180221410692,2.4256711733687313,0.39346532622044361,-1.4491139200367933,-0.7734712612838831,-4.0114618524966854,0.409725263953,0.00270811363858,1.7010881936543176e-07,0,8.5054409682715878e-08,23,1,1,1,0,0
188,9,4.9761028242418597,-3.3621466223029977,2.9105038164191965,3.767428105287995,-3.5719863489612957,-4.1894053185421987,0.310368800509,0.0245092443144,2.7931340756846758e-07,0,1.3965670378423379e-07,21,1,1,1,0,0
189,2,5.0184356933552055,4.7604742206137551,1.4376862427759018,3.9182998820502513,-4.8428768846084411,0.3671224451697635,0.0297263173374,0.00831214364031,2.1930199041559922e-08,0,1.0965099520779961e-08,28,1,1,1,0,0
190,12,0.44265721217390436,-4.866612207377977,-2.398380873639343,-4.2673987974185419,4.874753308772716,0.81225604614215785,0.031953789837,0.072342709455,1.5952264449719474e-06,0,7.9761322248597371e-07,18,1,1,1,0,0
191,0,-1.9468024788654585,4.329862350185758,-2.5576091532284413,3.7120016995339111,-5.0654321713422714,-0.30234510979097523,0.0750106917756,0.00578435951417,1.5818741771785906e-08,0,7.9093708858929531e-09,32,1,1,1,0,0
192,13,-1.853730785845729,-4.1185908662013055,1.2978331315535463,-1.7942343531861202,-0.337710215728243,-2.6413589362787921,0.0563169992343,0.00256371833916,5.1737486116356186e-09,0,2.5868743058178093e-09,30,1,1,1,0,0
193,6,-3.1983265603854214,-3.7102070619278971,1.9867992641912464,4.5279721205412997,-1.7716748524513013,-2.0584166409018576,0.0414893638157,0.0333107218433,3.39726132567809e-07,0,1.698630662839045e-07,16,1,1,1,0,0
194,11,0.3053827586687477,-5.2537809623183911,1.6617313060305918,5.0231622867282439,-2.1966373928905214,1.096955109103434,0.0849875159525,0.0119341747817,5.060787001622711e-08,0,2.5303935008113555e-08,22,1,1,1,0,0
195,9,-1.8473038048324915,6.0318584194740126,2.2703219251455473,2.5111239536868171,-4.699616779780909,0.31831222033786455,1.00331648918,0.0341803987337,1.3625284046988248e-06,0,6.8126420234941242e-07,11,1,1,1,0,0
196,1,-2.6087103861267074,-2.9464374396152753,-2.8810426951220611,5.4168867055529608,1.7368157015311558,-5.0648789883073571,124.653377465,1.51199115752,0.016234855654592643,0,0.0081174278272963217,60,0,0,0,0,3
197,2,-2.697057046191822,2.1715914025537728,-1.9768420499267221,4.5291673301850475,-5.7347263261948784,-4.4352481222571862,0.313857637614,0.0577760650921,1.1153420134882192e-06,0,5.5767100674410959e-07,18,1,1,1,0,0
198,2,-1.1523464224474889,0.3487116238541319,2.810079181245106,5.789642005760804,-1.5240109778731172,-3.8342306349000963,96.3984895008,1.3994769726,0.0098892728990374774,0,0.0049446364495187387,60,0,0,0,0,3
199,6,-1.9221489247891808,-4.7558470823490264,-1.7581767673230295,-3.9614087433286125,4.274642091143007,3.3492676482462058,0.0253644310831,0.000987880090524,9.4063265877310312e-10,0,4.7031632938655156e-10,38,1,1,1,0,0
200,8,5.4039587894220613,5.5286214973994916,-2.2416533273607229,4.5427626651470696,-1.6219094951411701,-3.4088927152023292,2.94806945681,0.214500034834,2.2706641713089421e-05,0,1.135332085654471e-05,30,1,1,1,0,0
201,4,1.2979894444793629,-0.69498342790647816,1.3616703109144508,0.80444010261653631,4.5336272279649235,-0.56713240642643858,0.00748993430604,0.00380403961626,4.4641317133997561e-09,0,2.232065856699878e-09,13,1,1,1,0,0
202,3,3.5241412511136638,-1.1747149961995851,0.6999286473308145,-4.2657125357973023,-2.0832502512397371,4.4785148116004283,0.162717864625,0.0129622275907,7.7658722545721852e-08,0,3.8829361272860926e-08,9,1,1,1,0,0
203,13,-1.3752041376567115,0.92963989986195528,-0.14051624631876758,-2.045778892759595,2.5387148320102524,-6.1629171200144972,37.5816915267,0.000534351461606,0.0014123836249889991,0,0.00070619181249449953,60,0,0,0,0,3
204,8,-3.856266320444381,-0.35486168398792983,-1.6049290525768849,3.5617778751596849,-1.7677596148848753,5.2867267840823144,1.20088795993,0.0446800053864,2.0502405251164732e-06,0,1.0251202625582366e-06,12,1,1,1,0,0
205,3,-2.5820456215390051,1.7432773748837878,1.5896632100081209,-0.61635560737708417,5.405331544829818,-2.9551025451461514,0.025962297477,0.0297634832636,2.7052393196867554e-07,0,1.3526196598433777e-07,14,1,1,1,0,0
206,10,-2.2940229353723036,5.6347140381421301,-2.0610356900380342,-2.2180985317638324,4.032955021183203,-2.7610751697691347,0.427211608935,0.058773696356,1.2347641457706453e-06,0,6.1738207288532263e-07,45,1,1,1,0,0
207,3,2.8143399395676996,-0.81360152974933686,1.14828111739142,-3.9034325253042619,5.3663282318358938,4.8704967352876434,0.231943565771,0.182825444289,1.0235678658608858e-05,0,5.1178393293044289e-06,25,1,1,1,0,0
208,0,-4.2164335008831868,6.1811277702608871,2.0554734615799566,-0.61157110050158303,-1.5072193370916038,5.6885939277513549,0.0856033940645,0.00731415651379,2.3624024305525599e-08,0,1.18120121527628e-08,6,1,1,1,0,0
209,3,1.9030291261459622,-5.0897332848085242,-0.27299959506731436,-2.7302426906124526,-4.8666484681730235,2.4988017899310524,72.1429443579,0.0356581935759,0.0052049917437366052,0,0.0026024958718683026,60,0,0,0,0,3
210,3,-0.014336691414604724,-2.3276241647030602,1.4323023999779423,0.60984946996974643,3.9857377236803626,1.1849419104245931,0.415836427813,0.858073083481,0.00022445950223421931,0,0.00011222975111710966,15,1,1,1,0,0
211,12,0.013205952376733389,-0.82882045913931857,2.2234986351898409,-4.2136151544717872,1.2844779665722614,-0.62726967271258316,0.353499893117,0.134389280916,5.6264986342941696e-06,0,2.8132493171470848e-06,12,1,1,1,0,0
212,8,1.7320254203164138,-2.6473539102375567,-2.4702885825703036,-2.070716800905835,-5.2249850516442145,3.486110408915454,0.14536552723,0.00914478816983,4.6605423368438777e-08,0,2.3302711684219388e-08,14,1,1,1,0,0
213,14,-3.4004572058630926,-2.9462098006478876,2.7443982273045626,-6.0816030571695583,-4.6735378171586115,1.0430140800345493,2.82755834494,0.000219497809679,7.9951008702800908e-06,0,3.9975504351400454e-06,60,1,1,1,0,0
214,14,2.9711014254461547,1.298181046139129,2.5986539417142587,1.3669789900916305,1.5504252709419799,1.5059013752336645,0.0919641981287,0.0596324129198,1.0916844736055254e-06,0,5.458422368027627e-07,12,1,1,1,0,0
215,8,-6.0803204353571934,-1.6407489824595296,-2.1009335208424567,-1.248104712562828,-1.5001036822717857,0.51351087952317642,0.0176641999093,0.184402568521,1.0358616368358474e-05,0,5.179308184179237e-06,46,1,1,1,0,0
216,5,1.5568702584436138,-1.7488467553985698,0.45140298258871636,1.6935230051398715,-3.4879367056478277,-1.9249860068293223,0.617460323979,0.84518680914,0.00021798189103327487,0,0.00010899094551663744,28,1,1,1,0,0
217,1,-0.050270702747733029,2.7300428425431482,-2.6130954121331706,1.8878875469622758,5.015598925761223,-3.470369694984853,0.0114661060266,0.100970559881,3.1057225043091264e-06,0,1.5528612521545632e-06,16,1,1,1,0,0
218,7,-5.5039646127897406,2.629038006330505,0.041682877968578502,5.5655170434668229,-1.7353292741320145,-5.4232236327980736,3.7980870575,0.000618970943457,1.4425582002940243e-05,0,7.2127910014701216e-06,60,1,1,1,0,0
219,4,3.6845545606969581,0.29188037069451428,2.1034269663727243,4.86080492107887,3.2842512831757884,-3.5646185377085708,0.566956227437,0.310990870789,2.9782611118298267e-05,0,1.4891305559149133e-05,14,1,1,1,0,0
220,4,2.7639982424692149,-4.9596199216051549,-1.9271685866570671,1.4617911652921403,-2.144756193780319,-0.95608441172094061,0.287375692273,0.0013691441273,8.3155810812080086e-08,0,4.1577905406040043e-08,13,1,1,1,0,0
221,14,2.8556689239259123,1.9977357308395696,1.1008573664686316,5.0458675278688556,4.0447077533813944,4.2967525275157863,0.0224129190291,0.0134642912195,5.5725559171041072e-08,0,2.7862779585520536e-08,26,1,1,1,0,0
222,10,-4.9481541464877719,4.8508388680569698,-2.3106985683487902,-1.4185848103049001,-1.1515935533587125,-0.0077234198823687133,0.0245764104836,0.121789218987,4.5188765631407886e-06,0,2.2594382815703943e-06,20,1,1,1,0,0
223,11,0.71950480419269669,2.1367926677773594,0.56208538237273664,0.36012000286690965,2.4072378742841147,1.4182999430391279,0.556086338119,0.0950335255085,3.0603449376333562e-06,0,1.5301724688166781e-06,11,1,1,1,0,0
224,3,3.763211121263895,3.4569766487231091,-1.112105740223124,2.4113383717881733,1.5144857999100041,1.6975304321108393,0.828895477951,0.206761816642,1.3709599127942753e-05,0,6.8547995639713767e-06,15,1,1,1,0,0
225,12,3.1340972539628509,-2.3871500608105753,2.2379363550265357,3.2668259985859427,3.6607488398600276,-0.22681273919500555,0.0927962028858,0.0145357208851,7.2972891378365187e-08,0,3.6486445689182593e-08,13,1,1,1,0,0
226,12,3.5539696369657428,4.3067705321808356,1.6246129630399304,-4.6630314219647717,4.7326362960966621,4.311724855478392,0.860713977427,0.00646245346951,7.5355038110199746e-07,0,3.7677519055099873e-07,16,1,1,1,0,0
227,14,6.1891819618335271,1.4439578160857378,2.9243180876135479,-6.1950582535431256,2.3294328182398027,4.7337792133608456,26.9608905769,0.00629568202453,0.0007269016943982498,0,0.0003634508471991249,60,1,0,0,0,2
228,10,-5.2188111537072075,1.06730511157649,1.4452674016223042,-4.4482001841220269,1.6997535803411636,3.7308293828851995,1.02118946927,0.00200765136335,1.0440557426226934e-06,0,5.2202787131134668e-07,13,1,1,1,0,0
229,15,-5.5162383016716259,2.0732020666951771,-1.4485338549423725,-1.6389704655366364,3.3369088738444268,-2.6969977682495281,0.0737962438674,0.136415159444,5.6741006102720974e-06,0,2.8370503051360487e-06,31,1,1,1,0,0
230,9,0.73765937917227986,-2.9415672396013535,-0.81105950219482004,1.6893954839369563,-5.0394648400794182,3.360105495933019,0.00437977370852,0.115924523114,4.0936188731353807e-06,0,2.0468094365676903e-06,22,1,1,1,0,0
231,9,-2.0526157085495176,1.4350764334210593,1.2853481469348824,4.3444700569095822,5.006344380217719,-2.3648582517980841,0.0292568711981,1.84359345986e-05,8.5606804679396253e-10,0,4.2803402339698127e-10,19,1,1,1,0,0
232,15,-2.8057395269805778,-3.2873704355486439,-0.6029700485616506,4.8911875749613554,5.9077803008275787,0.15064127772318858,3.1128444092,7.64649916293,0.01782035031902476,0,0.0089101751595123801,60,1,0,0,0,2
233,4,0.17463014777937738,-1.3396478552978297,-1.0888054466491659,-1.3512842236480964,4.5405166536417774,1.2275503719263134,0.0577869605121,0.00546295461784,1.2430296442637933e-08,0,6.2151482213189663e-09,52,1,1,1,0,0
234,15,1.9801345966800508,-3.1786233781235946,1.8685577785079726,2.8434576734930141,3.5101226517577309,5.2692926890762495,0.0238044423994,0.00229149312775,2.1661795020435405e-09,0,1.0830897510217703e-09,21,1,1,1,0,0
235,1,1.4000334851454106,-2.4865893138820359,-2.6082040744491031,0.014936580501628193,4.8238597443759943,-0.2003537883775213,0.0563607655419,0.000883100687813,3.414096912416605e-09,0,1.7070484562083025e-09,6,1,1,1,0,0
236,14,-3.6782778831518801,-5.4713614678157256,-0.77151436264281059,-2.1757985494267222,-4.3961742633207788,-4.3740305878394636,0.262992853525,0.00393403582628,7.387969450374746e-08,0,3.693984725187373e-08,12,1,1,1,0,0
237,1,5.5649733372617858,2.0037462792679022,-0.4808567638818031,-0.89823766641629099,0.11792141002699477,2.9267986575553135,1.42762956418,0.0152025376189,2.1085284824276407e-06,0,1.0542642412138203e-06,7,1,1,1,0,0
238,8,5.4698106087245595,1.6511642428299915,-0.82833773448778902,-0.27853593876366184,3.7893073350340969,0.76086208441282555,0.332594017569,0.0648855236563,1.3930980775825685e-06,0,6.9654903879128423e-07,15,1,1,1,0,0
239,1,-4.5952391216946111,1.2491170884674525,-0.59755019477497073,6.0795734187214077,-0.96437159192935329,1.176719549487292,0.285905289954,0.00549492107882,9.0939501223548957e-08,0,4.5469750611774479e-08,19,1,1,1,0,0
240,2,-5.2628786015471736,-1.2802085205148801,-0.58848409652194822,1.804032688445079,1.9087646166738659,3.6521057927069855,84.6337224005,1.68982395489,0.0080327035322009018,0,0.0040163517661004509,60,0,0,0,0,3
241,2,0.63130653075275467,4.7042378589001306,2.4041838442245633,-2.8551089518913768,-4.4045640732804339,-2.0899375321661062,0.0366905482679,0.101599206604,3.145728679462791e-06,0,1.5728643397313955e-06,13,1,1,1,0,0
242,15,4.0649604125838099,0.93614528698262067,-1.2470692822886482,2.4528101617744755,-0.3194375405756425,-2.8458207341279853,0.0277967857021,0.0202638953766,1.2585632815065011e-07,0,6.2928164075325057e-08,12,1,1,1,0,0
243,5,5.1734533022138098,-3.4004069380937509,-1.9959499049695006,-4.7855460683403939,3.1181565659841857,4.7740672679107927,1.02828945384,0.0255789978759,1.2566858496880345e-06,0,6.2834292484401724e-07,15,1,1,1,0,0
244,3,-4.1667462973747433,1.0670738184738517,0.49825382661232093,-0.32278139492976099,-1.0339734735618886,-0.63555360705919117,0.868893947801,0.318328030323,3.1622692934503529e-05,0,1.5811346467251764e-05,36,1,1,1,0,0
245,5,-3.2192923230403734,-4.4384082681690167,1.8878717577006308,-5.4318796796153173,-4.538279000334505,1.7470529981507825,0.0189898129754,0.0189928785568,1.102450829942712e-07,0,5.51225414971356e-08,14,1,1,1,0,0
246,10,5.6485784487942619,3.3222511119556839,-1.608629564095704,3.174424541497328,-4.964782732671587,-1.6163090098757729,0.241328855669,0.0213437766774,1.9701015443005252e-07,0,9.8505077215026258e-08,43,1,1,1,0,0
247,11,-5.0965067096872172,-1.6830643861317764,-1.6340250963049019,5.8306379732174545,-1.0009953852191167,-4.8980671256450821,0.665391380919,0.142058031528,6.5900727539140624e-06,0,3.2950363769570312e-06,20,1,1,1,0,0
248,2,2.1178357573580615,5.4915735755850603,-0.81574866375281696,3.017417375052954,4.613044835017436,-0.40886108914972602,0.421410887456,0.00366238274934,1.8167298395775768e-07,0,9.0836491978878841e-08,30,1,1,1,0,0
249,0,0.050491178650049089,-2.3588903114535062,0.99561440439215287,2.9290482163846598,4.87003585897566,-5.185166514805176,0.780726769128,0.00754637693005,6.2688158138402936e-07,0,3.1344079069201468e-07,47,1,1,1,0,0
250,9,0.47131732822491157,0.58881131698274369,0.30254545075612937,-2.3455338300004307,1.0190109690370324,-2.1300296102291778,1.36152925493,0.00311518387368,1.8567180323395301e-06,0,9.2835901616976506e-07,29,1,1,1,0,0
251,2,1.8302424412397922,-3.1661940734301903,2.6088957223413054,-3.9465299508603553,2.3666223086865021,-2.207066697612948,0.117404575373,0.0054766686539,2.2920498607028394e-08,0,1.1460249303514197e-08,14,1,1,1,0,0
252,15,-2.5843627462266046,-0.29299166054762665,1.1493070123638742,3.7246087784816564,1.3846829151827853,-0.71955208394427728,0.0345864557724,0.0754915428623,1.7372026869388865e-06,0,8.6860134346944327e-07,17,1,1,1,0,0
253,4,3.2591388147321956,-0.39136107265102615,-2.4845843182996128,-0.24301460261298172,-3.9646406027804968,1.5256094770277073,84.0109870628,1.76902958632,0.0080111357071898405,0,0.0040055678535949202,60,0,0,0,0,3
254,9,-3.4724093669682681,4.2144359349962892,2.7830924826842378,-1.6849428059090035,-2.1320496263003381,3.9451850019742474,0.397136228168,0.00504213818092,1.6546152034432743e-07,0,8.2730760172163713e-08,15,1,1,1,0,0
255,11,-4.1837095698727227,-4.5406560171230268,0.37486770908776207,-5.0092582131487005,6.0173328475617343,5.006705088252934,2.36404929029,0.0858654088353,7.8346332058645119e-06,0,3.9173166029322559e-06,14,1,1,1,0,0
256,13,1.1420201253333322,2.7435092663964151,2.2879779354369529,5.967835794247331,1.7437198057939491,3.6360858717770563,0.42714237972,0.000822034070226,1.8265645473161054e-07,0,9.1328227365805272e-08,13,1,1,1,0,0
257,5,0.90838772297604009,-1.7024989508249659,2.6280230299226472,-4.310051617401391,4.6612669292338431,1.2117110595758682,0.0536030472896,0.00923190350685,2.8835233035866887e-08,0,1.4417616517933443e-08,50,1,1,1,0,0
258,13,-5.211102506372967,2.8225395941319906,-0.82832462873126689,-3.4604834441217629,1.6418383441546884,-2.7623494569868678,0.0319865756409,0.0047660158587,7.9424974326320425e-09,0,3.9712487163160213e-09,20,1,1,1,0,0
259,0,4.2397982805426455,1.8999447634948299,0.56577542835676331,5.1789162410034528,4.4764198314888981,2.852689383102772,0.500774757452,0.152047869873,7.2930898496087647e-06,0,3.6465449248043824e-06,35,1,1,1,0,0
260,14,-4.6276795437469982,-3.2057955776809544,0.24741356611475099,5.0686405535511598,-1.9132958854937616,0.46058132486856995,1.51357197063,0.167953210186,1.088363382782406e-05,0,5.44181691391203e-06,53,1,1,1,0,0
261,1,4.573954988795089,5.5097566544559458,1.2353222210681252,-2.7268944910042467,1.4168141607954925,-0.35330031724656297,0.0415386191398,0.00185187718653,2.7701268204354313e-09,0,1.3850634102177157e-09,25,1,1,1,0,0
262,5,-1.436529793019496,5.4277722887215187,1.7313546186142783,-3.5293316300261059,0.34792142278259081,-5.6302638291905351,0.524137327001,0.00054623966993,2.7481082862452962e-07,0,1.3740541431226481e-07,17,1,1,1,0,0
263,9,-5.5866998928463092,-3.5633824005432646,1.1056847071813751,6.0507116877944274,-5.1097135958038749,-3.3717995666619811,0.177621221543,0.00752414896157,4.879454876519133e-08,0,2.4397274382595665e-08,55,1,1,1,0,0
264,10,1.4804760910402246,-2.2262594110085909,0.86036534667024045,0.42832881570317272,-4.282182553466054,2.3700200923354044,0.200346420958,0.00179282112868,4.1117792016150342e-08,0,2.0558896008075171e-08,20,1,1,1,0,0
265,8,1.4795588128842934,-5.4733941947879723,1.2927115248171934,6.0874813268194536,-2.2791309048873756,0.29321335133018667,1.17945658883,0.0994071833036,4.4012826364987768e-06,0,2.2006413182493884e-06,20,1,1,1,0,0
266,0,-2.2567805645172583,5.5170168241209785,1.2831867751135808,-5.4892323259460776,-1.4030871305769066,3.9946330123276947,0.0181267929115,0.0286521338854,2.504026601311022e-07,0,1.252013300655511e-07,19,1,1,1,0,0
267,4,-5.3179835577232391,0.40410986322663195,-1.1107778185259916,4.8781655629921676,-4.2893647833617825,3.2399567417847255,1.47979625469,0.0239514173947,2.3645469509944025e-06,0,1.1822734754972013e-06,48,1,1,1,0,0
268,8,5.1431008455485712,-4.221069606029725,2.7996659567965216,-0.9550750212789868,-5.3618552705426783,0.52296794741987906,1.20958013117,0.0154942462077,1.5362141050342458e-06,0,7.6810705251712289e-07,17,1,1,1,0,0
269,12,4.7524611955963891,-0.50667252911997795,2.269311139357447,-1.3516061627928293,4.8444566484335319,-4.1615216281692335,0.0232276012283,0.305103383542,2.835678863380376e-05,0,1.417839431690188e-05,8,1,1,1,0,0
270,15,-3.4837340333401579,0.35677106375765116,-0.061325001921614775,-2.6806765227022566,1.0331076087783444,-3.2586838942815586,4.2922994441,0.0284961454889,1.8671193094921195e-05,0,9.3355965474605974e-06,13,1,1,1,0,0
271,3,-0.63259513311142423,0.91120985142373534,2.3769548518229833,-4.3208939067906904,1.4488647463253628,-0.8038995611074008,0.471655213334,0.0345269673689,5.8559656208887162e-07,0,2.9279828104443581e-07,28,1,1,1,0,0
272,11,-3.0384752758047719,1.2623872708551815,2.4951087957710034,-5.7168907262912763,-4.7708040207625713,1.4630240878418928,0.0752052353108,0.0342717636601,3.6344537061418627e-07,0,1.8172268530709313e-07,13,1,1,1,0,0
273,15,-1.1212476990360989,-4.2430762694460942,-2.2626092165901031,-0.83116881408246868,-4.4195310863154296,0.35834118468825121,0.616011043861,0.0164599966149,4.620000571437015e-07,0,2.3100002857185075e-07,23,1,1,1,0,0
274,8,-4.7596905104204543,-3.6921493057098811,-0.38280005573759684,0.93378710967119094,0.92607334712060208,-3.291294944234842,1.16459273023,0.00535111642544,1.3649987786573872e-06,0,6.8249938932869361e-07,11,1,1,1,0,0
275,9,-5.5667984283462006,-6.1097820711209039,-0.47520492122458458,3.6075289060909226,5.8092082655638047,4.3923492861799067,0.0334247739571,0.743738985738,0.00016849953592504887,0,8.4249767962524437e-05,58,1,1,1,0,0
276,0,-3.7782545701262276,-4.0460152409848584,-1.3960518179404104,-2.512833074578162,1.3560239611906766,1.7003500745015148,0.0415460577043,0.123102086519,4.6179361371713408e-06,0,2.3089680685856704e-06,11,1,1,1,0,0
277,12,2.7624156047613182,3.4989520002841719,1.4564822137290461,4.316788317341917,-5.9547267630030829,-1.6740772536932367,0.0329934375525,0.00965663805246,2.9494341899993175e-08,0,1.4747170949996587e-08,23,1,1,1,0,0
278,4,-3.9456144545495913,-0.87620280943137452,-2.4679864411023598,3.3785402104904638,-1.7791703100489482,0.60973405801466574,0.391325785405,0.143571055661,6.4321075262364401e-06,0,3.2160537631182201e-06,16,1,1,1,0,0
279,4,5.3591181807374682,1.8045861215746615,0.25443038631750359,-2.7970897107159134,1.2457061428686997,-0.99074324168443884,120.130557388,2.34412382849,0.016105198111529426,0,0.0080525990557647129,60,0,0,0,0,3
280,8,2.5268427219579217,-1.9630779521393338,-2.0111662234691461,3.0284239757710534,-4.8927127676598205,-3.760115830029807,0.0578267101273,0.00610760413879,1.4707019716571702e-08,0,7.353509858285851e-09,40,1,1,1,0,0
281,0,3.1089729532939292,-4.7633484465607863,2.7017397759657933,1.7942355678490924,-3.4644291342384927,-2.2857118069383269,0.0268125450159,0.343535549228,3.5950653511425028e-05,0,1.7975326755712514e-05,17,1,1,1,0,0
282,15,3.5176763566427391,0.16105686991904111,0.98077287157683712,3.7672622313488193,-4.6820981461452718,0.81608092063291182,0.536108497865,0.311292221701,2.9805707633417883e-05,0,1.4902853816708941e-05,18,1,1,1,0,0
283,2,-5.1996132512194189,5.1577552547762577,-1.8939000302372051,-1.0335028957678858,-1.2398538523820426,0.31793795264899433,0.266987980014,0.0028696471283,7.3791067737225178e-08,0,3.6895533868612589e-08,11,1,1,1,0,0
284,8,-4.0768191002091996,0.8163085433539895,2.2544292192930571,0.71103119695189765,-3.7414933083854556,2.1126649470809697,0.00457013392877,0.496025992455,7.49486346508515e-05,0,3.747431732542575e-05,21,1,1,1,0,0
285,14,3.2553110522039805,3.9060009587578053,-1.4820989317390818,-0.95654703625457238,4.6953672597326426,4.601532969658253,0.11361897161,0.00461143398077,1.9387058642167946e-08,0,9.693529321083973e-09,26,1,1,1,0,0
286,4,-0.39210759850069909,-4.195228860279312,0.040818785392838286,-1.1682223942869248,5.246068695115726,3.1899685393750987,40.347939491,0.00942752343796,0.0016279832950150787,0,0.00081399164750753936,60,0,0,0,0,3
287,0,0.27511070937643634,-1.628108115734807,-2.5555999560175779,-0.2423209193582902,-1.4504039729871503,-4.8440792779140303,0.0819097094982,4.48926138796e-05,6.7098144198183109e-09,0,3.3549072099091554e-09,25,1,1,1,0,0
288,2,4.3687154086660973,-3.6759433647013253,0.72249864998631663,3.245406102981756,5.2572376749463166,-4.5575403656449653,0.495556722511,0.0114103738522,2.8523662716182366e-07,0,1.4261831358091183e-07,15,1,1,1,0,0
289,0,-1.8591314209509546,4.8782502706200468,0.27291028901642916,1.6432848691101472,-2.1860559595186775,3.0843365959167772,0.115565919448,0.000289284654011,1.3380973832821545e-08,0,6.6904869164107724e-09,16,1,1,1,0,0
290,14,3.5767505254028018,3.7179932788391619,-2.2876737492342141,-5.900856098534252,5.8423204148223888,-1.9565726671123569,0.733827567431,0.0125411480416,5.8641324658694872e-07,0,2.9320662329347436e-07,14,1,1,1,0,0
291,6,-3.4915709457768078,3.8960282665782535,-2.4973792463385838,3.4266739566798274,-4.5961275945507793,-4.498540381406519,0.0667781447349,0.0095281241617,3.2114058774607022e-08,0,1.6057029387303511e-08,13,1,1,1,0,0
292,8,1.8156240931666963,2.7436473927954999,-0.86763619793297986,0.88698164799021584,-2.2546245591263463,0.74087370763605542,0.0772299149613,0.0285437948387,2.5415096147254976e-07,0,1.2707548073627488e-07,13,1,1,1,0,0
293,0,-2.1983407062496219,2.0633835111492815,0.96242428705908045,1.4730122938045656,1.6232369031944163,0.75016116870624727,0.0564583027399,0.11137679906,3.7819030797345495e-06,0,1.8909515398672748e-06,43,1,1,1,0,0
294,11,2.0088556811167089,-2.8656152560483465,0.55408724928616837,3.9061183884537951,-1.3349796112974148,-0.78037578133019203,0.292797945592,0.207477058717,1.3198514427426897e-05,0,6.5992572137134484e-06,18,1,1,1,0,0
295,9,1.4654723179677651,-2.9708642040791085,0.95687378026246372,-1.4399956258907947,5.1467416559001045,6.0859850800146367,0.290024783184,0.00364572431396,8.8163138130943648e-08,0,4.4081569065471824e-08,48,1,1,1,0,0
296,2,1.0313222376649338,0.10169680760974728,-2.295409728833012,1.3546744242130195,2.6582955356023508,-1.8522794800393672,0.156684791938,0.00562548645125,3.4190076686867442e-08,0,1.7095038343433721e-08,25,1,1,1,0,0
297,2,-1.5525188365947251,1.079761754164781,2.4434188485553574,-0.67126785790777144,-2.5744334287296069,4.5714063685704476,0.0708570908667,0.0195709723964,1.2169619328540483e-07,0,6.0848096642702416e-08,36,1,1,1,0,0
298,11,-3.7597850900201424,3.4805199958022377,-2.6373163083934474,1.2258872711780398,-1.4865856448948813,-0.32668608707648089,0.0631821345099,0.000267630967806,4.0138007505603749e-09,0,2.0069003752801875e-09,16,1,1,1,0,0
299,7,-0.8850291425930622,-2.3857392664358796,-2.0695815273823914,-3.250397038447844,1.6649249525269294,-0.65672167382955171,0.0291440400204,0.00979572478796,3.0079312473081951e-08,0,1.5039656236540975e-08,34,1,1,1,0,0
300,9,-4.8602933394873178,2.390233166231102,1.1222720394290253,1.3225920441603638,1.7427056347916863,3.3847303264728033,0.087057853304,0.0567490234772,9.8858474674896208e-07,0,4.9429237337448104e-07,16,1,1,1,0,0
301,12,-2.6191370130160547,3.7455698953351715,1.03879307743399,-3.1406034599184975,4.0530461690585486,3.641501394447233,0.0697819921536,0.00962969861306,3.3117033437091803e-08,0,1.6558516718545902e-08,29,1,1,1,0,0
302,9,3.2553320692005761,-4.9420350067787737,-0.74869090967495511,-1.8544309210119136,1.0132077077569284,-0.12231730846974252,0.0560917083849,0.24228737919,1.7885155711829978e-05,0,8.9425778559149891e-06,11,1,1,1,0,0
303,9,-1.0568961762845441,-4.1072697842338748,-0.70232085404231737,6.0334590312711533,5.2399052756728421,1.3895057387407306,0.700869068094,0.0145147753494,5.5539385365845223e-07,0,2.7769692682922612e-07,14,1,1,1,0,0
304,2,-2.242607761044376,1.5745114550785826,-1.4393921657027724,2.8691618556903498,-5.544412964945078,-4.9279311251821722,0.351305928484,0.0304918579642,4.0663493777658326e-07,0,2.0331746888829163e-07,18,1,1,1,0,0
305,2,-5.0366599632646762,2.7927183019514481,-1.6903307346124021,-2.8815677106097093,-0.74003846113835947,3.9948358452588209,0.578681485964,0.08648951957,2.6135436786289689e-06,0,1.3067718393144844e-06,39,1,1,1,0,0
306,10,-5.2287869628564874,4.676788524189571,-2.468598944688563,-3.3609361511625515,2.1911188138939739,-2.854888256342603,0.278665132553,0.00366305202732,8.1741597455964584e-08,0,4.0870798727982292e-08,15,1,1,1,0,0
307,6,2.681411465358027,0.70585282501591462,-0.64849989916491169,-6.049806611134823,3.1404686897745937,3.0684966559853457,0.739590268362,0.139652518444,6.487894271589802e-06,0,3.243947135794901e-06,40,1,1,1,0,0
308,5,3.4185393519838931,-5.8809378933481495,-0.48854252813294619,1.6086026601542864,-0.857431342969729,-1.5534821748478327,1.52076923131,0.0654769646205,3.6187048776708543e-06,0,1.8093524388354272e-06,22,1,1,1,0,0
309,14,-3.981101968621632,1.9889341263692222,-1.5373969985672395,-2.2437567117893722,1.4924556810651397,2.4013429221294409,1.06407297524,0.0743995745488,2.8183990930296758e-06,0,1.4091995465148379e-06,20,1,1,1,0,0
310,5,-4.1968509828806964,-0.38699823815300993,-1.2319740513450415,-3.8943070697921747,4.4297141724408586,-0.73262441085994046,0.0800455805288,0.15358920736,7.1922239720595003e-06,0,3.5961119860297502e-06,13,1,1,1,0,0
311,14,-5.7849197232784642,-0.67220310874430467,-1.118374855201308,-2.9285859188041097,4.2970127817169974,-4.8276708221201217,0.926822025841,0.00860704650788,8.8156550668808041e-07,0,4.4078275334404021e-07,8,1,1,1,0,0
312,3,-4.915956907040254,2.2737041542535743,-0.57507145394656622,4.3724134267661148,1.1869572355981557,3.3207602563677372,1.6863128046,0.109588646166,6.5020059797097454e-06,0,3.2510029898548727e-06,19,1,1,1,0,0
313,6,-4.5363055411833511,5.2275966932835143,1.0235285832334715,-1.4232086692215451,-4.7606070043848421,3.0167563913420445,0.213664024383,0.00831118731465,6.6694017814702385e-08,0,3.3347008907351192e-08,15,1,1,1,0,0
314,11,1.9652143666890594,4.5830699351443149,-1.8675344291076965,-4.7771584253186816,-4.4600589600354139,-3.6582479518060587,0.556096175346,0.0455231173809,9.4051815042047596e-07,0,4.7025907521023798e-07,8,1,1,1,0,0
315,7,4.5997004285638967,5.1798176025824674,0.57148198722563337,-4.4511026216715743,4.9696990703726334,-2.9113037345714576,0.364852611235,0.0190153119035,2.4326163024343855e-07,0,1.2163081512171927e-07,11,1,1,1,0,0
316,3,-1.3570783476941153,-4.389011143866659,-0.053875435436898933,3.5252187157603245,-5.0096905033219743,-0.49283248185000816,153.55702271,0.0158296189788,0.023579835553623352,0,0.011789917776811676,60,0,0,0,0,3
317,6,-5.6989684674196646,3.9493023427628073,-0.49024536819877568,4.0891281104504706,4.8723045345173643,1.5250138913218592,0.209646368407,0.0691855616909,1.5020461189667485e-06,0,7.5102305948337427e-07,19,1,1,1,0,0
318,6,4.1282229547281926,0.453513769449855,0.4582576891915216,-4.2041940221802072,-2.1040680354889743,-4.6444574325128825,0.0231235676525,0.506112166536,7.8028142119835817e-05,0,3.9014071059917908e-05,24,1,1,1,0,0
319,12,0.19497354053756855,1.100887905993498,-1.3156469740195351,3.9424809385089676,-4.1165920005040855,4.5055808364414762,0.758351902457,0.00659139026269,5.8833214602380097e-07,0,2.9416607301190048e-07,20,1,1,1,0,0
320,3,0.98345883995475325,2.466443871561053,-2.7904358941890863,-1.5289354532805581,-4.2796186906725149,3.6173329542103687,0.163303255886,0.0134137180919,8.1477105633864632e-08,0,4.0738552816932316e-08,48,1,1,1,0,0
321,2,0.27512247727446565,-4.6546385593397028,-1.5736016533601103,-5.3040767570679019,4.4797749638551512,1.1515206589395484,0.0842000624638,0.0126810137851,5.6074602256064641e-08,0,2.803730112803232e-08,8,1,1,1,0,0
322,6,4.3797201125326017,2.3424770337284375,1.3078854549198577,-2.8156663050867268,-0.32240546675932719,-1.5303401504460596,0.147759731182,0.0282897401079,2.6562112120850109e-07,0,1.3281056060425054e-07,18,1,1,1,0,0
323,7,0.38992855581908248,3.0741947823249749,0.30501112550832493,5.8869635171799475,-1.7198550224679714,2.5554572432052782,1.56928931533,0.0150872869722,2.5320078695036349e-06,0,1.2660039347518175e-06,12,1,1,1,0,0
324,3,-2.4803539693755248,6.0368559211464605,1.2321610655456956,-5.4226543700986722,4.0432399266032757,-1.7821963116058961,0.276050095445,0.0580093691315,1.1012677461749227e-06,0,5.5063387308746136e-07,40,1,1,1,0,0
325,5,-0.51802583243304567,0.050154673312336702,-1.3329937678668125,5.377884544977821,2.0119970839883368,4.1596198125161017,0.372416603851,0.0453458708398,7.6506308770043423e-07,0,3.8253154385021711e-07,20,1,1,1,0,0
326,14,-1.3918921797097639,3.3506954269549913,-2.0146026020316783,-0.83628258389394627,2.150954110930265,2.1674844402790674,0.017933862608,0.117868326902,4.2323539169776891e-06,0,2.1161769584888445e-06,42,1,1,1,0,0
327,11,-5.6775743020464775,-1.7613169720620871,2.3126227399603301,4.4625190468706704,-4.860183167591515,-2.0860067846004426,0.0258783267825,0.0280401803297,2.4017565588961762e-07,0,1.2008782794480881e-07,36,1,1,1,0,0
328,9,-0.88320993200038922,4.7484599981974105,-1.8538936519847335,4.6962046742992909,-1.7685896700646133,1.6326667013049139,0.0147772706662,0.0504904311464,7.7677457164360125e-07,0,3.8838728582180063e-07,17,1,1,1,0,0
329,6,4.9121092457826823,0.89179242044449614,0.56679586811091831,0.13254320943844988,4.3878351900069275,-3.0574744223355146,0.279451810838,0.0248030945172,2.6549197049862778e-07,0,1.3274598524931389e-07,23,1,1,1,0,0
330,13,2.4290553096616438,-1.0649841697148759,1.9309941484531457,5.5648503394788102,-1.4866313891456129,-1.2292141455035785,0.547888827208,0.000578087446118,3.0028396558062396e-07,0,1.5014198279031198e-07,10,1,1,1,0,0
331,12,1.2019447977869946,-1.9436891277199138,-1.4520153462951815,-1.5123133888688332,-2.4284114598161484,0.18543125077365955,0.0602446272503,0.00650264870365,1.6509992172132008e-08,0,8.2549960860660042e-09,44,1,1,1,0,0
332,2,-5.5185989294433213,-1.1292630693011316,-0.91155327871415748,2.000602356837883,2.7675795275815664,-1.7174872567962718,4.7805788751,0.129678721974,2.7976554828204262e-05,0,1.3988277414102131e-05,42,1,1,1,0,0
333,5,2.9344233788198824,-5.9974015383862405,-0.40219751371904022,5.0456132312037365,-0.7714535515994273,-2.5244840711562091,0.0293942128502,0.579497928914,0.00010229683088793916,0,5.1148415443969582e-05,38,1,1,1,0,0
334,12,2.6129001486711005,2.7412719466689777,-3.0243146448907234,1.2372051199791634,-1.3089588886358856,5.3717136398601495,1.1454227972,0.0457167282808,1.9486496539699013e-06,0,9.7432482698495065e-07,8,1,1,1,0,0
335,13,5.565230767624131,-0.234047778230322,-3.0509004907584552,3.2933432703880978,2.0851539076094481,0.49342914344549066,2.10253105006,0.151281660516,1.1392153978369631e-05,0,5.6960769891848156e-06,18,1,1,1,0,0
336,14,-1.8554051546569321,-4.9149458661154704,-0.95719666523614155,-3.2019168837902598,-3.0551709995658811,0.92865030035380902,0.0713110647928,0.370781026424,4.1883452402074927e-05,0,2.0941726201037464e-05,10,1,1,1,0,0
337,1,1.0501602816764322,4.621810078714395,-2.7997489423910342,1.3302355172046856,2.2976809553307507,-0.81326122383240129,0.374557273795,0.0251024995385,3.3224339632431462e-07,0,1.6612169816215731e-07,27,1,1,1,0,0
338,2,-2.4326327079121377,1.4189314195698037,-2.5537069718640932,1.864477807458778,4.8087413758768927,3.4124529608714353,0.0253469910977,0.000850304925928,8.6271397759871036e-10,0,4.3135698879935518e-10,33,1,1,1,0,0
339,6,0.57807389903544382,2.0084696189362612,-2.3260837526945588,-2.0673730797006771,-5.2910041029313595,3.6556793144788964,0.315885259306,0.0503588094621,8.722962255038663e-07,0,4.3614811275193315e-07,17,1,1,1,0,0
340,3,3.5291815574828891,1.5789119697770717,-1.8427069251336976,-1.2422719337183674,-4.6513626234677199,-4.4041067006291579,0.00109676226797,0.00856019190434,2.2322618659968386e-08,0,1.1161309329984193e-08,23,1,1,1,0,0
341,11,-1.9365581684522908,1.2406887259600616,-2.2460955025740685,-3.7080750983758897,-1.660395869518694,3.571146469966358,0.0616292041471,0.00815027638321,2.4032981708423332e-08,0,1.2016490854211666e-08,19,1,1,1,0,0
342,10,4.0739831762342638,-2.8503741351104632,-0.29932917917471091,-1.1637079703074928,-0.84144320475312684,-1.80170751865034,0.0682188370861,0.0229230997951,1.6472066966674924e-07,0,8.2360334833374619e-08,48,1,1,1,0,0
343,14,-0.28257553385894757,-1.6477174925419154,0.62493490603910273,2.6600623825391838,-3.2272573327014769,-0.098594192943923659,2.01078715612,0.335357416301,3.83019402416167e-05,0,1.915097012080835e-05,35,1,1,1,0,0
344,11,-4.2856919003650527,-1.667104976487048,0.7724420495605604,-1.0392079591989882,-3.0894673593044173,2.5047565437139765,0.249492499087,0.0208528069756,1.9470621151157888e-07,0,9.7353105755789442e-08,22,1,1,1,0,0
345,2,-0.30408818771428725,1.2001733443122307,2.8328008986910067,-5.5802585151848403,0.84693562593380056,5.0282449321202174,123.884324846,1.44063033925,0.01597953374074788,0,0.0079897668703739402,60,0,0,0,0,3
346,9,-3.5600996690228111,-1.5496782910917577,0.44513438087918716,4.7519715571569048,-4.0657140997751497,3.6666385266976977,0.0100241834115,0.59971011946,0.00010955643401011312,0,5.477821700505656e-05,12,1,1,1,0,0
347,5,0.31490181387324256,5.0651309205209341,0.057259565919674377,-0.7315810806335904,-5.1535013020015983,4.0249671234927487,2.93134486793,0.0122225253933,8.6382895697925227e-06,0,4.3191447848962613e-06,19,1,1,1,0,0
348,5,5.9935038238625022,0.0017778003070630915,-0.72821499887793317,-4.6617742309015817,5.005246767315163,-3.6827113033530336,0.0460219755831,0.0132556431662,5.5642981376775152e-08,0,2.7821490688387576e-08,10,1,1,1,0,0
349,4,-5.197186514940757,1.0191538227101864,0.52247437339354252,-1.4983020593053313,5.2916783871595756,-6.0485169878578651,0.146580906218,0.047605439661,7.1183368401393254e-07,0,3.5591684200696627e-07,21,1,1,1,0,0
350,13,-2.5142898091901111,4.0434536124257656,-2.3857787904399737,-2.5394966527854392,-5.2114898478952796,1.3304786727213715,0.0497416768012,0.143944339631,6.3141389208141325e-06,0,3.1570694604070662e-06,19,1,1,1,0,0
351,8,4.5160703696255551,-4.1735514266139777,-1.2243109025954528,3.8399295936419997,-5.3748547514167964,-5.4056229713633615,0.0251342998324,0.245706391592,1.8390882156704671e-05,0,9.1954410783523354e-06,22,1,1,1,0,0
352,8,-0.55476806333166129,5.7996800814341434,-2.7119995124797036,1.7486468072489698,2.6525947358806268,4.2089603865246259,0.100032487056,0.0253896290247,2.0637301945003555e-07,0,1.0318650972501777e-07,20,1,1,1,0,0
353,3,-4.7249881726167322,0.60403092097755695,-0.80468109621966377,-2.222136536763677,1.5151315317966145,-2.5339567965157586,0.213547927556,0.0227558856578,2.0334285700652846e-07,0,1.0167142850326423e-07,21,1,1,1,0,0
354,5,2.0406664419147535,5.0046767051240009,-2.764927241999612,-4.817537706637685,1.3890511396234908,3.6885079041713911,0.197776423751,0.0316722575074,3.4468696353918236e-07,0,1.7234348176959118e-07,27,1,1,1,0,0
355,15,-3.8987829493742501,5.0193059222604415,-2.4194969396032011,-0.3898957792755498,-2.5284485872212472,-0.20318491303693284,0.04277174338,0.00431240185334,7.4943342324517494e-09,0,3.7471671162258747e-09,16,1,1,1,0,0
356,2,4.0961245987634456,5.2801248435885153,0.84319775270639807,2.2288854745333873,4.542140436703523,-2.3566869718346251,0.162346800538,0.0207630946068,1.5767891076599371e-07,0,7.8839455382996857e-08,27,1,1,1,0,0
357,3,-0.53027137422996184,-4.7479037926739691,1.8447093343608896,-1.2778120591091504,-1.46389487347884,-4.6810598897562921,0.540527379284,0.0193341554835,4.0603875392993082e-07,0,2.0301937696496541e-07,25,1,1,1,0,0
358,3,2.8885530290479124,-0.52497650227862425,2.1051386530620593,1.9368838101741475,-4.1685960986855148,-5.2316298624005011,0.0536966323225,0.00796770380207,2.2221753166884677e-08,0,1.1110876583442339e-08,18,1,1,1,0,0
359,14,-1.1048528481362965,1.4502841816599163,1.7527051205543978,4.6079726991599426,-1.8259136358980099,-3.4840594055376397,0.0200151709562,0.0124252567219,4.7429578059477131e-08,0,2.3714789029738566e-08,15,1,1,1,0,0
360,3,0.45883007168654871,-4.1092662869008993,-1.9725465972528375,-5.4801416360611066,-1.6221663150843608,1.0982029782230533,0.227773649678,0.0248664092766,2.4023745613039804e-07,0,1.2011872806519902e-07,29,1,1,1,0,0
361,7,1.0710435479737772,-2.7092043241033075,1.80104616488896,2.6180707869281794,4.3901305042547829,0.26785871142762424,0.0484229483167,0.0240539665313,1.7859438187007857e-07,0,8.9297190935039283e-08,10,1,1,1,0,0
362,15,4.6361591000633098,-0.15049532591985676,0.96727774371768638,3.8760712926484482,1.9113271347387202,5.6653575798565026,0.0747945584058,0.0406611504203,5.0922708676566011e-07,0,2.5461354338283006e-07,21,1,1,1,0,0
363,10,-0.053846800222900296,0.0035352767582706767,-0.66040195966273452,5.3102489175401004,2.1429873321916109,-1.0728564176532134,0.0188835108508,0.0599677683127,1.0958014146665978e-06,0,5.4790070733329889e-07,20,1,1,1,0,0
364,5,4.9969012413138971,-2.2859274485470298,-1.6346335482565757,-1.3559727401738,-2.7984850427552881,-3.8651802125778087,0.0660491229155,0.000684345073002,4.5051475593835918e-09,0,2.2525737796917959e-09,25,1,1,1,0,0
365,11,0.86816591434091239,3.2637234560851889,-2.5358154091884066,1.2194314123995023,-1.1751183888788144,0.3258433084181106,0.153472828406,0.015529409651,9.7016227086761773e-08,0,4.8508113543380886e-08,12,1,1,1,0,0
366,9,-5.0357853859977482,2.9520521947268463,-1.0752749308403264,-3.5019810581009869,-5.2933738612521086,-2.3096348110896692,0.5321103196,0.0147557576599,3.4946646927880732e-07,0,1.7473323463940366e-07,14,1,1,1,0,0
367,10,-0.85700808258596528,-2.1868832783442906,2.9303476540745126,-4.6174109982382658,-1.8797089444707278,2.2732656213930196,19.4167261108,0.127359339,0.00038195026963273952,0,0.00019097513481636976,60,1,0,0,0,2
368,11,-0.56890444820506025,3.2951600205822831,1.3477465372189839,-2.7165326614450387,-1.7918390442878274,2.4845859651903486,0.420875910705,0.0205281809102,3.0550420503605706e-07,0,1.5275210251802853e-07,11,1,1,1,0,0
369,3,4.746133626634669,-1.9741542665661782,-1.1553736526218121,-1.6401825030257662,-0.61967022151482554,3.5553271063639231,0.11233279971,0.0198776239606,1.329790727896401e-07,0,6.6489536394820049e-08,51,1,1,1,0,0
370,12,-2.5416828265222744,6.1337245043132826,1.9430740851381973,-5.6759829749434143,-2.069409554718646,4.5803523674733713,0.02773640797,0.0195037702712,1.1664487765212827e-07,0,5.8322438826064136e-08,27,1,1,1,0,0
371,8,-1.668849275817214,2.1246433562724714,2.9593343601209039,2.5952253420425762,4.7283902278604426,2.5776967931238626,0.0412449598708,0.010743440053,3.6860547503730341e-08,0,1.8430273751865171e-08,16,1,1,1,0,0
372,14,2.4319431788763466,-5.8840314388830306,2.7368942471767328,4.7749710564137642,4.3124051981864442,-5.6256107147401053,0.0102518626964,0.495668479183,7.4840718606437344e-05,0,3.7420359303218672e-05,24,1,1,1,0,0
373,15,0.80928554126711372,-1.9510580950688543,-1.0034334967124843,1.106568571495252,0.40127847109081194,4.0240442462395603,0.187504920595,0.0235479893154,2.0407083077814928e-07,0,1.0203541538907464e-07,24,1,1,1,0,0
374,14,-0.22006194209115171,-5.2055323900987931,-0.94977191929320703,-5.8927854553416035,4.0982805579591908,2.6600671335864243,0.118463129874,0.00457423531547,2.0407214933110405e-08,0,1.0203607466555202e-08,24,1,1,1,0,0
375,9,-5.4619743119973005,4.0267447726061025,-1.3508850657008435,-2.7731790154355105,1.5763240707969464,2.9848883769069521,0.0207891674025,0.000127623578527,4.3715102213454668e-10,0,2.1857551106727334e-10,35,1,1,1,0,0
376,0,-5.9576297147899897,1.4781106577725951,-0.89043129176673452,3.2456587948531617,-4.4170430620297871,3.9933984148941759,0.144307587334,0.0578459706269,1.0401221834820228e-06,0,5.2006109174101142e-07,17,1,1,1,0,0
377,2,-0.73852715780728806,5.311279495406259,-2.199599454103943,-5.1485344369702739,-4.1863104289832735,-1.2599502987514815,0.164638406978,0.0698796306985,1.5146022534907191e-06,0,7.5730112674535955e-07,27,1,1,1,0,0
378,0,-1.8335789202337023,-5.7914441236197831,1.8254709972612628,-4.4436180295146404,1.2818745136128125,6.1148521668167533,0.433679286778,0.0245312093695,3.7139046567567706e-07,0,1.8569523283783853e-07,17,1,1,1,0,0
379,13,-1.9403883258801913,-3.6055773806060007,-1.9086640238315327,-1.7927744154408145,2.0402010584219155,-0.17563888151348084,0.0283323077912,0.685196458039,0.00014301691029697461,0,7.1508455148487307e-05,47,1,1,1,0,0
380,14,4.0439958275133723,-5.094769578116142,-1.876778780946976,5.3343617269550023,-4.5755901113004818,-4.0541441372296347,0.0222634387746,0.0706302811778,1.5201212759184726e-06,0,7.600606379592363e-07,8,1,1,1,0,0
381,8,-3.4308212436940937,-3.6454645336903364,2.1520039483780868,3.2395900435124023,-1.1430167112579315,-1.4830118990094279,0.0814867564178,0.0236789020594,1.7743615525280567e-07,0,8.8718077626402837e-08,10,1,1,1,0,0
382,12,1.0527447425182752,-3.201882874867116,-2.8542517253841,-4.7390233011658864,-1.6185601221298804,0.24614956681951361,0.0956105037561,0.0630362699807,1.2195604152485451e-06,0,6.0978020762427255e-07,8,1,1,1,0,0
383,9,3.2713963722170831,2.8148404787404373,-0.68314824023430243,-0.86513523023092542,4.6758531658477915,-1.4797525309145936,0.043515150847,0.0478155049182,6.9834723232765095e-07,0,3.4917361616382547e-07,18,1,1,1,0,0
384,12,0.084656038285684271,1.2542074540973112,1.5205249369768394,3.1513299319120933,2.5743733349100717,4.8034656076265634,0.16114060986,0.000740221564924,2.6133204548924157e-08,0,1.3066602274462078e-08,26,1,1,1,0,0
385,4,-0.057341573923458407,1.3075986328423681,0.4201411535344528,-3.1386934260102608,-4.3997682481389209,-0.50981362169117839,0.333357321522,0.0204816821753,2.3891389962105702e-07,0,1.1945694981052851e-07,25,1,1,1,0,0
386,7,-0.82900996733147536,1.3958176102391222,-0.093828110871798598,-2.9507471052972907,-4.6313224599223721,-1.038301235269758,2.94708323737,0.00072274832961,8.6854587295180511e-06,0,4.3427293647590255e-06,28,1,1,1,0,0
387,9,0.5173923030913905,-3.997160055446682,0.75899813901717361,-1.0847262818243721,5.2329533545050735,-5.0387583338076807,0.232875836029,0.24699516183,1.8637907273193319e-05,0,9.3189536365966593e-06,11,1,1,1,0,0
388,6,-6.1332271127115492,-3.0775710672152239,-0.68738098915344947,4.2894383108690199,3.4302456096109255,0.81518901758491791,0.390886367037,0.189479524763,1.1089316112428502e-05,0,5.544658056214251e-06,8,1,1,1,0,0
389,11,1.0959123594200859,2.8123162854523009,1.5598863975961739,5.5344495230533406,0.26357683333717441,4.9335172256485658,0.112460323148,0.00614104122673,2.4135174410596111e-08,0,1.2067587205298055e-08,21,1,1,1,0,0
390,15,1.077146456593822,2.6276339052254136,-2.7120080560874693,-4.3521010743129578,-1.4298733794094352,0.53922632482362842,0.425109296984,0.0330628458011,5.1371098674617799e-07,0,2.56855493373089e-07,10,1,1,1,0,0
391,7,-1.7580108123101983,-5.8711642820329555,-0.051641023121351826,-1.0809023510127571,-3.5077190657272523,-4.4675657674627463,2.30723923005,0.39813480795,5.3608663785005761e-05,0,2.680433189250288e-05,13,1,1,1,0,0
392,0,1.6909990098803824,-5.2081782925163074,1.8089995591754446,2.16112166059352,1.3980817445075089,-3.2215442229060973,0.201560007162,0.0100393080673,7.1328127578367291e-08,0,3.5664063789183645e-08,12,1,1,1,0,0
393,13,-4.5452289196408291,1.6649233695533994,1.8233493247262755,-2.310847898376776,3.5719219500030559,-1.3048587379883898,0.0235130114497,0.000802738826453,7.4915401188133464e-10,0,3.7457700594066732e-10,9,1,1,1,0,0
394,13,-1.0709744419311589,-4.1253085915166947,-1.75957248373664,-4.4031558291217916,-1.9523193063732833,-3.1150857629230453,0.372840207753,0.000928356490976,1.3927235375359366e-07,0,6.963617687679683e-08,10,1,1,1,0,0
395,9,4.7481684375447895,4.7175914732404411,1.7546179385013776,3.2240520064197273,2.3056321564177429,4.6834630182481414,0.189574190771,0.0298296593132,3.0698956594754779e-07,0,1.5349478297377389e-07,11,1,1,1,0,0
396,0,-2.2667064444796785,2.3075113533717651,-2.7480733512439248,-2.4011305697574898,2.091932913266827,-5.229831314585411,0.0102630476615,0.126599048177,4.8823058898296267e-06,0,2.4411529449148134e-06,19,1,1,1,0,0
397,0,0.32652391142936221,4.0100364123961443,1.4916086650746996,-2.6757784359311811,-1.3704895084372315,0.95577060459641672,71.736658927,3.93095159243,0.0098532124877308731,0,0.0049266062438654366,60,0,0,0,0,3
398,9,3.8094719352843636,1.3992475985449417,-0.37614512601653954,-0.66554091488906264,-2.0173723386883613,3.9955878429085669,1.85875861544,0.301774887551,3.1195907984704841e-05,0,1.559795399235242e-05,23,1,1,1,0,0
399,2,3.0700609857946244,1.4922600034444009,0.6889408853057134,-2.5954094903023872,0.98976549256777124,-5.2246228277101237,0.0430815270428,0.761980805979,0.00017686722265126319,0,8.8433611325631594e-05,35,1,1,1,0,0
400,4,3.5478672251582002,-2.2713206853414074,-1.4140985497362908,-1.4079767647035688,0.82027206073553161,-2.602489037316829,1.08055925872,0.0340411134673,1.5205981874947538e-06,0,7.6029909374737692e-07,10,1,1,1,0,0
401,11,5.3922504790793129,1.906329183793384,2.4795246791731205,-5.5043776459456701,2.3682851897729233,5.2339129590938613,0.0289219281451,0.099173357298,2.9968568791085507e-06,0,1.4984284395542753e-06,21,1,1,1,0,0
402,8,1.3854186829266413,3.3974701769841293,2.9180282578965868,2.3414752904169918,-1.2430581245780925,0.70233955428973038,0.0524310975606,0.124862412595,4.7519240905693367e-06,0,2.3759620452846684e-06,35,1,1,1,0,0
403,3,-4.3734589849458274,0.48237116121090612,-1.7456929222815196,4.570005252006073,1.3537361494138413,-3.4570606875743617,0.147565445942,0.00531980983425,3.03963485570681e-08,0,1.519817427853405e-08,10,1,1,1,0,0
404,4,1.621288046611755,1.5786344276987585,1.5068259604065388,2.0528167896773706,-4.3916697143907388,2.6226520834840898,0.0666854374605,0.00995688478419,3.4646582892088309e-08,0,1.7323291446044154e-08,45,1,1,1,0,0
405,15,-0.72970897111925448,5.7123653862441488,-1.3964823586007218,-5.3163996077572611,0.97627301423290569,5.2975988851054394,0.130229466364,0.00698761268985,3.1833186754776485e-08,0,1.5916593377388243e-08,42,1,1,1,0,0
406,13,-1.8846775020610882,0.065991843090823885,-1.1810160300724517,2.701022339823056,5.1135963639074946,-2.212388842757766,0.701130775375,0.00147040582654,4.9224297545919865e-07,0,2.4612148772959932e-07,13,1,1,1,0,0
407,11,-3.9980289041597894,0.65361509385775718,0.84346832184982179,2.522341467342307,2.4900137386129892,1.1438059496773891,0.0644766857211,0.0140412100263,6.4214266774103881e-08,0,3.210713338705194e-08,22,1,1,1,0,0
408,7,-4.0520300286551976,-4.5633334681953288,-1.2431505418110607,0.2041602851661922,-1.3824800307197329,4.2597093622442053,0.0193697458548,0.183774491466,1.0288238713799081e-05,0,5.1441193568995404e-06,21,1,1,1,0,0
409,13,2.4828722782377448,-2.2833955107682202,1.5947280515107904,-5.5893693686380157,1.6157831028857719,3.8748168583900626,1.77575261501,0.0596134379087,4.235835154402275e-06,0,2.1179175772011375e-06,21,1,1,1,0,0
410,15,-2.8948169823809571,-3.989372334827876,0.18469083709030509,3.6022180413756764,0.36055437992955303,-5.2188598511482489,1.45943874203,0.895725865152,0.00024653207961718556,0,0.00012326603980859278,9,1,1,1,0,0
411,12,1.062777688378695,-0.27452046360886673,0.9454868076236258,-0.83820685839673337,-1.79788542854128,6.1593001767798272,0.0804008573207,0.0394513357119,4.8057325327954646e-07,0,2.4028662663977323e-07,12,1,1,1,0,0
412,8,-1.6057780669636006,-2.2435880459733868,1.6576819935725895,5.0308683390041216,1.0945079464011072,5.4865270472620056,0.00935839067791,0.0514067765407,8.050868369860386e-07,0,4.025434184930193e-07,36,1,1,1,0,0
413,0,2.1944369047341956,1.0513868148886856,-0.41897556383548662,-4.598997559057211,3.9929113770459113,-5.0879607616931484,0.554484375166,0.0939092740987,2.9938592531882837e-06,0,1.4969296265941419e-06,20,1,1,1,0,0
414,10,-1.7341670887057614,2.4485318285605815,2.1824546292869078,-5.126186191710671,-4.6457635533799078,4.3466711412300532,0.0570219443762,0.166417885523,8.4396043262538154e-06,0,4.2198021631269077e-06,8,1,1,1,0,0
415,3,4.4253901306033976,1.4876123340276259,-1.9017491076047246,-4.2814151340721933,-0.99855031277063122,2.9065879165578399,0.16282977352,0.0110450844584,6.3674999357652504e-08,0,3.1837499678826252e-08,14,1,1,1,0,0
416,5,-0.057640659739456458,3.1271519237802226,0.77353830083364128,1.0224347497773953,1.2849806352514954,-0.82911557495502008,0.4783904726,0.0206650210968,3.5894221059865889e-07,0,1.7947110529932944e-07,34,1,1,1,0,0
417,14,5.1364339401870343,6.0303960071663472,-1.3920061887916728,5.9071867500347626,-5.4104974337316794,-6.0973053282041487,0.0730718072148,0.0262492477123,2.1522789910727474e-07,0,1.0761394955363737e-07,36,1,1,1,0,0
418,13,2.3792553560874437,5.8015578070926859,-1.2422459552303835,-0.92645742188254432,2.7343441493097118,-3.771999776900373,4.33715757683,0.240588298122,3.644302346324532e-05,0,1.822151173162266e-05,33,1,1,1,0,0
419,13,2.8351228398700346,-2.2679425067746792,-2.1136759274684014,-2.6792839103076358,-4.322787112024959,-3.9899474411203242,0.163626489525,0.0106569522572,6.1369220778544235e-08,0,3.0684610389272117e-08,27,1,1,1,0,0
420,3,5.2798171772588072,5.0487915032844395,1.0009977092175244,-1.9483700277198235,-5.52638183614126,-0.66617901979119698,0.179915588383,0.0138436127066,9.0748211018770817e-08,0,4.5374105509385408e-08,17,1,1,1,0,0
421,5,-0.43121229284151974,4.101941956019,-2.7327178301955932,-5.1405096468862581,5.0012378098075221,-5.4064034677296542,0.260680063076,0.0647651293479,1.3456785579060124e-06,0,6.728392789530062e-07,32,1,1,1,0,0
422,13,-1.8029320667158701,-0.90552191775714608,-1.3428855766033758,-5.7310101430546458,1.3696424169422046,-0.0094360588412051236,0.163720497604,0.00486205469586,3.4005427940674133e-08,0,1.7002713970337067e-08,13,1,1,1,0,0
423,10,5.8053002760759513,0.85071258547355666,-0.54109499235362624,-1.7290770738387313,-4.7361857942576666,-1.4803953005384907,0.376172220383,0.00109427579602,1.4187030032391007e-07,0,7.0935150161955037e-08,7,1,1,1,0,0
424,9,-1.1483850656176751,-0.71081614284829453,-3.0048945492662971,-0.70652011846781659,5.2111088521961735,2.5628242549611446,0.259908795186,0.0356275063061,4.5420932310681951e-07,0,2.2710466155340975e-07,7,1,1,1,0,0
425,12,2.4581614455217471,-5.4399963797806583,1.2162757656820731,-0.57166109488986294,4.6694037234044812,-0.71192918167300856,0.24124364905,0.0390557216379,5.2284649447225887e-07,0,2.6142324723612943e-07,20,1,1,1,0,0
426,15,-2.2526051906104438,3.4620250304784554,-1.8646204536213282,3.0196770447251198,-4.4214274794963666,0.64267585363890001,0.080216368485,0.00730911129789,2.2708275078202809e-08,0,1.1354137539101404e-08,14,1,1,1,0,0
427,9,5.0548193830060484,1.8219578828315817,0.42597587589660413,5.9134558889470119,4.8222513404520839,3.5923351313644423,0.112617351275,0.488921248278,7.2829645208696383e-05,0,3.6414822604348192e-05,15,1,1,1,0,0
428,8,4.3340848412463311,-3.7641088402092935,1.8992924062599594,-1.2420351069222939,-6.0034128882466451,3.0459265367767658,0.0379298999775,0.0499434695547,7.612611844022995e-07,0,3.8063059220114975e-07,41,1,1,1,0,0
429,14,-4.8077706750815841,-1.7455455060452738,-1.4298007686951006,-4.1662491448189494,1.9378268417012916,2.7642738848480799,0.424589757587,0.469774356516,6.7405669162985354e-05,0,3.3702834581492677e-05,30,1,1,1,0,0
430,13,-6.1084546465300154,-1.6016750327264986,0.30512277009270383,5.809144167313943,-4.2603333781237147,6.1474859722405055,0.0308859545894,0.64522613045,0.00012681829100928232,0,6.3409145504641161e-05,19,1,1,1,0,0
431,11,-0.18150901294763042,1.7144198836120335,-1.6410998029601398,-2.4669990515841378,-4.8478935858096319,-0.49214404821615054,0.0505955286,0.0371681058212,4.2337915270959366e-07,0,2.1168957635479683e-07,11,1,1,1,0,0
432,14,1.5445614379395174,-4.135709608078078,2.8135085885000475,3.2911487609997336,6.1918986540819683,-1.7771637826699118,0.495241023971,0.0104040656267,2.7823685696585389e-07,0,1.3911842848292695e-07,15,1,1,1,0,0
433,10,5.4982006747072729,-2.0846577588619284,2.2891687680607893,4.6639955912394031,-4.3934044245209911,4.9895874435306551,1.80391819743,0.0638602548905,4.4963909575337688e-06,0,2.2481954787668844e-06,31,1,1,1,0,0
434,2,-5.4073076507770663,-3.0792224451316441,-2.8124165685998501,2.1619736947005341,-3.0912217513846443,-2.9916789754598554,0.2852872907,0.0111792485622,1.1945858256054881e-07,0,5.9729291280274403e-08,12,1,1,1,0,0
435,5,-0.10336627380075243,3.1902887019134827,-2.3395458714187281,5.3142796791915057,1.313207758395585,-6.0941036101876795,0.0731653260934,0.0107120118903,4.0307160549527517e-08,0,2.0153580274763758e-08,60,1,1,1,0,0
436,14,-4.5276738016691835,0.031533938334285506,-0.4208178339251295,2.2893652302560366,-1.5675175122816871,0.087540756273788128,0.0542405794374,0.0953380843826,2.7717164866577503e-06,0,1.3858582433288751e-06,16,1,1,1,0,0
437,2,6.1936049860846216,-4.4838311862267552,-0.04052821910293395,3.5578015135525001,1.8720151846394675,4.5510055762104784,16.1716782612,0.0504187768726,0.00026229753142893454,0,0.00013114876571446727,60,1,0,0,0,2
438,14,-1.3012125077985315,-2.751647059278064,-1.2303121607199665,-3.7103045256709879,1.4440581361367777,5.6919440246414013,0.022511906111,0.076276745704,1.7728141701662757e-06,0,8.8640708508313784e-07,28,1,1,1,0,0
439,10,4.863833599065714,-3.6408012212635907,-1.0921460349009631,6.0776834227939984,-1.3661843207539941,-2.9202402902206503,0.500019940832,0.124207087463,4.9494748986950176e-06,0,2.4747374493475088e-06,19,1,1,1,0,0
440,12,3.5340507696376222,-2.1128717935996639,2.0427503120200163,2.3669662839062235,5.0298395899341184,3.7943611404698534,0.0683721453625,0.0638495145682,1.2465270180867267e-06,0,6.2326350904336333e-07,16,1,1,1,0,0
441,15,3.672955557865218,0.5176330733325557,-1.9078257447585141,-5.5481641211869475,0.93990373020895479,0.39416264649963578,0.0486135742194,0.0708128884954,1.5298567234441296e-06,0,7.6492836172206482e-07,35,1,1,1,0,0
442,6,4.3835627260076961,-2.5761835794882413,-0.35674509469400945,-1.5291898015466305,4.0697645669888693,2.8148538685635613,0.586761740691,0.0363712655363,7.4725826864873338e-07,0,3.7362913432436669e-07,12,1,1,1,0,0
443,5,0.88153722253153666,-1.2118979003041812,-1.2248708590201525,5.0675782604557069,-1.5705621402350085,-4.4062228744783551,0.0407104115401,0.264254099244,2.127316150875871e-05,0,1.0636580754379355e-05,10,1,1,1,0,0
444,10,5.4085001936189334,-2.2378813669031512,-1.5124915538917845,-0.27945937309652125,5.9707006571066819,-5.2060311369432313,0.250241858287,0.00194347471931,6.3771556262779042e-08,0,3.1885778131389521e-08,9,1,1,1,0,0
445,12,2.1429744644110755,3.092728247828354,-0.69536401652695001,2.2745672617054309,-5.2062754151345381,-3.7622670023611677,0.434123952606,0.0384198651031,6.3810512545011123e-07,0,3.1905256272505561e-07,32,1,1,1,0,0
446,5,3.303284551778968,-2.903560788207578,2.7040360442087787,-1.4850273031955188,1.3298173041400543,0.086501076175058422,1.06664117118,0.423546461053,5.5783531134133952e-05,0,2.7891765567066976e-05,19,1,1,1,0,0
447,9,-2.7971001617933409,-2.9636015512949578,-0.41874381395682697,-3.0284888067608766,-5.4898411157842713,-3.7047296297713963,0.956607564487,0.0593821926604,1.9892536265183188e-06,0,9.946268132591594e-07,5,1,1,1,0,0
448,14,-4.0743820078287722,5.1444187145107581,2.4298205852209036,-5.7197718477647657,-2.9569014537804676,5.4510986248199496,0.258949009073,0.0871278195731,2.3794836923865159e-06,0,1.189741846193258e-06,55,1,1,1,0,0
449,12,-4.3145114007746139,-3.2100467883420185,-1.9992362112283344,-4.8328713484171022,4.7766798985064893,-0.07044490057988495,0.243764978805,0.0205076567376,1.8753248081695659e-07,0,9.3766240408478295e-08,10,1,1,1,0,0
450,4,5.1405807687970251,-3.6130046333508798,1.7063741242221295,3.1726868800380945,-0.96158201759004547,-3.0538642821268436,0.179226973053,0.193107705069,1.1391484323455379e-05,0,5.6957421617276897e-06,12,1,1,1,0,0
451,11,-4.3427493580628527,0.95304581806018196,-2.7602232970211937,-0.27550930075313018,1.8253212635736875,2.4004248359055889,0.325683003359,0.0327790184961,4.3336988632857592e-07,0,2.1668494316428796e-07,12,1,1,1,0,0
452,14,-1.4858912973195002,-3.5357147750399469,3.0033573816532106,2.107539275565907,4.7028201090977566,-2.8702827538412494,1.52571929826,0.00445934044223,2.3338769129534981e-06,0,1.1669384564767491e-06,12,1,1,1,0,0
453,7,-5.831832312242951,-5.0836302386218977,-0.58855864515432588,-4.4855517036358261,-1.5179456665955711,2.0013847772543705,1.13779973207,0.057002827997,2.2843884357298004e-06,0,1.1421942178649002e-06,31,1,1,1,0,0
454,12,4.6280537500732164,-4.8564452742459245,2.2302854683545368,-1.7618692867043702,4.1600657460646877,2.9133513081912046,0.0498538864291,0.0720884906967,1.58550613581216e-06,0,7.9275306790607999e-07,16,1,1,1,0,0
455,15,-1.2723714841673106,-0.91180005695344779,1.4741263292973534,-5.6708342322465457,-1.588631010035721,2.8127245613630305,0.0482620275626,0.0166438146833,8.6713295247135933e-08,0,4.3356647623567966e-08,13,1,1,1,0,0
456,7,3.8229597284001482,-3.3222473858245984,1.8692435887185312,3.0082118804148341,-1.6335242363184501,3.7157448904580241,0.0731336657738,0.0740025034621,1.6735463902580027e-06,0,8.3677319512900136e-07,37,1,1,1,0,0
457,2,-1.4368853610649457,1.5606741950359297,2.8517477003838176,-0.0025022323158764154,1.4781424994993837,-6.0572116489047758,1.16421848714,0.0647555065529,2.6327494883411084e-06,0,1.3163747441705542e-06,19,1,1,1,0,0
458,3,-0.91949246446492749,1.8120424065390628,-2.2086796032243248,-4.476251274255084,4.6578217913519326,2.2189243081399641,0.168026188412,0.030181225825,3.0571075488104464e-07,0,1.5285537744052232e-07,53,1,1,1,0,0
459,7,4.3291408514335838,-3.0580998404341413,2.3011871290355757,-5.7718144663582223,1.4941598336829665,-0.69044541551701399,0.00908353082342,0.0240886225903,1.7684034405328421e-07,0,8.8420172026642107e-08,19,1,1,1,0,0
460,5,-0.20177242020586902,-5.8170714210211134,-0.72995583661922425,-0.88616234657459747,2.3321111279059989,-3.2733632381631099,0.0469228079324,0.990529189417,0.00029887699681147625,0,0.00014943849840573812,13,1,1,1,0,0
461,2,-3.5587164933485687,-4.2624737251012554,-2.3078525820337394,4.3311993422910628,0.85490818473991104,-3.2380792256379087,0.367172171963,0.0435903550104,7.1362476614219638e-07,0,3.5681238307109819e-07,7,1,1,1,0,0
462,8,-4.0769757798172757,3.43792743920626,1.0624761176750777,-5.2787860027020361,0.21919445926535924,3.256010225691091,0.0571945718785,0.000790707823263,3.4616716088370044e-09,0,1.7308358044185022e-09,28,1,1,1,0,0
463,13,5.819827463644768,3.4681438176825372,0.63551487275836449,-3.3667468723372935,-2.252072921077505,-4.9435613226646309,0.315196649275,0.118975840809,4.4112848712096952e-06,0,2.2056424356048476e-06,22,1,1,1,0,0
464,12,-4.438899142519384,-0.45639667512901488,2.249309632158818,-3.7447331848874312,1.0307624740911934,-3.8482562231266608,0.0976448712414,0.00986403010598,3.9173518602315212e-08,0,1.9586759301157606e-08,41,1,1,1,0,0
465,7,-5.4358689938979134,-6.119707233475209,1.6295779725574531,5.7376639309322988,-1.5293984947602295,-5.7251829342900873,0.0625974071049,0.00239032455836,5.6589131520126562e-09,0,2.8294565760063281e-09,55,1,1,1,0,0
466,1,-1.035063606177266,1.956736185203416,2.2764392249144292,3.7851105226938442,-2.8667864335306525,-3.8461205908057954,0.0412262597795,0.00738570421976,1.8316066450775828e-08,0,9.1580332253879141e-09,19,1,1,1,0,0
467,6,3.0278910081435044,-2.8572242192638484,-1.2510952154732007,4.3245537316121645,-1.3268066215577312,6.0554633682622425,0.559871629577,0.00643069299651,3.2605333324205905e-07,0,1.6302666662102952e-07,12,1,1,1,0,0
468,6,-3.0102014287466203,-5.402044886295692,1.2173915451713555,-3.3295987807937752,1.7206974719898882,-4.7295213269529963,0.0205891651544,0.0272888026163,2.272660325780205e-07,0,1.1363301628901025e-07,34,1,1,1,0,0
469,2,-2.4290575233815419,0.40700823056251734,1.9369079765667863,-3.4853398004099865,1.6670423118125302,-4.4018742146929632,0.0123850616775,0.00839829705351,2.1638480823912984e-08,0,1.0819240411956492e-08,33,1,1,1,0,0
470,8,-2.9830034960469738,-5.8818872385001226,2.8285544362891901,-2.3714678518108463,5.0086668122368057,5.2426705495236474,0.324670261613,0.0349122437447,4.7669821803752194e-07,0,2.3834910901876097e-07,22,1,1,1,0,0
471,10,5.1029958225078165,2.0750144899631127,0.98402322353681959,6.0795470729076442,-2.8065155922946285,4.675452605558295,0.0956557800862,0.0194573473539,1.2447463949159939e-07,0,6.2237319745799695e-08,56,1,1,1,0,0
472,6,1.18833760567514,3.1655349627440943,1.3042435836723103,0.14443752334921897,1.7384989782761402,-2.9695380809892957,0.189938060141,0.0293584173826,2.9863129914653619e-07,0,1.493156495732681e-07,23,1,1,1,0,0
473,2,-0.020493473479509236,-4.8989598853410223,2.0332174502530083,-4.2551444044878188,0.95062417834705726,3.9948878503093881,0.505433896082,0.0595267752983,1.3348560525445172e-06,0,6.674280262722586e-07,35,1,1,1,0,0
474,1,-5.639518376116655,4.4468698288449975,1.2066649674801508,-1.1848466994246223,1.4775922455653752,3.8482809729293641,0.202344940828,0.0321429737307,3.5566528626612579e-07,0,1.778326431330629e-07,24,1,1,1,0,0
475,8,1.0357358540141643,3.6441535361544273,2.2007492219967988,2.21575860733943,3.586206621620021,1.6746347783009468,0.576853951642,0.136107457651,5.9758712998903917e-06,0,2.9879356499451959e-06,13,1,1,1,0,0
476,0,-3.1860698318708427,-3.2335563107112124,-2.8078083491851582,-2.8409371440495415,-4.493989224535734,1.9965969160591261,3.70888652819,0.570847714877,0.00011302063861099529,0,5.6510319305497644e-05,59,1,1,1,0,0
477,4,-1.3532257362343414,-2.1382868459100468,-1.0103520941117459,3.7981913154891322,-1.4648848999629236,2.5485701045408353,0.105113015155,0.0340093285431,3.6337974103480837e-07,0,1.8168987051740419e-07,22,1,1,1,0,0
478,13,-4.0722073329087047,2.1422806051905638,1.7999340523522562,-3.2384285436118896,-2.8460730140685957,4.8122025146738192,0.125989202698,0.000701662999418,1.6023251784661376e-08,0,8.0116258923306881e-09,39,1,1,1,0,0
479,13,3.8812862121255143,4.6686164583040091,-1.0692205993611028,-5.0788010448939955,2.0195095425942644,-5.5004060776043504,0.175561703275,0.000828584705094,3.1031047542351987e-08,0,1.5515523771175993e-08,12,1,1,1,0,0
480,3,1.8630566306334142,3.0441090245768407,-1.3973052518930922,3.6456171524896028,-4.0798752760437722,-3.0636153427045461,0.0177447452392,0.408246324815,5.0769395947127883e-05,0,2.5384697973563941e-05,27,1,1,1,0,0
481,8,3.4616939340454049,6.0907244397722655,-1.3822928833592323,0.86694247144207037,-4.8536314070542641,-4.5424283866621664,1.15956549601,0.118651045184,5.6330176579106884e-06,0,2.8165088289553442e-06,6,1,1,1,0,0
482,14,-0.78734714854251531,-5.4037801546456139,2.8456135329883829,4.1412780799492284,-1.6045323825860263,1.8675463406654036,0.951454392548,0.02037291223,1.0316986126403385e-06,0,5.1584930632016927e-07,20,1,1,1,0,0
483,10,-2.3320084050285526,-4.5132100082544975,0.62589372183431979,5.8439924835355779,4.1196820015504096,3.2129997126983869,0.871628200629,0.0960919455799,3.5724700153755548e-06,0,1.7862350076877774e-06,36,1,1,1,0,0
484,11,0.45148013419250654,5.182271692981276,-0.58737439551517079,0.79297425174232983,0.71322037564797403,2.8480031572268758,0.0690889230633,0.0283014493727,2.4876331439923131e-07,0,1.2438165719961566e-07,11,1,1,1,0,0
485,8,-1.3931055131029175,4.6171832845718459,-1.7395044437809453,-1.2570831008548486,4.866609161825135,-3.5815291536271956,1.21617736278,0.337582254859,3.6193830388759074e-05,0,1.8096915194379537e-05,10,1,1,1,0,0
486,11,-2.3543559483631853,-3.8916493444637386,-0.7912459699927411,-2.0017628921041277,1.851811807623736,1.0790394322668,0.771078569935,0.00194918793489,5.9571950421297541e-07,0,2.9785975210648771e-07,19,1,1,1,0,0
487,1,-4.4101748729154737,-4.2800917296383005,0.30402248613109129,-3.6103352232811301,-4.670795298888887,-3.4088085025107016,3.3871517202,0.00639205400943,1.1485242942153456e-05,0,5.742621471076728e-06,17,1,1,1,0,0
488,11,-4.6785519632844039,5.9209554507557645,-0.83224657159012871,-2.4041968913599963,4.1230224854490949,1.3296007013649511,0.060260320165,0.00100081035684,3.9364175038346153e-09,0,1.9682087519173077e-09,13,1,1,1,0,0
489,1,-1.3380233776379091,4.168748501368583,-0.92010523595242166,-0.39537242885900092,5.648978305966085,-2.459977456269645,0.637250801473,0.103933502124,3.6966186098279581e-06,0,1.8483093049139791e-06,10,1,1,1,0,0
490,6,2.9003136155073155,-1.8886507395758325,-2.2335702832960873,5.3292513684042664,-0.99031248252901694,-1.6583852959550835,0.0520833279092,0.00480349355357,9.7412784096561297e-09,0,4.8706392048280648e-09,45,1,1,1,0,0
491,5,-1.4294209736439254,-2.310566141905011,0.61753851070688248,6.1756941337146491,1.9440442923518095,0.69688659862590052,0.0422903674453,0.0467601911374,6.6783917755855619e-07,0,3.339195887792781e-07,54,1,1,1,0,0
492,5,3.3044619034048357,-1.810411121169671,1.6152551196886666,-4.396600629438673,5.1222901212080023,-2.2021113303516873,0.02130954552,0.00566849284941,1.024200614615467e-08,0,5.121003073077335e-09,17,1,1,1,0,0
493,0,-1.8346640354492243,3.519788207075238,-3.0034032899622671,-5.4519898338683523,4.5493034091709124,3.0318425282682981,2.19595329204,0.00880478020572,4.8458260687266123e-06,0,2.4229130343633062e-06,20,1,1,1,0,0
494,14,3.6043515249422224,4.3881085693781321,-1.4560303746763485,4.8291231867964228,-1.7085806111751463,-2.1487503856625749,0.19483245272,0.0247455750474,2.2449017688169247e-07,0,1.1224508844084624e-07,14,1,1,1,0,0
495,11,4.4511672069371482,0.81471752497330163,2.972087137248228,-2.206930754886355,-1.9073833005228817,2.8661525846421836,0.0460106360659,0.199413020816,1.2115397090607495e-05,0,6.0576985453037474e-06,23,1,1,1,0,0
496,15,-4.627027885977582,-4.3753256906222697,1.3074485322589906,-3.7637429957922492,5.5848280578880329,3.7781570065414081,0.0928832850191,0.000486996188826,8.6995493140148802e-09,0,4.3497746570074401e-09,8,1,1,1,0,0
497,1,2.9767979721667444,3.7165927399408658,-1.8922635460115007,2.1875202712446984,1.2327881562286596,2.1174059464671044,0.0863687613466,0.044733248973,6.1701838253360742e-07,0,3.0850919126680371e-07,12,1,1,1,0,0
498,3,-1.1834772075909534,-6.1743516507329117,-1.9619901400789568,2.2006030725828647,-1.5742793098432584,-3.6094279958473776,0.0220448362916,0.00947786950522,2.7849760781802713e-08,0,1.3924880390901356e-08,13,1,1,1,0,0
499,0,1.8918388811371032,2.0371110676810233,1.4486743324634501,3.8426133047765636,-2.2614729952613044,0.53422418835890439,0.0330558834104,0.0392302981216,4.6990386291321457e-07,0,2.3495193145660728e-07,10,1,1,1,0,0
