target_id,best_seed_id,q0,q1,q2,q3,q4,q5,pos_err_mm,rot_err_deg,pose_cost,limit_score,total_loss,iters,success_loose,success_medium,success_strict,near_limit,success_rank
0,14,3.9358525276184082,5.0867090225219727,-0.98406732082366943,0.73745006322860718,1.867480993270874,0.80099529027938843,3.7555948212,0.0364696226279,1.4509643795866679e-05,0,7.2548218979333394e-06,17,1,1,1,0,0
1,0,-2.5049843788146973,-4.2898659706115723,1.2631111145019531,2.7076683044433594,2.8042411804199219,-4.1258029937744141,0.070415934112,0.019312248309,1.1856941063605536e-07,0,5.9284705318027678e-08,14,1,1,1,0,0
2,10,5.1374039649963379,-5.9297475814819336,0.43173617124557495,4.1610851287841797,-3.3278381824493408,-6.051292896270752,0.665398524696,0.162045296606,8.4416059824018507e-06,0,4.2208029912009254e-06,10,1,1,1,0,0
3,8,-2.3468599319458008,3.1823067665100098,-2.5402560234069824,-0.37410786747932434,3.6362226009368896,-1.8816204071044922,0.0405095126909,0.377497019185,4.3410841655593594e-05,0,2.1705420827796797e-05,22,1,1,1,0,0
4,2,-2.1475899219512939,-0.41935506463050842,0.34826597571372986,5.4479522705078125,-4.523796558380127,-0.70883345603942871,0.0914806988536,0.437462559714,5.8304067808546372e-05,0,2.9152033904273186e-05,23,1,1,1,0,0
5,2,3.1350171566009521,-5.8368330001831055,-1.764590859413147,5.5131845474243164,-5.8563499450683594,-4.7014451026916504,0.0640794136737,0.0694641156111,1.4739654450489883e-06,0,7.3698272252449413e-07,16,1,1,1,0,0
6,4,5.2243747711181641,-4.7111248970031738,1.5830593109130859,-1.2779999971389771,-1.1509121656417847,-3.9135532379150391,0.0234106052886,0.0421185582454,5.4093111883577915e-07,0,2.7046555941788958e-07,32,1,1,1,0,0
7,2,4.0441250801086426,1.3638988733291626,1.2063243389129639,-0.84507352113723755,-1.3306249380111694,-2.5795860290527344,0.04784174701,0.0545782210573,9.0967778482440397e-07,0,4.5483889241220199e-07,17,1,1,1,0,0
8,8,-5.0641498565673828,-4.6315207481384277,2.7936289310455322,-0.8529512882232666,-4.459475040435791,2.7808070182800293,0.156815542378,0.020500822213,1.5261685407857813e-07,0,7.6308427039289065e-08,10,1,1,1,0,0
9,15,-3.287318229675293,2.3527436256408691,-2.8820962905883789,5.1588935852050781,1.8027603626251221,1.9010547399520874,0.176152895246,0.0245797860956,2.1506929536486242e-07,0,1.0753464768243121e-07,17,1,1,1,0,0
10,9,-0.092898920178413391,5.7662749290466309,2.9275796413421631,-0.90025418996810913,4.1626157760620117,2.9430181980133057,2.1340852186,0.314906961943,3.4762130997302378e-05,0,1.7381065498651189e-05,25,1,1,1,0,0
11,14,0.64700669050216675,2.0951511859893799,2.8718125820159912,-2.0259931087493896,-1.6598156690597534,-5.5099811553955078,0.100177421541,0.0334095763588,3.5004941653696467e-07,0,1.7502470826848233e-07,25,1,1,1,0,0
12,7,4.5643172264099121,-4.5491924285888672,2.6049098968505859,5.2182106971740723,-3.0809533596038818,2.8360235691070557,3.28423023858,0.0875595812989,1.3121572624385397e-05,0,6.5607863121926986e-06,54,1,1,1,0,0
13,10,5.2488675117492676,-0.091787353157997131,-1.998589038848877,-5.1162261962890625,1.7859418392181396,-0.73615294694900513,0.0316129754784,0.000390194996401,1.0457588711820316e-09,0,5.2287943559101582e-10,17,1,1,1,0,0
14,2,-4.6037416458129883,0.50664782524108887,-1.480250358581543,5.3169207572937012,-4.2788891792297363,1.4781191349029541,0.0458723155936,0.15225687584,7.0637928884263537e-06,0,3.5318964442131768e-06,12,1,1,1,0,0
15,2,5.2376365661621094,-0.77295142412185669,0.83507418632507324,-2.5844857692718506,-0.26808667182922363,-0.094254188239574432,0.113464516542,0.175842463304,9.4318190272740564e-06,0,4.7159095136370282e-06,28,1,1,1,0,0
16,6,-0.04771813377737999,0.54235637187957764,-1.4713374376296997,-3.5083153247833252,5.0918397903442383,1.842734694480896,0.0267325529421,0.14886429001,6.7512123674058562e-06,0,3.3756061837029281e-06,24,1,1,1,0,0
17,6,-1.8697634935379028,-3.044663667678833,2.3203971385955811,-3.8030638694763184,4.6940183639526367,-2.6632122993469238,0.0262100088471,0.0177209940663,9.6347078872809219e-08,0,4.817353943640461e-08,15,1,1,1,0,0
18,6,1.2455414533615112,4.5829133987426758,-1.4614731073379517,3.900529146194458,-0.94005376100540161,5.5789332389831543,0.147516433044,0.0345588949761,3.855709285814571e-07,0,1.9278546429072855e-07,27,1,1,1,0,0
19,13,-3.0031888484954834,0.16650807857513428,0.76861459016799927,5.2724099159240723,-4.7268481254577637,1.6940240859985352,0.0151317970075,0.794678814357,0.00019237052153661728,0,9.6185260768308641e-05,38,1,1,1,0,0
20,4,-2.297839879989624,2.6057076454162598,2.5853571891784668,5.194587230682373,-5.2000918388366699,0.85114151239395142,0.0585831777091,0.000449144371066,3.4934393854851997e-09,0,1.7467196927425998e-09,32,1,1,1,0,0
21,7,-3.4547367095947266,2.9797213077545166,1.964740514755249,-2.2599635124206543,-3.2466425895690918,5.523735523223877,0.560451047273,0.0626190256822,1.5085536500072149e-06,0,7.5427682500360743e-07,7,1,1,1,0,0
22,8,-3.6512422561645508,-0.43481484055519104,-0.27319058775901794,-1.3205420970916748,1.8369227647781372,3.3880321979522705,0.0515787508736,0.403881886359,4.9692029991379231e-05,0,2.4846014995689615e-05,19,1,1,1,0,0
23,12,-1.1803293228149414,-0.40195178985595703,-2.2930564880371094,-0.74020916223526001,-1.6626467704772949,2.1238307952880859,78.553341299,0.66728516341,0.0063062642721822193,0,0.0031531321360911096,60,0,0,0,0,3
24,15,4.280998706817627,-5.7065310478210449,2.8825218677520752,-2.4520728588104248,-1.2994320392608643,-2.6940743923187256,0.864518280292,0.00266740482185,7.4955922466977435e-07,0,3.7477961233488717e-07,21,1,1,1,0,0
25,1,-3.8159639835357666,-2.4975864887237549,-1.2037431001663208,1.9355276823043823,-4.6590127944946289,2.6405630111694336,0.134643409772,0.0440588258895,6.094461330057576e-07,0,3.047230665028788e-07,12,1,1,1,0,0
26,14,-2.2283322811126709,-3.2428576946258545,2.5543601512908936,-2.3232762813568115,-1.8843134641647339,2.091449499130249,0.667754401858,0.0651429768306,1.738572687220433e-06,0,8.692863436102165e-07,16,1,1,1,0,0
27,7,2.1981744766235352,-4.327845573425293,0.62346166372299194,-1.0380754470825195,-1.5802929401397705,5.8715877532958984,0.033903078852,0.0198065402759,1.2065053940439138e-07,0,6.0325269702195689e-08,42,1,1,1,0,0
28,5,-1.5344284772872925,-4.1709575653076172,-1.0421175956726074,-4.2482008934020996,4.7017006874084473,-3.1680305004119873,57.7601221544,0.100480839651,0.0033393072503423594,0,0.0016696536251711797,60,0,0,0,0,3
29,5,-4.9458422660827637,0.33959475159645081,-2.8682947158813477,3.1031589508056641,4.1126680374145508,5.9308233261108398,0.223830222778,0.772838553145,0.00018199181859130208,0,9.0995909295651042e-05,35,1,1,1,0,0
30,14,2.2734885215759277,-2.5057127475738525,2.087073802947998,5.0733799934387207,1.3897155523300171,-3.6887991428375244,0.0441785683868,0.0036136322419,5.9295431267763931e-09,0,2.9647715633881965e-09,23,1,1,1,0,0
31,15,5.2156286239624023,-2.2057464122772217,3.0300016403198242,2.9804284572601318,1.7474265098571777,-0.31003659963607788,0.707628469289,0.00793698381589,5.1992764182413054e-07,0,2.5996382091206527e-07,30,1,1,1,0,0
32,0,-3.7962090969085693,-2.8428943157196045,2.3238017559051514,-4.0899372100830078,-1.5240452289581299,5.4295392036437988,0.0342356889914,0.000141954334421,1.1782207564142231e-09,0,5.8911037820711154e-10,60,1,1,1,0,0
33,14,5.9464535713195801,2.0428726673126221,-2.9646902084350586,1.2148133516311646,-1.5507473945617676,1.4918960332870483,4.9794485171,0.0103501180881,2.4827539658657054e-05,0,1.2413769829328527e-05,14,1,1,1,0,0
34,13,0.76707780361175537,2.947655200958252,-2.3465497493743896,1.2304227352142334,4.6296677589416504,-5.1201400756835938,0.0152039228606,0.000717014401363,3.8776602595783402e-10,0,1.9388301297891701e-10,22,1,1,1,0,0
35,6,0.5030747652053833,-4.3624205589294434,2.5263161659240723,-5.9557695388793945,-4.1992154121398926,3.7972047328948975,0.21228189007,0.0605511555583,1.1619258365523931e-06,0,5.8096291827619657e-07,16,1,1,1,0,0
36,7,-4.7734427452087402,-5.7575211524963379,1.4581583738327026,4.2811675071716309,3.9244720935821533,-0.72904646396636963,0.173418457524,0.00172716355277,3.0982663788501279e-08,0,1.5491331894250639e-08,13,1,1,1,0,0
37,3,-0.81773644685745239,4.0185351371765137,-2.5567412376403809,-4.6650810241699219,-1.6366755962371826,2.1488714218139648,0.102971354709,0.107801096604,3.5505854168415437e-06,0,1.7752927084207719e-06,15,1,1,1,0,0
38,14,0.086074873805046082,-0.78975611925125122,-2.4051418304443359,-1.8751686811447144,-0.4533478319644928,-3.9657762050628662,0.0932065477673,0.0029836871272,1.1399283275146493e-08,0,5.6996416375732463e-09,25,1,1,1,0,0
39,1,-3.4094164371490479,1.0081826448440552,0.77826470136642456,-4.3313989639282227,-4.0003724098205566,-2.5961449146270752,0.389320429216,0.00792207575195,1.706879678312912e-07,0,8.5343983915645598e-08,32,1,1,1,0,0
40,2,2.25693678855896,-0.4874015748500824,-0.76751965284347534,-1.823721170425415,-5.0553741455078125,-1.144160270690918,0.0977781356169,0.157025528887,7.5205173773528935e-06,0,3.7602586886764467e-06,13,1,1,1,0,0
41,5,1.1102561950683594,-0.051163364201784134,2.305671215057373,-0.26642832159996033,5.8742742538452148,1.3912204504013062,0.0543151908208,0.0682487057302,1.4218233043211912e-06,0,7.1091165216059561e-07,12,1,1,1,0,0
42,15,1.2285816669464111,-4.5179200172424316,-1.741902232170105,-2.3711724281311035,-4.4454808235168457,-1.3812026977539062,0.0419976215639,0.0031824446112,4.8489513418616044e-09,0,2.4244756709308022e-09,21,1,1,1,0,0
43,10,0.97147899866104126,0.88559353351593018,1.3826010227203369,5.8154821395874023,-1.3794013261795044,-5.3406352996826172,0.461419637064,0.0336479510498,5.5779123604203968e-07,0,2.7889561802101984e-07,25,1,1,1,0,0
44,11,1.3941149711608887,1.6937088966369629,0.8245275616645813,3.1403944492340088,5.3782610893249512,-3.4471373558044434,0.450576539742,0.332839421044,3.3949170647532505e-05,0,1.6974585323766253e-05,15,1,1,1,0,0
45,9,-2.1488006114959717,1.6177152395248413,1.9453638792037964,-5.3301630020141602,-4.5077805519104004,-5.5990810394287109,0.0251037092502,0.0352477877888,3.790888719793231e-07,0,1.8954443598966155e-07,16,1,1,1,0,0
46,7,0.19906626641750336,4.4637417793273926,-0.47021183371543884,-1.4584914445877075,5.8973503112792969,-4.831700325012207,0.531643076082,0.000769979600173,2.8282495844402227e-07,0,1.4141247922201113e-07,38,1,1,1,0,0
47,9,4.667264461517334,-3.1179978847503662,1.2201309204101562,3.6170403957366943,-2.5126156806945801,-1.9114881753921509,2.00827610645,0.0866547670555,6.320559945585099e-06,0,3.1602799727925495e-06,6,1,1,1,0,0
48,7,-0.6806187629699707,1.0949341058731079,1.6409255266189575,-5.301915168762207,0.95100373029708862,4.637333869934082,0.109559446967,0.0725114928976,1.6136562612481755e-06,0,8.0682813062408776e-07,16,1,1,1,0,0
49,1,3.6108510494232178,0.90473765134811401,2.2583615779876709,5.5852551460266113,-1.8547848463058472,-1.6685446500778198,0.0173155215084,0.0641607702333,1.2542892491454435e-06,0,6.2714462457272173e-07,32,1,1,1,0,0
50,2,-1.662981390953064,0.37655940651893616,-2.7096025943756104,4.1807074546813965,5.0896539688110352,3.5014111995697021,3.26709771396,0.41986198569,6.4373131212232921e-05,0,3.2186565606116461e-05,52,1,1,1,0,0
51,12,-0.77587318420410156,2.0215864181518555,0.63074684143066406,-3.3475260734558105,1.4868959188461304,5.2802958488464355,0.234779356407,0.00147311139895,5.5782383417816791e-08,0,2.7891191708908396e-08,25,1,1,1,0,0
52,0,0.77502930164337158,5.0457468032836914,-3.0552120208740234,-2.3650195598602295,2.2616515159606934,4.1832938194274902,15.2288456542,0.0668563317558,0.00023327930948719122,3.8361583277483642e-07,0.00011665116321857885,60,1,0,0,1,2
53,12,-3.100085973739624,0.26074093580245972,1.7527015209197998,1.9825360774993896,1.7036798000335693,-4.2512187957763672,0.0202153373666,0.27257150467,2.2632028450067717e-05,0,1.1316014225033858e-05,11,1,1,1,0,0
54,10,3.6352052688598633,4.9853649139404297,1.4475165605545044,-4.016660213470459,5.0469951629638672,-2.7176766395568848,0.0275346968257,0.00149965420326,1.4432327530996185e-09,0,7.2161637654980923e-10,12,1,1,1,0,0
55,4,-0.43220227956771851,-2.6565980911254883,2.6631677150726318,4.5037918090820312,-4.1830263137817383,-0.30753284692764282,0.066739102674,0.567819259502,9.8218810084215596e-05,0,4.9109405042107798e-05,31,1,1,1,0,0
56,9,2.8165559768676758,5.4862732887268066,0.54460853338241577,5.3268928527832031,2.549027681350708,-4.4326910972595215,0.916248675161,0.226205733632,1.6426490722870913e-05,0,8.2132453614354564e-06,10,1,1,1,0,0
57,6,1.5302174091339111,2.3488373756408691,-1.0427902936935425,4.3937392234802246,0.63692492246627808,-3.7069904804229736,0.051712496936,0.00445215620642,8.7122158914510915e-09,0,4.3561079457255458e-09,10,1,1,1,0,0
58,0,-5.9652423858642578,0.80874192714691162,-0.20124484598636627,0.41629427671432495,5.2121000289916992,-4.6400656700134277,1.01095833636,3.26045242107e-05,1.0220370816768946e-06,0,5.1101854083844729e-07,20,1,1,1,0,0
59,13,2.3951272964477539,1.5900136232376099,2.7485005855560303,1.7335747480392456,-3.0171022415161133,3.7090146541595459,0.240152465654,0.0266031193763,2.7325886277860423e-07,0,1.3662943138930211e-07,16,1,1,1,0,0
60,9,-2.3179216384887695,-5.3402800559997559,2.2955634593963623,4.6426324844360352,4.3702921867370605,3.799541711807251,0.143430694346,0.0650612919284,1.3100092836168192e-06,0,6.550046418084096e-07,24,1,1,1,0,0
61,4,1.9173340797424316,1.0564461946487427,-0.97819995880126953,4.6238675117492676,-4.7502784729003906,-3.4246025085449219,0.022167179309,0.000337776967809,5.2613863908251602e-10,0,2.6306931954125801e-10,24,1,1,1,0,0
62,5,-0.91481459140777588,-3.7856612205505371,2.1287956237792969,-2.9832558631896973,4.3908824920654297,-3.4828460216522217,0.0476780961344,0.00501036558991,9.9202444679668226e-09,0,4.9601222339834113e-09,18,1,1,1,0,0
63,15,-0.13331878185272217,5.8213095664978027,1.7147353887557983,0.17552748322486877,4.3052167892456055,-4.5326499938964844,0.039469582047,0.0202074833657,1.2594605130311181e-07,0,6.2973025651555903e-08,13,1,1,1,0,0
64,2,3.095247745513916,2.5361876487731934,-0.78392046689987183,-0.99078881740570068,3.8260743618011475,-2.5424017906188965,0.444527712187,0.803777541754,0.00019699822842203358,0,9.849911421101679e-05,25,1,1,1,0,0
65,15,-1.8926378488540649,-1.851909875869751,0.66748553514480591,3.4816293716430664,4.3032102584838867,-2.1214358806610107,28.4889632869,4.07080060874,0.0058595634994966488,0,0.0029297817497483244,60,1,0,0,0,2
66,9,2.3155694007873535,1.3201427459716797,1.6627914905548096,5.7532796859741211,4.8506622314453125,-1.2402664422988892,0.0151330180018,0.554503627098,9.3662248537258128e-05,0,4.6831124268629064e-05,21,1,1,1,0,0
67,6,5.4391646385192871,-4.53497314453125,1.8818274736404419,-3.1344242095947266,5.6484742164611816,-2.9760968685150146,1.30467907115,0.077372680784,3.525789328274955e-06,0,1.7628946641374775e-06,20,1,1,1,0,0
68,3,-4.230987548828125,2.5204885005950928,-2.0423126220703125,5.4998869895935059,2.683260440826416,3.1661267280578613,0.067376479087,0.492350082981,7.3846423138831574e-05,0,3.6923211569415787e-05,23,1,1,1,0,0
69,4,1.901423454284668,-4.8429131507873535,-1.3817707300186157,5.2121891975402832,-5.3096318244934082,-3.6404259204864502,0.0500657229944,0.132067648213,5.3156020945265933e-06,0,2.6578010472632967e-06,19,1,1,1,0,0
70,3,-4.1437129974365234,-3.4263243675231934,2.5841665267944336,0.12912337481975555,-4.5309586524963379,-3.9122269153594971,1.88789423827,0.0388337609545,4.0235263025180195e-06,0,2.0117631512590098e-06,39,1,1,1,0,0
71,15,-3.2690424919128418,-5.436345100402832,2.1641378402709961,5.0153932571411133,-1.7172559499740601,-1.6522055864334106,0.0477217172521,0.0402096939363,4.9478874252103478e-07,0,2.4739437126051739e-07,14,1,1,1,0,0
72,14,2.1734738349914551,-2.907642126083374,-0.339617520570755,-4.1389527320861816,-4.1852707862854004,3.20257568359375,0.235994407057,0.0321408177349,3.7037295272050503e-07,0,1.8518647636025252e-07,16,1,1,1,0,0
73,12,-0.75251311063766479,-4.6977987289428711,-2.8892197608947754,2.2872462272644043,4.7624764442443848,1.7504705190658569,3.63871526115,0.29537274964,3.9816614192694425e-05,0,1.9908307096347212e-05,23,1,1,1,0,0
74,6,-1.0133779048919678,-1.6750398874282837,0.95320320129394531,-4.1464343070983887,4.2352147102355957,2.7653212547302246,0.276933859634,0.000145311577369,7.6698794746787416e-08,0,3.8349397373393708e-08,19,1,1,1,0,0
75,9,1.2446142435073853,5.1528167724609375,-2.2980654239654541,3.2909259796142578,5.7757654190063477,2.6687030792236328,0.157223700504,0.199660260102,1.2168054966908223e-05,0,6.0840274834541117e-06,17,1,1,1,0,0
76,8,1.8758584260940552,4.1823949813842773,0.89325535297393799,1.3545267581939697,-1.8340394496917725,5.361574649810791,0.484788903137,0.0322168028523,5.511895197741337e-07,0,2.7559475988706685e-07,21,1,1,1,0,0
77,6,0.13019022345542908,-4.0582728385925293,-2.5800044536590576,-4.7498559951782227,-1.9552580118179321,-4.0266051292419434,0.687404394442,0.00511198482373,4.8048518235882955e-07,0,2.4024259117941477e-07,29,1,1,1,0,0
78,13,2.0515000820159912,-3.3672442436218262,-1.636360764503479,1.5150213241577148,5.2638907432556152,0.0029821556527167559,0.106434581576,0.27042241607,2.2287477235536806e-05,0,1.1143738617768403e-05,15,1,1,1,0,0
79,15,-5.0338611602783203,-2.3431472778320312,-1.3330546617507935,1.9994525909423828,-4.7799453735351562,-2.7627053260803223,0.327836299634,0.0105861154601,1.4161384654758132e-07,0,7.080692327379066e-08,13,1,1,1,0,0
80,14,-3.8054871559143066,-5.5564122200012207,2.5590438842773438,3.3962047100067139,1.0164192914962769,0.92359846830368042,0.206093026053,0.0116991663478,8.4167471881125815e-08,0,4.2083735940562907e-08,17,1,1,1,0,0
81,2,2.8612749576568604,-1.3507728576660156,1.9345227479934692,6.0923328399658203,-1.4320979118347168,-0.82756650447845459,0.0617807685173,0.00468403374346,1.0500221976365993e-08,0,5.2501109881829967e-09,37,1,1,1,0,0
82,8,2.3430867195129395,1.5689418315887451,2.2125306129455566,-2.1485607624053955,5.1562089920043945,-0.34717664122581482,0.0624334761465,0.0108909817673,4.002967234792179e-08,0,2.0014836173960895e-08,24,1,1,1,0,0
83,4,0.49577528238296509,6.1760573387145996,0.75223523378372192,-1.7530362606048584,-4.980374813079834,-2.0956490039825439,0.0373012905569,0.154772805192,7.2983862964148188e-06,0,3.6491931482074094e-06,15,1,1,1,0,0
84,11,4.822944164276123,-2.6930892467498779,2.168921947479248,0.36575236916542053,1.6198897361755371,5.2169084548950195,0.409615751051,0.237734907376,1.7384117725073781e-05,0,8.6920588625368904e-06,54,1,1,1,0,0
85,14,2.7253484725952148,-1.9736257791519165,1.1056493520736694,-2.4212958812713623,5.6143703460693359,0.85043531656265259,0.189703023946,0.0399553872299,5.2228852907830657e-07,0,2.6114426453915328e-07,58,1,1,1,0,0
86,0,-0.21317064762115479,5.4311752319335938,-0.88974851369857788,0.77721339464187622,1.7467575073242188,5.1914782524108887,4.75543235018,0.115651071987,2.668844674929229e-05,0,1.3344223374646145e-05,28,1,1,1,0,0
87,9,-3.3641641139984131,-0.79016488790512085,-1.2193101644515991,0.30427375435829163,1.8123140335083008,-4.2400021553039551,0.0557888320355,0.00662833256632,1.6495696943528734e-08,0,8.247848471764367e-09,60,1,1,1,0,0
88,13,-4.0592594146728516,1.8914517164230347,-0.80427342653274536,5.6924285888671875,5.0016880035400391,-0.31862640380859375,3.58883359292,0.0637622782483,1.4118187707648689e-05,0,7.0590938538243447e-06,14,1,1,1,0,0
89,10,-3.717118501663208,-4.4153447151184082,2.1970148086547852,-5.3024559020996094,-4.512080192565918,-3.8547134399414062,1.30679989616,0.132600748483,7.0638014185501207e-06,0,3.5319007092750603e-06,15,1,1,1,0,0
90,15,-1.0739345550537109,5.0678925514221191,-1.9399721622467041,1.5814733505249023,1.4469692707061768,-0.37262558937072754,0.548983048438,0.126507431473,5.1765192403465345e-06,0,2.5882596201732673e-06,36,1,1,1,0,0
91,2,-1.8202167749404907,-3.0764906406402588,-2.0268752574920654,-2.6694684028625488,1.4104571342468262,0.48424625396728516,0.0913193116358,0.0167124633786,9.3420821378615468e-08,0,4.6710410689307734e-08,10,1,1,1,0,0
92,3,5.3959083557128906,1.8710237741470337,-0.30133554339408875,-0.71109724044799805,3.3820946216583252,1.3833982944488525,1.18998302135,0.0169074551712,1.5031381482582806e-06,0,7.5156907412914031e-07,27,1,1,1,0,0
93,7,0.93941694498062134,-6.1533875465393066,-0.1841403990983963,-1.998586893081665,2.8449833393096924,-3.1262304782867432,4.35364561835,0.325075806262,5.1144456625831958e-05,0,2.5572228312915979e-05,22,1,1,1,0,0
94,11,-1.7883121967315674,-5.628631591796875,-1.802304744720459,-6.0649237632751465,-4.1508398056030273,-5.4259953498840332,0.08299836861,0.00127444923778,7.3834951593572818e-09,0,3.6917475796786409e-09,11,1,1,1,0,0
95,0,-3.4871330261230469,-2.8417353630065918,1.2268277406692505,-0.25144627690315247,1.1010078191757202,2.1042134761810303,1.1276412783,0.385430593501,4.6524546416334424e-05,0,2.3262273208167212e-05,21,1,1,1,0,0
96,6,-4.3642482757568359,-0.027622956782579422,-2.7681906223297119,-0.13782429695129395,1.7755582332611084,4.5281705856323242,0.850393316616,0.00635942637628,7.3548822319025921e-07,0,3.677441115951296e-07,18,1,1,1,0,0
97,5,0.12690895795822144,-3.5033981800079346,-2.5499565601348877,-1.6337816715240479,-4.1283049583435059,4.1458349227905273,0.235495188696,0.0277874442901,2.9066590597890773e-07,0,1.4533295298945387e-07,18,1,1,1,0,0
98,6,-3.196448802947998,-0.3401590883731842,0.84646129608154297,-1.0015360116958618,5.0116167068481445,5.3690767288208008,1.26290401685,0.0876096796437,3.9330041482168935e-06,0,1.9665020741084467e-06,37,1,1,1,0,0
99,15,-1.4352755546569824,3.0622668266296387,2.1981143951416016,1.7332568168640137,-0.66848570108413696,-2.0135867595672607,0.0543296607446,0.0179507033741,1.011078983204857e-07,0,5.0553949160242849e-08,6,1,1,1,0,0
100,1,5.5230183601379395,-3.6387040615081787,-2.3120894432067871,0.97209626436233521,-2.6185343265533447,2.7166218757629395,0.0653287445353,0.448605900921,6.1307687201485537e-05,0,3.0653843600742768e-05,10,1,1,1,0,0
101,2,4.8272371292114258,5.9875802993774414,0.37029781937599182,4.4534492492675781,-4.6024651527404785,5.9730739593505859,0.486854953238,0.0478297143347,9.3389540365729166e-07,0,4.6694770182864583e-07,11,1,1,1,0,0
102,12,-3.9068441390991211,2.5724713802337646,1.0052697658538818,0.12161318957805634,-5.2351531982421875,-2.9403185844421387,0.0696795379176,0.00311231276247,7.805911817811904e-09,0,3.902955908905952e-09,13,1,1,1,0,0
103,9,-3.4813928604125977,4.7933597564697266,0.38488966226577759,-2.2664742469787598,1.7482154369354248,-5.0605311393737793,0.614545200704,0.00213161977648,3.7904992521543779e-07,0,1.8952496260771889e-07,9,1,1,1,0,0
104,5,-1.6453408002853394,-0.60407626628875732,2.4525656700134277,5.4187941551208496,-1.4227681159973145,-2.3609228134155273,0.111889113321,0.0827271664686,2.09725501924671e-06,0,1.048627509623355e-06,11,1,1,1,0,0
105,7,-5.9974875450134277,-0.79587507247924805,-1.2152695655822754,3.0904674530029297,-1.6293656826019287,1.7888963222503662,0.0575442441371,0.00271773871305,5.5612758884596215e-09,0,2.7806379442298108e-09,27,1,1,1,0,0
106,14,-3.3431954383850098,1.2795311212539673,-2.3967733383178711,-0.27316468954086304,-3.9696331024169922,1.7824579477310181,0.0258221526199,0.00820987544562,2.1198623597360836e-08,0,1.0599311798680418e-08,35,1,1,1,0,0
107,8,-0.071656525135040283,-3.9156389236450195,-0.83233338594436646,-0.1563347727060318,-1.3881062269210815,1.2897083759307861,0.0851200140164,0.0151565785764,7.7222701356181844e-08,0,3.8611350678090922e-08,16,1,1,1,0,0
108,4,6.1102409362792969,1.3694796562194824,-1.769806981086731,4.7902541160583496,-4.2514171600341797,-2.016624927520752,0.395133254367,0.0543643708738,1.0564224489466574e-06,0,5.2821122447332872e-07,13,1,1,1,0,0
109,6,-3.3526096343994141,-0.55823796987533569,2.4429717063903809,-3.2634577751159668,2.3543858528137207,-4.9493608474731445,0.0734025711558,0.0311526373609,3.0101512683376564e-07,0,1.5050756341688282e-07,16,1,1,1,0,0
110,14,-0.11583320051431656,3.0999271869659424,-1.5633232593536377,-2.6347248554229736,-4.5453376770019531,-1.0144546031951904,0.912189368902,0.0747033772136,2.5320357626472776e-06,0,1.2660178813236388e-06,54,1,1,1,0,0
111,5,-3.350334644317627,-2.2796125411987305,-2.4970839023590088,4.0168046951293945,-3.8956019878387451,-5.4345579147338867,0.00804471122657,0.23669198423,1.706567548622897e-05,0,8.5328377431144851e-06,12,1,1,1,0,0
112,5,-1.8325471878051758,0.97236102819442749,1.8672378063201904,4.8842968940734863,5.3688230514526367,-4.2951383590698242,0.031985664468,0.0180160958178,9.9895716054391968e-08,0,4.9947858027195984e-08,17,1,1,1,0,0
113,12,-3.9999597072601318,-2.7771027088165283,-2.2521321773529053,0.047848813235759735,-0.76354295015335083,5.2471847534179688,0.0343398259142,0.0415532515719,5.2715381126835471e-07,0,2.6357690563417736e-07,15,1,1,1,0,0
114,8,4.2061424255371094,2.7646670341491699,-0.014234846457839012,0.14540868997573853,-0.72108769416809082,3.0202751159667969,169.785359872,0.229248427137,0.028843077547062335,0,0.014421538773531167,60,0,0,0,0,3
115,13,5.0284900665283203,-2.3295502662658691,-1.6797976493835449,5.7947235107421875,4.362144947052002,2.3899044990539551,0.0469648096564,0.00452887678627,8.4536174568309919e-09,0,4.226808728415496e-09,8,1,1,1,0,0
116,4,2.9235258102416992,-1.158034086227417,0.31839698553085327,1.710649847984314,-1.4999043941497803,-2.1797621250152588,0.832750749554,0.00887135632058,7.1744749515624965e-07,0,3.5872374757812483e-07,35,1,1,1,0,0
117,4,-5.2018251419067383,-0.82295256853103638,0.55872124433517456,1.4248679876327515,-5.1514697074890137,-1.5957251787185669,1.52438138926,0.212043051753,1.6020024968527685e-05,0,8.0100124842638427e-06,16,1,1,1,0,0
118,13,-1.2736916542053223,1.109371542930603,-1.6427842378616333,1.4780254364013672,-0.44898620247840881,2.0754232406616211,0.457787008146,0.0548792456766,1.1269948557458547e-06,0,5.6349742787292735e-07,22,1,1,1,0,0
119,0,-2.190223217010498,-1.3797999620437622,-2.1324610710144043,-1.0864075422286987,-1.2172026634216309,-3.0054142475128174,0.0112351202983,0.116851124655,4.1594289333725871e-06,0,2.0797144666862935e-06,20,1,1,1,0,0
120,5,-4.9312667846679688,-1.0141624212265015,-2.9485166072845459,-3.7901997566223145,-4.9544105529785156,-3.3238191604614258,0.146807951852,0.0665409324106,1.3703058102180421e-06,0,6.8515290510902105e-07,31,1,1,1,0,0
121,7,2.0017046928405762,6.1465620994567871,1.6588468551635742,-3.2176518440246582,-4.7550935745239258,2.6830692291259766,0.046844779979,0.000608041310411,2.3070548076592587e-09,0,1.1535274038296294e-09,20,1,1,1,0,0
122,3,-1.7569458484649658,2.4337348937988281,2.6178243160247803,-2.1709978580474854,3.8218898773193359,3.2325847148895264,0.0635136110031,0.00677508919278,1.8016476888277956e-08,0,9.0082384441389781e-09,21,1,1,1,0,0
123,10,-0.64541256427764893,-0.18108601868152618,2.2281041145324707,-1.1751949787139893,-1.1468597650527954,1.8726093769073486,0.0288148592749,0.00780709050506,1.9396929554750324e-08,0,9.6984647773751622e-09,18,1,1,1,0,0
124,6,-4.5057783126831055,5.9571619033813477,1.1339727640151978,-2.5728192329406738,1.1363959312438965,2.9018969535827637,0.624196521929,0.0234095910774,5.5655437169996248e-07,0,2.7827718584998124e-07,26,1,1,1,0,0
125,9,1.5604000091552734,0.28422576189041138,2.5135488510131836,-4.0300660133361816,-4.8688106536865234,-2.4866113662719727,0.0146858073303,0.447910718815,6.1113784564477671e-05,0,3.0556892282238836e-05,20,1,1,1,0,0
126,8,-2.7778637409210205,-1.5307868719100952,-2.6369340419769287,0.88426762819290161,4.5651082992553711,-6.0722036361694336,0.127138052056,0.131670977714,5.2973913403898162e-06,0,2.6486956701949081e-06,16,1,1,1,0,0
127,3,-4.0577335357666016,3.463566780090332,0.57992947101593018,4.2301969528198242,-0.85608643293380737,5.8953585624694824,0.0202782161767,0.291613280267,2.5904560327680476e-05,0,1.2952280163840238e-05,34,1,1,1,0,0
128,6,2.4276416301727295,3.3864240646362305,1.1724474430084229,-2.8540065288543701,3.976398229598999,-0.56965237855911255,0.0494829317129,0.0209015334172,1.3552802139842989e-07,0,6.7764010699214945e-08,9,1,1,1,0,0
129,9,1.7333803176879883,-3.6254706382751465,1.3516941070556641,3.5086061954498291,0.30501466989517212,1.1901383399963379,0.754632890631,0.0168691517713,6.5615525528043828e-07,0,3.2807762764021914e-07,56,1,1,1,0,0
130,8,1.2958192825317383,0.38700893521308899,0.85114836692810059,-2.6687779426574707,1.9876731634140015,2.8363993167877197,0.313527581271,0.231455074288,1.641709684806949e-05,0,8.208548424034745e-06,12,1,1,1,0,0
131,4,1.7966239452362061,1.0187026262283325,1.2094877958297729,-1.0635411739349365,-0.74931842088699341,-5.8276329040527344,0.12510037419,0.00179912965987,1.6636109858641649e-08,0,8.3180549293208244e-09,21,1,1,1,0,0
132,1,-1.9947030544281006,5.7492308616638184,-2.4677634239196777,-1.9345837831497192,5.0639033317565918,3.654094934463501,0.0380226290149,0.0522388337435,8.3271490281723532e-07,0,4.1635745140861766e-07,20,1,1,1,0,0
133,14,-3.2253172397613525,-5.3729729652404785,2.5155560970306396,0.32733508944511414,-2.8598661422729492,2.0690474510192871,0.0233496291345,0.939949821234,0.00026913176168248497,0,0.00013456588084124248,23,1,1,1,0,0
134,10,-0.79048508405685425,5.8128108978271484,-2.6924724578857422,-2.1988680362701416,3.9190952777862549,0.359688401222229,0.189757300464,0.36809145632,4.1309024200639485e-05,0,2.0654512100319743e-05,16,1,1,1,0,0
135,9,2.3558640480041504,-3.7025425434112549,0.97838467359542847,-0.28075394034385681,-5.0239071846008301,1.5691943168640137,0.173067769886,0.0222052257556,1.8015078887496892e-07,0,9.0075394437484461e-08,9,1,1,1,0,0
136,5,2.8894288539886475,0.89389938116073608,-0.57953947782516479,1.3178684711456299,4.8691473007202148,-1.2213691473007202,0.0912393588666,0.01227869579,5.4250683318628604e-08,0,2.7125341659314302e-08,33,1,1,1,0,0
137,0,-4.0411372184753418,-0.42503127455711365,-1.1319330930709839,5.4412703514099121,1.6483619213104248,-2.7908380031585693,0.239157481104,0.086558425709,2.3394999953467375e-06,0,1.1697499976733687e-06,20,1,1,1,0,0
138,0,-0.22709624469280243,0.6745721697807312,-1.9726428985595703,-0.84339696168899536,3.2952473163604736,-1.2674602270126343,0.292812992005,0.00355032749011,8.957909764284498e-08,0,4.478954882142249e-08,24,1,1,1,0,0
139,2,3.5684659481048584,-3.9457929134368896,-0.68741029500961304,4.7023882865905762,3.4804611206054688,1.70744788646698,2.38324601092,0.129481570523,1.07869179258219e-05,0,5.3934589629109502e-06,17,1,1,1,0,0
140,9,5.9554681777954102,4.3224821090698242,-1.9296563863754272,-0.97516685724258423,-1.5505646467208862,1.1104042530059814,0.0354735795227,0.109589573153,3.6596753703681088e-06,0,1.8298376851840544e-06,8,1,1,1,0,0
141,10,1.6988811492919922,1.6820690631866455,-0.84882980585098267,0.51394301652908325,-1.5830678939819336,-0.65975189208984375,0.699678927987,0.0263969379621,7.018075128159617e-07,0,3.5090375640798085e-07,16,1,1,1,0,0
142,6,0.32793429493904114,-2.347419261932373,-1.3581976890563965,-2.0955860614776611,5.0772686004638672,2.0273044109344482,0.0633281460676,0.00193978012444,5.156652345835744e-09,0,2.578326172917872e-09,22,1,1,1,0,0
143,12,-1.5888535976409912,5.8663344383239746,-3.0468494892120361,-5.9129552841186523,4.3551068305969238,-2.2429485321044922,29.8664308954,0.215437693933,0.00090614202457391785,0,0.00045307101228695893,60,1,0,0,0,2
144,9,1.1330668926239014,3.9599201679229736,-1.2290087938308716,-2.5455906391143799,-6.1282024383544922,-4.6493964195251465,0.783435225038,0.0239247043131,7.8813116650031123e-07,0,3.9406558325015562e-07,15,1,1,1,0,0
145,8,1.7142399549484253,-4.2906990051269531,-2.0285000801086426,-6.1576323509216309,-1.3716113567352295,-1.0212472677230835,0.0747431299372,0.0274431295151,2.3500163867523567e-07,0,1.1750081933761784e-07,54,1,1,1,0,0
146,1,-2.7598443031311035,-3.7267642021179199,1.0372439622879028,4.6319642066955566,5.2149763107299805,4.6204929351806641,0.114237831163,0.326900245829,3.2565616388500012e-05,0,1.6282808194250006e-05,28,1,1,1,0,0
147,5,0.74592411518096924,5.9079151153564453,1.7512987852096558,0.17626474797725677,4.6584372520446777,0.62720799446105957,0.0167386086269,0.0138600057092,5.8797113721516018e-08,0,2.9398556860758009e-08,11,1,1,1,0,0
148,13,-0.14774967730045319,-2.1299734115600586,-1.467540979385376,2.1444525718688965,1.4924371242523193,4.7916502952575684,0.0437575541464,0.0105633650357,3.5905361121617946e-08,0,1.7952680560808973e-08,25,1,1,1,0,0
149,0,-5.6245260238647461,0.24787804484367371,-1.1468093395233154,-6.1152639389038086,-4.9343504905700684,4.022301197052002,1.53681140308,0.0515091966663,3.169999416888406e-06,0,1.584999708444203e-06,53,1,1,1,0,0
150,11,-5.1743474006652832,5.0351171493530273,-2.439868688583374,5.6528654098510742,3.7858138084411621,6.008206844329834,0.82070442081,0.0327897493391,1.0010705452892463e-06,0,5.0053527264462316e-07,21,1,1,1,0,0
151,2,3.2544708251953125,-2.5985949039459229,-0.96963179111480713,-1.3720927238464355,5.1273365020751953,4.6467552185058594,0.0661314558618,0.0587630060539,1.0562450037584132e-06,0,5.2812250187920661e-07,18,1,1,1,0,0
152,1,-3.3472731113433838,-3.0732657909393311,-2.5698859691619873,1.4027912616729736,4.4086756706237793,4.2919096946716309,1.45201794376,0.0188921198916,2.2170777806165072e-06,0,1.1085388903082536e-06,9,1,1,1,0,0
153,0,4.9050030708312988,-3.1396439075469971,0.26950395107269287,-3.9060277938842773,-3.0118324756622314,-5.4300394058227539,2.0974197549,0.0190104448043,4.5092574534711738e-06,0,2.2546287267355869e-06,11,1,1,1,0,0
154,11,6.1349592208862305,-1.9418436288833618,-2.1144876480102539,-1.8805274963378906,-1.3090811967849731,-2.4973833560943604,0.437690081977,0.0804807521756,2.1646257764496207e-06,0,1.0823128882248103e-06,16,1,1,1,0,0
155,9,1.7626011371612549,1.2968795299530029,0.16000090539455414,3.209641695022583,1.5173135995864868,2.8460345268249512,3.2681357794,0.382516475785,5.5251983319349513e-05,0,2.7625991659674756e-05,28,1,1,1,0,0
156,5,4.8717784881591797,1.0929871797561646,2.8084299564361572,3.9642519950866699,4.0073871612548828,-3.7687838077545166,0.277342073444,0.00888325712245,1.0095667385086483e-07,0,5.0478336925432416e-08,17,1,1,1,0,0
157,12,-4.2638792991638184,1.3104585409164429,-1.1976521015167236,1.2273887395858765,4.1514720916748047,0.11645684391260147,0.0974519025082,0.182616879637,1.016816027667642e-05,0,5.08408013833821e-06,17,1,1,1,0,0
158,0,3.5525600910186768,3.8033897876739502,-0.71675515174865723,1.0155600309371948,-2.5836703777313232,-0.62893497943878174,0.042262317436,0.0967253710924,2.8517249714613503e-06,0,1.4258624857306751e-06,19,1,1,1,0,0
159,15,-3.108720064163208,-0.41578236222267151,-0.5501062273979187,1.4482349157333374,-1.3080674409866333,-0.40581101179122925,0.266185133293,0.0202270345292,1.9548354140715985e-07,0,9.7741770703579926e-08,9,1,1,1,0,0
160,4,4.5198249816894531,4.3241839408874512,0.63674110174179077,3.1696052551269531,5.1794757843017578,4.1909608840942383,0.252110747468,0.0225496028485,2.1845309237728554e-07,0,1.0922654618864277e-07,11,1,1,1,0,0
161,14,-4.7890415191650391,-3.7429914474487305,-0.23141555488109589,-0.44085416197776794,-1.4828401803970337,-5.4500956535339355,56.5232451146,0.0253856210136,0.0031950735428139814,0,0.0015975367714069907,60,0,0,0,0,3
162,2,6.1087040901184082,1.614667534828186,-2.2950770854949951,-4.481417179107666,-1.3003376722335815,0.7991180419921875,0.0808830891115,0.092442418456,2.6096809190028483e-06,0,1.3048404595014241e-06,16,1,1,1,0,0
163,14,2.5861730575561523,1.0484778881072998,0.88903272151947021,-5.5129542350769043,-4.4178543090820312,-4.1676578521728516,0.357563836494,0.0479641869399,8.2864353198189556e-07,0,4.1432176599094778e-07,15,1,1,1,0,0
164,14,-5.0768141746520996,3.9818105697631836,-1.3503069877624512,-4.6008768081665039,1.5799202919006348,3.5201930999755859,1.20003257542,0.0166072219732,1.5240916121224695e-06,0,7.6204580606123477e-07,19,1,1,1,0,0
165,10,-4.4873852729797363,3.063715934753418,2.5911424160003662,-6.2710819244384766,1.6646728515625,-4.0917959213256836,3.21494443973,0.348240032373,4.7277163464336286e-05,0.0056095032768247082,0.00019192368003690939,51,1,1,1,1,0
166,1,-4.9222817420959473,5.6952815055847168,1.5018972158432007,-0.80737394094467163,1.5750001668930054,-3.5858008861541748,0.0489742383573,0.00425969972699,7.9257718267890062e-09,0,3.9628859133945031e-09,14,1,1,1,0,0
167,8,3.2005958557128906,4.0391955375671387,-2.085085391998291,-3.6457984447479248,-4.784660816192627,1.3952516317367554,0.0464705648637,0.0100491683252,3.2921542364625907e-08,0,1.6460771182312954e-08,30,1,1,1,0,0
168,4,0.23011323809623718,2.7497196197509766,2.9113678932189941,1.7097213268280029,4.2999119758605957,0.72140991687774658,0.13662704439,0.00808715951324,3.858958313337116e-08,0,1.929479156668558e-08,11,1,1,1,0,0
169,6,-0.2173667699098587,2.9097511768341064,-1.625988245010376,3.0623970031738281,-4.4681558609008789,4.9309291839599609,0.261397107207,0.0824746494141,2.1403567888796706e-06,0,1.0701783944398353e-06,57,1,1,1,0,0
170,9,1.296527624130249,0.62553614377975464,-2.4958522319793701,3.5302841663360596,5.8970193862915039,0.24964578449726105,0.0335226376869,0.00361646655364,5.1078067875236611e-09,0,2.5539033937618305e-09,28,1,1,1,0,0
171,3,-1.5886092185974121,-2.6508457660675049,-2.683321475982666,-1.2430208921432495,-0.3276028037071228,5.3657240867614746,0.194230288185,0.0236860959993,2.0862526425887093e-07,0,1.0431263212943547e-07,30,1,1,1,0,0
172,2,-1.3846126794815063,5.1171369552612305,-0.4534277617931366,0.98438090085983276,4.119992733001709,-3.9219517707824707,0.959706213341,0.163724841912,9.0865569151617029e-06,0,4.5432784575808514e-06,8,1,1,1,0,0
173,12,-4.2286310195922852,4.8740429878234863,-2.6905679702758789,1.8417055606842041,-1.8056517839431763,3.1443853378295898,0.228642305291,0.0055520026451,6.1667054513835388e-08,0,3.0833527256917694e-08,13,1,1,1,0,0
174,15,-5.7421998977661133,-0.98056507110595703,2.4889209270477295,-0.42121303081512451,4.4678430557250977,1.0909113883972168,0.0749558190131,0.00396949393203,1.0418195565919814e-08,0,5.2090977829599068e-09,28,1,1,1,0,0
175,9,-1.4308427572250366,1.4116173982620239,2.2918987274169922,-1.6179273128509521,4.9814119338989258,4.2530002593994141,0.0867423751733,0.279109463392,2.3737858669681863e-05,0,1.1868929334840932e-05,7,1,1,1,0,0
176,14,4.9117355346679688,5.6122756004333496,1.1684756278991699,-4.9374041557312012,-3.2690637111663818,-3.4873943328857422,1.8134968997,0.0167699596559,3.3744390333992158e-06,0,1.6872195166996079e-06,9,1,1,1,0,0
177,10,-1.3840650320053101,3.5135152339935303,-2.7373812198638916,0.69173556566238403,-1.7174644470214844,-3.7144529819488525,1.12506274329,0.0970222770577,4.1332281103792982e-06,0,2.0666140551896491e-06,19,1,1,1,0,0
178,7,-1.8424644470214844,1.15985107421875,-2.0407848358154297,-3.9964416027069092,-1.1098114252090454,2.7999930381774902,1.17451720195,0.013440267826,1.4345169918372778e-06,0,7.1725849591863889e-07,33,1,1,1,0,0
179,9,0.21265348792076111,3.6436419486999512,0.23479315638542175,-1.6532522439956665,-2.1116652488708496,-5.322758674621582,37.1446173149,0.000479153177043,0.0013797226654087775,0,0.00068986133270438873,60,0,0,0,0,3
180,13,4.8755507469177246,-0.70733183622360229,-1.5157170295715332,2.1920130252838135,5.2677130699157715,-1.7889794111251831,1.44793580057,0.0768520848662,3.895662570097553e-06,0,1.9478312850487765e-06,22,1,1,1,0,0
181,9,-2.4260802268981934,5.8191423416137695,-2.6153178215026855,-2.442662239074707,3.3472459316253662,-1.533720850944519,0.00801957199309,0.231897933924,1.6381369216936373e-05,0,8.1906846084681867e-06,16,1,1,1,0,0
182,11,-5.9749975204467773,1.123665452003479,-1.3209137916564941,4.9173641204833984,1.6833771467208862,4.4310317039489746,0.0477537087547,0.0129649430039,5.3483481752287668e-08,0,2.6741740876143834e-08,44,1,1,1,0,0
183,6,0.067824214696884155,-0.88270378112792969,-1.7592657804489136,-1.8920875787734985,-1.6657524108886719,1.7046602964401245,0.0518876594689,0.0252637304898,1.9711624892792073e-07,0,9.8558124463960366e-08,18,1,1,1,0,0
184,2,-6.055971622467041,2.1427211761474609,-3.0142214298248291,-1.1592369079589844,-4.7441778182983398,4.2680888175964355,0.426872863456,0.0108756717352,2.1825066176350269e-07,0,1.0912533088175134e-07,17,1,1,1,0,0
185,11,-3.5569353103637695,5.0346589088439941,2.1816976070404053,3.1764676570892334,2.147000789642334,2.1892688274383545,0.0731489246591,0.000356535615709,5.389487427898329e-09,0,2.6947437139491645e-09,53,1,1,1,0,0
186,12,2.1301014423370361,4.8103775978088379,2.5205433368682861,-3.873131275177002,-5.0117330551147461,-2.6990745067596436,0.23432811891,0.0838185080521,2.1950122329280445e-06,0,1.0975061164640223e-06,13,1,1,1,0,0
187,15,5.8297181129455566,2.4256711006164551,0.39346566796302795,-1.449114203453064,-0.77347129583358765,-4.0114617347717285,0.409745789203,0.00270705053553,1.7012388556888205e-07,0,8.5061942784441023e-08,23,1,1,1,0,0
188,9,4.9760913848876953,-3.3652043342590332,2.9101479053497314,3.774526834487915,-3.5720369815826416,-4.1857180595397949,0.313648336803,0.0257023753866,2.996092327177404e-07,0,1.498046163588702e-07,21,1,1,1,0,0
189,2,5.0184359550476074,4.760474681854248,1.4376858472824097,3.9182984828948975,-4.8428735733032227,0.3671191930770874,0.0297255013611,0.0083109681118,2.1924198018979939e-08,0,1.0962099009489969e-08,28,1,1,1,0,0
190,12,0.44265726208686829,-4.866612434387207,-2.3983807563781738,-4.2673988342285156,4.8747529983520508,0.81225579977035522,0.0320096809857,0.0723455425634,1.5953548879793754e-06,0,7.9767744398968772e-07,18,1,1,1,0,0
191,0,-1.946802020072937,4.3298625946044922,-2.5576093196868896,3.7120020389556885,-5.0654330253601074,-0.3023451566696167,0.0750388634863,0.00578487411813,1.5824782486607519e-08,0,7.9123912433037593e-09,32,1,1,1,0,0
192,13,-1.8537305593490601,-4.1185898780822754,1.2978062629699707,-1.7940804958343506,-0.33770403265953064,-2.6414861679077148,0.0564171765456,0.00256311984616,5.1841073372408745e-09,0,2.5920536686204372e-09,30,1,1,1,0,0
193,6,-3.1983261108398438,-3.710207462310791,1.9868001937866211,4.5279684066772461,-1.7716730833053589,-2.0584230422973633,0.0413917527508,0.0333054004004,3.3961005743836264e-07,0,1.6980502871918132e-07,16,1,1,1,0,0
194,11,0.30538266897201538,-5.2537808418273926,1.6617311239242554,5.023162841796875,-2.1966376304626465,1.0969558954238892,0.0849631045968,0.0119367046394,5.0622117115427108e-08,0,2.5311058557713554e-08,22,1,1,1,0,0
195,9,-1.8473037481307983,6.0318584442138672,2.2703218460083008,2.5111238956451416,-4.6996169090270996,0.31831207871437073,1.00335596956,0.0341856304721,1.3627165823690568e-06,0,6.8135829118452841e-07,11,1,1,1,0,0
196,1,-2.6087207794189453,-2.9464385509490967,-2.8810446262359619,5.4168920516967773,1.7368178367614746,-5.0648617744445801,124.652318697,1.51200781085,0.016234607038237005,0,0.0081173035191185027,60,0,0,0,0,3
197,2,-2.6970570087432861,2.1715915203094482,-1.9768424034118652,4.5291690826416016,-5.7347264289855957,-4.4352483749389648,0.31383122728,0.0577778546645,1.1153884284922453e-06,0,5.5769421424612263e-07,18,1,1,1,0,0
198,2,-1.1546118259429932,0.35353878140449524,2.8088819980621338,5.7860779762268066,-1.5218323469161987,-3.8306357860565186,96.5797109798,1.32759653836,0.009864532603953596,0,0.004932266301976798,60,0,0,0,0,3
199,6,-1.9221493005752563,-4.7558460235595703,-1.7581773996353149,-3.96140456199646,4.2746443748474121,3.3492755889892578,0.0253117145601,0.000987752948202,9.3788467277286574e-10,0,4.6894233638643287e-10,38,1,1,1,0,0
200,8,5.4040055274963379,5.5286269187927246,-2.2416691780090332,4.5428071022033691,-1.6218835115432739,-3.4089372158050537,2.95772566474,0.214392655364,2.2749640365856389e-05,0,1.1374820182928194e-05,30,1,1,1,0,0
201,4,1.2979893684387207,-0.69498342275619507,1.3616702556610107,0.80443990230560303,4.533627986907959,-0.56713247299194336,0.00749930500788,0.00380305416029,4.461988622009454e-09,0,2.230994311004727e-09,13,1,1,1,0,0
202,3,3.5241413116455078,-1.1747148036956787,0.69992822408676147,-4.2657127380371094,-2.0832502841949463,4.478515625,0.162698124893,0.0129648112387,7.7672704128128896e-08,0,3.8836352064064448e-08,9,1,1,1,0,0
203,13,-1.3752040863037109,0.92963886260986328,-0.14051422476768494,-2.0457785129547119,2.5387144088745117,-6.1629161834716797,37.5814841725,0.000539537054107,0.0014123680412847313,0,0.00070618402064236564,60,0,0,0,0,3
204,8,-3.8562664985656738,-0.35486167669296265,-1.6049290895462036,3.5617778301239014,-1.7677593231201172,5.2867269515991211,1.2009056289,0.0446722047538,2.0500706428590609e-06,0,1.0250353214295305e-06,12,1,1,1,0,0
205,3,-2.5820455551147461,1.7432774305343628,1.5896632671356201,-0.61635565757751465,5.4053316116333008,-2.9551026821136475,0.0258929245666,0.0297648068692,2.7054433602946462e-07,0,1.3527216801473231e-07,14,1,1,1,0,0
206,10,-2.2941701412200928,5.6346697807312012,-2.0610313415527344,-2.2179069519042969,4.0326194763183594,-2.761246919631958,0.426275550407,0.0588086792077,1.235218235020441e-06,0,6.1760911751022052e-07,45,1,1,1,0,0
207,3,2.8143384456634521,-0.81360119581222534,1.1482799053192139,-3.9034314155578613,5.3663477897644043,4.8705062866210938,0.232287757164,0.18297980267,1.0253038697774778e-05,0,5.1265193488873892e-06,25,1,1,1,0,0
208,0,-4.2164335250854492,6.1811275482177734,2.0554735660552979,-0.61157143115997314,-1.5072193145751953,5.688593864440918,0.0856316540276,0.00731173677819,2.3618082749098998e-08,0,1.1809041374549499e-08,6,1,1,1,0,0
209,3,1.9030290842056274,-5.0897283554077148,-0.27301082015037537,-2.7302377223968506,-4.8666486740112305,2.4988033771514893,72.1440202487,0.035629230861,0.0052051463518158047,0,0.0026025731759079023,60,0,0,0,0,3
210,3,-0.014339068904519081,-2.3276245594024658,1.4323023557662964,0.60984939336776733,3.9857361316680908,1.1849402189254761,0.415890298597,0.85807691969,0.00022446155249157779,0,0.00011223077624578889,15,1,1,1,0,0
211,12,0.013205957598984241,-0.82882046699523926,2.2234985828399658,-4.2136149406433105,1.2844779491424561,-0.62726962566375732,0.353504892198,0.134383678115,5.6260434509017401e-06,0,2.8130217254508701e-06,12,1,1,1,0,0
212,8,1.7320255041122437,-2.6473538875579834,-2.4702885150909424,-2.0707166194915771,-5.2249851226806641,3.4861102104187012,0.145331969049,0.00915584284835,4.6657294506184811e-08,0,2.3328647253092406e-08,14,1,1,1,0,0
213,14,-3.4059350490570068,-2.9285857677459717,2.7377691268920898,-6.0472774505615234,-4.6889004707336426,1.0533509254455566,1.29339720176,0.0333766824443,2.012221019993109e-06,0,1.0061105099965545e-06,60,1,1,1,0,0
214,14,2.9711015224456787,1.2981810569763184,2.59865403175354,1.3669790029525757,1.5504250526428223,1.505901575088501,0.0919618984645,0.0596364868691,1.0918320628537335e-06,0,5.4591603142686676e-07,12,1,1,1,0,0
215,9,2.7991178035736084,-1.1169919967651367,1.679219126701355,1.1042869091033936,-1.258634090423584,4.2035055160522461,0.761720572443,0.195100638527,1.2175254639963564e-05,0,6.087627319981782e-06,16,1,1,1,0,0
216,5,1.5570231676101685,-1.7488332986831665,0.45145803689956665,1.6936283111572266,-3.4877655506134033,-1.9248090982437134,0.61652595628,0.845260526404,0.00021801869798260146,0,0.00010900934899130073,28,1,1,1,0,0
217,1,-0.050270728766918182,2.7300429344177246,-2.6130952835083008,1.887887716293335,5.0155987739562988,-3.470369815826416,0.0115033537337,0.100967563047,3.1055390130054343e-06,0,1.5527695065027171e-06,16,1,1,1,0,0
218,7,-5.5040116310119629,2.6258056163787842,0.048387166112661362,5.5620007514953613,-1.7359100580215454,-5.422976016998291,3.88026481639,0.000564365078304,1.5056552068406685e-05,0,7.5282760342033426e-06,60,1,1,1,0,0
219,4,3.6845638751983643,0.29187914729118347,2.103426456451416,4.8608059883117676,3.2842531204223633,-3.5646193027496338,0.566768190527,0.310923987497,2.9769727157352038e-05,0,1.4884863578676019e-05,14,1,1,1,0,0
220,4,2.76399827003479,-4.9596199989318848,-1.927168607711792,1.4617915153503418,-2.1447563171386719,-0.95608407258987427,0.287435541284,0.00137209587698,8.3192677493893902e-08,0,4.1596338746946951e-08,13,1,1,1,0,0
221,14,2.8556694984436035,1.99773108959198,1.1008671522140503,5.04583740234375,4.044715404510498,4.2967257499694824,0.0223419434772,0.0134505692322,5.5609879727518257e-08,0,2.7804939863759128e-08,26,1,1,1,0,0
222,10,-4.9481539726257324,4.8508386611938477,-2.3106985092163086,-1.4185848236083984,-1.1515934467315674,-0.007723251823335886,0.0246338889925,0.121783603495,4.5184627416682779e-06,0,2.259231370834139e-06,20,1,1,1,0,0
223,11,0.71950483322143555,2.1367926597595215,0.56208556890487671,0.36011987924575806,2.4072377681732178,1.4183000326156616,0.556111232565,0.0950327051442,3.0603251281464904e-06,0,1.5301625640732452e-06,11,1,1,1,0,0
224,6,-6.0432844161987305,0.64718568325042725,-1.0626670122146606,-4.9333901405334473,-1.5647456645965576,1.8111006021499634,0.022108880195,0.145209725922,6.4236104412550915e-06,0,3.2118052206275457e-06,55,1,1,1,0,0
225,12,3.1340973377227783,-2.3871500492095947,2.23793625831604,3.2668263912200928,3.6607482433319092,-0.22681280970573425,0.0927559316896,0.0145367958219,7.297493860623411e-08,0,3.6487469303117055e-08,13,1,1,1,0,0
226,12,3.5539700984954834,4.3067708015441895,1.6246129274368286,-4.6630315780639648,4.732635498046875,4.3117232322692871,0.860693570561,0.0064566671781,7.5349248125965637e-07,0,3.7674624062982818e-07,16,1,1,1,0,0
227,14,6.1891818046569824,1.4439570903778076,2.9243180751800537,-6.1950583457946777,2.3294308185577393,4.7337794303894043,26.9609573943,0.00629145798066,0.00072690528111773631,0,0.00036345264055886816,60,1,0,0,0,2
228,10,-5.21881103515625,1.0673050880432129,1.4452673196792603,-4.4482007026672363,1.699753999710083,3.7308294773101807,1.02113662538,0.00201825222874,1.0439608186436237e-06,0,5.2198040932181187e-07,13,1,1,1,0,0
229,15,-5.5163979530334473,2.0707492828369141,-1.465409517288208,-1.5243734121322632,3.3390028476715088,-2.6137926578521729,0.16493699311,0.187360470708,1.0720477661603515e-05,0,5.3602388308017577e-06,31,1,1,1,0,0
230,7,-2.8458635807037354,-0.44865706562995911,0.90007972717285156,-6.037055492401123,0.03007623553276062,5.771277904510498,0.577685197948,0.0184960352397,4.3793081844235021e-07,0,2.189654092211751e-07,38,1,1,1,0,0
231,9,-2.0526156425476074,1.4350764751434326,1.2853481769561768,4.3444700241088867,5.006345272064209,-2.3648586273193359,0.0292826747372,2.42221142928e-05,8.5765376210352467e-10,0,4.2882688105176234e-10,19,1,1,1,0,0
232,15,-2.8057231903076172,-3.2872276306152344,-0.6030009388923645,4.8902626037597656,5.9083757400512695,0.1506069153547287,3.11690473034,7.63064458162,0.017746593400712531,0,0.0088732967003562653,60,1,0,0,0,2
233,14,-6.0337047576904297,3.8973536491394043,1.1001545190811157,3.8077495098114014,-1.512079119682312,1.0681408643722534,0.650512356538,0.0547380410392,1.3358772255706104e-06,0,6.6793861278530519e-07,21,1,1,1,0,0
234,15,1.9801346063613892,-3.1786234378814697,1.8685578107833862,2.8434581756591797,3.510122537612915,5.2692928314208984,0.0237926373257,0.00228705176019,2.1594232195547823e-09,0,1.0797116097773911e-09,21,1,1,1,0,0
235,1,1.4000334739685059,-2.4865894317626953,-2.6082041263580322,0.014936566352844238,4.823859691619873,-0.20035389065742493,0.0563490013284,0.000883093831991,3.4127672821321539e-09,0,1.7063836410660769e-09,6,1,1,1,0,0
236,14,-3.6782779693603516,-5.4713616371154785,-0.77151429653167725,-2.1757986545562744,-4.396174430847168,-4.374030590057373,0.262839205809,0.00393944946188,7.3811885676871009e-08,0,3.6905942838435504e-08,12,1,1,1,0,0
237,1,5.5649733543395996,2.0037455558776855,-0.48085552453994751,-0.89823669195175171,0.11792127043008804,2.92679762840271,1.42756229753,0.0151957333626,2.1082734169051313e-06,0,1.0541367084525656e-06,7,1,1,1,0,0
238,8,5.4698104858398438,1.651164174079895,-0.82833755016326904,-0.27853584289550781,3.7893078327178955,0.76086199283599854,0.332600416631,0.0648845558965,1.3930640784385553e-06,0,6.9653203921927765e-07,15,1,1,1,0,0
239,1,-4.5952391624450684,1.2491172552108765,-0.59755057096481323,6.0795736312866211,-0.96437150239944458,1.1767193078994751,0.28596081351,0.00548768146212,9.0947033182841486e-08,0,4.5473516591420743e-08,19,1,1,1,0,0
240,2,-5.262880802154541,-1.2802071571350098,-0.58848631381988525,1.8040341138839722,1.9087612628936768,3.6521048545837402,84.634045049,1.68987279154,0.0080328084242358468,0,0.0040164042121179234,60,0,0,0,0,3
241,2,0.63130658864974976,4.7042374610900879,2.4041838645935059,-2.8551082611083984,-4.4045639038085938,-2.0899367332458496,0.0365808281115,0.101597137491,3.1455925679597199e-06,0,1.57279628397986e-06,13,1,1,1,0,0
242,15,4.0649604797363281,0.93614554405212402,-1.2470694780349731,2.4528112411499023,-0.3194376528263092,-2.8458211421966553,0.0278088385691,0.0202648940533,1.2586932779600956e-07,0,6.2934663898004779e-08,12,1,1,1,0,0
243,5,5.1734604835510254,-3.4004135131835938,-1.9958957433700562,-4.78533935546875,3.1181564331054688,4.7743234634399414,1.02884790282,0.0255434322649,1.2572808004101302e-06,0,6.2864040020506511e-07,15,1,1,1,0,0
244,3,-4.166750431060791,1.0671008825302124,0.49820557236671448,-0.32269415259361267,-1.0339751243591309,-0.63561111688613892,0.870464360719,0.31857905291,3.1674126088455725e-05,0,1.5837063044227863e-05,36,1,1,1,0,0
245,5,-3.2192924022674561,-4.438408374786377,1.8878717422485352,-5.4318795204162598,-4.5382790565490723,1.747052788734436,0.0190111936363,0.0189813914348,1.1011301677109571e-07,0,5.5056508385547854e-08,14,1,1,1,0,0
246,10,5.6485843658447266,3.3222384452819824,-1.6086230278015137,3.1743733882904053,-4.9648175239562988,-1.6163115501403809,0.244720356815,0.0214999897436,2.0069732099199232e-07,0,1.0034866049599616e-07,43,1,1,1,0,0
247,11,-5.0965065956115723,-1.6830642223358154,-1.6340252161026001,5.8306374549865723,-1.0009950399398804,-4.8980669975280762,0.665391022401,0.142061935856,6.5904101881106273e-06,0,3.2952050940553137e-06,20,1,1,1,0,0
248,2,2.1178951263427734,5.4915056228637695,-0.81558215618133545,3.0170624256134033,4.6128635406494141,-0.40928444266319275,0.424828490229,0.00368410854753,1.846137134965704e-07,0,9.2306856748285199e-08,30,1,1,1,0,0
249,8,-3.8465800285339355,-1.3717694282531738,0.63991093635559082,-3.9214980602264404,-1.5455895662307739,5.3522963523864746,0.150716098009,0.00012151157855,2.2719839894630908e-08,0,1.1359919947315454e-08,22,1,1,1,0,0
250,9,0.47131744027137756,0.58881396055221558,0.30254274606704712,-2.3455660343170166,1.0190122127532959,-2.130002498626709,1.36556921715,0.00312476599902,1.8677536208395272e-06,0,9.3387681041976361e-07,29,1,1,1,0,0
251,2,1.8302421569824219,-3.1661944389343262,2.608896017074585,-3.9465293884277344,2.3666234016418457,-2.2070670127868652,0.117458963202,0.00547580980333,2.2930406928509938e-08,0,1.1465203464254969e-08,14,1,1,1,0,0
252,15,-2.5843639373779297,-0.29299113154411316,1.1493061780929565,3.724604606628418,1.3846687078475952,-0.71953976154327393,0.03459085016,0.0754782921895,1.7365936184362706e-06,0,8.6829680921813531e-07,17,1,1,1,0,0
253,4,3.2590277194976807,-0.3913763165473938,-2.4845874309539795,-0.24299705028533936,-3.9645421504974365,1.5256285667419434,84.0135259624,1.76933552513,0.0080118920599839862,0,0.0040059460299919931,60,0,0,0,0,3
254,9,-3.4724094867706299,4.2144355773925781,2.7830924987792969,-1.6849422454833984,-2.1320493221282959,3.9451844692230225,0.397225610667,0.00504144859407,1.6553040423088952e-07,0,8.2765202115444759e-08,15,1,1,1,0,0
255,11,-4.1837096214294434,-4.5406560897827148,0.37486833333969116,-5.0092563629150391,6.0173325538635254,5.0067019462585449,2.36399166769,0.0858743830746,7.8348302505650211e-06,0,3.9174151252825106e-06,14,1,1,1,0,0
256,13,1.1420201063156128,2.7435092926025391,2.287977933883667,5.9678354263305664,1.7437199354171753,3.6360859870910645,0.427101480949,0.000820453196851,1.8262072624877701e-07,0,9.1310363124388504e-08,13,1,1,1,0,0
257,5,0.90497684478759766,-1.702916145324707,2.6286325454711914,-4.312598705291748,4.6732969284057617,1.2185866832733154,0.139467265265,0.0166207384449,1.0360135936836085e-07,0,5.1800679684180423e-08,49,1,1,1,0,0
258,13,-5.2111024856567383,2.8225395679473877,-0.82832449674606323,-3.4604840278625488,1.6418387889862061,-2.7623498439788818,0.0320498098995,0.00476931508882,7.956129761894936e-09,0,3.978064880947468e-09,20,1,1,1,0,0
259,0,4.2410221099853516,1.8956875801086426,0.57337242364883423,5.1700873374938965,4.4871668815612793,2.8480191230773926,1.2116228855,0.395673325006,4.9158135197709093e-05,0,2.4579067598854546e-05,34,1,1,1,0,0
260,14,-4.6277174949645996,-3.2061457633972168,0.24789384007453918,5.0688323974609375,-1.9138281345367432,0.46085324883460999,1.66548435348,0.190004846497,1.3771087997528925e-05,0,6.8855439987644626e-06,53,1,1,1,0,0
261,1,4.5739550590515137,5.5097565650939941,1.2353222370147705,-2.7268943786621094,1.4168143272399902,-0.35330042243003845,0.041495317122,0.00184802951326,2.7621947400778571e-09,0,1.3810973700389286e-09,25,1,1,1,0,0
262,5,-1.4365297555923462,5.427772045135498,1.7313547134399414,-3.5293314456939697,0.34792134165763855,-5.6302642822265625,0.524010328549,0.000548952932706,2.7467862067898695e-07,0,1.3733931033949347e-07,17,1,1,1,0,0
263,9,-5.586700439453125,-3.5633831024169922,1.1056860685348511,6.0507092475891113,-5.1097087860107422,-3.3718020915985107,0.177747948773,0.00753611688513,4.8894487993381474e-08,0,2.4447243996690737e-08,55,1,1,1,0,0
264,10,1.4804760217666626,-2.2262594699859619,0.86036556959152222,0.42832839488983154,-4.2821822166442871,2.3700201511383057,0.200379425776,0.00179592022101,4.1134405806487667e-08,0,2.0567202903243833e-08,20,1,1,1,0,0
265,8,1.4913274049758911,-5.4765052795410156,1.2944875955581665,6.0819292068481445,-2.2853207588195801,0.28065568208694458,1.28845028488,0.0929646986585,4.2927404469003528e-06,0,2.1463702234501764e-06,20,1,1,1,0,0
266,0,-2.2567803859710693,5.5170168876647949,1.283186674118042,-5.4892325401306152,-1.4030886888504028,3.9946324825286865,0.01812949581,0.0286515519493,2.5039260002585564e-07,0,1.2519630001292782e-07,19,1,1,1,0,0
267,4,-5.3179826736450195,0.40411490201950073,-1.1107865571975708,4.8781814575195312,-4.2893528938293457,3.2399446964263916,1.48224490282,0.0239922978307,2.3723969854757885e-06,0,1.1861984927378942e-06,48,1,1,1,0,0
268,8,5.1431002616882324,-4.2210698127746582,2.799666166305542,-0.95507562160491943,-5.3618545532226562,0.5229681134223938,1.20964932799,0.0154909165387,1.536350080540411e-06,0,7.6817504027020552e-07,17,1,1,1,0,0
269,12,4.7524609565734863,-0.50667250156402588,2.2693111896514893,-1.351606011390686,4.844456672668457,-4.1615219116210938,0.0231951594342,0.305109808042,2.8357981323948113e-05,0,1.4178990661974057e-05,8,1,1,1,0,0
270,15,-3.4837338924407959,0.35677379369735718,-0.061330642551183701,-2.680673360824585,1.0331078767776489,-3.2586841583251953,4.29240657679,0.0284987106866,1.8672157333626308e-05,0,9.3360786668131539e-06,13,1,1,1,0,0
271,3,-0.63259714841842651,0.91121083498001099,2.3769547939300537,-4.3208937644958496,1.4488661289215088,-0.80388909578323364,0.471622435919,0.0345211516956,5.8544332131775526e-07,0,2.9272166065887763e-07,28,1,1,1,0,0
272,11,-3.0384752750396729,1.2623872756958008,2.4951088428497314,-5.716890811920166,-4.7708044052124023,1.4630239009857178,0.0752383605465,0.0342742915111,3.6350313643806303e-07,0,1.8175156821903152e-07,13,1,1,1,0,0
273,15,-1.1212477684020996,-4.2430763244628906,-2.2626092433929443,-0.83116841316223145,-4.4195313453674316,0.35834100842475891,0.615973177564,0.0164572935646,4.6192630249115824e-07,0,2.3096315124557912e-07,23,1,1,1,0,0
274,8,-4.7596902847290039,-3.6921496391296387,-0.38279944658279419,0.93378692865371704,0.92607337236404419,-3.2912952899932861,1.16450190451,0.00535429421231,1.3647975999158797e-06,0,6.8239879995793985e-07,11,1,1,1,0,0
275,9,-5.5667977333068848,-6.1097865104675293,-0.47519248723983765,3.6074934005737305,5.8091921806335449,4.3923296928405762,0.0335238864447,0.743904812246,0.00016857468886805825,0,8.4287344434029124e-05,58,1,1,1,0,0
276,0,-3.778254508972168,-4.0460152626037598,-1.3960517644882202,-2.5128331184387207,1.3560240268707275,1.7003500461578369,0.0415513679438,0.12310416357,4.6180923545407347e-06,0,2.3090461772703674e-06,11,1,1,1,0,0
277,12,2.7624139785766602,3.4989454746246338,1.4564816951751709,4.3168611526489258,-5.9546999931335449,-1.6741447448730469,0.033011726493,0.00983481754138,3.0553478538757658e-08,0,1.5276739269378829e-08,23,1,1,1,0,0
278,4,-3.9456088542938232,-0.87619864940643311,-2.4679887294769287,3.3785462379455566,-1.7791591882705688,0.60974079370498657,0.390802298295,0.143557696955,6.430529680836931e-06,0,3.2152648404184655e-06,16,1,1,1,0,0
279,4,5.359133243560791,1.8049936294555664,0.25358748435974121,-2.7966363430023193,1.2456547021865845,-0.99058157205581665,120.06246735,2.3395882599,0.016082372280919209,0,0.0080411861404596045,60,0,0,0,0,3
280,8,2.5268433094024658,-1.9630782604217529,-2.0111665725708008,3.0284221172332764,-4.8927154541015625,-3.7601149082183838,0.0578228677542,0.00610894662602,1.4711571245061238e-08,0,7.3557856225306191e-09,40,1,1,1,0,0
281,0,3.1089725494384766,-4.7633485794067383,2.7017407417297363,1.7942379713058472,-3.4644269943237305,-2.2857093811035156,0.0268324699856,0.343548820445,3.5953432217621034e-05,0,1.7976716108810517e-05,17,1,1,1,0,0
282,15,3.5176763534545898,0.16105690598487854,0.98077285289764404,3.7672622203826904,-4.682098388671875,0.81608080863952637,0.536136810317,0.311294114041,2.9806096874899035e-05,0,1.4903048437449518e-05,18,1,1,1,0,0
283,2,-5.1996135711669922,5.1577548980712891,-1.8939000368118286,-1.033502459526062,-1.2398545742034912,0.31793767213821411,0.266970777349,0.00285740464054,7.3760524472348692e-08,0,3.6880262236174346e-08,11,1,1,1,0,0
284,8,-4.0768237113952637,0.81631159782409668,2.2544293403625488,0.71103137731552124,-3.7414824962615967,2.1126723289489746,0.00457644762556,0.496075412564,7.4963570027350212e-05,0,3.7481785013675106e-05,21,1,1,1,0,0
285,14,3.2553110122680664,3.9060008525848389,-1.4820989370346069,-0.9565470814704895,4.6953678131103516,4.6015324592590332,0.113576468514,0.00459366189637,1.9327568629414266e-08,0,9.6637843147071328e-09,26,1,1,1,0,0
286,4,-0.39210638403892517,-4.1951885223388672,0.040740318596363068,-1.1682208776473999,5.2460789680480957,3.1899945735931396,40.3422734819,0.00941542048062,0.0016275260340641907,0,0.00081376301703209536,60,0,0,0,0,3
287,0,0.27511075139045715,-1.6281082630157471,-2.5555999279022217,-0.24232031404972076,-1.4504038095474243,-4.8440790176391602,0.0819280426996,5.24921935481e-05,6.7130435326800367e-09,0,3.3565217663400183e-09,25,1,1,1,0,0
288,2,4.3687152862548828,-3.6759433746337891,0.72249877452850342,3.2454063892364502,5.2572379112243652,-4.5575404167175293,0.495591211929,0.0114142812053,2.8529797827379987e-07,0,1.4264898913689994e-07,15,1,1,1,0,0
289,0,-1.8591315746307373,4.8782362937927246,0.27293881773948669,1.6432701349258423,-2.1860556602478027,3.0843362808227539,0.117879337147,0.000292012418445,1.3921513235213713e-08,0,6.9607566176068566e-09,16,1,1,1,0,0
290,14,3.5767505168914795,3.7179934978485107,-2.2876739501953125,-5.9008564949035645,5.842320442199707,-1.9565721750259399,0.733776557714,0.0125407568959,5.86335396011206e-07,0,2.93167698005603e-07,14,1,1,1,0,0
291,6,-3.4915709495544434,3.8960282802581787,-2.4973793029785156,3.4266741275787354,-4.596127986907959,-4.4985408782958984,0.0668076984989,0.00952692152495,3.2111026035476172e-08,0,1.6055513017738086e-08,13,1,1,1,0,0
292,8,1.8156241178512573,2.7436473369598389,-0.86763626337051392,0.88698160648345947,-2.254624605178833,0.74087381362915039,0.0772705644952,0.0285425313482,2.5413527039102246e-07,0,1.2706763519551123e-07,13,1,1,1,0,0
293,0,-2.1983551979064941,2.0633385181427002,0.96245652437210083,1.4727873802185059,1.623357892036438,0.75014442205429077,0.055050544373,0.11022767241,3.7041747876528356e-06,0,1.8520873938264178e-06,43,1,1,1,0,0
294,11,2.0088560581207275,-2.865614652633667,0.55408716201782227,3.9061152935028076,-1.3349744081497192,-0.780376136302948,0.292680343309,0.207427406686,1.3192170196276714e-05,0,6.5960850981383571e-06,18,1,1,1,0,0
295,1,1.3315128087997437,4.1548233032226562,-0.79936546087265015,-0.22217266261577606,3.8422863483428955,0.4493468701839447,0.0220016259087,0.815297744945,0.00020248285495806981,0,0.00010124142747903491,59,1,1,1,0,0
296,2,1.0313221216201782,0.10169664770364761,-2.2954096794128418,1.35467529296875,2.6582949161529541,-1.8522785902023315,0.156718687968,0.00562030996516,3.4182966910852411e-08,0,1.7091483455426206e-08,25,1,1,1,0,0
297,2,-1.552517294883728,1.0797680616378784,2.4434161186218262,-0.67125385999679565,-2.5744261741638184,4.5714044570922852,0.0708270332699,0.0195740789442,1.2172897789911088e-07,0,6.0864488949555438e-08,36,1,1,1,0,0
298,11,-3.7597808837890625,3.4805154800415039,-2.6373217105865479,1.2258785963058472,-1.4865740537643433,-0.32667353749275208,0.0632015746709,0.000261075564047,4.015201901333845e-09,0,2.0076009506669225e-09,16,1,1,1,0,0
299,7,-0.88503450155258179,-2.3857359886169434,-2.0695786476135254,-3.2503867149353027,1.6649518013000488,-0.65672838687896729,0.0291267368698,0.00980178823982,3.0114501459476111e-08,0,1.5057250729738056e-08,34,1,1,1,0,0
300,9,-4.860292911529541,2.390230655670166,1.1222764253616333,1.3225871324539185,1.7427012920379639,3.3847167491912842,0.0880746241472,0.0566209623703,9.843402935637182e-07,0,4.921701467818591e-07,16,1,1,1,0,0
301,12,-2.6191363334655762,3.7455704212188721,1.0387928485870361,-3.140608549118042,4.0530509948730469,3.6414945125579834,0.069774209655,0.00963550249341,3.315000750495056e-08,0,1.657500375247528e-08,29,1,1,1,0,0
302,9,3.2553319931030273,-4.9420351982116699,-0.74869066476821899,-1.8544315099716187,1.0132077932357788,-0.12231756001710892,0.0560658338241,0.242291217322,1.7885719360611771e-05,0,8.9428596803058854e-06,11,1,1,1,0,0
303,9,-1.0568960905075073,-4.1072697639465332,-0.70232069492340088,6.0334591865539551,5.239905834197998,1.3895055055618286,0.700869628444,0.0145179829853,5.5542300708177651e-07,0,2.7771150354088826e-07,14,1,1,1,0,0
304,2,-2.2426078319549561,1.5745114088058472,-1.43939208984375,2.86916184425354,-5.5444126129150391,-4.9279313087463379,0.351302185412,0.030491485318,4.0662538536848328e-07,0,2.0331269268424164e-07,18,1,1,1,0,0
305,2,-5.0383124351501465,2.7877309322357178,-1.6800719499588013,-2.9261727333068848,-0.75144904851913452,4.0326962471008301,0.622719563861,0.123820157701,5.0580007460946251e-06,0,2.5290003730473125e-06,39,1,1,1,0,0
306,10,-5.2287869453430176,4.6767888069152832,-2.4685988426208496,-3.3609359264373779,2.1911184787750244,-2.8548882007598877,0.278618205355,0.00365940183021,8.1707303774249344e-08,0,4.0853651887124672e-08,15,1,1,1,0,0
307,6,2.6814119815826416,0.70585936307907104,-0.64851301908493042,-6.0498256683349609,3.1404685974121094,3.0684857368469238,0.7393267909,0.140055569266,6.5218461348131548e-06,0,3.2609230674065774e-06,40,1,1,1,0,0
308,5,3.41853928565979,-5.8809380531311035,-0.48854255676269531,1.6086028814315796,-0.85743135213851929,-1.5534821748733521,1.52079320433,0.0654796937988,3.6188866646179382e-06,0,1.8094433323089691e-06,22,1,1,1,0,0
309,14,-3.9811017513275146,1.9889342784881592,-1.5373965501785278,-2.243757963180542,1.4924559593200684,2.4013416767120361,1.06448150677,0.0744093062394,2.8197098100038223e-06,0,1.4098549050019112e-06,20,1,1,1,0,0
310,5,-4.1968512535095215,-0.38699823617935181,-1.2319741249084473,-3.8943071365356445,4.4297142028808594,-0.73262476921081543,0.0800447529474,0.153601279234,7.1933534720619353e-06,0,3.5966767360309676e-06,13,1,1,1,0,0
311,14,-5.7849197387695312,-0.6722031831741333,-1.1183747053146362,-2.9285862445831299,4.2970128059387207,-4.8276710510253906,0.926820266664,0.00859725396428,8.8151092572964051e-07,0,4.4075546286482026e-07,8,1,1,1,0,0
312,3,-4.915956974029541,2.2737040519714355,-0.57507145404815674,4.3724141120910645,1.186957836151123,3.3207604885101318,1.68624740583,0.109590299733,6.501895819990044e-06,0,3.250947909995022e-06,19,1,1,1,0,0
313,6,-4.5363054275512695,5.2275967597961426,1.0235285758972168,-1.4232082366943359,-4.7606062889099121,3.0167567729949951,0.213651036349,0.00831164140311,6.6690767155709524e-08,0,3.3345383577854762e-08,15,1,1,1,0,0
314,11,1.9652143716812134,4.5830698013305664,-1.8675343990325928,-4.777158260345459,-4.4600586891174316,-3.6582474708557129,0.556102170252,0.0455269204629,9.4063029805084267e-07,0,4.7031514902542134e-07,8,1,1,1,0,0
315,7,4.5997004508972168,5.1798176765441895,0.57148158550262451,-4.4511027336120605,4.9696998596191406,-2.911304235458374,0.364859097666,0.0190096692831,2.4320100459178766e-07,0,1.2160050229589383e-07,11,1,1,1,0,0
316,3,-1.3570764064788818,-4.3890113830566406,-0.05387551337480545,3.5252203941345215,-5.0096893310546875,-0.49283486604690552,153.556756312,0.0158134486332,0.023579753583329317,0,0.011789876791664659,60,0,0,0,0,3
317,6,-5.6989684104919434,3.9493021965026855,-0.49024522304534912,4.0891284942626953,4.8723044395446777,1.5250140428543091,0.209630351544,0.0691871163046,1.5021049315672078e-06,0,7.5105246578360388e-07,19,1,1,1,0,0
318,6,4.1282224655151367,0.4535137414932251,0.45825812220573425,-4.2041959762573242,-2.1040618419647217,-4.6444625854492188,0.0231563802811,0.506107691091,7.8026763680479871e-05,0,3.9013381840239936e-05,24,1,1,1,0,0
319,12,0.19497357308864594,1.1008878946304321,-1.3156468868255615,3.9424810409545898,-4.1165919303894043,4.5055809020996094,0.758403103998,0.00659678376208,5.8843147377859235e-07,0,2.9421573688929617e-07,20,1,1,1,0,0
320,3,0.98345839977264404,2.4664485454559326,-2.7904362678527832,-1.5289331674575806,-4.2796139717102051,3.6172928810119629,0.16380907862,0.0137108816652,8.4097917835046657e-08,0,4.2048958917523328e-08,48,1,1,1,0,0
321,2,0.27512243390083313,-4.6546387672424316,-1.5736014842987061,-5.3040761947631836,4.4797749519348145,1.151520848274231,0.0840836282747,0.0126816024915,5.6059556564973501e-08,0,2.8029778282486751e-08,8,1,1,1,0,0
322,6,4.3797202110290527,2.3424770832061768,1.3078852891921997,-2.8156664371490479,-0.32240474224090576,-1.5303405523300171,0.147745308578,0.0282897450679,2.6561694474251178e-07,0,1.3280847237125589e-07,18,1,1,1,0,0
323,7,0.38992857933044434,3.0741941928863525,0.30501210689544678,5.8869624137878418,-1.7198545932769775,2.5554573535919189,1.56928549311,0.0150892310258,2.5320137435139932e-06,0,1.2660068717569966e-06,12,1,1,1,0,0
324,3,-2.4803540706634521,6.0368556976318359,1.2321610450744629,-5.4226546287536621,4.0432395935058594,-1.7821965217590332,0.276093792521,0.0580017118893,1.1010212739933563e-06,0,5.5051063699667815e-07,40,1,1,1,0,0
325,5,-0.51802605390548706,0.050154745578765869,-1.3329938650131226,5.3778848648071289,2.0119950771331787,4.1596202850341797,0.37240437074,0.0453362367047,7.6478784914309694e-07,0,3.8239392457154847e-07,20,1,1,1,0,0
326,14,-1.3919079303741455,3.3506882190704346,-2.0146183967590332,-0.8361847996711731,2.1510474681854248,2.1676537990570068,0.0171141381871,0.116441705291,4.130500187546086e-06,0,2.065250093773043e-06,42,1,1,1,0,0
327,7,-1.8372945785522461,4.8376822471618652,-2.3270423412322998,5.3116297721862793,5.0170269012451172,-2.6285586357116699,0.050777008587,0.0341491315495,3.5781192524483789e-07,0,1.7890596262241894e-07,15,1,1,1,0,0
328,9,-0.88321000337600708,4.7484598159790039,-1.8538936376571655,4.696204662322998,-1.768589973449707,1.6326667070388794,0.0147997602264,0.0504914480475,7.7680651754700059e-07,0,3.8840325877350029e-07,17,1,1,1,0,0
329,6,4.912109375,0.89179229736328125,0.56679612398147583,0.1325431615114212,4.3878355026245117,-3.0574743747711182,0.279537360838,0.0248030810006,2.6553958777341823e-07,0,1.3276979388670912e-07,23,1,1,1,0,0
330,13,2.4290552139282227,-1.0649842023849487,1.9309941530227661,5.5648503303527832,-1.4866313934326172,-1.2292144298553467,0.547886058615,0.000584721779357,3.0028328178610394e-07,0,1.5014164089305197e-07,10,1,1,1,0,0
331,12,1.2019447088241577,-1.9436897039413452,-1.4520155191421509,-1.5123070478439331,-2.4284133911132812,0.18543641269207001,0.0602425474593,0.00650442045331,1.6516761574802694e-08,0,8.2583807874013469e-09,44,1,1,1,0,0
332,2,-5.5186424255371094,-1.1292705535888672,-0.91156649589538574,2.0005345344543457,2.7675673961639404,-1.7175685167312622,4.77921661086,0.129698012784,2.7965056040634489e-05,0,1.3982528020317244e-05,42,1,1,1,0,0
333,5,2.9344391822814941,-5.9975128173828125,-0.40203523635864258,5.0457282066345215,-0.77176004648208618,-2.5250329971313477,0.0293907138802,0.579428738925,0.00010227240459227823,0,5.1136202296139116e-05,38,1,1,1,0,0
334,12,2.6129021644592285,2.7412662506103516,-3.0243144035339355,1.2372118234634399,-1.3089584112167358,5.3717117309570312,1.14563573725,0.045702210456,1.9487332225847916e-06,0,9.7436661129239582e-07,8,1,1,1,0,0
335,13,5.563812255859375,-0.2381940633058548,-3.0510282516479492,3.2977805137634277,2.0838029384613037,0.49321180582046509,2.05180393983,0.151405822138,1.1192864752794498e-05,0,5.5964323763972492e-06,18,1,1,1,0,0
336,14,-1.8554050922393799,-4.9149460792541504,-0.95719641447067261,-3.2019176483154297,-3.055171012878418,0.92864978313446045,0.0712783563903,0.370785719267,4.1884507824047137e-05,0,2.0942253912023569e-05,10,1,1,1,0,0
337,5,-3.3764636516571045,-2.5444130897521973,2.8532388210296631,3.8585150241851807,-0.83756011724472046,-0.86043417453765869,0.12779042962,0.0549639681119,9.365911307547365e-07,0,4.6829556537736825e-07,16,1,1,1,0,0
338,2,-2.4326276779174805,1.4189250469207764,-2.5537071228027344,1.8644689321517944,4.8087310791015625,3.4124641418457031,0.0252819518663,0.000851202481186,8.5988632084986941e-10,0,4.2994316042493471e-10,33,1,1,1,0,0
339,6,0.57807391881942749,2.0084695816040039,-2.3260838985443115,-2.0673730373382568,-5.2910041809082031,3.65567946434021,0.315946553573,0.0503607427507,8.7239426826408091e-07,0,4.3619713413204045e-07,17,1,1,1,0,0
340,3,3.5291814804077148,1.5789120197296143,-1.8427069187164307,-1.2422720193862915,-4.6513628959655762,-4.404106616973877,0.00110847672049,0.0085606637924,2.2325105536058006e-08,0,1.1162552768029003e-08,23,1,1,1,0,0
341,11,-1.9365581274032593,1.240688681602478,-2.2460954189300537,-3.7080750465393066,-1.6603958606719971,3.5711462497711182,0.0616621798343,0.00814154947184,2.3993737638085098e-08,0,1.1996868819042549e-08,19,1,1,1,0,0
342,10,4.0739831924438477,-2.8503701686859131,-0.29933619499206543,-1.1637114286422729,-0.84144282341003418,-1.8017032146453857,0.0682038096624,0.0229204397354,1.6468147254226756e-07,0,8.2340736271133782e-08,48,1,1,1,0,0
343,14,-0.28263399004936218,-1.6498230695724487,0.62932103872299194,2.6669056415557861,-3.2277741432189941,-0.088312886655330658,1.73266294561,0.314000217554,3.3036221622349392e-05,0,1.6518110811174696e-05,35,1,1,1,0,0
344,11,-4.2856922149658203,-1.6671067476272583,0.77244490385055542,-1.0392109155654907,-3.0894663333892822,2.5047566890716553,0.250201169791,0.0208868078807,1.9549263815263661e-07,0,9.7746319076318304e-08,22,1,1,1,0,0
345,10,-1.4362441301345825,3.2139971256256104,-2.968191385269165,-3.107128381729126,2.3177599906921387,-0.041797511279582977,97.9280177187,3.79894236561,0.013986124015451797,0,0.0069930620077258985,60,0,0,0,0,3
346,9,-3.5600996017456055,-1.5496782064437866,0.44513434171676636,4.7519717216491699,-4.0657138824462891,3.6666383743286133,0.0100512206695,0.599718825667,0.00010955961551325487,0,5.4779807756627433e-05,12,1,1,1,0,0
347,5,0.31490203738212585,5.065131664276123,0.057258404791355133,-0.73158133029937744,-5.1535000801086426,4.0249662399291992,2.93128162626,0.0122252933608,8.6379394211946046e-06,0,4.3189697105973023e-06,19,1,1,1,0,0
348,5,5.9935040473937988,0.0017777649918571115,-0.72821497917175293,-4.6617741584777832,5.005246639251709,-3.6827116012573242,0.0460513372372,0.0132541058693,5.5633270619968302e-08,0,2.7816635309984151e-08,10,1,1,1,0,0
349,4,-5.1971926689147949,1.0191632509231567,0.52245473861694336,-1.498263955116272,5.2916989326477051,-6.0485529899597168,0.145956788741,0.0475176904753,7.0910847146366048e-07,0,3.5455423573183024e-07,21,1,1,1,0,0
350,13,-2.5142898559570312,4.0434541702270508,-2.3857789039611816,-2.5394954681396484,-5.2114896774291992,1.3304779529571533,0.0497310746574,0.143962561301,6.3157359332407185e-06,0,3.1578679666203592e-06,19,1,1,1,0,0
351,8,4.5160670280456543,-4.173548698425293,-1.2243143320083618,3.8399362564086914,-5.3748617172241211,-5.4056196212768555,0.0250936412167,0.245662959323,1.8384379187019517e-05,0,9.1921895935097585e-06,22,1,1,1,0,0
352,8,-0.55476754903793335,5.799680233001709,-2.7119996547698975,1.7486464977264404,2.6525938510894775,4.208958625793457,0.0999933599956,0.0254051131927,2.0660477899002712e-07,0,1.0330238949501356e-07,20,1,1,1,0,0
353,3,-4.7249884605407715,0.60403060913085938,-0.80468004941940308,-2.2221395969390869,1.5151290893554688,-2.5339577198028564,0.213813282262,0.0227900925635,2.0393084928863043e-07,0,1.0196542464431522e-07,21,1,1,1,0,0
354,5,2.0406677722930908,5.0046772956848145,-2.7649273872375488,-4.8175373077392578,1.3890484571456909,3.6885075569152832,0.197768208691,0.0316488761079,3.4423271683972714e-07,0,1.7211635841986357e-07,27,1,1,1,0,0
355,15,-3.8987829685211182,5.0193057060241699,-2.419497013092041,-0.3898957371711731,-2.5284485816955566,-0.20318512618541718,0.0426844862372,0.00432040271184,7.50791744483469e-09,0,3.753958722417345e-09,16,1,1,1,0,0
356,2,4.0961251258850098,5.280125617980957,0.84319579601287842,2.2288837432861328,4.5421366691589355,-2.3566854000091553,0.162390577944,0.0207677524656,1.5775205358750211e-07,0,7.8876026793751054e-08,27,1,1,1,0,0
357,3,-0.53027123212814331,-4.7479038238525391,1.8447092771530151,-1.2778120040893555,-1.463894248008728,-4.6810603141784668,0.540589857029,0.0193358816563,4.0612663326548666e-07,0,2.0306331663274333e-07,25,1,1,1,0,0
358,3,2.8885598182678223,-0.52497774362564087,2.1051406860351562,1.9368813037872314,-4.1685538291931152,-5.2316460609436035,0.0538200170739,0.0079992793836,2.2388597065421586e-08,0,1.1194298532710793e-08,18,1,1,1,0,0
359,14,-1.1048527956008911,1.4502841234207153,1.7527050971984863,4.6079726219177246,-1.8259135484695435,-3.4840593338012695,0.0199626656861,0.0124243469771,4.7420592588246277e-08,0,2.3710296294123139e-08,15,1,1,1,0,0
360,3,0.45882537961006165,-4.1092648506164551,-1.9725483655929565,-5.4801459312438965,-1.6221631765365601,1.098206639289856,0.227752162265,0.0248688784359,2.4026507640257411e-07,0,1.2013253820128706e-07,29,1,1,1,0,0
361,7,1.0710434913635254,-2.7092041969299316,1.8010461330413818,2.6180706024169922,4.3901300430297852,0.26785919070243835,0.0483784228804,0.0240546729056,1.7860042347057524e-07,0,8.9300211735287619e-08,10,1,1,1,0,0
362,15,4.6361589431762695,-0.15049540996551514,0.9672778844833374,3.8760714530944824,1.9113272428512573,5.6653575897216797,0.0747883716537,0.0406707622588,5.0946429576048548e-07,0,2.5473214788024274e-07,21,1,1,1,0,0
363,10,-0.053846806287765503,0.0035352834966033697,-0.66040205955505371,5.3102493286132812,2.1429872512817383,-1.0728558301925659,0.0188770931808,0.0599697064003,1.0958719804473877e-06,0,5.4793599022369386e-07,20,1,1,1,0,0
364,5,4.9969010353088379,-2.2859272956848145,-1.6346334218978882,-1.3559752702713013,-2.7984845638275146,-3.8651821613311768,0.0660982225733,0.000692330026377,4.5149845126234514e-09,0,2.2574922563117257e-09,25,1,1,1,0,0
365,11,0.86816555261611938,3.263723611831665,-2.5358152389526367,1.2194311618804932,-1.1751194000244141,0.32584306597709656,0.153455587166,0.0155344572155,9.7058698318664117e-08,0,4.8529349159332058e-08,12,1,1,1,0,0
366,9,-5.0357851982116699,2.952052116394043,-1.0752749443054199,-3.501981258392334,-5.2933740615844727,-2.3096349239349365,0.532109026286,0.0147625118549,3.4952582513823342e-07,0,1.7476291256911671e-07,14,1,1,1,0,0
367,10,-0.85698235034942627,-2.1868624687194824,2.9303402900695801,-4.617431640625,-1.8797471523284912,2.2733280658721924,19.4147569174,0.127292679667,0.00038186863207013435,0,0.00019093431603506717,60,1,0,0,0,2
368,11,-0.56890439987182617,3.2951600551605225,1.3477466106414795,-2.7165327072143555,-1.7918388843536377,2.4845860004425049,0.420847180915,0.0205321492072,3.0552965674310246e-07,0,1.5276482837155123e-07,11,1,1,1,0,0
369,3,4.7461328506469727,-1.9741536378860474,-1.1553750038146973,-1.6401883363723755,-0.61968338489532471,3.5553624629974365,0.112498898702,0.0199155144139,1.3347571317625018e-07,0,6.673785658812509e-08,51,1,1,1,0,0
370,12,-2.5416827201843262,6.1337246894836426,1.943074107170105,-5.6759829521179199,-2.0694096088409424,4.580352783203125,0.0276677866298,0.0195189559384,1.1682158780159738e-07,0,5.8410793900798691e-08,27,1,1,1,0,0
371,8,-1.6688491106033325,2.124643087387085,2.9593343734741211,2.5952260494232178,4.7283906936645508,2.5776965618133545,0.0412209512449,0.0107404215345,3.6838813343118502e-08,0,1.8419406671559251e-08,16,1,1,1,0,0
372,14,2.4319443702697754,-5.884030818939209,2.7368934154510498,4.7749748229980469,4.3124070167541504,-5.6256093978881836,0.0102832063658,0.495684135472,7.4845447187457914e-05,0,3.7422723593728957e-05,24,1,1,1,0,0
373,15,0.80928552150726318,-1.9510579109191895,-1.0034340620040894,1.1065676212310791,0.40127870440483093,4.024045467376709,0.18748741794,0.0235484605012,2.0407102723670216e-07,0,1.0203551361835108e-07,24,1,1,1,0,0
374,14,-0.2200615406036377,-5.2055377960205078,-0.949756920337677,-5.892763614654541,4.0982770919799805,2.6600925922393799,0.11811530276,0.00457442608491,2.0325458183998071e-08,0,1.0162729091999035e-08,24,1,1,1,0,0
375,9,-5.4619307518005371,4.0267477035522461,-1.3508968353271484,-2.7732019424438477,1.5759490728378296,2.9845607280731201,0.0209033861209,0.000114858095572,4.4097018071916996e-10,0,2.2048509035958498e-10,35,1,1,1,0,0
376,0,-5.9576296806335449,1.478110671043396,-0.89043128490447998,3.2456591129302979,-4.4170422554016113,3.9933981895446777,0.144263085657,0.0578436614148,1.0400279624828344e-06,0,5.200139812414172e-07,17,1,1,1,0,0
377,2,-0.73847693204879761,5.3113226890563965,-2.1996340751647949,-5.1486616134643555,-4.1863880157470703,-1.2599320411682129,0.162693505533,0.069456711658,1.4960151322421972e-06,0,7.480075661210986e-07,27,1,1,1,0,0
378,0,-1.8335789442062378,-5.7914438247680664,1.825471043586731,-4.4436178207397461,1.2818745374679565,6.1148514747619629,0.433750701302,0.024533916866,3.71492879267697e-07,0,1.857464396338485e-07,17,1,1,1,0,0
379,13,-1.9405174255371094,-3.6055328845977783,-1.9086958169937134,-1.7926501035690308,2.0401921272277832,-0.17550881206989288,0.0282299701116,0.685219264,0.00014302642491402287,0,7.1513212457011434e-05,47,1,1,1,0,0
380,14,4.0439958572387695,-5.0947694778442383,-1.8767787218093872,5.3343615531921387,-4.5755906105041504,-4.0541439056396484,0.0222994200366,0.070638121604,1.5204602749658348e-06,0,7.602301374829174e-07,8,1,1,1,0,0
381,8,-3.4308211803436279,-3.6454646587371826,2.1520040035247803,3.2395906448364258,-1.1430169343948364,-1.483012318611145,0.0815023927639,0.0236838459402,1.7751003173699329e-07,0,8.8755015868496647e-08,10,1,1,1,0,0
382,12,1.05274498462677,-3.20188307762146,-2.8542518615722656,-4.7390232086181641,-1.618559718132019,0.24614924192428589,0.0956148573764,0.0630240484738,1.2190919398419162e-06,0,6.0954596992095811e-07,8,1,1,1,0,0
383,9,3.2713963985443115,2.8148407936096191,-0.68314856290817261,-0.86513566970825195,4.6758532524108887,-1.4797528982162476,0.043486128789,0.0478116657558,6.9823287371514374e-07,0,3.4911643685757187e-07,18,1,1,1,0,0
384,12,0.084656007587909698,1.2542074918746948,1.5205249786376953,3.1513297557830811,2.5743734836578369,4.8034653663635254,0.161123263926,0.000746081136312,2.6130267523876705e-08,0,1.3065133761938352e-08,26,1,1,1,0,0
385,4,-0.057326748967170715,1.3075447082519531,0.42026057839393616,-3.13865065574646,-4.3997349739074707,-0.5098499059677124,0.332993128489,0.0204747991947,2.385853469675044e-07,0,1.192926734837522e-07,25,1,1,1,0,0
386,7,-0.82901036739349365,1.3958491086959839,-0.093892745673656464,-2.950714111328125,-4.6313238143920898,-1.0383011102676392,2.94889911693,0.000716556541121,8.6961624086537128e-06,0,4.3480812043268564e-06,28,1,1,1,0,0
387,9,0.51739221811294556,-3.9971599578857422,0.75899809598922729,-1.0847264528274536,5.2329525947570801,-5.0387582778930664,0.232885524471,0.246983753697,1.8636195151620991e-05,0,9.3180975758104953e-06,11,1,1,1,0,0
388,6,-6.1332273483276367,-3.0775711536407471,-0.68738102912902832,4.2894382476806641,3.4302451610565186,0.81518906354904175,0.390936411234,0.189488099361,1.1090345090818289e-05,0,5.5451725454091446e-06,8,1,1,1,0,0
389,11,1.0959125757217407,2.81231689453125,1.5598856210708618,5.5344476699829102,0.26357069611549377,4.9335141181945801,0.112346806446,0.00614121147745,2.4110292020621086e-08,0,1.2055146010310543e-08,21,1,1,1,0,0
390,15,1.0771470069885254,2.6276330947875977,-2.7120082378387451,-4.3521013259887695,-1.4298727512359619,0.53922545909881592,0.425151488147,0.0330514673209,5.1351770252243911e-07,0,2.5675885126121955e-07,10,1,1,1,0,0
391,7,-1.7580107450485229,-5.8711800575256348,-0.051608394831418991,-1.0809187889099121,-3.5077188014984131,-4.4675655364990234,2.30676365999,0.398139474983,5.3607601534140963e-05,0,2.6803800767070481e-05,13,1,1,1,0,0
392,0,1.690998911857605,-5.2081780433654785,1.8089995384216309,2.1611216068267822,1.3980817794799805,-3.221543550491333,0.201501767592,0.0100543470752,7.1396705357150148e-08,0,3.5698352678575074e-08,12,1,1,1,0,0
393,13,-4.5452289581298828,1.6649234294891357,1.8233493566513062,-2.3108484745025635,3.5719218254089355,-1.3048588037490845,0.0234957563096,0.00080666337001,7.5026688411619465e-10,0,3.7513344205809733e-10,9,1,1,1,0,0
394,13,-1.0709754228591919,-4.1253080368041992,-1.7595725059509277,-4.4031553268432617,-1.9523177146911621,-3.1150858402252197,0.372873178568,0.000932955086029,1.3929954787949512e-07,0,6.9649773939747561e-08,10,1,1,1,0,0
395,9,4.7481684684753418,4.7175917625427246,1.7546178102493286,3.2240514755249023,2.3056318759918213,4.6834630966186523,0.189676369234,0.0298348798913,3.0712320045421758e-07,0,1.5356160022710879e-07,11,1,1,1,0,0
396,0,-2.2667067050933838,2.3075120449066162,-2.7480733394622803,-2.401130199432373,2.0919325351715088,-5.2298293113708496,0.0102416387565,0.126610221353,4.8831672597725169e-06,0,2.4415836298862585e-06,19,1,1,1,0,0
397,0,0.5354042649269104,4.0628399848937988,1.4817608594894409,-2.7330074310302734,-1.5618753433227539,0.87874108552932739,71.3155185113,3.41024767361,0.0086285395579037052,0,0.0043142697789518526,60,0,0,0,0,3
398,9,3.8094730377197266,1.399178147315979,-0.37600526213645935,-0.66554456949234009,-2.0173752307891846,3.995985746383667,1.85251318601,0.301318543906,3.1088893345669661e-05,0,1.554444667283483e-05,23,1,1,1,0,0
399,2,3.0700614452362061,1.4922597408294678,0.68894124031066895,-2.5954093933105469,0.98976457118988037,-5.2246232032775879,0.0431048747779,0.761996348482,0.00017687443995918496,0,8.8437219979592478e-05,35,1,1,1,0,0
400,4,3.5478672981262207,-2.2713208198547363,-1.4140983819961548,-1.4079772233963013,0.82027196884155273,-2.6024889945983887,1.08052291623,0.0340409028114,1.5205152796106188e-06,0,7.6025763980530939e-07,10,1,1,1,0,0
401,11,5.3922505378723145,1.9063304662704468,2.4795246124267578,-5.5043749809265137,2.3682847023010254,5.2339177131652832,0.0288916954692,0.0991712238433,2.996726229588816e-06,0,1.498363114794408e-06,21,1,1,1,0,0
402,8,1.3854568004608154,3.3974819183349609,2.9180283546447754,2.3415040969848633,-1.2430530786514282,0.70224332809448242,0.0511826804098,0.124337520702,4.711949857457721e-06,0,2.3559749287288605e-06,35,1,1,1,0,0
403,3,-4.3734588623046875,0.48237118124961853,-1.7456929683685303,4.5700054168701172,1.3537360429763794,-3.4570608139038086,0.147586683295,0.00531332374385,3.0381608115680455e-08,0,1.5190804057840228e-08,10,1,1,1,0,0
404,4,1.6256339550018311,1.5776249170303345,1.5041011571884155,2.045297384262085,-4.4129395484924316,2.5941331386566162,0.0363915930638,0.00354709544376,5.1570097216446937e-09,0,2.5785048608223469e-09,45,1,1,1,0,0
405,15,-0.72970563173294067,5.7123627662658691,-1.3964775800704956,-5.3163852691650391,0.97629159688949585,5.2975635528564453,0.129907339057,0.00697746742352,3.1706231555568623e-08,0,1.5853115777784311e-08,42,1,1,1,0,0
406,13,-1.884677529335022,0.0659918412566185,-1.1810159683227539,2.7010223865509033,5.1135964393615723,-2.2123887538909912,0.70116875498,0.00146575081394,4.9229207077647782e-07,0,2.4614603538823891e-07,13,1,1,1,0,0
407,11,-3.9980289936065674,0.65361511707305908,0.84346818923950195,2.5223410129547119,2.4900140762329102,1.143805980682373,0.0644654256032,0.0140446460872,6.424221188673293e-08,0,3.2121105943366465e-08,22,1,1,1,0,0
408,7,-4.052030086517334,-4.5633344650268555,-1.2431482076644897,0.20416432619094849,-1.3824806213378906,4.2597064971923828,0.0194601394544,0.183819495023,1.0293281520984499e-05,0,5.1466407604922494e-06,21,1,1,1,0,0
409,13,2.483553409576416,-2.2832574844360352,1.5947284698486328,-5.5895404815673828,1.6164901256561279,3.8749456405639648,1.78288688594,0.058301589942,4.2141032229379993e-06,0,2.1070516114689996e-06,21,1,1,1,0,0
410,15,-2.8948168754577637,-3.9893553256988525,0.18465542793273926,3.6022365093231201,0.36055478453636169,-5.2188601493835449,1.45751044736,0.895718523501,0.00024652244850261324,0,0.00012326122425130662,9,1,1,1,0,0
411,12,1.0627776384353638,-0.27452045679092407,0.94548678398132324,-0.83820682764053345,-1.797885537147522,6.1593003273010254,0.0803873313573,0.0394528034523,4.8060635644916154e-07,0,2.4030317822458077e-07,12,1,1,1,0,0
412,8,-1.6057702302932739,-2.2435853481292725,1.6576855182647705,5.030848503112793,1.0945255756378174,5.4865093231201172,0.00935887402615,0.0513669826929,8.0384103287938655e-07,0,4.0192051643969328e-07,36,1,1,1,0,0
413,0,2.19443678855896,1.051386833190918,-0.4189755916595459,-4.5989975929260254,3.9929113388061523,-5.0879607200622559,0.554481881569,0.0939037590915,2.9935409681292273e-06,0,1.4967704840646137e-06,20,1,1,1,0,0
414,10,-1.7341670989990234,2.4485318660736084,2.1824545860290527,-5.1261858940124512,-4.6457633972167969,4.3466711044311523,0.0570039607517,0.166427384382,8.4405653694119521e-06,0,4.2202826847059761e-06,8,1,1,1,0,0
415,3,4.4253902435302734,1.4876123666763306,-1.9017491340637207,-4.2814149856567383,-0.99855047464370728,2.9065878391265869,0.162805909999,0.0110370020982,6.361286183425126e-08,0,3.180643091712563e-08,14,1,1,1,0,0
416,5,-0.057639535516500473,3.1271462440490723,0.77354872226715088,1.0224195718765259,1.2849692106246948,-0.82911765575408936,0.479469089127,0.0206900828883,3.6029108929815225e-07,0,1.8014554464907612e-07,34,1,1,1,0,0
417,14,5.1364545822143555,6.0305171012878418,-1.3918759822845459,5.9058928489685059,-5.4103188514709473,-6.0984396934509277,0.0310835257632,0.00653560926814,1.3977671464774701e-08,0,6.9888357323873506e-09,36,1,1,1,0,0
418,13,2.3792569637298584,5.8015217781066895,-1.2422053813934326,-0.92635083198547363,2.7343699932098389,-3.7718873023986816,4.31916123336,0.240020219481,3.6204073682867073e-05,0,1.8102036841433537e-05,33,1,1,1,0,0
419,13,2.8351230621337891,-2.2679426670074463,-2.1136758327484131,-2.6792840957641602,-4.3227877616882324,-3.9899475574493408,0.163581271482,0.010651685524,6.1320238812293703e-08,0,3.0660119406146852e-08,27,1,1,1,0,0
420,3,5.2798171043395996,5.0487914085388184,1.0009976625442505,-1.9483702182769775,-5.5263819694519043,-0.66617876291275024,0.179920188738,0.0138580002344,9.0871274016936419e-08,0,4.5435637008468209e-08,17,1,1,1,0,0
421,5,-0.43121415376663208,4.1019916534423828,-2.7327134609222412,-5.1405529975891113,5.0012478828430176,-5.406402587890625,0.272193735455,0.0650867680434,1.3645363590646467e-06,0,6.8226817953232335e-07,32,1,1,1,0,0
422,13,-1.8029323816299438,-0.9055219292640686,-1.3428856134414673,-5.7310104370117188,1.369641900062561,-0.0094351721927523613,0.163726157427,0.00485926733126,3.3999027052475912e-08,0,1.6999513526237956e-08,13,1,1,1,0,0
423,10,5.805300235748291,0.85071283578872681,-0.5410955548286438,-1.7290763854980469,-4.7361860275268555,-1.4803953170776367,0.376206340433,0.00110409790526,1.4190254902098847e-07,0,7.0951274510494236e-08,7,1,1,1,0,0
424,9,-1.1483852863311768,-0.71081763505935669,-3.004894495010376,-0.70651829242706299,5.2111086845397949,2.5628244876861572,0.259884657092,0.0356330595404,4.5431732150533491e-07,0,2.2715866075266746e-07,7,1,1,1,0,0
425,12,2.458160400390625,-5.4399967193603516,1.2162764072418213,-0.57166332006454468,4.6694049835205078,-0.71192848682403564,0.241209353043,0.0390571767642,5.2286457233369067e-07,0,2.6143228616684533e-07,20,1,1,1,0,0
426,15,-2.2526051998138428,3.4620249271392822,-1.8646204471588135,3.0196769237518311,-4.4214277267456055,0.64267599582672119,0.0802444372311,0.00730981179669,2.2715898458112334e-08,0,1.1357949229056167e-08,14,1,1,1,0,0
427,9,5.0548191070556641,1.821958065032959,0.42597559094429016,5.9134559631347656,4.8222508430480957,3.5923347473144531,0.112602877398,0.488915797984,7.2828018490518376e-05,0,3.6414009245259188e-05,15,1,1,1,0,0
428,8,4.3340973854064941,-3.76413893699646,1.8996745347976685,-1.2443584203720093,-6.0037441253662109,3.0478706359863281,0.038068868398,0.0502849570879,7.71697812592883e-07,0,3.858489062964415e-07,41,1,1,1,0,0
429,14,-4.8077702522277832,-1.7455456256866455,-1.4297993183135986,-4.1662449836730957,1.9378242492675781,2.7642803192138672,0.424604227703,0.469789421389,6.740999313055161e-05,0,3.3704996565275805e-05,30,1,1,1,0,0
430,13,-6.108454704284668,-1.601675271987915,0.30512323975563049,5.8091435432434082,-4.2603335380554199,6.147486686706543,0.0308580875859,0.645242247478,0.00012682462487853942,0,6.341231243926971e-05,19,1,1,1,0,0
431,11,-0.18150898814201355,1.7144198417663574,-1.6410998106002808,-2.4669990539550781,-4.847893238067627,-0.49214407801628113,0.0505813699768,0.0371683303901,4.2338280536190868e-07,0,2.1169140268095434e-07,11,1,1,1,0,0
432,14,1.5445609092712402,-4.135706901550293,2.8135087490081787,3.2911419868469238,6.1918997764587402,-1.7771592140197754,0.495277524408,0.0104000604432,2.7824762927972302e-07,0,1.3912381463986151e-07,15,1,1,1,0,0
433,10,5.4982008934020996,-2.0846579074859619,2.2891690731048584,4.6639962196350098,-4.393404483795166,4.9895868301391602,1.80413491372,0.0638828262334,4.4980511948515857e-06,0,2.2490255974257929e-06,31,1,1,1,0,0
434,2,-5.4073076248168945,-3.0792193412780762,-2.8124148845672607,2.1619782447814941,-3.0912208557128906,-2.9916706085205078,0.285316159074,0.0111722888953,1.1942766889544023e-07,0,5.9713834447720117e-08,12,1,1,1,0,0
435,14,-5.3414692878723145,0.38477468490600586,2.4772167205810547,-2.8435275554656982,1.07305908203125,-1.1363247632980347,0.0930337856145,0.003042106273,1.1474339937141604e-08,0,5.7371699685708019e-09,51,1,1,1,0,0
436,14,-4.5276737213134766,0.031533699482679367,-0.42081737518310547,2.2893645763397217,-1.5675173997879028,0.087540239095687866,0.0542603148509,0.0953414792145,2.7719158144591063e-06,0,1.3859579072295532e-06,16,1,1,1,0,0
437,2,6.1936078071594238,-4.4838151931762695,-0.040561310946941376,3.5578413009643555,1.8720308542251587,4.5510053634643555,16.168522376,0.0504300766857,0.00026219581660152686,0,0.00013109790830076343,60,1,0,0,0,2
438,14,-1.3012121915817261,-2.7516450881958008,-1.2303094863891602,-3.71028733253479,1.4440549612045288,5.6918730735778809,0.0224665556351,0.0762071753638,1.7695806396525302e-06,0,8.8479031982626509e-07,28,1,1,1,0,0
439,10,4.8638339042663574,-3.6408016681671143,-1.0921450853347778,6.0776848793029785,-1.3661826848983765,-2.9202404022216797,0.499984032242,0.124196545508,4.9486413005573077e-06,0,2.4743206502786538e-06,19,1,1,1,0,0
440,12,3.5340511798858643,-2.1128716468811035,2.042750358581543,2.3669657707214355,5.0298385620117188,3.7943603992462158,0.0684101640124,0.0638520397474,1.2466304481342718e-06,0,6.2331522406713592e-07,16,1,1,1,0,0
441,15,3.6729555130004883,0.51763302087783813,-1.9078257083892822,-5.5481634140014648,0.93990445137023926,0.39416250586509705,0.0485865945286,0.0708212781395,1.5302160657844755e-06,0,7.6510803289223773e-07,35,1,1,1,0,0
442,6,4.3835625648498535,-2.576183557510376,-0.35674500465393066,-1.5291897058486938,4.0697646141052246,2.8148536682128906,0.586780779339,0.0363853442227,7.4759263626346888e-07,0,3.7379631813173444e-07,12,1,1,1,0,0
443,5,0.88153719902038574,-1.2118979692459106,-1.2248708009719849,5.0675783157348633,-1.5705622434616089,-4.4062228202819824,0.0406837730468,0.264252689364,2.1272932360611668e-05,0,1.0636466180305834e-05,10,1,1,1,0,0
444,10,5.4085001945495605,-2.2378816604614258,-1.5124913454055786,-0.27945858240127563,5.970700740814209,-5.206031322479248,0.250239806545,0.00193872948019,6.3764917745128126e-08,0,3.1882458872564063e-08,9,1,1,1,0,0
445,12,2.1429743766784668,3.0927281379699707,-0.69536364078521729,2.2745676040649414,-5.206275463104248,-3.7622678279876709,0.434093847683,0.0384094413137,6.3783503419571277e-07,0,3.1891751709785639e-07,32,1,1,1,0,0
446,5,3.3034145832061768,-2.9034571647644043,2.704028844833374,-1.4850475788116455,1.3298393487930298,0.086353182792663574,1.05490595637,0.423374729303,5.5714329772804423e-05,0,2.7857164886402212e-05,19,1,1,1,0,0
447,9,-2.797100305557251,-2.9636006355285645,-0.41874527931213379,-3.0284852981567383,-5.489840030670166,-3.7047312259674072,0.95656132516,0.0594865465208,1.9929437627961946e-06,0,9.964718813980973e-07,5,1,1,1,0,0
448,14,-4.0739212036132812,5.1786751747131348,2.446735143661499,-5.6032524108886719,-2.9634013175964355,5.6319432258605957,0.131016653234,0.0905577669341,2.5152442257565231e-06,0,1.2576221128782616e-06,55,1,1,1,0,0
449,12,-4.3145112991333008,-3.2100470066070557,-1.9992362260818481,-4.8328714370727539,4.7766804695129395,-0.070444270968437195,0.243783044552,0.0205085830825,1.8755286273126137e-07,0,9.3776431365630686e-08,10,1,1,1,0,0
450,4,5.1405806541442871,-3.6130046844482422,1.7063741683959961,3.1726865768432617,-0.96158242225646973,-3.0538644790649414,0.179264634688,0.193107182076,1.1391436295912596e-05,0,5.6957181479562979e-06,12,1,1,1,0,0
451,11,-4.3427495956420898,0.95304572582244873,-2.760223388671875,-0.27550947666168213,1.8253213167190552,2.4004249572753906,0.325757065972,0.0327906443605,4.3365034476252008e-07,0,2.1682517238126004e-07,12,1,1,1,0,0
452,14,-1.4858912229537964,-3.5357139110565186,3.0033574104309082,2.1075382232666016,4.70281982421875,-2.8702824115753174,1.52566151367,0.00445444728444,2.3336873037725453e-06,0,1.1668436518862726e-06,12,1,1,1,0,0
453,7,-5.8318324089050293,-5.0836305618286133,-0.58855843544006348,-4.4855523109436035,-1.5179462432861328,2.0013854503631592,1.13782858853,0.0569810638442,2.2836984187306339e-06,0,1.141849209365317e-06,31,1,1,1,0,0
454,12,4.6280536651611328,-4.8564453125,2.2302854061126709,-1.7618691921234131,4.1600656509399414,2.9133527278900146,0.0497984204335,0.0720884857244,1.5855003901238221e-06,0,7.9275019506191104e-07,16,1,1,1,0,0
455,15,-1.2723715305328369,-0.9118000864982605,1.4741263389587402,-5.6708345413208008,-1.5886309146881104,2.8127248287200928,0.0482723732872,0.0166396326665,8.6671893676456651e-08,0,4.3335946838228325e-08,13,1,1,1,0,0
456,7,3.8229601383209229,-3.322246789932251,1.8692436218261719,3.0082077980041504,-1.6335219144821167,3.7157466411590576,0.0730953811334,0.0739950024123,1.6732026249658053e-06,0,8.3660131248290265e-07,37,1,1,1,0,0
457,2,-1.4368846416473389,1.5606733560562134,2.851747989654541,-0.0025024849455803633,1.4781413078308105,-6.0572128295898438,1.16416050579,0.0647662895687,2.6330399253042923e-06,0,1.3165199626521461e-06,19,1,1,1,0,0
458,6,-3.0065975189208984,0.81058943271636963,2.4174752235412598,-1.6332337856292725,-1.8064353466033936,-1.8765387535095215,1.67358039564,0.0123626067013,2.8474272529339968e-06,0,1.4237136264669984e-06,24,1,1,1,0,0
459,7,4.3291411399841309,-3.0580997467041016,2.30118727684021,-5.7718148231506348,1.4941596984863281,-0.69044578075408936,0.00902088122081,0.024083140709,1.7675876892245655e-07,0,8.8379384461228276e-08,19,1,1,1,0,0
460,5,-0.20177242159843445,-5.8170714378356934,-0.72995585203170776,-0.88616204261779785,2.332111120223999,-3.2733633518218994,0.0469212672031,0.990531573736,0.00029887843552188259,0,0.00014943921776094129,13,1,1,1,0,0
461,2,-3.5587162971496582,-4.2624735832214355,-2.3078525066375732,4.3311996459960938,0.85490840673446655,-3.2380790710449219,0.367089813397,0.0435843606972,7.1340511476761148e-07,0,3.5670255738380574e-07,7,1,1,1,0,0
462,14,4.8154950141906738,-1.3570693731307983,1.4421787261962891,3.149132251739502,-3.7983903884887695,-1.1762192249298096,0.101998418163,0.0052228584506,1.8713107559334171e-08,0,9.3565537796670857e-09,11,1,1,1,0,0
463,13,5.8198275566101074,3.4681437015533447,0.63551485538482666,-3.3667466640472412,-2.2520730495452881,-4.9435610771179199,0.315166333102,0.118963640242,4.4103814577299604e-06,0,2.2051907288649802e-06,22,1,1,1,0,0
464,12,-4.438899040222168,-0.4563940167427063,2.2493045330047607,-3.7447450160980225,1.0307660102844238,-3.8482496738433838,0.0981837679282,0.00993429605984,3.9702818004562857e-08,0,1.9851409002281429e-08,41,1,1,1,0,0
465,7,-5.4357271194458008,-6.1197562217712402,1.6296617984771729,5.7374277114868164,-1.5298700332641602,-5.724973201751709,0.0289121047749,0.000274749751421,8.5890458742142861e-10,0,4.2945229371071431e-10,55,1,1,1,0,0
466,1,-1.035063624382019,1.9567365646362305,2.2764394283294678,3.7851076126098633,-2.8667862415313721,-3.8461234569549561,0.0412394396044,0.00738041645361,1.8293368869162274e-08,0,9.1466844345811369e-09,19,1,1,1,0,0
467,6,3.0278909206390381,-2.8572242259979248,-1.251095175743103,4.3245534896850586,-1.3268065452575684,6.0554633140563965,0.559865392128,0.00643423333121,3.2606022308817863e-07,0,1.6303011154408931e-07,12,1,1,1,0,0
468,6,-3.010042667388916,-5.401984691619873,1.2171696424484253,-3.3299789428710938,1.7211167812347412,-4.7302699089050293,0.0205004695369,0.0270587207117,2.2345333562543294e-07,0,1.1172666781271647e-07,34,1,1,1,0,0
469,2,-2.428950309753418,0.40709134936332703,1.9366642236709595,-3.485971212387085,1.6673997640609741,-4.4013223648071289,0.01224054767,0.00830171085216,2.1143577127114808e-08,0,1.0571788563557404e-08,33,1,1,1,0,0
470,7,-1.4998320341110229,-0.15667104721069336,2.4437079429626465,-0.17764417827129364,-1.5243518352508545,-2.6985073089599609,0.102575357298,0.0346917869443,3.7713488577957892e-07,0,1.8856744288978946e-07,49,1,1,1,0,0
471,10,5.1029958724975586,2.0750200748443604,0.98401486873626709,6.0795764923095703,-2.8065180778503418,4.6754651069641113,0.0957791542063,0.0194236272375,1.240988825456446e-07,0,6.2049441272822298e-08,56,1,1,1,0,0
472,6,1.1883376836776733,3.1655349731445312,1.3042434453964233,0.14443819224834442,1.7384984493255615,-2.9695384502410889,0.189945850169,0.0293576042995,2.9861971570935916e-07,0,1.4930985785467958e-07,23,1,1,1,0,0
473,2,-0.020498082041740417,-4.898951530456543,2.0332250595092773,-4.2551021575927734,0.9506421685218811,3.9949202537536621,0.507670135193,0.0597861323448,1.3465478728124269e-06,0,6.7327393640621347e-07,35,1,1,1,0,0
474,1,-5.6395173072814941,4.4468708038330078,1.2066648006439209,-1.1848512887954712,1.4775959253311157,3.8482818603515625,0.202093423396,0.0320955200941,3.5463498241146998e-07,0,1.7731749120573499e-07,24,1,1,1,0,0
475,8,1.0357365608215332,3.6441538333892822,2.2007489204406738,2.2157576084136963,3.5862061977386475,1.6746330261230469,0.576864547644,0.136112609318,5.9763107162193089e-06,0,2.9881553581096544e-06,13,1,1,1,0,0
476,0,-3.1860299110412598,-3.2335896492004395,-2.807809591293335,-2.8409042358398438,-4.4940223693847656,1.9965728521347046,3.708692965,0.570694866309,0.00011296605223410077,0,5.6483026117050384e-05,59,1,1,1,0,0
477,4,-1.3532280921936035,-2.1382846832275391,-1.010361909866333,3.7982211112976074,-1.4649113416671753,2.548532247543335,0.105751596685,0.0341095965575,3.6559497775579033e-07,0,1.8279748887789516e-07,22,1,1,1,0,0
478,13,-4.072206974029541,2.1422815322875977,1.7999341487884521,-3.2384388446807861,-2.8460686206817627,4.8121933937072754,0.126205247374,0.000709431021173,1.6081076089043893e-08,0,8.0405380445219466e-09,39,1,1,1,0,0
479,13,3.8812861442565918,4.6686162948608398,-1.0692205429077148,-5.078801155090332,2.0195095539093018,-5.5004053115844727,0.175519116342,0.000836793145576,3.1020260254496468e-08,0,1.5510130127248234e-08,12,1,1,1,0,0
480,3,1.8630566596984863,3.0441088676452637,-1.3973050117492676,3.6456162929534912,-4.0798749923706055,-3.063615083694458,0.0177501925357,0.408244074251,5.0768836386667097e-05,0,2.5384418193333549e-05,27,1,1,1,0,0
481,8,3.4616940021514893,6.0907244682312012,-1.3822929859161377,0.86694234609603882,-4.8536314964294434,-4.5424280166625977,1.15959291709,0.118656583014,5.6334815705960082e-06,0,2.8167407852980041e-06,6,1,1,1,0,0
482,14,-0.78734898567199707,-5.4037728309631348,2.8456144332885742,4.1412668228149414,-1.6045317649841309,1.8675497770309448,0.951549169683,0.0203821900768,1.0319941556818318e-06,0,5.1599707784091589e-07,20,1,1,1,0,0
483,10,-2.332012414932251,-4.513206958770752,0.62589240074157715,5.8440289497375488,4.1196475028991699,3.2130143642425537,0.874570672765,0.0953882473693,3.5365627053093939e-06,0,1.7682813526546969e-06,36,1,1,1,0,0
484,11,0.45149430632591248,5.1822686195373535,-0.58736652135848999,0.7930138111114502,0.71330434083938599,2.8479769229888916,0.0686934887656,0.0282700412821,2.4816758551286316e-07,0,1.2408379275643158e-07,11,1,1,1,0,0
485,8,-1.3931055068969727,4.6171832084655762,-1.739504337310791,-1.2570828199386597,4.8666090965270996,-3.581528902053833,1.21613588924,0.337578859813,3.61930312671051e-05,0,1.809651563355255e-05,10,1,1,1,0,0
486,11,-2.354356050491333,-3.8916494846343994,-0.79124587774276733,-2.001762866973877,1.8518117666244507,1.0790393352508545,0.771040391371,0.00194702288078,5.9565805872297954e-07,0,2.9782902936148977e-07,19,1,1,1,0,0
487,4,-1.874885082244873,1.1385378837585449,-0.31434378027915955,-5.8438816070556641,4.6364455223083496,-2.5667357444763184,1.34677118468,0.00290075552385,1.8163557914045575e-06,0,9.0817789570227873e-07,57,1,1,1,0,0
488,11,-4.6785516738891602,5.9209551811218262,-0.83224630355834961,-2.4041969776153564,4.1230216026306152,1.3296009302139282,0.0602705000103,0.00100371784211,3.9394198407529607e-09,0,1.9697099203764804e-09,13,1,1,1,0,0
489,1,-1.3380234241485596,4.1687483787536621,-0.92010539770126343,-0.39537250995635986,5.6489782333374023,-2.459977388381958,0.637309799339,0.103916663394,3.6956276656560221e-06,0,1.847813832828011e-06,10,1,1,1,0,0
490,6,2.9003136157989502,-1.8886510133743286,-2.2335703372955322,5.3292527198791504,-0.99031251668930054,-1.6583864688873291,0.0520960693528,0.00480541480478,9.7482293863701325e-09,0,4.8741146931850662e-09,45,1,1,1,0,0
491,5,-1.4293472766876221,-2.3109169006347656,0.61839336156845093,6.1741466522216797,1.9437046051025391,0.69671320915222168,0.0440139884407,0.0480788550148,7.0608363918340397e-07,0,3.5304181959170198e-07,54,1,1,1,0,0
492,5,3.3044619560241699,-1.8104110956192017,1.6152549982070923,-4.3966007232666016,5.1222901344299316,-2.2021112442016602,0.0213222714946,0.00567715851981,1.0272497954111887e-08,0,5.1362489770559434e-09,17,1,1,1,0,0
493,0,-1.8346661329269409,3.5197954177856445,-3.0034024715423584,-5.4519968032836914,4.5493011474609375,3.0318460464477539,2.19622224219,0.00879514797763,4.846955704259379e-06,0,2.4234778521296895e-06,20,1,1,1,0,0
494,14,3.6043515205383301,4.3881087303161621,-1.4560303688049316,4.8291234970092773,-1.7085807323455811,-2.1487505435943604,0.194913177737,0.0247337967339,2.2434411308341149e-07,0,1.1217205654170575e-07,14,1,1,1,0,0
495,11,4.451240062713623,0.81462377309799194,2.9720950126647949,-2.2068688869476318,-1.9072690010070801,2.8661091327667236,0.0468784721609,0.198951708058,1.2059497936946764e-05,0,6.029748968473382e-06,23,1,1,1,0,0
496,15,-4.6270279884338379,-4.3753256797790527,1.3074483871459961,-3.7637434005737305,5.5848283767700195,3.7781577110290527,0.0929901179003,0.000497674147784,8.7226095348076702e-09,0,4.3613047674038351e-09,8,1,1,1,0,0
497,1,2.9767980575561523,3.7165927886962891,-1.892263650894165,2.1875200271606445,1.2327876091003418,2.1174054145812988,0.0863546174267,0.0447386448612,6.1716300284742569e-07,0,3.0858150142371285e-07,12,1,1,1,0,0
498,3,-1.1834771633148193,-6.174351692199707,-1.9619901180267334,2.2006030082702637,-1.5742794275283813,-3.6094281673431396,0.0220323375199,0.0094821641495,2.7874013832052335e-08,0,1.3937006916026168e-08,13,1,1,1,0,0
499,0,1.8918390274047852,2.0371108055114746,1.4486740827560425,3.8426165580749512,-2.2614710330963135,0.53422838449478149,0.0330173881197,0.0392239292722,4.6974911330060007e-07,0,2.3487455665030004e-07,10,1,1,1,0,0
500,9,-1.3490986824035645,4.0332894325256348,0.88136386871337891,4.3012495040893555,5.0057129859924316,0.67423295974731445,0.11754137073,0.0339884868106,3.6571526745725618e-07,0,1.8285763372862809e-07,56,1,1,1,0,0
501,5,-5.402125358581543,-5.9564237594604492,-1.8574463129043579,4.4862165451049805,-1.5367816686630249,1.9454087018966675,0.0330459354021,0.0876940635127,2.3436757733189145e-06,0,1.1718378866594572e-06,16,1,1,1,0,0
502,14,-1.5636175870895386,-1.7904930114746094,-1.805230975151062,-4.8775482177734375,2.2991909980773926,5.8819656372070312,0.15867529668,0.0191953913699,1.374181133068379e-07,0,6.8709056653418952e-08,31,1,1,1,0,0
503,2,-5.7806320190429688,5.9871010780334473,-0.25535765290260315,-1.4463270902633667,-4.7205791473388672,4.435783863067627,0.544478481752,0.00382290643682,3.0090868298459316e-07,0,1.5045434149229658e-07,28,1,1,1,0,0
504,15,5.2994251251220703,-5.6585969924926758,2.6030547618865967,0.59581845998764038,-4.4782466888427734,-0.60058766603469849,78.8988275443,0.486502830848,0.0062971233632194137,0,0.0031485616816097069,60,0,0,0,0,3
505,15,-1.64091956615448,-0.83520418405532837,2.7570288181304932,-5.0772204399108887,4.3028883934020996,-2.5937089920043945,0.0263795870269,0.0546797463136,9.1146378608975469e-07,0,4.5573189304487734e-07,18,1,1,1,0,0
506,14,3.1137552261352539,-1.9395755529403687,1.9553476572036743,5.23046875,2.8134019374847412,-5.7423076629638672,0.362942490484,0.00178817583413,1.3270128777919506e-07,0,6.6350643889597529e-08,17,1,1,1,0,0
507,8,3.8015573024749756,-0.70496773719787598,2.4405083656311035,-0.19729596376419067,-1.1319307088851929,-2.6526515483856201,0.0524640262314,0.185132053817,1.0443172558617152e-05,0,5.2215862793085758e-06,11,1,1,1,0,0
508,14,-5.8068742752075195,-0.50652134418487549,-0.88106602430343628,0.042703058570623398,-4.3285250663757324,3.9083623886108398,0.187941035791,0.0417201390737,5.6552977660986048e-07,0,2.8276488830493024e-07,5,1,1,1,0,0
509,4,-5.325742244720459,0.88297992944717407,1.1025781631469727,1.9735428094863892,1.5353107452392578,-2.830765962600708,0.0613064324035,0.00072335960541,3.9178694505011082e-09,0,1.9589347252505541e-09,13,1,1,1,0,0
510,15,-2.0143978595733643,-1.2211253643035889,-1.7443215847015381,-2.4281947612762451,-1.6455974578857422,-2.1495754718780518,0.0206675409877,0.00448166859022,6.5454957642420261e-09,0,3.2727478821210131e-09,30,1,1,1,0,0
511,14,-6.016749382019043,2.7712826728820801,0.087422378361225128,-0.8454967737197876,3.7694365978240967,-5.1805191040039062,58.1083227916,0.0428113506108,0.0033771354840418343,0,0.0016885677420209171,60,0,0,0,0,3
512,12,4.8257474899291992,-5.4844112396240234,-1.2673424482345581,-1.1356083154678345,-4.7748785018920898,5.9443860054016113,0.0996021726501,0.00659782472,2.3180982351933159e-08,0,1.1590491175966579e-08,20,1,1,1,0,0
513,11,2.5678825378417969,6.1806507110595703,1.5025309324264526,2.056276798248291,1.4344512224197388,3.1636767387390137,0.0403314908482,3.05222986772e-05,1.6269129388894267e-09,0,8.1345646944471334e-10,18,1,1,1,0,0
514,3,4.6262636184692383,1.2074472904205322,1.1533933877944946,-2.0091893672943115,-0.22136068344116211,5.1503643989562988,0.323373169852,0.135396159918,5.6888533373088573e-06,0,2.8444266686544287e-06,24,1,1,1,0,0
515,15,-1.4674066305160522,-3.6392204761505127,-2.8203604221343994,0.17359937727451324,-3.5791792869567871,0.67726683616638184,47.1932050244,0.125786136309,0.0022320183036151661,0,0.0011160091518075831,60,0,0,0,0,3
516,15,-2.8768417835235596,2.8586459159851074,2.7856001853942871,3.2823517322540283,-1.8878964185714722,-2.7326750755310059,0.0107809093744,0.0426128226446,5.532565781016575e-07,0,2.7662828905082875e-07,20,1,1,1,0,0
517,14,4.3618550300598145,-0.2095693051815033,-2.2551629543304443,1.209281325340271,-3.491642951965332,0.51081329584121704,0.0406322262107,0.0365322683535,4.0819540618780221e-07,0,2.0409770309390111e-07,17,1,1,1,0,0
518,5,1.8608914613723755,0.88199532032012939,-1.2564407587051392,-4.7786521911621094,4.4696288108825684,-0.725605309009552,0.0505858563722,0.00609194611625,1.3863831904110711e-08,0,6.9319159520553554e-09,13,1,1,1,0,0
519,6,0.11487448215484619,-2.9594728946685791,-2.1822926998138428,3.863140344619751,-4.2486410140991211,4.3524889945983887,0.0237074119531,0.0894695219193,2.4389621475690739e-06,0,1.2194810737845369e-06,35,1,1,1,0,0
520,2,2.8210701942443848,3.3596253395080566,-2.3160972595214844,-1.0167856216430664,-4.4179387092590332,2.0470232963562012,0.143774761127,0.000647788884906,2.0799008678836939e-08,0,1.039950433941847e-08,9,1,1,1,0,0
521,12,-4.2200384140014648,-2.5965077877044678,-1.1308674812316895,5.6114406585693359,-2.2162785530090332,-0.069835089147090912,0.238418457386,0.000646714063875,5.6970763731695417e-08,0,2.8485381865847709e-08,9,1,1,1,0,0
522,13,3.1342334747314453,-1.5118011236190796,1.9096040725708008,-2.3303391933441162,2.370589017868042,-4.5794377326965332,0.539116154423,0.183426507791,1.0539585754990963e-05,0,5.2697928774954815e-06,7,1,1,1,0,0
523,6,4.7054123878479004,-2.8215873241424561,0.9869457483291626,-2.7158808708190918,4.8285188674926758,3.2951257228851318,0.0131061117661,0.0154679708699,7.3053962205731976e-08,0,3.6526981102865988e-08,17,1,1,1,0,0
524,13,-0.65762901306152344,2.4899594783782959,-2.4267354011535645,-4.6498069763183594,4.6196742057800293,-5.1224055290222168,0.224538650418,0.76462242257,0.00017814421503443024,0,8.9072107517215119e-05,27,1,1,1,0,0
525,10,1.6820168495178223,3.8812570571899414,-2.6769146919250488,-6.1746940612792969,-1.5130646228790283,0.48957419395446777,0.054661661261,1.87215360264e-05,2.9880039789693007e-09,0,1.4940019894846503e-09,24,1,1,1,0,0
526,9,-4.8504595756530762,-5.6494154930114746,-0.073657885193824768,3.525787353515625,1.4642263650894165,3.5457253456115723,2.70281860693,0.0235523724909,7.4742040455053107e-06,0,3.7371020227526554e-06,17,1,1,1,0,0
527,2,4.9344964027404785,-3.022568941116333,1.2877404689788818,-2.1330785751342773,-1.466029167175293,-2.68756103515625,0.0082267429998,0.163946146519,8.1876779409759433e-06,0,4.0938389704879717e-06,24,1,1,1,0,0
528,8,-5.6599020957946777,0.67046546936035156,0.42258429527282715,-2.7222106456756592,-4.6763415336608887,-2.3477935791015625,0.291256381528,0.00766002337607,1.0270399874734705e-07,0,5.1351999373673526e-08,25,1,1,1,0,0
529,0,-6.1105251312255859,2.2747466564178467,1.2645382881164551,-2.8294274806976318,2.1923353672027588,3.1079528331756592,0.223919003352,0.0227264799063,2.0747245122644887e-07,0,1.0373622561322444e-07,6,1,1,1,0,0
530,7,-3.1769998073577881,-3.8125696182250977,0.49527007341384888,4.6095662117004395,-1.9921133518218994,-1.8011375665664673,0.233234785025,0.0015244637953,5.5106392741577448e-08,0,2.7553196370788724e-08,22,1,1,1,0,0
531,10,-2.4739420413970947,-1.1082587242126465,0.5401875376701355,-1.2708020210266113,-4.5366277694702148,-4.8674774169921875,2.38974664821,0.246365681994,2.4199962960770151e-05,0,1.2099981480385076e-05,15,1,1,1,0,0
532,0,-2.4139664173126221,1.7944138050079346,2.3620884418487549,-2.4328856468200684,-1.9527812004089355,-2.4932739734649658,0.599656600048,0.0230455019962,5.2136887596825041e-07,0,2.6068443798412521e-07,50,1,1,1,0,0
533,1,-0.26315039396286011,4.3938436508178711,2.7832279205322266,4.8705010414123535,2.1376471519470215,5.1831307411193848,0.136330815136,0.000888966640391,1.8826818631972667e-08,0,9.4134093159863335e-09,15,1,1,1,0,0
534,8,4.6737651824951172,-2.5911450386047363,2.1769781112670898,-1.0534451007843018,1.6558001041412354,-6.1860232353210449,0.961020653088,0.039418115869,1.3968715440637689e-06,0,6.9843577203188445e-07,50,1,1,1,0,0
535,4,-1.3624019622802734,2.5606861114501953,0.79541575908660889,-2.3832314014434814,-3.8400459289550781,3.6766748428344727,0.164287924549,0.015050646248,9.5993054843093373e-08,0,4.7996527421546686e-08,25,1,1,1,0,0
536,10,-1.4988360404968262,3.0785856246948242,-1.1093559265136719,-2.2005712985992432,-2.412933349609375,-4.0731930732727051,0.135318092423,0.175418371555,9.391877928023142e-06,0,4.695938964011571e-06,21,1,1,1,0,0
537,5,-4.6768908500671387,-4.7193207740783691,-0.36804798245429993,4.6762304306030273,4.5989656448364258,6.1930718421936035,0.0252695836877,0.863760150198,0.00022727008960149475,0,0.00011363504480074737,27,1,1,1,0,0
538,0,4.5901575088500977,-4.00714111328125,-2.7623891830444336,2.3919990062713623,-1.5740472078323364,-3.2756989002227783,90.5677628377,0.00121567139448,0.0082025201156029071,0,0.0041012600578014535,60,0,0,0,0,3
539,11,3.0387320518493652,1.0690212249755859,-0.12062752246856689,-0.13342437148094177,4.1102957725524902,-2.1259140968322754,0.567679987405,0.578494467654,0.00010226426183923165,0,5.1132130919615824e-05,37,1,1,1,0,0
540,2,-1.2980614900588989,-5.8046379089355469,-0.7264898419380188,1.5547128915786743,4.7224359512329102,3.4629333019256592,0.150236347893,0.0247509356874,2.0918227752440471e-07,0,1.0459113876220236e-07,56,1,1,1,0,0
541,11,5.3747835159301758,-0.74205154180526733,2.5636265277862549,1.1506420373916626,-4.7451019287109375,-0.73636424541473389,0.676334829091,0.0273090877649,6.8460829170731675e-07,0,3.4230414585365838e-07,15,1,1,1,0,0
542,2,-4.2645344734191895,2.1678140163421631,-0.99081552028656006,-3.0605440139770508,1.8292287588119507,2.6504876613616943,3.57937901326,0.338467821508,4.770906774276493e-05,0,2.3854533871382465e-05,45,1,1,1,0,0
543,6,-2.0593085289001465,-2.0167765617370605,2.3247406482696533,-5.2154645919799805,4.6036691665649414,-2.7309467792510986,0.363816027332,0.00860618068669,1.5492400095866497e-07,0,7.7462000479332486e-08,14,1,1,1,0,0
544,3,-2.8514420986175537,0.3429197371006012,1.0102415084838867,-0.65857124328613281,3.3649749755859375,-3.7026271820068359,0.161273973164,0.00375832530842,3.0312018253856972e-08,0,1.5156009126928486e-08,10,1,1,1,0,0
545,11,1.3875057697296143,-2.1478683948516846,2.2989115715026855,4.1881246566772461,1.6008857488632202,3.3906943798065186,0.0616575702215,0.0121723977783,4.8935986740864505e-08,0,2.4467993370432253e-08,29,1,1,1,0,0
546,12,-0.38345786929130554,1.005597710609436,1.5131281614303589,5.994910717010498,-2.1091647148132324,3.872748851776123,0.0665186918234,0.000619140247198,4.5415067725795452e-09,0,2.2707533862897726e-09,8,1,1,1,0,0
547,0,3.3421127796173096,-4.4732270240783691,1.2078564167022705,2.3931632041931152,-3.8173224925994873,-4.1622457504272461,0.0994874687838,0.0726479969198,1.617586695039097e-06,0,8.0879334751954851e-07,19,1,1,1,0,0
548,1,3.448915958404541,-0.21720203757286072,0.82859170436859131,-3.0835590362548828,-3.1658833026885986,0.57298904657363892,0.0578052675174,0.000138683744857,3.3473077147592772e-09,0,1.6736538573796386e-09,40,1,1,1,0,0
549,12,-5.9471611976623535,1.9423285722732544,-1.5476750135421753,5.4853048324584961,1.8062582015991211,4.729341983795166,0.200590884843,0.00719919483521,5.6024538473404364e-08,0,2.8012269236702182e-08,18,1,1,1,0,0
550,14,-1.5376874208450317,0.064676888287067413,0.96265697479248047,5.2054972648620605,4.774653434753418,-2.3550314903259277,0.135054859493,0.00337830119186,2.1716388993329178e-08,0,1.0858194496664589e-08,30,1,1,1,0,0
551,10,1.6029316186904907,5.873572826385498,-0.77524751424789429,-3.8494081497192383,-2.9621434211730957,5.8122873306274414,0.647974919291,0.0285884947025,6.6883593139863431e-07,0,3.3441796569931715e-07,26,1,1,1,0,0
552,13,5.9040131568908691,3.9023334980010986,2.9905760288238525,-5.9445371627807617,-2.1256399154663086,4.1583070755004883,1.40118914193,0.012643021318,2.0120228839099777e-06,0,1.0060114419549889e-06,15,1,1,1,0,0
553,12,-0.26191568374633789,-4.3103141784667969,2.2075724601745605,3.965263843536377,-0.57348370552062988,-5.3529272079467773,0.586689451586,0.0256281214119,5.4427741885178645e-07,0,2.7213870942589322e-07,23,1,1,1,0,0
554,7,-2.3044874668121338,0.54326385259628296,0.5305752158164978,6.0443825721740723,-1.5404173135757446,3.2003271579742432,0.452518934554,0.04091685598,7.1476055100814853e-07,0,3.5738027550407426e-07,13,1,1,1,0,0
555,12,-4.4158544540405273,2.8031430244445801,-1.6651488542556763,0.5094560980796814,4.9931125640869141,-0.42908826470375061,0.0332838438183,0.0109815384989,3.7842904589337148e-08,0,1.8921452294668574e-08,18,1,1,1,0,0
556,14,-1.9109126329421997,-3.6557526588439941,-1.8779821395874023,1.4622544050216675,-0.98333346843719482,3.7428746223449707,0.040840299588,0.0105517148737,3.5583633558528895e-08,0,1.7791816779264447e-08,36,1,1,1,0,0
557,8,-1.2747018337249756,2.9778428077697754,2.3444020748138428,0.11320308595895767,2.1457085609436035,5.4915385246276855,0.0204185071298,0.491490171394,7.3584589364761766e-05,0,3.6792294682380883e-05,35,1,1,1,0,0
558,3,-2.2204024791717529,-5.6583356857299805,2.3484537601470947,2.0262100696563721,-3.5892205238342285,5.9330215454101562,3.30233606747,0.131690889223,1.6188248151663224e-05,0,8.0941240758316122e-06,25,1,1,1,0,0
559,7,-1.915170431137085,1.532987117767334,2.7121751308441162,2.093963623046875,-3.8081045150756836,-4.4287400245666504,0.783385319375,0.0163554189864,6.9517763622468609e-07,0,3.4758881811234304e-07,11,1,1,1,0,0
560,13,-4.8598861694335938,4.779813289642334,1.0896137952804565,-1.1774265766143799,1.6207950115203857,-3.0920391082763672,0.842543751745,0.0176792653155,8.05090104441281e-07,0,4.025450522206405e-07,17,1,1,1,0,0
561,9,-2.7042045593261719,5.7685966491699219,-1.6267977952957153,-0.99438703060150146,2.7849435806274414,3.4656875133514404,0.221432937774,0.0593035277984,1.1203441112101344e-06,0,5.601720556050672e-07,6,1,1,1,0,0
562,1,5.8913764953613281,1.208362340927124,-0.94286298751831055,-5.0714201927185059,5.6694412231445312,1.0731152296066284,0.0500268537295,0.00711097621808,1.7905965295692317e-08,0,8.9529826478461584e-09,12,1,1,1,0,0
563,6,-1.0901426076889038,2.2896978855133057,-2.00425124168396,4.3529400825500488,2.6699700355529785,6.158078670501709,0.899142785588,0.018837034443,9.1654632577379599e-07,0,4.5827316288689799e-07,15,1,1,1,0,0
564,4,2.0786397457122803,1.6669481992721558,1.7869586944580078,-4.7299141883850098,-5.2191276550292969,2.8653655052185059,0.0309514155988,0.00739792753151,1.7629497955395866e-08,0,8.8147489776979328e-09,15,1,1,1,0,0
565,2,-2.5020005702972412,4.9495182037353516,0.48683008551597595,1.2229938507080078,2.9002609252929688,2.0010080337524414,0.408269285394,0.00838827130639,1.8811763399835187e-07,0,9.4058816999175936e-08,13,1,1,1,0,0
566,9,0.84621739387512207,4.3652029037475586,-1.3886451721191406,-6.1569209098815918,-0.23631030321121216,-1.3850038051605225,0.260790896148,0.0648465601656,1.3489514039211063e-06,0,6.7447570196055316e-07,13,1,1,1,0,0
567,8,-1.4000312089920044,0.60944873094558716,-2.2287924289703369,0.44408407807350159,2.2101986408233643,-5.5416131019592285,0.0129192204797,0.0298300093611,2.7122445995120391e-07,0,1.3561222997560195e-07,25,1,1,1,0,0
568,4,-4.4748682975769043,-0.89560264348983765,-2.18050217628479,-0.95105236768722534,-1.8777327537536621,0.22971886396408081,0.295700019517,0.121939973192,4.6169036836420981e-06,0,2.3084518418210491e-06,37,1,1,1,0,0
569,11,-1.6276293992996216,1.7947356700897217,0.68168485164642334,2.5166141986846924,-3.8777697086334229,-5.0861144065856934,0.445076541377,0.00393811753799,2.0281736910760915e-07,0,1.0140868455380458e-07,45,1,1,1,0,0
570,14,-0.13578394055366516,5.5542421340942383,2.3036503791809082,3.3298697471618652,1.6364884376525879,5.1430459022521973,0.870262694163,0.00147683800928,7.5802154282972339e-07,0,3.790107714148617e-07,8,1,1,1,0,0
571,2,0.91331356763839722,2.5826475620269775,1.0603616237640381,0.90467673540115356,1.7811959981918335,3.3651318550109863,0.00696570854895,0.016208014456,8.0071435820442617e-08,0,4.0035717910221308e-08,22,1,1,1,0,0
572,6,-0.35279518365859985,0.88463258743286133,1.0319094657897949,6.2027626037597656,4.0259966850280762,0.38325449824333191,0.745592272864,0.517927153795,8.2269084929730154e-05,4.3260830303639458e-05,4.2432367373974262e-05,28,1,1,1,1,0
573,3,-2.2216854095458984,1.9149478673934937,-1.5734682083129883,3.9717850685119629,-4.4738497734069824,-5.0765104293823242,0.127154522608,0.0518072710494,8.3375939662080628e-07,0,4.1687969831040314e-07,32,1,1,1,0,0
574,8,3.2523899078369141,3.2707643508911133,-0.67178839445114136,-0.33729672431945801,4.4947509765625,4.2545256614685059,0.0335005058916,0.0503252003544,7.726042175450879e-07,0,3.8630210877254395e-07,12,1,1,1,0,0
575,13,-3.0605504512786865,3.0269441604614258,1.9799010753631592,-2.9464099407196045,4.9691348075866699,4.4930791854858398,0.0273223536567,0.0667826232453,1.3593154584296657e-06,0,6.7965772921483287e-07,36,1,1,1,0,0
576,7,-5.1209077835083008,-2.7926623821258545,2.6526026725769043,1.9263848066329956,5.2963962554931641,-4.0694975852966309,0.168888828481,0.00400686420137,3.3414057097362816e-08,0,1.6707028548681408e-08,34,1,1,1,0,0
577,7,3.3211448192596436,4.731022834777832,2.8763916492462158,-3.4639937877655029,1.6958936452865601,1.5545583963394165,0.130655267263,0.0420202568817,5.5493438268318477e-07,0,2.7746719134159238e-07,10,1,1,1,0,0
578,3,-0.79444265365600586,3.3680765628814697,2.4086709022521973,4.6121635437011719,2.8581666946411133,-0.28886356949806213,4.46954767648,0.254451121624,3.9699424988780334e-05,0,1.9849712494390167e-05,56,1,1,1,0,0
579,6,3.13515305519104,-5.720820426940918,2.8208296298980713,-3.6713101863861084,-4.8764157295227051,-4.4554824829101562,1.51103867248,0.025752199291,2.4852527611300719e-06,0,1.2426263805650359e-06,41,1,1,1,0,0
580,14,3.4509782791137695,-2.3548166751861572,-1.9437172412872314,-2.7938320636749268,-5.0983014106750488,0.99484443664550781,0.013472525226,0.371976322033,4.2148992434798374e-05,0,2.1074496217399187e-05,14,1,1,1,0,0
581,2,-4.7627506256103516,3.2197961807250977,-0.62995660305023193,-2.0245745182037354,-5.6918277740478516,2.9517011642456055,0.281806016331,0.302874004838,2.8022781685182071e-05,0,1.4011390842591036e-05,7,1,1,1,0,0
582,1,1.0894901752471924,0.3170163631439209,2.8197104930877686,-1.4415184259414673,4.5363574028015137,-5.809173583984375,0.0430139768056,0.000281270404173,1.8743014108306187e-09,0,9.3715070541530935e-10,20,1,1,1,0,0
583,6,4.360074520111084,-3.0425939559936523,-0.63399225473403931,-0.45670348405838013,4.6000986099243164,3.9260365962982178,1.94124498356,0.0072073624609,3.7842557651328367e-06,0,1.8921278825664183e-06,28,1,1,1,0,0
584,8,4.2974853515625,-3.1211626529693604,-1.8145366907119751,-2.7439615726470947,-5.2565178871154785,0.75728189945220947,0.0168285583279,0.0270345449846,2.2291790513724018e-07,0,1.1145895256862009e-07,13,1,1,1,0,0
585,4,1.4461926221847534,5.9388909339904785,1.7530832290649414,-3.1446216106414795,-4.9722385406494141,-2.4652061462402344,0.107306986718,0.0593156277196,1.0832635667098401e-06,0,5.4163178335492006e-07,22,1,1,1,0,0
586,8,-5.1589345932006836,-4.0248427391052246,-0.69820970296859741,-6.083165168762207,-1.9864239692687988,0.92278778553009033,0.408509819652,0.0396048791964,6.4468684704345733e-07,0,3.2234342352172866e-07,18,1,1,1,0,0
587,14,3.9292302131652832,1.6688351631164551,1.746258020401001,-4.7756996154785156,-5.4343171119689941,5.6798505783081055,0.0113127278625,0.103498728443,3.2631857543327719e-06,0,1.6315928771663859e-06,24,1,1,1,0,0
588,2,3.9559421539306641,-3.6754260063171387,2.4811928272247314,-3.6703202724456787,4.7123866081237793,-2.3435807228088379,0.0420216434498,0.000590820235958,1.8721508796193672e-09,0,9.3607543980968362e-10,26,1,1,1,0,0
589,2,5.0117697715759277,2.4926750659942627,1.8442212343215942,0.62892663478851318,-5.1552681922912598,5.7702703475952148,0.37610427026,0.00507182759072,1.4929022853934438e-07,0,7.464511426967219e-08,22,1,1,1,0,0
590,6,1.0972307920455933,5.8274345397949219,2.614100456237793,1.7294446229934692,0.6905287504196167,-3.017733097076416,0.0419160556694,0.00278719914071,4.1233697667499172e-09,0,2.0616848833749586e-09,10,1,1,1,0,0
591,8,-2.8638339042663574,-2.0835533142089844,-0.014981702901422977,-1.4458956718444824,4.2213077545166016,-1.2461007833480835,3.5702500495,0.0323765762569,1.3065998399556483e-05,0,6.5329991997782413e-06,30,1,1,1,0,0
592,0,4.088371753692627,1.9593051671981812,-2.2954699993133545,1.6030046939849854,4.4813265800476074,3.403712272644043,1.07441764172,0.185029201459,1.1583195971809539e-05,0,5.7915979859047696e-06,13,1,1,1,0,0
593,2,-4.1359190940856934,-3.5097272396087646,-0.51075148582458496,4.4126191139221191,4.2668142318725586,5.8720722198486328,0.0353899793484,0.951460705441,0.00027576454077099776,0,0.00013788227038549888,16,1,1,1,0,0
594,1,1.9797624349594116,2.6423103809356689,-2.5041694641113281,6.1299176216125488,-2.1076395511627197,-4.377892017364502,146.682990868,1.48780988611,0.022190194307294304,0,0.011095097153647152,60,0,0,0,0,3
595,12,5.3548870086669922,1.2863264083862305,0.966045081615448,5.6254386901855469,-2.0244812965393066,2.4484035968780518,0.0215160688282,0.0646730076662,1.2745551277950372e-06,0,6.372775638975186e-07,24,1,1,1,0,0
596,1,-0.62400525808334351,-2.4456987380981445,-1.9185091257095337,2.7908999919891357,-4.5053400993347168,4.718259334564209,0.155103130412,0.00896733452669,4.8552208603828523e-08,0,2.4276104301914262e-08,17,1,1,1,0,0
597,5,4.1973428726196289,4.2854924201965332,1.4896636009216309,0.22904202342033386,-1.5582867860794067,-3.0030059814453125,0.0498462601006,0.0148731252595,6.9869024903238701e-08,0,3.4934512451619351e-08,6,1,1,1,0,0
598,6,-4.1001605987548828,-0.6559518575668335,-0.78757119178771973,-5.4528903961181641,1.2125698328018188,2.818859338760376,0.226694323184,0.0163296616457,1.3261894223319906e-07,0,6.6309471116599528e-08,17,1,1,1,0,0
599,0,-1.1352965831756592,4.9954471588134766,1.4078088998794556,-2.1152889728546143,-4.9369397163391113,-5.904599666595459,0.0465844699374,0.0177888151771,9.8563841761057264e-08,0,4.9281920880528632e-08,46,1,1,1,0,0
600,13,4.5131254196166992,5.6712965965270996,0.85074394941329956,6.0888113975524902,-3.103182315826416,-4.830319881439209,0.124289245209,0.0176701175421,1.1055944374140179e-07,0,5.5279721870700897e-08,36,1,1,1,0,0
601,15,1.2577534914016724,-1.1867700815200806,-2.1978182792663574,1.8113988637924194,1.4039814472198486,3.4661383628845215,1.54436258952,0.11889029449,6.6907932218244301e-06,0,3.3453966109122151e-06,27,1,1,1,0,0
602,2,0.15458318591117859,-4.5661416053771973,3.0549778938293457,-6.191617488861084,-4.311305046081543,-3.6002416610717773,2.44757605287,0.406427362977,5.6308309129954101e-05,1.4841004217053008e-07,2.8158606866242165e-05,39,1,1,1,1,0
603,11,2.0122487545013428,-4.064368724822998,-0.090423919260501862,-0.46210727095603943,-1.6282957792282104,5.4148640632629395,92.7742332828,0.403111860797,0.0086565584397929676,0,0.0043282792198964838,60,0,0,0,0,3
604,1,-4.6370887756347656,-1.2383188009262085,-1.3907743692398071,-3.5645434856414795,2.151625394821167,-2.6738276481628418,0.173732108977,0.00256268625007,3.2183378196416742e-08,0,1.6091689098208371e-08,5,1,1,1,0,0
605,12,1.7450836896896362,-1.3390603065490723,-2.3108336925506592,-0.74374884366989136,-0.89262610673904419,-0.040170896798372269,1.17934255951,0.0336368951683,1.7355054244012155e-06,0,8.6775271220060775e-07,21,1,1,1,0,0
606,15,4.7219467163085938,4.4940481185913086,2.2198841571807861,-1.9117782115936279,-4.364227294921875,6.0893068313598633,0.0347206504323,0.0867617025022,2.2942414868507801e-06,0,1.1471207434253901e-06,15,1,1,1,0,0
607,14,3.214780330657959,-6.1866846084594727,2.6484665870666504,-3.6290931701660156,1.4591766595840454,1.172539234161377,0.418165743241,0.0146182974714,2.399576928806542e-07,0,1.199788464403271e-07,25,1,1,1,0,0
608,6,-3.9597353935241699,-3.9215610027313232,0.22569654881954193,5.3465633392333984,1.3897944688796997,-6.2722759246826172,4.78829493222,0.162987799215,3.101993702723017e-05,0.0057897820719925597,0.00018920343067339187,20,1,1,1,1,0
609,12,6.0673437118530273,-2.5592660903930664,1.01335608959198,0.57874888181686401,-3.4445734024047852,-0.18239849805831909,0.415972432155,0.00231796779492,1.746697660017728e-07,0,8.73348830008864e-08,14,1,1,1,0,0
610,2,0.47582593560218811,0.76083803176879883,-2.2740821838378906,2.2719111442565918,-1.6189920902252197,-5.2885422706604004,0.0441754116318,0.00291801283806,4.5452230707954243e-09,0,2.2726115353977121e-09,15,1,1,1,0,0
611,14,1.0574537515640259,3.225383996963501,-0.39980193972587585,-0.27677181363105774,-0.15126080811023712,0.25774845480918884,0.0343886524224,0.000877479626593,1.4171258409548666e-09,0,7.0856292047743331e-10,57,1,1,1,0,0
612,10,-0.15514624118804932,-4.846707820892334,-2.6443467140197754,4.4115419387817383,-4.637138843536377,4.0421085357666016,0.143241280095,0.063072589921,1.2323323400350081e-06,0,6.1616617001750406e-07,10,1,1,1,0,0
613,4,-0.66572004556655884,3.1932213306427002,2.3036110401153564,-3.9570837020874023,-1.6719253063201904,1.837335467338562,0.188466804939,0.0551306899946,9.6137178363031729e-07,0,4.8068589181515864e-07,16,1,1,1,0,0
614,8,-1.720460057258606,2.8295772075653076,-2.4477157592773438,-4.7060918807983398,-1.774905800819397,3.0972461700439453,0.420099420345,0.0144159745457,2.3978921327260936e-07,0,1.1989460663630468e-07,27,1,1,1,0,0
615,0,-2.5384364128112793,-1.2437882423400879,2.3689937591552734,3.5643324851989746,2.0237774848937988,-4.6565642356872559,0.0116013117713,0.174742686682,9.3016294985309059e-06,0,4.650814749265453e-06,36,1,1,1,0,0
616,10,1.8186154365539551,-1.6928253173828125,1.3550882339477539,5.139307975769043,1.6410270929336548,-3.6675562858581543,0.41148703084,0.0323540708649,4.8819079694374877e-07,0,2.4409539847187438e-07,8,1,1,1,0,0
617,11,0.34027582406997681,1.2869957685470581,-1.978851318359375,-2.4246866703033447,3.7749297618865967,2.3045978546142578,0.219922380599,0.0854918287741,2.2747697311080494e-06,0,1.1373848655540247e-06,12,1,1,1,0,0
618,12,-5.0538277626037598,0.029090180993080139,-1.0277131795883179,-0.64632242918014526,2.0261118412017822,3.0763792991638184,0.100782433946,0.34016651647,3.5258431468560574e-05,0,1.7629215734280287e-05,26,1,1,1,0,0
619,13,0.70972567796707153,-5.7499523162841797,-0.29872575402259827,4.8908228874206543,1.1647623777389526,3.6157863140106201,0.140844890063,0.458829334213,6.414922399921242e-05,0,3.207461199960621e-05,52,1,1,1,0,0
620,3,-1.3714678287506104,-4.041801929473877,-1.7546353340148926,5.1438727378845215,-1.8552814722061157,-2.141852855682373,0.11918559386,0.0588557189542,1.0693986239406655e-06,0,5.3469931197033276e-07,10,1,1,1,0,0
621,11,-2.8543403148651123,5.1786537170410156,2.1009531021118164,-2.7266960144042969,-4.596351146697998,1.4597668647766113,0.188861974045,0.00711644688865,5.1095833895400758e-08,0,2.5547916947700379e-08,15,1,1,1,0,0
622,6,2.3577802181243896,3.8710966110229492,1.0006880760192871,-0.29049918055534363,-4.9010539054870605,-4.072843074798584,0.219194434356,0.00732599782259,6.439509132876999e-08,0,3.2197545664384995e-08,10,1,1,1,0,0
623,15,-2.9446370601654053,-4.7349867820739746,2.6341936588287354,-1.2295303344726562,2.1363058090209961,-0.20250135660171509,1.10480593126,0.000725766669365,1.2207565990981148e-06,0,6.1037829954905741e-07,11,1,1,1,0,0
624,0,-4.6195464134216309,5.8569536209106445,1.0598545074462891,1.2580293416976929,4.7029099464416504,0.065920688211917877,0.275027006967,0.0603688542775,1.1857871426469821e-06,0,5.9289357132349104e-07,17,1,1,1,0,0
625,11,-4.8944897651672363,-5.0643548965454102,0.095432475209236145,6.1378154754638672,-1.6960806846618652,-5.5641880035400391,0.642445813493,0.078859170862,2.3070819382249586e-06,0,1.1535409691124793e-06,19,1,1,1,0,0
626,7,-1.5966975688934326,-3.8448221683502197,1.8433175086975098,0.40893217921257019,-5.0462803840637207,0.074352286756038666,0.0383427333304,0.0032719970269,4.7313884949830148e-09,0,2.3656942474915074e-09,20,1,1,1,0,0
627,4,-3.2237565517425537,0.83002245426177979,2.0681250095367432,4.8477163314819336,-1.050542950630188,-0.73416846990585327,0.179755788651,0.0200440695031,1.5469667660557116e-07,0,7.7348338302785579e-08,11,1,1,1,0,0
628,11,1.8515937328338623,0.59618788957595825,-1.0154439210891724,1.5934468507766724,-2.496239185333252,5.9609265327453613,0.245039761182,0.0606979952934,1.1823301876520413e-06,0,5.9116509382602066e-07,22,1,1,1,0,0
629,12,2.3089826107025146,-2.9569618701934814,-0.54035365581512451,1.800906777381897,1.6187036037445068,2.4100906848907471,0.0783134398499,0.0898371751189,2.4646142980070927e-06,0,1.2323071490035464e-06,13,1,1,1,0,0
630,4,-6.1476454734802246,0.12574519217014313,0.55926066637039185,-4.8746609687805176,-1.644184947013855,-4.289398193359375,2.09729235109,0.0818663196362,6.4402098759772195e-06,0,3.2201049379886097e-06,12,1,1,1,0,0
631,0,-0.16310374438762665,1.463539719581604,1.8186423778533936,-1.9660967588424683,5.0628199577331543,1.8803321123123169,0.0749121291313,0.00117914822387,6.0353642679012078e-09,0,3.0176821339506039e-09,13,1,1,1,0,0
632,10,-0.53665351867675781,1.6062095165252686,-0.31815081834793091,-0.81026256084442139,5.9273314476013184,2.954045295715332,0.577649316042,0.0139982597074,3.9336890406777055e-07,0,1.9668445203388528e-07,10,1,1,1,0,0
633,2,-2.1229665279388428,-0.75329440832138062,1.4168130159378052,-0.99125438928604126,-0.39214318990707397,-0.86576652526855469,0.210442669423,0.070349104161,1.5518366481505115e-06,0,7.7591832407525574e-07,14,1,1,1,0,0
634,10,5.2544746398925781,-4.7891330718994141,-0.47260060906410217,1.196171760559082,-0.67960000038146973,4.2539157867431641,0.386126854394,0.00169337972721,1.4996744876648111e-07,0,7.4983724383240556e-08,13,1,1,1,0,0
635,13,0.66628062725067139,4.1110010147094727,2.2851791381835938,-5.7123227119445801,4.6254997253417969,0.92449933290481567,0.168904237613,0.038682106245,4.8432931444806772e-07,0,2.4216465722403386e-07,39,1,1,1,0,0
636,6,2.4312658309936523,-6.1081051826477051,0.22877040505409241,6.0127272605895996,-1.202263355255127,-0.23098663985729218,2.47254963092,0.0025880618054,6.1155420242990866e-06,0,3.0577710121495433e-06,18,1,1,1,0,0
637,7,-3.2983424663543701,4.0428581237792969,-1.8387272357940674,-3.5690979957580566,1.4234656095504761,1.6287044286727905,2.54299337634,0.0533571941182,7.3340581100920408e-06,0,3.6670290550460204e-06,7,1,1,1,0,0
638,3,-3.4311442375183105,1.0958662033081055,2.7947237491607666,-4.2922587394714355,-5.2210483551025391,1.5248674154281616,0.369365682978,0.00546997984134,1.4554536793888772e-07,0,7.277268396944386e-08,14,1,1,1,0,0
639,9,4.2296991348266602,4.8495683670043945,-2.690558910369873,3.5084667205810547,1.1677747964859009,-5.1304264068603516,0.536902775676,0.0868128120437,2.5840029105526127e-06,0,1.2920014552763063e-06,10,1,1,1,0,0
640,9,-5.9331855773925781,-3.4313554763793945,-2.7739105224609375,-3.2279095649719238,3.5562238693237305,-6.1219463348388672,24.4388597315,2.92477562864,0.0032030504600389668,0,0.0016015252300194834,60,1,0,0,0,2
641,15,5.9668922424316406,3.7575743198394775,-2.9230904579162598,0.84623610973358154,-1.9511739015579224,-4.3718647956848145,0.0976397956873,0.00652118715481,2.2487654122838003e-08,0,1.1243827061419002e-08,21,1,1,1,0,0
642,2,-3.3713483810424805,4.6714134216308594,2.6631374359130859,0.14275260269641876,-2.0635225772857666,-0.84796816110610962,0.178577897371,0.0333213870068,3.701113047208084e-07,0,1.850556523604042e-07,22,1,1,1,0,0
643,2,3.0603704452514648,1.8664226531982422,-1.1845738887786865,-0.93066102266311646,-2.3268043994903564,4.8761215209960938,0.0418645512894,0.00106146946288,2.0958584081615319e-09,0,1.047929204080766e-09,12,1,1,1,0,0
644,2,4.6221599578857422,0.83071613311767578,1.8849893808364868,2.2382404804229736,1.4823939800262451,5.7198996543884277,4.12618838421,0.172341261262,2.6073028023517479e-05,0,1.303651401175874e-05,14,1,1,1,0,0
645,4,-0.97651112079620361,-3.123492956161499,-1.7395890951156616,3.9473211765289307,0.12148692458868027,-0.37239649891853333,0.0439636234562,0.047359055351,6.8515315637183902e-07,0,3.4257657818591951e-07,19,1,1,1,0,0
646,0,3.7772157192230225,-3.6321640014648438,-1.6849651336669922,3.1551356315612793,-3.8543882369995117,-5.5679154396057129,0.320316608553,0.182266328652,1.0222302467813684e-05,0,5.1111512339068418e-06,16,1,1,1,0,0
647,6,1.0186173915863037,-1.4438203573226929,0.15925543010234833,-0.25815993547439575,-4.5148968696594238,3.0480077266693115,1.99242239061,0.00128497127235,3.9702499520100734e-06,0,1.9851249760050367e-06,51,1,1,1,0,0
648,2,5.0539803504943848,-3.4509775638580322,-3.0040168762207031,5.3375024795532227,1.1151001453399658,6.1328024864196777,0.585127252276,0.00252012932155,3.4430854236761897e-07,0,1.7215427118380948e-07,24,1,1,1,0,0
649,13,3.3665556907653809,3.3665030002593994,-2.0679409503936768,-1.8872005939483643,1.4154030084609985,1.5457776784896851,0.0301691310403,0.0606742044254,1.1223162815348303e-06,0,5.6115814076741514e-07,18,1,1,1,0,0
650,6,-1.165697455406189,2.6473824977874756,-2.1433496475219727,-0.90420371294021606,1.0165625810623169,-0.85598224401473999,4.23485195109,0.948093538219,0.00029174889077592333,0,0.00014587444538796167,53,1,1,1,0,0
651,11,3.2266769409179688,-5.3737540245056152,-2.6472129821777344,-2.4915323257446289,-1.9133821725845337,-1.6441278457641602,1.59847763859,0.130685917493,7.7576335011325458e-06,0,3.8788167505662729e-06,21,1,1,1,0,0
652,10,4.205634593963623,0.42013764381408691,2.717174768447876,-1.0082314014434814,4.2959485054016113,3.3305730819702148,0.0681755577843,0.304511722797,2.8251025985179057e-05,0,1.4125512992589528e-05,11,1,1,1,0,0
653,5,3.5307836532592773,-0.43308943510055542,0.64385092258453369,1.21663498878479,-2.0717265605926514,-1.7616336345672607,0.0269729316689,0.0734948189108,1.6461150005110603e-06,0,8.2305750025553014e-07,19,1,1,1,0,0
654,4,-1.9012041091918945,0.30634552240371704,-1.3978877067565918,-0.24257272481918335,1.6167417764663696,-5.6786670684814453,1.38511557673,0.0498543156081,2.6756573751827077e-06,0,1.3378286875913538e-06,43,1,1,1,0,0
655,3,-5.9296417236328125,0.38749983906745911,-2.9827079772949219,-1.8384828567504883,-1.3865677118301392,2.1325857639312744,3.98223649947,0.108803209147,1.9464310687981851e-05,0,9.7321553439909253e-06,19,1,1,1,0,0
656,5,-4.514864444732666,-4.6166195869445801,2.9784431457519531,-2.7620620727539062,-2.0962035655975342,-5.8263998031616211,0.373755841741,0.0141361878551,2.0056567869839473e-07,0,1.0028283934919736e-07,24,1,1,1,0,0
657,3,3.6328668594360352,-4.3242878913879395,1.4729572534561157,4.552830696105957,4.5042791366577148,-2.1933343410491943,0.0415552951202,0.00417174309755,7.0282336845018235e-09,0,3.5141168422509117e-09,26,1,1,1,0,0
658,0,2.333348274230957,3.4019553661346436,-1.2571951150894165,-2.4871675968170166,1.0541294813156128,1.1508855819702148,0.0250736577191,0.17812399531,9.6655782230948556e-06,0,4.8327891115474278e-06,16,1,1,1,0,0
659,2,1.9906891584396362,4.9566431045532227,-1.2513301372528076,3.9032802581787109,5.1338973045349121,0.21628738939762115,0.0567884595945,0.00250156610995,5.1311740857816303e-09,0,2.5655870428908152e-09,57,1,1,1,0,0
660,4,-1.3728032112121582,4.2188496589660645,2.4303474426269531,2.1991922855377197,-0.93440204858779907,-4.5885457992553711,2.50391702752,0.0306529516153,6.5558200570479236e-06,0,3.2779100285239618e-06,21,1,1,1,0,0
661,12,-2.3892791271209717,-3.2689168453216553,0.73479306697845459,4.0662307739257812,-1.4242955446243286,-1.6537039279937744,0.0379539232634,0.269191382234,2.2075237289716438e-05,0,1.1037618644858219e-05,15,1,1,1,0,0
662,7,-0.4570772647857666,-0.26268813014030457,2.8947181701660156,-4.3455123901367188,-4.8149456977844238,-1.2195817232131958,0.183688833814,0.00514768879207,4.1813553259046557e-08,0,2.0906776629523279e-08,17,1,1,1,0,0
663,6,0.73765808343887329,2.9450504779815674,2.8499867916107178,2.2597205638885498,1.646809458732605,0.73239564895629883,0.219712955345,0.0197033975828,1.6653353824583759e-07,0,8.3266769122918797e-08,10,1,1,1,0,0
664,9,2.5335643291473389,2.5567963123321533,1.9075355529785156,-0.16426201164722443,-4.8556079864501953,-6.1223645210266113,0.0151527382758,0.179309946153,9.7943061855046845e-06,0,4.8971530927523423e-06,10,1,1,1,0,0
665,10,2.0858502388000488,-0.90085130929946899,-2.5683534145355225,-1.4319039583206177,4.7613716125488281,-0.010675772093236446,0.0493618818216,0.00175741806219,3.3774118358215002e-09,0,1.6887059179107501e-09,26,1,1,1,0,0
666,12,-0.38178786635398865,2.5563721656799316,-0.87549132108688354,5.8885307312011719,-1.3757604360580444,-3.9631435871124268,0.261747951191,0.000382373068583,6.855652781068151e-08,0,3.4278263905340755e-08,17,1,1,1,0,0
667,2,3.8053417205810547,-1.9616137742996216,-1.6436101198196411,5.4661040306091309,4.5666995048522949,3.5773105621337891,0.0610122181897,0.0278188121452,2.394617414754583e-07,0,1.1973087073772915e-07,22,1,1,1,0,0
668,3,2.757192850112915,1.8070042133331299,-2.1313354969024658,4.9735536575317383,-5.2942728996276855,-5.1304221153259277,0.0891997275075,0.0186011323884,1.1335486628959208e-07,0,5.6677433144796041e-08,13,1,1,1,0,0
669,10,2.9650800228118896,-0.83186250925064087,0.79485374689102173,2.0353825092315674,4.9673504829406738,4.5266518592834473,0.0958921649059,0.00979137648146,3.8399300209792434e-08,0,1.9199650104896217e-08,25,1,1,1,0,0
670,10,-0.72414237260818481,-1.9126149415969849,2.3022067546844482,-4.636383056640625,-1.7953287363052368,2.5264809131622314,0.0815253170085,0.00161537547123,7.4412575574957606e-09,0,3.7206287787478803e-09,42,1,1,1,0,0
671,13,4.3757538795471191,0.91442304849624634,2.1940598487854004,2.3251824378967285,-4.3946876525878906,5.7969155311584473,1.56758993774,0.0210152084562,2.5918691414447294e-06,0,1.2959345707223647e-06,22,1,1,1,0,0
672,13,-5.3911223411560059,-4.8042678833007812,0.95077276229858398,-3.9556279182434082,-4.7602720260620117,-2.5526103973388672,0.0868059015256,0.00965034712775,3.5904041054839949e-08,0,1.7952020527419974e-08,16,1,1,1,0,0
673,7,-4.310612678527832,-5.8653244972229004,-2.5745768547058105,-2.3257291316986084,-1.7421524524688721,-0.4715094268321991,0.339691051882,0.0166808452326,2.0014998984647411e-07,0,1.0007499492323705e-07,9,1,1,1,0,0
674,14,0.035336170345544815,-1.1035010814666748,-0.7822919487953186,3.1274495124816895,-0.72739380598068237,-4.5658149719238281,0.0460579513359,0.0224898191136,1.5619437783152911e-07,0,7.8097188915764557e-08,22,1,1,1,0,0
675,9,-4.4796977043151855,-0.39233499765396118,0.94240850210189819,1.0958774089813232,-2.5231456756591797,-0.39591670036315918,0.432551788954,0.0703841093759,1.6961522473192677e-06,0,8.4807612365963387e-07,18,1,1,1,0,0
676,10,-2.1497836112976074,2.0882022380828857,2.4376254081726074,3.4314002990722656,-1.6238131523132324,3.655235767364502,0.162012699552,0.00670057535543,3.9924739419217406e-08,0,1.9962369709608703e-08,24,1,1,1,0,0
677,4,5.7431721687316895,0.98511314392089844,1.7812362909317017,-2.790245532989502,0.72621661424636841,-3.752469539642334,0.338159113456,0.0239178169934,2.8861162719018766e-07,0,1.4430581359509383e-07,46,1,1,1,0,0
678,8,-1.3773722648620605,5.7916073799133301,0.98523193597793579,-2.5175681114196777,-4.7752242088317871,-5.9815645217895508,0.246096207251,0.0302777812258,3.3981954606225002e-07,0,1.6990977303112501e-07,17,1,1,1,0,0
679,12,4.1493129730224609,-2.8858160972595215,1.9439665079116821,-6.0774564743041992,2.5367143154144287,0.42397549748420715,0.00662953878667,0.698694556727,0.00014870637370389177,0,7.4353186851945887e-05,15,1,1,1,0,0
680,6,1.1152786016464233,2.1989567279815674,-2.608433723449707,2.3567969799041748,-1.9396058320999146,-6.1310596466064453,0.0407228450286,0.145744734288,6.4721976716489782e-06,0,3.2360988358244891e-06,25,1,1,1,0,0
681,0,-4.4899659156799316,5.065312385559082,2.7469475269317627,-5.8673567771911621,-1.771809458732605,-0.20509238541126251,0.37569968385,0.0693618077151,1.6066830486400832e-06,0,8.0334152432004162e-07,20,1,1,1,0,0
682,0,-6.0650320053100586,0.46249717473983765,-2.9238393306732178,-3.8225967884063721,-2.3517959117889404,-3.838533878326416,36.8481629107,0.244170541157,0.0013759481729607977,0,0.00068797408648039885,60,0,0,0,0,3
683,12,2.9697940349578857,5.7950849533081055,-2.8845846652984619,-0.89698141813278198,-1.9338791370391846,4.1879963874816895,0.00203986328652,0.234503208244,1.6751450580201313e-05,0,8.3757252901006565e-06,52,1,1,1,0,0
684,9,-4.2521796226501465,2.5240468978881836,-0.14513593912124634,-0.74408304691314697,-2.4339396953582764,-5.4316792488098145,43.4876984861,0.000394965443503,0.0018911799671345402,0,0.0009455899835672701,60,0,0,0,0,3
685,10,-4.650947093963623,0.34878525137901306,2.6672582626342773,0.3893144428730011,2.0864181518554688,1.8667958974838257,65.7460163636,4.22784284222,0.0097674699833745268,0,0.0048837349916872634,60,0,0,0,0,3
686,12,5.172454833984375,-4.071382999420166,2.62638258934021,2.7944247722625732,4.9184622764587402,-3.503934383392334,0.953651469577,0.144359444129,7.2575712663144842e-06,0,3.6287856331572421e-06,20,1,1,1,0,0
687,0,3.4744420051574707,-0.82431262731552124,2.0763542652130127,0.13096603751182556,-1.3997557163238525,4.1080131530761719,0.0474831415136,0.043450316119,5.7735100518331171e-07,0,2.8867550259165585e-07,31,1,1,1,0,0
688,2,-3.7335481643676758,2.5460031032562256,2.8005828857421875,-6.0728025436401367,-4.9153642654418945,2.2341179847717285,0.833372692191,0.154166770875,7.9344720485517219e-06,0,3.967236024275861e-06,16,1,1,1,0,0
689,7,0.18298225104808807,-4.1266803741455078,-0.27355083823204041,-6.133662223815918,4.7219581604003906,2.1133062839508057,0.00753904206521,0.303409378605,2.8042299117109184e-05,0,1.4021149558554592e-05,10,1,1,1,0,0
690,1,-4.8451690673828125,0.24813383817672729,2.8123352527618408,-0.8427625298500061,-0.99545329809188843,5.4917778968811035,4.90969990672,0.298880099762,5.1316418326253691e-05,0,2.5658209163126845e-05,16,1,1,1,0,0
691,8,-2.0606892108917236,5.6064143180847168,1.0585730075836182,4.4112238883972168,-4.0876107215881348,1.1783407926559448,0.239294762238,0.11560112361,4.1280533595749704e-06,0,2.0640266797874852e-06,17,1,1,1,0,0
692,15,6.0589151382446289,-3.8803348541259766,0.47048652172088623,-2.5572240352630615,5.4329977035522461,-1.110642671585083,0.21302546842,0.0212098196363,1.8241396096562065e-07,0,9.1206980482810326e-08,29,1,1,1,0,0
693,0,0.3177848756313324,-1.1671615839004517,2.9701745510101318,-1.6972241401672363,-4.1589736938476562,-0.64970862865447998,2.51680850512,0.03076571764,6.6226543895231019e-06,0,3.3113271947615509e-06,13,1,1,1,0,0
694,5,3.4811456203460693,3.5909202098846436,-1.5564441680908203,-1.813078761100769,-3.6324508190155029,-4.7684717178344727,0.737894581895,0.006501004453,5.5736247794444226e-07,0,2.7868123897222113e-07,15,1,1,1,0,0
695,4,-0.4040088951587677,-2.614445686340332,-1.5462197065353394,4.9971346855163574,4.0682625770568848,1.4870744943618774,0.0347586171178,0.00885259703136,2.5080563867244905e-08,0,1.2540281933622452e-08,36,1,1,1,0,0
696,4,3.2237145900726318,-0.78528028726577759,2.628331184387207,-2.0615971088409424,4.3230743408203125,-2.5302588939666748,0.0532094512819,0.102215340177,3.1854666659816446e-06,0,1.5927333329908223e-06,18,1,1,1,0,0
697,5,2.248283863067627,-2.7711091041564941,-1.3440481424331665,-0.083483368158340454,3.9725911617279053,5.0583786964416504,0.0288550464313,0.00204726432272,2.1093540176359642e-09,0,1.0546770088179821e-09,13,1,1,1,0,0
698,2,-3.3942115306854248,-4.1000466346740723,-1.4867188930511475,0.67886602878570557,-2.0980441570281982,-0.62483394145965576,4.07259684786,0.0301070298704,1.6862160442270247e-05,0,8.4310802211351235e-06,16,1,1,1,0,0
699,12,-4.6374831199645996,1.0240048170089722,-1.1251044273376465,-2.7062885761260986,4.2854022979736328,5.6792511940002441,0.228288852053,0.00118972821315,5.2546971679544339e-08,0,2.627348583977217e-08,29,1,1,1,0,0
700,13,5.6465959548950195,-3.7172038555145264,1.691313624382019,-0.18367721140384674,1.7919875383377075,4.6007275581359863,0.0612203475377,0.000336042908477,3.7823298249108978e-09,0,1.8911649124554489e-09,7,1,1,1,0,0
701,15,-3.50689697265625,1.0837750434875488,-0.26410683989524841,-2.5686724185943604,-4.1473255157470703,-4.4582781791687012,129.513125847,0.0854298248098,0.016775872942380213,0,0.0083879364711901064,60,0,0,0,0,3
702,7,0.87583208084106445,-5.8950891494750977,0.50011438131332397,-2.1090524196624756,-4.0119047164916992,-1.996201753616333,0.189067164223,0.00336380407101,3.9193192861869094e-08,0,1.9596596430934547e-08,20,1,1,1,0,0
703,12,0.90514236688613892,-6.1427421569824219,2.4274361133575439,1.5230299234390259,1.6317800283432007,-2.6884586811065674,0.0724795339761,0.00361499306993,9.234076563415545e-09,0,4.6170382817077725e-09,24,1,1,1,0,0
704,9,-1.4270046949386597,-3.156757116317749,-2.564854621887207,1.1096533536911011,4.5252418518066406,-3.4174599647521973,0.0641199997686,0.00137915291756,4.6907758236033011e-09,0,2.3453879118016506e-09,16,1,1,1,0,0
705,13,3.7462217807769775,5.2021446228027344,0.81643539667129517,4.3419780731201172,0.78548747301101685,-0.64555913209915161,0.354107133965,0.00153706569817,1.2611154259491062e-07,0,6.3055771297455308e-08,9,1,1,1,0,0
706,0,-0.96592545509338379,3.8163814544677734,-2.3657968044281006,3.7574663162231445,1.7317682504653931,-1.0764408111572266,0.920458855902,0.0716392649813,2.4105972408018818e-06,0,1.2052986204009409e-06,11,1,1,1,0,0
707,8,4.3481321334838867,4.8718600273132324,2.3949742317199707,-1.1770342588424683,4.4129624366760254,-1.745826244354248,0.254007185339,0.0606066338386,1.1834294102116635e-06,0,5.9171470510583175e-07,14,1,1,1,0,0
708,9,0.14938193559646606,-4.7092008590698242,-0.89547127485275269,-5.436579704284668,5.0510520935058594,-4.9957904815673828,0.0367721651144,0.0895244086256,2.4427449778234396e-06,0,1.2213724889117198e-06,13,1,1,1,0,0
709,7,4.2377090454101562,4.0420794486999512,0.34409666061401367,-1.745700478553772,-1.8000779151916504,3.813237190246582,0.173876145982,0.0659238397582,1.3540857964322471e-06,0,6.7704289821612354e-07,11,1,1,1,0,0
710,12,-5.734400749206543,3.0406205654144287,-2.3429877758026123,1.2056393623352051,-1.651828408241272,1.4060553312301636,0.290463208412,0.00740311048393,1.0106375140828615e-07,0,5.0531875704143077e-08,32,1,1,1,0,0
711,2,6.1612768173217773,0.54599493741989136,0.1928214430809021,-2.6907491683959961,1.9870843887329102,5.2755064964294434,117.101646301,0.0198242901489,0.013712915281756069,0,0.0068564576408780345,60,0,0,0,0,3
712,12,-4.1151533126831055,-4.2288188934326172,0.9066009521484375,5.2492470741271973,-0.92600297927856445,-0.97782063484191895,0.030719260732,0.282929221737,2.4385246607122331e-05,0,1.2192623303561166e-05,11,1,1,1,0,0
713,1,2.0469131469726562,-1.204194188117981,0.55201739072799683,-1.1680322885513306,-5.1708688735961914,2.0165078639984131,0.215257071709,0.0451776868533,6.6806688552763096e-07,0,3.3403344276381548e-07,25,1,1,1,0,0
714,0,0.55673724412918091,-5.7188153266906738,-0.69293385744094849,4.7111921310424805,0.43876206874847412,-2.3534393310546875,1.11922399965,0.053349961931,2.1196700781425394e-06,0,1.0598350390712697e-06,24,1,1,1,0,0
715,13,-2.1711571216583252,-3.4230799674987793,1.2665143013000488,-2.7669546604156494,4.7635321617126465,-2.8107438087463379,0.220543114871,0.193178754528,1.1416361641498247e-05,0,5.7081808207491237e-06,18,1,1,1,0,0
716,1,-5.2999300956726074,4.0528316497802734,0.69785034656524658,3.6954705715179443,4.668480396270752,-0.090405039489269257,2.50512349071,0.775230926641,0.00018934553133787373,0,9.4672765668936867e-05,20,1,1,1,0,0
717,0,-3.6777396202087402,-4.6766467094421387,1.7304586172103882,1.5033260583877563,1.3480238914489746,2.2868046760559082,3.03026820228,0.029920242637,9.455225264355121e-06,0,4.7276126321775605e-06,13,1,1,1,0,0
718,3,0.45679587125778198,3.6479742527008057,-1.2861529588699341,-0.80355805158615112,4.5155172348022461,1.295773983001709,0.215974353617,0.0438543427955,6.3248617337836645e-07,0,3.1624308668918322e-07,39,1,1,1,0,0
719,4,-0.69889318943023682,-0.4661923348903656,2.1882836818695068,-0.26718544960021973,4.5300126075744629,-3.5110743045806885,0.0173271116077,0.0424151845908,5.4832155325489492e-07,0,2.7416077662744746e-07,12,1,1,1,0,0
720,8,-2.241412878036499,-1.2658786773681641,-1.9358233213424683,-5.9183444976806641,-0.91789537668228149,2.8253786563873291,0.0688074527602,0.0397887878203,4.869888136380744e-07,0,2.434944068190372e-07,10,1,1,1,0,0
721,11,1.3724379539489746,2.8448004722595215,-0.74503076076507568,4.7776627540588379,4.4735865592956543,5.6146750450134277,1.6224287543,0.0471299142334,3.3089000533670192e-06,0,1.6544500266835096e-06,19,1,1,1,0,0
722,13,5.8994102478027344,-4.2660031318664551,2.7148644924163818,-1.578006386756897,3.4872589111328125,-3.3364639282226562,1.00753662095,0.390093513486,4.7369661208656282e-05,0,2.3684830604328141e-05,13,1,1,1,0,0
723,10,-2.3258976936340332,0.23442153632640839,2.6661159992218018,-3.2458553314208984,2.3137824535369873,0.40158540010452271,0.176685341668,0.0283805592635,2.7657368232938439e-07,0,1.3828684116469219e-07,8,1,1,1,0,0
724,11,5.2161087989807129,-4.4249038696289062,0.29385441541671753,3.0951237678527832,-4.4023675918579102,5.482079029083252,0.96069930127,0.0335956676129,1.266755350197118e-06,0,6.3337767509855901e-07,18,1,1,1,0,0
725,15,1.7130222320556641,4.1717429161071777,-2.6678812503814697,-2.9501402378082275,-4.7292428016662598,2.8942818641662598,0.201891641283,0.0633166465376,1.2619707788889745e-06,0,6.3098538944448723e-07,18,1,1,1,0,0
726,7,2.0847301483154297,1.3980933427810669,-1.7118583917617798,0.31043532490730286,-5.4355764389038086,-0.35909950733184814,0.0951396498758,0.207396978348,1.3111714957983477e-05,0,6.5558574789917387e-06,19,1,1,1,0,0
727,8,-5.5340714454650879,0.88765436410903931,-1.2899377346038818,5.4407391548156738,-4.9248356819152832,3.6846747398376465,0.0841656693943,0.110146027872,3.7027473144421889e-06,0,1.8513736572210945e-06,9,1,1,1,0,0
728,10,-3.8947117328643799,-0.11747658997774124,0.024498933926224709,3.9045166969299316,1.1957452297210693,1.5830334424972534,4.45137090763,0.00421374138332,1.9820111627371206e-05,0,9.9100558136856028e-06,23,1,1,1,0,0
729,6,-2.8109710216522217,0.90770441293716431,0.81915283203125,-3.0845441818237305,2.7583425045013428,1.5120779275894165,0.177781738751,0.00467272123546,3.8257461994976696e-08,0,1.9128730997488348e-08,29,1,1,1,0,0
730,6,4.2839493751525879,-5.0105433464050293,-0.59448367357254028,0.0322735495865345,-3.3601310253143311,3.6604611873626709,0.263685070526,0.326290945145,3.2500861284820791e-05,0,1.6250430642410395e-05,13,1,1,1,0,0
731,1,-0.93568408489227295,1.4880627393722534,0.14273083209991455,-1.7102042436599731,-4.0808167457580566,-0.34866994619369507,36.2900605226,2.76511160448,0.0036460252112909381,0,0.001823012605645469,60,0,0,0,0,3
732,7,3.0503008365631104,0.9718698263168335,0.0013921022182330489,-0.35108521580696106,-2.3235878944396973,-2.3229563236236572,44.9619231009,0.0272103102967,0.002021800067966074,0,0.001010900033983037,60,0,0,0,0,3
733,14,2.3489699363708496,-4.4558711051940918,-0.17786000669002533,-0.43216463923454285,4.6967754364013672,-1.5028907060623169,1.24569006086,0.0167815631864,1.6375303483625775e-06,0,8.1876517418128875e-07,31,1,1,1,0,0
734,3,-5.5294632911682129,4.7923340797424316,2.1549794673919678,-2.3803567886352539,1.6607470512390137,3.711378812789917,0.0146752485754,0.0293927640621,2.6338488530378334e-07,0,1.3169244265189167e-07,22,1,1,1,0,0
735,15,3.06974196434021,0.089364014565944672,2.6053402423858643,-1.6142385005950928,4.387965202331543,5.0938882827758789,2.51863447928,0.166575709551,1.4795881447189257e-05,0,7.3979407235946285e-06,28,1,1,1,0,0
736,7,-3.7104949951171875,-0.17820703983306885,1.7412030696868896,4.3350996971130371,-2.6675539016723633,2.3746702671051025,0.452478745882,0.0168128864873,2.9084418169041809e-07,0,1.4542209084520905e-07,34,1,1,1,0,0
737,4,-0.34020736813545227,2.7552471160888672,2.4695961475372314,-5.7123880386352539,1.3755521774291992,-1.4678016901016235,0.0538403884942,0.00439937930556,8.7945169434510699e-09,0,4.3972584717255349e-09,12,1,1,1,0,0
738,6,-3.5177738666534424,-3.0580589771270752,2.6441171169281006,2.5808954238891602,3.7938544750213623,4.4839935302734375,0.280412757718,0.0510803758459,8.7344054751415428e-07,0,4.3672027375707714e-07,47,1,1,1,0,0
739,3,-2.1081712245941162,1.4069874286651611,2.3564736843109131,0.91972392797470093,-4.7528567314147949,-5.7779417037963867,1.3445079878,0.00136275308271,1.8082674330472338e-06,0,9.0413371652361689e-07,17,1,1,1,0,0
740,4,2.5355477333068848,-3.852609395980835,2.258976936340332,-6.1477169990539551,1.7740753889083862,2.1197199821472168,0.108992318007,0.00424140907332,1.7359255971113763e-08,0,8.6796279855568817e-09,17,1,1,1,0,0
741,9,2.6848742961883545,0.17214407026767731,-2.7458891868591309,-4.2307310104370117,-3.9341540336608887,2.871912956237793,0.112475358952,0.0102064848835,4.4383413869111785e-08,0,2.2191706934555892e-08,13,1,1,1,0,0
742,14,6.0444850921630859,-0.37042137980461121,-1.3901454210281372,-2.9068446159362793,5.0505518913269043,2.0173234939575195,0.421994922396,0.00565796630291,1.8783130486607615e-07,0,9.3915652433038077e-08,8,1,1,1,0,0
743,14,1.2065924406051636,2.8549933433532715,0.64078682661056519,4.2030010223388672,4.7128491401672363,0.63773119449615479,0.428462519464,0.166024753863,8.5801213689231844e-06,0,4.2900606844615922e-06,46,1,1,1,0,0
744,7,-0.21239197254180908,-2.5478866100311279,0.94804996252059937,3.1272776126861572,-1.2647340297698975,0.59666955471038818,0.64723919771,0.182969199683,1.0616817712644981e-05,0,5.3084088563224907e-06,34,1,1,1,0,0
745,3,-3.4378988742828369,-1.6810290813446045,1.5000460147857666,0.98206973075866699,-1.5634322166442871,4.2156362533569336,0.0670558109479,0.0170897902227,9.3463328654730362e-08,0,4.6731664327365181e-08,30,1,1,1,0,0
746,2,-1.3497194051742554,1.0566415786743164,1.6731835603713989,-2.8449273109436035,-0.50891464948654175,5.8919515609741211,0.0358291968629,0.0335872706106,3.4492408864944716e-07,0,1.7246204432472358e-07,25,1,1,1,0,0
747,13,4.5801172256469727,-4.6080212593078613,-1.1396312713623047,-0.61797875165939331,3.7078020572662354,3.0280482769012451,1.87476919353,0.0583815733281,4.5530200113155089e-06,0,2.2765100056577544e-06,47,1,1,1,0,0
748,6,5.1321578025817871,-0.56333404779434204,2.4986019134521484,-0.88450932502746582,4.4243106842041016,-3.6483280658721924,0.151899191078,0.00536259600239,3.1833380168934507e-08,0,1.5916690084467254e-08,17,1,1,1,0,0
749,2,-2.7020690441131592,3.125164270401001,-2.7478129863739014,1.1934788227081299,4.6509819030761719,-1.8631018400192261,0.139268602331,0.0136523626786,7.6172472660397715e-08,0,3.8086236330198857e-08,17,1,1,1,0,0
750,4,3.8368678092956543,-1.0384411811828613,2.1719636917114258,-5.1834955215454102,5.0800871849060059,-2.810185432434082,0.0471351630752,0.025275036078,1.9681969272374964e-07,0,9.8409846361874819e-08,11,1,1,1,0,0
751,15,-5.9920353889465332,-4.7681779861450195,2.0475752353668213,5.3220758438110352,-2.438795804977417,-3.8580729961395264,0.050876900403,0.011588785303,4.3498561656616043e-08,0,2.1749280828308022e-08,9,1,1,1,0,0
752,12,-2.4225311279296875,2.628648042678833,2.2565922737121582,-2.1664590835571289,3.8713374137878418,-1.1238850355148315,0.0766414605934,0.0140688466665,6.6167584634483979e-08,0,3.308379231724199e-08,9,1,1,1,0,0
753,13,-4.4424128532409668,-5.2948179244995117,2.9250094890594482,-3.5410029888153076,3.8610079288482666,-0.012062428519129753,0.0523020804307,0.818947490069,0.00020430202093097086,0,0.00010215101046548543,39,1,1,1,0,0
754,13,1.3133152723312378,2.4923882484436035,-2.2038335800170898,-1.7158468961715698,2.1537957191467285,-2.7275376319885254,0.187795671965,0.014099334075,9.582248333495922e-08,0,4.791124166747961e-08,26,1,1,1,0,0
755,13,3.3606066703796387,-5.1967658996582031,1.9393718242645264,5.300389289855957,-1.5351234674453735,-1.7928065061569214,0.119626927343,0.0428827888623,5.7448180423010701e-07,0,2.872409021150535e-07,13,1,1,1,0,0
756,9,-2.935715913772583,3.9691925048828125,1.2154436111450195,-4.1831941604614258,5.0233402252197266,-1.9928666353225708,0.0445330395068,0.00720771838678,1.7808433429549944e-08,0,8.9042167147749722e-09,7,1,1,1,0,0
757,7,2.2776012420654297,-5.9194016456604004,2.8006236553192139,-6.2831854820251465,-4.0376944541931152,2.9501879215240479,23.7463497519,0.494550277512,0.0006383924480591062,0.0075690304231580538,0.00054626713672429467,60,1,0,0,1,2
758,10,-1.8764773607254028,-4.8054218292236328,0.87364447116851807,1.2456523180007935,-3.6800532341003418,-0.74541562795639038,0.084523731877,0.118664715911,4.2965580435216749e-06,0,2.1482790217608375e-06,15,1,1,1,0,0
759,12,4.5023460388183594,2.3013732433319092,-2.5482447147369385,-1.3046458959579468,2.0770032405853271,0.63492774963378906,0.496862365866,0.00850086283454,2.6888528760564981e-07,0,1.3444264380282491e-07,20,1,1,1,0,0
760,15,2.3615806102752686,-2.0090341567993164,2.2755177021026611,4.6127862930297852,4.1616277694702148,-3.5010302066802979,0.0695868100814,0.00983714446311,3.4319972487703409e-08,0,1.7159986243851705e-08,5,1,1,1,0,0
761,12,-0.38378578424453735,5.1256833076477051,-1.0320359468460083,-1.2279512882232666,1.2822777032852173,-2.0262899398803711,0.0604095596313,0.00143324226667,4.2750549403881244e-09,0,2.1375274701940622e-09,13,1,1,1,0,0
762,12,-4.2163562774658203,4.0080966949462891,1.3561924695968628,2.8179934024810791,-0.29459553956985474,5.9804315567016602,0.147999223101,0.0318844025179,3.3158244600438042e-07,0,1.6579122300219021e-07,32,1,1,1,0,0
763,15,-4.610020637512207,-2.7690048217773438,-0.3420596718788147,5.2773165702819824,-1.91344153881073,0.98877370357513428,2.76405426186,0.699360996023,0.00015663014360157827,0,7.8315071800789135e-05,40,1,1,1,0,0
764,9,-1.2466719150543213,-2.0011475086212158,-0.643096923828125,4.998380184173584,4.8558835983276367,-3.1809651851654053,0.590535271795,0.0955697150137,3.1309765643922591e-06,0,1.5654882821961296e-06,30,1,1,1,0,0
765,0,-2.4324190616607666,4.8861603736877441,0.27031543850898743,1.4104166030883789,4.3616514205932617,4.5396418571472168,1.05266185167,0.0201619511649,1.231925257266566e-06,0,6.1596262863328299e-07,8,1,1,1,0,0
766,9,-1.7070353031158447,-4.3916068077087402,-2.4407598972320557,-0.8690643310546875,-4.4840359687805176,0.42897671461105347,0.0485731920601,0.000883021510877,2.5968734103389034e-09,0,1.2984367051694517e-09,16,1,1,1,0,0
767,0,-1.348772406578064,0.28945732116699219,-2.636028528213501,4.2733736038208008,-3.5834481716156006,-4.8133816719055176,0.0621472114562,0.80121028738,0.00019554933653208355,0,9.7774668266041776e-05,18,1,1,1,0,0
768,6,-2.512244701385498,2.4765713214874268,-0.64284360408782959,-1.7131341695785522,4.6055617332458496,3.6925084590911865,0.0794184765268,0.942667093155,0.00027069581918567399,0,0.00013534790959283699,35,1,1,1,0,0
769,12,2.2186653614044189,-0.24000720679759979,-1.5718216896057129,3.7859013080596924,-1.782403826713562,-0.58423101902008057,0.168837706827,0.00482109717046,3.5586387210991248e-08,0,1.7793193605495624e-08,19,1,1,1,0,0
770,9,0.42564237117767334,3.5276868343353271,-2.9845740795135498,5.9331855773925781,-2.2007298469543457,5.1755805015563965,95.0279425133,3.60539219601,0.01298998688495248,0,0.0064949934424762398,60,0,0,0,0,3
771,3,-4.0147557258605957,-3.5055160522460938,-2.9649670124053955,1.3220071792602539,-1.9657608270645142,5.2444067001342773,0.159898201967,0.00116193102206,2.5978694005456784e-08,0,1.2989347002728392e-08,14,1,1,1,0,0
772,2,-4.5506162643432617,-0.8154035210609436,-0.6661410927772522,-4.4714980125427246,4.6959872245788574,6.0345587730407715,0.192694313222,0.000391105691377,3.7177693743977686e-08,0,1.8588846871988843e-08,16,1,1,1,0,0
773,3,0.087595619261264801,2.413921594619751,-2.6740086078643799,4.8604378700256348,1.8930084705352783,-1.2578638792037964,0.137412082581,0.00541539848361,2.7815455609601275e-08,0,1.3907727804800637e-08,40,1,1,1,0,0
774,15,2.8399958610534668,4.2578625679016113,-1.8079044818878174,-3.3092494010925293,-4.5019283294677734,1.1294273138046265,0.0179661707705,0.00341859790735,3.8827897031571936e-09,0,1.9413948515785968e-09,18,1,1,1,0,0
775,14,-0.53860276937484741,4.1914210319519043,2.5275156497955322,-4.8993062973022461,-1.5505681037902832,-4.0484147071838379,0.267970193322,0.00439067707803,7.7680452897296216e-08,0,3.8840226448648108e-08,22,1,1,1,0,0
776,7,3.9990694522857666,-0.1898190826177597,1.1986695528030396,3.4342422485351562,1.5698951482772827,0.72619497776031494,0.312658362028,0.00104629511361,9.8088726229552067e-08,0,4.9044363114776034e-08,19,1,1,1,0,0
777,0,-1.7785087823867798,-5.9019231796264648,-1.6859689950942993,2.3103766441345215,3.8722741603851318,-2.379199743270874,0.0546622124181,0.0781741531465,1.8645653911007493e-06,0,9.3228269555037466e-07,24,1,1,1,0,0
778,13,4.8703985214233398,-1.2594366073608398,1.9747434854507446,5.6031351089477539,-0.95878952741622925,-4.8472809791564941,0.0234401551783,0.0720579845332,1.5822306554753102e-06,0,7.911153277376551e-07,38,1,1,1,0,0
779,14,1.1395447254180908,1.7394315004348755,1.1717677116394043,4.5698227882385254,-1.8778605461120605,0.43529212474822998,0.577979255253,0.129968872598,5.4796294023431218e-06,0,2.7398147011715609e-06,14,1,1,1,0,0
780,3,1.5810686349868774,-3.2867691516876221,1.8640326261520386,-3.7344410419464111,-1.2224053144454956,0.60601359605789185,0.0579854538834,0.00752452508141,2.0609287451547181e-08,0,1.0304643725773591e-08,32,1,1,1,0,0
781,4,-4.2148122787475586,3.999321460723877,2.3059051036834717,2.2439146041870117,1.1744894981384277,-0.45706716179847717,1.04606577972,0.0455300825876,1.7257219993732297e-06,0,8.6286099968661487e-07,6,1,1,1,0,0
782,11,6.0377821922302246,2.4286010265350342,-0.45141562819480896,-1.9357990026473999,1.0580275058746338,3.2992823123931885,0.630700612544,0.00602755876835,4.0885045969945274e-07,0,2.0442522984972637e-07,7,1,1,1,0,0
783,7,-5.0623950958251953,-2.4006481170654297,1.1181387901306152,-2.781672477722168,-0.9747275710105896,0.56105619668960571,0.0435302580286,0.00365449377011,5.9631479193654332e-09,0,2.9815739596827166e-09,31,1,1,1,0,0
784,6,-4.8324761390686035,3.1202065944671631,-2.54477858543396,1.4586269855499268,4.7780656814575195,-0.12909625470638275,0.0377926051432,0.242756126339,1.7952696370479974e-05,0,8.976348185239987e-06,28,1,1,1,0,0
785,3,-2.4461970329284668,-3.1850447654724121,-1.7761503458023071,-5.8363385200500488,4.6881380081176758,4.7048282623291016,0.55697365397,0.185154465261,1.0753167650835351e-05,0,5.3765838254176757e-06,14,1,1,1,0,0
786,3,5.0692958831787109,5.885890007019043,2.2241232395172119,2.9199790954589844,0.75260043144226074,0.12691034376621246,0.157897332938,0.0313691783129,3.2468283026934093e-07,0,1.6234141513467046e-07,26,1,1,1,0,0
787,8,1.5640150308609009,-5.3573637008666992,-2.3153719902038574,-6.0512409210205078,2.9359498023986816,2.9688189029693604,1.90244988389,0.166815705198,1.2096050565362484e-05,0,6.0480252826812419e-06,31,1,1,1,0,0
788,1,-0.7701757550239563,4.7026200294494629,-2.0072915554046631,5.7096753120422363,-3.7664802074432373,-3.227123498916626,1.33044243557,0.0711222048344,3.3109440891044363e-06,0,1.6554720445522181e-06,38,1,1,1,0,0
789,8,-3.1744115352630615,-0.43692147731781006,0.061633426696062088,4.0283093452453613,2.1996254920959473,1.4709770679473877,4.96583561693,0.115322641393,2.8710725364360263e-05,0,1.4355362682180131e-05,16,1,1,1,0,0
790,8,-0.80088913440704346,3.8284082412719727,-2.2997078895568848,-3.1102156639099121,1.1921898126602173,-1.1195969581604004,1.25049635213,0.093075555997,4.2026598445369588e-06,0,2.1013299222684794e-06,7,1,1,1,0,0
791,4,-2.4753344058990479,2.8745603561401367,0.80505120754241943,1.4782789945602417,1.4888496398925781,0.492645263671875,0.180594420018,0.0290606048741,2.8986946884938581e-07,0,1.449347344246929e-07,10,1,1,1,0,0
792,0,1.9248658418655396,3.1501946449279785,1.2806638479232788,-3.0176002979278564,-3.2477772235870361,-6.1676349639892578,0.029037396472,0.0713667063459,1.5523226765311276e-06,0,7.761613382655638e-07,30,1,1,1,0,0
793,6,3.334434986114502,6.1900448799133301,0.21108053624629974,0.46902939677238464,5.4004669189453125,-1.5061396360397339,2.39787882326,0.381815771554,5.0157950490591224e-05,0,2.5078975245295612e-05,15,1,1,1,0,0
794,3,3.7249126434326172,-5.268221378326416,-1.8971501588821411,1.5972342491149902,-4.9438676834106445,0.70181733369827271,0.0740607757187,0.0969059221749,2.8660733949263739e-06,0,1.433036697463187e-06,7,1,1,1,0,0
795,5,-0.027916830033063889,4.6149225234985352,-0.81890523433685303,3.9008357524871826,-1.335423469543457,-4.4634137153625488,0.272189598315,0.000975435253274,7.4377012965350886e-08,0,3.7188506482675443e-08,17,1,1,1,0,0
796,0,1.6300771236419678,-0.057867884635925293,-1.5301769971847534,-2.6026263236999512,4.3900814056396484,-0.27336901426315308,0.104380383932,0.0300458677125,2.8588990948054843e-07,0,1.4294495474027422e-07,29,1,1,1,0,0
797,2,-0.19107261300086975,-1.4425302743911743,-2.0988361835479736,-4.6603360176086426,-4.2122626304626465,4.928736686706543,1.32125861408,0.0249353741373,1.9351271767148757e-06,0,9.6756358835743785e-07,9,1,1,1,0,0
798,9,5.8074007034301758,-2.902338981628418,1.0774511098861694,-2.2460930347442627,-1.8499093055725098,1.7924426794052124,0.602163815706,0.00711697440111,3.7803053676185239e-07,0,1.890152683809262e-07,51,1,1,1,0,0
799,1,-5.6899633407592773,1.8588187694549561,-2.0008614063262939,-2.5884959697723389,1.9959096908569336,4.5737171173095703,0.0338378261883,0.00313488788863,4.1386328983181262e-09,0,2.0693164491590631e-09,12,1,1,1,0,0
800,13,-0.76614350080490112,3.1771180629730225,-1.2644320726394653,5.374824047088623,5.083430290222168,2.8610975742340088,0.0474634929356,0.0102210072934,3.4075857371360007e-08,0,1.7037928685680004e-08,17,1,1,1,0,0
801,4,5.1258106231689453,3.2408099174499512,-1.1816960573196411,4.1047549247741699,2.4704270362854004,-5.2833170890808105,0.693517833095,0.0528595757234,1.3321091015783033e-06,0,6.6605455078915164e-07,28,1,1,1,0,0
802,1,4.2847552299499512,-2.7502543926239014,-1.3289352655410767,-0.88934230804443359,4.5873136520385742,-3.5820975303649902,0.0107158960426,0.250572311203,1.9125971322475164e-05,0,9.5629856612375819e-06,14,1,1,1,0,0
803,15,0.22087889909744263,-2.4757344722747803,-2.431865930557251,3.57281494140625,2.0690209865570068,4.9010376930236816,0.115449972757,0.181501268377,1.0048252145888009e-05,0,5.0241260729440043e-06,13,1,1,1,0,0
804,11,-2.0103018283843994,-3.1903884410858154,2.0177559852600098,-0.22418846189975739,2.1257383823394775,6.0103559494018555,0.283710821145,0.0113356614958,1.19634322112033e-07,0,5.98171610560165e-08,41,1,1,1,0,0
805,5,-5.1433134078979492,-3.0826995372772217,-0.21777299046516418,-1.0579928159713745,5.9080810546875,-0.23264865577220917,36.0514787559,0.0172045329696,0.0012997992860136552,0,0.00064989964300682759,60,0,0,0,0,3
806,11,1.9482145309448242,-0.45080497860908508,-2.3201057910919189,1.155200719833374,1.1187406778335571,2.6173114776611328,0.803580137934,0.0274606643194,8.7544940478442745e-07,0,4.3772470239221372e-07,15,1,1,1,0,0
807,4,2.9849140644073486,0.98167937994003296,-0.055490858852863312,-0.46382325887680054,-2.1321229934692383,-1.6402089595794678,121.545035558,0.488135510163,0.01484577877322573,0,0.0074228893866128652,60,0,0,0,0,3
808,3,-5.7275185585021973,-1.7398514747619629,1.1740307807922363,-1.2189319133758545,1.7074893712997437,-2.6948404312133789,0.126201426165,0.0158115542814,9.2082753786741614e-08,0,4.6041376893370807e-08,12,1,1,1,0,0
809,14,5.553532600402832,1.3380060195922852,-1.6472477912902832,1.6311937570571899,-1.8502726554870605,-4.1232976913452148,0.0509431059933,0.165051508224,8.3009830616416411e-06,0,4.1504915308208205e-06,7,1,1,1,0,0
810,1,-1.1622771024703979,-1.9625988006591797,2.627488374710083,5.5150723457336426,2.2976319789886475,-1.4729645252227783,0.294020153664,0.0127976742173,1.3633823353362095e-07,0,6.8169116766810474e-08,12,1,1,1,0,0
811,11,-3.5547819137573242,-1.8748010396957397,-1.531728982925415,-0.18440844118595123,-1.9220199584960938,5.8447952270507812,0.0223979439774,0.00487136836398,7.7303092480299028e-09,0,3.8651546240149514e-09,10,1,1,1,0,0
812,2,-4.9282841682434082,-3.1450538635253906,2.7431948184967041,-5.8691496849060059,-2.0958623886108398,-1.9671961069107056,0.474786855329,0.0165808726761,3.0916960530230093e-07,0,1.5458480265115046e-07,55,1,1,1,0,0
813,9,3.0583736896514893,-2.7166194915771484,1.5842808485031128,-4.3092408180236816,-1.2175415754318237,-2.4753754138946533,0.0210053229199,0.0690969990997,1.454805196222209e-06,0,7.2740259811110448e-07,18,1,1,1,0,0
814,5,-2.018559455871582,-3.2740731239318848,-2.7719099521636963,-3.9785099029541016,4.4315729141235352,-3.0075364112854004,0.117012359309,0.0127435505717,6.3161176696723386e-08,0,3.1580588348361693e-08,9,1,1,1,0,0
815,0,1.2120290994644165,-2.1536448001861572,-1.3958591222763062,-1.9901070594787598,3.5041077136993408,4.9840550422668457,0.222325283181,0.00281534943455,5.1842987830873824e-08,0,2.5921493915436912e-08,15,1,1,1,0,0
816,8,-2.0853276252746582,4.587214469909668,-0.35456258058547974,-0.93722975254058838,4.8413090705871582,-3.0556015968322754,0.20181129318,0.250462128626,1.9149767804592789e-05,0,9.5748839022963945e-06,46,1,1,1,0,0
817,6,5.902745246887207,-1.8322136402130127,0.83175301551818848,5.6912631988525391,1.3861933946609497,-0.97015845775604248,0.11703721446,0.0461521211337,6.6253838368637167e-07,0,3.3126919184318583e-07,18,1,1,1,0,0
818,9,4.2985401153564453,-2.2276360988616943,-2.3398363590240479,0.43841123580932617,-1.9703031778335571,-2.9625344276428223,0.119226682622,0.00288178753339,1.6744757948637015e-08,0,8.3723789743185075e-09,17,1,1,1,0,0
819,1,5.8521099090576172,2.6771218776702881,-3.0231091976165771,-0.70384430885314941,1.9817419052124023,-0.78826510906219482,0.219734794818,0.0820319309567,2.0981264042889212e-06,0,1.0490632021444606e-06,30,1,1,1,0,0
820,4,-0.18009524047374725,-4.5979828834533691,2.6571280956268311,-1.8793246746063232,-1.4294885396957397,-4.7929730415344238,0.0510923250867,0.026949079156,2.23839700249436e-07,0,1.11919850124718e-07,33,1,1,1,0,0
821,12,-0.60809272527694702,0.14916762709617615,-1.0929137468338013,3.4209518432617188,-1.7364983558654785,-4.3767194747924805,0.146056524619,0.0849060403114,2.2173303567881992e-06,0,1.1086651783940996e-06,30,1,1,1,0,0
822,8,1.7782585620880127,-2.0757818222045898,0.85614097118377686,3.2541232109069824,-2.1750094890594482,4.5383429527282715,0.115432818193,3.04414762912e-06,1.3324738338874406e-08,0,6.6623691694372031e-09,30,1,1,1,0,0
823,6,4.8129749298095703,0.57413095235824585,-2.2558743953704834,3.2146735191345215,4.8566865921020508,-3.3601105213165283,0.85442733687,0.00905825010617,7.5504051052985994e-07,0,3.7752025526492997e-07,9,1,1,1,0,0
824,9,-1.721588134765625,4.6579322814941406,-1.7561826705932617,3.5262887477874756,-3.0102818012237549,-4.671785831451416,0.0995137397297,0.00236950753058,1.1613278984086644e-08,0,5.8066394920433219e-09,9,1,1,1,0,0
825,6,-4.9092774391174316,4.8110737800598145,-1.4970821142196655,1.0753986835479736,2.2277002334594727,2.7022914886474609,0.396006248942,0.0166995301424,2.4177092103686359e-07,0,1.208854605184318e-07,21,1,1,1,0,0
826,5,-1.2289146184921265,1.559270977973938,1.0253100395202637,4.9757184982299805,4.5696086883544922,-3.5284676551818848,0.482120711057,0.000549632340092,2.3253240364512842e-07,0,1.1626620182256421e-07,20,1,1,1,0,0
827,7,-5.212557315826416,5.0293526649475098,2.6757218837738037,0.47102081775665283,-3.7702436447143555,-0.31915572285652161,0.0652312873272,0.00430632129018,9.9040690562500843e-09,0,4.9520345281250421e-09,12,1,1,1,0,0
828,7,-5.7818684577941895,5.7141475677490234,2.7380421161651611,-4.0048055648803711,1.6389018297195435,3.6513442993164062,0.089334623459,0.0204277669758,1.3509559405294598e-07,0,6.7547797026472991e-08,18,1,1,1,0,0
829,11,-5.6438884735107422,5.9889354705810547,0.20807074010372162,5.0816917419433594,-4.3430848121643066,-2.1848998069763184,0.66220693313,0.313255021606,3.0330232031245047e-05,0,1.5165116015622524e-05,20,1,1,1,0,0
830,4,1.5212938785552979,-4.7678518295288086,0.9610515832901001,-2.3897144794464111,-4.624229907989502,-3.8999226093292236,0.230187266475,0.0450205982723,6.7040129529122772e-07,0,3.3520064764561386e-07,12,1,1,1,0,0
831,5,3.3512725830078125,4.1234579086303711,-2.6423044204711914,0.63101297616958618,4.4723992347717285,4.3042283058166504,0.0451365080984,0.178010968554,9.6547251412297142e-06,0,4.8273625706148571e-06,20,1,1,1,0,0
832,7,-5.9053254127502441,-4.023780345916748,-0.84657156467437744,3.9544801712036133,-4.0213942527770996,5.0860104560852051,0.0479997496454,0.0523422072529,8.3686634974113349e-07,0,4.1843317487056675e-07,14,1,1,1,0,0
833,8,0.75409990549087524,0.46734887361526489,2.3497986793518066,-3.0777280330657959,-4.1581053733825684,-2.1785783767700195,1.48410491052,0.0471927071982,2.880996563162845e-06,0,1.4404982815814225e-06,28,1,1,1,0,0
834,5,3.6517345905303955,-1.7942076921463013,1.4494889974594116,1.9599974155426025,-1.9653692245483398,-1.9713726043701172,0.227045159157,0.0181405378799,1.5179273508286648e-07,0,7.5896367541433242e-08,20,1,1,1,0,0
835,3,4.5401673316955566,0.81179040670394897,-2.0755147933959961,-1.0765517950057983,1.9143363237380981,5.6684708595275879,0.610648191198,0.0436903735673,9.5435979210125661e-07,0,4.7717989605062831e-07,54,1,1,1,0,0
836,0,4.6389856338500977,-4.3657712936401367,1.9288564920425415,3.5297727584838867,5.4469027519226074,-2.571873664855957,0.102095553604,0.0260517224587,2.171649819773391e-07,0,1.0858249098866955e-07,20,1,1,1,0,0
837,6,-2.1797020435333252,-1.1499978303909302,-1.3424834012985229,-3.0264101028442383,4.7237691879272461,-2.7630667686462402,1.10603757112,0.113644382294,5.1574669840672432e-06,0,2.5787334920336216e-06,16,1,1,1,0,0
838,0,-5.571387767791748,-1.6027214527130127,1.2333199977874756,-4.375124454498291,-2.2454075813293457,0.99987727403640747,0.0490447348674,0.00465435633004,9.0043231888225759e-09,0,4.502161594411288e-09,41,1,1,1,0,0
839,14,2.0869178771972656,-3.5628237724304199,-1.7005374431610107,0.79926604032516479,4.8868570327758789,-0.55269008874893188,0.215060677788,0.0206113014637,1.7566041835315663e-07,0,8.7830209176578315e-08,39,1,1,1,0,0
840,11,1.1219593286514282,-1.2141877412796021,-2.1655821800231934,-3.859325647354126,-4.8647937774658203,-0.87921088933944702,0.0629746893754,0.000602036872353,4.0762195970202813e-09,0,2.0381097985101406e-09,14,1,1,1,0,0
841,0,0.21532900631427765,-5.6719493865966797,-1.9672569036483765,5.7791872024536133,2.3734655380249023,4.2990703582763672,0.0654653030172,0.00928762169187,3.0561979152629543e-08,0,1.5280989576314771e-08,19,1,1,1,0,0
842,0,-5.6716547012329102,2.654181957244873,-1.3403620719909668,-0.26050502061843872,4.1540117263793945,1.0110853910446167,0.051241650693,0.00739446994293,1.9281634623538863e-08,0,9.6408173117694316e-09,14,1,1,1,0,0
843,3,-2.9138314723968506,2.2477238178253174,-0.87371248006820679,0.12822984158992767,-1.4649384021759033,-1.9512796401977539,0.243293712137,0.0398522195131,5.4298503373696806e-07,0,2.7149251686848403e-07,12,1,1,1,0,0
844,11,-1.4748404026031494,1.9057313203811646,-2.5967073440551758,4.5411629676818848,1.9268132448196411,-6.0749678611755371,0.105006487558,0.012324384187,5.7294838055120615e-08,0,2.8647419027560308e-08,23,1,1,1,0,0
845,0,5.1714048385620117,1.1848511695861816,-2.180138111114502,3.5455925464630127,-4.7152667045593262,-2.2895128726959229,0.0276215349423,0.0070545800383,1.5922874637636085e-08,0,7.9614373188180427e-09,11,1,1,1,0,0
846,2,4.8591570854187012,2.5407657623291016,-2.8524868488311768,4.0571508407592773,1.9813578128814697,-2.2550685405731201,0.0130158836274,0.568780894884,9.8547470683030139e-05,0,4.927373534151507e-05,44,1,1,1,0,0
847,14,1.0648883581161499,-1.3356337547302246,2.5283045768737793,-2.8605289459228516,1.605803370475769,-2.4962320327758789,0.159465249007,0.00182242429138,2.6440870244651573e-08,0,1.3220435122325787e-08,20,1,1,1,0,0
848,3,-1.6171861886978149,-4.1358437538146973,1.1329718828201294,2.5902340412139893,2.3907442092895508,1.1850402355194092,0.0143506009283,0.00192487607086,1.3345923366257528e-09,0,6.6729616831287638e-10,8,1,1,1,0,0
849,5,-1.4843282699584961,-1.6551884412765503,-1.2204363346099854,-1.3885586261749268,5.466489315032959,-3.3210616111755371,0.0598593870875,0.0122937373313,4.9621797746826029e-08,0,2.4810898873413014e-08,15,1,1,1,0,0
850,13,1.2175896167755127,5.6481480598449707,-0.90595138072967529,0.69764918088912964,1.1030964851379395,2.8609657287597656,0.0715305179822,0.00511189455112,1.307671472103336e-08,0,6.5383573605166801e-09,56,1,1,1,0,0
851,15,1.0395004749298096,-4.2851309776306152,2.0053870677947998,2.1970570087432861,-4.489898681640625,4.778444766998291,0.613457306228,0.0180720198869,4.7581727702062092e-07,0,2.3790863851031046e-07,5,1,1,1,0,0
852,8,1.646270751953125,-0.69944608211517334,-2.2768580913543701,0.73976391553878784,-3.7770521640777588,3.3629112243652344,2.57047780226,0.566273036515,0.00010428754731416778,0,5.2143773657083891e-05,18,1,1,1,0,0
853,3,-3.17014479637146,4.4553275108337402,-2.5679502487182617,3.6621847152709961,1.4942523241043091,0.8935849666595459,0.021077565857,0.0158352979506,7.6829110907016692e-08,0,3.8414555453508346e-08,15,1,1,1,0,0
854,7,0.60084414482116699,4.6536445617675781,0.81474655866622925,2.531898021697998,4.3555121421813965,1.1930174827575684,0.0726719990117,0.00207695827183,6.5952645599921156e-09,0,3.2976322799960578e-09,24,1,1,1,0,0
855,7,-4.8522548675537109,-0.80620384216308594,0.23449432849884033,4.5875229835510254,1.5343475341796875,2.7311093807220459,2.85081762581,0.00629482676399,8.1392315533522737e-06,0,4.0696157766761369e-06,12,1,1,1,0,0
856,10,1.5458059310913086,-3.3040940761566162,1.720023512840271,-0.024893997237086296,-5.2079076766967773,3.1629891395568848,0.108136661394,0.0196705421394,1.2955922524595266e-07,0,6.4779612622976332e-08,29,1,1,1,0,0
857,8,3.0327396392822266,-0.87586909532546997,-1.8631687164306641,4.0895290374755859,4.4809293746948242,5.8208374977111816,0.122917696659,0.00659952418859,2.8375981812917874e-08,0,1.4187990906458937e-08,18,1,1,1,0,0
858,1,-2.992072582244873,2.3612096309661865,-1.0154910087585449,-0.82575792074203491,-3.5732486248016357,-2.5797240734100342,0.464464801503,0.0843362440941,2.382350041727895e-06,0,1.1911750208639475e-06,19,1,1,1,0,0
859,11,-1.7385134696960449,2.1889016628265381,-3.0053024291992188,3.6840741634368896,4.3186335563659668,3.2305073738098145,4.8997168853,0.0703031155736,2.5512805700773699e-05,0,1.275640285038685e-05,28,1,1,1,0,0
860,2,3.8994007110595703,-3.785531759262085,-2.0728483200073242,4.2279767990112305,0.98309493064880371,-5.6475038528442383,0.0645123503264,0.00285091605527,6.6376891569289824e-09,0,3.3188445784644912e-09,19,1,1,1,0,0
861,7,-1.4552236795425415,1.9250789880752563,-2.1208536624908447,-4.6925535202026367,4.0286455154418945,-3.5419955253601074,1.39167984713,0.08842362233,4.3184962835592556e-06,0,2.1592481417796278e-06,49,1,1,1,0,0
862,12,-1.6830718517303467,0.82811391353607178,-1.4358248710632324,-1.9995737075805664,2.2111580371856689,1.2646154165267944,0.0269889639851,0.00200134205172,1.9485096541094e-09,0,9.742548270547e-10,11,1,1,1,0,0
863,13,5.8261113166809082,3.8332836627960205,1.8026666641235352,-5.4925932884216309,-1.6544344425201416,-4.1972360610961914,108.359945095,2.23424937814,0.013262488346681988,0,0.006631244173340994,60,0,0,0,0,3
864,7,0.11863715201616287,-3.1692185401916504,-0.9268876314163208,0.92012327909469604,2.1502203941345215,-2.8090107440948486,0.160327365741,0.00668864277766,3.9332820727137235e-08,0,1.9666410363568617e-08,12,1,1,1,0,0
865,14,3.691364049911499,1.4176149368286133,2.2794404029846191,2.1888706684112549,2.5034885406494141,1.1796442270278931,0.0144731440451,0.0891949456351,2.4236659535236322e-06,0,1.2118329767618161e-06,19,1,1,1,0,0
866,12,-4.4342489242553711,-0.35496553778648376,-1.8200516700744629,-0.049770217388868332,-4.6546878814697266,2.2872576713562012,0.056852837957,0.00414906253653,8.4761487518005484e-09,0,4.2380743759002742e-09,16,1,1,1,0,0
867,1,1.0835673809051514,2.8587315082550049,1.146466851234436,2.9328248500823975,4.3344812393188477,5.9261307716369629,0.0398960986797,0.00331804739361,4.9453654409332167e-09,0,2.4726827204666083e-09,27,1,1,1,0,0
868,6,2.0529482364654541,-0.74614536762237549,-0.98584425449371338,-0.28871133923530579,5.056577205657959,1.8345649242401123,0.0987847909919,0.505006274358,7.7696746319616875e-05,0,3.8848373159808437e-05,20,1,1,1,0,0
869,10,0.20686802268028259,-0.36728999018669128,1.2121260166168213,-5.2580690383911133,4.5831823348999023,0.80881190299987793,0.134231849851,0.221406353023,1.4950599625123305e-05,0,7.4752998125616523e-06,26,1,1,1,0,0
870,5,-3.7905921936035156,-4.2431321144104004,-1.6484271287918091,-5.9893326759338379,-1.672895073890686,-0.99616837501525879,0.0824096785463,0.00265955511668,8.9459852316416021e-09,0,4.472992615820801e-09,22,1,1,1,0,0
871,13,-2.4299221038818359,1.735835075378418,2.7354111671447754,-6.2831854820251465,2.5902013778686523,-4.7360725402832031,2.55207374428,0.453862084715,6.9261463937456458e-05,0.0075690304231580538,0.00026170164466346983,23,1,1,1,1,0
872,5,4.1674013137817383,-1.821556568145752,-1.2931827306747437,1.4886904954910278,-4.829134464263916,0.69577741622924805,0.0528651463324,0.00563007125884,1.245039600879045e-08,0,6.2251980043952248e-09,16,1,1,1,0,0
873,11,-4.3419685363769531,1.0594536066055298,0.065597355365753174,-5.8439764976501465,-1.1279813051223755,5.750302791595459,0.508387365047,0.153182752089,7.4062919242462279e-06,0,3.7031459621231139e-06,16,1,1,1,0,0
874,14,5.122075080871582,-5.0447993278503418,-0.15293824672698975,-1.5664185285568237,2.2272274494171143,-0.5308382511138916,25.0773308416,0.000404777536846,0.00062887257204788003,0,0.00031443628602394002,60,1,0,0,0,2
875,6,2.3636839389801025,-2.5583539009094238,-2.9656062126159668,-5.2603812217712402,4.437403678894043,-0.95421254634857178,0.338871746515,0.00963082335792,1.4308816657418144e-07,0,7.1544083287090719e-08,12,1,1,1,0,0
876,1,-2.4401206970214844,-3.3075923919677734,2.6436283588409424,-5.5441737174987793,1.6188780069351196,-0.40413832664489746,0.154729353857,0.0193334039076,1.3780122644813612e-07,0,6.8900613224068062e-08,6,1,1,1,0,0
877,10,-1.104957103729248,-1.8855234384536743,-2.5828218460083008,-2.1402666568756104,1.8718516826629639,4.8069872856140137,0.215509859391,0.0299340402427,3.1939595313317767e-07,0,1.5969797656658883e-07,21,1,1,1,0,0
878,10,5.8812861442565918,0.81322139501571655,0.53602033853530884,-2.7417383193969727,1.7145020961761475,-0.42125678062438965,0.38201745478,0.141429121283,6.2389547769823797e-06,0,3.1194773884911898e-06,13,1,1,1,0,0
879,10,-2.2299721240997314,-5.7726545333862305,-0.72855067253112793,-4.7073945999145508,-1.4371490478515625,-2.0255534648895264,0.0370409764105,0.209559254077,1.3378670688585193e-05,0,6.6893353442925965e-06,14,1,1,1,0,0
880,10,2.6319131851196289,-4.9548044204711914,2.2877922058105469,1.1567821502685547,2.5770823955535889,-5.118159294128418,0.198126763636,0.0506717756075,8.2139868765931931e-07,0,4.1069934382965966e-07,15,1,1,1,0,0
881,1,2.330467700958252,-4.5155572891235352,0.99549973011016846,-4.3112673759460449,1.6430429220199585,-3.7626667022705078,0.291194865009,0.0299119096537,3.5734245977870044e-07,0,1.7867122988935022e-07,16,1,1,1,0,0
882,6,0.13097013533115387,5.4714622497558594,-1.8693405389785767,-5.6018157005310059,-2.8436944484710693,1.225590705871582,1.82481816492,0.605204869802,0.00011490307755927318,0,5.745153877963659e-05,27,1,1,1,0,0
883,15,0.17136143147945404,2.0570526123046875,0.54355150461196899,-0.026801658794283867,-1.4956378936767578,0.48436418175697327,0.0155246698562,0.108253708824,3.570011578927435e-06,0,1.7850057894637175e-06,10,1,1,1,0,0
884,8,-5.2106218338012695,4.0897979736328125,-0.44834896922111511,-5.0329856872558594,-4.7955083847045898,3.684798002243042,0.182189919679,9.0698531566e-06,3.3193191891204024e-08,0,1.6596595945602012e-08,17,1,1,1,0,0
885,4,-3.1959731578826904,-5.5472989082336426,-2.1146664619445801,2.1978781223297119,4.6307711601257324,-1.0967515707015991,0.134396444358,0.00413841029702,2.3279416153900129e-08,0,1.1639708076950065e-08,32,1,1,1,0,0
886,7,-2.874028205871582,-0.70951324701309204,-2.3868331909179688,1.6321760416030884,2.8827838897705078,-5.077970027923584,4.50724869521,0.142029661478,2.6460162775476817e-05,0,1.3230081387738409e-05,41,1,1,1,0,0
887,0,0.64741051197052002,-4.2654781341552734,1.9453134536743164,-5.2955279350280762,-4.3968939781188965,4.1619620323181152,0.0557076303617,0.00152433790597,3.8111509605481976e-09,0,1.9055754802740988e-09,11,1,1,1,0,0
888,2,6.0383048057556152,2.4533498287200928,-0.85741490125656128,0.89158391952514648,1.1191136837005615,5.5479249954223633,0.305949251272,0.147759399588,6.7442683825099628e-06,0,3.3721341912549814e-06,10,1,1,1,0,0
889,5,-4.2507824897766113,1.266756534576416,2.859912633895874,-2.6645736694335938,-0.81973826885223389,-0.4292694628238678,0.0297943674858,0.249041517375,1.8893771037518815e-05,0,9.4468855187594077e-06,59,1,1,1,0,0
890,6,4.1420125961303711,-3.0417916774749756,-2.7534322738647461,-2.3705542087554932,-4.7079534530639648,0.058094564825296402,4.24820247339,0.0168638864044,1.8133854605412445e-05,0,9.0669273027062227e-06,18,1,1,1,0,0
891,8,-6.1412014961242676,-2.2960765361785889,1.7280713319778442,1.0754666328430176,4.6189656257629395,1.0961374044418335,2.85530934413,0.275639520055,3.1296753328201584e-05,0,1.5648376664100792e-05,28,1,1,1,0,0
892,7,4.1669387817382812,-4.8881015777587891,-2.530489444732666,2.1624791622161865,4.6942806243896484,-2.7781820297241211,0.459657701933,0.109565714825,3.8681094518120598e-06,0,1.9340547259060299e-06,14,1,1,1,0,0
893,1,-2.0343353748321533,4.886817455291748,-0.554790198802948,3.9250109195709229,5.6034460067749023,-2.2212779521942139,0.0463536467239,0.0789361385152,1.900193595097243e-06,0,9.5009679754862149e-07,26,1,1,1,0,0
894,15,0.15910711884498596,5.092738151550293,-1.338068962097168,1.6395643949508667,1.8132330179214478,-1.8348526954650879,0.713066674162,0.0128218605119,5.5854321820335609e-07,0,2.7927160910167805e-07,15,1,1,1,0,0
895,0,2.5102550983428955,1.7189041376113892,-1.0321745872497559,5.9389967918395996,5.0253720283508301,4.2395715713500977,0.0897728014541,0.420526181101,5.3877294845333078e-05,0,2.6938647422666539e-05,7,1,1,1,0,0
896,9,-2.1032743453979492,1.7887649536132812,2.665865421295166,-0.016054464504122734,1.8655624389648438,6.0535168647766113,0.323766151512,0.0411940823349,6.2174578836798244e-07,0,3.1087289418399122e-07,56,1,1,1,0,0
897,3,3.3631396293640137,-3.6645231246948242,0.75478488206863403,-2.2478885650634766,4.5371508598327637,4.5452032089233398,1.71678120119,0.0187441706369,3.0543631750519238e-06,0,1.5271815875259619e-06,58,1,1,1,0,0
898,1,-5.9722423553466797,-1.9276378154754639,0.94685816764831543,-5.3031430244445801,3.767305850982666,-3.1396901607513428,0.350549515627,7.84533486762,0.018749105500062788,0,0.0093745527500313942,60,1,0,0,0,2
899,0,0.3935110867023468,3.0188972949981689,1.1161056756973267,-3.2096569538116455,-2.2740693092346191,0.2477412223815918,0.442539030021,0.00449707704603,2.0200128500095996e-07,0,1.0100064250047998e-07,44,1,1,1,0,0
900,4,3.9569408893585205,3.7245268821716309,-1.5056865215301514,4.1382608413696289,-2.3437690734863281,-1.9245325326919556,2.62318663473,0.0113317283687,6.9202234549151208e-06,0,3.4601117274575604e-06,8,1,1,1,0,0
901,12,3.4164817333221436,2.0502500534057617,-1.7772771120071411,1.1876285076141357,5.0029945373535156,2.9300370216369629,0.038556612168,0.495834081069,7.4892116682098242e-05,0,3.7446058341049121e-05,9,1,1,1,0,0
902,0,-5.9581995010375977,2.8072633743286133,0.51793152093887329,-4.0684647560119629,-0.059805244207382202,3.0806457996368408,0.358824602944,0.0242523100645,3.0792330749206224e-07,0,1.5396165374603112e-07,13,1,1,1,0,0
903,5,0.72460561990737915,0.89492732286453247,2.0077261924743652,1.4822546243667603,-4.5670356750488281,3.2907166481018066,0.0176866393388,0.240982648473,1.7690249619219976e-05,0,8.8451248096099882e-06,27,1,1,1,0,0
904,12,-4.8900036811828613,1.8943464756011963,2.6554443836212158,-1.749968409538269,5.8776707649230957,-0.69771522283554077,0.242675013601,0.0175235013502,1.5243097750366823e-07,0,7.6215488751834115e-08,12,1,1,1,0,0
905,2,4.9098114967346191,3.6526978015899658,-0.52493971586227417,1.0981584787368774,1.694353461265564,-0.16842865943908691,0.0403925577924,0.145121220319,6.4169257739738225e-06,0,3.2084628869869112e-06,20,1,1,1,0,0
906,14,-0.34370383620262146,3.1353664398193359,-1.4427064657211304,-3.4874551296234131,-4.908355712890625,-0.89969313144683838,0.0223306485129,0.00360523342493,4.4579861518084342e-09,0,2.2289930759042171e-09,24,1,1,1,0,0
907,7,4.9729533195495605,-3.2017459869384766,-2.3620774745941162,3.58382248878479,1.9734290838241577,-0.11374658346176147,0.753878170141,0.096015040011,3.3765661433504879e-06,0,1.688283071675244e-06,11,1,1,1,0,0
908,2,-2.6182582378387451,0.92698663473129272,-0.47911038994789124,0.60921496152877808,-1.7980014085769653,-2.3556513786315918,0.26118339759,0.0217872707749,2.1281413820828343e-07,0,1.0640706910414171e-07,9,1,1,1,0,0
909,7,-3.2514879703521729,1.0103714466094971,-1.8866920471191406,2.641423225402832,4.7845025062561035,-1.525696873664856,0.239816900863,0.00114882815927,5.7914181880347937e-08,0,2.8957090940173969e-08,33,1,1,1,0,0
910,6,5.8641047477722168,-3.4719302654266357,2.2920801639556885,-5.7132296562194824,0.42599391937255859,5.1223845481872559,0.044406754604,0.00487718712992,9.2178804980013895e-09,0,4.6089402490006948e-09,22,1,1,1,0,0
911,11,-3.4463295936584473,5.0301651954650879,-1.1951179504394531,4.4612369537353516,4.266627311706543,-1.5860198736190796,0.431438072895,0.0438845272925,7.7278679735919078e-07,0,3.8639339867959539e-07,29,1,1,1,0,0
912,14,-1.5790166854858398,0.884255051612854,-0.45243486762046814,5.6662349700927734,-0.12800411880016327,-1.6274619102478027,2.36024912131,0.356346225588,4.4251897781616627e-05,0,2.2125948890808314e-05,10,1,1,1,0,0
913,14,1.1143976449966431,-1.2375786304473877,-1.3713204860687256,1.8465423583984375,-5.5670194625854492,-3.275493860244751,0.0407771625903,0.00504397877154,9.412768653097245e-09,0,4.7063843265486225e-09,16,1,1,1,0,0
914,8,-3.4161396026611328,2.0010313987731934,1.7453192472457886,-1.6320549249649048,5.0628232955932617,4.7835268974304199,0.058203917293,0.000199482502209,3.3998177110780966e-09,0,1.6999088555390483e-09,9,1,1,1,0,0
915,11,6.1110467910766602,-4.2305951118469238,-1.9085804224014282,3.8185160160064697,1.6205813884735107,-0.20076406002044678,0.428884947554,0.0389507533457,6.4609602417856241e-07,0,3.230480120892812e-07,6,1,1,1,0,0
916,0,3.2398993968963623,1.5284198522567749,1.4337475299835205,5.1253805160522461,-1.8082010746002197,-2.4833672046661377,0.31864870647,0.0207539990473,2.3274439526168952e-07,0,1.1637219763084476e-07,7,1,1,1,0,0
917,2,-0.47667008638381958,4.9706406593322754,-0.30803951621055603,2.611093282699585,3.9228005409240723,-4.8450021743774414,4.15000322238,0.0296692933465,1.7490671398177387e-05,0,8.7453356990886936e-06,60,1,1,1,0,0
918,0,-3.2538712024688721,-0.31800606846809387,0.85855907201766968,1.415507435798645,5.9728212356567383,-2.3209421634674072,0.115724786698,0.0547415707904,9.2622084089389422e-07,0,4.6311042044694711e-07,10,1,1,1,0,0
919,11,-5.8936290740966797,-2.2574896812438965,-1.7559943199157715,1.9929933547973633,2.0811605453491211,4.2866911888122559,0.0420459210176,0.0140588021108,6.1975467147842624e-08,0,3.0987733573921312e-08,17,1,1,1,0,0
920,14,-2.3933961391448975,0.16950583457946777,0.68126833438873291,3.6967868804931641,1.5173689126968384,-5.9720993041992188,0.0430070918637,0.27444202105,2.294515326164121e-05,0,1.1472576630820605e-05,41,1,1,1,0,0
921,1,2.8075618743896484,-0.55414938926696777,0.30350321531295776,2.0217151641845703,4.4950366020202637,4.9439020156860352,0.0234852953906,0.0162110311789,8.0604265187718443e-08,0,4.0302132593859221e-08,24,1,1,1,0,0
922,12,5.3367862701416016,-2.4323019981384277,0.86384749412536621,-1.7478131055831909,-1.6261645555496216,1.913226842880249,0.211782554958,0.154213079402,7.2891639796536302e-06,0,3.6445819898268151e-06,19,1,1,1,0,0
923,14,-0.30289474129676819,-3.9886898994445801,2.3327891826629639,-5.3932347297668457,1.9601864814758301,-1.3245078325271606,0.0772929779239,0.0025885469766,8.0153164410430552e-09,0,4.0076582205215276e-09,11,1,1,1,0,0
924,13,2.0192062854766846,5.4991788864135742,-1.1941490173339844,5.7387571334838867,-4.7617583274841309,-4.5031528472900391,2.97895658393,0.0377889327304,9.3091770513572197e-06,0,4.6545885256786098e-06,8,1,1,1,0,0
925,3,1.0539097785949707,0.35124951601028442,1.2972713708877563,3.5784430503845215,1.5636636018753052,3.6098465919494629,0.0757826646183,0.0425003737237,5.5596790342179963e-07,0,2.7798395171089981e-07,29,1,1,1,0,0
926,1,-4.6719818115234375,1.3515441417694092,1.6464471817016602,1.6049767732620239,-4.4489984512329102,-3.5375955104827881,0.750035794485,0.0596430484835,1.6461671788869309e-06,0,8.2308358944346545e-07,10,1,1,1,0,0
927,2,5.6942629814147949,-1.0076723098754883,1.9842973947525024,3.0761954784393311,0.51244539022445679,-6.1551403999328613,0.482824174611,0.143848089913,6.5363459857090935e-06,0,3.2681729928545467e-06,10,1,1,1,0,0
928,2,0.52158790826797485,0.07989685982465744,-2.4392387866973877,1.9529407024383545,0.65181922912597656,-3.5903258323669434,0.666212132279,0.0325891122192,7.673576075372026e-07,0,3.836788037686013e-07,9,1,1,1,0,0
929,5,-0.31069844961166382,6.0882220268249512,0.81380409002304077,-3.2428796291351318,-4.193115234375,-2.0535905361175537,0.870884914798,0.0153286341092,8.3001558330181603e-07,0,4.1500779165090802e-07,19,1,1,1,0,0
930,11,5.2030782699584961,4.564885139465332,-0.66910356283187866,4.0690140724182129,4.0332193374633789,2.5562717914581299,0.179918858738,0.0371925093124,4.5374281755150653e-07,0,2.2687140877575326e-07,12,1,1,1,0,0
931,15,-0.54466891288757324,5.932499885559082,2.7938222885131836,1.6463581323623657,1.6434222459793091,-1.7118484973907471,0.0594171658021,0.0211660407432,1.3999939379249335e-07,0,6.9999696896246674e-08,18,1,1,1,0,0
932,5,-5.3093461990356445,4.7967071533203125,0.85460513830184937,4.1366472244262695,-4.7988824844360352,4.6231207847595215,0.267348128761,0.18149416244,1.0105612734518039e-05,0,5.0528063672590193e-06,21,1,1,1,0,0
933,2,2.9748530387878418,3.1126515865325928,1.0053366422653198,4.796389102935791,5.6700553894042969,-0.53275734186172485,0.012708967744,0.109913503669,3.6802379527107665e-06,0,1.8401189763553832e-06,15,1,1,1,0,0
934,2,-1.189549446105957,0.12421391159296036,-0.47108924388885498,-4.2733392715454102,4.6781892776489258,2.6598832607269287,0.695624794925,0.0041536252982,4.8914929876088938e-07,0,2.4457464938044469e-07,23,1,1,1,0,0
935,0,1.7210942506790161,-0.3348834216594696,-1.5445605516433716,1.2307955026626587,1.1642395257949829,-2.6201200485229492,0.0671833168796,0.0243473324262,1.8508854921170715e-07,0,9.2544274605853576e-08,14,1,1,1,0,0
936,12,-3.9889295101165771,5.3596582412719727,0.47641292214393616,5.5438385009765625,1.9657869338989258,2.9040944576263428,0.795337564846,0.163271929147,8.7529685931845081e-06,0,4.3764842965922541e-06,48,1,1,1,0,0
937,7,3.0266766548156738,4.7264142036437988,-2.5140295028686523,4.0210146903991699,2.4444899559020996,1.8017810583114624,0.068716476925,0.0236806969868,1.7554391260752832e-07,0,8.7771956303764159e-08,10,1,1,1,0,0
938,11,2.3262984752655029,1.4868811368942261,-1.5487329959869385,0.62287056446075439,4.6807641983032227,4.8428530693054199,0.0491427550967,0.0235500466065,1.7135726162216548e-07,0,8.5678630811082742e-08,23,1,1,1,0,0
939,15,-5.4812860488891602,-4.8849978446960449,-0.7557024359703064,5.26702880859375,-5.7328872680664062,-2.4696280956268311,0.223739901835,0.127171459626,4.9765091782226771e-06,0,2.4882545891113385e-06,7,1,1,1,0,0
940,14,-0.94491016864776611,1.3469339609146118,2.8899190425872803,0.56926918029785156,1.6558694839477539,-0.63495320081710815,15.252574497,0.107234648433,0.00023614390668903401,0,0.00011807195334451701,60,1,0,0,0,2
941,8,4.3270621299743652,-4.635796070098877,2.0841245651245117,0.065636776387691498,2.3565139770507812,-0.21601103246212006,0.259588527296,0.0297070030215,3.3621291285772895e-07,0,1.6810645642886448e-07,25,1,1,1,0,0
942,10,-0.46986743807792664,-3.8187117576599121,2.0866284370422363,-1.8042995929718018,-0.94629603624343872,2.4902114868164062,0.1775856419,0.268179772873,2.1939740468159371e-05,0,1.0969870234079685e-05,34,1,1,1,0,0
943,12,-5.9001064300537109,-3.2365188598632812,-1.0811420679092407,-0.75747901201248169,-1.7462356090545654,1.3412854671478271,0.0224465695937,0.0627365632632,1.1994403529392866e-06,0,5.9972017646964332e-07,18,1,1,1,0,0
944,14,-4.6311593055725098,-0.26363447308540344,1.4416900873184204,0.51579040288925171,-1.4005707502365112,5.9461312294006348,0.0196692760288,0.00158909676596,1.1561090191635939e-09,0,5.7805450958179694e-10,22,1,1,1,0,0
945,12,0.36143094301223755,-2.9615039825439453,1.1899596452713013,1.0761386156082153,1.6180993318557739,3.2718906402587891,0.00434408031084,0.0219731398596,1.4709391104851011e-07,0,7.3546955524255054e-08,19,1,1,1,0,0
946,13,0.27179062366485596,1.2221857309341431,-0.75199657678604126,-3.5322506427764893,5.6526422500610352,-0.58019894361495972,0.231185253066,0.000837833296447,5.3660451890164957e-08,0,2.6830225945082479e-08,13,1,1,1,0,0
947,0,1.5369867086410522,-1.3205726146697998,-3.0179641246795654,2.711338996887207,-4.1824164390563965,-3.8092467784881592,0.125742186863,0.0677702955277,1.4148619297502167e-06,0,7.0743096487510836e-07,9,1,1,1,0,0
948,15,2.7307052612304688,-2.4214072227478027,-1.7463251352310181,-0.48673588037490845,-1.2658616304397583,4.6269130706787109,0.0447978481275,0.0141210909221,6.2749147402740256e-08,0,3.1374573701370128e-08,21,1,1,1,0,0
949,11,-0.93419152498245239,0.68879860639572144,-1.7243973016738892,-0.42410820722579956,2.0269556045532227,-0.6014978289604187,0.491814652747,0.27807018822,2.379582341244556e-05,0,1.189791170622278e-05,10,1,1,1,0,0
950,15,-1.7424558401107788,-1.1966085433959961,-2.8577098846435547,5.2816858291625977,-2.664750337600708,2.5962674617767334,0.101740374904,0.01884053371,1.1847984272445956e-07,0,5.923992136222978e-08,14,1,1,1,0,0
951,11,-2.9645864963531494,3.6856749057769775,-0.99651181697845459,-5.350090503692627,-4.149775505065918,-5.1241006851196289,0.161587328132,0.0105383477252,5.9940292186122354e-08,0,2.9970146093061177e-08,5,1,1,1,0,0
952,5,-5.1451358795166016,-4.0078186988830566,-1.7117838859558105,-2.3725266456604004,1.113088846206665,3.2959625720977783,0.181674428104,0.0217512508789,1.7712525166963633e-07,0,8.8562625834818163e-08,25,1,1,1,0,0
953,1,0.28855761885643005,-1.4739534854888916,-1.0735251903533936,-4.769404411315918,1.5001391172409058,5.2485756874084473,2.14624584642,0.0173404677801,4.697967200477991e-06,0,2.3489836002389955e-06,6,1,1,1,0,0
954,2,-1.5907044410705566,-4.9115839004516602,2.0895590782165527,-1.6778191328048706,-1.4133827686309814,-3.051471471786499,0.0265453278592,0.0226093595606,1.5641994349785118e-07,0,7.8209971748925592e-08,19,1,1,1,0,0
955,1,5.6018595695495605,-3.8180058002471924,2.4916706085205078,-0.30623561143875122,-3.6383030414581299,5.0080032348632812,0.143151893252,0.0881626656599,2.3881787632591218e-06,0,1.1940893816295609e-06,24,1,1,1,0,0
956,7,-0.77444189786911011,-3.3425445556640625,-0.85241085290908813,2.6778314113616943,-5.4627094268798828,-0.57265061140060425,0.860286626887,0.0100630084944,7.7093990143270033e-07,0,3.8546995071635016e-07,24,1,1,1,0,0
957,1,4.6203765869140625,1.0847193002700806,-2.7637460231781006,-3.4867560863494873,4.4947681427001953,-2.8536498546600342,1.08912433602,0.0596511355171,2.2700991806061453e-06,0,1.1350495903030727e-06,16,1,1,1,0,0
958,9,-0.4012458324432373,1.8028639554977417,-0.33692267537117004,5.366459846496582,-1.9126001596450806,-5.4533472061157227,2.61478431421,0.0240537078717,7.013342819275244e-06,0,3.506671409637622e-06,13,1,1,1,0,0
959,5,-1.9989281892776489,2.8076417446136475,2.4716072082519531,-2.2176766395568848,4.0640549659729004,4.635833740234375,0.0495618588303,0.00525621987731,1.0872301439547349e-08,0,5.4361507197736747e-09,15,1,1,1,0,0
960,13,4.6178736686706543,1.8320877552032471,0.97019392251968384,2.1966359615325928,0.0099441017955541611,5.9330024719238281,3.739371178,0.0320571720388,1.4295940638761978e-05,0,7.1479703193809891e-06,25,1,1,1,0,0
961,6,4.4954671859741211,2.1281790733337402,0.73918670415878296,-2.8354129791259766,2.8469750881195068,-4.1704163551330566,0.415082453083,0.132657371721,5.5329441774913863e-06,0,2.7664720887456932e-06,6,1,1,1,0,0
962,7,-3.3435642719268799,1.0201598405838013,1.1489357948303223,2.34088134765625,-4.288823127746582,3.878976583480835,0.846336065954,0.0305253612664,1.0001265417147105e-06,0,5.0006327085735526e-07,9,1,1,1,0,0
963,5,-1.6680070161819458,-3.1996114253997803,2.3655240535736084,4.8421096801757812,-5.1683363914489746,-5.2855696678161621,0.0405864771254,0.00309571894888,4.5665557994228135e-09,0,2.2832778997114068e-09,31,1,1,1,0,0
964,3,2.0959615707397461,5.5416107177734375,0.98076474666595459,3.5937836170196533,3.0454723834991455,1.8483716249465942,0.0426262270376,0.00065685454429,1.9484248213776041e-09,0,9.7421241068880206e-10,50,1,1,1,0,0
965,2,1.5484249591827393,2.3719830513000488,-0.3317626416683197,-1.3587758541107178,-1.0754971504211426,-6.0262241363525391,3.08349180037,0.264700061081,3.0851283083553181e-05,0,1.542564154177659e-05,17,1,1,1,0,0
966,4,-3.7076163291931152,-1.4690093994140625,1.2889466285705566,2.1910395622253418,4.800750732421875,5.2901854515075684,0.119753773057,0.00228434801445,1.5930534748386384e-08,0,7.9652673741931922e-09,27,1,1,1,0,0
967,3,-2.5259401798248291,-5.5742111206054688,-1.5681916475296021,-0.48965248465538025,-4.8981747627258301,-5.3559689521789551,0.0403693249359,0.0136997626691,5.8801345046079849e-08,0,2.9400672523039924e-08,23,1,1,1,0,0
968,12,6.0335655212402344,4.5757837295532227,-1.7642073631286621,1.5290677547454834,0.96739596128463745,4.9713907241821289,0.0249208394197,0.0016638617766,1.4643620720895848e-09,0,7.321810360447924e-10,19,1,1,1,0,0
969,0,3.3464066982269287,1.2965319156646729,1.5746837854385376,-6.1442732810974121,4.194000244140625,-1.0085477828979492,0.0515152875679,0.00092080742929,2.9121057968319906e-09,0,1.4560528984159953e-09,5,1,1,1,0,0
970,2,5.6490364074707031,-0.12351446598768234,0.82435852289199829,0.86038368940353394,4.8828983306884766,-4.3118882179260254,0.184785745791,0.0693891832204,1.5008356202989746e-06,0,7.504178101494873e-07,19,1,1,1,0,0
971,3,5.8354325294494629,-0.33470943570137024,-1.3216357231140137,-3.6485574245452881,4.7195520401000977,-3.5381865501403809,0.0578388015732,0.0191486699226,1.1503987142402059e-07,0,5.7519935712010294e-08,41,1,1,1,0,0
972,15,2.0846545696258545,4.5411548614501953,1.4920690059661865,4.1797747611999512,-5.5863094329833984,3.9577727317810059,0.677560698827,0.00590254933845,4.6970139851746865e-07,0,2.3485069925873432e-07,7,1,1,1,0,0
973,9,5.026634693145752,2.2554111480712891,2.7252449989318848,-4.6901578903198242,1.1719727516174316,-0.066726908087730408,0.0387729340297,0.18988305302,1.098465920761239e-05,0,5.4923296038061948e-06,10,1,1,1,0,0
974,1,4.9299798011779785,3.5506100654602051,-2.945608377456665,0.93562471866607666,-1.8966624736785889,3.125164270401001,0.560833996972,0.000506869524315,3.1461303346647584e-07,0,1.5730651673323792e-07,19,1,1,1,0,0
975,14,1.151627779006958,-3.1404149532318115,1.2160747051239014,-2.4377334117889404,4.7616000175476074,0.8144647479057312,0.0452049072235,0.00878803538381,2.5568954734945379e-08,0,1.278447736747269e-08,23,1,1,1,0,0
976,5,2.3995993137359619,-5.1032214164733887,0.60899460315704346,-3.0389227867126465,-4.2257542610168457,-3.2222146987915039,2.12030538224,0.126721675527,9.3873581241014765e-06,0,4.6936790620507382e-06,11,1,1,1,0,0
977,11,3.8229146003723145,-1.5617200136184692,0.40112271904945374,-2.0406854152679443,0.44075912237167358,-3.6140859127044678,1.33822955567,0.223985333217,1.7073340508948987e-05,0,8.5366702544744933e-06,23,1,1,1,0,0
978,0,-4.1751699447631836,-1.7343796491622925,-0.7448732852935791,-3.8713333606719971,2.2681632041931152,-1.4643690586090088,2.69333033049,0.0100182635672,7.2846013807560811e-06,0,3.6423006903780406e-06,20,1,1,1,0,0
979,13,-4.1607093811035156,1.8696882724761963,1.0458351373672485,5.5362911224365234,4.7133722305297852,-0.44359621405601501,0.238208122111,0.0286010427739,3.0592614387441432e-07,0,1.5296307193720716e-07,9,1,1,1,0,0
980,15,-0.03033449687063694,-1.9588179588317871,0.9916195273399353,-0.23536518216133118,2.4905273914337158,5.0535364151000977,0.127545470477,0.0086041161829,3.8818922977289019e-08,0,1.9409461488644509e-08,43,1,1,1,0,0
981,11,-3.6092138290405273,4.0016870498657227,-2.5117909908294678,-0.54254209995269775,-0.27012985944747925,-0.65893703699111938,1.44668466471,0.0326416610983,2.4174596902646269e-06,0,1.2087298451323134e-06,16,1,1,1,0,0
982,13,2.5316677093505859,-4.8945951461791992,-0.76770871877670288,1.1427217721939087,5.1034317016601562,-0.31438860297203064,0.216526437522,0.0288240946868,2.9996851215289893e-07,0,1.4998425607644947e-07,11,1,1,1,0,0
983,3,1.1986056566238403,1.3977253437042236,1.2948031425476074,-3.73653244972229,2.2028172016143799,2.7336862087249756,0.109605630825,0.0262534705313,2.2196934097391336e-07,0,1.1098467048695668e-07,13,1,1,1,0,0
984,2,4.4094319343566895,-4.1655988693237305,1.2591276168823242,-1.8979823589324951,4.920320987701416,3.0301225185394287,0.169480652533,0.00137926526254,2.9303187435640468e-08,0,1.4651593717820234e-08,12,1,1,1,0,0
985,11,5.7116560935974121,-1.0464558601379395,-2.0372302532196045,-0.15386989712715149,5.0713186264038086,-2.8753781318664551,0.20395856276,0.0492189546075,7.7953646791462168e-07,0,3.8976823395731084e-07,14,1,1,1,0,0
986,5,3.3011856079101562,-3.4611523151397705,2.6391282081604004,1.7817167043685913,2.458411693572998,3.3167707920074463,0.0402580840292,0.0518159821032,8.194868056469529e-07,0,4.0974340282347645e-07,8,1,1,1,0,0
987,2,5.4004960060119629,-2.0984611511230469,-2.2681584358215332,1.1718840599060059,2.7457919120788574,5.128392219543457,0.349464106696,0.0550622913212,1.0456812910721664e-06,0,5.2284064553608318e-07,18,1,1,1,0,0
988,7,-4.7231335639953613,-3.225400447845459,-1.0960445404052734,-3.4199857711791992,1.811546802520752,3.0232007503509521,0.299563652765,0.0673200384784,1.4702607454070065e-06,0,7.3513037270350323e-07,35,1,1,1,0,0
989,8,-2.5851066112518311,2.3837361335754395,2.7226548194885254,-0.30924496054649353,2.8074033260345459,3.3871698379516602,1.8972959612,0.569987125645,0.00010256546090546999,0,5.1282730452734995e-05,20,1,1,1,0,0
990,15,-0.02229706384241581,-0.19831110537052155,-0.71970796585083008,-1.1230803728103638,-4.5778355598449707,-1.0338126420974731,0.0297014323751,0.227125739184,1.5714907280423535e-05,0,7.8574536402117677e-06,9,1,1,1,0,0
991,3,-5.0663542747497559,2.1387746334075928,0.31419304013252258,5.2047877311706543,4.0519914627075195,1.2620000839233398,95.3756388924,8.0379170177,0.02877726825457922,0,0.01438863412728961,60,0,0,0,0,3
992,0,-0.30232837796211243,-1.5685677528381348,-1.7213979959487915,1.188683032989502,-4.2107338905334473,4.452876091003418,0.0321404218087,0.181443534009,1.0029573384589093e-05,0,5.0147866922945466e-06,20,1,1,1,0,0
993,1,-5.7718391418457031,0.50681406259536743,-2.9573101997375488,-5.1262331008911133,4.0402011871337891,-0.81573069095611572,0.50393225139,0.181575308197,1.0297059927046893e-05,0,5.1485299635234463e-06,10,1,1,1,0,0
994,9,3.4344983100891113,5.6246695518493652,-1.3890641927719116,-2.4506080150604248,4.7281889915466309,4.2859745025634766,0.211736160955,0.00369531148661,4.8991852327833678e-08,0,2.4495926163916839e-08,27,1,1,1,0,0
995,9,-1.8145300149917603,-0.83656322956085205,-2.1417889595031738,-4.723088264465332,-4.566838264465332,-0.67505729198455811,0.116861915604,0.471423198096,6.7711780814483182e-05,0,3.3855890407241591e-05,55,1,1,1,0,0
996,2,3.5276756286621094,-0.12444241344928741,-0.71080946922302246,-0.3626704216003418,1.8803455829620361,1.7429304122924805,0.3347299847,0.0273112423355,3.3925950172424072e-07,0,1.6962975086212036e-07,26,1,1,1,0,0
997,10,-1.2987229824066162,1.0588371753692627,-2.1714298725128174,-1.2204878330230713,-4.8216557502746582,6.0600399971008301,2.48364686279,0.0586139026507,7.2150421735635454e-06,0,3.6075210867817727e-06,12,1,1,1,0,0
998,2,-0.043116185814142227,1.0759432315826416,2.4446914196014404,3.9438173770904541,-2.3077850341796875,1.4200321435928345,0.0480096473541,0.00319117797132,5.4070333263723219e-09,0,2.703516663186161e-09,25,1,1,1,0,0
999,9,-5.9730463027954102,1.0263501405715942,2.050513744354248,-4.5040988922119141,-5.4080877304077148,-2.1270079612731934,0.0116992538795,0.126581798986,4.8810071177764504e-06,0,2.4405035588882252e-06,19,1,1,1,0,0
