target_id,seed_id,q0,q1,q2,q3,q4,q5,pos_err_mm,rot_err_deg,pose_cost,limit_score,total_loss,iters,success_loose,success_medium,success_strict,near_limit
0,0,-2.1157889455746881,-1.0678594469375524,-0.67700171730584469,-3.5044938180474605,4.2734951952778193,2.802139019955292,0.0854501641438,0.858630165293,0.00022458520311919211,0,0.00011229260155959606,16,1,1,1,0
0,1,6.2831853071795862,4.3120973351551743,0.86253472510250495,-5.393353640688777,1.4529763802031486,-0.58344638758448664,317.801026214,28.6847710498,0.35164160661237981,0.0075689999999999993,0.1760478733061899,60,0,0,0,1
0,2,3.2900203559166159,4.7166998026499476,0.040210871476672058,1.5265548516443734,-0.82690642483624466,-0.86656806305179979,116.389984528,2.76562803411,0.015876555276756122,0,0.007938277638378061,60,0,0,0,0
0,3,3.3592512940184531,-1.3333170696673426,-0.37006496048418525,-4.2448442090515419,-0.99674660867301856,-0.92449816041931232,95.8916179058,7.5106304805,0.026378540114657883,0,0.013189270057328941,60,0,0,0,0
0,4,2.6868565333508929,-1.3556700602849521,-0.44964796110568866,-4.0764778059262285,-1.7582355916426911,5.8899799484971735,87.7839469091,11.3123410127,0.046687625957297856,0,0.023343812978648928,60,0,0,0,0
0,5,-3.82383645774819,4.8276546456786571,-0.8047926675482775,-5.5855465076544579,6.2831853071795862,-5.8529350363121102,233.889583953,57.0096910006,1.044742896404206,0.0075689999999999993,0.52259851820210301,60,0,0,0,1
0,6,-6.2831853071795862,-6.2831853071795862,-2.0032642232953899,5.307771320713619,-5.3490866098257976,0.93588549023087741,619.134601411,55.5389986378,1.3229445680026815,0.015137999999999999,0.66192642400134072,60,0,0,0,1
0,7,0.06599563531765934,3.9434122839687951,1.7521334789563485,-2.642971487028388,5.5199571453411167,-5.1045502012218433,419.324589581,56.9756680113,1.1646903266345878,0,0.58234516331729391,60,0,0,0,0
0,8,4.4640482702974262,4.2901313453715861,0.78860817003150208,0.029133014945441838,2.2831213097401006,1.0239556290408207,0.115952872929,0.937035822893,0.00026747854649967692,0,0.00013373927324983846,20,1,1,1,0
0,9,-2.7276718438400809,-1.5289373931854742,-0.040636415893569811,-4.6869055661057004,-0.35668688172072893,5.3016139850857948,126.574542627,11.7045888215,0.057752909188255264,0,0.028876454594127632,60,0,0,0,0
0,10,-3.0551115351831877,-2.2779746430047583,1.2531283403343021,3.7319204110571724,-1.6455526056684198,-6.2831853071795862,42.7187233111,39.953848093,0.48808871582849633,0.0075689999999999993,0.24427142791424816,60,0,0,0,1
0,11,-2.2248659531939983,-1.1828800726044753,-0.99467012984805103,-5.546176427389522,-4.1624569192400411,-1.1609689641361105,21.4145326578,50.599051632,0.78035960379814884,0,0.39017980189907442,60,0,0,0,0
0,12,5.8892016092431998,-6.2831853071795862,3.1415926535897931,-6.0967444631970205,-3.6713668159556825,-0.67811509225960509,1007.34552889,11.7117116013,1.0565276157935053,0.015137999999999999,0.52871794789675264,60,0,0,0,1
0,13,-2.5704267413321169,5.325509924218693,-1.0595831073303899,3.6464937642493558,-1.8575375582143969,3.9376390027054762,2.62897323996,0.0292258441688,7.171689255596888e-06,0,3.585844627798444e-06,53,1,1,1,0
0,14,3.9362982269715245,5.0868028389845499,-0.98417438323717721,0.73735468821709238,1.8673410742678871,0.80064175138420146,3.78597004774,0.036568534021,1.4740921186602362e-05,0,7.3704605933011809e-06,17,1,1,1,0
0,15,-1.9661652739705906,-1.8941305205140886,0.64248080674690256,6.2831853071795862,0.0071144478066550521,6.2831853071795862,144.82104985,15.470830391,0.093882278070356123,0.015137999999999999,0.04739527903517806,60,0,0,0,1
1,0,-2.5049843773133542,-4.289866236875377,1.2631112877386748,2.7076684918278864,2.8042413299439488,-4.1258030160387449,0.0704365239983,0.0193127271256,1.1857794445182998e-07,0,5.928897222591499e-08,14,1,1,1,0
1,1,-5.9359609539369211,1.0956207124704802,-1.1885608977435376,-6.047863040855618,-1.8166132004479862,1.9531142655187599,0.0109622159752,0.265079580916,2.1404728522496541e-05,0,1.0702364261248271e-05,21,1,1,1,0
1,2,-2.5063059132595611,2.8979214618018752,-0.86518909498396257,-4.3154871212164343,3.2632720029241051,2.9302655402156241,3.5313476268,1.88314506249,0.0010927154711431822,0,0.00054635773557159108,60,1,1,0,0
1,3,3.7709724703815448,1.8371760481811228,1.0996670714158099,6.2831853071795862,3.0282015607703987,-1.5269426328184841,2.84043111192,0.944306158261,0.00027969970348488922,0.0075689999999999993,0.00036691985174244459,9,1,1,1,1
1,4,3.7783989971284253,-3.0124991786866042,-1.429287603526777,4.6561535833773711,-3.4840977739946428,1.623191864359333,0.603017998829,0.930233048594,0.00026395929625503106,0,0.00013197964812751553,13,1,1,1,0
1,5,3.7752140777560554,-4.524534376802694,1.233732133904256,-0.32893546606139351,-3.3924552872814377,-0.97355261484223399,1.38348129582,0.427789406489,5.7660158644770518e-05,0,2.8830079322385259e-05,8,1,1,1,0
1,6,0.19634901835730229,1.2355430018810936,-1.3908923860161966,0.61731333923433362,-6.2831853071795862,-5.0542629288037162,4.2904836992,0.812430107734,0.00021946874848921557,0.0075689999999999993,0.00033680437424460775,21,1,1,1,1
1,7,-2.4711740846717976,-4.3335294716434145,0.93126608793556309,6.2521512032731179,-2.3293353777710579,5.1854998871533722,7.64705371761,0.260012867529,7.9071606418235535e-05,0.0031321815255519834,0.00013350124897567727,60,1,1,0,1
1,8,-0.34197278705625433,5.9552680222425671,-3.1415926535897931,-3.0930991421418823,4.3794527965566372,5.4154422430276457,819.843058252,40.2172193975,1.1648383899626347,0.0075689999999999993,0.58264626498131733,60,0,0,0,1
1,9,3.8569817823443038,1.9783671670359793,1.341200172888863,3.1879919457481307,1.8779482231959874,-4.7124663590262275,0.0366264049038,0.607642194666,0.00011247493797531499,0,5.6237468987657497e-05,16,1,1,1,0
1,10,-2.5105470664701168,-4.5384177354083741,1.2643912757771059,-0.50560507233380214,2.9900591910373837,-1.1578403853374859,1.56887493596,0.805730857035,0.00020021967190657147,0,0.00010010983595328573,20,1,1,1,0
1,11,-6.0487896100131602,1.1504475305732964,-1.2687120980884661,0.33180924784098698,5.427390012220739,-3.8761327250508519,3.65039860987,0.522189272607,9.6388986522153559e-05,0,4.8194493261076779e-05,15,1,1,1,0
1,12,-2.4107258275327679,-4.1566126068274896,0.88981865607254462,2.3717827678978654,-4.5340784447004987,2.6143796966505968,0.000571801209826,0.55869448399,9.5083137484882349e-05,0,4.7541568742441175e-05,18,1,1,1,0
1,13,3.7717471983063677,-4.4861125043558792,1.1620224461804196,-0.35385286835025598,-3.0563866699732936,-5.793736185433259,4.49141830045,0.981611686734,0.00031369045736153958,0,0.00015684522868076979,33,1,1,1,0
1,14,3.8541842081923781,2.8241394509548234,-0.95825298715392537,0.63361449763602506,4.4287301586068866,-6.2831853071795862,4.16417861017,25.8001944981,0.20278593687363841,0.0075689999999999993,0.1016200384368192,60,0,0,0,1
1,15,0.20992731977775014,1.2243959297253861,-1.3938995085217525,-6.0745997777870864,-0.55877526750116313,2.1249745267792988,0.12648580031,0.144150603979,6.3457648430528777e-06,0,3.1728824215264388e-06,11,1,1,1,0
2,0,2.1953710511345217,-3.6591682812349995,0.20576514812072794,-3.0533417539974193,-4.5089332000829705,2.222019000087414,137.761694812,0.233198076397,0.018994850061810016,0,0.009497425030905008,60,0,0,0,0
2,1,5.1449126856634759,0.50347799638897994,-0.14874262998452314,0.22375796858264232,-2.8667594679807555,6.2831853071795862,119.338953145,3.43126075682,0.017828214276686172,0.0075689999999999993,0.0091411771383430856,60,0,0,0,1
2,2,-1.1525981006688626,0.60175293428855403,0.030878154614238817,3.3340052688620863,2.6955830769664653,-1.068308992907171,87.1180213997,0.179162573621,0.0075993276365426297,0,0.0037996638182713149,60,0,0,0,0
2,3,-1.1455695648899491,-5.7213231783153526,-0.17809096230300892,1.0631054638827768,3.2712833493698983,-3.1729780126366949,184.099087804,4.6107355417,0.040368299984561679,0,0.020184149992280839,60,0,0,0,0
2,4,-6.2831853071795862,2.008697403284406,-3.1156039508633784,-5.0390777259752397,-2.0349833048540926,1.7769869343288156,1343.75396339,4.37402172931,1.8115026747364429,0.011291378395005791,0.90609007872007163,60,0,0,0,1
2,5,-4.020865156756094,2.8326748886339619,-0.31636845969208149,2.9334103845020483,-5.3316802799506329,0.92817417452039275,185.654993274,0.329135424429,0.034500775771505433,0,0.017250387885752717,60,0,0,0,0
2,6,-6.2831853071795862,6.2831853071795862,2.0181688398731525,1.4708357884177958,5.0284944604185897,1.4088860677692394,1176.75280098,38.5561593872,1.8375845346433615,0.015137999999999999,0.91924640732168073,60,0,0,0,1
2,7,-1.155790537421602,6.1529368041231818,0.46352097191890351,-0.59594810374984797,3.5672429422764944,2.7992199820728265,400.254651602,13.5561708793,0.21618325896885171,0,0.10809162948442586,60,0,0,0,0
2,8,2.2845393176792674,2.7535261324566656,-0.44992541118765345,6.1951627198416306,0.5660967471387236,-1.4266733341023907,0.014228339219,0.864057064373,0.00022742592632087814,0,0.00011371296316043907,35,1,1,1,0
2,9,-4.0285122799457787,2.4305404694263157,0.17169428302682199,-0.23779623193062127,5.2311419713655498,4.3036656580471906,122.945252879,0.00521085880646,0.015115543476663161,0,0.0075577717383315804,60,0,0,0,0
2,10,5.1374038767090191,-5.9297457906777318,0.43173364793936403,4.161079831058542,-3.3278384835891286,-6.0512969244872687,0.66540515386,0.162049988886,8.4420780501297187e-06,0,4.2210390250648593e-06,10,1,1,1,0
2,11,-1.1542268030853755,0.34236036444785839,0.19800834520378438,0.12590379750619229,3.6165173405787239,2.373587750586061,146.613975161,1.16759775517,0.021910937924685479,0,0.01095546896234274,60,0,0,0,0
2,12,2.2954329037252799,2.7081361797612491,-0.044338578621747615,2.7133828284042374,-6.0372360312233351,2.7675206863427881,122.244917514,0.579665910126,0.015046175139342581,0,0.0075230875696712905,60,0,0,0,0
2,13,2.2484787143628222,-3.7475942006380163,0.34384096611780141,-3.399293418459298,1.1368269081708748,1.8069166874581182,169.533073165,0.228552404044,0.028757374953741442,0,0.014378687476870721,60,0,0,0,0
2,14,2.3015098788086723,-3.3732596770728893,-0.65420797546477516,5.2264578825547616,-6.2808146917646264,-6.2082186816185558,4.32346419607,0.384694279889,6.377257986656702e-05,0.0073069348356310749,0.00025109433500221574,43,1,1,1,1
2,15,5.0568031631989792,0.58005735026324678,-0.26941999422227575,-5.9244219710900712,-1.5989666920885026,1.6774888478641667,192.644949712,2.03041244415,0.038367884715546502,0,0.019183942357773251,60,0,0,0,0
3,0,5.277641004206771,2.6302758875197587,-2.2119653362935714,-3.5538819845672491,-0.41640615250016316,-3.6830106248922352,9.64882073612,0.0338952207567,9.3449712283725985e-05,0,4.6724856141862992e-05,60,1,1,0,0
3,1,5.8244380941603993,6.0625740213177446,2.4014483284609147,-1.867035018756829,4.9866035511823341,-2.3324721173191523,0.0174515647667,0.583840162946,0.00010383504213382666,0,5.1917521066913329e-05,11,1,1,1,0
3,2,-2.216679113760252,-5.2589132538809729,2.5409118005022031,2.8890960195488025,-3.6167081407154242,3.907691464042987,44.0917182544,4.70851449467,0.008697480941368756,0,0.004348740470684378,60,0,0,0,0
3,3,-6.2831853071795862,-5.666352199628764,2.3224073693157141,-4.8015035551586625,-6.2219009190645105,6.2831853071795862,228.507593046,8.70016247937,0.07527307378763895,0.015799292694616055,0.038110515674657959,60,0,0,0,1
3,4,-5.6567615686358739,-3.5637585381864594,-2.7352349470488058,-3.0230663068339374,-2.0812357157523156,1.1530349855099988,351.587483903,13.9831144792,0.1831748385019506,0,0.091587419250975299,60,0,0,0,0
3,5,-0.98802400067355167,2.8116284363290727,-2.3038763000962388,-2.9956363293755217,5.6732066019427529,0.37561091564494298,1.51102653979,0.772922021961,0.00018426422242065867,0,9.2132111210329335e-05,23,1,1,1,0
3,6,4.9525607918064329,2.5634524255262816,-2.2399842962206082,2.5929101436575857,-5.6653741982493111,1.3439634123418465,4.18032966307,0.902780003436,0.00026574192778270169,0,0.00013287096389135084,32,1,1,1,0
3,7,-1.0893133450810804,-6.1032965573352174,2.6177240981175571,3.5045612432627129,5.6877133143995993,4.3970410968133997,0.746337688318,0.105982952616,3.9786004610524663e-06,0,1.9893002305262331e-06,60,1,1,1,0
3,8,-2.3468598569752057,3.1823071431735368,-2.5402560813526409,-0.37410907589240566,3.6362225194806932,-1.8816219757695043,0.0404936991102,0.377471983393,4.3405082725693641e-05,0,2.170254136284682e-05,22,1,1,1,0
3,9,2.1169025451612402,0.46714172750888122,2.6528723011253037,-6.2831853071795862,-3.4352082801635135,-6.2831853071795862,400.265147114,26.5936152753,0.37564383336278506,0.015137999999999999,0.18827605668139252,60,0,0,0,1
3,10,-0.47124277570281592,6.2792223198519306,2.182980426009443,0.44422223588100673,1.2194188143862146,-5.4358620203622658,11.1077252162,0.11159079625,0.00012717480966712797,0.0068951454735470749,0.00027044176903997619,60,1,0,0,1
3,11,-6.2831853071795862,2.2078236563992184,-2.0885340533523009,3.423243630367411,1.4560624088286822,0.94693538749742412,88.3421745608,17.267991321,0.098636235590061086,0.0075689999999999993,0.049545187795030546,60,0,0,0,1
3,12,5.8670193665530883,2.5440367074555192,-2.6157656204128825,-6.2269443982145676,1.3651808159220686,-5.2031201114227832,0.452508524221,0.149909016658,7.0503438980607364e-06,0.00094612168129826939,3.1908822387978449e-05,38,1,1,1,1
3,13,5.1395501686263998,-5.8896552358721594,2.222956092091827,-0.4979023940712613,-0.56721154989290468,-2.0134405755978486,1.91795843798,0.918307699733,0.00026055909344581494,0,0.00013027954672290747,30,1,1,1,0
3,14,-0.16002481493035545,0.24691742722193619,2.5101613851130784,2.9830033918986159,-4.4118309925151769,1.3713061327597682,0.0195602219822,0.891445752385,0.00024207239194951456,0,0.00012103619597475728,38,1,1,1,0
3,15,-1.6793360540593105,-3.1874441580574864,-2.1954014327076545,2.7666122014969634,5.172774424104686,0.61077288045044842,0.00825877437621,0.804857413379,0.00019732984852452389,0,9.8664924262261943e-05,19,1,1,1,0
4,0,6.2831853071795862,-3.467597568955068,2.3716022885110322,1.9213364672861348,4.173100318642442,5.1589053506096576,1272.19562178,52.1926764924,2.4482825439392415,0.0075689999999999993,1.2243683419696207,60,0,0,0,1
4,1,-5.1123170051429829,3.4179074674725656,-0.21446163941757523,0.80341405102825958,-2.7237907505214238,2.4123597944486788,238.612261272,0.508690740319,0.057014635942415202,0,0.028507317971207601,60,0,0,0,0
4,2,-2.1475880625656956,-0.41934837376403228,0.34824280665459173,5.4480043676223033,-4.5237689127017893,-0.70881999349190949,0.0910577679795,0.436943357504,5.8165696283433501e-05,0,2.908284814171675e-05,23,1,1,1,0
4,3,-3.2159791594715212,-5.785945487237063,3.1415926535897931,5.8895266464467388,-4.7360250487734161,-0.067703317257878814,1167.77097728,30.4866299511,1.6468110268453902,0.0075689999999999993,0.82363258342269507,60,0,0,0,1
4,4,-5.0781250601080474,-3.0334090444861346,0.02043440036780958,0.70146301566572911,2.1599738859747148,6.2831853071795862,138.260234686,54.3659509009,0.91946038505127192,0.0075689999999999993,0.45995726252563596,60,0,0,0,1
4,5,-5.0356085616602488,3.2063173492701509,0.13748086948351024,-5.0681609863550303,1.4187071020618776,2.0411538557240392,203.712621108,3.85598801218,0.046028079832727449,0,0.023014039916363725,60,0,0,0,0
4,6,-5.0876579279991612,-3.0160452725048361,0.028691345397981849,5.0255764907217522,-2.1707830795906458,5.6366459427460143,39.0156764266,0.000180610238366,0.0015222230169611081,0,0.00076111150848055407,60,0,0,0,0
4,7,4.2326263135859241,-0.15959272807749381,0.076649959944337889,-3.5059952205307017,-0.50372430591447293,6.2831853071795862,253.843767633,57.2108773112,1.0614752082366188,0.0075689999999999993,0.53096467411830939,60,0,0,0,1
4,8,1.2046185280413948,-3.1105185009755587,0.17856221077290713,0.2888345968810162,-4.2475228473865068,2.2828098509308221,91.3712108181,0.0287936363023,0.0083489507165934972,0,0.0041744753582967486,60,0,0,0,0
4,9,4.0671592143311095,-0.16128121368889142,-0.1091650745328932,-5.0312035566538196,-0.70434856168472759,3.0557515647012483,243.543909471,3.20069157963,0.062434266634680796,0,0.031217133317340398,60,0,0,0,0
4,10,1.1877717385690063,3.1334231364665306,0.29768252968820985,6.1028227330272049,2.292460448622422,2.1546984578046851,65.1427220275,0.0524926750465,0.0042444136006427446,0,0.0021222068003213723,60,0,0,0,0
4,11,4.0906120237274175,-0.30484128014065559,0.15294717785782413,0.8082644468375475,5.15468970543344,-3.4724276224692852,263.095380305,0.5505872827,0.069311522798487818,0,0.034655761399243909,60,0,0,0,0
4,12,-2.1849304256040334,5.9771078455955866,0.26485464058238634,1.1990148862738788,4.9385989200767577,-3.7772070967824098,261.395261615,0.313529151058,0.068357426847903816,0,0.034178713423951908,60,0,0,0,0
4,13,1.1972946045394934,3.1869036380411488,0.15769482393760098,0.81862688933104799,2.1406024982565559,-3.9673873617817272,167.613633626,0.710963043973,0.028248304672340182,0,0.014124152336170091,60,0,0,0,0
4,14,-2.1154798179939958,-6.2831853071795862,0.062272101037912364,-5.3692412744250753,-3.9498611860536306,-6.2831853071795862,472.094823563,16.0320673197,0.30116847959624615,0.015137999999999999,0.15103837979812307,60,0,0,0,1
4,15,-2.0188017418047179,-0.18989172050325778,-0.011645001481416268,4.8074246894204,6.2831853071795862,-1.0379784468323492,278.87986455,34.0875729319,0.43172803659900022,0.0075689999999999993,0.21609108829950011,60,0,0,0,1
5,0,0.60365447869104005,2.690924315828823,1.769391375114296,-2.4626410374203069,-0.56337781657340891,4.179615340042468,0.0391073014493,0.12308570825,4.6165111862348986e-06,0,2.3082555931174493e-06,8,1,1,1,0
5,1,0.39818728713891605,-1.8650040073878742,-1.7113204458713038,5.1673131948182496,-2.7711863309502034,2.1691904130706887,0.0419452390772,0.484775655822,7.1589118333736021e-05,0,3.579455916686801e-05,16,1,1,1,0
5,2,3.1350171003479632,-5.8368350567854828,-1.7645930718284726,5.5132075262674176,-5.8563527327519269,-4.7014590539054026,0.0640189204492,0.0694560321889,1.4736156257735755e-06,0,7.3680781288678775e-07,16,1,1,1,0
5,3,0.3959169859670052,4.4317316228709354,-1.6999446605809183,5.0553552948684821,-2.8316196378496756,0.59566621384527074,0.0209108056392,0.141239524536,6.07712932470321e-06,0,3.038564662351605e-06,11,1,1,1,0
5,4,3.1348593297792764,-6.028196175503596,-1.279559752407319,2.6637292105954264,-0.42358089845195712,-2.1638252926308397,0.0574872969918,0.0834897397708,2.1266516772523094e-06,0,1.0633258386261547e-06,20,1,1,1,0
5,5,3.1599857643084204,5.2145768580774048,1.1583898968241737,0.056936585369201841,5.4870519348951419,-1.0039657511807134,0.190165223782,0.209480860424,1.3403454758639925e-05,0,6.7017273793199625e-06,20,1,1,1,0
5,6,-3.1172588536716641,-1.3697852505607993,1.7620940803606182,-1.4439800580390483,-5.4923484995675746,6.2458651021826848,4.97773288122,0.295649351747,5.1403988311706442e-05,0.0024680820315498928,9.974445510235001e-05,33,1,1,1,1
5,7,0.40689872227348428,4.1144400951348636,-1.403217298535467,1.2690269827003908,2.596513626802881,3.5007251433561546,0.552710373672,0.0648435158506,1.5863080012988134e-06,0,7.931540006494067e-07,21,1,1,1,0
5,8,-3.151385682133395,-6.0966140171171963,-1.2226702318246885,2.3536805285550524,5.9475808160439225,-1.1428397403792587,2.78447660014,0.126196122147,1.2604482850104838e-05,0,6.3022414250524189e-06,20,1,1,1,0
5,9,3.1362124689204247,-1.0082444734953082,1.173441756028162,-5.575810081361908,-0.45287461416830493,6.0998130539460069,0.715685577306,0.303996043011,2.8662996453804636e-05,0,1.4331498226902318e-05,12,1,1,1,0
5,10,3.1849125062187853,-1.3867445910073615,1.7072443196624458,-1.003640658694428,-5.2901753309054866,6.2831853071795862,5.4193250107,0.547316577554,0.00012061888758882712,0.0075689999999999993,0.00028737944379441353,60,1,1,0,1
5,11,-3.1458777206757351,4.9641828177222962,1.7872747979190353,4.2087973979086337,0.47160161604655576,-5.6747258700145302,0.094431553879,0.642989015342,0.00012594838184068079,0,6.2974190920340393e-05,10,1,1,1,0
5,12,-3.1360718025636474,-1.2017963131749188,1.3341977906604454,6.2831853071795862,6.2831853071795862,-1.8858189248923694,18.9277269644,24.5200199132,0.18350380946593925,0.015137999999999999,0.09220604473296963,60,0,0,0,1
5,13,-3.1349420932813881,0.35423853896450164,-1.7861782644947395,-6.2216420137905164,0.58742573090452799,-6.0684994521746685,4.53272079394,0.177573338869,3.0150842821842646e-05,0.00064804391147497552,3.4516738755170589e-05,43,1,1,1,1
5,14,-5.8576364030745731,3.1159966656634657,1.0721458666685946,-4.3969663471835601,2.3348255968806058,5.74095875078857,0.0238492072278,0.906685966487,0.00025042028721291703,0,0.00012521014360645851,9,1,1,1,0
5,15,3.1356525057319522,0.41189389044573771,-1.5155550359747125,3.5797127191805203,-0.40730793953294753,-2.2619575071508455,1.77593091716,0.517813721989,8.4831319445467272e-05,0,4.2415659722733636e-05,18,1,1,1,0
6,0,5.212413008687979,1.5808228938274698,1.5609088528508928,5.047880326453642,-1.2455043766626213,2.3895684677116633,2.63984904592,0.692833739343,0.00015319082743415533,0,7.6595413717077667e-05,44,1,1,1,0
6,1,1.6164546988888604,-5.1295588297623569,-1.2765654412780789,1.1096123134423101,4.1458209370687209,-6.1987190894818713,2.40010580619,0.240347768955,2.3357357613339322e-05,6.4200527553731718e-06,1.1871280389330855e-05,16,1,1,1,1
6,2,-4.8822322397761626,1.2339649813867799,-1.5007615493218804,-5.0358313889094033,-0.22580333389477375,1.6150270125789645,18.0472923892,48.6299876222,0.72070803743606726,0,0.36035401871803363,60,0,0,0,0
6,3,1.6457603386547834,-4.7330355450385087,-1.852565707365559,5.879349583845034,2.4008449752954171,-3.6480336183980584,0.0375945198252,0.875539260339,0.0002335116831184792,0,0.0001167558415592396,25,1,1,1,0
6,4,5.2243972028965908,-4.7111493833283538,1.5831053518168769,-1.2780949787131421,-1.1507364087429413,-3.9135625658952207,0.0236901553479,0.0422847895796,5.4521821481307274e-07,0,2.7260910740653637e-07,32,1,1,1,0
6,5,1.5558764922576229,6.2538422300932197,1.246284294423317,6.2078036307815685,4.6265303020285158,5.8756521321150119,6.58219844681,0.0470140183405,4.3998637735059363e-05,0.0034593062031890508,0.00012577850496320119,60,1,1,0,1
6,6,-4.6509145501862355,6.2386793408954526,1.7087020376774427,-3.1298600359051623,-4.0120859085777631,3.1086473531681511,4.52639072166,0.112877206285,2.4369423837801441e-05,0.0018057429014451886,6.6356998962256367e-05,17,1,1,1,1
6,7,-1.1002484136831998,3.1501551792767093,-1.228580044109189,-3.124574864435318,-4.8271160806811206,-0.84501528670785087,2.16171832732,0.87591739965,0.0002383850423734581,0,0.00011919252118672905,20,1,1,1,0
6,8,2.180776898201553,3.9416041972603484,3.1216278197727605,-0.82977374613959853,-1.9302111993756321,0.44254097324881964,928.523745452,3.53897271331,0.86597147430708965,0.004493713505178052,0.43312054855870019,60,0,0,0,1
6,9,-4.6344433083483656,1.2363276506207628,-1.2313662515542421,1.8726679954911973,-2.4325267550469776,-5.9354138208499228,0.760359835402,0.464143956244,6.6201759668383861e-05,0,3.3100879834191931e-05,6,1,1,1,0
6,10,1.4703834098712745,1.3946658675211958,-1.3346358545130796,2.2796369373898799,5.2724521476789015,1.4378118851529167,12.1005285611,54.5069529357,0.90516718903899207,0,0.45258359451949604,60,0,0,0,0
6,11,-4.6692010079529869,0.043737502751203791,1.2162963413700527,0.35953354646927171,-2.100581671346835,5.9517226963583871,4.16788838882,0.228232061564,3.3238776613891932e-05,0,1.6619388306945966e-05,50,1,1,1,0
6,12,-0.90996102385373379,1.6653198902962512,1.1555148144107057,-6.2831853071795862,5.5786366011144395,-4.3434637261656626,187.411276023,29.9895826037,0.30908829802424304,0.0075689999999999993,0.15477121901212151,60,0,0,0,1
6,13,-1.0009984379035317,-3.1090759221771411,-1.3310909911301496,-3.3201323955932178,0.61604217615273749,5.6027460753015106,0.158812969371,0.635063136657,0.0001228790071742788,0,6.1439503587139402e-05,17,1,1,1,0
6,14,1.6061387641705887,-0.012061954582993858,1.6832059148361129,3.1280084281760643,-4.2519032674199284,2.65490932481831,0.718526715555,0.440134008701,5.9526141400663103e-05,0,2.9763070700331551e-05,12,1,1,1,0
6,15,5.2666882541532667,-3.0512375975876878,-1.7877276824330475,6.2721483314907838,5.8291903534697216,-3.2261082815646409,19.6043533315,0.924833878285,0.00064487534115484487,0.0057703810625035871,0.00049554910245253004,60,1,0,0,1
7,0,-2.2449271917886073,-3.6770515051464141,-1.3950294692155938,6.2762128147390079,-1.2978941903414936,-2.9902662774367368,10.2433176927,0.217851635319,0.00011938249752945582,0.0064044019661732973,0.00025182330774992681,60,1,0,0,1
7,1,-2.7509977695826757,1.305829432115361,1.4905458237091704,-1.5016293033751018,3.1910403778433536,-2.2597754249762279,133.664364168,22.5602559682,0.17290581280467701,0,0.086452906402338506,60,0,0,0,0
7,2,4.044124958318088,1.363898912660364,1.206324286083458,-0.84507337465220456,-1.3306249311650258,-2.5795858514090528,0.0478556296093,0.0545815351376,9.0978931302926355e-07,0,4.5489465651463178e-07,17,1,1,1,0
7,3,6.2831853071795862,6.2831853071795862,1.3429469234159699,-0.73159879892412683,-2.3866158911741717,1.5485997917573022,306.361060103,20.3776320116,0.22034883887432483,0.015137999999999999,0.11062855943716242,60,0,0,0,1
7,4,-5.996765260406046,1.7462781394508387,-1.1992777123771026,3.9605132486818513,-4.1135703311597647,4.6500297550559164,0.0601984336195,0.347384986834,3.6763735844468332e-05,0,1.8381867922234166e-05,24,1,1,1,0
7,5,4.6588454054931825,-5.2777042385909132,1.4873081995145545,-0.87700263342450424,-6.2831853071795862,-1.3838936538686193,169.590665355,40.3625817263,0.52502480891312653,0.0075689999999999993,0.26273947445656326,60,0,0,0,1
7,6,0.28157558967913149,-5.7283333492502484,1.3040948758642337,2.9291827096167706,2.1387331664993456,-1.7931303697055869,0.499007523779,0.969796065383,0.00028674303470348867,0,0.00014337151735174434,42,1,1,1,0
7,7,6.2831853071795862,6.2831853071795862,1.3432764184978097,-0.73230982955180035,-2.3890813967728679,-4.7366132801730574,306.308075852,20.4446643331,0.22114993621599294,0.015137999999999999,0.11102910810799647,60,0,0,0,1
7,8,6.2830943317621424,1.5188893785261455,-1.0732800267964249,-5.2230424868946734,5.5258122023290177,1.0915901075899754,12.0624095674,0.0232279803677,0.00014566607757087458,0.0075531785538913484,0.00029942839540217771,60,1,0,0,1
7,9,-0.23970572032139859,-5.7005672278580066,1.563909632372138,3.042800171428242,6.2831853071795862,6.076552048794869,120.155390463,49.3588687489,0.75657610534869213,0.0075689999999999993,0.37851512267434606,60,0,0,0,1
7,10,0.3312260210708084,-5.8649956216611825,1.5133716027149613,3.370845938492121,2.4944162810217012,-1.961382760211823,0.0338156824774,0.961691694904,0.00028172684323387952,0,0.00014086342161693976,17,1,1,1,0
7,11,-5.9822476982492203,1.7642306645200931,-1.2366038342499481,-2.2404247943051803,2.2644372509290331,4.6259357755481787,0.0485077566182,0.326012592064,3.2378374872948236e-05,0,1.6189187436474118e-05,19,1,1,1,0
7,12,6.2831853071795862,1.4699156802251057,-1.1190771348606521,-5.7037014742707814,-1.3773591802095557,6.2831853071795862,65.6890501508,57.1358621732,0.99874067323625293,0.015137999999999999,0.49982447661812646,60,0,0,0,1
7,13,-2.1260093192142628,2.7890320908383015,-1.2478315820590899,-2.5479617612907779,-5.697450080794761,-6.2172303719736401,4.61030934729,0.236735867162,3.8326891595925418e-05,0.00044289475218592725,3.2450288363540528e-05,22,1,1,1,1
7,14,-6.0287002201131275,1.9029883497099449,-1.5304282623007943,-1.2049744737054568,1.9801090693580778,3.8589546665730214,0.0375116916028,0.925465895739,0.00026090230497427064,0,0.00013045115248713532,9,1,1,1,0
7,15,0.24613330120306964,-4.5393172778611541,-1.1788646105977303,-2.3308801477701104,1.933280869124262,4.5673733916744812,0.188830625625,0.239588563622,1.7521513220302154e-05,0,8.7607566101510768e-06,15,1,1,1,0
8,0,3.070768627215906,-2.2188095230810827,2.9347939403135754,-1.4963007938394703,1.0122604232863555,6.2831853071795862,30.3164548199,1.85785899443,0.0019705171168323582,0.0075689999999999993,0.0012123285584161791,60,0,0,0,1
8,1,2.6225949520825198,-1.9524591110146985,2.716510101854607,-0.25358974156483349,5.9374695770256034,-6.2276039100825225,1.58077938143,0.388141070731,4.83905410985301e-05,0.00098712860837239205,5.3809128800436814e-05,47,1,1,1,1
8,2,-3.4608775703725279,-4.7916098977227657,-2.8598343620755742,4.9279257922721094,0.83255270546308136,2.6131000649444096,1.1474056825,0.395148976873,4.8880330434150168e-05,0,2.4440165217075084e-05,6,1,1,1,0
8,3,2.613684681076331,-5.9789770200825716,3.1158543476378502,0.71905307458861822,0.52542768270898066,1.8865153612344598,14.4824756517,0.325479003556,0.00024201222919630747,0.0037529951576377504,0.00023359596932728626,60,1,0,0,1
8,4,1.8441094711619315,-2.3451457296900085,3.0286187083390206,0.67147973660495686,-0.383906859296339,4.9066343001188839,0.272289605336,0.845054399044,0.00021760660050885013,0,0.00010880330025442506,9,1,1,1,0
8,5,2.6297012814393645,6.212710410263468,-3.1190056352302675,-5.5269986433091685,0.57809972580074898,2.1069176848558162,58.3763965224,2.93186148667,0.0060262376754227779,0.0044221112357490126,0.0031457821747838594,60,0,0,0,1
8,6,2.6594441454904341,1.0011803411976186,-3.0977862115098445,6.1873595611822347,-5.8089295349250882,2.0759147069849302,4.77752932288,0.0764129407511,2.4603428510872617e-05,0.0018656834457928294,6.8272217629221189e-05,34,1,1,1,1
8,7,-3.7073615241480593,-1.7572404294911685,2.7503280088683595,-6.1380470464472392,6.1465513114484907,-0.68183783493782835,0.23981924405,0.323465846902,3.192968084733636e-05,0,1.596484042366818e-05,31,1,1,1,0
8,8,-5.064150066209451,-4.6315204553805378,2.793628763765359,-0.85295111063786788,-4.4594743141678785,2.7808066920756267,0.156785298695,0.0204899932323,1.5247215338899757e-07,0,7.6236076694498784e-08,10,1,1,1,0
8,9,1.5611900575169466,3.9757405774925418,-2.8920215147092625,-3.8145757253646009,1.0420085569784578,-3.3810229098594027,0.538857947457,0.0815742803046,2.317402838042787e-06,0,1.1587014190213935e-06,12,1,1,1,0
8,10,1.2761847584225821,5.3815053433599447,-2.8414388381049043,4.1423890482741186,-1.680893218584405,-0.19366911637618003,0.533716151733,0.0557461374345,1.2314917230225886e-06,0,6.157458615112943e-07,35,1,1,1,0
8,11,-5.3411436788973941,-1.917700727148326,-2.5281715956056963,2.4140404193980873,-3.2654631139288322,3.5049032261461321,0.0787045856224,0.109075523012,3.6303709400192599e-06,0,1.8151854700096299e-06,18,1,1,1,0
8,12,-3.4540261057225754,0.61003108999035116,-2.6225575497619649,-3.8898565029543319,-0.848511831813892,-0.88222082311388494,0.107690964565,0.0242645231431,1.9094605363790396e-07,0,9.5473026818951978e-08,17,1,1,1,0
8,13,0.46740134739963735,3.4963673437744243,2.8672752241104202,3.2778692092797872,-2.0580872936385148,-1.9450681299932762,442.446697308,46.9033638142,0.86589472078845398,0,0.43294736039422699,60,0,0,0,0
8,14,-3.7018671689318343,5.0670964125866753,2.8541333757460587,0.57728950474803176,6.112824342000259,-1.8736477391319284,0.934000882584,0.684513233834,0.0001436033985133865,0,7.1801699256693251e-05,13,1,1,1,0
8,15,1.044521978750296,4.1585979472476557,-2.7167544403548147,2.1906558882275302,-3.9255905022314925,2.8351696564995605,0.744864370252,0.122127492305,5.0982296335116477e-06,0,2.5491148167558238e-06,18,1,1,1,0
9,0,6.2831853071795862,-4.6250777980541598,2.7521295177352219,6.2831853071795862,-5.3394979396439037,-6.2831853071795862,350.133990152,54.5364485244,1.0285943181070414,0.022706999999999998,0.51497836905352068,60,0,0,0,1
9,1,3.1633736909500394,-0.49636098992456035,2.6623741191938888,-4.9085523246019092,2.1662371139427927,-5.958729042255122,0.00718258788051,0.883952815035,0.00023801975055981876,0,0.00011900987527990938,42,1,1,1,0
9,2,-5.5553420660157764,-3.992476700613695,3.1058607941473722,3.1117008880259602,-3.7063203741254651,-5.5478756003058347,94.577139578,38.3805563909,0.45766673720962747,0.0026284222362316797,0.2289122212719007,60,0,0,0,1
9,3,1.1204745855310931,3.5524028175182329,-2.6975119785481221,1.6637412567209524,-2.0692954687591043,0.19878829630441602,0.0267759154328,0.850881637024,0.00022054359491219524,0,0.00011027179745609762,16,1,1,1,0
9,4,1.4153206359843551,3.963862557290454,-2.6360438024090023,-2.6521426369058503,-4.7745279000540695,-2.7832728362240218,0.609220641926,0.0333606328067,7.1016821034124012e-07,0,3.5508410517062006e-07,14,1,1,1,0
9,5,-4.251712268248391,6.2831853071795862,-3.1415926535897931,-1.1413322358188869,4.3277662574762044,5.8676575114540892,195.356195384,0.952960316035,0.038440676317107111,0.015137999999999999,0.019674478158553554,60,0,0,0,1
9,6,2.8657050361877654,-0.016298859805191801,2.8442952217380664,1.5802746779032166,-4.7183214850370598,-4.0494132803533702,2.39843515652,0.138664575665,1.1609633685522604e-05,0,5.804816842761302e-06,13,1,1,1,0
9,7,-3.4136765402991527,-0.34719129154085482,2.7166117376816179,-6.2826685028541114,-1.5489644452027413,5.3926591031844424,3.76829475456,0.0466968441748,1.4864292657704637e-05,0.0074793431340782045,0.00023181244035119843,53,1,1,1,1
9,8,2.9056489882257717,-3.9027156754662844,-2.8543831836303912,-1.3534643304184117,1.6597118864237608,-4.1951685019114917,4.40571070654,0.0141128169289,1.9470957969117723e-05,0,9.7354789845588615e-06,21,1,1,1,0
9,9,-6.2831853071795862,1.224111817035376,2.8061275923281865,4.1807085503184469,-6.2831853071795862,-3.8510669801143287,382.02322746,56.7547010834,1.127143727684532,0.015137999999999999,0.56402600384226598,60,0,0,0,1
9,10,-3.3593325059322656,5.2975183391860625,2.6108765594521177,-0.62177535951457719,-1.6685142075316137,-1.1291929745471496,0.474315955339,0.771029708111,0.0001813160140255049,0,9.0658007012752451e-05,20,1,1,1,0
9,11,-3.2587510659645846,2.2722102681990974,-2.8289701536901108,-1.3214468598032205,1.8635976116061947,1.72805848244453,0.439842894511,0.0260177700416,3.9966472315788265e-07,0,1.9983236157894133e-07,9,1,1,1,0
9,12,6.2831853071795862,-6.0325922771072884,2.9801772393122423,-0.34681808476608711,3.7474895114748028,-5.6886708197468279,318.373157184,39.456059188,0.57558395878646962,0.0075689999999999993,0.28801904939323481,60,0,0,0,1
9,13,2.6213004112178577,1.9348507409175264,-2.7224272772646607,-3.5772035606892794,-1.2024456747922334,5.7514611704479872,2.01646581225,0.138453641271,9.9054708229678026e-06,0,4.9527354114839013e-06,43,1,1,1,0
9,14,-3.1733861371727037,-4.6550280319105255,-2.5974360840332902,-3.6361182365029299,4.213764590621353,4.8369106573194189,4.06173525976,0.377462400295,5.9898932518003627e-05,0,2.9949466259001813e-05,9,1,1,1,0
9,15,-3.2873153650676326,2.3527386069855596,-2.8820931088913215,5.1588834753704518,1.8027661801873542,1.9010435354786626,0.176222595589,0.0245908616158,2.1525974781090203e-07,0,1.0762987390545102e-07,17,1,1,1,0
10,0,4.9161069270988014,-4.5620296779005871,2.7330212907635438,0.097724937366818337,-3.4556705799644409,-6.2831853071795862,59.2205517531,4.70035095748,0.010237077523509315,0.0075689999999999993,0.0053456087617546576,60,0,0,0,1
10,1,-1.2926588506981409,-2.8821580823593957,-2.8629917805797707,-4.1951921808369166,-2.5464975632370797,-6.2831853071795862,60.3405348011,55.8504550092,0.95382597192990826,0.0075689999999999993,0.47714005596495412,60,0,0,0,1
10,2,5.2062556996861549,2.0242087086643528,-3.0914507964279609,-3.6985973892339077,-2.8095992131494798,2.8524249358776332,30.5530855403,0.0800495214174,0.00093544300187812872,0.001358522693478782,0.00050847718174342783,60,0,0,0,1
10,3,-6.2831853071795862,-1.6646507585083221,2.9322755908679698,5.4259014851591942,-2.0671165591410587,-4.725351036749637,4.70164333647,0.345572674042,5.8483006431879276e-05,0.0075689999999999993,0.00025631150321593963,39,1,1,1,1
10,4,-6.2062066778229825,-0.94946473635563811,2.9028479874485686,5.4664993924097338,-2.0759007728066017,-3.7994421235992801,3.46677438029,0.140519651776,1.8033430885212749e-05,0.00010042786957232482,1.2029551529776118e-05,48,1,1,1,1
10,5,-0.75524854344598147,-6.2301718756417852,3.0945010823595913,4.4897662702386025,3.6477287974947208,2.7743453919661545,2.31751445212,0.848302939994,0.00022457901446523761,0.0027477695227097936,0.00019472259291391261,57,1,1,1,1
10,6,6.1423378713693086,-5.8321631611318656,-2.9561714083009361,-3.4426515793246888,4.1468774457545017,-4.8240311731779002,0.651998924386,0.128153655103,5.4279439365462917e-06,0,2.7139719682731458e-06,38,1,1,1,0
10,7,3.6418530539186258,1.7801543825418746,3.015371980621937,1.0813569904903633,-4.3774620796033368,2.339169818762374,272.388639998,17.4958891228,0.16744083258954601,0,0.083720416294773004,60,0,0,0,0
10,8,-5.9197957918667923,0.90784540444902295,-2.9029998180128458,-3.2342142946908998,3.2788766472692821,-4.3834112093582451,37.6943537863,0.694470313774,0.0015677779432294863,0,0.00078388897161474314,60,0,0,0,0
10,9,-0.093225424449690369,5.7666459659385882,2.9276279486232477,-0.90049136643857119,4.1625526696617747,2.9433656995819728,2.13582957788,0.315375522593,3.4859540576162046e-05,0,1.7429770288081023e-05,25,1,1,1,0
10,10,-3.9648881877070115,2.1344622374054989,-3.1224717777817852,4.1675300776234927,0.41888042327884029,4.9601115718928819,360.669205189,41.0221476124,0.64269752463329866,0.0046075755010718837,0.32148698958168148,60,0,0,0,1
10,11,-5.8225552837882182,1.8439341283975055,-2.8969938030790114,4.008826211480895,2.0865246827004222,-4.7906269690174828,35.9211422967,56.4281672274,0.97123424752214482,0,0.48561712376107241,60,0,0,0,0
10,12,-0.4716967876238144,-5.8412957449183729,2.9405298661258956,-0.015752699800083758,-4.2708601648906193,-1.5232983552230501,28.278377452,1.40654408091,0.0014023114542549915,0,0.00070115572712749577,60,1,0,0,0
10,13,0.49805154672959506,3.4331301448265976,-3.0559795580427189,-3.0606909228177517,-4.8262051826791481,-1.0134547716638356,194.177663651,16.4061158919,0.11969598431734839,1.9235039615454191e-06,0.059848049863793037,60,0,0,0,1
10,14,0.79481320274013589,1.1899626686658618,-3.1415926535897931,6.2831853071795862,6.1537666527091828,1.3300035262091376,177.168935218,12.1437532434,0.076310988783156092,0.015137999999999999,0.038609634391578045,60,0,0,0,1
10,15,0.50266679733720254,-1.728736789957098,3.0958272147250092,-1.2041037230337053,-1.9165291879592083,-4.9774299964315247,147.07427156,10.7597267186,0.056896923698742885,0.0017002890320138733,0.02849947052033186,60,0,0,0,1
11,0,-1.2578733432562941,-2.1093444923070281,3.1363589795145632,-4.153046090802877,0.49604918868426606,-6.2308191120269605,390.20820677,10.7392421655,0.18739437444727516,0.0078852324934417344,0.093933744198440833,60,0,0,0,1
11,1,0.66067055883356651,4.4388489839197467,-2.9042591265699769,-4.9921205663406258,-1.6473783545483571,-0.4543308358871247,0.140162325458,0.898427748328,0.00024589842506600749,0,0.00012294921253300375,34,1,1,1,0
11,2,4.7811532349754833,6.0573629396288995,-3.1193721375649872,6.2831853071795862,2.7194025878951766,2.603021290816625,252.306858172,56.1645635089,1.0245616666071244,0.011765381544092427,0.51263379474988502,60,0,0,0,1
11,3,-0.71791119515964863,-2.3175651359953506,3.0906776225704355,-0.87331453509138268,-0.62788735547339281,5.341328924792399,395.947533752,34.8278910909,0.52626989591436935,0.001302124986333926,0.26317401170677468,60,0,0,0,1
11,4,-3.9347373331022069,3.7731238800572253,2.8097250312880666,4.9282850914948693,2.8799870656258317,3.0668503378434697,1.7209826161,0.281708934261,2.7136196339418528e-05,0,1.3568098169709264e-05,17,1,1,1,0
11,5,-4.5419762351040633,-1.4479946257045899,-2.8638677353613313,3.3780886433136001,3.5571946854458552,-4.883512149259583,256.482728897,47.2560741166,0.74603568134838716,0,0.37301784067419358,60,0,0,0,0
11,6,4.9772492870504017,0.78164734435496519,3.1161310480417979,-0.84445497092726518,1.3033970147269833,1.5861658053372765,347.067215545,31.6604260411,0.42579884638193882,0.003786973991730527,0.21301303241072134,60,0,0,0,1
11,7,5.7700750080405792,-0.86193184784267785,-2.9482452565873998,5.9331853071795866,-3.2640071275505935,5.961200199703983,101.117641298,0.735811076897,0.010389702717779921,0,0.0051948513588899606,60,0,0,0,0
11,8,0.49526802078525167,-1.8045205659772274,-2.8394844412045037,1.2977279212938568,4.4439775989858497,0.67292290966996549,0.465246339818,0.0391498734985,6.8334511266134272e-07,0,3.4167255633067136e-07,20,1,1,1,0
11,9,2.2871153313642072,-5.2725584995863626,-2.8637891266536362,-1.7011227942134171,-2.6123636265330257,0.26141074132115683,0.0565423684335,0.0488137609661,7.290343278947581e-07,0,3.6451716394737905e-07,20,1,1,1,0
11,10,1.6573924792913692,3.1608366812274729,3.0290887184561113,3.5295928740336784,5.0281752657005994,-0.11083691002124171,30.1466096193,0.229664787307,0.00092488539592500661,0,0.00046244269796250331,60,0,0,0,0
11,11,2.3032011170817492,4.8881186539191512,2.8824130836140833,-4.1953271332217295,2.6343874941950096,-5.2174972215497659,1.78548632117,0.322588694099,3.4887505776152147e-05,0,1.7443752888076074e-05,24,1,1,1,0
11,12,0.63093988419603331,-1.1454164561817219,-2.5912210654280692,-2.8681601689747578,-4.6064034192331968,2.8950505161811506,0.0201813783858,0.73278587476,0.00016357238839075495,0,8.1786194195377477e-05,31,1,1,1,0
11,13,-4.8716823827108371,-3.5554773761817824,3.0092925479362251,-2.4388377202797349,-1.2728851404337453,6.2142033159325578,14.2693068941,0.132392132144,0.00020895235487390298,0.00032464863942216032,0.00011421563661961631,60,1,0,0,1
11,14,0.64700719106929427,2.0951512107535666,2.8718127237344531,-2.0259938273569382,-1.6598151263373158,-5.5099827657061038,0.100166540652,0.033391858298,3.4968669391109963e-07,0,1.7484334695554982e-07,25,1,1,1,0
11,15,-4.8835569661791309,-2.8410116692993741,-3.1415926535897931,-6.0609345579519553,-3.8350273270893886,-3.3025565022905043,298.258657289,33.6116293073,0.43309720538800656,0.0075689999999999993,0.21677567269400327,60,0,0,0,1
12,0,-1.4797727828658742,-3.7904498608090846,2.5101787801684119,-4.7794405190933613,-4.4410064135534775,-1.4641795160448716,0.0826930281144,0.987254161387,0.00029690853603087965,0,0.00014845426801543982,21,1,1,1,0
12,1,-1.4617213337941077,1.5287117020958698,2.7352422227352062,-0.72140654458540099,-4.4939521465600745,-3.2336346976843315,0.0355982564771,0.783141382539,0.00018682630644127897,0,9.3413153220639486e-05,11,1,1,1,0
12,2,-5.4296416505344167,-5.7084214748700575,-2.6490904329768932,1.2532756635602005,-2.4200805735155231,-1.4936060679819896,1.86755676944,0.637077395892,0.00012712211191974612,0,6.3561055959873058e-05,9,1,1,1,0
12,3,6.2010402020663209,1.3647887525821163,-2.8333805194817931,3.9992086455058762,0.2877623171653213,3.6226034614013063,30.8992516599,0.470988410953,0.0010223370607301994,2.3570004361242314e-05,0.000511875630495937,60,0,0,0,1
12,4,-1.0067062491599637,5.0647443358725281,-2.7125083496386497,4.1313408643130547,0.51912050842851576,-6.2093251012043682,0.58000871685,0.545806217669,9.1083288082494148e-05,0.00017265418701369582,5.0721269651657947e-05,19,1,1,1,1
12,5,0.83764018807113438,0.60826980245390028,-2.5951800086944794,-4.8940327765122529,3.9205149295522621,-0.39721511382368424,4.67683412693,0.0088500689946,2.1896636220686891e-05,0,1.0948318110343445e-05,13,1,1,1,0
12,6,-5.6882619290323131,6.0099268493922438,-3.1192820884061185,1.334625341415375,3.1031775265334427,-6.1839936828115647,149.287402757,14.4699251203,0.08606713802278039,0.0041847229768556147,0.043159110700695863,60,0,0,0,1
12,7,4.5642452446751047,-4.5492530481160438,2.6050924713290557,5.2171688373362439,-3.0809597914802862,2.8350794639880474,3.24220148765,0.0878195772813,1.2861164758442178e-05,0,6.4305823792210888e-06,54,1,1,1,0
12,8,-1.1741055116771286,5.0613163623211435,-2.668183082639993,4.4768602107025108,1.0243848208740844,5.7038241345529563,0.22434169327,0.46671728719,6.6403626629892257e-05,0,3.3201813314946128e-05,16,1,1,1,0
12,9,-1.3743334590806167,1.6761396725356639,2.6009465514439873,-1.3970449071223534,-1.5474844992585335,5.7323132647990933,0.000334144674005,0.664525115029,0.00013451711182098291,0,6.7258555910491453e-05,14,1,1,1,0
12,10,-6.1150455800858863,-1.9280409641910796,2.7284568565899217,-0.83925812100683805,5.9517592363887104,6.1235618666375675,0.0632868291911,0.974623326059,0.00028935723731162187,0,0.00014467861865581093,28,1,1,1,0
12,11,-2.7534004368903662,3.6562211610705888,2.8947828996369211,-5.0517574745831029,0.017292435802629815,5.9331853071795866,489.337123621,7.93569608603,0.2586341855335243,0,0.12931709276676215,60,0,0,0,0
12,12,4.7881669038253492,-2.1244216861675933,-2.4960583832913006,1.6858771892220037,4.3953957595088786,-4.4145914054844777,0.0241730972227,0.429996123071,5.6323329618881346e-05,0,2.8161664809440673e-05,12,1,1,1,0
12,13,0.7618868144638119,-4.9841024423502223,-2.5016141625752937,-2.0977768607183735,-4.2057919223376272,1.6320157659526542,0.0568145347659,0.693256525915,0.00014640376434751367,0,7.3201882173756834e-05,24,1,1,1,0
12,14,-0.016841059309202586,-6.2658094527967272,3.1097094441556634,-5.219105804044565,5.8071890318602595,-3.9041660467905221,73.7011240189,16.6023357912,0.089395856093514997,0.0078853822551988549,0.044934489514413464,60,0,0,0,1
12,15,1.7784152108551083,-4.7062141054959419,3.1222493013398251,4.7043289272784543,0.65335800832952906,2.2135796413476805,514.352666793,1.32997000204,0.26509747928446897,0.0045774219847719132,0.13268606230177765,60,0,0,0,1
13,0,1.351349669595787,-1.8988473264297685,-3.1009500905639071,-6.2410848485214796,-3.1133485935024146,0.30536748765377891,749.84446054,15.3664508697,0.63419535993500742,0.0041649807755213437,0.31722262939076934,60,0,0,0,1
13,1,-3.4146729345338867,-3.3309829602931491,1.8815535919447548,5.876664105461237,0.90256106461781782,-4.5089388201601972,0.109827421403,0.0355537704906,3.9711998590375059e-07,0,1.9855999295187529e-07,27,1,1,1,0
13,2,-5.9182463963071452,3.7510992344214391,2.1824005058789582,0.26007789129370812,0.54251799674813062,-2.3098875135208035,705.511644473,57.1573430661,1.4929201747648302,0,0.74646008738241509,60,0,0,0,0
13,3,5.0093273634742568,-6.1084547111490828,-2.0691537509884466,4.8358713622891001,5.9856244889090435,-4.2005126755615558,0.00817448100659,0.867411238151,0.00022919490070826809,0,0.00011459745035413404,34,1,1,1,0
13,4,-3.3621465505577959,4.7323030935914474,-1.6527780821331968,-3.9872594173845184,0.75520844640142293,6.2831853071795862,12.8534009515,35.7446683641,0.38936919584552687,0.0075689999999999993,0.19491166792276343,60,0,0,0,1
13,5,0.57492553514066025,-0.38574584074818474,-3.0189328182606561,0.2990147987901185,-2.6613079942694928,-6.1819635950025074,667.954884053,9.64254347116,0.47448664194102369,0,0.23724332097051185,60,0,0,0,0
13,6,2.7796789662761721,-1.4385145484277111,-2.0578299891071721,-5.284764051804653,1.3840727431531157,-4.6581588214027496,0.194355024736,0.706080728665,0.00015190478710648794,0,7.595239355324397e-05,45,1,1,1,0
13,7,-3.4397819018188578,-3.3463865591548183,1.8860573956425601,5.9017933663198203,1.0406069783061527,-4.9443311855988501,3.14346544523,0.928048896998,0.00027224066866774637,0,0.00013612033433387319,22,1,1,1,0
13,8,-1.0311504703042873,-1.6301299204216533,1.9867664445879241,1.934439815384706,-1.802694735610189,2.6640599937214935,0.144048125227,0.0489676942961,7.5117219895020754e-07,0,3.7558609947510377e-07,23,1,1,1,0
13,9,5.1727787457387544,-2.0649133049799899,1.9137994634978954,-6.2831853071795862,-4.7840772047282174,5.2646889780746511,82.1295560915,34.316081787,0.36546074813231277,0.0075689999999999993,0.18295744406615638,60,0,0,0,1
13,10,5.2488675064235801,-0.091787305154449994,-1.998589073673682,-5.1162263313565504,1.785942157222399,-0.73615310079349039,0.031624664984,0.000392580699078,1.0470669518489487e-09,0,5.2353347592447434e-10,17,1,1,1,0
13,11,-3.6377281778943775,4.8648192671648181,-2.0562148198742842,0.7140515019044078,-4.1908926704899869,-3.705668673838173,0.000785111285093,0.704821740781,0.00015132591914830608,0,7.5662959574153042e-05,10,1,1,1,0
13,12,5.2039839164963793,-1.99998824101091,1.9804802031551541,-0.79249829039089092,1.5562740909529289,-0.5118126995867589,0.0318033756531,0.0153810863432,7.3077178925765014e-08,0,3.6538589462882507e-08,12,1,1,1,0
13,13,-1.0515130195747879,4.2908414890833901,1.9919478232590426,-0.87628549140295953,1.6968723303094657,5.6215909228633771,0.0291121079242,0.000358154871278,8.8658960045251289e-10,0,4.4329480022625644e-10,42,1,1,1,0
13,14,2.7720650065490915,2.8970537882558625,2.0558584644719815,-1.1631716692702161,-4.8607809802140904,2.5396417516639374,0.0776233406171,0.542316980435,8.9596356310354757e-05,0,4.4798178155177378e-05,14,1,1,1,0
13,15,-6.2831853071795862,-6.2831853071795862,-2.2858177132689419,6.2831853071795862,-0.78076895802089386,-3.1937062439611199,569.442037144,50.8269005259,1.111204900166594,0.022706999999999998,0.55628366008329699,60,0,0,0,1
14,0,1.7034963608228275,-0.79403100238455604,1.2953951003513069,-3.0569574393084293,2.2970671180483815,1.1327580428461939,0.156722206194,0.705641645609,0.00015170275389904113,0,7.5851376949520564e-05,21,1,1,1,0
14,1,6.2831853071795862,-6.2202756015402061,3.1415926535897931,3.3183528978587979,5.1526063063240057,5.6031465760494372,827.72205008,42.889316005,1.2454655337524472,0.015718342282381309,0.62320431714469504,60,0,0,0,1
14,2,-4.6037418668795294,0.50664780946024557,-1.4802503244723519,5.3169204250737625,-4.2788891380532883,1.4781190613092803,0.0458430424688,0.15226902242,7.0649169677093081e-06,0,3.532458483854654e-06,12,1,1,1,0
14,3,-6.2831853071795862,-3.3078724009100995,2.164575779606789,-5.5979695601091244,-6.2831853071795862,1.9284156302881499,665.769336447,6.58587688867,0.45646121659532979,0.015137999999999999,0.22868474829766489,60,0,0,0,1
14,4,1.6930599732761697,0.33391513577407517,-1.5049467819508184,-5.8763341434390455,-4.1207860666454463,1.7776561963900019,0.100792857652,0.741419519469,0.00016745923942019993,0,8.3729619710099965e-05,16,1,1,1,0
14,5,1.7135978737144806,-0.80812232103467296,0.86847918609442243,6.2274449903973652,3.8291735887929428,3.8107886049170716,4.95894461612,0.0046052606321,2.4597592161637001e-05,0.00097716779487589224,4.1613829927095264e-05,29,1,1,1,1
14,6,1.5774838686474932,0.42362481579577099,-1.5928785626024904,0.011227997477615066,0.92167415777829709,-4.7811841653884457,0.0709896174785,0.204424875565,1.273485825223206e-05,0,6.3674291261160302e-06,10,1,1,1,0
14,7,-1.1478966422272721,4.1351279436651032,-1.5692035513419285,-0.97236884128407486,4.7109824873695443,6.2831853071795862,6.02781990057,54.2056118379,0.89507796711984733,0.0075689999999999993,0.44776605355992366,60,0,0,0,1
14,8,-1.0637491643643893,3.8363569091847909,-0.89172168121683126,-4.3190432434461643,0.44402183194456263,-2.1156589277758209,0.109153249248,0.368250507458,4.1320606381529222e-05,0,2.0660303190764611e-05,21,1,1,1,0
14,9,1.6387737009018113,-0.74101901245363766,1.2156509305849235,1.7779194978103643,4.7033811857120451,-1.5561935828467022,0.0110047481189,0.157738809376,7.5794691775565162e-06,0,3.7897345887782581e-06,22,1,1,1,0
14,10,-1.0795435056547773,3.8517805723846346,-1.0709460581213344,0.58628816405632533,-0.72760452423373612,0.15341940229228371,0.0307252446679,0.666980742025,0.00013551405776139307,0,6.7757028880696536e-05,40,1,1,1,0
14,11,5.1944121894986699,3.8525705869474676,-0.77901857523283047,-3.6055176330263583,0.85634263897049778,3.9088955860699817,0.0258512514019,0.43273966904,5.7044429385019502e-05,0,2.8522214692509751e-05,16,1,1,1,0
14,12,5.1675528333579646,3.0093540553398603,0.77368702630254627,-6.2221551837321325,5.1259357201263489,-5.8615287926786195,4.58050685071,0.145409468854,2.7421847424235795e-05,0.0006744344881544921,3.3943958356752663e-05,47,1,1,1,1
14,13,-1.2216537076780836,-3.1750730989946274,0.67976864181534291,1.6633621799884775,-3.9614137974364945,-1.5207539676015636,0.0108178333589,0.251078178265,1.9203275810827433e-05,0,9.6016379054137166e-06,17,1,1,1,0
14,14,-6.2831853071795862,4.6514218565886782,-2.3672820603905387,0.48073102027651732,-5.3970128181308477,-0.44855241962657955,754.369861124,45.8781624288,1.2102343956163417,0.0075689999999999993,0.60534426780817086,60,0,0,0,1
14,15,-5.4284982176243659,-6.2831853071795862,3.1415926535897931,0.80465719960329474,-4.3655653573403308,6.2831853071795862,813.338942194,53.0468873257,1.5187052025407834,0.022706999999999998,0.76003381127039171,60,0,0,0,1
15,0,2.4504491845747549,3.1482925248026534,0.59741740127015452,6.1120132031898846,-4.4871260815019163,-0.02464844264301088,0.00526402011065,0.65522891575,0.00013077988075648045,0,6.5389940378240223e-05,13,1,1,1,0
15,1,5.3632494341271091,-0.47901302975477089,-0.071923451999375998,0.63531794584600076,2.1503730006112542,3.6698847003772701,24.7362870245,0.366197791108,0.00065273334221348006,0,0.00032636667110674003,60,1,0,0,0
15,2,5.2376364394628263,-0.77295014630947467,0.83507214987145983,-2.5844832420496262,-0.26807841182015751,-0.094257762711129442,0.113250002855,0.175624617559,9.4084471758980262e-06,0,4.7042235879490131e-06,28,1,1,1,0
15,3,-0.885242320982913,-0.43088566656892069,0.25823385960619183,-3.1412165991262753,-2.8908396312902527,0.37233321443462319,0.183666679817,0.909566552061,0.00025204717086237729,0,0.00012602358543118864,22,1,1,1,0
15,4,-1.0342459334908469,5.5207001553320207,0.8416726740090551,3.3780829841891409,5.6911239674859138,0.29420818631752771,1.39798363884,0.189673005718,1.2913228581325876e-05,0,6.4566142906629381e-06,17,1,1,1,0
15,5,-6.2831853071795862,-1.9657102960596635,1.8750088023899032,4.8926346990570835,-1.7084639262338701,-6.2831853071795862,1027.50888367,57.2327430603,2.05357532914587,0.015137999999999999,1.027241804572935,60,0,0,0,1
15,6,2.5507109362202494,-2.7316453586924259,-0.21011883218866467,0.18906827392562828,0.19905469785362662,0.13264749472890497,0.974442223494,0.949005783358,0.00027529163426326663,0,0.00013764581713163331,12,1,1,1,0
15,7,4.3811189594800979,-6.2831853071795862,3.1415926535897931,-5.9331853071795866,-5.4516852283936243,-1.3236876379642486,983.505201168,5.91359287696,0.97793512879071476,0.015137999999999999,0.48942170439535737,60,0,0,0,1
15,8,-3.8931609379294212,3.5736884510813569,0.080060597205347583,-4.1404046155507865,-2.8503326368309048,3.1014921329209129,110.596746342,0.000793788475274,0.012231640493280554,0,0.0061158202466402769,60,0,0,0,0
15,9,-1.04688729595526,-0.50094082652059968,-0.0080616563830510635,-0.1407662449345517,-0.19784794563778466,4.0799684192774075,4.53212370697,0.00432882083553,2.0545853426650262e-05,0,1.0272926713325131e-05,11,1,1,1,0
15,10,2.3891190193327425,-3.1008165285875422,0.76147581371556716,4.413219492742777,2.8831885466141487,6.1818342246633566,0.816847205682,0.195007305842,1.2251184700859215e-05,0,6.1255923504296073e-06,7,1,1,1,0
15,11,-6.2831853071795862,0.39968071555007767,-2.0185284499778189,5.1265486268790026,6.2831853071795862,-0.73200544560377589,1095.15900335,20.9709765941,1.3333384578722556,0.015137999999999999,0.66712336893612778,60,0,0,0,1
15,12,-1.0348392456305544,-6.2417460038072319,-0.90698816397668203,-1.5915287790099184,5.6925792684515182,0.33122919104318654,5.70714525169,0.030503912289,3.2854949980176257e-05,0.0020757770771963609,7.8700787305978944e-05,60,1,1,0,1
15,13,2.392333327006162,3.3379423903341054,0.22370783901168956,-6.2762802333325771,-2.8382383798922453,-4.4700629198890098,76.9576788275,0.796122589046,0.0061155542558192222,0.0064151971954530627,0.0032502330437732029,60,0,0,0,1
15,14,-1.0260159063304721,5.9256087935744937,-0.2882301985797735,-6.0372205696493628,5.579399330603132,-6.2831853071795862,91.5514792914,12.7862004112,0.058182637390798805,0.0075689999999999993,0.029318388695399402,60,0,0,0,1
15,15,-1.0141390158793606,-6.2742199605702229,-0.62902446462249662,4.4514530745915621,-5.3247840427517703,-4.0973166098440057,13.1495969459,0.248730996093,0.00019175769877643095,0.0060894071297968033,0.00027856106328211954,60,1,0,0,1
16,0,3.4999479898764458,3.9826928964080941,-1.382167161442597,1.9898679526718317,2.0567827405389201,6.2474669360047992,4.71980227803,0.0297286104165,2.2545751457636488e-05,0.0026298054549669116,9.0167039377825591e-05,23,1,1,1,1
16,1,-2.7434788271675337,2.5203299135727799,1.5920024102740038,6.2346075171706152,-4.624832237367678,-0.11463205224333059,4.93212615925,0.504765792768,0.00010193888560235748,0.0014762662205947282,9.5257429419020592e-05,30,1,1,1,1
16,2,-0.048522864295850204,-5.6339318761008057,-1.9151183387940376,6.0205134418002118,1.1840991622200561,-2.0854001172474881,0.0961670174362,0.467382944434,6.6551953773532531e-05,0,3.3275976886766266e-05,14,1,1,1,0
16,3,-2.7363073670036506,2.450018688589672,1.7748867183539205,-0.73742912516151016,-4.6635937818972497,6.2831853071795862,3.39674409088,17.6805653145,0.09523567128267417,0.0075689999999999993,0.047844905641337088,60,0,0,0,1
16,4,-0.078114147086975241,-1.3236418700618391,1.7999192642701725,5.3716476709807877,-5.3890487204799067,4.6998511966833512,0.0187142017532,0.96211800872,0.00028197588091329582,0,0.00014098794045664791,31,1,1,1,0
16,5,-0.051885973248365594,-1.2445512994815808,1.9280777949147179,-1.8941266577381024,-5.1299996489919879,5.4981407462985734,0.0280434707576,0.585303383322,0.00010435663749864273,0,5.2178318749321365e-05,24,1,1,1,0
16,6,-0.047718171284872955,0.54235648628276534,-1.4713376216096916,-3.5083145030613845,5.0918400570020568,1.8427352023593038,0.0267166591136,0.148858836807,6.7507169579142272e-06,0,3.3753584789571136e-06,24,1,1,1,0
16,7,-2.7540608660326602,4.0924628177006737,-1.6980943590097757,-4.9669516082163279,1.7837327792097226,6.2831853071795862,4.45297787459,16.6647265855,0.084616080682356251,0.0075689999999999993,0.042535110341178128,60,0,0,0,1
16,8,3.5335587061429381,-3.762165028622384,1.5897741947976254,6.2336475120881065,1.677315944155932,-6.2373933989758141,4.85957346206,0.292845621502,4.9739004905732761e-05,0.0031015236260943059,0.00011791521123569555,39,1,1,1,1
16,9,6.2244318333001498,-5.7901139525851866,-1.412773964963338,2.5622310541862916,-1.1146200162643396,-5.7472344625521874,2.12626066886,0.628795810274,0.00012496189043190162,0.00079786623787968063,8.6416932352341227e-05,21,1,1,1,1
16,10,-0.047240558384582673,0.60190155556182023,-1.9342248590711322,-6.2369732663173565,1.1891205167860381,-1.3917454365253754,4.97972485123,0.0966518312572,2.7643266519642713e-05,0.0016636576106244159,6.3731361578553831e-05,29,1,1,1,1
16,11,3.4957722614734079,2.5083345445081595,1.8830404159559457,-2.8779382858456808,4.2436364994721707,3.3895944057516698,0.0216002922387,0.54842421144,9.1619978546739114e-05,0,4.5809989273369557e-05,12,1,1,1,0
16,12,3.5181156235386259,-2.2827777080141862,-1.4788699956782168,-4.4724921854164315,-4.4496944802933633,-5.7322944289482933,0.0201493889337,0.296738623734,2.6823130650852327e-05,0,1.3411565325426163e-05,42,1,1,1,0
16,13,0.0041226291354906804,-0.88967327197378787,1.5798173311421304,2.8576239444863609,-4.6025754429496191,-6.2831853071795862,4.62311276699,51.6262686942,0.81190953686844636,0.0075689999999999993,0.40618183843422317,60,0,0,0,1
16,14,-2.7693310242879323,3.9847701129524431,-1.4133530381966342,-4.3316732194216643,1.8715883853594724,-5.4884631238754826,0.050639663594,0.164948057769,8.2905530233146679e-06,0,4.145276511657334e-06,26,1,1,1,0
16,15,-0.17910323731997077,-1.0428182815623175,1.3589818946940915,6.0669109198449629,6.2831853071795862,-4.6597109109483466,105.757768057,48.7407356173,0.73485191435602626,0.0075689999999999993,0.36765302717801313,60,0,0,0,1
17,0,-0.034697862309734803,3.877890624810751,2.121775431120545,5.6874796389433246,0.84327684579262574,-1.3556982643443338,0.0208889790255,0.513819598047,8.0422657823385469e-05,0,4.0211328911692734e-05,19,1,1,1,0
17,1,-2.0463390901571841,-2.922218130201653,1.8135229742833034,-5.228584878362561,6.2831853071795862,5.8727935879954734,150.555397221,41.9566910083,0.55890444294093955,0.0075689999999999993,0.27967929147046977,60,0,0,0,1
17,2,-5.9037771429201671,-1.7883663369619982,1.8502221741713312,0.83316551388436677,-2.1422496013885812,-5.4129498870126422,0.0191746560568,0.416877954137,5.2938984849230434e-05,0,2.6469492424615217e-05,36,1,1,1,0
17,3,-1.8953450268570755,-3.0388646204655094,2.3155670564298831,-3.8418669272842911,-1.6660935850633738,-2.5803203368765648,1.19166682611,0.466334218731,6.7664490107792303e-05,0,3.3832245053896152e-05,18,1,1,1,0
17,4,4.2796867979323689,3.1589254625177769,1.8609087337649179,0.35522927316965403,-4.2622687670874209,0.81112782028223018,0.0128648039763,0.304813101898,2.8302482844577161e-05,0,1.4151241422288581e-05,13,1,1,1,0
17,5,0.25650112940534364,-0.11929429807430292,-2.3043181357731295,-5.5154225643955082,-4.5637223764313468,4.6222900389076349,0.435465236101,0.105591385212,3.5859742706841681e-06,0,1.792987135342084e-06,16,1,1,1,0
17,6,-1.8697635468880591,-3.0446636571435279,2.3203970328928141,-3.8030636342282125,4.6940179357811447,-2.6632122385039403,0.0261555518296,0.0177150427211,9.6279985797100022e-08,0,4.8139992898550011e-08,15,1,1,1,0
17,7,-2.1986948883965991,5.1184668983355266,-2.2154330865268603,-6.2416617731678734,-2.9233170620997537,-0.092638098167197036,11.8977530436,1.7714911354,0.0010975010786399893,0.0020681089587838396,0.00061079380808350982,60,1,0,0,1
17,8,4.2886579095220076,-1.3215738218267878,-2.0590035989587459,-4.5448391028367165,-4.2938717584076409,-5.4244555140370094,0.59041388365,0.831935958098,0.00021117961682164639,0,0.0001055898084108232,14,1,1,1,0
17,9,-6.118222937067781,-2.3812583771342912,2.2428286431026692,5.253627528997634,1.6922954564483417,-6.2831853071795862,25.266292463,57.0798887489,0.99311657407424159,0.0075689999999999993,0.49678535703712079,60,0,0,0,1
17,10,6.2831853071795862,5.8743426077350804,-1.9253423063377633,2.2356663742422462,1.5395818795294247,-1.9605149191564506,59.8113415101,19.6073318401,0.12068679045756711,0.0075689999999999993,0.060570465228783558,60,0,0,0,1
17,11,0.28847828483198124,-1.9045060851684101,2.1899714305501665,-3.1927058850626469,1.8237770473605737,-2.02842127856723,0.0078647044896,0.968085501189,0.00028548432065189107,0,0.00014274216032594554,27,1,1,1,0
17,12,-6.2279358603615762,6.2831853071795862,-2.3197701886909234,6.2005795769369181,1.0807100144562081,5.5925714316157071,12.7500202422,0.0561862188157,0.00016352466022477054,0.0085964072340625735,0.00033965454713426248,60,1,0,0,1
17,13,6.2831853071795862,-6.2697513736624506,-2.3500990388739074,0.81426383071909214,-3.8553030159131025,-6.2831853071795862,181.315715081,54.6238355572,0.94178170004336303,0.020549966137761218,0.47150734900581437,60,0,0,0,1
17,14,0.02997688727737139,6.2831853071795862,-2.1338836676394424,-0.84709007524062785,1.422364490541242,6.15865669283267,70.7756637263,11.7821556544,0.047295938618380488,0.0075689999999999993,0.023875039309190244,60,0,0,0,1
17,15,3.0909182813872125,-0.70665269215507298,-2.2308301561001156,4.0376926972469294,4.751246804550429,-6.2831853071795862,396.743533673,55.4680310785,1.0946225998983903,0.0075689999999999993,0.54753836994919514,60,0,0,0,1
18,0,1.1455073746984086,-1.7917763857438027,-1.566222523101751,6.2831853071795862,-4.4472354772749885,-3.4655496530987238,8.56023892574,0.740118655795,0.00024013968787051491,0.0075689999999999993,0.00034713984393525745,60,1,1,0,1
18,1,-5.1824757288104877,3.042600733431184,1.5388937299448024,-2.0674016787516418,2.295191474340053,2.9696149874465871,0.0421446198882,0.694072089119,0.00014674697327526711,0,7.3373486637633555e-05,14,1,1,1,0
18,2,-3.0259578425970028,-5.9570357740763757,3.1415926535897931,-6.209148499769003,5.399285714147954,-2.0328665555546612,739.125526003,9.55776720693,0.5741336229008529,0.0077370443621103081,0.28729892278128977,60,0,0,0,1
18,3,1.1263529566231303,-2.9008174718668798,1.0405055739510809,1.574778121427135,4.2584941854601652,4.305991831812543,0.0180299061896,0.740628261636,0.00016709218595819327,0,8.3546092979096633e-05,23,1,1,1,0
18,4,1.2433880137404068,-3.1402620349171242,1.0315817981690074,0.6052620535395743,-5.3205856096487585,-4.5943586211274683,0.0807224306572,0.477389415491,6.9429025307075434e-05,0,3.4714512653537717e-05,15,1,1,1,0
18,5,1.2902714672872058,3.0071567510125718,1.328178887785739,-0.61401925092138177,0.26066644243114301,-3.1553230526973488,0.219930627441,0.577106582693,0.00010150181274809653,0,5.0750906374048264e-05,25,1,1,1,0
18,6,1.2455398769945965,4.5829127024161425,-1.4614732743083221,3.9005329788132879,-0.94007062699402,5.5789189997025952,0.146575386102,0.0344181164167,3.8233619170306077e-07,0,1.9116809585153038e-07,27,1,1,1,0
18,7,1.2516152646415102,4.4805783431302473,-1.5850743854390226,0.096115494973228036,0.87457667613575996,-2.4418015837447569,0.0352824996534,0.0505024402656,7.7817050949412798e-07,0,3.8908525474706399e-07,6,1,1,1,0
18,8,-2.3044993358466836,-1.3753177160610961,1.3116615936170981,5.9498901314204291,2.1394650722457236,6.2831853071795862,3.14891453339,0.478619538636,7.969640468313427e-05,0.0075689999999999993,0.00026691820234156711,20,1,1,1,1
18,9,-2.3718122220443583,6.1816383949130289,-1.3669123397600949,1.0733273321971102,-4.7248421586004481,5.9163010755866869,0.230735184903,0.098216117087,2.9917019265897552e-06,0,1.4958509632948776e-06,32,1,1,1,0
18,10,-2.3172358891096958,0.081052568202022127,-1.5484872664239802,-6.0598958444752586,-4.2326909373909807,-0.88900441418649367,0.119685203917,0.450632485586,6.1872873428049348e-05,0,3.0936436714024674e-05,8,1,1,1,0
18,11,6.1416074133311582,-0.53448593450031279,-3.0121157689202263,0.28616860481846473,-2.3660470942949505,-2.6434409579022553,989.113060984,27.9329529315,1.216022346390971,0,0.60801117319548548,60,0,0,0,0
18,12,6.2831853071795862,3.5940397979087639,2.1318423972219223,-5.6511585392345136,-2.2351398046687541,-1.4694883630014226,846.33783916,40.0850420071,1.2057502348324372,0.0075689999999999993,0.60310218741621857,60,0,0,0,1
18,13,3.8989745507438034,0.21646079352979861,-1.4855422327838004,-2.3562243945491246,4.8326971728753199,2.5718601464086532,0.0687185475294,0.115453831662,4.0651467123114679e-06,0,2.0325733561557339e-06,7,1,1,1,0
18,14,1.2446653326057942,2.9398098418660092,1.4444631547158955,5.6340251350872368,-5.3347211664751368,2.5938725049825067,4.36963283665,0.159630393387,2.6855910331059787e-05,0,1.3427955165529894e-05,20,1,1,1,0
18,15,-5.0678317846756107,-2.075066929897976,-1.2545581011208973,-6.2385481403252658,-1.2390627623138408,-2.0946935640281272,4.86933488523,0.0167884011612,2.3796278770275663e-05,0.0017946096321286898,6.5736428348998519e-05,38,1,1,1,1
19,0,0.492576260706518,-3.7213301086559887,0.067962536708474075,-3.8974836590875479,-5.2043809798337319,-1.4761965692193304,187.746933855,1.01921285193,0.035565346175084736,0,0.017782673087542368,60,0,0,0,0
19,1,3.3161572780084643,0.57565087049667951,0.15138261283147869,-4.6529467807118845,-1.9782058120276724,-1.3878078000181948,163.212437927,0.161824686011,0.02664627698020474,0,0.01332313849010237,60,0,0,0,0
19,2,-2.9471667634224503,6.2831853071795862,0.19293054801708254,-6.2831853071795862,4.0399182438101686,-0.89694399517568801,461.811159102,11.3854117709,0.25275637207992213,0.015137999999999999,0.12683232603996106,60,0,0,0,1
19,3,-3.0186090460410111,-5.8122749669192713,0.34313284141468586,-5.0137299891194962,-1.5496374335723397,-6.2831853071795862,195.764468262,31.0313525894,0.33165350066714139,0.0075689999999999993,0.16605382033357069,60,0,0,0,1
19,4,0.5208054967527167,-3.864541332770266,0.089031997701561616,-0.2791287207006527,-0.72792786114716657,6.2408367138331693,72.542131325,0.181069875276,0.0052723480952047768,0.0019937481161436408,0.0026959864910866978,60,0,0,0,1
19,5,-5.8085613308633945,-3.5505827490447697,-0.18487813937694669,3.0059311918873286,-4.9352920130620079,3.5628379784742497,168.826008183,19.8762376782,0.14884584844740689,0,0.074422924223703446,60,0,0,0,0
19,6,0.51050300433142159,2.6115416767547432,-0.3159479499845676,5.6958370165568484,-0.83818750683196075,1.0195470567734437,25.7548647962,0.000145626314021,0.00066331306713177216,0,0.00033165653356588608,60,1,0,0,0
19,7,3.347556462998313,0.5610818637657593,0.22691653532282813,3.3691088476199482,2.425276625022085,0.65292221817941409,82.5546286493,0.00810305191252,0.0068152867124398027,0,0.0034076433562199014,60,0,0,0,0
19,8,-5.7798149946140098,-3.7540321499140235,-0.13618185063339514,6.1825944121268375,5.3326467693159962,-5.5162264375915404,98.6190253296,0.000776154062858,0.009725712340463398,0,0.004862856170231699,60,0,0,0,0
19,9,2.7058906688741744,6.2831853071795862,-3.1415926535897931,0.90680770655352139,3.753397308402779,0.26571654035106823,1122.33386509,48.6219526784,1.9797776051285887,0.015137999999999999,0.99034294256429434,60,0,0,0,1
19,10,-2.9637332489633668,0.82329693908516122,-0.29576438681911632,-2.1515716294504856,2.0193573301096515,2.1511215490725952,35.9893864482,0.000304590298288,0.0012952359651775386,0,0.00064761798258876932,60,0,0,0,0
19,11,0.47838930161913518,2.5261349325287212,-0.15164343380756751,-0.74505897676067712,-1.257768420279171,1.9742578367894039,22.3480082482,0.000118423712982,0.00049943347693572071,0,0.00024971673846786035,60,1,0,0,0
19,12,0.48155247581819799,2.5935866972580346,-0.058745490248783672,-4.0600265955204389,1.212940941320378,5.0775739330410126,196.829921237,1.36995352252,0.039313715537671989,0,0.019656857768835995,60,0,0,0,0
19,13,-3.0024056898547204,0.16656797500236761,0.76762749283119536,5.2761176902312625,-4.7179798087550289,1.6912118265480793,0.017121324551,0.844296970051,0.00021714297462443251,0,0.00010857148731221626,38,1,1,1,0
19,14,0.50232771615774463,2.6924479324381396,-0.23418208427195,2.3816319365866474,0.94783064521798766,-1.7501639981495649,193.273523542,2.16690685495,0.038784981524448522,0,0.019392490762224261,60,0,0,0,0
19,15,6.2831853071795862,-5.5192418746411498,3.0881831384728677,2.3477110868430402,3.0029316216553177,3.4448020364958811,1218.94106948,56.2905469888,2.4510359098599155,0.0086973206746800633,1.2257788745501981,60,0,0,0,1
20,0,-0.79391355160540344,6.1041831050687216,-2.6264660079021045,-4.760082187013901,0.79829164008657749,-0.49219284661728963,0.921107600722,0.4347941389,5.8435126657384591e-05,0,2.9217563328692296e-05,33,1,1,1,0
20,1,5.0891814973565186,-6.2831853071795862,3.131831071621459,-0.40920596423073768,5.5270658526121164,6.2831853071795862,213.097052533,45.3330414064,0.67142493523934532,0.021103773220034368,0.33634558081627369,60,0,0,0,1
20,2,-6.2831853071795862,-1.9743748620256478,2.2178294077621543,-6.0559482112873049,-6.2831853071795862,-3.1476364446520861,236.234051707,0.000115102294826,0.05580652718999498,0.015137999999999999,0.028357403594997489,60,0,0,0,1
20,3,-2.1623975819327019,-2.8956970999008576,2.550213748259186,1.329971417644509,5.5786363396264749,-1.6431850039271181,0.0270517462376,0.42673415281,5.5472184498892794e-05,0,2.7736092249446397e-05,30,1,1,1,0
20,4,-2.297840096383267,2.6057076294105666,2.5853573886577506,5.1945865874600212,-5.2000913068216308,0.85114259529889968,0.0586511021652,0.00044500464052,3.5002749078427081e-09,0,1.7501374539213541e-09,32,1,1,1,0
20,5,4.0405083900803698,-3.2100831706840207,2.2211043084533935,-5.8971237201838953,0.074101457590276393,-6.2831853071795862,46.2680767728,3.90016598085,0.0067743602647287755,0.0075689999999999993,0.0036142501323643875,60,0,0,0,1
20,6,-0.93508842631730027,6.2831853071795862,-3.0544048575671958,5.9331853071795866,-6.2831853071795862,0.23243531567773651,222.188476359,24.2911934115,0.22911090654499561,0.015137999999999999,0.11500959327249781,60,0,0,0,1
20,7,-0.53356524570843067,0.54075973748127293,-2.6342007836354044,4.5998980670138403,4.7848441761710108,2.0668444871921414,0.135976946877,0.1589349789,7.7132255215773536e-06,0,3.8566127607886768e-06,15,1,1,1,0
20,8,4.044475661260158,-0.59622875709432177,-2.5870992726905024,4.249643692122075,-0.91974125097201986,3.992710705015345,0.651091849307,0.0449537767172,1.039504284603683e-06,0,5.1975214230184148e-07,10,1,1,1,0
20,9,-2.3019971452950885,5.7031664720904542,-2.5632756911561256,-2.2544910708360342,5.1929924272659482,-2.5501221839885377,14.2175019719,5.64906662229,0.00992307435971586,0,0.00496153717985793,60,1,0,0,0
20,10,4.1936977177101777,5.5250716231738979,-2.7387873150157165,-0.67463080364603256,5.8287520661231653,5.3068208167739463,13.0511709287,47.4299431556,0.68543753066618851,0,0.34271876533309426,60,0,0,0,0
20,11,-2.8222662579541726,5.1347085389899654,-2.1958469720933045,-3.1829590429429935,3.2291556000806243,3.5869449089524728,0.387335878559,0.0453507475104,7.7653277522982173e-07,0,3.8826638761491087e-07,11,1,1,1,0
20,12,-0.78015615870297073,-2.5512751225975667,2.6130169919291819,5.0151771668858993,-5.4386023255865146,-0.6046217702700013,0.023910456613,0.0781100091401,1.8590954476664195e-06,0,9.2954772383320975e-07,20,1,1,1,0
20,13,-0.8545842183304172,0.27507640493799751,-2.715888731410383,6.1986902441790228,-5.6881626800696905,-6.2831853071795862,2.68458512543,1.56978332491,0.00075785124018441623,0.0075752747093711451,0.00060618386137334249,60,1,1,0,1
20,14,5.6219564602276746,-2.4898149879587792,2.6199555103180843,-1.2908612864448137,-5.1188164380249344,4.1390535565442406,0.0158851508048,0.433047834085,5.7125287022037132e-05,0,2.8562643511018566e-05,12,1,1,1,0
20,15,3.9600397659120863,-2.9851406450206524,2.5819003213793899,-4.8892169641162102,-1.1586816279664882,3.610384410230902,2.19507501751,0.0444448365176,5.420078370560763e-06,0,2.7100391852803815e-06,12,1,1,1,0
21,0,-0.87665906148279527,-6.0919875780643027,-1.8030449853232133,-1.692176800976477,-5.4062642195940507,-5.1292608665017889,0.0743881327164,0.223562596248,1.5230383650045185e-05,0,7.6151918250225927e-06,6,1,1,1,0
21,1,2.8269432603724565,-3.0732984768358578,1.4610388044100568,-5.8009101490345296,3.2118589470659029,1.7225596308622297,0.173828689711,0.189811531071,1.100509993864025e-05,0,5.5025499693201248e-06,26,1,1,1,0
21,2,2.8392925329458332,3.3260925850345142,1.5400654591465459,-4.4319276934634413,-3.5237745464970249,2.0124869329250932,0.128458275897,0.774950163107,0.00018295380920677943,0,9.1476904603389716e-05,13,1,1,1,0
21,3,5.3659375014281094,0.19503398347255776,-1.8533915340796445,-1.6965282919420972,0.54202154044397233,0.15742290898478359,3.77013595421,0.0446620114221,1.4821544037911517e-05,0,7.4107720189557583e-06,13,1,1,1,0
21,4,-6.2780787595423284,-1.9826572583138455,2.0225923070204108,1.6239695305532871,-6.2649152841287767,-1.1824426839002184,561.662284666,0.525210942886,0.31554854967576401,0.01143034727132498,0.15811718525602175,60,0,0,0,1
21,5,-0.73906724875515772,-0.19673037359621839,-1.4125505585297473,1.3842704822842899,4.601838402891711,-3.3813664788553242,0.0598486646196,0.273759976647,2.2832989638487249e-05,0,1.1416494819243624e-05,13,1,1,1,0
21,6,2.9048055349381654,4.6946743041540069,-1.8818906185232014,6.2278556468308892,-2.1702526509911042,-5.3811672491092502,4.75831968056,0.874386441165,0.0002555373566401211,0.0010030104136288934,0.00015785899072892734,14,1,1,1,1
21,7,-3.4547367741018653,2.9797212209420159,1.964740472727788,-2.2599615126628363,-3.2466429523324343,5.52373759772561,0.560411185216,0.0626181448898,1.5084753684098909e-06,0,7.5423768420494547e-07,7,1,1,1,0
21,8,-0.87286789568952217,-1.6008605735873769,1.4662618424666163,-6.2621939003036253,-0.91225799737057156,-1.4684516072190468,7.07466753886,0.314735315925,8.0225810355132821e-05,0.0043571343662149407,0.00017082693616401464,60,1,1,0,1
21,9,3.1453905186890063,4.8282132928177326,-2.0049057537161827,6.0513748603468089,-0.69269552195869333,-5.6803085287043347,0.0487324228439,0.87267076146,0.00023198506792045941,0,0.00011599253396022971,17,1,1,1,0
21,10,-0.82247210582803976,0.20887043422335674,-1.793193872868553,4.6893315797096919,1.2141238436765884,0.47106234345285358,0.527344172211,0.460614225535,6.4907388320458505e-05,0,3.2453694160229253e-05,15,1,1,1,0
21,11,5.3474412822821078,-6.25107902907446,-1.6300663756094727,3.4756005598736892,0.40402918878947564,1.8524697491066457,6.0547032217,0.0534412813121,3.7529409482311536e-05,0.0030133207034717434,0.00010916432584530807,60,1,1,0,1
21,12,-3.3954130275768395,2.9540828529000867,1.7278259884921199,4.9301867696389401,4.0322559488183236,6.2781677118530599,1.92526585971,0.328454666428,3.6569527642070398e-05,0.006721114676045194,0.00021991820410239101,12,1,1,1,1
21,13,2.8311510672672879,-1.3189164726862619,-1.9235211629670685,-1.4472902940454704,3.3666431248752198,-3.1991027073285072,0.00459737145223,0.712673527522,0.00015471629211801641,0,7.7358146059008204e-05,19,1,1,1,0
21,14,-3.4321998922384509,-2.9512319666239524,1.4967537769880619,-4.4710446348571891,-3.6789089350947646,2.9537440795592107,1.12389306244,0.937084068426,0.00026875577991849542,0,0.00013437788995924771,12,1,1,1,0
21,15,2.8430362737806156,-3.3062940981545221,1.7114535682996013,-1.0869943608550336,3.5779789669628674,-0.99520497054008061,0.0989297513003,0.456866211975,6.3591586748138948e-05,0,3.1795793374069474e-05,17,1,1,1,0
22,0,-6.2831853071795862,3.6150976435120339,0.25553392403540293,1.7742573484163056,-4.6577527436546129,-0.17644694004670911,315.159518094,11.6726949484,0.14083019584385509,0.0075689999999999993,0.07064216792192754,60,0,0,0,1
22,1,-3.7587428761171631,-6.2831853071795862,-0.63372626447301716,6.2831853071795862,0.47044577001574217,-2.2028022339490243,510.738809137,4.29124918282,0.26646360597593871,0.015137999999999999,0.13368594298796935,60,0,0,0,1
22,2,-0.14323737196961897,-2.514251718102182,-0.1052100272600391,-1.1930431156346983,5.8416266830426089,2.8169062466161074,2.14007894853,0.531281945812,9.0561404934715481e-05,0,4.5280702467357741e-05,20,1,1,1,0
22,3,-0.23036218631088184,3.5388439166027257,0.48059433721103217,-2.5179997661904254,4.6299311381658441,-2.864751582207588,0.332356075849,0.667542195614,0.00013585181579612196,0,6.7925907898060982e-05,7,1,1,1,0
22,4,2.5330445283740919,5.5800608742471489,0.062437087379040912,0.6843468589614905,-0.55903649630567132,-5.6151305100714879,213.141302365,7.66015833221,0.06330356355301546,0,0.03165178177650773,60,0,0,0,0
22,5,2.5219629314442931,-6.2831853071795862,-0.63446298620784425,6.2831853071795862,-5.8559715378689488,-2.2115161639856842,511.717248213,4.8455761361,0.26900683975273892,0.015137999999999999,0.13495755987636945,60,0,0,0,1
22,6,-6.2831853071795862,-2.5586332295947161,-0.048246537306411853,-1.157033523880606,-0.73943506794765768,-3.3936005589625093,163.504682731,8.72904005095,0.049944452903619145,0.0075689999999999993,0.025199296451809572,60,0,0,0,1
22,7,-0.25821857181888064,3.7533840122662023,-0.16221921446073856,5.1368911262836692,-1.9830941692026112,-3.329966217701684,34.9148250843,0.00019759008601,0.0012190450225615943,0,0.00060952251128079714,60,0,0,0,0
22,8,-3.6512422368183235,-0.43481364823185259,-0.27319389168691399,-1.3205361617315543,1.8369219642787473,3.3880306445672836,0.0515440202274,0.403657083696,4.9636727104475658e-05,0,2.4818363552237829e-05,19,1,1,1,0
22,9,6.0222134400048564,-2.6314777193438657,0.053289504223128725,-0.030342253773898126,4.2554798328854888,-6.2831853071795862,195.278332976,52.8648926368,0.88944697802083739,0.0075689999999999993,0.44495055901041869,60,0,0,0,1
22,10,6.0207065437143603,3.7143807872792416,-0.10961616078932185,-0.86677666121600505,-2.0370736940645,2.8447851926749537,69.7417334818,0.00031608275746,0.0048639094194864955,0,0.0024319547097432477,60,0,0,0,0
22,11,6.0569048898792284,3.5131555785165562,0.29570336955739435,5.2528083866605018,-1.6065500736968907,2.7268913400712123,88.1710100513,0.0220593784771,0.0077742752452247882,0,0.0038871376226123941,60,0,0,0,0
22,12,-6.2831853071795862,-2.4001484359382528,-0.40944087355363529,-6.2831853071795862,-2.8362091282768511,-6.2831853071795862,327.741410682,46.1942690858,0.75744074173511411,0.022706999999999998,0.37940158086755704,60,0,0,0,1
22,13,-3.6679417555255673,-0.843956028586063,0.34156268216612679,0.27357100016574087,-1.6671306434357029,5.4453789286078891,262.350230064,2.47568226244,0.070694644192114978,0,0.035347322096057489,60,0,0,0,0
22,14,-0.24379521773488125,3.5206174663024008,0.32766254480885226,4.7779391612259561,4.4743568627467232,2.980180886401496,34.8118647672,0.000459478015916,0.0012118659928798585,0,0.00060593299643992926,60,0,0,0,0
22,15,-0.25456919822805707,-2.5982442796127527,-0.04022168458713743,-1.0569512843124489,-1.9367014315001636,-3.3914886815952925,49.3358962434,0.273196743234,0.0024567662241659917,0,0.0012283831120829959,60,0,0,0,0
23,0,4.5612922897212185,5.7223331901441252,-2.3282862279905685,5.8667523635235668,4.8556168343944375,-2.7714299212113951,71.4573526202,7.34204053779,0.021526725616984869,0,0.010763362808492435,60,0,0,0,0
23,1,-1.5289529718993569,5.8081226384464735,-2.329057902158477,-0.65050876428097393,-1.8007817916072528,3.9959572073212359,44.2369655424,7.72914158174,0.020154640945273961,0,0.010077320472636981,60,0,0,0,0
23,2,-0.26974328776162693,-2.4357774905126535,1.9144002874297166,-5.7994857330858203,2.5055003692308913,2.5959495079594892,127.475792006,3.79181887971,0.020629833428150047,0,0.010314916714075023,60,0,0,0,0
23,3,4.6013181494457998,5.4466132815878217,-1.843466862298871,-3.8762002765664461,-5.1714424068269764,-0.94951300124313398,99.2387801547,3.23347038354,0.013033211353901905,0,0.0065166056769509527,60,0,0,0,0
23,4,-1.6573064661830856,-2.6591163610736852,2.3904097368427051,2.9893902915881392,-1.1872210667189937,-4.1711314660855416,102.234548127,3.28441440474,0.013737926077815597,0,0.0068689630389077985,60,0,0,0,0
23,5,4.983995556481454,-2.526901812446674,2.3346827803708723,2.9385283755828917,4.2695055053937319,-2.4912828604945214,47.6709840843,7.74052831721,0.020523912614203475,0,0.010261956307101737,60,0,0,0,0
23,6,4.2499089097145282,-0.47885676584967474,-2.3288699700962119,5.9162907379559648,5.5406665978492251,-2.7403263198538332,136.756421271,10.4459132003,0.051941289003789373,0,0.025970644501894687,60,0,0,0,0
23,7,-1.3156493032854017,3.718919215666241,1.9688327676436326,6.2436569088776901,-4.7270608272059098,-0.47724291027470689,81.6884131586,0.579730628584,0.0067753749824242867,0.0022535529677834166,0.0034552940802456459,60,0,0,0,1
23,8,-6.2831853071795862,-6.2831853071795862,-2.18206819824172,3.5516868104163128,-1.5515361181061231,6.2831853071795862,239.151324517,52.4287227442,0.89451687605472752,0.022706999999999998,0.44793964802736375,60,0,0,0,1
23,9,4.7248563499229235,-2.5258135588027573,1.8102960890637885,0.63577402555719043,-4.8654373905876209,-0.79831992601962376,75.8924969437,2.74859481063,0.0080609866825902578,0,0.0040304933412951289,60,0,0,0,0
23,10,-4.0353385072930053,-2.529640312250939,1.8804839083212719,0.64848481981141837,-1.1078738841922884,5.9455058637842555,260.545894956,1.47112162561,0.068543416044050134,0,0.034271708022025067,60,0,0,0,0
23,11,-2.7066819208701789,5.7115434009636665,-2.5592228180572323,-6.2098074276529962,0.75226655914120866,-3.9005404062385161,223.019176048,46.7936622239,0.71674211875590976,0.00018556216619209495,0.35837662624294064,60,0,0,0,1
23,12,-1.1803307008078441,-0.40195544455879961,-2.2930555362041782,-0.74019274967815785,-1.6626516700996088,2.1238503026208355,78.552860708,0.667143384446,0.0063061311365904182,0,0.0031530655682952091,60,0,0,0,0
23,13,-4.4279116490928461,3.847601712194975,2.0531074141618437,-5.0536350393176139,5.3125504454056474,-5.7831232649650719,305.27736192,6.95485521058,0.10792861564696407,0,0.053964307823482036,60,0,0,0,0
23,14,-6.2831853071795862,-6.2831853071795862,-2.4768320711713612,6.2831853071795862,0.019744459922635786,6.2831853071795862,378.040556674,45.7618534749,0.78082838940103594,0.030275999999999997,0.39132247470051795,60,0,0,0,1
23,15,-0.14861788019291378,-2.4239389954215347,1.9044605348152988,-5.9367788830359425,2.472938747147345,6.2251988093134543,133.578956758,19.2214551379,0.13038861091688445,0.00084178330607196435,0.065219558957624379,60,0,0,0,1
24,0,-0.16742449359385891,-6.2831853071795862,2.5283636563364942,-6.2831853071795862,-0.37580912761252699,2.5367156267014952,192.842567742,37.202136535,0.45877844895867165,0.015137999999999999,0.22984336447933582,60,0,0,0,1
24,1,-4.7654370421735326,3.0283230774886603,-3.1078576177377339,5.9488739991013162,1.9105051462291864,-1.626712113637655,376.226556829,29.4466487138,0.40568174654709988,0.0028371564056814216,0.20292598796572037,60,0,0,0,1
24,2,5.88243314113625,6.2831853071795862,-3.1415926535897931,2.6533037389874599,1.3209894879280701,-0.88399211490316587,86.410931166,3.46049096241,0.011114641926592502,0.015137999999999999,0.0060114609632962506,60,0,0,0,1
24,3,-6.2831853071795862,0.38945481084700362,-3.1415926535897931,1.1014488180125055,0.68211772310149243,-0.21586877232812796,266.993660909,10.837146627,0.10706102615146541,0.015137999999999999,0.053984653075732705,60,0,0,0,1
24,4,0.89456540931088502,-0.053345916905935431,3.0957649539788696,-6.2565020695853182,-2.837615959430829,0.93329224898487539,355.500771568,44.6627855733,0.73402078781490876,0.005333270146437869,0.36717039201184754,60,0,0,0,1
24,5,6.2831853071795862,-3.8189784462028094,3.1415926535897931,5.9251684996715728,1.5804612470750918,3.9040101731131731,205.948372197,2.24542786459,0.043950596681835645,0.015137999999999999,0.022429438340917821,60,0,0,0,1
24,6,4.5178049053991121,-5.9612539530693747,2.8596745694589636,-1.9405445405593864,5.4264415153085679,3.8239202934065903,2.86747997919,0.139114940111,1.4117692170444889e-05,0,7.0588460852224447e-06,11,1,1,1,0
24,7,-2.3745287117621263,3.3991128721062585,-2.5379401485464625,-3.5371195500112353,-4.0483708010859631,6.2177995097731706,4.72137977043,0.0643640116508,2.3553373440319995e-05,0.00046717375375651075,2.5791899332855319e-05,42,1,1,1,1
24,8,5.1166808281925471,-0.20110401108145748,2.8174987542931214,5.3958649494201838,-6.2831853071795862,-4.2319823585453564,32.3029709766,48.1765269793,0.70805373606654554,0.0075689999999999993,0.35425393803327276,60,0,0,0,1
24,9,-0.50188900909037004,-3.7004109705863337,-2.8296334402282466,5.3206552639697708,-4.9780730004826772,4.1236487508900579,0.022535872092,0.596889398419,0.00010852867430568037,0,5.4264337152840186e-05,49,1,1,1,0
24,10,-2.0989686051715837,4.8927645972152396,-3.1415926535897931,6.2510985802969161,-0.47702466609212496,-4.0226569497090372,267.950538906,31.2356921942,0.36900310223903582,0.010584467564458465,0.18481908514645165,60,0,0,0,1
24,11,-6.2831853071795862,0.22744010318056904,-3.1415926535897931,1.1935460925774477,-5.6923890435568989,5.8110378800507565,275.7266211,10.2565550185,0.10806998418116071,0.015137999999999999,0.054489132090580351,60,0,0,0,1
24,12,-1.9501500661977758,0.52216060340068393,2.869925969736963,-2.2817413530620727,-1.1727797085429825,3.3961063523272403,4.31265736944,0.241818290543,3.64118479133438e-05,0,1.82059239566719e-05,52,1,1,1,0
24,13,-1.1868734708973696,3.0642087353037342,-2.7417611391811465,-2.3379419560622976,6.2831853071795862,0.17813544480093696,41.725489721,44.4642207148,0.60399004155865543,0.0075689999999999993,0.30222209077932771,60,0,0,0,1
24,14,-0.55060274717314805,-0.14768065228757313,2.573886113200806,-6.2339906870825601,5.1226840293194602,-3.8980683111072527,4.67755580158,0.751846754705,0.0001940716962852133,0.0014292467496081799,0.00013991325063085204,26,1,1,1,1
24,15,4.2809984095966058,-5.7065293201451688,2.8825218973625617,-2.4520751591110388,-1.2994321061544456,-2.6940710161361485,0.864669799336,0.0026783563799,7.4983906324206808e-07,0,3.7491953162103404e-07,21,1,1,1,0
25,0,5.3514721025370466,6.2831853071795862,-1.220790006428329,1.4993845566942268,3.4598020799848803,6.2831853071795862,294.419169956,57.1010058464,1.0798953202827426,0.015137999999999999,0.54040180014137129,60,0,0,0,1
25,1,-3.8159639014956599,-2.4975864750660972,-1.2037429709342327,1.9355280357048781,-4.6590128341842219,2.6405634497575714,0.134656862786,0.044069557819,6.0973785928577946e-07,0,3.0486892964288973e-07,12,1,1,1,0
25,2,-1.0120111637610607,-0.89003222079301658,1.6848916470204029,3.717179884825998,-4.4069629717465872,-6.2632137586896741,4.86073954116,0.0451471558657,2.4247680120150065e-05,0.0044928133118402021,0.00014690823941528109,28,1,1,1,1
25,3,-3.8238417994149052,4.1465828685780393,-1.7652463181545854,-1.1045706348517899,-1.6994670882211358,-0.13727403696452453,0.0661893658401,0.742289626047,0.00016784671779854896,0,8.3923358899274479e-05,16,1,1,1,0
25,4,5.2173996595916483,0.54937479102099673,-1.2631506510629367,-3.6757120318138732,4.9790729543163907,-3.4637497601376643,0.11756042725,0.300723541931,2.7561789791699481e-05,0,1.378089489584974e-05,19,1,1,1,0
25,5,-3.8184663963693608,2.455892217741416,1.7647842656664285,3.3748498668480744,4.6352099823771251,-0.57927703145836573,0.0244346290399,0.12128281454,4.4813734157325681e-06,0,2.240686707866284e-06,35,1,1,1,0
25,6,-3.8333547577474003,-3.705709830006457,1.2765424662910267,-5.845992206267475,-4.4913292173488699,-3.0521703775779243,0.0184172978146,0.687138687966,0.00014382837111765725,0,7.1914185558828627e-05,16,1,1,1,0
25,7,2.4638783902362413,-3.8123210166052086,1.7703409943876498,-3.0196139813081513,-1.6560680246381536,-1.0725962786456271,0.016662930386,0.0904295012994,2.4912849906828959e-06,0,1.245642495341448e-06,21,1,1,1,0
25,8,5.2788424814928785,0.42198909725246536,-1.0885196710607226,2.1195020900903687,-1.8979115195823211,-2.8120794246649132,0.0175538272425,0.528091165359,8.4952099133990888e-05,0,4.2476049566995444e-05,15,1,1,1,0
25,9,2.4805540855550308,2.759084748880924,1.0536658337502056,1.2348936477900994,1.4978089068143068,2.2916394588792088,0.230546623889,0.105880200739,3.4681009426524967e-06,0,1.7340504713262484e-06,18,1,1,1,0
25,10,-1.1118143502215332,0.64111465728158323,-1.4432970829405538,3.2372750317848795,-0.79898871778381642,2.9507111398598567,0.0116471746987,0.996295927241,0.00030236508466873564,0,0.00015118254233436782,18,1,1,1,0
25,11,2.4564227886814853,-3.7456707312919026,1.3405841430324004,-6.0268384264236694,-4.5554546616602289,2.274184673733517,0.0119696439478,0.215930102401,1.4203176942822457e-05,0,7.1015884714112287e-06,18,1,1,1,0
25,12,-0.98398286464139251,5.5347922278495112,1.0165636558767543,-6.2332588029345164,4.1706855773363518,2.2441542143754818,4.88070008388,0.0455971117698,2.4454562351130021e-05,0.0013744440874908245,5.3460603800289748e-05,31,1,1,1,1
25,13,-3.8135852864453788,3.7784375156826671,-1.1743076568137103,2.0023872774721436,1.6022755300284315,-3.9509067313466883,1.49603421119,0.187768668889,1.2978036972498905e-05,0,6.4890184862494524e-06,18,1,1,1,0
25,14,-1.0507882288170978,0.4956180913774102,-1.1835640784620276,2.3712062249261905,4.834362749990218,-4.3900725342163138,0.0462563844089,0.448821627563,6.1364532645690742e-05,0,3.0682266322845371e-05,23,1,1,1,0
25,15,-3.7828892350501948,-3.7588650024569015,1.4341341423739855,5.5831853071795869,-0.077898023552117196,-5.5134745457822225,67.9245431924,34.9622969244,0.37696656487437014,0,0.18848328243718507,60,0,0,0,0
26,0,3.4493593843703017,5.7613965457625458,-2.6829251679791235,6.2783756094102472,-4.2005019673499273,3.214491980037653,51.4269335281,0.265812117685,0.0026662525654675331,0.0067552457807673908,0.0015357836561567882,60,0,0,0,1
26,1,3.9132667960289056,-2.689865305488834,2.650167370060025,3.1354226176605189,1.6319382433130252,3.2518423650750035,33.9510410573,0.0722905301199,0.0011542650953662793,0,0.00057713254768313967,60,0,0,0,0
26,2,5.5558004096141715,-0.209396712154966,-2.1899777874602862,-3.6744693955395249,3.3840898412504532,-1.1321617908807096,0.0240944555303,0.10967584818,3.6647600256626811e-06,0,1.8323800128313405e-06,9,1,1,1,0
26,3,4.6135635268386412,-0.69695749919537775,-2.5923322138705687,0.33642755572484345,-1.5557586846772093,6.24142240595374,15.5225286571,0.186719515436,0.00025156913168609621,0.0020463951055025424,0.00018717641900812437,60,1,0,0,1
26,4,-1.509609344072582,-0.54494814240790512,-2.7164424126967286,0.12531509829335147,5.216924489846372,4.580197336402855,75.6886514271,0.108928926153,0.0057323863961881057,0,0.0028661931980940528,60,0,0,0,0
26,5,-6.2831853071795862,-6.2214889344848707,-2.0977838309535359,3.1504587328435529,3.1327753881584561,-1.7756788700962511,146.906218376,9.71666766027,0.050341473488860637,0.0082092735548047382,0.02541701495107446,60,0,0,0,1
26,6,4.5408094235755669,6.1474288717981471,-2.3502252696647887,4.526701549749566,-4.6990221752199179,-3.2857037794461803,12.649213144,0.23573336887,0.00017693025055989637,0,8.8465125279948187e-05,60,1,0,0,0
26,7,-5.9353522001900698,3.7592801606128319,2.2555452239076028,-6.0144255484873099,0.66921647851441068,-6.0662908470929304,317.108822595,12.4525543161,0.14779384338650184,0,0.073896921693250919,60,0,0,0,0
26,8,-2.5722762738957861,-2.6406429590204974,2.2959284588345104,-4.4559076199060632,2.2484567910393496,1.5003682932645923,0.117306608965,0.89484842444,0.00024393728764853629,0,0.00012196864382426814,19,1,1,1,0
26,9,-1.8248422403402871,-3.004330671079245,2.7620825655617605,3.3827128095624444,5.7626017150358235,-2.0164931922224669,115.826933016,0.124737001916,0.013420618051739592,0,0.0067103090258697961,60,0,0,0,0
26,10,4.3179588351090459,5.7989472690786847,-2.7074208351179103,-6.2831853071795862,-0.12347042804710667,-2.0587582190856852,112.170857312,5.79735452113,0.022820285399856911,0.0075689999999999993,0.011637212699928455,60,0,0,0,1
26,11,-5.91703302882107,3.3920764851801275,2.9640877346775705,3.0778965904207065,-1.9676187966389094,-2.7513419408314723,284.397025999,4.46893787273,0.086965306473808346,0,0.043482653236904173,60,0,0,0,0
26,12,-2.0124930100394502,-2.8244526679944939,2.7597454894007041,3.2063482651800452,-5.6203455601939201,-2.7635047075296226,113.843901059,0.234097598499,0.012977127356474836,0,0.0064885636782374178,60,0,0,0,0
26,13,-0.82027019491163167,-6.2509914904285058,-2.2740010859039961,4.0789478290964656,2.4158207992630945,2.0038919853215629,11.2078093967,0.0605112603922,0.00012673038246573354,0.0030037177223141481,0.00015347672290229119,60,1,0,0,1
26,14,-2.2283320937381448,-3.2428577303034531,2.5543599547419134,-2.3232758766661408,-1.8843133691989375,2.0914496727643535,0.667708092421,0.0651382968759,1.7383251142794571e-06,0,8.6916255713972856e-07,16,1,1,1,0
26,15,0.17832208695537882,1.1851483864881449,3.1397667642579483,-1.2167273580215952,-0.10142914722011476,-2.8615886404219859,468.087065557,20.7242657139,0.34993721734133704,0.0072546291281111487,0.17518624754451184,60,0,0,0,1
27,0,2.2676012247322879,2.213250894586174,0.11226286604971718,6.083038373371811,5.3711967598257795,-1.464268195631921,0.0273064604194,0.508209348877,7.8676340468829985e-05,0,3.9338170234414993e-05,53,1,1,1,0
27,1,-4.0788883744833502,2.5348946648244395,-0.31818023601683493,-3.9107369368371883,1.5253293179854985,2.7970192257400059,120.920236613,0.144872340961,0.014628096931421489,0,0.0073140484657107444,60,0,0,0,0
27,2,-1.238481483722381,6.2831853071795862,0.98566996781325367,-4.0540684158070981,3.699500669734721,0.74195923670156094,442.056654645,19.6865378248,0.31347154353189532,0.0075689999999999993,0.15696284176594766,60,0,0,0,1
27,3,0.63119626191868705,0.30596160702060671,2.6775584294235681,-6.0803814037253003,5.0163331437224441,6.2831853071795862,1228.61984163,5.16125687738,1.5176212884829225,0.0075689999999999993,0.75903771424146127,60,0,0,0,1
27,4,-4.0908102672618236,2.3131749929031895,-0.06435561553785285,-6.2831853071795862,4.644684549684662,4.9214851732707361,42.0941066289,0.739603254558,0.0019385434936651494,0.0075689999999999993,0.0011963417468325746,60,0,0,0,1
27,5,-1.3722479303088639,0.71893959946230912,0.31875947517336478,3.1376259143180203,-5.0780695248473515,-6.2021090225099362,27.7123664617,0.0193710001066,0.00076808955822090961,3.5090403315023534e-05,0.00038509749120990553,60,1,0,0,1
27,6,2.205192082828606,-3.9566380929259539,0.15843002743592505,-3.9836629956530305,-4.7436258408470433,2.577242019686417,108.144316875,0.0194252887643,0.011695308217184872,0,0.0058476541085924361,60,0,0,0,0
27,7,2.1989718505905071,-4.3310350299514537,0.6230000661437376,-1.0228736680989581,-1.5716713338356438,5.8736111892999796,4.01405916928,0.767056210889,0.00019534201564550647,0,9.7671007822753235e-05,41,1,1,1,0
27,8,-5.9436161330434505,0.37062326553839853,2.8932343224035768,-3.4448725183847522,-2.731675644865335,-4.8026336250967629,1059.86040268,46.3207085748,1.7768936590647701,0,0.88844682953238507,60,0,0,0,0
27,9,4.8961318189138172,0.94004506930943199,-0.1329600220342457,-2.8807094353215392,1.0493846793604671,-5.7419657308186194,2.92956239735,0.607359287389,0.0001209512253347683,0,6.0475612667384151e-05,17,1,1,1,0
27,10,-5.9331853071795866,-5.6595343968043554,1.9285210805975819,3.5320057303264374,-4.4157501987648855,6.2074962457900122,983.771983717,21.4726103438,1.1082581820093249,0.00012793733224882584,0.55413292912462997,60,0,0,0,1
27,11,4.9187125989127667,0.7116272975212905,0.33260664113927207,-3.1512179956035737,-5.0195946623634189,6.2050054275706064,31.6506319357,0.0217211091525,0.0010019062224299563,7.7794523712088908e-05,0.00050328694692634076,60,0,0,0,1
27,12,2.1111767722961683,-3.7723853433692107,-0.14544212440072979,2.5260693551712472,2.4967822078824669,3.7840289700252825,85.2161458929,5.42656067191,0.016232031488188432,0,0.0081160157440942158,60,0,0,0,0
27,13,4.9435497549680534,0.7432950987839988,-0.08900779458366298,0.49758531049706567,-1.497618811631146,-3.5406178354676987,90.4100023125,0.0120009759889,0.0081740123901935923,0,0.0040870061950967962,60,0,0,0,0
27,14,-2.3866429419768247,6.2831853071795862,-3.1415926535897931,5.9825887110096998,-1.3342263928082818,0.38735900844118565,1123.68748345,34.843843325,1.6325075647369331,0.015137999999999999,0.81670792236846657,60,0,0,0,1
27,15,-1.3297790148670923,-5.0426552924888091,-0.74221851463000654,-1.8789268014391636,1.6399316493803371,-6.2619581426515438,4.92246455436,0.142139762114,3.0385059900539994e-05,0.0043260658860212022,0.00014497450653090606,27,1,1,1,1
28,0,4.3239747540977476,-4.1333822995051088,-1.5473892955713617,-6.0271789887679237,-0.55247948802995173,4.6576438044296022,124.103781704,2.72463856142,0.017663123353101138,0,0.008831561676550569,60,0,0,0,0
28,1,-0.82369351672097679,-3.9340339009616936,-1.7222451928286679,-0.75892271368318942,-5.3195968160388691,-2.1028378845841562,179.272151817,27.4629002301,0.26188427941356113,0,0.13094213970678056,60,0,0,0,0
28,2,-1.8722941804417632,1.036596359127264,1.394834487971647,-3.532729759183836,0.60212867571874296,-0.27447012976221596,119.666010841,12.1235209454,0.059092549437185352,0,0.029546274718592676,60,0,0,0,0
28,3,-1.3601593587745535,0.76786351432121491,1.6430295782141526,3.6661922803970866,0.7170800041721328,4.5865812181394556,139.679379883,34.5520910281,0.38317692022295552,0,0.19158846011147776,60,0,0,0,0
28,4,-2.4144993180327461,0.95315556586873829,1.6642049355201356,2.3509194484766778,4.4540392459408826,5.9973729282897041,27.2273511966,57.2085798978,0.9976998041074624,0,0.4988499020537312,60,0,0,0,0
28,5,-1.5344604104508162,-4.1709463700337475,-1.0421235325013691,-4.248181657751779,4.7016805296120676,-3.1680191787405239,57.7569798735,0.100358771072,0.003338936795094925,0,0.0016694683975474625,60,0,0,0,0
28,6,3.5140727599765578,-3.9400831330045527,-1.6354523943413712,-0.49220063090620275,4.9838356088477678,-1.5031195012760112,97.4337440394,8.97831889208,0.034048608695152929,0,0.017024304347576465,60,0,0,0,0
28,7,2.3635856020947683,2.0916276881834812,-1.0337435183929522,-3.9188644229099916,1.8996566430728443,1.9145068593861334,175.643905756,20.5807744672,0.15987705747609682,0,0.079938528738048409,60,0,0,0,0
28,8,4.4947199022269215,6.2831853071795862,1.6636073880934656,-6.2831853071795862,-2.2962037178663479,-4.5204669926551482,591.858077326,5.17747379343,0.35846162979970747,0.015137999999999999,0.17968495489985373,60,0,0,0,1
28,9,-0.15078153708561495,6.2831853071795862,1.499167548962054,-6.2831853071795862,-3.6358221446233574,-0.80046367528619178,526.859748279,53.7810776013,1.158657931626645,0.015137999999999999,0.57978310581332249,60,0,0,0,1
28,10,4.9097848154600916,-4.1422089152694364,-1.1143833169041415,2.1967995260522164,4.6956371268238888,6.2831853071795862,68.7622290655,56.8156851515,0.98804000093840738,0.0075689999999999993,0.49424707046920369,60,0,0,0,1
28,11,3.7049116673238425,2.2678023257894115,-1.6219250078622913,5.9310201021648359,5.2862072786379901,4.4146851777977609,108.057337197,12.9093923951,0.062441615870452244,0,0.031220807935226122,60,0,0,0,0
28,12,-4.4103359549328971,2.2444113284052722,-1.1941997621625551,2.5295390098710202,-4.055401274769963,1.5104435556029676,208.987511194,30.4457050698,0.32603814251109431,0,0.16301907125554715,60,0,0,0,0
28,13,-5.9151543058790708,-5.2291796153346439,0.98357696500313085,-5.3473970586314561,-2.5126279211424247,1.6405080238113348,183.445772195,31.96165779,0.34483353589931948,0,0.17241676794965974,60,0,0,0,0
28,14,-4.7194879997336896,0.80046366776797606,1.5991071278006392,4.2099755040229248,-2.1040042661606329,5.4026216208228739,232.466892613,26.4678504734,0.2674397088461184,0,0.1337198544230592,60,0,0,0,0
28,15,1.5615652787309615,1.0536818963668244,1.0919592938368434,0.99370613851862477,-3.4710616891274784,-4.8633768591920301,188.095038352,33.1177890476,0.36948045926179696,0,0.18474022963089848,60,0,0,0,0
29,0,2.7350033820919175,-3.2001312342738633,3.0279676363081842,5.8304656276807503,-4.2393368172054222,-3.6702710128160159,102.505606143,46.446010464,0.66763781090214758,0,0.33381890545107379,60,0,0,0,0
29,1,1.0543682328027089,0.43509729296339295,-2.9157857438764929,3.2025596058028794,4.357231226559021,0.36953934175535241,31.6835570821,1.06714238052,0.0013507439321508222,0,0.0006753719660754111,60,0,0,0,0
29,2,2.2897256843094715,6.0113591683987737,-3.1134644002287439,-4.4300600374216605,1.6820948194641037,-2.997525165039566,112.62057724,0.00179820178049,0.012683395402890981,0.0034658825523208162,0.006445674178015115,60,0,0,0,1
29,3,0.15046929046581636,1.6189401969564123,3.0268802514580639,-1.4046297395877601,-3.8874433101926451,3.4535172629039876,72.0727222379,6.60010820699,0.018464047195147638,0,0.0092320235975738192,60,0,0,0,0
29,4,6.2831853071795862,3.7687209249517077,-2.9725969793655413,2.185135063224132,3.7152684232659809,-6.2831853071795862,91.8072461684,53.0923593827,0.86708373444029729,0.015137999999999999,0.43399600722014864,60,0,0,0,1
29,5,-4.9455260348379957,0.33971150220814256,-2.8682364057478753,3.1028144005216998,4.1127891715069751,5.9304486051600964,0.225264510788,0.773454750708,0.00018228270895221879,0,9.1141354476109395e-05,35,1,1,1,0
29,6,0.099041899526382232,-3.9194658348113807,2.7140560017634257,0.47854633351133191,2.2614109870742891,-0.8462063162833029,86.0961889751,22.2595846938,0.15834716820184119,0,0.079173584100920597,60,0,0,0,0
29,7,-4.1174113896509619,1.1854876141607571,-2.6394946105072377,-3.2711690892015715,-0.018437284738351992,5.9331853071795866,211.941392291,3.84156882966,0.049414591358117536,0,0.024707295679058768,60,0,0,0,0
29,8,-4.0822960822101608,-4.2507556385197507,-3.1415926535897931,0.48615046112861587,-5.3173624953333807,-2.4602599846915587,205.966217437,7.18262957319,0.058137346461660487,0.0075689999999999993,0.029295743230830243,60,0,0,0,1
29,9,3.1100211899877706,6.2831853071795862,-3.1168934144800531,5.9331853071795866,-2.1769793569087779,-5.128432196010233,145.512649138,3.59739009486,0.025116050731924085,0.011450384807505345,0.012901536910187203,60,0,0,0,1
29,10,0.77587727725958311,0.10764452729883742,-2.9657044561170389,3.4788210667114452,-2.2927475397050392,-6.0683579363434745,35.6307845051,4.08576477373,0.0063546757164965441,0,0.0031773378582482721,60,0,0,0,0
29,11,-1.0672388809634779,4.9990447822477435,3.1092741446695467,-5.3061659946252089,-1.4669396726747657,-3.3523462820227934,319.215116179,25.8163965202,0.30492163634796082,0.0029900654667051655,0.15255052013798157,60,0,0,0,1
29,12,-5.8675135998052488,-5.4956617156784233,3.1212575616085982,-0.8756429642550192,-4.55475886058335,-1.0082139945151327,97.3790918919,2.15930860672,0.010903000879981634,0.0044442099611557472,0.0055848267388254897,60,0,0,0,1
29,13,6.2548484118150034,-6.2692329599554908,3.1207559531433211,-1.7087617223334768,-2.6567244788890814,-5.3148444012348914,100.615563378,7.58914451333,0.027667966748214212,0.013154901629344894,0.014228630422987453,60,0,0,0,1
29,14,-3.9278797030466048,-1.132961612011409,3.1187071331711036,-3.5212793448366497,1.0297165683245724,2.2371817072595124,154.829762719,25.768077104,0.22623633281503869,0.0041106664919822776,0.11324148640227881,60,0,0,0,1
29,15,-4.0596993944891526,1.4197612395373866,3.1127892407356983,-6.2831853071795862,2.2965188555945071,-3.1344730722716614,33.449977827,0.429006208442,0.0011749647338410783,0.010955842755430933,0.00091615764958346722,60,0,0,0,1
30,0,2.2969408197394561,-6.2831853071795862,-2.2753390426338602,4.0396721292336348,4.7817786549031354,-1.3603098651609999,144.960866237,35.5177087079,0.40529085259908615,0.0075689999999999993,0.20287249629954307,60,0,0,0,1
30,1,-4.0289297832903763,4.2599628273896153,1.7497377784432073,-5.1803957328051711,4.9232461544638477,-1.1821344164234275,0.0269456683177,0.557192865656,9.4573435037138858e-05,0,4.7286717518569429e-05,16,1,1,1,0
30,2,0.41795178580740883,-2.7168639663032437,1.5897342154517193,-5.6917575609647431,-3.6710952187580403,-2.1668475978356616,0.0306497589807,0.981444174106,0.00029341838904924815,0,0.00014670919452462408,29,1,1,1,0
30,3,0.79868147722728933,-0.66809863879034048,-2.0597213033766315,4.2086212832180641,-1.6366290425614032,0.94762849420674478,3.04391484026,0.606703507561,0.00012139178348719938,0,6.0695891743599692e-05,20,1,1,1,0
30,4,-5.1153958195640605,5.464524694881435,-1.66012569486235,-3.7662799883734261,5.5068805906577145,0.039922709795830333,24.4054213015,2.79926268953,0.0029825675789903411,0,0.0014912837894951706,60,1,0,0,0
30,5,-3.441724476307499,3.9571937559508887,2.032001355658791,-1.7815487381018893,2.8188313294156075,2.3072135609635378,0.519711691459,1.45753035992,0.00064739774762266849,0,0.00032369887381133425,60,1,1,0,0
30,6,-4.2271020964749013,5.8360062636085006,-1.7173288058512772,3.386592970588445,-6.2805900065650286,-5.9578858095044245,55.5220318707,0.338252717709,0.0031175487949894418,0.0071241532783469005,0.0017724989958451279,60,0,0,0,1
30,7,0.94803698858752261,5.2033211106196227,-1.8948868368032807,-4.6240955439140912,1.3913540456649334,4.2905665295327395,0.0132807864173,0.189065039646,1.088890553510965e-05,0,5.4444527675548248e-06,11,1,1,1,0
30,8,6.2831853071795862,3.4098511438677099,2.0869277720800574,-2.1229241181981848,5.402294992157481,-6.2831853071795862,271.883092554,53.9016506339,0.95895219410050803,0.015137999999999999,0.479930237050254,60,0,0,0,1
30,9,2.5524918501369602,-6.2831853071795862,-2.2121434490720699,5.2402795114663645,-1.6100635193365131,-6.2831853071795862,197.958786256,34.7147363074,0.4062860683508055,0.015137999999999999,0.20359717417540274,60,0,0,0,1
30,10,1.237862073187487,3.6215817584708043,2.1521636007866478,3.6727539350417349,-5.7461824728415456,-3.7756622925435059,33.8011442572,5.03293196417,0.0088585997092445763,0,0.0044292998546222881,60,0,0,0,0
30,11,5.3025693146186939,-2.3995053418700749,1.9231589309254946,0.77915381268053929,-2.0277646426282332,-5.7741025844110965,340.741842593,45.9198679825,0.75843173557972565,0,0.37921586778986283,60,0,0,0,0
30,12,-4.4739150867022603,-6.2831853071795862,-2.2802685135748071,6.2831853071795862,-5.4341582503270063,2.9138379020738219,270.805698562,6.04892007727,0.08448150538085801,0.015137999999999999,0.042694892690429004,60,0,0,0,1
30,13,-4.0492353301420252,-1.8912967002277432,1.8750380268295543,6.2831853071795862,5.3240694464288509,0.78502903677895031,281.253538615,51.4720813839,0.88614937887663137,0.0075689999999999993,0.44330175943831568,60,0,0,0,1
30,14,2.2734889072564726,-2.5057126692397262,2.0870737612954646,5.0733798140699315,1.3897162182481555,-3.6887993016140652,0.0441196760498,0.00362249798019,5.943885352116268e-09,0,2.971942676058134e-09,23,1,1,1,0
30,15,-6.2831853071795862,-0.89519871204346357,-1.7739752447796806,3.3893361976186651,-6.2831853071795862,-5.0779170866589851,269.991002337,53.32445615,0.93907405064101701,0.015137999999999999,0.4699911653205085,60,0,0,0,1
31,0,4.1195145222410687,4.9984029811068398,-2.6065474033180385,2.5980450430505426,-3.7941791225522454,-5.2664188572950916,0.136456547681,0.102908941082,3.2445950664110472e-06,0,1.6222975332055236e-06,9,1,1,1,0
31,1,-1.4473663939018764,-2.3762246928561699,2.6512092872435398,0.27797843090204127,4.4909755297141825,-3.2808813369899448,4.60357799215,0.851169379281,0.00024188499528300065,0,0.00012094249764150032,23,1,1,1,0
31,2,4.1880306523181892,6.0147715632414345,-2.7947346545607603,4.2103241393661035,3.9287455413732628,-2.0267388466140028,0.446595624511,0.274531735971,2.3157754057870858e-05,0,1.1578877028935429e-05,22,1,1,1,0
31,3,-2.5847372273082074,-5.961252893444537,3.1415926535897931,-6.2831853071795862,1.3576174050851733,3.8540633203651464,222.130265034,46.3719516572,0.70437832991061444,0.015137999999999999,0.35264330495530721,60,0,0,0,1
31,4,-3.0367643821481209,4.1852655540981809,3.1415926535897931,-4.857624130888083,5.0421666953787874,-6.2831853071795862,261.169626091,26.0469998272,0.27487610449933902,0.015137999999999999,0.1378921922496695,60,0,0,0,1
31,5,4.3462040493303169,-2.6336925683654786,2.7048269477285021,0.63861591757046521,-2.184341933330832,2.7706053640707506,4.37856299489,0.408136258869,6.991352329246274e-05,0,3.495676164623137e-05,18,1,1,1,0
31,6,-1.7959214115179065,3.0307167713000571,2.9992470258555075,3.8722934510396341,1.8502655886875634,6.0193772604200966,11.060469527,0.16063497907,0.00013019421114537035,0,6.5097105572685173e-05,60,1,0,0,0
31,7,5.1271900479617791,3.9542594032384368,3.0449057666496127,-3.1930558481602334,-4.5535028636588137,-6.2645908565728696,3.93971167518,0.203093313066,2.8085850450799091e-05,0.0046793191877969329,0.00015442250085930754,16,1,1,1,1
31,8,-6.2549991554654216,-0.72260568036694495,-3.0904189990700441,0.55121473014500721,6.1316077875143744,0.20820157714350401,254.491628181,8.94477824601,0.089138141582139577,0.0047425957806595644,0.044711348664489572,60,0,0,0,1
31,9,-1.0301723349261291,-2.172311133353932,2.6099677531082488,0.17274611285392935,-1.7500659409895292,2.4474193456127575,0.888326296429,0.026514561018,1.0032763401643518e-06,0,5.0163817008217592e-07,15,1,1,1,0
31,10,5.5409906627616312,0.42960770904965268,-2.6399446473034742,3.2459067548296558,-1.9408520765410044,3.3823004636268865,1.10682059767,0.084359227522,3.3928553880491551e-06,0,1.6964276940245776e-06,23,1,1,1,0
31,11,-2.256844626614058,-1.3607220354058793,-2.8906008806107928,0.5869758207310366,3.9421813351999457,-6.2831853071795862,20.6896851812,42.4483791291,0.54930749687957325,0.0075689999999999993,0.27488081843978662,60,0,0,0,1
31,12,-6.0859627706300152,-6.0311217222233759,-2.9056409531484677,0.48328280726025497,-3.4437550429248356,-0.28948867935099809,61.1803292201,4.14152288377,0.0089678951846517731,0,0.0044839475923258865,60,0,0,0,0
31,13,-5.9673291470146816,-1.1879570566823843,-3.112885747284603,-4.7217696194587715,-5.1588538833648325,5.9027433346651303,273.871136957,29.4871975914,0.33986866879136918,0.0033980847725118817,0.17003627693885995,60,0,0,0,1
31,14,-2.1582757857278962,5.9621346389328087,-2.7599185244360109,4.1302670736423552,-2.4811031602644791,3.0883197864342491,0.12075160029,0.237642351029,1.7217510693084814e-05,0,8.6087553465424069e-06,25,1,1,1,0
31,15,5.2156294462134207,-2.2057389165406707,3.0300020669479037,2.9804205624699924,1.7474269505777507,-0.31003912900810876,0.707217872773,0.00793559455811,5.1933999369509225e-07,0,2.5966999684754612e-07,30,1,1,1,0
32,0,-3.7962194778950149,-2.8428963729614858,2.3238007905218598,-4.0899401167851286,-1.524067265010087,5.4295862998539395,0.0344775199242,0.000165039110147,1.1969965213391913e-09,0,5.9849826066959563e-10,60,1,1,1,0
32,1,-3.7731987158955533,3.5731775479910413,2.2332816139340785,-4.5753092408694069,4.8405191198417246,-6.2831853071795862,4.27535003779,0.343175657667,5.4153268917624864e-05,0.0075689999999999993,0.00025414663445881243,38,1,1,1,1
32,2,4.2733751180150703,-1.9387836908153637,1.9849102578766733,-5.271906685956127,-1.6887820264198155,4.097999393577842,0.026678477102,0.388983526282,4.6091820258102722e-05,0,2.3045910129051361e-05,20,1,1,1,0
32,3,3.1886363454165325,-0.85275751116937759,-2.0376442939157768,-4.4679325536951913,0.24304418764034513,1.6736512606517033,0.148758872264,0.95728849184,0.00027917391547969261,0,0.00013958695773984631,18,1,1,1,0
32,4,4.2217061874886568,-0.26599357319511269,-2.3334632693574853,0.84895030480425249,1.5756027099418655,-5.2352250267566598,0.0332234476328,0.22698267821,1.5695339373407463e-05,0,7.8476696867037317e-06,39,1,1,1,0
32,5,2.852457432966284,3.2538611584213313,2.1581128572501802,-0.64722484642463218,0.81757180468824808,-4.2008114585359682,0.698930150393,0.58371729653,0.00010427954246621683,0,5.2139771233108413e-05,6,1,1,1,0
32,6,2.500671272805008,3.1842442799387443,2.0367472043346164,-0.12211031051165742,-4.7894089883698676,-4.8186933251778905,0.341977442427,0.459492497604,6.4431846510144459e-05,0,3.2215923255072229e-05,9,1,1,1,0
32,7,-2.0759885188833378,5.9494000387657557,-2.3024335339257167,1.0886230860088391,-4.7442972467946118,0.99604511558685616,0.782209133963,0.745812163165,0.00017005096005593323,0,8.5025480027966615e-05,12,1,1,1,0
32,8,4.3119528642881164,-6.2831853071795862,-2.3394723877968024,6.2097833057040006,1.7058911152721119,0.48293741591229278,16.0256100474,0.0392371424835,0.00025728915216033756,0.0077539055638699752,0.00036126174299626801,60,1,0,0,1
32,9,-3.4933522911711736,-0.62442630934774468,-2.3612260454544791,-1.2258559638095037,-0.94003353851331628,4.4548486031529855,0.0372906678378,0.90734046903,0.00025078277668967531,0,0.00012539138834483766,10,1,1,1,0
32,10,-3.9886702523766311,3.1892915549109127,1.9865316485868587,6.2422725706085895,2.0742551901594313,3.3774477039496347,10.1715941194,0.156194883007,0.00011089302983211186,0.0021240358503743445,0.00011916759042728626,60,1,0,0,1
32,11,-1.9965921791994352,-6.2309497790722332,-2.1820110474751053,3.8785491295166881,-1.7126821167804742,-2.7371965382086652,4.61780340323,0.0259855100601,2.1529800188390277e-05,0.0012085685059746434,4.7021955273434434e-05,40,1,1,1,1
32,12,-3.8048063370721206,-0.76770407225429727,-2.3585993613015064,5.1544205984170235,4.740961582641642,4.39660984842617,0.037523994045,0.534168347937,8.6919670510683217e-05,0,4.3459835255341608e-05,12,1,1,1,0
32,13,-1.9781418642158475,-6.2825392506439046,-2.0398992582906192,3.2824031424437665,-1.7373133995436882,-2.9318139963866399,9.7523702247,0.00132800168003,9.5109262219314676e-05,0.0074570035518386948,0.00027126473766481818,60,1,1,0,1
32,14,4.2095700431282861,-2.1399096759530192,2.2986304276110938,3.383722683661087,-4.7334903993222328,-0.35808534195860814,0.00806317537394,0.965475397218,0.00028394698214857117,0,0.00014197349107428558,26,1,1,1,0
32,15,-1.9961894014250554,4.0526837175167785,2.3401842059559308,-2.4882642591000019,1.7196541415300735,-5.9322340405088516,0.0135289237587,0.489382980333,7.2954745654276219e-05,0,3.6477372827138109e-05,17,1,1,1,0
33,0,0.19015672015878254,-0.57152549260422458,2.7671505735988684,4.7649228908947876,-1.4494065486355119,6.2831853071795862,8.1412888586,0.698101034148,0.00021473437713757893,0.0075689999999999993,0.00033443718856878942,60,1,1,0,1
33,1,1.9211317943359034,-5.988428409456767,3.0534256467462257,-0.60221324761678097,-0.90312591018065769,3.8807601953908746,393.715883133,27.8445329343,0.39118756967072521,0,0.19559378483536261,60,0,0,0,0
33,2,6.1200713734436896,-6.0090184680855376,2.6958703272218263,-6.0176480829908874,-5.7980597449464293,-1.0476284272150491,78.6691399001,8.44002040905,0.027887933949031132,0,0.013943966974515566,60,0,0,0,0
33,3,5.6652766331573439,-4.0041064296931674,-2.9978406479338493,-5.1670737379717453,-1.6905564305090997,1.4986034337767833,12.9694718276,0.695883702485,0.00031571944229260332,0,0.00015785972114630166,60,1,0,0,0
33,4,5.6820050858152493,1.847984641669477,-3.0536616557543139,-4.795204203832756,-1.5295784901395058,-4.5294203459274822,37.5124785443,1.54329711213,0.0021327134527716614,0,0.0010663567263858307,60,0,0,0,0
33,5,-6.1285765452801098,6.2826749003528786,2.610867219962322,0.6786222315744791,1.3316483382873838,-1.7607383064080091,21.5733951561,0.0657304058098,0.00046672747393331399,0.0074804497272816153,0.00045777722878510548,60,1,0,0,1
33,6,1.8401079844001023,2.1225082158105959,-3.1178286454509889,0.9285207625223485,-5.1596630903256351,1.2197287804785946,271.143299758,31.9466124263,0.38440697685898656,0.0039987906666692219,0.19232345214949337,60,0,0,0,1
33,7,-5.4347068887049028,0.8463605837823609,3.017558096664144,-0.55528373444784251,0.042779476467179556,3.1957806122156502,289.9020656,43.861401059,0.67007305458816435,0,0.33503652729408218,60,0,0,0,0
33,8,-1.1988132641989819,-2.6155190056754103,-2.951611526810539,6.2831853071795862,-3.3753283348990957,2.8990486142430023,4.66525733543,0.917790160188,0.00027835569118819879,0.0075689999999999993,0.0003662478455940994,52,1,1,1,1
33,9,-4.0763042836964152,0.40096401196989234,3.0795015380361952,5.8422477716727892,4.401866001142003,-1.4716484557844653,348.440765619,24.7753776309,0.30839102972247212,0.00062045252436421119,0.154214128436967,60,0,0,0,1
33,10,-1.1001068021215978,-3.305565123899699,-2.9277016542513179,-5.4887039408041627,3.6949841809488855,-5.2560395084957632,1.00586575875,0.679432881963,0.00014163201332079576,0,7.0816006660397881e-05,21,1,1,1,0
33,11,-0.62386758628207395,0.58368483342422128,3.0934907931188551,2.7119576994352803,4.9174127494168491,2.1686074059739973,43.7916299293,0.456560963942,0.0019812037175260151,0.0015130652588223746,0.0010359938165276788,60,0,0,0,1
33,12,-0.60834973348035781,4.844198515844413,-2.9256862636517242,4.3913122477500464,-3.4615417703436027,-3.4367647437334199,140.938699057,0.76396874743,0.020041506315066338,0,0.010020753157533169,60,0,0,0,0
33,13,-1.1478442841307905,1.3422271351020518,2.9637926003326727,2.2634449409949804,3.5065141271265228,1.3235733899927706,4.1909726497,0.638242244393,0.00014165112106177591,0,7.0825560530887955e-05,19,1,1,1,0
33,14,5.9465211893008085,2.0427773906648534,-2.9646796683371783,1.2148853651072877,-1.5507060105452055,1.4918728508030255,4.97625266589,0.0102528003111,2.4795111951769279e-05,0,1.2397555975884639e-05,14,1,1,1,0
33,15,-5.7453735701786144,-4.3781448012188742,-2.5936541020664552,2.0023388844056114,5.2837393884367261,6.0787603558901342,69.8918922025,1.19930347837,0.0053230166136326723,0,0.0026615083068163362,60,0,0,0,0
34,0,0.75487842723366727,0.93767132884229876,2.2442037823822694,5.5133300922639359,-1.6825221407149014,0.7436967926534952,0.0136899784187,0.266037014812,2.155969647703258e-05,0,1.077984823851629e-05,23,1,1,1,0
34,1,-0.62554639057806782,1.81793435584486,-3.1415926535897931,1.4099293854626753,-3.9425561792346366,-4.7316135387761813,406.23085717,12.1604749747,0.21006946568641671,0.0075689999999999993,0.10526180284320835,60,0,0,0,1
34,2,-5.7243049539357092,2.6257842621120449,-2.9838716827991698,-4.0974256503627773,-2.0349760156042214,-4.126104073725517,366.483014289,23.6535871402,0.3047408654263517,0,0.15237043271317585,60,0,0,0,0
34,3,-5.7302512996737018,-2.8276736186662599,-2.2463545608727427,-2.3924272089251732,-4.0437982865441597,-1.6790307322799314,0.239105460184,0.752254439353,0.00017243613051637629,0,8.6218065258188143e-05,13,1,1,1,0
34,4,3.0078077770381619,-0.36327852971044883,2.2869357474995136,-0.50143546953213336,-2.9923821272525992,4.6398261139156105,0.780664848498,0.974211763488,0.00028971834593823981,0,0.00014485917296911991,22,1,1,1,0
34,5,6.2831853071795862,-5.4025136848197386,2.336989405035685,6.0012401348361619,-0.29133287447008471,-6.2831853071795862,302.773030675,12.215435412,0.13712556368793594,0.015137999999999999,0.069016921843967974,60,0,0,0,1
34,6,-5.6160563037000673,0.78450443910722012,2.3523552442937827,4.9547899175413415,4.3812300377220357,1.302301734404262,0.140581608112,0.0907140804678,2.5264734594927401e-06,0,1.26323672974637e-06,11,1,1,1,0
34,7,2.7834217995250401,0.079826252881448928,2.2460158278393543,-4.7179833040562453,1.9691705964234842,1.5465187145378161,0.0456297093696,0.406237397038,5.027273624758402e-05,0,2.513636812379201e-05,13,1,1,1,0
34,8,-4.2036678924495572,6.2831853071795862,-3.1203893693927611,-0.99864671857163334,4.1506374059449511,3.4374261633571841,495.585735623,51.6709306608,1.0588987241343002,0.011898207810456538,0.5298063083014638,60,0,0,0,1
34,9,2.8495219182209435,-6.1686114262138467,2.3142128202942298,1.803993725815022,-4.1191753324197506,1.6920657691583212,0.0330355952745,0.312929643326,2.9830740507855102e-05,0,1.4915370253927551e-05,17,1,1,1,0
34,10,0.67863569260690937,0.81308983434849502,2.3233868218779685,-1.2090595575142624,-1.8570034904112327,-5.0766602580955666,1.85326821759,0.396305198167,5.1277147954579744e-05,0,2.5638573977289872e-05,12,1,1,1,0
34,11,2.5435294499720813,6.2831853071795862,-3.1212649629743523,-4.7203099842489626,-3.5910677753376885,2.7718162416617096,388.428595499,35.2038777668,0.52839310515939231,0.012014196838670377,0.26455697848485626,60,0,0,0,1
34,12,-5.4220875906823105,-3.0634093507666469,-2.2227093386680528,2.205954607081746,4.8326207157642127,-6.2831853071795862,0.96485232595,0.726976061575,0.00016191947779074388,0.0075689999999999993,0.00030802973889537189,21,1,1,1,1
34,13,0.76707788294611245,2.9476551892685885,-2.3465498281835906,1.2304228168116866,4.6296681207460253,-5.1201401430372639,0.0152050168105,0.000717013204402,3.8779876894573478e-10,0,1.9389938447286739e-10,22,1,1,1,0
34,14,-5.4586483663616567,-2.7382516145055473,-2.3517180243795126,4.4041411458842443,1.5212259305831319,3.7684133343140696,0.0369040740123,0.488827406743,7.2790374756883186e-05,0,3.6395187378441593e-05,13,1,1,1,0
34,15,0.75374253503172872,-4.8933709489716817,2.3676483630762859,-4.3014015224343911,1.6852170890564346,-2.5347905619405422,0.0187927434761,0.542054254586,8.9503900921122169e-05,0,4.4751950460561085e-05,11,1,1,1,0
35,0,0.63597976805971235,-1.8730437590601596,3.1415926535897931,5.9293294002494923,-1.9105808649964784,-6.1885251420695981,68.4919770936,0.586772504482,0.0047960313045282499,0.0075689999999999993,0.0026250856522641247,60,0,0,0,1
35,1,-4.1873330830179949,-5.5932915757499311,-3.1415926535897931,-5.9331853071795866,1.5887116966084223,2.2885462140179698,105.065320397,1.89491881519,0.012132516594171446,0.0075689999999999993,0.0062933282970857232,60,0,0,0,1
35,2,-3.4922343070949871,1.5230496022800619,-2.6939590032766798,-1.4739456872654639,2.2987004200778194,1.3671275202913109,0.0314620876469,0.839367086073,0.0002146152649876021,0,0.00010730763249380105,15,1,1,1,0
35,3,0.56497934910248049,1.6960709757494865,2.6215771113517761,-0.066430213849813208,-4.3721589173347093,3.2582792730994106,0.122015572064,0.360842199634,3.9678236518648798e-05,0,1.9839118259324399e-05,11,1,1,1,0
35,4,4.3113304107880426,5.9561423235784146,-3.1415926535897931,-1.1956529531503381,4.8372566463679547,4.4664019264757444,461.053347407,38.7939060058,0.67100939717595331,0.0075689999999999993,0.33573176858797665,60,0,0,0,1
35,5,0.43991809807858534,-2.2594747063798351,-2.8697145996951785,-5.5577106755748602,-2.2910341917308372,-4.7829786423746077,0.0165644779616,0.131375598592,5.2578333315521958e-06,0,2.6289166657760979e-06,15,1,1,1,0
35,6,0.50307482695689232,-4.3624195672898676,2.5263158678622406,-5.9557675420518352,-4.199215147256222,3.7972073414863767,0.21225042596,0.0605573818094,1.1621421764436784e-06,0,5.8107108822183918e-07,16,1,1,1,0
35,7,0.92564324629352779,5.387055107073266,-3.1335328237495124,6.2831853071795862,4.5146199075728317,-6.1803593754730679,211.492104169,18.5832461829,0.14992458781007781,0.013800550464845428,0.075376310418984266,60,0,0,0,1
35,8,2.5638929950025289,5.5240719431119656,2.7729994386684105,1.9217866545246882,1.6594172212957272,-3.742951968410162,0.668028837269,0.424645058373,5.5375919160880456e-05,0,2.7687959580440228e-05,13,1,1,1,0
35,9,-3.7194065812938044,-1.3926202119926103,2.5090739865702063,-0.47195065144986748,-1.7153341249869283,-6.2314763223748271,4.84994640787,0.200829369566,3.5807942649798528e-05,0.0012454557535107192,5.5267643930220843e-05,30,1,1,1,1
35,10,-5.7771759825206503,1.5340594068522539,2.8406062883633072,3.9017727688583235,-2.0722205476276394,1.0912184506479246,1.05413709494,0.149805085055,7.9472961867937093e-06,0,3.9736480933968547e-06,34,1,1,1,0
35,11,6.2831853071795862,-1.3514964707077732,-3.1415926535897931,-4.8842284364140367,4.1943805003985259,2.7555051369894397,396.525309275,38.320205381,0.60454415835392183,0.015137999999999999,0.30272621917696091,60,0,0,0,1
35,12,-4.625973543360538,-6.0834870892463631,2.9967696816090634,-0.37346552553761853,-6.2831853071795862,5.3051276558898453,37.6745409032,53.978172418,0.88896581359816607,0.0075689999999999993,0.44470997679908303,60,0,0,0,1
35,13,0.59634868289434417,4.565691964115179,-2.4953751752896656,-2.6160758669107613,1.8306275115660853,-2.4891613328880249,0.0364883928671,0.731373897751,0.0001629435586558752,0,8.1471779327937598e-05,25,1,1,1,0
35,14,0.51398251475425805,-4.7618054125264146,2.8044603631715286,4.104132051818012,-2.053968945594665,-4.8756002432170265,0.0961789955168,0.148594262876,6.7352806931801282e-06,0,3.3676403465900641e-06,17,1,1,1,0
35,15,-3.4726768651835425,1.5012370584853336,-2.6811772726336098,4.7374204458542168,2.3714805027853916,1.3605752796210631,0.00764255609853,0.569344884407,9.8742890863400841e-05,0,4.9371445431700421e-05,13,1,1,1,0
36,0,-0.54750696429867829,1.178178440336529,1.4963768029917743,-2.5650897559592685,1.577147184676962,5.5257704179125993,0.0219081685537,0.227537355394,1.5771513217986648e-05,0,7.8857566089933241e-06,23,1,1,1,0
36,1,5.8657322916516694,-4.0490594230242003,-0.82843730688867934,-4.3733529648074514,-1.3109129635063324,2.4556154714645353,0.0114596013684,0.486229753038,7.2017590633832802e-05,0,3.6008795316916401e-05,52,1,1,1,0
36,2,-0.86985098796827165,2.5741551178798758,-1.3033905110579258,4.4991713447227788,2.4613359780500361,4.9015376483488122,0.3106534825,0.774575204671,0.0001828568282257647,0,9.1428414112882352e-05,10,1,1,1,0
36,3,2.4576956599102364,1.7673580158226232,-0.78327256775313503,-4.1300554379937475,-6.2519082729929565,-3.2153377228900055,392.001094069,0.189526660858,0.15367579971707915,0.0031050489190380293,0.076931051326110708,60,0,0,0,1
36,4,6.2490904431382344,6.2831853071795862,-3.1415926535897931,6.2831853071795862,2.8221978079387222,2.5269186930119019,1081.23099425,11.4243658631,1.2088179513349624,0.025505953410803039,0.60517415426980525,60,0,0,0,1
36,5,4.2577192051717381,-5.7309016868077993,1.893695009501432,5.0563286825110882,-3.1506496781397604,-4.7245517320093233,369.33369434,27.4038620819,0.3651664262633092,0,0.1825832131316546,60,0,0,0,0
36,6,5.4294423965119041,2.5624887040982149,-1.935033232973977,-6.2345264285533908,6.2831853071795862,-5.9331853071795866,272.35266767,50.910805569,0.86371694978119717,0.0090390415882008104,0.43212964613824462,60,0,0,0,1
36,7,-4.7734391481347345,-5.757521082044847,1.4581586028011599,4.2811690347334457,3.9244671599965968,-0.72903108189089671,0.174029644743,0.00171826874268,3.1185684180472219e-08,0,1.5592842090236109e-08,13,1,1,1,0
36,8,-0.8333387660726288,2.6118014104070499,-1.4168638084735818,4.9571039910124055,-3.9600907838897044,-0.37498046488023623,0.736457664386,0.0938960108743,3.2280174496817539e-06,0,1.6140087248408769e-06,16,1,1,1,0
36,9,1.4378490557095824,6.2831853071795862,1.6474164141644503,4.2938924041358115,4.1137613676967861,6.2831853071795862,390.806225781,22.661395879,0.30916238957217129,0.015137999999999999,0.15503533478608564,60,0,0,0,1
36,10,-6.2523993744627298,-5.3386530826519687,1.571333797833389,3.7552905919513333,-5.9542791392616099,-0.27329493395273602,6.95203980739,0.397433892034,9.6446305577757872e-05,0.0031600213605137862,0.00014302379360429251,60,1,1,0,1
36,11,-0.8283083814270632,-3.7025594484958586,-1.3161961624806151,-1.6918150029972832,-3.9776737756421907,4.4906647799991646,0.0417315414264,0.687233374137,0.00014386941453445575,0,7.1934707267227877e-05,13,1,1,1,0
36,12,-0.8584965604922985,1.3879872362816699,1.1682034336258629,-4.3810290390888724,-2.4156586772180138,-0.83043496955222196,0.0542491498662,0.849830345704,0.00022000118212221742,0,0.00011000059106110871,28,1,1,1,0
36,13,-4.7791412678501359,0.92575086630228487,0.74375955432841223,1.3942659483044462,-3.9440800609274529,-4.0952621436658259,0.196406830206,0.399516900792,4.8659705554542623e-05,0,2.4329852777271311e-05,11,1,1,1,0
36,14,-6.2831853071795862,1.0768016712440891,1.5180474206040007,-2.6421392707725846,1.1228200325211319,-6.2831853071795862,46.7157985547,11.7387101031,0.044157828348442438,0.015137999999999999,0.022533054174221218,60,0,0,0,1
36,15,-0.75281248775506426,2.1812009261915439,-0.70576991103320219,-4.7136099656183417,-2.0725920114327883,-3.9589455850868238,0.0290379408519,0.0768397284989,1.7994091989816121e-06,0,8.9970459949080604e-07,21,1,1,1,0
37,0,0.14537943993718258,-6.2831853071795862,-2.9936723649269199,2.758069596608363,6.2831853071795862,-5.612814880739208,103.190202995,39.4605888895,0.48497960080690239,0.015137999999999999,0.24294394040345119,60,0,0,0,1
37,1,5.1993137376941823,-3.7976709290464079,2.7531989662607379,2.1485602802404031,-3.74504910285577,1.2685867148297698,0.0751954861247,0.778553265259,0.00018464803719425984,0,9.2324018597129918e-05,17,1,1,1,0
37,2,-0.69367791085142716,-3.8425954011103047,2.5804922296316639,1.4132944221276029,1.3191642200731175,-1.2455353071253248,0.027249272764,0.365536492577,4.070278618904572e-05,0,2.035139309452286e-05,8,1,1,1,0
37,3,-0.81773717457120176,4.0185353132235839,-2.5567410010188829,-4.6650815704500577,-1.6366774239899768,2.1488695374908695,0.103054899762,0.107842504644,3.5533226736410704e-06,0,1.7766613368205352e-06,15,1,1,1,0
37,4,-4.3854561977286366,-0.86334471184192918,-3.0340576264092429,1.7607781571041901,-3.1339843958329188,2.8855665083225932,262.606507015,25.0329867125,0.25985081271748267,0,0.12992540635874134,60,0,0,0,0
37,5,3.8729455785879554,-3.1973626526218166,3.0852463456308512,-0.24093116045689611,4.3111744135180867,0.43993954490629084,403.942345195,47.0417679179,0.83726581410019008,0.00093964883574802771,0.41866109651516747,60,0,0,0,1
37,6,5.2769263620850326,3.9649599110257534,-2.598890778568316,-4.8581132953694839,4.0779057246255075,2.0564300906597146,0.0320051858768,0.216438707302,1.4271044864305585e-05,0,7.1355224321527926e-06,14,1,1,1,0
37,7,-0.86371455489864124,2.4325943787125706,2.5414516488305186,1.513852075847792,1.7613975971207712,-4.7514673199984472,0.00264253990734,0.860430166047,0.00022552048906705633,0,0.00011276024453352816,16,1,1,1,0
37,8,1.483711436497666,-1.6485882945615478,2.6019859292483654,-1.1754701484700061,-2.8155965077010925,-1.0271058171472955,1.4822315324,0.760949136196,0.00017858377399867817,0,8.9291886999339086e-05,12,1,1,1,0
37,9,-5.9811370989901942,-5.8851663775062768,3.0572444633618314,5.9331853071795866,6.1168734006590384,2.6860549092525057,47.4389302404,7.2720332142,0.018359372772719477,7.0320950670778169e-06,0.0091798973492117509,60,0,0,0,1
37,10,-1.0015959895573203,4.6717976222578548,-2.5032361300427306,4.0910680260884265,2.1877025546303166,5.9795979893247386,1.86794596234,0.53004184554,8.9069767563011926e-05,0,4.4534883781505963e-05,27,1,1,1,0
37,11,-5.0918347567141478,-1.4216449640912927,2.4846517932170165,5.5285105029108328,-1.6760188757165781,-0.80898313451907389,0.0962262828566,0.800320937675,0.0001951208606673837,0,9.7560430333691852e-05,12,1,1,1,0
37,12,-5.2180779382140736,6.2831853071795862,-3.1071731104337434,0.45999184369476931,3.1141751223359124,-2.6193371878237097,200.489665389,5.47993775579,0.049343681083306404,0.010333704441918522,0.024981851674910759,60,0,0,0,1
37,13,5.8598193949597777,2.4893040189278026,2.7032358336060018,-5.2315074461903457,-5.6770571683607276,-0.34182770259533324,0.174586638981,0.213105228285,1.3864326746883712e-05,0,6.9321633734418559e-06,22,1,1,1,0
37,14,5.5459967420022371,4.7128117816328778,-2.5446930812853852,-2.1636471959240917,-4.8547236893417649,5.5254017308672543,0.0198931863705,0.15157757986,6.9992132951039812e-06,0,3.4996066475519906e-06,40,1,1,1,0
37,15,-1.0670619079125458,-2.1472359113362631,-2.4879313362944142,-4.3536108149120505,3.8293768340567991,-2.6347520442445247,0.0462884168808,0.548120205308,9.1520108478150106e-05,0,4.5760054239075053e-05,10,1,1,1,0
38,0,1.868583369423745,4.4589574339066527,2.4481337620862078,-4.4950395535008356,-1.1042537437155642,0.33817944676695155,2.64611512283,0.788669138028,0.00019647365855956242,0,9.823682927978121e-05,52,1,1,1,0
38,1,-0.1802388671124113,-1.4353980651539162,-2.3408698898144453,-4.5677568747953829,1.3898122728055551,-6.2554366054194617,11.6752709533,0.205596839834,0.00014918814861111205,0.0035107163431106654,0.00017991556459887598,60,1,0,0,1
38,2,-4.4012828107094881,3.9890356840638659,2.2965070583841802,-0.54288795233349774,-5.1329541003770762,-3.1145919195701293,0.422934960653,0.0265276859074,3.9323877879239065e-07,0,1.9661938939619532e-07,15,1,1,1,0
38,3,6.2749318827151805,5.3755379825644329,-2.4963246898295735,-1.204617718374861,5.6302353507501923,-3.0992308723285285,16.2386401036,0.045855677377,0.00026433396460729503,0.006201023158583059,0.00031819767706113924,60,1,0,0,1
38,4,0.81054462561885277,-6.2805081053324878,3.1099088438119113,0.012451827652801839,-5.8266223040960572,-5.7058471563443733,326.353005847,48.8519437866,0.83347953757534066,0.010170215189024551,0.41704487524334105,60,0,0,0,1
38,5,-0.073553970908933466,-2.9944633249260142,2.293746793294738,1.2320175386168537,5.1362179272469524,2.5194268525674182,0.0379916060363,0.0411337175628,5.1685077278249986e-07,0,2.5842538639124993e-07,7,1,1,1,0
38,6,-6.1953250200016692,3.3115640274638869,2.3176897114383195,-4.8482941104052015,-0.51637241185501703,-4.0258564246140942,3.17026807124,0.00189808334062,1.0051697094906761e-05,0,5.0258485474533806e-06,26,1,1,1,0
38,7,5.6089882577359997,-0.49394118305665491,-2.9266266605570279,5.9331853071795866,-3.2404404328076333,-5.50251472228745,336.686903517,44.3309216,0.71200154867436005,0,0.35600077433718003,60,0,0,0,0
38,8,-4.1114595547355854,-6.2831853071795862,-2.1618024404592253,2.0858996210130223,-4.0936889609929805,2.9385253648676146,48.5033289197,3.8716581749,0.0069187079315937913,0.0075689999999999993,0.0036864239657968955,60,0,0,0,1
38,9,0.038612725677823097,-2.9901011266387054,2.3579418855164422,-4.7689101991382561,5.5773961237560812,2.5071669694833445,4.27086707093,0.225489480938,3.3728732387195242e-05,0,1.6864366193597621e-05,22,1,1,1,0
38,10,6.1966323600554061,3.2860383808233915,2.1014730783333992,1.9137790549487952,1.1789459516111862,-2.8282062875007141,1.20490699614,2.52013501519,0.0019361015540546166,1.9985627377878631e-07,0.00096805677271552168,60,1,1,0,1
38,11,2.2256790119479133,6.2178152260735207,-2.0791068057008508,-4.1034375451376555,2.5353838891832488,-2.9326216420012501,2.1088972225,0.28492784853,2.917747120405949e-05,0.00046785339135818138,2.8624337342775187e-05,51,1,1,1,1
38,12,-4.4957293239297389,6.2831853071795862,-2.0775393245684293,-3.0596491085392556,0.038529948702714555,0.63442481030809128,73.5615900091,14.8268205403,0.072376758390584717,0.0075689999999999993,0.036415449195292361,60,0,0,0,1
38,13,-4.3813026795827366,-2.0136080333183366,2.0269349988916203,5.6835296141046854,5.0907949499549661,2.3301205188707801,2.64507030826,4.9004361017,0.007322162576868128,0,0.003661081288434064,60,1,1,0,0
38,14,0.086074872275992212,-0.78975612522514649,-2.4051418781623712,-1.8751686358258561,-0.45334793437852633,-3.9657761461811698,0.0932263274442,0.00298570439443,1.1406639016863683e-08,0,5.7033195084318415e-09,25,1,1,1,0
38,15,2.291268402996169,-6.2831853071795862,-2.0617732954206285,-4.0526488876076208,2.6041906247692066,-2.5460412002049049,30.4710069446,1.85875972378,0.0019809317060573107,0.0075689999999999993,0.0012175358530286554,60,0,0,0,1
39,0,-3.3440301678593176,-5.7455762003224278,1.4622551593433715,-0.9485917382102067,-3.8270869860696686,-6.2714676281837578,3.2742699076,0.996611652842,0.00031327746135806193,0.0056674278557751314,0.0003266615663522849,11,1,1,1,1
39,1,-3.4094166164925732,1.0081830701392349,0.77826481618346322,-4.3313954969487121,-4.0003730204106516,-2.596141350072708,0.389239368361,0.00790778248655,1.7055593426047463e-07,0,8.5277967130237315e-08,32,1,1,1,0
39,2,0.63139438265654313,-4.9767922792015371,1.3015621057072813,2.0389314256765663,3.9667603952671615,4.7137496448023128,0.624460502473,0.434257628371,5.7834608840372035e-05,0,2.8917304420186017e-05,15,1,1,1,0
39,3,-4.1207251337443136,1.8469530284284925,-0.89314753646868472,-4.0727584085047033,0.96798050028348459,0.081253100059172662,4.2232246213,0.297900983181,4.4868897835432091e-05,0,2.2434448917716045e-05,28,1,1,1,0
39,4,0.89437394396802949,1.0582875213228158,1.6073691625035988,2.745132259718627,-1.7014072320778082,4.9872031659387739,2.34682120468,0.906604829678,0.00025588247147009791,0,0.00012794123573504895,6,1,1,1,0
39,5,-4.1557917650819149,0.7002813606750462,1.322967793446018,-1.2620382071535012,-0.92316753781308547,2.7438155280175525,0.0553269349133,0.420608595301,5.3893413280296e-05,0,2.6946706640148e-05,8,1,1,1,0
39,6,-1.7711240120711234,5.9562415760765415,-3.1415926535897931,4.0987315270194236,3.1163690642801698,-5.7629748547236224,915.148446097,50.670777425,1.6196103369838903,0.0075689999999999993,0.81003223849194517,60,0,0,0,1
39,7,-5.5093292714942201,-3.6770223019724719,-1.4588824991073959,-1.2303477238360367,1.9293743367391203,-6.2681719588793658,1.65747157566,0.205957498984,1.5668623421901684e-05,0.0051820780229453823,0.00016329665239931231,13,1,1,1,1
39,8,-4.3175622058626368,5.9738143462931665,-3.1415926535897931,6.2831853071795862,3.437276131064817,-3.0786391915112006,1083.91836122,22.1612434196,1.3244829372520661,0.015137999999999999,0.66269560862603305,60,0,0,0,1
39,9,6.2831853071795862,1.0815043429903288,1.4928258760331499,-4.1254872924895656,-1.5865212948424423,6.2831853071795862,255.336621238,1.83618383525,0.066223829427408315,0.015137999999999999,0.033566054713704156,60,0,0,0,1
39,10,0.55348104711660984,-3.8390766818212536,-1.0935752769018878,-3.3762803072014242,-2.6183941413073764,-0.75842584645146793,0.0812280803624,0.411848544266,5.1675568183707768e-05,0,2.5837784091853884e-05,10,1,1,1,0
39,11,6.2831853071795862,-3.8131764728814055,-1.5375322977362715,5.9454987869539693,6.2831853071795862,4.9380838406016272,301.618730273,1.42882477937e-08,0.090973858451554632,0.015137999999999999,0.045941069225777315,60,0,0,0,1
39,12,0.6015861961223421,2.2482072621701557,-1.2217947979865507,1.2143901986093233,2.4232869158213934,-0.20695338926176016,0.0237356340682,0.473897256236,6.8411119935619913e-05,0,3.4205559967809957e-05,19,1,1,1,0
39,13,2.3901771886625487,-4.1900637524035957,-1.5869108437811812,-0.76143236112127188,-1.2833418843130397,-3.9452570367659479,0.0148892434678,0.43349247902,5.7242626306619433e-05,0,2.8621313153309716e-05,12,1,1,1,0
39,14,2.5457493510596683,6.2831853071795862,1.5140744911720732,-6.1192633059977251,-4.7341418767737373,2.6036560550621894,457.740214537,31.2729501817,0.50744115253199451,0.0075689999999999993,0.25394764626599725,60,0,0,0,1
39,15,2.3408818577164112,0.75635068165599573,1.1238304502284373,0.50466411666274946,-5.07524824723221,-5.4448551176166591,2.05942125206,0.59412918681,0.00011176796373772663,0,5.5883981868863314e-05,16,1,1,1,0
40,0,2.029208551972792,-6.2831853071795862,3.1415926535897931,0.62470608785712534,-1.2633812736449037,3.5990684443059089,1003.43182861,7.02612476022,1.0219133089361798,0.015137999999999999,0.5114107944680899,60,0,0,0,1
40,1,5.9689294575585343,3.8887117591878164,0.63252824183052581,-5.0848161249233108,4.8345901262585587,-1.3254929320175226,139.530380752,34.5081525912,0.38221098737013398,0,0.19110549368506699,60,0,0,0,0
40,2,2.2569366448989236,-0.4874016034438971,-0.76751960931048757,-1.8237214045643537,-5.0553746963798742,-1.1441601463755042,0.0977703358124,0.157030366134,7.5209786165786768e-06,0,3.7604893082893384e-06,13,1,1,1,0
40,3,-3.9250035752659005,-0.42923508362831492,-1.0917492517235168,4.5397653437375185,-1.9554506639358675,-4.3318372154169262,0.0266782366194,0.707935725943,0.0001526667354383634,0,7.6333367719181699e-05,13,1,1,1,0
40,4,-6.2831853071795862,4.7076711867078682,-1.1543061986336636,4.9442215309780462,-2.5549013279682087,-1.5661640779417274,285.846454774,22.3138481748,0.23337959123916147,0.0075689999999999993,0.11691686561958073,60,0,0,0,1
40,5,5.9600033838664945,4.1363691553666451,0.1354747894375527,1.5524593030511116,-1.4474023884973144,2.0361468393485893,74.6091852506,0.246879980757,0.0055850968716872219,0,0.0027925484358436109,60,0,0,0,0
40,6,2.2155435362669214,-1.556927245585402,1.0478616650852202,-0.96205512999043907,0.90020002611934069,-1.8544298697255528,0.395820830258,0.213564826462,1.4050254876958864e-05,0,7.0251274384794322e-06,8,1,1,1,0
40,7,5.8334023721966366,-1.7901748408906883,-0.94790959638066941,-0.88807300681331436,-2.4571908287576254,-1.4286358914870236,0.0382286450858,0.779800298505,0.00018523581299130442,0,9.2617906495652208e-05,21,1,1,1,0
40,8,-0.26786823963452339,3.5800810410558306,1.1253359558862248,-1.5307192523600868,-5.2437695212858353,-5.6188286091890305,1.31246059601,0.94808538302,0.00027553276202720489,0,0.00013776638101360245,12,1,1,1,0
40,9,2.3932866793239391,5.3663438457423105,-0.057014537485984396,2.3361655356875493,-4.037752183093926,-2.0461038780400966,107.995710287,1.32371638079,0.012196831716103239,0,0.0060984158580516196,60,0,0,0,0
40,10,-0.28506709994757884,-2.0327875325408051,-0.029693117410489356,2.0900047086085327,5.1110145344231572,3.4804854496537092,14.2157067052,0.00499663643424,0.00020209392231997742,0,0.00010104696115998871,60,1,0,0,0
40,11,-3.9712644944302151,-1.1998442038544945,0.27046139694917176,1.2521986893149448,-4.6643536497655127,2.7942825062417316,70.4002781369,0.000181139898844,0.0049561991717429,0,0.00247809958587145,60,0,0,0,0
40,12,-4.0108711020440655,-1.4857510897046322,1.1163849543318756,3.246615414707791,4.9438784563367566,0.69439305289025399,0.0926848368459,0.339053519503,3.5026583266372375e-05,0,1.7513291633186187e-05,10,1,1,1,0
40,13,-6.2831853071795862,4.0997203730921372,-0.02381256934135392,-4.880678073180083,2.5212629640777195,-4.5627250112277213,284.395976462,24.5739735844,0.26483349302736275,0.0075689999999999993,0.13264381651368137,60,0,0,0,1
40,14,-0.26199466190439441,-2.2070549145337566,-0.042546901108691082,-5.8874167211793127,5.2905797495916058,-1.228655063026332,70.1862186349,0.463879282009,0.0049916540775499637,0,0.0024958270387749819,60,0,0,0,0
40,15,6.0726214283017432,-2.1393062366830526,0.083001478875724288,-4.7337007823085706,5.6580204328321351,-6.2831853071795862,66.6493148756,1.39565732075,0.0050354830648165821,0.0075689999999999993,0.0027448115324082908,60,0,0,0,1
41,0,5.7870204293541398,2.0821926913258029,-3.1193989270178859,-6.2831853071795862,2.9607105529680475,0.80512446839396512,437.776993779,2.46728330806,0.19350305084127833,0.011768853075636724,0.097104591012908276,60,0,0,0,1
41,1,1.2250521049278853,-4.2484780754515734,-2.256146781582332,2.0121499489852921,-0.79796350232781088,1.6064461305096183,0.426091549704,0.0679555196586,1.5882628303006321e-06,0,7.9413141515031603e-07,10,1,1,1,0
41,2,-0.66432792410949038,-4.9367487513359292,2.1630426756349226,-4.9782508916616139,2.2622458223409154,0.63954863797136985,0.0199519817813,0.200770783313,1.2279193458021496e-05,0,6.1395967290107479e-06,15,1,1,1,0
41,3,-0.22416377309586666,-3.0317704249102428,-2.2263940251472549,3.581886251335066,1.0158392958676727,-6.0344154959068943,0.0183536498919,0.235324684091,1.6869351059039603e-05,0,8.4346755295198016e-06,9,1,1,1,0
41,4,5.7477110110756042,-0.98353168934182644,-3.121299006604211,1.1457809232372194,5.3605271404884434,-3.811328426549887,602.206001494,34.764492076,0.73080351563779866,0.0044497375324841371,0.36553524994487385,60,0,0,0,1
41,5,1.1102566342247642,-0.05116444849949664,2.3056711579123901,-0.26643134695674808,5.8742733649193122,1.3912234726513288,0.0543890455411,0.0682462409164,1.4217288487928111e-06,0,7.1086442439640555e-07,12,1,1,1,0
41,6,-0.73976578547617311,-4.9592432928099592,2.1665908637985387,-5.2417966175638631,-3.6613676344183781,0.45050694588413903,0.17017077114,0.209609565446,1.3412680809604626e-05,0,6.7063404048023131e-06,6,1,1,1,0
41,7,-0.15605764554215851,0.72665110879648454,2.3621797719545712,6.2220090698674841,0.79265418426751422,-5.7978379595423952,4.84669302002,0.0568158505366,2.4473750711759965e-05,0.00066686671936086808,3.2242876936706025e-05,60,1,1,1,1
41,8,1.0618418573447612,0.030671272119375356,2.3088815042729265,0.10991660491178029,-0.10675413225680842,-5.5119457738961612,3.01765565944,0.404929171214,5.9053643185221641e-05,0,2.952682159261082e-05,29,1,1,1,0
41,9,1.2336943597608572,2.0938439299407023,-2.698804722018957,6.2193069912085779,-0.77833329686620045,2.6949326953215267,4.91628226969,0.0192549539507,2.4282769254138693e-05,0.00053461227233652731,2.8179752797165163e-05,37,1,1,1,1
41,10,-5.0254685619603743,6.0154490508495879,2.3131782302634503,5.3684252909276635,-0.88285412299154065,-4.4472234631286378,0.105399330054,0.172440701793,9.0691503603224805e-06,0,4.5345751801612403e-06,11,1,1,1,0
41,11,-0.21625122102412594,2.8998743809097984,-2.450320416431742,1.0036674089654845,5.287963503554673,3.382872902041862,0.00468330368835,0.227243530298,1.5730350364686516e-05,0,7.8651751823432581e-06,15,1,1,1,0
41,12,-6.2831853071795862,1.1786869300460023,2.2169063064686028,1.2220850467711442,2.1082650000067451,0.52234931283777064,148.67687039,29.5964236631,0.28893392086508618,0.0075689999999999993,0.14469403043254309,60,0,0,0,1
41,13,-0.72184849875622292,3.2911806028022181,-2.1528388343805247,-3.1264610797974686,2.5153606754966571,-5.9736276135032851,0.403459798429,0.495841509799,7.5055653961799784e-05,0,3.7527826980899892e-05,29,1,1,1,0
41,14,-3.7806804414734834,-1.2100129768371466,-3.1223297937928862,3.2782280728812268,-6.2831853071795862,-6.2831853071795862,513.575755709,50.8582935746,1.0516731255936715,0.019726320162893489,0.52642835240172259,60,0,0,0,1
41,15,5.7290259674984991,-4.8855827102587819,2.2072012962299028,1.6502583634330168,-4.3908605928689539,-5.530455195854203,0.0145711172607,0.394939382975,4.7513559007473521e-05,0,2.375677950373676e-05,15,1,1,1,0
42,0,1.2028849334234462,1.7138094839597826,-1.6957745628523158,-2.59040815983183,-4.5801528194806398,4.9404351573493797,0.0673016579518,0.282120343053,2.4249605060860767e-05,0,1.2124802530430383e-05,14,1,1,1,0
42,1,1.2536650972266721,1.9588530489890754,-2.1072087172367335,5.4023764643665508,1.9806984645180619,-0.9115209018006476,0.591310663448,0.678088958602,0.00014041415005740837,0,7.0207075028704184e-05,4,1,1,1,0
42,2,6.2831853071795862,6.2831853071795862,2.0507184231750117,0.9047548068316229,-4.6864504949854187,-0.8419198627637291,396.096473345,33.9347537827,0.50767994111080883,0.015137999999999999,0.25429411055540441,60,0,0,0,1
42,3,0.73091137115160465,6.1237604866305242,-3.1415926535897931,2.5148356416334576,1.5524051179051823,-6.2831853071795862,520.766925156,26.1101583105,0.47886818189568647,0.015137999999999999,0.23988823094784323,60,0,0,0,1
42,4,-6.2831853071795862,1.1139021456364089,2.1443422646742696,1.99867250377437,1.1994588211660189,-4.9839088956967768,347.749473975,52.7533732652,0.96865511635021562,0.0075689999999999993,0.4845546281751078,60,0,0,0,1
42,5,5.1941752391534397,3.0669665575267944,-1.8229793749895338,-4.157376982396995,-6.0153985178932103,2.4731787787854835,0.378340581717,0.0297886254202,4.1344758090202126e-07,0,2.0672379045101063e-07,60,1,1,1,0
42,6,5.1331984032965003,-2.7794495956476108,-2.0494185405459362,4.8331730355482918,0.82308539436333872,-6.136793089388334,1.78695310868,0.0755979851879,4.9341068316840678e-06,0,2.4670534158420339e-06,47,1,1,1,0
42,7,-5.1958620057220939,-4.2986830498288411,-2.2077783786665677,-0.47386324129575219,-5.1735032057528674,5.496468866971095,0.0194757341083,0.606642828864,0.00011210431800012196,0,5.6052159000060979e-05,25,1,1,1,0
42,8,-1.4596107067205901,-4.6235511505139826,1.7370110666600684,0.97347960292687163,3.6164829982804245,-4.4328525687852922,4.0217805754,0.883409268101,0.00025390178899685451,0,0.00012695089449842726,9,1,1,1,0
42,9,-5.0316915539035776,6.0456143596930918,1.7734368995812584,5.3911170995362854,4.3211516579284446,-4.7182459389259268,0.0850104327343,0.101211646521,3.1276659038738231e-06,0,1.5638329519369116e-06,22,1,1,1,0
42,10,5.048592232892755,-5.113863161355332,2.2115311124119668,3.5289438255558236,-1.2983114146262271,-1.2896822343980783,0.0923951781224,0.839406736665,0.00021464308866189893,0,0.00010732154433094947,25,1,1,1,0
42,11,-1.2402103473679829,-3.2059756908872674,-1.6735464333395798,2.8022480822925298,-4.95641056863745,1.6684527614136035,0.0102079087325,0.328474824235,3.2867017035173784e-05,0,1.6433508517586892e-05,20,1,1,1,0
42,12,1.213394291309654,-6.2831853071795862,1.6282571094110498,6.2464631796469936,4.5126566576621805,-4.1798795737461685,11.4115026476,0.0236791341109,0.00013039319208749153,0.010096864459848878,0.00036810252983921209,60,1,0,0,1
42,13,-5.1169669898957011,6.0945543053237499,1.7407529443403649,-0.73395354997771189,-1.5170229786918814,2.0810373750628828,0.0269894680699,0.220316826272,1.4786706878903588e-05,0,7.3933534394517942e-06,15,1,1,1,0
42,14,-1.3903330062124124,1.6113084463684608,1.6358761682522427,-6.0394243014954148,4.1613190510410911,4.772575305925975,0.0456772374007,0.509426963825,7.905512938671393e-05,0,3.9527564693356965e-05,11,1,1,1,0
42,15,1.2288517673453865,-4.5243657221242559,-1.7360478312419372,-2.3976462291925329,-4.4440385640687623,-1.3954820588133459,0.117441695444,0.0081217528549,3.3885990918133667e-08,0,1.6942995459066834e-08,21,1,1,1,0
43,0,-4.0314796211862944,-4.0767826773106375,-1.4338589829785398,-2.451815865531072,-4.2310395185068597,-2.7276400471157749,0.0184665073671,0.685706996731,0.00014322965009521053,0,7.1614825047605263e-05,17,1,1,1,0
43,1,5.9875370801550254,-5.0664329729649991,1.2378568383288884,1.5024638240103962,-5.5193945453289022,-6.1786117657405626,245.888998111,41.9098326864,0.59550181558884163,0,0.29775090779442082,60,0,0,0,0
43,2,-4.8268445561008839,0.97993921617123214,1.4694648974669782,2.1438855953622182,-5.6177985053836688,3.4851985552772393,44.461501699,3.86228629793,0.0065208809979514851,0,0.0032604404989757425,60,0,0,0,0
43,3,-3.8833193752400583,-4.2796948442774347,-1.6661148148461464,6.2831853071795862,-2.3562035347079839,-1.5497430367825564,37.504851018,35.4174892641,0.38351826224799279,0.0075689999999999993,0.19198620112399639,60,0,0,0,1
43,4,-5.55769874252747,-5.5837476203464291,1.8691397696694771,-2.3215721548350032,-1.1646050676068651,1.4700734991508904,43.3595740144,3.69681103296,0.0060430797630501871,0,0.0030215398815250935,60,0,0,0,0
43,5,-5.2760958520374643,0.66323899988835755,1.6870093546989942,-1.5352157267360864,4.9481692167926292,1.3098617131533203,1.99690507811,0.536823744695,9.1772196552294638e-05,0,4.5886098276147319e-05,18,1,1,1,0
43,6,-5.6456752030964363,1.1153900938981987,1.2960240648434955,-4.7741116551216694,0.89987793469236821,-6.2831853071795862,73.9641759305,56.9288139587,0.99270220590297253,0.0075689999999999993,0.49657817295148626,60,0,0,0,1
43,7,2.315445700563648,1.926522630001819,-1.3442099130967013,1.1206456263375002,4.1044629199358615,-0.1839483341493644,0.0167913232389,0.257222531594,2.015481551072043e-05,0,1.0077407755360215e-05,39,1,1,1,0
43,8,1.2744112997486152,-3.7545923454369312,-1.5974138662930262,4.3346458859021411,1.2306746867611702,3.1061563252893238,0.392448984328,0.471441347802,6.7857353143352706e-05,0,3.3928676571676353e-05,20,1,1,1,0
43,9,0.23526943865590039,2.3488360202477647,-1.4858879301224865,-5.6111828571323441,-6.2831853071795862,2.5123989666955713,187.088081777,49.9469605316,0.79493068215246987,0.0075689999999999993,0.39769241107623493,60,0,0,0,1
43,10,0.97147314628197279,0.88559670494250686,1.3825989211786653,5.8154906936010686,-1.3794002990193521,-5.340635925217561,0.461962835781,0.0336764581827,5.5887744585295284e-07,0,2.7943872292647642e-07,25,1,1,1,0
43,11,5.9982046459096834,0.83905750667928547,1.8842752723362108,3.7010288433920193,4.9033571401069791,-5.0557011852692613,196.171046824,4.98685643617,0.046058530145224125,0,0.023029265072612062,60,0,0,0,0
43,12,-3.3872269748770605,6.2831853071795862,-3.1415926535897931,2.5426371911873877,6.2772151990669682,6.2831853071795862,751.214590212,50.9559544308,1.3552653215151083,0.029272843379280811,0.67851084605893253,60,0,0,0,1
43,13,-0.45849245013717899,-3.5429804111429939,-1.8089180101470643,5.4318772614673207,-1.3427097305909914,-2.9462657528052802,265.837680164,56.036453471,1.0271939940154315,0,0.51359699700771577,60,0,0,0,0
43,14,5.1566190662529223,6.1439869366824089,-2.7054472238759755,-2.8635305126315211,6.2831853071795862,6.2825421624996363,1044.2189836,26.208859607,1.2996363078868371,0.015026506460768051,0.65026894913724165,60,0,0,0,1
43,15,1.3113664330083814,0.73837653662192215,1.4635832694849118,-0.71246287415719112,5.0874494138945003,-5.6062466143741672,2.95611514421,0.0535877160767,9.6133693227866857e-06,0,4.8066846613933428e-06,52,1,1,1,0
44,0,-4.9980588255591671,-4.242262882493903,-0.020217442924031659,0.8181026100602844,4.682899542446509,5.8705259096047362,174.185078924,1.94322283043,0.031490712118353269,0,0.015745356059176634,60,0,0,0,0
44,1,-4.8449482851171801,1.588265375822882,0.75947328274864057,5.3708148396173936,0.48385012466993593,6.2088166108332414,1.42536973671,0.412756821231,5.3928798395769889e-05,0.0001595498319908431,3.1750894157610238e-05,58,1,1,1,1
44,2,-4.90642297617757,2.5936675061190715,-1.0808244361439818,-6.2831853071795862,-5.290553783197617,2.2877322580207746,123.079180548,51.2774412103,0.81610221046895226,0.0075689999999999993,0.40827817523447613,60,0,0,0,1
44,3,-4.963961630379945,2.2949396272807641,-0.27982991542685676,3.7679156106729654,-4.8858952364751369,-3.8473945674407992,53.9909922325,0.0315139915806,0.0029153297674541288,0,0.0014576648837270644,60,0,0,0,0
44,4,-2.2988241994451521,1.1476687584527601,-0.043398340339815655,2.432614948530782,-3.7835158069005113,-0.18715863223315055,151.966513058,0.823464560444,0.023300380299887131,0,0.011650190149943566,60,0,0,0,0
44,5,-5.1121883621809534,-4.4210027267865266,0.19956906129641311,6.103558337170119,3.9713135813960765,4.9128886739959192,93.1081027229,0.0498033988208,0.0086698743591702432,0,0.0043349371795851216,60,0,0,0,0
44,6,4.0032298940495163,6.2831853071795862,1.0472355719448916,-4.7215329143150644,-2.7213318178077697,5.3471992322187534,763.547748094,11.078830402,0.62039405287814231,0.0075689999999999993,0.31042409643907115,60,0,0,0,1
44,7,-2.3025890538851157,1.0308866181259075,-0.10372078539526847,-0.2616713462093368,-2.4633283374470891,-3.5398841829070697,48.1461399912,0.0005135316892,0.0023180508763804165,0,0.0011590254381902082,60,0,0,0,0
44,8,1.3023700628155428,-4.0985979103835275,-0.042133312176119875,-2.4039326781206429,1.4906067882249754,-3.4445960783402159,10.2150463389,0.000963267491038,0.00010434745435491613,0,5.2173727177458063e-05,60,1,0,0,0
44,9,1.375245212667711,-3.6869614757130069,-1.0902619194017662,-6.2831853071795862,-5.2985222869960271,-3.998726775568294,122.094360196,51.0157505926,0.80770640352478451,0.0075689999999999993,0.40408027176239225,60,0,0,0,1
44,10,3.9278896801168401,6.2831853071795862,0.86523664644406428,-6.2831853071795862,-2.0602767670058171,2.4915417555592758,688.910303438,0.121585821102,0.47460190937598828,0.015137999999999999,0.23775509468799413,60,0,0,0,1
44,11,1.394114956190786,1.6937088662885702,0.82452760853191343,3.1403949857279017,5.3782612205385654,-3.4471372924815036,0.450554318304,0.332834058815,3.3948063293197046e-05,0,1.6974031646598523e-05,15,1,1,1,0
44,12,5.9094081769549591,-3.528615030891658,-2.2713393778953241,2.6648251071424536,-0.28628115777064617,0.20284385962723656,1076.26722288,6.14516315113,1.16985441184978,0,0.58492720592489,60,0,0,0,0
44,13,-2.3329913295782942,0.89406677554618408,0.16842890496658913,5.54767063697492,4.0788952257863196,2.9832042905884522,18.5553946845,0.000156528302486,0.00034430267936050632,0,0.00017215133968025316,60,1,0,0,0
44,14,3.9841629097990556,1.2210246043500848,-0.14054608157583237,2.7835552635895571,2.4996895477303487,5.8433669071256071,132.961159877,0.00452057920257,0.017678676261011429,0,0.0088393381305057143,60,0,0,0,0
44,15,-2.2770599982722795,-5.0632425778663688,-0.16145572579397627,-4.2534833532068248,-2.8092644106920024,-6.2831853071795862,133.649194637,3.84114703663,0.022356557701428532,0.0075689999999999993,0.011405348850714266,60,0,0,0,1
45,0,-5.8933250731164417,1.5011562882418632,-1.938242366534157,2.1310941512243358,4.4320885374662327,0.90662870357843928,0.0108332537396,0.107488093122,3.519572645875223e-06,0,1.7597863229376115e-06,40,1,1,1,0
45,1,6.2831853071795862,1.644509292359349,-2.5321429301517688,-6.2322278441098948,-0.20616624811142203,-4.9596490414474523,51.9678683702,2.2709863353,0.0042716868070282804,0.0088680644683726585,0.0024018853375653198,60,0,0,0,1
45,2,-2.1339144890779496,-5.0329638663520884,2.3803199891212339,-2.4126820297269527,-1.7007762289290294,4.1337393123827013,0.288324496209,0.678887319162,0.00014047764198493038,0,7.0238820992465188e-05,22,1,1,1,0
45,3,-2.1935488838049921,1.2742763448832388,2.3313431423265918,4.0814760938036203,4.2752404546481069,3.8075382085985083,0.270825973115,0.151455315643,7.0608781642904633e-06,0,3.5304390821452316e-06,10,1,1,1,0
45,4,3.3643659198864513,6.2782128101894479,-3.1203589167743599,3.3378000159189196,4.5404100201389603,3.8697436330310619,538.230076256,53.6227900734,1.1655896451106131,0.011053712623294571,0.58312643393400543,60,0,0,0,1
45,5,-6.000438554164937,-0.38490211000432911,1.9548710813652941,-0.14096122005762832,-1.3310263086836081,1.0017188086586399,4.22367741724,0.738212787836,0.00018384318736910035,0,9.1921593684550173e-05,14,1,1,1,0
45,6,6.2831853071795862,2.136609231618162,-2.5343423019645548,-3.5881411977614817,5.7620281755567877,-5.7178736326158628,248.019552428,48.6683396337,0.78303273733001955,0.0075689999999999993,0.39174343866500977,60,0,0,0,1
45,7,4.1743574218535873,1.7475356339173254,1.9522182560866099,1.4588060317669553,-4.7051385269120125,-0.48429062605800072,0.0190881865825,0.626472754868,0.0001195529881653457,0,5.9776494082672851e-05,9,1,1,1,0
45,8,4.0223666528384889,3.4869006478124267,-2.3236086937927412,-5.9378138843899304,-2.4414928286402904,-2.3992519396109007,0.203854860831,0.928291139533,0.00026253783220370631,0,0.00013126891610185315,42,1,1,1,0
45,9,-2.1488005908751688,1.6177152216505928,1.9453639038904034,-5.3301627180104747,-4.5077809712536094,-5.5990812017759186,0.0250794917611,0.0352586455126,3.7932085329852502e-07,0,1.8966042664926251e-07,16,1,1,1,0
45,10,0.3198834887622925,-4.5102035002598742,-2.4818874045461699,-6.2831853071795862,0.14799498830777183,-1.8716382828525837,106.035066541,40.0748490298,0.50045703904300587,0.0075689999999999993,0.25045558952150293,60,0,0,0,1
45,11,0.24245488087599582,-4.4038414357520592,-2.2363177288014806,4.7234785681825278,-5.161108158863466,-2.080639545595401,0.887651940354,0.185810097678,1.1304961916973326e-05,0,5.652480958486663e-06,27,1,1,1,0
45,12,0.21981980816804536,-0.25958147594777359,2.3453983361548243,2.6497937343201974,0.99951018012469151,-0.95803048746443475,0.0497289837998,0.591293221454,0.0001065051528317341,0,5.3252576415867048e-05,20,1,1,1,0
45,13,0.3423653326650139,-0.27067014928334698,2.3262885709399517,-3.4964868559079991,1.6137507122502692,-2.011394293049479,0.474957055134,0.069304340194,1.6886895651910955e-06,0,8.4434478259554774e-07,18,1,1,1,0
45,14,0.29348412756081788,-0.31146583283138191,2.3949222358961539,2.9806742222115306,-4.9071979181746332,-1.424333553531137,0.0784793493207,0.29050200293,2.5713253703617752e-05,0,1.2856626851808876e-05,15,1,1,1,0
45,15,-2.2539524131684701,-2.7886423009034234,-2.3370295421252281,0.27469843124589238,3.8942658283000817,4.4842925050096216,0.0454701153395,0.750703997366,0.00017167119192514456,0,8.5835595962572282e-05,9,1,1,1,0
46,0,0.20678123525264225,4.0567201127776018,0.23130973133025673,-0.71422462479051685,6.0556993382022313,5.9572045660347461,42.2549457556,0.00113512426313,0.0017854808333123619,0,0.00089274041665618096,60,0,0,0,0
46,1,0.10626076844423479,4.0824630602088376,0.092990914089508325,5.3683480093531504,-1.2159849778002636,0.2285134664714274,58.0036296618,0.000268758801628,0.0033644210759465427,0,0.0016822105379732714,60,0,0,0,0
46,2,6.2831853071795862,4.2452474561769087,0.020782735688721965,-3.9281302945370427,-5.0123897999246809,-1.9953526017201768,255.575096767,1.49322718325,0.065997843901042005,0.0075689999999999993,0.033225991950521006,60,0,0,0,1
46,3,1.5597855528141416,-6.2831853071795862,3.1342146901200874,-5.9468013194151892,-3.3081544840720687,1.4929253000554887,1159.97720856,30.3356204145,1.6258712640896573,0.013908668701231509,0.81335289210586559,60,0,0,0,1
46,4,-3.5402851725256745,-0.89204214657327863,-0.16859745740076026,-2.4291258255969019,-4.1129319445171113,-5.6487920267245721,97.5217127209,0.206832189849,0.0095235158496169894,0,0.0047617579248084947,60,0,0,0,0
46,5,-3.4804894776184185,5.1883676071861808,-0.13400942114841491,-5.9213510160326637,3.595687764159528,2.2321821716807939,179.998164387,13.0155428834,0.084002857175774145,0,0.042001428587887073,60,0,0,0,0
46,6,-3.4645216778415149,-1.2584806138497993,0.19883059909880707,-6.2454881076677404,3.5180386229245824,-5.4613927295407354,161.238925283,1.84243443465,0.027032034550287558,0.0024307661359747371,0.013588940259223021,60,0,0,0,1
46,7,0.19906623354719086,4.4637410116847658,-0.47021141088011964,-1.4584872039926029,5.8973497236883734,-4.8317049002897647,0.531656314119,0.000770493081791,2.8283927539518563e-07,0,1.4141963769759282e-07,38,1,1,1,0
46,8,-3.686404343139106,5.2542046028342613,0.065679137501047868,3.2277399757788943,-5.1082316304077606,0.80185631528047385,161.142493155,12.5121069967,0.073655619645222589,0,0.036827809822611295,60,0,0,0,0
46,9,6.2831853071795862,-2.18881343866384,0.077992320033309248,5.3484062351917609,-1.1705143766937889,0.062935550233648205,93.9204045433,0.0187085351442,0.0088211490084980897,0.0075689999999999993,0.0046376445042490451,60,0,0,0,1
46,10,6.2831853071795862,4.0813733355833497,0.083865610898311627,-0.89861730135783913,-1.3888911678993379,0.24521270659184013,86.4536092157,0.646982586757,0.0076017352761325284,0.0075689999999999993,0.0040279376380662644,60,0,0,0,1
46,11,-3.4780096169207471,-1.1575075583936842,0.33290738111046742,2.3748319880579327,-2.9743682151132185,-0.54216370876211661,173.794189331,0.210951602248,0.030217975896722447,0,0.015108987948361224,60,0,0,0,0
46,12,2.8014672621143188,-1.1059066523595478,0.24361088639218154,-3.5043791137745957,-3.0207617608796631,-0.41020061462681123,129.420378993,0.0721971745702,0.016751222296223639,0,0.0083756111481118195,60,0,0,0,0
46,13,2.7737709848765753,-1.2068165932955495,0.058227819162100181,0.35757709981537,2.4471207382279156,-2.7430381955545182,91.407847759,0.00214406815035,0.008355396032273513,0,0.0041776980161367565,60,0,0,0,0
46,14,-3.50394506024776,-6.2831853071795862,-0.97788798929473209,6.2831853071795862,3.6191584731743598,-6.2831853071795862,859.428771402,3.27911497671,0.74189324086811548,0.022706999999999998,0.37162783043405773,60,0,0,0,1
46,15,2.7485481605717204,-1.1647050972054651,0.0011841785301284213,5.0582587051023795,-2.2248407247413531,6.2023503119860788,18.5658330622,0.09244857758,0.00034729364302769672,3.8007284264076136e-05,0.00017478704004177063,60,1,0,0,1
47,0,1.2932104967971476,0.034529733265877112,-1.1383575184167831,-1.2025754173586827,2.053928761022993,-2.7332106002531877,0.128751910555,0.525993009023,8.4294665995070537e-05,0,4.2147332997535269e-05,17,1,1,1,0
47,1,-6.2831853071795862,5.8465324733991766,-3.0785671436681299,6.2831853071795862,3.6328880156786032,5.3180361303649377,940.775855616,53.9241394082,1.770829646191729,0.015712776174516267,0.88588620638109994,60,0,0,0,1
47,2,4.8127327081108904,-3.085457207820709,1.2697996104514386,-3.1777352962895944,-0.92306741357562894,4.3268247203577772,0.0164995180141,0.747409258483,0.00017016583794412192,0,8.5082918972060961e-05,19,1,1,1,0
47,3,-5.0134062031336315,5.7308013497283756,-0.020469409598206534,-4.9861381752620169,-1.8138056472683819,-5.9257500933547771,45.7524174487,0.00796164431836,0.0020933030114233244,0,0.0010466515057116622,60,0,0,0,0
47,4,-5.0225961868484417,-6.2253616189447945,-1.2042020361988253,-1.0112400642714259,-4.5662268995039765,-2.4450606636777796,3.79281380571,0.00853564616617,1.4407630153938348e-05,0.00085125716822062722,3.2741530123587989e-05,9,1,1,1,1
47,5,1.3462403763587523,5.5926678270709367,0.14671387917779077,-4.7737385851894478,2.9643148703263105,-6.0036478288264297,36.5934892666,0.547285534817,0.0014303229099916343,0,0.00071516145499581714,60,0,0,0,0
47,6,-1.4393257738399221,-3.1647895122922258,1.1809632497036617,-1.7611063839154169,-0.45178215396644505,3.0641171989195577,0.0492842493629,0.745960920925,0.00016950913637543062,0,8.4754568187715311e-05,23,1,1,1,0
47,7,-5.0305631998873865,0.059251952799599591,-1.202939985805614,5.2789889777125643,-4.6430182287445101,-2.3757403105641384,3.29295587609,0.708607506257,0.00016379945783289956,0,8.1899728916449779e-05,8,1,1,1,0
47,8,1.1972776661181177,5.9051333908033072,-0.29279950831711171,-4.3292528993451178,5.1958416749544298,-4.8055810135827013,1.78388276719,0.730757060327,0.00016584973141472558,0,8.2924865707362792e-05,21,1,1,1,0
47,9,4.6672646323218059,-3.1179978760926903,1.2201309578926385,3.6170398449951717,-2.5126150811990198,-1.9114881677571178,2.00826463111,0.0866440151866,6.319946265131223e-06,0,3.1599731325656115e-06,6,1,1,1,0
47,10,4.7294861885699175,3.8113082611128477,-0.29308899361696228,1.714746915451306,1.7905518480925724,0.52962741705113958,34.349811248,0.044910130553,0.0011805239216882474,0,0.00059026196084412369,60,0,0,0,0
47,11,-1.5967042217402063,-2.4221924199573781,-0.26309931701067474,-4.148604603290857,2.2403306061785493,-6.0882229847663139,60.1776917167,0.0017896479468,0.0036213555559857702,0,0.0018106777779928851,60,0,0,0,0
47,12,1.2107371894839443,-0.58129351961912756,0.026759844263193111,1.278210183642513,5.0543492536862349,-5.5479670128642544,36.6864471318,0.000235471793228,0.0013458954200408057,0,0.00067294771002040284,60,0,0,0,0
47,13,-1.6274463942477955,4.4097779802869654,-1.3466564689126952,-6.2831853071795862,2.8938791821902825,-6.2831853071795862,122.89611472,20.7654496552,0.14645567424477052,0.015137999999999999,0.073681977122385264,60,0,0,0,1
47,14,-5.1854185661306138,-0.32885325833202833,-0.88004962315378421,6.2831853071795862,3.1855956614786138,0.7328753795717563,231.603770436,41.5039066776,0.57836643584672121,0.0075689999999999993,0.2894102879233606,60,0,0,0,1
47,15,1.1624538951064436,-0.022784898193358522,-1.3049969864452549,-6.2831853071795862,-6.0187267599574472,-1.8622232094996334,65.6510345741,25.2405745848,0.19837773624894708,0.0075689999999999993,0.099415938124473538,60,0,0,0,1
48,0,5.1992893359633996,-3.5223864265835014,-1.943393736484057,-5.976763538429017,-2.2836901961549412,-5.6641410783648158,0.0640265433099,0.731549175242,0.00016302443588411407,0,8.1512217942057035e-05,11,1,1,1,0
48,1,-5.3647570052589444,0.18377131841664238,2.1907481972535829,-2.2176160943478704,-5.6704469235716894,-4.1458141749740696,0.514857013987,0.922141672269,0.00025929505791188448,0,0.00012964752895594224,13,1,1,1,0
48,2,1.1707888878491779,6.2831853071795862,1.6733418234609285,-6.2831853071795862,-1.3819048928292439,4.9674160733447579,237.182232505,0.0341138762905,0.056255765916420682,0.015137999999999999,0.02858202295821034,60,0,0,0,1
48,3,0.60427264014131932,6.0108550441466564,-3.1415926535897931,6.2831853071795862,4.212832105344436,-6.2805188403681536,797.688504785,17.0830991598,0.72520414586704784,0.022250144820067184,0.36326957727812592,60,0,0,0,1
48,4,-5.0410637545484596,-4.1304237900369936,-1.741322218156991,4.15035169638191,1.6619464550098553,-4.706455293286032,0.0066956699969,0.433162634329,5.7155371029715636e-05,0,2.8577685514857818e-05,16,1,1,1,0
48,5,1.0410628956773929,0.34386439497799581,2.1248528040750982,-2.9258303750658978,-5.2473924934509872,2.2785872181735174,1.3542508692,0.0662497621757,3.1709707117535158e-06,0,1.5854853558767579e-06,32,1,1,1,0
48,6,-5.2379898775056493,5.9331853071795866,-3.1348325665136341,2.7784720117611612,3.2218639093267809,1.5267317682271389,591.672697732,44.1178284135,0.94297868279842922,0.0064384436260255772,0.47168249470799539,60,0,0,0,1
48,7,-0.6805835452534732,1.0949343711018953,1.6409314214670612,-5.3018897121465818,0.95089108755723828,4.6373605906827082,0.109634022319,0.0725805414531,1.616724385429145e-06,0,8.0836219271457248e-07,16,1,1,1,0
48,8,5.6923408833143219,-3.4701475991920998,-2.1512805897781324,6.0497430469959017,-0.62819518774400684,1.8412850988541734,0.106379061616,0.119548100917,4.3648320366227122e-06,0,2.1824160183113561e-06,11,1,1,1,0
48,9,-1.0749745102743347,0.98262633177413616,1.8082017035410349,6.2283276072344274,2.1959072984276591,-1.9013041185845554,5.0759786564,0.0975982021918,2.8667164853920152e-05,0.0010331274528154392,4.5327406011423248e-05,60,1,1,0,1
48,10,-5.3847619101610169,2.1695985808751583,-1.7324373110614859,2.70169004907717,5.7612288151000053,5.2677391744907265,0.302465335364,0.0413602165932,6.1258440412888679e-07,0,3.062922020644434e-07,26,1,1,1,0
48,11,0.91080895288612695,1.9391295570907834,-1.8036508237172115,-4.3099385389278,-5.7151546563849296,-6.185630985334531,0.938998337554,0.959400918031,0.00028126685893723868,0,0.00014063342946861934,45,1,1,1,0
48,12,-0.7188346852068086,-5.1969047974327269,1.6402591891009712,0.92880557762016536,-5.2051439903421066,4.6136353078317347,1.24560680572,0.674221117028,0.00014002273021997933,0,7.0011365109989664e-05,16,1,1,1,0
48,13,-5.0185588022222989,0.31082574768256238,2.090173852732061,-2.9131189282930761,1.2068553742374226,6.2831853071795862,47.7508604672,56.2852058334,0.96731556191812607,0.0075689999999999993,0.48388485095906303,60,0,0,0,1
48,14,-0.72366297861694839,2.8498975808352078,-2.1573135781737913,-0.42991509401210437,5.194267802767266,1.7657310684001866,0.0603815613513,0.109416062543,3.6504875269813092e-06,0,1.8252437634906546e-06,26,1,1,1,0
48,15,5.7548455893905812,-5.1956560464816848,1.6945577214871559,0.94560114903969361,0.2958956835854315,-1.2674889965629346,0.03773289218,0.189168296645,1.0902049833247104e-05,0,5.4510249166235519e-06,14,1,1,1,0
49,0,2.862275698118979,-1.9298881742658436,3.1415926535897931,1.8786255314194513,-2.0434327796104883,-1.4035170716794183,587.428589669,7.75480688362,0.36339113481280577,0.0075689999999999993,0.18192263740640288,60,0,0,0,1
49,1,3.6108442712413393,0.90473893843042796,2.2583617205414335,5.5852542998386134,-1.8548000268175582,-1.6685671443794985,0.0171731548644,0.0638952128614,1.2439254550625106e-06,0,6.2196272753125529e-07,32,1,1,1,0
49,2,4.0126820292973964,6.2831853071795862,-3.12580187772227,5.9331853071795866,1.6301156776939991,5.4626893883248009,416.117652789,48.0171490286,0.8754940194476788,0.012639753601549331,0.43812620233188587,60,0,0,0,1
49,3,-2.7385807120990475,0.90347573927183111,2.2649189956054854,-0.74140412883851525,-2.009995802789498,3.6340353028389099,0.0520167112907,0.785800308734,0.00018809851748307247,0,9.4049258741536233e-05,14,1,1,1,0
49,4,-2.4805382752148115,-5.0221035279445161,2.3864282286132177,-4.4278495795184698,1.4718455512781341,-4.8589557234730849,0.159141011409,0.140261525506,6.0181543867820991e-06,0,3.0090771933910496e-06,11,1,1,1,0
49,5,3.6606184844713949,-4.9743061652839486,2.3605096029910864,1.8470357490522786,-4.5359629493436664,-4.1010083029335691,0.0146032840869,0.399583708259,4.8637605438685306e-05,0,2.4318802719342653e-05,9,1,1,1,0
49,6,-0.64725119352273863,2.0926754071680076,-2.7219841986274353,5.9331853071795866,3.1398971865010505,1.5041080611536572,90.1361197446,47.6346794561,0.69932054109667174,0,0.34966027054833587,60,0,0,0,0
49,7,-2.7208953317617297,3.0313196865685375,-2.2582775829928794,-4.5860698688519976,4.3161935148172104,4.0019921820621613,0.284820934547,0.756256674029,0.00017429918398790745,0,8.7149591993953724e-05,14,1,1,1,0
49,8,-6.2831853071795862,0.26882454323005756,2.8170528560965775,-3.2219606238980671,1.0195476741072067,0.61247103372255518,277.810502188,22.1315985079,0.22638261842737933,0.0075689999999999993,0.11341837921368966,60,0,0,0,1
49,9,-6.2831853071795862,2.1958895737399287,-2.6936707868591556,6.166559387599615,-6.2831853071795862,2.0471764323315793,291.363344825,0.0040040369079,0.084892603591307222,0.015137999999999999,0.04290044179565361,60,0,0,0,1
49,10,5.6335782989259409,-6.1650471602908787,2.2784061159011535,-4.7828692346948474,-4.1266006112766886,-6.2165988535960643,4.31452133054,0.320443787423,4.9894496734464e-05,0.00041671287729770612,3.7448634686163182e-05,13,1,1,1,1
49,11,-2.5437851273194521,-3.2957335361798714,-2.2679889339570845,-4.5604010568016768,-1.588963944565057,4.2588668366853426,0.13997526828,0.00545014623539,2.8641460197660733e-08,0,1.4320730098830366e-08,41,1,1,1,0
49,12,-2.6093302003093419,3.01110619761777,-2.2589369725365516,1.7253692715928706,4.5634781130076734,3.9892385661315308,0.11484870038,0.152438981844,7.0917811331031945e-06,0,3.5458905665515973e-06,12,1,1,1,0
49,13,5.582753582900974,-4.4958825547379648,-2.395736266633782,-5.110494393621333,4.3139266963850993,-4.3300922018747601,0.528901051863,0.259006671229,2.07148301383069e-05,0,1.035741506915345e-05,23,1,1,1,0
49,14,-5.9331853071795866,0.29597698378493154,2.3766290550100764,0.41824817360905775,-1.3643602675383981,3.6737411699935354,301.294801183,23.9901604033,0.26609434950730193,0,0.13304717475365097,60,0,0,0,0
49,15,5.6980222050230385,-3.8925832017882001,-2.3830891962240117,4.4319611389874032,-3.9974581037546684,-0.31846560794807832,0.427454188631,0.934004043565,0.00026591985183471197,0,0.00013295992591735598,10,1,1,1,0
50,0,5.7338190047218749,6.2831853071795862,-2.2383992162497446,3.2690020198410124,-3.1170718735424567,-5.4327191596716329,121.508865388,47.2586198372,0.69508998888044538,0.0075689999999999993,0.34777206444022268,60,0,0,0,1
50,1,4.6079872192268896,-0.20606591237919697,-2.8368828585687984,-5.5729511591271228,2.5384072184071576,-5.95457684816291,108.448705832,10.1616163575,0.04321544349231194,0,0.02160772174615597,60,0,0,0,0
50,2,-1.6629910135889585,0.37615620277019046,-2.7107264111039497,4.1869262018489612,5.0885819217029313,3.5021367907571381,3.15169155668,0.394903328969,5.7437831770106491e-05,0,2.8718915885053246e-05,52,1,1,1,0
50,3,-6.2831853071795862,-2.1023837216364609,2.5789614370738945,-5.5660996343697171,4.9923667573925847,2.7293399757551828,320.291202727,37.9451707031,0.54118557559323566,0.0075689999999999993,0.27081985779661782,60,0,0,0,1
50,4,2.906579976630109,-6.2831853071795862,-2.9293535288980705,6.2831853071795862,-3.0081899815880302,-5.5250468702645561,303.677223881,17.4435943976,0.18490853576459162,0.015137999999999999,0.092908407882295818,60,0,0,0,1
50,5,5.4731426846126094,0.56748052708739161,-2.5969911526664915,-1.0304746468029589,-4.6334920417190908,-1.4725498796694763,96.436400364,45.2444684421,0.63287070093196229,0,0.31643535046598115,60,0,0,0,0
50,6,-2.1988996483322043,-2.6166489163992339,2.850573756494565,1.9272303238524231,-1.0208799473107948,4.0381006538291047,0.787404102863,0.6215183657,0.00011828916925851434,0,5.9144584629257171e-05,18,1,1,1,0
50,7,-1.099407902462826,-2.1333402083108872,2.7820397077470953,-2.8379381639872068,-4.1994033736191509,-0.17317194797138666,0.0487064550825,0.624223649916,0.00011869812332264148,0,5.934906166132074e-05,15,1,1,1,0
50,8,-0.52248789375877003,4.1825252744177632,2.7470326373580818,-3.0243863306329,3.0223571644715643,-1.8604243653510544,76.0870355476,32.4145324617,0.32585134320293424,0,0.16292567160146712,60,0,0,0,0
50,9,3.0267643400676691,3.3139488147396023,2.4567618509131166,-5.2696775344936801,-2.6629671369443964,4.1685854969101017,0.0272530147468,0.764909366641,0.0001782282337189907,0,8.9114116859495348e-05,24,1,1,1,0
50,10,4.9931963675422715,-6.2831853071795862,-2.3698282363046479,2.9787438066260159,1.4503377632628609,-0.17992625676028251,82.9693607043,6.06596720838,0.018092604652986698,0.0075689999999999993,0.0092733723264933482,60,0,0,0,1
50,11,4.0130710756843451,-2.4798809872158603,2.5159008019184408,-5.7231800049340995,5.2658167825456719,-2.0563267370347851,2.99166976816,0.490971814612,8.2379129206926576e-05,0,4.1189564603463288e-05,7,1,1,1,0
50,12,4.548016515757987,5.8073762686311241,-2.4245996600870923,-3.3988765815885333,-5.2314171707531161,-6.0914864769554127,9.29972619569,0.228759547366,0.00010242582034215256,0,5.1212910171076281e-05,60,1,1,0,0
50,13,-2.6696754438614736,-5.955464645485649,3.1415926535897931,3.3861004297830912,4.383130480474585,6.028780809400585,370.408582868,57.2953356043,1.1371870229833747,0.0075689999999999993,0.56882058149168735,60,0,0,0,1
50,14,6.2831853071795862,-1.0910506503029525,-3.1415926535897931,-0.90929094960703716,-0.54374801143467832,-6.2831853071795862,530.440033139,54.339970414,1.1808508108152393,0.022706999999999998,0.59110661540761966,60,0,0,0,1
50,15,-6.1343564007766815,3.9801748495621943,3.0534915402766591,2.3506303006110492,-2.575744755624199,1.3011921501464652,273.860352425,37.052472276,0.49320439276311523,0,0.24660219638155761,60,0,0,0,0
51,0,5.4919805619551045,2.9921561830471082,-1.4567641848423751,-6.2831853071795862,1.6186764502244253,-1.091475106353617,113.096171589,45.916698643,0.65502881398429369,0.0075689999999999993,0.32774147699214684,60,0,0,0,1
51,1,-6.2831853071795862,1.3485529774202161,1.6010371956918512,2.9402558272060664,-1.6775543084489697,-6.2831853071795862,431.015753644,24.9315217162,0.37511891178525658,0.015137999999999999,0.18801359589262828,60,0,0,0,1
51,2,1.9488539676354224,6.2831853071795862,0.96520010956233626,-0.50202296420484205,3.8914248633792465,-6.0475190514614416,356.793935315,20.4458693098,0.25464222031322031,0.0075689999999999993,0.12754818015661015,60,0,0,0,1
51,3,1.9091290231278635,1.1695803716426585,-0.31604618214777441,3.0731534384561208,-4.2459150072798764,-3.7753817911707239,4.67570338221,0.00938814533283,2.1889050266994194e-05,0,1.0944525133497097e-05,31,1,1,1,0
51,4,-4.3837519353919356,-5.1478693159153561,-0.26688722947413912,2.9673869680065224,-4.319993912285371,-3.3340751226690166,1.98901627561,0.0176546913679,4.0511313777481273e-06,0,2.0255656888740636e-06,16,1,1,1,0
51,5,1.879779310126386,1.09710450788876,-0.59321233213382807,0.2141679811921377,4.4626402951137241,5.653865290325494,2.17652742462,0.309947751765,3.4001138755291011e-05,0,1.7000569377645506e-05,15,1,1,1,0
51,6,-0.74773165463609559,-4.290023143555918,0.68399967887371083,-3.3582354568850099,1.296414066519747,-0.92591537018702585,2.06859879002,0.0847810302297,6.4686370766775853e-06,0,3.2343185383387926e-06,17,1,1,1,0
51,7,5.442440515979686,-4.3509479461454283,0.4000125814801751,6.2831853071795862,4.3349696114657625,1.8909573408669573,5.31604423198,0.637770920325,0.00015216399388418039,0.0075689999999999993,0.00030315199694209017,60,1,1,0,1
51,8,-4.3060047373123451,0.29318234848121183,1.0877390415636996,-1.2669061757380455,-2.7482560027060612,3.7332013668813935,0.156351591692,0.902889153517,0.0002483512542338247,0,0.00012417562711691235,24,1,1,1,0
51,9,-6.2831853071795862,2.9411040419831904,-1.6900629565177678,-6.2831853071795862,1.8115915144734682,3.9989822447332388,458.93923519,46.4228835619,0.86710138510720425,0.015137999999999999,0.43400483255360212,60,0,0,0,1
51,10,5.3912453498456925,1.8731650237269277,0.97435883866150963,-3.0571054630828862,2.3696673587749109,6.1679644447867705,0.0634746823407,0.812730788171,0.00020121337969915737,0,0.00010060668984957868,31,1,1,1,0
51,11,-1.0418718040055808,2.9583957533977929,-2.8572380708770044,5.9331853071795866,0.48722587409896478,-2.0064461845558972,932.263228947,3.87565624797,0.87369029838298506,0,0.43684514919149253,60,0,0,0,0
51,12,-0.77587322358048993,2.0215865333680161,0.63074671685968597,-3.3475260632379591,1.4868959917877334,5.2802954723041893,0.234750629764,0.00147561942297,5.5771148192326895e-08,0,2.7885574096163448e-08,25,1,1,1,0
51,13,-0.80682149868139641,-3.6387421099719046,-0.64693962105301961,-2.6651085237151491,-4.5828323272914,-0.84628252690659234,3.01662787846,0.327370664133,4.1746365321074847e-05,0,2.0873182660537423e-05,16,1,1,1,0
51,14,1.9459235115742428,-5.2909305242490783,-0.36093214239706201,6.2831853071795862,4.0210226002079361,0.36435090489496313,59.2097551151,10.6880253321,0.038303426554136669,0.0075689999999999993,0.019378783277068334,60,0,0,0,1
51,15,5.4824860940723088,-4.2791000988630259,0.68638181868752179,3.0015317279659719,-4.6266204700964408,5.8749731002919523,0.204371980116,0.0227158271917,1.9895317702357243e-07,0,9.9476588511786213e-08,29,1,1,1,0
52,0,0.77496709010731646,5.0456403486001919,-3.05520346301636,-2.3649472588335714,2.2616184283413712,4.1831852064428858,15.2263559631,0.0666885595445,0.00023319666045344529,3.7308815558299816e-07,0.00011660952287139014,60,1,0,0,1
52,1,0.2515094963330512,3.7374175814259463,-3.12258854737013,0.49019810577511536,-1.889901052822424,-2.9280013855814677,212.129000338,24.8361139501,0.23289665447686428,0.0046234415709868592,0.11658703048556175,60,0,0,0,1
52,2,-5.0568032026685392,3.9501106760124882,-3.1415926535897931,-1.4150894617171237,-4.3026425612207451,-2.2125308039923826,78.9279630202,2.98084997012,0.0089362912388651888,0.0075689999999999993,0.0046952156194325946,60,0,0,0,1
52,3,-5.4405713245920797,-0.21758953953362875,2.8746919569589204,6.2778063189223356,-1.7823731217006196,-6.1906645362537764,77.9348925144,6.92619062961,0.020686989863121355,0.0066619895579100369,0.010543354618297978,60,0,0,0,1
52,4,6.2831853071795862,0.95275913346286067,2.8898705393048236,5.5487052311320113,4.3539928858742512,1.2703963481454656,22.5419077336,0.153147117459,0.00051528211329153744,0.0075689999999999993,0.00048471105664576867,60,1,0,0,1
52,5,-6.2831853071795862,0.95647067383923579,-3.1118133082030885,-2.3369682964166727,3.5018332846073088,-5.9331853071795866,91.929676414,45.4525511985,0.63777067496741791,0.010843203314374047,0.31921063358314017,60,0,0,0,1
52,6,-0.64291721374012001,3.1040069958936827,-2.9351569756549321,-2.9408009887426028,-5.3764149687066922,-6.2831853071795862,139.36015763,11.1996835077,0.05763030314008652,0.0075689999999999993,0.029042221570043259,60,0,0,0,1
52,7,0.8314055361282835,-5.4054031980759545,3.1188352715373293,2.1147622225216889,-5.1476373882817956,-4.3140996099010787,167.788921886,5.10857448231,0.03610288554640706,0.0041271139607530994,0.018175256192026121,60,0,0,0,1
52,8,0.39795198883617383,0.041899290290164426,2.9036175766033558,-0.21976457150920187,5.4645791893627864,0.65993636389480992,121.152836998,16.1078201816,0.093714615590715936,0,0.046857307795357968,60,0,0,0,0
52,9,6.2831853071795862,-3.1094999917107433,3.1275873912857461,5.9331853071795866,1.584241753718709,2.6977506428124314,115.184703897,26.167532042,0.22185116675460057,0.012897231731300984,0.11131250032923931,60,0,0,0,1
52,10,5.08879962583908,-0.65922573625388803,-3.1176034134203308,-2.3361379269249194,5.051021243871916,-2.6975361661078754,168.31040081,24.6123753828,0.21285618748467353,0.0039703558544216958,0.10654720441796942,60,0,0,0,1
52,11,-1.8966494603835125,5.307147765450039,3.1415926535897931,-5.4089556154828102,1.8116653296938592,6.1605867489174599,251.278235164,24.561847286,0.24691167115527457,0.0075689999999999993,0.12368290557763728,60,0,0,0,1
52,12,0.85653428765272444,2.2631223747614726,-2.8363030212729745,3.1643138115959841,-1.68877696771028,-6.0119390562658896,74.9169311216,2.66684739039,0.0077790085056010328,0,0.0038895042528005164,60,0,0,0,0
52,13,-6.188053018916408,-4.4195572187261796,2.8726942808675227,0.8317475021182934,-5.6110855265745654,3.9169183864972394,133.253588009,7.62457978006,0.035465213846999702,0,0.017732606923499851,60,0,0,0,0
52,14,0.44826229471152179,-6.2831853071795862,2.9220842527486788,6.1490461380607488,5.0488928115050138,0.30267519113534802,107.815905393,14.1700099206,0.072788151739016732,0.0075689999999999993,0.036621145869508369,60,0,0,0,1
52,15,3.1748101146121859,-1.4318625356752612,-3.0932908820002072,4.3584757749731242,-3.0160203727066377,3.5110657179723099,196.008717796,33.7079171621,0.38453294297454554,0.0014975528821045783,0.1923113980737359,60,0,0,0,1
53,0,-5.4013737167350353,-3.0410911900109525,-2.4249272745238248,6.2831853071795862,3.1438299980904585,6.0732422746717614,154.076065202,10.7167643648,0.058724451626150101,0.0075689999999999993,0.02958929581307505,60,0,0,0,1
53,1,1.0042488873836375,-3.0297773856779719,-1.930493569042369,-2.0057978240163781,-5.3634587951389578,-2.4292331692630507,0.0019022647102,0.461539622806,6.4889247974742108e-05,0,3.2444623987371054e-05,17,1,1,1,0
53,2,0.99709009530181092,2.9370083052726343,-1.7373263304728832,1.7545406853502605,5.3307954324444404,5.8709221968856511,0.0140499574748,0.922922493481,0.00025946902929590893,0,0.00012973451464795446,12,1,1,1,0
53,3,-3.3209278590857072,6.1907094425411673,1.929044641719573,-1.0361734865008567,5.508640009453492,4.353464189286063,0.00815542348421,0.814767777805,0.00020221928414682695,0,0.00010110964207341348,14,1,1,1,0
53,4,3.1302844363714928,1.7745560563812008,-2.201552272370733,-6.0970676215829851,-1.3879922586323459,-2.0176810806869137,44.9778539169,53.809479113,0.88403057455900558,0,0.44201528727950279,60,0,0,0,0
53,5,6.2831853071795862,-3.4652965593970402,-1.9300550535238841,-4.1283483932053207,4.8076254642594582,6.2831853071795862,409.319284995,52.8726409512,1.0191051970532206,0.015137999999999999,0.51000673852661027,60,0,0,0,1
53,6,3.2849361058298232,6.2642009774933847,1.7440569485310662,5.7585306433426116,-2.1386365267428098,-1.582079123717713,6.90880948117,0.0754266270829,4.9464670583253524e-05,0.0046261314082353209,0.00016351627753868637,60,1,1,0,1
53,7,-3.1054149992836964,1.9430106919942687,-1.7619258303138734,-2.431521822754541,1.6805245879128956,-4.3615416711912793,0.856383477246,0.316532584071,3.1253888265482036e-05,0,1.5626944132741018e-05,7,1,1,1,0
53,8,2.5440185967914717,1.9347284196286405,3.1200119544465355,6.2831853071795862,-3.2701583680956072,-2.096490297122851,556.117879884,38.0632792044,0.75060084231161506,0.011848684924584966,0.37565588170354508,60,0,0,0,1
53,9,0.8991613214001215,-4.8117907154271178,1.8110097859868322,-4.1819840027275346,1.3606823945150597,-2.582142828829419,0.168203630841,0.388172380687,4.5927374241868495e-05,0,2.2963687120934248e-05,8,1,1,1,0
53,10,-5.1129671934102774,-2.9924690985052567,-2.2000660595864421,4.8318429417998807,-6.2654548841225548,-2.0707292649011202,17.5030625177,0.292502763111,0.0003324196140127562,0.0047982742898578417,0.00031015803570211335,60,1,0,0,1
53,11,0.98933966517171379,1.4292709802875576,1.9170421225697614,2.2483358354813729,-5.2961232763228443,3.7444585032642981,0.00467421873642,0.427336927769,5.5628295454574479e-05,0,2.7814147727287239e-05,15,1,1,1,0
53,12,-3.1000860464483071,0.26074093392228626,1.7527015174181177,1.9825360563054273,1.7036797341508485,-4.2512186740420823,0.0202129585645,0.272568173255,2.2631475142200433e-05,0,1.1315737571100217e-05,11,1,1,1,0
53,13,6.2831853071795862,-3.1892353956101314,-2.3347096504937732,-0.74303817410438766,-1.1278183104645718,5.7772978169532143,380.35092553,54.0943658332,1.0360384467161836,0.0075689999999999993,0.5182462933580918,60,0,0,0,1
53,14,1.0334533797734149,1.1860862053462351,1.727120820677374,6.2831853071795862,-5.4810932275365269,-1.8697702701980858,111.315228721,49.4046272698,0.7559065164596942,0.0075689999999999993,0.3781803282298471,60,0,0,0,1
53,15,-3.0220027455791345,-6.02914580163847,1.825198046190154,-4.0860478130644271,2.0412659746253792,1.771793457071771,0.413621910143,0.702490728717,0.00015049771564156218,0,7.5248857820781092e-05,10,1,1,1,0
54,0,0.89534785000059425,-1.8396004487402651,-1.4352866894640064,0.60824087809369565,2.2999769973058881,3.627579342564283,0.0350555949468,0.249259266526,1.8927164610898317e-05,0,9.4635823054491587e-06,19,1,1,1,0
54,1,5.9428657373685461,5.7838365706492505,-2.6521140201328737,3.1258849422574824,5.3547625391996538,6.2537142922525959,1030.62563615,51.3001635227,1.86385293006833,0.0033095841235305681,0.9320257525578709,60,0,0,0,1
54,2,-5.278861898013802,3.0858867346598839,1.3279118886528065,-0.2109332035860402,1.3718010717016929,2.5181595625822579,0.0979822255253,0.915808884404,0.00025549403161930769,0,0.00012774701580965385,14,1,1,1,0
54,3,-2.7235369317052172,4.7463243998680964,1.398814784796814,-0.76478627887847195,0.42456107378911112,1.2665548214473199,0.673312349684,0.974291931233,0.00028960984127095716,0,0.00014480492063547858,26,1,1,1,0
54,4,3.6751676441897447,-1.5587881653495637,1.5037036956984136,5.4062445329687865,-4.7802944453418128,6.2620619811208336,4.87097812613,0.149922660619,3.0573253995665531e-05,0.0043397361695614147,0.00014547871208467521,38,1,1,1,1
54,5,-5.2650828049790412,-3.2370458634461579,1.448914921576359,-0.59514140974936869,-5.0236037169996255,-3.0896250220091788,4.6671632208,0.50635168626,9.9883891216337429e-05,0,4.9941945608168714e-05,21,1,1,1,0
54,6,-5.3229970727083851,-3.2420622357411411,1.493664126982978,-0.85619910033837554,-4.5593795248780564,-2.6963864518661769,0.811996748308,0.041070658285,1.1731670698001235e-06,0,5.8658353490006177e-07,15,1,1,1,0
54,7,-2.673499293600718,-1.2769586106853499,1.4064184072611419,2.1941453558894097,-1.0159856423458611,-2.9230222027184314,0.27400559454,0.188379440956,1.0884980714387434e-05,0,5.4424903571937169e-06,24,1,1,1,0
54,8,-5.371031563871691,-1.7818706723703321,-1.5201907443202536,6.2831853071795862,-4.1660665637054528,3.3591351615290179,66.4485030943,29.2566128386,0.2651524996708734,0.0075689999999999993,0.1328033198354367,60,0,0,0,1
54,9,3.6366605842004041,0.0056905095949010866,-1.2255137962522167,-3.2309584812767329,5.034962882803188,2.3047397595346863,0.0120449920987,0.93379473583,0.00026561819125791908,0,0.00013280909562895954,16,1,1,1,0
54,10,3.6352052429790116,4.9853648884299453,1.4475165272191834,-4.0166603477406664,5.0469959309974497,-2.7176764933689492,0.027585465862,0.00149008837436,1.4373192855675497e-09,0,7.1865964278377484e-10,12,1,1,1,0
54,11,-2.5948030357030865,-6.1829792523545883,-1.4790408730782287,-2.364609642323074,-1.6599172478568063,-2.5674117375222085,0.520433715172,0.402466247977,4.9612500892659393e-05,0,2.4806250446329697e-05,23,1,1,1,0
54,12,1.1147162247191511,-1.7682120321191555,-1.4910448334783644,0.0040078186679912559,6.2449306926654495,4.4794408698534998,4.58054013859,0.175072428942,3.0317980131282099e-05,0.0023761126061654122,8.6442368250603415e-05,25,1,1,1,1
54,13,0.86117949337416799,4.4184085543559961,-1.3768856689680222,0.41246007731335854,-3.488778642727262,-2.8473092356552736,0.0226978607484,0.576539247887,0.0001012545853128846,0,5.0627292656442301e-05,19,1,1,1,0
54,14,-2.6978830861394743,-6.2239454538517816,-1.3906323116363928,3.6714493999398994,-0.77266954089434525,-2.7783152159838935,1.92952122055,0.064851330485,5.0041801198844158e-06,0.00077062574326179644,2.5620862357796102e-05,17,1,1,1,1
54,15,3.6426278320860299,4.7233902586546224,1.4612915732010501,-0.68059203898116627,1.2971536979380642,-5.9893753067643862,0.0554613031743,0.00680844018401,1.7196453308890244e-08,0,8.598226654445122e-09,27,1,1,1,0
55,0,-1.9788100509450335,3.5301971463298667,2.3272200142944914,-5.8574986881885138,-0.96127409116996698,-3.4113569369117158,91.0382366193,0.0772154821101,0.0082897767260858603,0,0.0041448883630429301,60,0,0,0,0
55,1,0.14256589206144527,-0.45334843664760538,-2.7775115774672838,3.8317831332210965,5.5659362186446852,-5.5896143324859633,432.970910759,57.2655717476,1.1864096375936743,0,0.59320481879683717,60,0,0,0,0
55,2,5.3163969152667514,6.032880779208055,-2.7421192336422333,-0.6611960985385209,4.7409564537757563,3.1662579128106323,0.241222620161,0.922056752903,0.00025904046294557428,0,0.00012952023147278714,17,1,1,1,0
55,3,-0.51483301982781682,-0.20609723913160533,-2.7554808197643244,6.0373822450902814,4.6164865669248378,1.9920599082730175,43.472763554,5.18038926735,0.010064726135976108,0,0.0050323630679880542,60,0,0,0,0
55,4,-0.43221454053947056,-2.6565972234584927,2.6631718353590972,4.5037714192367764,-4.1830460662633984,-0.30753376268814497,0.0667863421969,0.568109501518,9.8319247004637913e-05,0,4.9159623502318956e-05,31,1,1,1,0
55,5,-6.2831853071795862,-2.2790472230608487,2.66001672246359,-3.3287459424594981,1.85549834305005,6.2831853071795862,129.14249802,26.0837259399,0.22392752369702587,0.015137999999999999,0.11241790184851294,60,0,0,0,1
55,6,-2.2895577390435533,-2.763966755843406,2.4798473755841091,1.3653422221032765,-2.4629045610056313,-2.4741963633472643,2.28813673209,0.604105457013,0.00011640368755337315,0,5.8201843776686576e-05,17,1,1,1,0
55,7,5.6177661933046963,-2.6800074048739182,2.3341612490119994,0.13616683661187923,-4.7058541759513508,-0.91189617944788615,23.0805062002,1.3304250513,0.0010718919869145498,0,0.00053594599345727491,60,1,0,0,0
55,8,-0.84841411677815182,5.8260859542241512,-2.7101469803137315,6.2740153710611226,4.7786712867716226,2.8702074003611755,14.6202793893,0.448362244239,0.00027498941394464896,0.0060575188438040332,0.0003192202722864455,60,1,0,0,1
55,9,5.9286465850381358,5.8479725336254935,-2.4392883865357229,-4.2252176984019894,2.2347462419350852,0.020654484570212156,0.0618979953026,0.920994888307,0.00025838994794888186,0,0.00012919497397444093,30,1,1,1,0
55,10,4.9280285570690818,6.2238701436449269,-2.6081702407511043,-2.0764372405687759,-1.3193296319664403,-3.196640744265864,13.7617082315,0.032194512953,0.00018970034534262088,0.00076645017011265357,0.00011784367777469004,60,1,0,0,1
55,11,-6.1460809367494971,4.6282818895783606,3.1415926535897931,1.4575467167816214,-0.63794795063004062,0.33313065325106239,334.578442489,18.8865565698,0.22060038285790423,0.0075689999999999993,0.11052726142895211,60,0,0,0,1
55,12,5.6073053801517325,-5.954093210651406,3.1415926535897931,-0.18729874015901338,5.3733350172405663,0.59697399223925374,302.491546169,21.5491551573,0.23295513506553372,0.0075689999999999993,0.11670463753276686,60,0,0,0,1
55,13,-0.99384055159939377,5.6680378975010397,-2.2946329711737024,-3.5041203838934067,-4.868747261988335,-6.2831853071795862,10.8761506124,0.383637274606,0.0001631235002551454,0.0075689999999999993,0.00030863175012757265,60,1,0,0,1
55,14,-0.65737370659240457,-2.7161084147716883,2.3421993219110293,-6.2476884689690788,1.7828558940789558,0.5031118588124337,1.51430525282,7.12208729146,0.01545374592602802,0.0026525756743146479,0.0078064502332434492,60,1,0,0,1
55,15,-6.2831853071795862,-6.2796018967126885,-2.633027918340705,-1.6162694914955531,-6.2831853071795862,2.0064726724952924,261.484869394,52.5221495021,0.90868469769294158,0.022096327409334069,0.45500523866875081,60,0,0,0,1
56,0,-3.6130846080520573,-6.2831853071795862,-0.80900856184606873,-0.46960173237713587,-5.7697219103109356,2.611790172649652,170.475375256,4.17825159457,0.034379799413206923,0.0075689999999999993,0.017416969706603461,60,0,0,0,1
56,1,-3.5431358492416289,5.8291735079292799,0.14808255086455607,1.9811870455284446,4.7998918481474773,-1.3980168294503226,117.535658768,0.228082437157,0.013830477766930331,0,0.0069152388834651654,60,0,0,0,0
56,2,-0.10276706848962497,-3.0320090993220163,0.77361520617182633,3.7043271266708975,-1.6233293677317771,1.4452004032159946,3.90270416984,0.232314873345,3.1671363021628263e-05,0,1.5835681510814132e-05,26,1,1,1,0
56,3,3.527888194257744,-6.1515900222185982,2.9236036671793824,-2.6717348552016573,-3.2839157391158946,3.7989774955995887,1420.60693686,15.0584607163,2.0871982741487174,0,1.0435991370743587,60,0,0,0,0
56,4,1.937864210415214,-6.097158330222948,3.1415926535897931,1.1752955854041107,-0.0095137999057487571,-3.1553875188898903,996.503780726,42.3080149762,1.5382752586348256,0.0075689999999999993,0.7693646993174128,60,0,0,0,1
56,5,-3.6124973127052757,-0.46206042240918627,-0.0046598818197945979,1.5522703690380464,-0.48892000693659071,-1.0739848747298379,165.524198289,1.79288210076,0.028377430442744475,0,0.014188715221372238,60,0,0,0,0
56,6,2.7271931576910209,-0.45673041005838189,0.14053141434486466,1.9091108623069455,4.9551657924538013,4.8414501873689986,126.959873604,0.107031135715,0.016122299100348,0,0.0080611495501740002,60,0,0,0,0
56,7,-0.043588897998313218,3.8939623850283027,-0.65802243618206258,-0.1031866597057052,0.86132777568848307,-6.2753304705018333,2.47116994112,0.43729818079,6.4358578350151674e-05,0.0062639568773051688,0.00022009799549423088,13,1,1,1,1
56,8,-6.2831853071795862,3.3451181887087724,0.70322228142998322,-2.9157636592115974,5.4306243161211301,6.2831853071795862,47.2761743843,57.0053208455,0.99212181590939996,0.015137999999999999,0.49651504795469997,60,0,0,0,1
56,9,2.8165560796616202,5.4862732335120628,0.54460848299547282,5.3268924194252874,2.5490278853663537,-4.4326913888115094,0.916233781505,0.226189243584,1.6424190979965211e-05,0,8.2120954899826054e-06,10,1,1,1,0
56,10,-0.026339191619296775,-2.6675972527458809,-0.15498563605452589,-6.1152778684294509,5.8737817796017779,-3.7473582910608387,95.4722063996,7.96082848511,0.028420007255738455,0,0.014210003627869228,60,0,0,0,0
56,11,6.187961108538353,-2.8212097396393916,0.11132192072566682,0.79470483927467006,1.5800028804062543,4.8648892430279727,82.8462672644,0.183490411289,0.0068737600816200558,0,0.0034368800408100279,60,0,0,0,0
56,12,-0.021945960302350204,3.7395775682058803,-0.42628755433912358,-6.1342322509129588,-0.52084790869928843,2.6949617893208302,107.678312617,15.1882439334,0.081864604253548565,0,0.040932302126774282,60,0,0,0,0
56,13,6.1700953100399376,3.5202359956206895,-0.013920176065100764,0.72792758116894529,1.746812404519515,5.0520196749533826,64.9716439295,0.00593168070957,0.0042213252328134488,0,0.0021106626164067244,60,0,0,0,0
56,14,-3.5821163576031467,-0.23681475650559988,-0.72543374650485504,-6.2831853071795862,-5.98738524134572,1.5124177714354885,72.7036119543,17.9701037843,0.10365428277328065,0.0075689999999999993,0.052054211386640327,60,0,0,0,1
56,15,-6.2831853071795862,-2.6618659904852664,-0.17215335476347152,-5.2241556969984533,2.3565230028164139,-1.502258669188651,200.156941484,9.86614417065,0.069714504802577903,0.0075689999999999993,0.035084322401288955,60,0,0,0,1
57,0,3.337816455033209,6.2831853071795862,1.3171455656271758,-6.2831853071795862,3.0350213604521254,6.072861300332165,596.159774529,10.6954978986,0.3902527829759399,0.015137999999999999,0.19558053148796994,60,0,0,0,1
57,1,-4.7208353062573343,-4.4810556817105107,-0.28763930520001091,-5.4922155053893764,-0.53448942673244637,6.1384592035062733,0.161751740556,0.0646136050898,1.2979163631906867e-06,0,6.4895818159534333e-07,41,1,1,1,0
57,2,-4.6983224319358605,-4.9056346225902931,0.95459700254201707,3.0515720263223196,0.5204175530532773,3.0864980242257358,4.95942765998,0.153471389277,3.1770719158662582e-05,0,1.5885359579331291e-05,18,1,1,1,0
57,3,-4.8403557046072825,-5.2082759862129215,1.2090032819975491,4.3552657414472584,-0.88553907328413584,-4.5103978495611905,0.00732108263036,0.524878827394,8.392147754855357e-05,0,4.1960738774276785e-05,46,1,1,1,0
57,4,5.9220286572536605,0.90414570406451455,1.5218911826293784,3.8489051658570101,-1.7159947175125279,1.6092864961652102,396.826274504,6.96172161552,0.17223454836462845,0,0.086117274182314227,60,0,0,0,0
57,5,3.2683604900539507,0.94288486879528011,1.0510656400456873,-2.6661803806905042,1.9679775530246151,-3.7076506327259131,0.0283925149511,0.126888541449,4.9053604200074544e-06,0,2.4526802100037272e-06,11,1,1,1,0
57,6,1.5302174878843571,2.3488375275610527,-1.0427903759021693,4.3937395196084701,0.63692489262435714,-3.7069911628263501,0.0517075830465,0.00445906732178,8.7304680154363133e-09,0,4.3652340077181566e-09,10,1,1,1,0
57,7,1.4445341076784093,-4.511404022995964,-0.058935419324237903,0.99073483441703436,5.3605718966551548,6.2216631940878999,24.9910450318,0.0533228893903,0.00062541845979443113,0.00064912272131282156,0.0003321829115366002,60,1,0,0,1
57,8,1.4645615826413607,1.8617269880972058,-0.28732316955943299,1.0115339150886495,5.4568366458179467,0.022470061856821426,30.5114100505,9.59618073189e-05,0.00093094614607648119,0,0.0004654730730382406,60,0,0,0,0
57,9,-3.0860334773289946,-4.7550622051468254,-0.23938886585069957,-4.6456856596782918,4.5231980747715541,-1.3768423179780331,26.274597095,0.00207148736523,0.00069035575963530098,0,0.00034517787981765049,60,1,0,0,0
57,10,3.1471367657995697,-4.2650814856000077,-1.18469785940999,-1.1694037521725043,1.62204485546551,-4.2042465585047033,0.651964744051,0.991685277727,0.0002999979189294045,0,0.00014999895946470225,22,1,1,1,0
57,11,-0.74079610177839372,4.0350841683263292,-2.746319425381945,4.0440277778191946,6.2643048319372507,6.2555803402983097,1062.44877086,54.1438867517,2.0218017778170845,0.0081680396123843205,1.0111459300969137,60,0,0,0,1
57,12,-2.8424365774839551,1.314642245532718,-0.071190469990237482,-5.2834640912603721,-2.6834322637316435,5.0429346076207171,25.7592846353,8.97999902308e-05,0.00066354074737738069,0,0.00033177037368869035,60,1,0,0,0
57,13,-3.1486386623145379,1.4561818946114089,-0.225131959606306,-5.2252433821091762,-1.8341223217823011,-6.2783971501551568,56.1880136417,0.344022947073,0.0031931448933215714,0.0067587871254398638,0.0017993360604239817,60,0,0,0,1
57,14,2.7177306448350755,0.84102061437807274,1.2835597159860614,-2.2117309642707066,-5.8329331129851463,1.8956673802720909,0.0376851291436,0.903541141156,0.00024868699790893498,0,0.00012434349895446749,14,1,1,1,0
57,15,-0.90140680355241376,-5.5577150897799354,1.7282681002567661,3.8259520903574011,0.81521904425078939,-1.2576513569712902,556.638626138,48.3311253146,1.0214016825027541,0,0.51070084125137705,60,0,0,0,0
58,0,-5.9652422516056633,0.80874076695621211,-0.2012424686524909,0.41629316705765762,5.2120999651771793,-4.6400649561081568,1.01084988735,2.40948413923e-05,1.0218176716051105e-06,0,5.1090883580255527e-07,20,1,1,1,0
58,1,6.2831853071795862,-4.9946283192524028,-0.90635662852601517,-3.5670060046620709,-4.0476751267986,-6.2831853071795862,334.715063776,57.2619696535,1.11085433538864,0.015137999999999999,0.55588130769431998,60,0,0,0,1
58,2,3.8558724859238098,-3.8035710157316798,-0.12716406641943107,-3.6832280002024378,-3.9221680264597767,0.92098550699791071,21.6143541146,8.36433885101e-05,0.00046718030592398459,0,0.00023359015296199229,60,1,0,0,0
58,3,3.8382274814830835,-3.9597594314932225,0.060362340757602218,1.8105278602455301,-3.679351464918363,1.0155407840034261,27.1784191826,3.59361271735e-05,0.00073866646965926245,0,0.00036933323482963123,60,1,0,0,0
58,4,0.28312546067091232,1.2834975797269401,-0.7683713191362872,-2.5838266313624914,0.70465210340697571,-2.2613214708034328,0.0277329183219,0.359712399485,3.9416134063856008e-05,0,1.9708067031928004e-05,13,1,1,1,0
58,5,0.25639825290821361,6.2831853071795862,0.8782773924977072,-0.091499342447957932,-0.38471916907610409,0.67415990311121565,295.137631792,16.8096106924,0.17317983722935601,0.0075689999999999993,0.086816988614678001,60,0,0,0,1
58,6,-2.4270423869504931,1.8002796956753058,0.91832124182080999,5.1774915974953055,-2.3545838530268055,4.5263707565234057,0.555676528959,0.521524043221,8.3160854370700337e-05,0,4.1580427185350168e-05,18,1,1,1,0
58,7,6.2831853071795862,0.17221082704118973,1.151904032884782,5.5596563496319709,6.2831853071795862,2.333604792081029,178.992879709,3.13046099915e-06,0.032038450986543093,0.015137999999999999,0.016473365493271545,60,0,0,0,1
58,8,-5.9475200996883357,6.2831853071795862,0.7525084809816055,-6.2831853071795862,-1.2059823448435196,-5.0882522817600613,368.788472443,0.1711316155,0.13601385844162109,0.015137999999999999,0.06846106922081055,60,0,0,0,1
58,9,-2.3105310750207346,2.1061929752347188,0.44155525800265294,6.2466079394778795,-1.3042493661741206,-6.2831853071795862,65.5048690639,53.5408087765,0.87751272882205555,0.010111441847888886,0.43905970766646446,60,0,0,0,1
58,10,3.8420799424941507,-3.6233934702146837,-0.86228051184913845,-6.2525046508592492,3.7972036062477241,-2.7732038413538564,8.55222004741,0.175568647539,8.2530101702493077e-05,0.003171868472507995,0.00013642110502648638,60,1,1,0,1
58,11,-2.3431133872911563,-3.929088915321548,0.18306371353593656,-3.4680024573631365,1.578802530975927,-4.7161879381911467,11.0096114103,8.26234373853e-05,0.00012121154548466207,0,6.0605772742331034e-05,60,1,0,0,0
58,12,-2.3781763185196261,1.910275964013527,0.66931106079630487,5.6095853133472469,-1.8747680443455939,-1.4302025817347412,0.269933705567,0.0571716680081,1.0685365888239208e-06,0,5.3426829441196039e-07,22,1,1,1,0
58,13,3.8433104164249996,2.4222081832555675,-0.18545481226022104,1.8094473842101291,2.5318644847607437,6.1988157659546328,28.8320561497,0.00544111156945,0.00083129648022984518,6.9193133672194322e-06,0.00041585581951593918,60,1,0,0,1
58,14,-2.4081589146417581,-3.8258005166214542,-0.027795387263189503,2.8499648940613738,2.1529761116998256,1.0423459776769441,4.91198394444,6.32316920817e-05,2.4127587488360004e-05,0,1.2063793744180002e-05,19,1,1,1,0
58,15,-5.8511561178342451,-5.5748081378302574,-0.029846312048165249,1.5326307886225496,-4.2438455693850043,-0.11608155850739454,7.52087217226,39.4632958077,0.47445302494759933,0,0.23722651247379967,60,0,0,0,0
59,0,2.3997594335481129,-2.5489857544636476,-2.8579563357873488,-0.4295723599805964,3.3322585310741371,3.8042327803373372,0.377494360073,0.0365022469313,5.4837851610825971e-07,0,2.7418925805412986e-07,15,1,1,1,0
59,1,3.1391440392303283,-3.0261282737251611,3.1415926535897931,5.9331853071795866,3.9087998805094077,-2.2943674393320861,123.828152534,4.91395741844,0.022689001344725346,0.0075689999999999993,0.011571570672362672,60,0,0,0,1
59,2,-1.5618004568128363,-6.2501439014555968,2.6344300118882922,-4.9358983204668938,6.2831853071795862,6.2831853071795862,155.121489399,7.66409859746,0.041955418550986057,0.018049529896243123,0.021519195172380323,60,0,0,0,1
59,3,5.1873847117697247,-0.42456881451855172,2.4203278564242274,6.2540239506498052,3.494876438993118,6.2831853071795862,74.7574781141,15.55392459,0.079283118876723069,0.010914308678475102,0.039968988698715791,60,0,0,0,1
59,4,3.9843434709692507,6.2803185507549424,2.5559010602247754,-6.0393451961591875,-0.015772855746866772,-4.8067059539299244,55.6331526923,6.07605482625,0.014341048299726279,0.0070784026745102065,0.0073828762300984455,60,0,0,0,1
59,5,3.2908552448315773,-2.896717007358915,-3.0569574038816998,5.5831853071795869,4.3325551834381786,-2.6275636218127247,81.81263713,20.0066504319,0.12862132247832195,5.5920439430726541e-06,0.064310829000479269,60,0,0,0,1
59,6,2.4007021189837427,1.5534447558208093,2.789544826238131,-4.0872195069979274,-3.3450258933246393,-0.85206746259353372,0.0938816886115,0.555348598881,9.3956501632477411e-05,0,4.6978250816238706e-05,12,1,1,1,0
59,7,2.403581527446601,-4.7408330670902634,2.7988030294216579,-4.015690302420686,2.9097676159919241,5.3118402824909534,0.0550464614869,0.490570827594,7.3312178209883488e-05,0,3.6656089104941744e-05,18,1,1,1,0
59,8,-2.4831880109782589,6.0992997170838468,-3.1415926535897931,6.2831853071795862,-5.0014456418870008,-5.9718089374685963,319.097361796,20.1461758259,0.22545771121093314,0.015137999999999999,0.11318299560546657,60,0,0,0,1
59,9,-3.8453164514636495,3.5836364260809996,-2.8893958085994731,6.2831853071795862,3.2676875127994895,3.2613757050034886,15.035669749,1.91654383955,0.0013449738821223862,0.0075689999999999993,0.00089955694106119309,60,1,0,0,1
59,10,-3.0946737990334174,2.6448164279877195,-3.0602739426907832,0.44228246620801903,-1.0054170292042386,-1.9255729048882073,25.2146491429,0.0900108041655,0.0006382465249423657,3.2277045849029024e-05,0.00032009157384665373,60,1,0,0,1
59,11,-2.0545682115734847,-4.7354095046172455,-2.778734376746304,1.150749089885196,-1.3757388694974284,3.1917137063549097,0.066601226639,0.664584464508,0.00013454557625215935,0,6.7272788126079673e-05,14,1,1,1,0
59,12,-3.5525071309059544,2.9824896349579606,-2.962358894140821,-5.9396824433178548,-2.0920102900849202,3.7753696965098253,31.4761765238,0.235792520322,0.0010076858421776854,0,0.00050384292108884268,60,0,0,0,0
59,13,2.3951269849048344,1.5900144875451845,2.7484999370048429,1.7335721831859525,-3.0171029000264618,3.7090127135589457,0.24024501893,0.0266018302195,2.7328243157640587e-07,0,1.3664121578820293e-07,16,1,1,1,0
59,14,-3.2977352178386967,3.7005996720683925,-2.9785620526441363,0.24090169941014555,-4.8387760171044389,-2.2833132041461521,0.32537729404,5.05007088699,0.0077688297134830813,0,0.0038844148567415407,60,1,0,0,0
59,15,-3.4445560911101167,-5.3842756389292799,2.9730237497807384,2.5884603054915969,-1.6693896039242042,-2.1941610627185661,0.541483607434,0.52199189147,8.3293998850688037e-05,0,4.1646999425344019e-05,10,1,1,1,0
60,0,0.055598922135684514,6.1035939697373935,-3.0731757734714629,-4.497935042239618,6.2831853071795862,-2.1696354704640375,441.247212473,51.1147928032,0.99057974997039011,0.0079143323445365083,0.49552730495553116,60,0,0,0,1
60,1,-6.2831853071795862,0.058690106502127692,2.1776537087497685,-4.3166776768393751,-4.8478661062350676,4.7158386707635174,29.7495702082,1.29268153779,0.0013940604214915989,0.0075689999999999993,0.00092410021074579947,60,1,0,0,1
60,2,3.93743932857666,-3.1905717299163658,-2.2663922343987526,0.89985950643702373,-2.0256428530144803,-2.3620633147560839,2.50504003138,0.432325537336,6.3209857183510842e-05,0,3.1604928591755421e-05,16,1,1,1,0
60,3,-2.3320040096689443,-5.3739319568421688,2.4616376881044717,-2.4141998859271707,-1.9642027356958385,-2.2316536482711506,0.343222678558,0.828611043894,0.00020926698359203535,0,0.00010463349179601767,19,1,1,1,0
60,4,3.881101481246044,-5.1672807514970609,2.1453111325771763,5.3567763868884697,4.0256880082264299,4.4963550210468659,0.0317761018979,0.878398349854,0.0002350388336920028,0,0.0001175194168460014,26,1,1,1,0
60,5,-0.14950981222851267,1.8987771604199808,-2.0934486975507434,-4.0809657461378874,5.2940512007473712,6.2831853071795862,22.0959551072,55.0510393613,0.92366694226018586,0.0075689999999999993,0.46206054113009293,60,0,0,0,1
60,6,5.9851365695928012,1.7551213011122606,-2.2615620037035713,1.3963642837781041,5.5688027673105172,-3.3618631116156337,0.0112120248014,0.698635289216,0.00014868122818624579,0,7.4340614093122893e-05,15,1,1,1,0
60,7,-0.12941101221573673,-0.073108602603237594,2.0860995619836467,-6.2325984371253771,-0.99845335876770369,6.2831853071795862,27.6270022312,54.7319891485,0.91327234157446524,0.0088949160324490496,0.45690301826820612,60,0,0,0,1
60,8,-0.30628639270104185,0.14302088311454297,2.417203211189793,-3.8278250129579972,-5.1496841805487099,-6.2831853071795862,33.6704053082,53.4299812679,0.87074420437295752,0.0075689999999999993,0.43559917218647876,60,0,0,0,1
60,9,-2.3179217353668822,-5.3402797547803829,2.2955634235677422,4.6426324314845404,4.3702917729282547,3.7995419815498455,0.143370883249,0.065068918049,1.3102944285771387e-06,0,6.5514721428856935e-07,24,1,1,1,0
60,10,-2.3639658226209548,1.1078452563367018,2.1406256002337334,5.330537973516992,-2.0910691351418578,-2.3422291729881879,0.0118221936834,0.37070320902,4.1860930358067816e-05,0,2.0930465179033908e-05,29,1,1,1,0
60,11,6.2145905100944772,2.0249634851919844,-2.1163598609430094,-2.3425945569034781,1.5336433177221667,4.9040888823083506,0.900769832882,0.0427305888604,1.367588220813012e-06,0.00033875149433830931,1.0846338940555785e-05,5,1,1,1,1
60,12,-2.1067665486500995,3.3039485601389655,-2.089448112230047,3.5006754597770864,1.2619299639966115,6.2229300791934543,6.00349462243,0.0547277881819,3.6954316697551361e-05,0.0007152828300737809,3.9935643250989105e-05,60,1,1,0,1
60,13,6.2831853071795862,-6.2831853071795862,1.9107429033755017,6.2831853071795862,-6.2831853071795862,1.0741159980104664,186.523117295,44.9972447286,0.65156561333723284,0.030275999999999997,0.3266910866686164,60,0,0,0,1
60,14,-1.5117468055945924,6.2564474254509985,-3.1181297889627277,4.0706024516479573,-5.9454756958316137,-0.84175731313687752,295.64091467,47.0678766872,0.76224841778660068,0.0076684904699563022,0.38135426360739905,60,0,0,0,1
60,15,-4.2526844519308824,2.2949018063156008,-3.0551777657255661,-5.498966354353561,-5.2724777558379214,-3.1374456522034793,594.694648741,22.6545948703,0.51000072730734713,3.4235621142881225e-07,0.25500037392435992,60,0,0,0,1
61,0,5.3823300591691527,3.0256973241602294,-0.97192233988268839,-0.46698851216401194,4.6124203459851243,1.9256258874103156,0.609522043512,0.52812286507,8.5333507221562905e-05,0,4.2666753610781453e-05,11,1,1,1,0
61,1,-0.86821501405823842,-3.7397284666963371,0.30639587793228362,2.1293383960654655,1.3194169647373248,-0.94287939396013298,71.1266108129,0.000652516810202,0.0050589948954310347,0,0.0025294974477155173,60,0,0,0,0
61,2,1.869703102010712,1.0618994135154973,-0.99635736232141259,4.5541559618990535,-5.2889910723890754,3.695923998479949,0.0129840951395,0.485183296703,7.1707971698065066e-05,0,3.5853985849032533e-05,15,1,1,1,0
61,3,5.3481932902332412,-3.5041419017618241,-0.27879775282243469,-4.3030777891976424,-4.2264350411257174,-0.56228136388523275,64.0885094142,0.0103265159092,0.0041073695224056496,0,0.0020536847612028248,60,0,0,0,0
61,4,1.9173337408715818,1.0564463516007032,-0.97820034973196857,4.6238681163716064,-4.7502819160095635,-3.4246046184458638,0.0221844647403,0.000334158189114,5.2616457334176879e-10,0,2.630822866708844e-10,24,1,1,1,0
61,5,-0.92065959485151549,2.5312368480978917,0.24880330098936909,-4.4625804551835682,-4.4194328259351927,-6.2271255640140311,67.5883105547,0.046349134216,0.0045688341156479451,0.00095729949298140927,0.0023131360426134149,60,0,0,0,1
61,6,-0.91957413170688729,-3.5197117236124176,-0.24234595543068041,-4.2527761750293021,1.8766407284113358,-0.9246358171350727,64.7605936254,0.00292771589182,0.0041939370977431868,0,0.0020969685488715934,60,0,0,0,0
61,7,-0.93304550218693627,-3.540495054098546,-0.2296013466860406,-4.4256720346000193,2.0331198816844438,5.0710080589714499,54.3479399178,0.000160556350982,0.0029536985811630979,0,0.001476849290581549,60,0,0,0,0
61,8,1.9952693688777676,0.3008689754144101,0.1753782480740656,0.42005791208590521,3.7841218478704342,-0.99889383609500759,30.4005155352,0.000136931952113,0.00092419135051509231,0,0.00046209567525754615,60,0,0,0,0
61,9,-0.85752222320451699,2.5825272000506736,0.17431776246870528,-4.302266812793234,-5.1509873880776693,-6.2726599515175909,55.7627976616,0.0486315270157,0.0031102100309879071,0.0058483712266243128,0.0017305561522926829,60,0,0,0,1
61,10,-4.3946439489162898,1.0714769482860826,-1.0149390535558962,4.666744109705097,1.2183722832886663,3.2104230954554613,0.142158471762,0.374623276562,4.2771009528737602e-05,0,2.1385504764368801e-05,13,1,1,1,0
61,11,1.9248085361880509,0.39411708774607557,0.12314920391541267,-5.466124080722671,-1.6130295918145017,4.8772673997954126,65.7566346021,0.00660287304823,0.0043239482748893216,0,0.0021619741374446608,60,0,0,0,0
61,12,5.4936781798319352,-3.9080842921251886,0.39913064420320221,6.2831853071795862,0.29959014938849643,-0.58892299792777902,91.048755914,55.1276118386,0.93403853822642513,0.0075689999999999993,0.46724633911321256,60,0,0,0,1
61,13,-4.4070727067051081,6.2831853071795862,0.25316657175687046,6.2831853071795862,-1.1915319183537398,-0.16333679810246041,261.670882145,54.5935043071,0.97636885641368654,0.015137999999999999,0.48863856820684326,60,0,0,0,1
61,14,-4.3744756622100498,0.61174704361726318,-0.28661682153442836,1.1696539839326721,-1.4509271537455126,5.0454125441205004,71.6783485882,0.00281180431557,0.0051377880647160848,0,0.0025688940323580424,60,0,0,0,0
61,15,-4.4613595949189779,6.1938024360061696,0.92878442584284482,-0.62932737275642325,6.2635125549462822,-4.9490366763009233,4.61626658536,0.550815491634,0.00011373014350431841,0.0045329582918380703,0.00019285382050730131,16,1,1,1,1
62,0,-4.6797744544131969,-1.3253455478569769,1.7102229499247508,6.2831853071795862,6.0550081183551336,-5.4373276288577044,26.8043433855,9.11777964991,0.026042508688958934,0.0075689999999999993,0.013248324344479466,60,1,0,0,1
62,1,-4.316670314398527,0.60799465746069936,-2.0656936461282114,5.6105553594693856,2.9767265953786706,6.2831853071795862,37.0992178414,18.291429224,0.10329414649268985,0.0075689999999999993,0.051874143246344928,60,0,0,0,1
62,2,-6.2831853071795862,-1.5530474980452591,-1.9270454638795522,3.5716411296605948,1.437643133309481,0.24039902642986957,448.918296154,54.8949269197,1.1194779145937737,0.0075689999999999993,0.55996602729688683,60,0,0,0,1
62,3,-6.2831853071795862,4.5341823409034783,-2.3755865219888181,0.39264059349375741,-2.0064782648795751,6.2831853071795862,489.689220179,56.3956782138,1.20862286546824,0.015137999999999999,0.60476557273412002,60,0,0,0,1
62,4,5.4098394686967355,-2.0562759226017859,-1.7726866553037941,-4.2997384095597795,-4.6864055491617274,0.12448415248843185,0.0256075479593,0.399072284386,4.8513626413881393e-05,0,2.4256813206940696e-05,51,1,1,1,0
62,5,-0.9148146235397574,-3.785661165352689,2.1287956384186888,-2.9832562451105922,4.390882192520241,-3.4828459381686554,0.0476663463417,0.00501237555036,9.9252608038851531e-09,0,4.9626304019425766e-09,18,1,1,1,0
62,6,-4.5666707242260394,-1.1236906245527727,1.6055903972855043,-5.7589704218139453,-1.1996929182947427,-0.15983619294224555,3.46814757263,0.848233618403,0.00023120036379207593,0,0.00011560018189603796,16,1,1,1,0
62,7,-0.89428824241414362,-1.6216152982641707,-2.134473819859509,4.7772361173484521,-1.7436980482730082,3.4736201181069521,0.0243168916426,0.689222890346,0.0001447024536597376,0,7.2351226829868798e-05,17,1,1,1,0
62,8,1.6991055096833854,6.2229712908867896,-1.9112681134743905,1.6913976876107437,-6.2831853071795862,5.8918413763242619,263.009883806,4.40760461791,0.075091995034551814,0.0082864889231625619,0.037794592184970784,60,0,0,0,1
62,9,5.4144001797807109,-3.6960654169246836,2.1589213618054974,2.7691435162790423,4.7181232144833611,-2.9091631600733083,0.0158692740058,0.393000375772,4.7048197673368818e-05,0,2.3524098836684409e-05,11,1,1,1,0
62,10,1.72239257454943,-1.4651950013412183,2.1694381252862964,-2.0605533216400822,1.2272959599939675,-2.5200058411070381,0.0355333706266,0.46480526583,6.5812008704293931e-05,0,3.2906004352146966e-05,21,1,1,1,0
62,11,-6.2831853071795862,4.5021567612890676,-2.1670140462264018,-5.4689476129149099,5.2318854022907804,-3.4415395289753516,415.625704118,36.9761879538,0.58922938259162494,0.0075689999999999993,0.29484176129581247,60,0,0,0,1
62,12,1.9141278285442003,-6.0212065869690923,-1.756024126911429,1.3703401854002804,3.0440639131508029,5.0829666423096356,1.30041610175,2.95718119721,0.0026655462415350753,0,0.0013327731207675377,60,1,1,0,0
62,13,5.3638201104234877,2.6214320334270265,1.6572865753571511,0.47583853681604865,1.9178615480364427,-0.33954561562952412,4.26612584095,0.157932854631,2.5797836978652147e-05,0,1.2898918489326074e-05,13,1,1,1,0
62,14,1.6913291970888498,4.9332403129518783,2.1403583230267542,3.6293651319568032,-5.2924126344718507,3.2562269507513459,0.870277114101,0.55139653852,9.3372696798980237e-05,0,4.6686348399490118e-05,7,1,1,1,0
62,15,1.7339101040177032,4.9905999153956664,2.1146001868484054,-2.7746924351774322,-4.9768585053257528,-3.1626763811928416,4.2015165772,0.590131120536,0.00012373720170059466,0,6.186860085029733e-05,25,1,1,1,0
63,0,3.3714248377399407,-4.5631201307444007,2.2510901822228471,3.2462547040937761,-2.4315384589356941,-0.67065178223087341,0.20591731759,2.62742904533,0.0021029332374704847,0,0.0010514666187352423,60,1,1,0,0
63,1,3.6306495496751356,-2.6702202812533051,-2.165885231570067,-5.7215631670230049,5.8191933290065796,3.3908599894542815,0.0800622921699,0.904315339713,0.0002491183423991192,0,0.0001245591711995596,21,1,1,1,0
63,2,-2.7126081589884556,3.7760726351496374,-1.8149966595503679,-2.6673767045525443,1.0196597439017292,0.14602979456298729,0.011634577943,0.591268914031,0.00010649405898390287,0,5.3247029491951436e-05,24,1,1,1,0
63,3,-0.26458984273964614,5.8996948866673362,1.9071469310560434,-5.3781793480480262,-1.0174335477803498,6.2831853071795862,7.52289409399,50.5117694827,0.77726931507811214,0.0075689999999999993,0.38886172753905607,60,0,0,0,1
63,4,-0.075213038250818168,1.3714576064034991,-2.2518818585490079,-6.2302283506558931,-3.7351488729663842,-1.5998878505630985,6.70786774919,0.247420422883,6.3643213405295145e-05,0.0011589288091297183,6.6589470976539123e-05,60,1,1,0,1
63,5,6.0768008456163329,-5.1791621675968234,-1.7362716330467576,-4.719247327950522,-1.4953618234698376,2.8635585562402146,0.0227195946288,0.80808434824,0.00019891578691124453,0,9.9457893455622264e-05,20,1,1,1,0
63,6,-2.6756243809256799,1.6201074907763888,2.039541420898932,-1.3135002403472806,5.5649102840804439,3.1471750208932501,0.0122553268138,0.662277813384,0.00013360897609854966,0,6.6804488049274828e-05,22,1,1,1,0
63,7,3.5193743696687929,-2.6310391124577377,-2.2120660203541731,6.2280347335358455,-1.3461498596502155,-1.5353221556481758,4.7960075539,0.0274077743621,2.323051282729093e-05,0.0010143859592227802,4.2046835190328874e-05,49,1,1,1,1
63,8,-0.28263052371411473,-0.75608691802306505,2.3146548075176807,4.5193383762638906,6.2831853071795862,-4.7255161870960913,123.646768386,56.5584373333,0.98971603824557275,0.0075689999999999993,0.49508508912278637,60,0,0,0,1
63,9,-2.7911377507797783,1.5837087815603574,2.2471934793530424,-2.6277213870775018,-1.5440655413032551,-1.2865695488784352,0.00774651589175,0.19815223324,1.1960652060453715e-05,0,5.9803260302268574e-06,17,1,1,1,0
63,10,-0.11525733017298855,1.4252038852006805,-2.2794334944274857,-6.2260810608640638,-4.1463972197528669,-1.3227797664022847,4.8807545379,0.0749774302117,2.5534206728062125e-05,0.00089375608836295161,3.957978601491961e-05,30,1,1,1,1
63,11,-0.15888902460685486,-4.8813321841785964,-1.8627500833354256,-2.1489615333112853,-4.4801111472946653,-1.1246862261475827,0.00819767178876,0.546462043274,9.0965154051475807e-05,0,4.5482577025737903e-05,33,1,1,1,0
63,12,6.145759437977925,5.8834395778487218,2.0159537800894554,2.6080687205296642,1.9487347337519161,-1.4350186888390839,0.0790568292463,0.287350161617,2.515854548123837e-05,0,1.2579272740619185e-05,12,1,1,1,0
63,13,-6.2831853071795862,2.0318775682517987,3.1415926535897931,5.8979184915733196,2.0536640056014304,5.0647085520671675,567.0287852,12.2921573715,0.36754846198994395,0.015137999999999999,0.18422837099497197,60,0,0,0,1
63,14,-3.2052720402143176,-4.7977560354079172,-3.1415926535897931,3.0722351172890066,-6.2831853071795862,0.96017962594304906,620.251396262,56.1467364733,1.3450048123338463,0.015137999999999999,0.67295654616692313,60,0,0,0,1
63,15,-0.13331899354046556,5.8213092305737346,1.714735222298696,0.17552503687108187,4.3052182124246663,-4.5326483443224799,0.0394360016223,0.0202137827792,1.2602096643600872e-07,0,6.3010483218004362e-08,13,1,1,1,0
64,0,-6.2831853071795862,6.2831853071795862,0.45718203493669562,-6.2831853071795862,-1.810005931206347,6.2831853071795862,742.933356652,18.0474569693,0.65116712638921104,0.030275999999999997,0.3264918431946055,60,0,0,0,1
64,1,-0.47007828665208928,0.80522783460526615,0.055801278242439745,6.092137646059542,-0.98186145874756237,1.772277273762926,52.241330644,0.0351829114981,0.0027295336942524456,0,0.0013647668471262228,60,0,0,0,0
64,2,3.0952478267141084,2.5361879542053911,-0.78392085076112794,-0.99079014896985951,3.8260750834171402,-2.5424025762062072,0.444487059625,0.803777541528,0.00019699819217096598,0,9.8499096085482988e-05,25,1,1,1,0
64,3,5.7752596092494946,-5.2621658092442525,-0.38402704798412568,-0.26663920282600156,-0.56587887367358847,2.6425012555009206,3.34733951833,0.926570253108,0.00027272861668252614,0,0.00013636430834126307,14,1,1,1,0
64,4,3.1422363366560315,2.1402820221573764,-0.076215242451422305,5.9496985344646909,-1.9875040379695827,3.6775486382375231,43.0711875193,0.0001288186258,0.0018551271993766103,0,0.00092756359968830515,60,0,0,0,0
64,5,-3.1878207186475089,2.0926018060758733,0.045681936464975426,5.7898500393506218,3.8271867444637748,4.1436147273756649,9.97409592381,5.21380100762e-05,9.9482590325423426e-05,0,4.9741295162711713e-05,60,1,1,0,0
64,6,3.0955493652095512,2.3620053391914619,-0.17208415413549721,2.6736148805658706,-3.8292286566510638,1.0402232445632964,130.315147463,0.0637580534246,0.016983275955423042,0,0.0084916379777115209,60,0,0,0,0
64,7,-3.2114702030027482,-4.2261740186191199,0.18104706820291205,-5.5832261815670199,-3.3638248612819837,-6.210724690109501,87.4715885959,0.449120824116,0.0077127230433876063,0.0002113936559826971,0.0038627033313732842,60,0,0,0,1
64,8,-5.0098790968870652,-5.9440892201026578,3.0651488798438686,-0.34862988669803241,-1.9868627728909452,-2.692424972127633,1333.28908668,53.3113029136,2.6434114399452158,0.00011143391272723312,1.3217090629899897,60,0,0,0,1
64,9,-3.2144102252786033,-4.1598559645081057,0.21278494744749599,1.6212812261643521,-3.3164980915153857,0.85968679821748428,141.805387771,0.105039505271,0.02011212893551553,0,0.010056064467757765,60,0,0,0,0
64,10,3.1404975266044808,-4.3175554327878478,0.30550116733488097,-0.30619626553169066,4.2804243981008154,3.721639000456042,86.7475489697,0.0188403039381,0.0075252453783502503,0,0.0037626226891751251,60,0,0,0,0
64,11,5.7675631086233876,1.3829900459356079,-0.93781841177058234,5.6531938000393627,0.44727105723583688,-2.6457372612030823,1.08147548363,0.903690601827,0.00024993744719390353,0,0.00012496872359695177,17,1,1,1,0
64,12,-0.41014500658027631,0.94750228427014338,0.17406926735613748,-3.1528109225145813,1.4730373565878712,-2.3660241433378792,88.6214068265,0.00580388792672,0.0078537640089733126,0,0.0039268820044866563,60,0,0,0,0
64,13,3.0827702099262786,1.4099359011645658,1.2973779738610642,4.9058596256874543,3.3863651280796243,4.0806322642366375,217.883368222,10.4143876852,0.080511806311781578,0,0.040255903155890789,60,0,0,0,0
64,14,-0.43234701096947203,-5.3881319375193168,-0.13498880294546495,6.2831853071795862,5.0088934027390488,-5.0695391064365296,82.1862522835,0.0536312982821,0.0067554562404103435,0.0075689999999999993,0.0036047981202051715,60,0,0,0,1
64,15,-3.0965992805465881,-4.0106268888642349,-0.11321773298262777,-3.9540215977644726,1.7337534502243495,6.2831853071795862,159.374340152,15.3141075378,0.096839633216459622,0.0075689999999999993,0.048646886608229814,60,0,0,0,1
65,0,3.4194013417185167,4.4827368376859482,0.40085258297729354,4.4887709360732151,2.7258905277085677,6.2657196117159053,13.2017305847,16.0732774164,0.078872271303796426,0.004835019507349562,0.039581186237118697,60,0,0,0,1
65,1,-1.6224786597056791,4.421498006168556,0.5153948468150763,4.4168222668802093,4.6675650176014027,-2.8891129758746605,58.1795329147,8.97551314023,0.027924787470674048,0,0.013962393735337024,60,0,0,0,0
65,2,-1.5878905545429238,-1.2749388119105589,-0.65429217308640497,4.8321119740674794,-1.5307085032361232,-3.2040877259792451,69.8172396325,2.74654544739,0.0071723320793568943,0,0.0035861660396784472,60,0,0,0,0
65,3,-6.2831853071795862,5.1108158196084572,-0.56951091975484247,3.6360207367467341,4.0183425868177531,2.8384468352733867,160.592081556,34.3775541905,0.38579162794870381,0.0075689999999999993,0.1931228839743519,60,0,0,0,1
65,4,-6.2831853071795862,-6.2831853071795862,-1.6567693915307258,6.2831853071795862,-4.5721941090971967,5.1945028039732613,854.194330019,20.7996850301,0.8614336426379694,0.022706999999999998,0.43139803131898469,60,0,0,0,1
65,5,4.9390275980752785,-1.6929061951583693,0.15035765262068501,0.98579548283263807,2.0614241605046701,0.56823096622294111,157.269095671,4.61192004464,0.031212722028024203,0,0.015606361014012101,60,0,0,0,0
65,6,-0.67178128138617088,-1.2382285271744939,-0.55293798219650048,-1.5169641763897135,-2.5194512708816759,2.4246921387732057,61.3352950933,10.2632270219,0.035848537600954085,0,0.017924268800477042,60,0,0,0,0
65,7,-3.9494357833982847,-2.0062443818617965,0.80860035317707091,4.4051348009969837,-5.1245206167825383,4.2353625526320693,256.327672674,15.2212298013,0.13627941754454601,0,0.068139708772273003,60,0,0,0,0
65,8,-0.51592724561550352,5.0067079392505329,-0.49400832835446712,-1.4527337008980685,3.9209473245069471,3.3922005633853942,85.814017001,10.6855528742,0.04214557937636762,0,0.02107278968818381,60,0,0,0,0
65,9,-2.7405637471696207,-1.9043945933125741,0.48528955120386363,5.4970754649519291,-4.2345600636818661,0.55211819715680299,44.9086104161,0.162472261175,0.0020248243473223134,0,0.0010124121736611567,60,0,0,0,0
65,10,-0.47068158327402843,-6.2831853071795862,3.1367307328245086,-5.9331853071795866,-4.1126107671046528,4.5423363342105558,1155.30276779,44.1061420159,1.9273125200516292,0.014315664060368405,0.96408572994762565,60,0,0,0,1
65,11,5.0913317774885316,4.4873363920097855,0.49424813358994218,-1.9171276939350912,-2.0054577380834937,-3.2202969353053659,49.4967397613,8.15330967097,0.022699814539488522,0,0.011349907269744261,60,0,0,0,0
65,12,4.4959034812530341,-1.7172886155886598,0.17448078643816997,1.2978627942061902,2.0843317108162251,1.1977770893741684,194.183070103,22.3385698839,0.18971472257014074,0,0.094857361285070371,60,0,0,0,0
65,13,-0.75342961486699911,4.4647294316004507,0.51025133099335185,-1.870498279908364,-2.0810356509641639,3.2251739088101621,85.4569791822,12.4689989765,0.054663573594546565,0,0.027331786797273282,60,0,0,0,0
65,14,5.1650781653446334,-1.5470795261008909,-0.35142132813375271,-5.3664064927402801,1.5346741129595087,0.83314607570387822,179.459162924,42.2425531489,0.57577505773061488,0,0.28788752886530744,60,0,0,0,0
65,15,-1.8923868738127927,-1.851807912152478,0.66737352397892225,3.4814362295683523,4.303003536486953,-2.1216658243361857,28.4715868366,4.06847701594,0.0058528126909219826,0,0.0029264063454609913,60,1,0,0,0
66,0,4.7254110130088636,0.11410951401242429,1.5946012136808245,6.2417478403838365,-1.7651131306780752,2.8479316693791814,4.94137057644,0.0617096747765,2.5577151884238757e-05,0.0020759444319884035,7.5066908901771489e-05,39,1,1,1,1
66,1,-4.1330437811357319,1.5814414748825727,1.7951821928962559,2.3234932273545867,-4.0285130602950439,-2.5169853627579633,0.0107224679232,0.892247192717,0.00024250758206824003,0,0.00012125379103412001,60,1,1,1,0
66,2,2.1696778691915095,-3.3511312171139886,-1.8089405553801015,-5.5191277557851928,-2.1918175388305179,6.2183503247437395,3.95999276286,0.224179652585,3.0990553106226015e-05,0.00049128800361922253,3.0233916661689683e-05,22,1,1,1,1
66,3,-1.5247671921785233,1.853045879280119,-1.6988465126920118,-2.3915491040915593,-4.3650223086592597,-0.19425078944304075,0.0927652469578,0.734802046542,0.00016448192182673798,0,8.2240960913368988e-05,21,1,1,1,0
66,4,4.4864579586591917,-4.1810706874125287,-2.0297450618995834,-1.5330880484313216,-5.7600890407581655,-5.8607909904544275,0.104101380789,0.650034587459,0.00012872539404711219,0,6.4362697023556093e-05,60,1,1,1,0
66,5,2.1579198041900112,-3.213543294041298,-2.0579336615444386,6.2308725062987342,4.0458194175464053,5.7848417021297864,4.84238280438,0.0605207545675,2.4564412252730045e-05,0.0012032017827314217,4.8378259608307674e-05,37,1,1,1,1
66,6,2.2360061324070459,-5.0420829299854173,1.7432505203910149,0.38082315258770227,-4.4833911932791928,-3.9510088845302787,0.0247194553879,0.944081186742,0.00027150285398946483,0,0.00013575142699473241,21,1,1,1,0
66,7,4.5872858332239215,0.24023335118555808,1.7136879704131214,0.72790804026862466,5.1645697426235166,-3.6327909030878631,0.0274954055981,0.871043194403,0.00023111894136135545,0,0.00011555947068067772,14,1,1,1,0
66,8,-6.2831853071795862,6.1898649017445884,2.3879968229879349,-6.1890186986643885,-0.00028605829787893263,6.2831853071795862,725.865841241,34.7759189265,0.89527472437849576,0.015137999999999999,0.44809150218924787,60,0,0,0,1
66,9,2.3155694706147711,1.3201406466826606,1.6627931336038473,5.7532712090671234,4.8506621080999182,-1.2402574067833971,0.0151489324903,0.554384194518,9.3621906300305925e-05,0,4.6810953150152962e-05,21,1,1,1,0
66,10,-4.1459166390458488,1.4115317896930812,1.6117642124656886,-6.2831853071795862,-2.3219151833204874,1.6311403382204668,26.50686167,2.66808029182,0.0028710792553217897,0.0075689999999999993,0.0016626096276608948,60,1,0,0,1
66,11,-2.4236318878512684,5.9120382095460444,-3.1415926535897931,-2.3185692065269699,-0.34317542737838319,-3.8367607788284408,532.099660469,37.0797321922,0.70195053116495931,0.0075689999999999993,0.35120233558247965,60,0,0,0,1
66,12,2.2054439553353822,2.9168556265508352,-1.6858380908057344,1.0927561430477819,-2.008683517777313,6.2430052957931519,4.98029336278,0.104058299136,2.8101758885001803e-05,0.002192111333774417,7.9814219455733417e-05,24,1,1,1,1
66,13,-1.4384112994985196,-4.7106597080380315,-1.6524533017149499,-4.882893071129625,3.8637530864017511,2.0856922129147093,0.027906628951,0.698472030435,0.00014861240105820713,0,7.4306200529103566e-05,45,1,1,1,0
66,14,-4.1205885433947032,2.9391332520897286,-1.8389919419559684,-5.6119778896930015,-2.1798538621314547,6.1535664803383758,0.0995547393391,0.681801957943,0.00014161250974393914,0,7.0806254871969571e-05,15,1,1,1,0
66,15,-4.0652423394107142,-4.9363608017781857,1.6468303693096538,-0.51025060370401432,4.3959045772045151,-0.17442469904540253,0.0438556223589,0.956459940562,0.00027867069642091737,0,0.00013933534821045868,24,1,1,1,0
67,0,-1.0246981342638253,-4.3464392592377434,1.2612666537452069,0.80753631708634643,-4.0227544179494208,0.51640274634651528,0.277254339394,0.401418654251,4.9161987639536159e-05,0,2.458099381976808e-05,6,1,1,1,0
67,1,-4.4952357174740429,1.4580670343868285,-1.8557050872411069,-0.34916928821621462,-4.4768087183930128,-2.3123534765118388,1.87020281067,0.190730862758,1.4579110862314163e-05,0,7.2895554311570817e-06,13,1,1,1,0
67,2,0.83073792486280185,5.9568766436418219,-3.1415926535897931,-2.6607067359380765,-4.6131320174839683,3.9923346131406987,642.288048172,7.46671882499,0.4295169337078461,0.0075689999999999993,0.21498553685392305,60,0,0,0,1
67,3,-0.94889312648866631,1.7564714785762963,1.4802483783041438,0.18985802621914219,1.5945807943143102,0.01127666339385288,0.0820783675248,0.553677375202,9.3389837512464772e-05,0,4.6694918756232386e-05,35,1,1,1,0
67,4,5.3950083443058654,1.8555446922780958,1.8410212954928551,-3.8129629773824338,5.1615917371645414,-6.2831853071795862,2.31067721059,54.2836613209,0.89762632939103959,0.0075689999999999993,0.44904023469551979,60,0,0,0,1
67,5,6.2831853071795862,-4.246271398695403,-2.2397530148817562,2.1695569973163678,6.2699330388157808,-3.5199580084012023,649.210474381,39.880962678,0.9059655607481486,0.01300772792148417,0.45337301221171883,60,0,0,0,1
67,6,5.4391642745437982,-4.5349726283205145,1.881824976050092,-3.1344189636228839,5.6484685215975645,-2.9760971661877478,1.30325393338,0.0773274673872,3.5199420120681954e-06,0,1.7599710060340977e-06,20,1,1,1,0
67,7,-0.82653978685688378,-3.0139591479987922,-1.3063168232292643,-3.6200261843861878,0.34424809890616004,-5.9247516476599165,0.327555836718,0.396661441509,4.803588879079996e-05,0,2.401794439539998e-05,10,1,1,1,0
67,8,-0.90227093701958927,1.7191744801154818,1.8933504376122945,3.1371695948735607,-1.2164224483607167,3.3117171528173652,0.611748903091,0.537133347357,8.8260088666088522e-05,0,4.4130044333044261e-05,23,1,1,1,0
67,9,-4.465352955840256,1.2468595544201473,-1.3011953394896032,2.4217578670053364,4.2134586210422125,0.96655045997836175,3.38729117707,0.337071877381,4.6083596138748296e-05,0,2.3041798069374148e-05,14,1,1,1,0
67,10,-6.2831853071795862,-5.0651964760742132,2.4101633637837994,2.8005775916777504,-2.1081980565718164,-2.6525306988993371,584.947474379,40.6398536314,0.84526897865006601,0.0075689999999999993,0.422861559325033,60,0,0,0,1
67,11,-0.94925387671910655,3.1722451112589267,-1.4698344216809787,1.752592166190033,1.6254566644995838,6.2831853071795862,2.57871414376,0.929914968478,0.00027006519733720685,0.0075689999999999993,0.0003621025986686034,17,1,1,1,1
67,12,-5.5186067084825225,6.2213956603482954,-3.1415926535897931,3.3887381874939781,1.2099932238807249,-1.1040418267068679,606.766007281,31.0625615747,0.66208507568267971,0.0082045619068910423,0.33128867469854661,60,0,0,0,1
67,13,1.8468051487214399,-0.052557235057319497,1.467738689795959,-4.681924140726327,3.9198986682456205,-5.9146601928736064,0.269228235713,0.820533389617,0.00020516379039322023,0,0.00010258189519661012,18,1,1,1,0
67,14,-0.86810700088756321,-4.551672012042232,1.5468873959679208,6.2730931935342751,-5.3826962140687433,-0.054478329381106867,8.08568755463,0.42602755718,0.0001206662463619046,0.0059148229835457346,0.00023777781268732433,60,1,1,0,1
67,15,5.462756301700745,3.2566723177207266,-1.6317170515585808,-5.5624911824738605,-0.15288210682498268,2.6217645283606985,0.131036525767,0.480457420798,7.0334852635698341e-05,0,3.516742631784917e-05,10,1,1,1,0
68,0,2.7964544033312912,2.3244404835942762,-1.6322601018244711,3.7292676545786989,2.3845651072795699,6.2831853071795862,94.1961140007,35.1997887992,0.38630154650355136,0.0075689999999999993,0.19337784325177568,60,0,0,0,1
68,1,-6.1182122250350464,6.2831853071795862,1.9539708231455399,-6.2831853071795862,-1.332299726693452,0.05630667811428449,545.944885821,0.0855729680095,0.29805804898629878,0.015137999999999999,0.14948316449314938,60,0,0,0,1
68,2,-4.4354060176983259,-5.4463165760781402,1.5371589177159779,0.47832679309585358,-1.4945825954640619,-0.2635765147655823,75.5089033365,6.27532951281,0.017697355516696916,0,0.0088486777583484579,60,0,0,0,0
68,3,-4.2290799231705423,2.5202263186770404,-2.0418853847325447,5.4954852629059241,2.6871952675263966,3.1608402224359202,0.067870618094,0.501385361693,7.6581551301871129e-05,0,3.8290775650935565e-05,23,1,1,1,0
68,4,6.2831853071795862,-3.8889004114121284,-1.8416669143865729,-5.5258921524620437,-6.2831853071795862,-4.6027508508312476,224.181977835,21.1541268754,0.18657296623348041,0.015137999999999999,0.09374062311674021,60,0,0,0,1
68,5,2.9266296886975236,0.75514385100755665,1.5911489935050349,1.9336781691686618,-3.9718297169127439,6.2831853071795862,114.292856041,28.8451944898,0.26651833266609859,0.0075689999999999993,0.13348623633304929,60,0,0,0,1
68,6,-4.6906500302204721,6.2831853071795862,1.8354841809970233,-6.2831853071795862,4.3177502151881422,-1.2741093831209691,434.37034069,1.02434757574,0.18899722426119994,0.015137999999999999,0.094952752130599977,60,0,0,0,1
68,7,1.8290572864854036,-5.5511407935132997,2.0005550353203914,3.2063884670927365,1.5706166363577792,2.751596056381834,66.7312749192,7.25939600885,0.020506044798631117,0,0.010253022399315559,60,0,0,0,0
68,8,-3.0935805338264943,-4.0559155065107824,-1.5818882332642745,-4.0856211644508056,-2.5753371752230136,-1.9940101971932285,129.653814901,25.0376577674,0.20776999166229138,0,0.10388499583114569,60,0,0,0,0
68,9,-4.177000550039744,-4.0253799835614075,-1.5499524957781807,2.1994480733817774,-1.8234357645680519,-0.11631951667281937,67.1332177116,5.48030533524,0.013655671306229883,0,0.0068278356531149414,60,0,0,0,0
68,10,-1.9244171230450751,-5.5060908088721225,1.6873770732133349,0.6785963272585861,-3.7019798979904155,-5.3130911973638408,216.903055294,0.911783188795,0.047300178656176223,0,0.023650089328088111,60,0,0,0,0
68,11,1.4058485655600901,0.76618172338556056,1.5366418657451606,-0.15049826790827375,-0.91358920291905521,4.7151444160861127,106.356031009,8.11377632417,0.031365595491482517,0,0.015682797745741259,60,0,0,0,0
68,12,1.8035074181327495,-3.6420625686442207,-1.9989522710415253,-0.98446116244771897,1.4616114386180379,2.9812012848248606,76.1402602143,1.84769411295,0.0068372950349588034,0,0.0034186475174794017,60,0,0,0,0
68,13,2.1720014833049599,2.2425614990309257,-1.5413766754981333,2.1702045251165458,-1.7532983442980423,-0.36376140496234516,79.2948560247,7.16371036412,0.021920258240324481,0,0.01096012912016224,60,0,0,0,0
68,14,1.386371317335956,0.7941147982359158,1.5258294536433834,0.057778008303390381,-2.1194367832578807,5.7668515766311348,0.0550735064841,0.663855915858,0.00013424935469281361,0,6.7124677346406804e-05,16,1,1,1,0
68,15,2.341361787895607,2.2112488909819801,-1.5206463940246238,2.1159100609105215,4.6369427978310167,-0.86385617118140967,105.174757722,5.5190704663,0.020340418553185677,0,0.010170209276592838,60,0,0,0,0
69,0,-4.613967123491677,0.32610056828196593,0.84395465409921411,-5.3701228040959448,-6.2831853071795862,5.6117044423756983,139.687672694,22.1185597186,0.16854083455136348,0.0075689999999999993,0.084497487275681737,60,0,0,0,1
69,1,-0.7606535703437981,3.0429428645309926,-1.3995134102030522,-0.75269796150981061,4.8134799345319257,-3.5832569079428223,4.78527952636,0.30710101289,5.1627683406569717e-05,0,2.5813841703284858e-05,8,1,1,1,0
69,2,-6.2831853071795862,1.6894621632470208,1.3722213718951612,1.2973482199397484,3.3725799670750964,0.44318867308496751,606.224605151,53.0636778645,1.2252359622538329,0.0075689999999999993,0.61284505112691645,60,0,0,0,1
69,3,-0.81578039801434887,3.0526474561229517,-1.3853951624691074,5.4671693389907006,-1.9647124399194544,-4.0199229903063554,0.860735576986,0.412883086561,5.2669741516003609e-05,0,2.6334870758001804e-05,55,1,1,1,0
69,4,1.901423538070363,-4.8429133268067472,-1.3817710657968307,5.2121910363274147,-5.3096309989909667,-3.6404272945990055,0.0499543839022,0.132063173196,5.3152309036739497e-06,0,2.6576154518369749e-06,19,1,1,1,0
69,5,5.4988449658660583,-4.0103368617135686,0.33623976916275694,1.8117219918346439,-4.6021599155480999,-0.0024203033468363742,0.15085151954,0.195686153573,1.168749257338164e-05,0,5.8437462866908198e-06,9,1,1,1,0
69,6,-0.81052193095438485,2.9993439447130665,-1.3290603006589925,-0.59496291819440794,4.3663823097973955,2.6511450908267462,2.78612664647,0.0766733981942,9.5532896209361083e-06,0,4.7766448104680542e-06,17,1,1,1,0
69,7,-1.4593311371891804,-3.5480634152141106,-0.89068937186308494,6.0845090412431038,-2.7415732139440396,-2.6167557026248662,486.251361239,28.8440164446,0.48987516008036341,0,0.24493758004018171,60,0,0,0,0
69,8,5.4961921524231769,1.7177614044494176,1.3177505330423263,4.3491697848923812,4.5784307232110244,-3.4256707687378469,1.1110832252,0.187223199797,1.1912116125628956e-05,0,5.9560580628144782e-06,21,1,1,1,0
69,9,-4.3222176040223363,1.4319505183693448,-1.4378767129403609,5.623513007427988,1.5222810069087052,2.6603321128429922,0.119547276237,0.413366369257,5.2064804744705188e-05,0,2.6032402372352594e-05,18,1,1,1,0
69,10,1.9264170841034336,0.489945030445603,0.47378961483024357,-5.2940721421798207,-1.2340867629286361,-6.2119673107384532,4.44985650018,0.026850760715,2.0020840867971523e-05,0.00024907163633208968,1.7482569523948451e-05,32,1,1,1,1
69,11,5.5617350885101144,-4.3322043065688893,0.6714083285321516,-6.2831853071795862,5.0418277238528102,1.9827174541900334,113.175176867,57.2894475951,1.0125876072373556,0.0075689999999999993,0.50652087361867781,60,0,0,0,1
69,12,5.4806766110839291,2.174677902524508,0.47955573861760975,-4.797882228380721,-4.4340498271990869,5.7115167181057291,3.52207810244,0.0169645212735,1.2492701524509949e-05,0,6.2463507622549746e-06,32,1,1,1,0
69,13,-6.2831853071795862,-4.5890241150037543,1.387898230717719,1.6017739259654551,3.1964097174699511,-5.8355375739176534,608.960871388,43.6605389023,0.95150806261732823,0.0075689999999999993,0.47598110130866411,60,0,0,0,1
69,14,0.0085895805754409721,6.2831853071795862,-3.1415926535897931,-0.061467343643526101,6.1506650411378931,2.3879240758121028,998.716038483,17.885910141,1.0948825992802069,0.015137999999999999,0.54789543964010345,60,0,0,0,1
69,15,-6.2831853071795862,-3.6797696828507251,-1.2497137725484939,6.2831853071795862,0.3283319109838036,-2.3755007299685542,516.994291998,22.1319442915,0.4164917036140266,0.015137999999999999,0.20869999180701329,60,0,0,0,1
70,0,-2.6972205209388607,3.6973761964893241,2.9075661258854781,4.3635539978424109,2.0442226008115827,6.2831853071795862,42.3176236889,0.542812718817,0.0018805354716284752,0.0075689999999999993,0.0011673377358142375,60,0,0,0,1
70,1,3.6769933543026556,6.2831853071795862,-2.4307027571769835,2.7374731758373816,-2.7753215269079261,-2.0467193068540936,56.7836141592,6.4469979173,0.01588543091077085,0.0075689999999999993,0.0081697854553854244,60,0,0,0,1
70,2,-1.6719203158855074,-6.2831853071795862,3.1089102472769539,-0.33807273896008116,5.3864336731116422,2.0340808663962959,325.786962427,50.6827142916,0.88861934276638244,0.010519400983963484,0.44462525341271014,60,0,0,0,1
70,3,-4.1437124750359864,-3.4263243756171518,2.5841666632574869,0.12912261354926727,-4.5309587387092654,-3.9122297816572389,1.88786571319,0.0388389483128,4.0235413339535706e-06,0,2.0117706669767853e-06,39,1,1,1,0
70,4,-4.2212433166065928,2.8469106187842836,2.9733057803208331,-3.3447875051186244,4.4623133242805011,-0.46153226665063751,3.63732762586,0.261502606066,3.4060991999237009e-05,0,1.7030495999618505e-05,8,1,1,1,0
70,5,5.8110604870925133,4.5326246847956577,-3.0355069930180836,1.853894145834966,-4.4856978190540611,-0.53485190133531768,326.278141891,8.12334198475,0.12655872883599933,0,0.063279364417999667,60,0,0,0,0
70,6,-2.9266802924239728,6.2831853071795862,-2.4739885894837079,-3.8522901817106865,3.9114076421542499,-2.192443737301998,18.1180953447,0.366034675294,0.00036907844226579723,0.0075689999999999993,0.00041160922113289862,60,1,0,0,1
70,7,1.8665644317641541,-3.5736239579054732,2.5832500416578137,6.2831853071795862,-4.3250814582044628,2.4457590254882713,6.63451925864,1.95282624427,0.0012056846183409499,0.0075689999999999993,0.00082991230917047495,60,1,1,0,1
70,8,-2.9911267299718771,0.2891065645835505,-2.9613746937929788,-5.879220570617,1.8259139632910875,6.2831853071795862,24.9243372274,20.9111748924,0.13382348575878231,0.0075689999999999993,0.067138812879391149,60,0,0,0,1
70,9,2.1209315990319766,5.2675915801323923,-2.5545798962362896,-3.2338918982177729,1.7856287048605388,-3.3348753819239381,2.51420311194,0.694530328192,0.00015326024607851345,0,7.6630123039256724e-05,18,1,1,1,0
70,10,3.4489509206084752,-2.5954020558387296,2.9101184668135773,-2.0732989462076419,2.3549253484687518,0.81982471191666939,2.28190098061,0.151260392331,1.2176629180299402e-05,0,6.0883145901497008e-06,21,1,1,1,0
70,11,-3.3362582890515777,-0.7903930992850301,-2.9833041608184772,0.64919148586475228,4.6235889753229369,5.4510821715392499,19.2577067196,0.162814464575,0.00037893423416371694,0,0.00018946711708185847,60,1,0,0,0
70,12,6.2831853071795862,-3.1233817244048243,2.5903553069076364,6.2831853071795862,-3.8985643900818876,2.93839791149894,242.445382823,23.3328770068,0.2246205386982725,0.015137999999999999,0.11276440934913626,60,0,0,0,1
70,13,3.1825332528948804,-2.1286847398672606,2.9766402973362425,-3.083813211031821,1.9889339927046898,-5.60901051422859,1.04670601776,0.248810718634,1.9953475161673822e-05,0,9.976737580836911e-06,52,1,1,1,0
70,14,-2.7819468006360268,-5.6784204669465943,-2.6502252393749366,3.6711060937933033,-2.439949749089029,-2.2566907410618549,2.68055112394,0.0926890974299,9.8024044572378603e-06,0,4.9012022286189302e-06,17,1,1,1,0
70,15,1.9711268779807101,-1.0331707231780158,-2.9854648690780974,-6.2802321026999959,-1.9067904519151357,5.5845158069054444,0.713817337809,0.00885963089338,5.3344554503276576e-07,0.0070638638372495502,0.00021218263789000289,21,1,1,1,1
71,0,3.2967254801296848,-3.1056890491835527,-2.1118242998640842,3.8101801429011148,0.95585912742594803,2.1128542116788198,0.0954556470514,0.859040255434,0.00022480158559010592,0,0.00011240079279505296,19,1,1,1,0
71,1,-3.3999194057712545,3.1670539913570441,-1.99977397373304,-2.8182515446098484,2.1270466024062928,1.1303412042986081,0.203831058146,0.99643322029,0.00030248983574018796,0,0.00015124491787009398,14,1,1,1,0
71,2,-1.5240289111970196,-4.3083233855424243,-2.1632426592156784,1.5007309599305674,-0.7654436755541113,3.6243400616197889,0.034168575757,0.588797352726,0.00010560664208051311,0,5.2803321040256556e-05,19,1,1,1,0
71,3,4.8527135082838395,6.2831853071795862,2.3453121355848086,-4.0097439455312527,-5.1866937167313321,0.59072375621236151,150.01211988,12.0338804673,0.066616588159261761,0.0075689999999999993,0.033535364079630883,60,0,0,0,1
71,4,-6.2831853071795862,-4.9862516293325125,3.0458284024277988,1.9560099781072959,-4.0633266993110109,1.5211089944709444,437.055165647,10.0147208226,0.22156871018925206,0.0075689999999999993,0.11101142509462603,60,0,0,0,1
71,5,-1.4019822194626315,5.9937677144918293,-3.1415926535897931,5.8877636564434965,-0.92657380169003845,1.7405086961917258,604.438415584,45.1313308085,0.98580183595815296,0.0075689999999999993,0.49312798797907648,60,0,0,0,1
71,6,2.8974575528447857,0.77545647824331942,2.3813252331118666,-2.2205263958026484,4.2053260190715145,-1.7345755330756483,0.0876807345407,0.791137983827,0.00019066752060330216,0,9.5333760301651081e-05,12,1,1,1,0
71,7,-3.1982605666441826,0.6944450685389939,2.3964097781950557,4.072745050586934,4.7621621215515653,5.7335200531269415,0.0264822144715,0.762335471376,0.00017703075089173448,0,8.8515375445867242e-05,45,1,1,1,0
71,8,2.9318092224212133,1.1225740153967323,1.9995697019657028,-5.3829819638803862,-4.3185577418586165,-4.584479635705196,0.0257261754938,0.393379432008,4.7139408697053993e-05,0,2.3569704348526997e-05,41,1,1,1,0
71,9,-3.3590541890796395,3.0313870832784868,-2.4366861887154716,-6.1864322628296939,4.2938794594236516,5.0889450195204722,0.0228474620738,0.701223664111,0.00014978536298789806,0,7.4892681493949028e-05,42,1,1,1,0
71,10,-0.59691257561936961,-1.102385182360238,2.4442556277083822,-6.0343327462425833,3.1730911444664414,6.2831853071795862,426.581590255,37.7678240931,0.61648074116545259,0.0075689999999999993,0.30846744058272629,60,0,0,0,1
71,11,4.8507551756150331,-4.3440751781647817,-2.1078615048202058,-4.7651194150782779,-1.0253099349235419,-3.3266515391630964,0.0317470378725,0.258998594582,2.0434827248290819e-05,0,1.0217413624145409e-05,23,1,1,1,0
71,12,-6.2831853071795862,5.9229669359539479,-3.1415926535897931,6.2831853071795862,2.0359465925890072,-1.158047749931377,679.8530039,43.5049786416,1.0387443695978724,0.022706999999999998,0.5200533947989362,60,0,0,0,1
71,13,3.1003328480078851,-5.1828034705546466,2.0110617418000665,0.99518258993305664,6.2831853071795862,-5.0841331190103434,121.004635227,55.8115564271,0.96350400962749516,0.0075689999999999993,0.48197907481374758,60,0,0,0,1
71,14,5.1703922515938006,2.3867466081221176,-2.3428296652845195,5.168122933853514,-4.3809802432905256,0.25603618437546799,0.0403693855395,0.661529931741,0.000133308868656224,0,6.6654434328111998e-05,14,1,1,1,0
71,15,-3.2690424709434156,-5.4363453720358059,2.1641378842255961,5.0153930874571353,-1.7172559058812402,-1.6522054365497902,0.0478101899939,0.0402079656093,4.9475485632188749e-07,0,2.4737742816094375e-07,14,1,1,1,0
72,0,-1.2688886206372934,-0.28433697265114477,0.52303810628995817,-5.1445534298194184,5.0162184092856688,3.6766133514283288,1.22012910251,0.00259162702187,1.4907609990260154e-06,0,7.4538049951300771e-07,13,1,1,1,0
72,1,-4.1112644092493662,-2.7875584125254345,-0.41935929619617895,2.792796919555212,-4.1667640942154431,-3.185449208606868,0.78540156595,0.632525492062,0.00012249078159986919,0,6.1245390799934596e-05,31,1,1,1,0
72,2,-4.1312937478149969,2.5140534316352534,1.3770585071291521,4.0226545885927916,3.8747033074245891,-0.059691870641803507,2.16089140458,0.451073722192,6.6649197391540374e-05,0,3.3324598695770187e-05,26,1,1,1,0
72,3,-6.2831853071795862,-6.2831853071795862,-3.0455092687625083,3.4911195376265138,1.8864049844456428,-2.767117103238752,1140.80710225,0.835348905988,1.3016534089551453,0.015137999999999999,0.65128084447757262,60,0,0,0,1
72,4,-3.3906338238334062,-6.2265024106413147,-2.9914782292512969,4.8007079075071601,-3.1477357644233654,-2.224923619093226,938.908495881,34.1895518387,1.2376242196398688,0.00091912676230914857,0.61883968362280373,60,0,0,0,1
72,5,2.1330563913839606,2.9067744993864539,0.58012894063565534,1.0372501415807582,-3.4485931997545838,-3.8030407370929118,4.10639650968,0.531428808936,0.00010289150188455495,0,5.1445750942277477e-05,13,1,1,1,0
72,6,2.172412958842131,2.9657737886557647,0.44552878009010721,1.4983345814949163,2.1107085085024324,-3.0472338437427307,0.414217897798,0.029393017604,4.3475052945863257e-07,0,2.1737526472931628e-07,21,1,1,1,0
72,7,4.9916582527938163,-0.49217914362651005,1.102133986048246,-3.1547893767201223,-5.2918386056224058,0.23494376519891386,0.0553429851274,0.299269752416,2.7285325386620775e-05,0,1.3642662693310388e-05,23,1,1,1,0
72,8,-4.1484107863703557,2.6342201964229108,1.0140657430544207,6.1050861243583583,2.7776581125445694,1.7147573569933356,0.231535926172,0.325708241769,3.2369209455327439e-05,0,1.618460472766372e-05,10,1,1,1,0
72,9,-4.1167645143671336,-2.7437700655749051,-0.87927183492797001,0.27217342237894654,4.0810077109433989,6.2494876526924834,3.68537004156,0.187628577342,2.430585113036577e-05,0.0028411400371762693,9.7387126680470958e-05,10,1,1,1,1
72,10,2.156173568359784,3.0799837073835787,0.38927236351090705,-4.1679195799989301,2.3400007134035787,-3.1365074873401193,0.203517317059,0.748164795174,0.00017055119083454133,0,8.5275595417270663e-05,16,1,1,1,0
72,11,4.9879534726845183,6.2831853071795862,-2.4966139791102471,-6.2831853071795862,-5.1793859255744152,-5.9775636548483186,933.823536153,2.72319030177,0.87428536800075696,0.015137999999999999,0.43759682400037847,60,0,0,0,1
72,12,-1.2572555193701398,0.65389137618860904,-1.2950764302995474,-1.3308896490273376,1.3990178738247401,0.47270653458435186,1.89840074211,0.761190252328,0.00018010248741942656,0,9.0051243709713281e-05,41,1,1,1,0
72,13,-1.0346906819103083,5.9902462443059488,-3.1415926535897931,-0.061138683968466057,3.2089806906313201,0.81017404175322316,1034.63572199,57.1785429203,2.0663829349098637,0.0075689999999999993,1.0334185374549318,60,0,0,0,1
72,14,2.1734737329188145,-2.9076421625440014,-0.33961748655671997,-4.1389528323671181,-4.1852708203603397,3.2025757002490409,0.236001139552,0.0321361113111,3.7028397925119878e-07,0,1.8514198962559939e-07,16,1,1,1,0
72,15,5.5337202880909162,-3.6655119266056588,3.0556643249715822,4.9601530377211276,6.2831853071795862,-6.2831853071795862,1102.23296256,24.7243280099,1.4011278160182634,0.015139148479550543,0.70101808246351827,60,0,0,0,1
73,0,4.5735782357928301,-4.8846853664014533,2.6628381635143619,6.2831853071795862,1.923294873464632,-6.1231485708095121,84.4714026338,19.7424256704,0.12586413037109037,0.0075689999999999993,0.063159135185545182,60,0,0,0,1
73,1,-6.2831853071795862,-0.87170670119355098,2.7167581994563723,5.6507215056814584,-1.9271542730233764,3.3107430877271513,13.5315105263,2.39029263366,0.001923533062228611,0.0075689999999999993,0.0011888365311143055,60,1,0,0,1
73,2,-1.0083226576943778,-2.9745956254582868,-2.7924133525632406,-2.5476112119890133,1.5829988752832724,-0.98178688221836652,4.52990223728,0.943680646931,0.00029179192874621189,0,0.00014589596437310595,8,1,1,1,0
73,3,-1.8325756821874539,3.8078828721348508,-2.6470763235644665,3.3326660158392976,-4.2356366351409047,-6.018255933305074,48.2337620871,1.03129755072,0.0026504791670962937,0,0.0013252395835481468,60,0,0,0,0
73,4,-0.35622083461005638,-5.977882871770225,2.9683692482285999,6.1573616641366442,-0.71952182282864086,1.4990578868366735,96.3941333288,1.29144031718,0.0097998753843218534,0,0.0048999376921609267,60,0,0,0,0
73,5,-1.0948261961222396,1.8105232907958178,-2.9649846082572808,-4.0508184495487516,4.6184797443503598,2.2394443611874801,0.928507547805,0.483916332497,7.2195915679947864e-05,0,3.6097957839973932e-05,12,1,1,1,0
73,6,5.2786377687102437,-5.2742080009397849,2.7885598585395615,0.57816234605354422,-4.8479610565819806,-0.36732928950396265,17.3490112915,0.228377949597,0.00031687596755098453,0,0.00015843798377549226,60,1,0,0,0
73,7,4.8510943867644798,1.7976508132508306,2.7074400865134054,-5.3675832055879278,-4.8222174369386366,-1.7985449609816819,47.8194906368,36.6237669826,0.4108701426663266,0,0.2054350713331633,60,0,0,0,0
73,8,4.8842438866153328,2.5547538027806884,3.1415926535897931,-4.6369626518052938,4.7470252972677027,-3.2994326985966764,97.151270076,8.26530968269,0.030248413144409861,0.0075689999999999993,0.01535127657220493,60,0,0,0,1
73,9,-0.63225065975380357,4.5451217320563551,-2.9891464202286055,4.2861860218654808,-5.7317824503664863,4.2109561700187275,79.5769573243,18.3309035666,0.1086906545565435,0,0.054345327278271752,60,0,0,0,0
73,10,4.7848380845645941,3.4796538431556439,3.1415926535897931,0.70740258368845199,5.158549957332828,-3.3626289758616008,128.721839584,8.68424985321,0.039542398873242603,0.0075689999999999993,0.019998269436621301,60,0,0,0,1
73,11,-6.2831853071795862,2.3514528869387359,-2.8039566670492468,-1.8944058247010656,1.9920703690573354,5.8833584061437287,4.38796763718,0.980852277037,0.00031231790334160562,0.0075689999999999993,0.00038322895167080282,40,1,1,1,1
73,12,-0.75252255771549881,-4.6977876179804667,-2.8892216939404163,2.287245472967133,4.7624781384063466,1.750479397074197,3.63891584472,0.295339777224,3.9812140865625111e-05,0,1.9906070432812556e-05,23,1,1,1,0
73,13,-6.2831853071795862,1.2413269043709563,3.1415926535897931,-3.9393865718733241,3.1762076274998323,-0.64924377754498253,184.99297248,56.538594678,1.0079663089937241,0.015137999999999999,0.50443729449686203,60,0,0,0,1
73,14,-2.5655702533603404,5.970074685820995,-3.1415926535897931,-2.0529289578696797,-2.1486519051211319,-1.6593802434001099,171.259299704,21.4915502403,0.17002849218909183,0.0075689999999999993,0.08524131609454591,60,0,0,0,1
73,15,-0.37947336780221258,-3.5021958101325485,-2.8703640608237566,2.9872293811689095,-0.98456050487741675,-5.1338262154312977,61.7317532276,1.78842451925,0.0047851166777965869,0,0.0023925583388982935,60,0,0,0,0
74,0,-1.0536746381220572,5.4521694823513549,-0.80455236152513854,-3.5292128157178126,4.3477033609317584,-3.6411808797536569,0.10044437741,0.0404460028238,5.0840635700954104e-07,0,2.5420317850477052e-07,17,1,1,1,0
74,1,5.2862076572689638,-1.6810479742516569,0.96668853316727643,2.1700745455113806,-2.0941425789756591,2.6925070170698362,0.799053343252,0.0239206117978,8.1278701359983578e-07,0,4.0639350679991789e-07,17,1,1,1,0
74,2,-3.2945831853277112,3.8382167053605194,1.2905222200468258,-2.5946061261456284,3.9735768591610094,5.6306274438510524,0.0449585836903,0.766346545509,0.00017889988036118008,0,8.9449940180590042e-05,14,1,1,1,0
74,3,-6.1008995071483829,-2.2105178760822208,1.6048929114186774,3.0124947881214372,-0.55956593162469292,0.17533421311987657,456.215885109,25.6422903904,0.40842712920588642,0,0.20421356460294321,60,0,0,0,0
74,4,5.2204815529563824,-0.73954530300792254,-1.3224278127366054,6.2280215115432922,-4.4110667229420226,-0.37518879231400204,4.8818038453,0.0774434918925,2.5658950064375737e-05,0.0010135439082876504,4.3235792280817377e-05,59,1,1,1,1
74,5,3.1481231558117346,3.9973568787495206,0.76328363715111613,0.49559647418960007,1.8364496482383399,-4.4410928524037141,0.243760777576,0.0606247594915,1.1789984424489051e-06,0,5.8949922122445257e-07,14,1,1,1,0
74,6,-1.0133780310651945,-1.6750396846987647,0.95320289078026466,-4.1464346589963137,4.2352148449790503,2.7653210802021397,0.276905613657,0.000145761812609,7.6683190930734824e-08,0,3.8341595465367412e-08,19,1,1,1,0
74,7,-6.2831853071795862,-1.1361476319498638,-1.0341204137513758,-6.2831853071795862,4.3499461557150765,-0.96006421243443085,310.220260374,40.9600649009,0.60730145441479155,0.015137999999999999,0.30410486720739577,60,0,0,0,1
74,8,-2.9834978886494454,-1.4506632184158914,-0.93673750605166162,-5.14489121811771,1.473731057836392,2.0919529477313308,0.123529669927,0.35894137518,3.9261836160177646e-05,0,1.9630918080088823e-05,49,1,1,1,0
74,9,-2.9661652840861499,4.7276651214469254,-0.67927547788529985,6.2831853071795862,-4.6457142100997304,0.87418950582342525,190.366701929,53.5585075151,0.91003873141885949,0.0075689999999999993,0.45524643570942974,60,0,0,0,1
74,10,3.2914232663752743,-1.3576621783726346,-1.1582352670732468,6.2831853071795862,1.5147412561408813,0.81982463475950784,138.440519688,57.22449273,1.0166789473416908,0.0075689999999999993,0.50856654367084542,60,0,0,0,1
74,11,-1.5044214876839916,-6.2831853071795862,3.1415926535897931,-5.9740643993442006,-2.393521462657564,4.0658326456030833,967.012790418,34.6397665235,1.3006282682618817,0.015137999999999999,0.65076827413094085,60,0,0,0,1
74,12,5.0382008461203922,-0.90816476576585092,-1.2082735274861247,-5.6264398433859784,-4.8131286000034921,-4.9916939665827433,0.0237676840621,0.939891438242,0.00026909834938764176,0,0.00013454917469382088,46,1,1,1,0
74,13,3.3731037593471069,-5.3182256169216187,-3.1415926535897931,6.2831853071795862,-5.4745333979269706,-3.4288422121068858,1000.33680739,11.6687090053,1.0421500613673302,0.015137999999999999,0.52152917068366511,60,0,0,0,1
74,14,-1.0115759370041131,4.254614694343287,1.2315401706568376,5.451998049725673,2.035067881495205,-0.16767185815846558,3.29852735364,0.958936911175,0.00029099427712384935,0,0.00014549713856192468,22,1,1,1,0
74,15,5.2937155753762823,-0.9552122598295435,-1.0803869428276327,-5.9170684283704622,3.052185631045762,-1.7781857453389796,56.7485636899,1.14884967398,0.0036224504801327341,0,0.001811225240066367,60,0,0,0,0
75,0,-5.0862313758561601,-3.2724101081214778,2.4588620331782196,-3.9251093997784077,-5.5420971168449116,6.2449058851421331,2.80100557781,0.00839162757799,7.8670832269312919e-06,0.0023736947170046041,7.5144383123603762e-05,45,1,1,1,1
75,1,-3.5772677137132418,-5.9742835618507835,3.1405987969552331,-5.197319138815315,0.33498450446410133,-1.9030836550367276,257.778063362,27.7829031121,0.30158058034974639,0.0073970566965966223,0.15101220187577108,60,0,0,0,1
75,2,3.0581082255891099,4.7221266932609058,2.4826019920011282,2.1959353694083732,0.40778577177426006,-1.5003422982406631,0.84283232009,0.408007515443,5.1420068601640758e-05,0,2.5710034300820379e-05,57,1,1,1,0
75,3,6.0834818343153962,3.4505218617490256,3.0083059095358378,-3.3358527786757781,0.91404579253552332,5.9054467772453227,541.985664752,29.3588197355,0.55631048985398446,0,0.27815524492699223,60,0,0,0,0
75,4,3.3077317282799035,-1.9688292144427557,2.6016509144914752,-1.8408518095194888,1.5763916561675144,-2.8937845477316664,0.0249297672795,0.224722665608,1.5383885400295278e-05,0,7.691942700147639e-06,7,1,1,1,0
75,5,-2.8289386922027151,0.37880080812319605,-2.5366380803868442,-0.10870954339290215,-2.2843749057782885,6.221222574698726,4.7955871062,0.0314261401542,2.3298496552958588e-05,0.0006268647648249695,3.0455191221228378e-05,32,1,1,1,1
75,6,2.9643516741913447,0.4387646344932028,-2.7291458946139144,6.2831853071795862,-6.2759681839529211,-2.1649333690602233,40.4049366887,0.276419326324,0.0016558340081784565,0.013934307426229137,0.0012459462268761025,60,0,0,0,1
75,7,-5.4572452844656452,-3.4538642614391022,2.4846624781767077,2.9247050012579865,-3.8622807069935741,3.5416875242983048,0.124680392708,0.899576031033,0.00024652324298350643,0,0.00012326162149175321,9,1,1,1,0
75,8,-2.7165009885880735,0.57762844029787053,-2.113802386894251,-2.9605254972942503,-6.2732120344632838,-6.2831853071795862,193.415819259,11.3467844417,0.076629024857522487,0.013502116716037117,0.038719575930242355,60,0,0,0,1
75,9,1.2446142259294115,5.1528168827189536,-2.2980655159615364,3.2909260077014304,5.7757653702782399,2.6687028889468016,0.157249083097,0.199656053364,1.2167551246953568e-05,0,6.0837756234767841e-06,17,1,1,1,0
75,10,-1.657501441192426,6.1812914856786527,-2.7688769601135612,2.9988911694484286,-2.901465459299589,4.5377792392729557,479.747815883,26.7102529973,0.44748349236007995,0,0.22374174618003997,60,0,0,0,0
75,11,1.1848527437164409,-3.61696137956777,2.1859130210325231,5.7237627526136707,5.4388087407379428,-2.6153299069086238,0.0107751790274,0.577586744907,0.0001016224514855316,0,5.0811225742765801e-05,21,1,1,1,0
75,12,-2.8160497281450159,0.28708364714545725,-2.0830005427502747,-3.3771279064552244,2.2869146627275843,-4.009060372081235,0.0137056046599,0.475506016835,6.8876005646693056e-05,0,3.4438002823346528e-05,11,1,1,1,0
75,13,-4.9904816725421357,-3.845643836083811,2.559297525624618,-1.9141627708536946,6.1931356473367245,0.26967112969063001,4.07164231493,0.029979449835,1.6852051350849111e-05,0,8.4260256754245553e-06,35,1,1,1,0
75,14,3.0652391443943641,-6.0470493789350099,-2.2153738611876594,2.7631328240666511,-5.8181127034039957,1.050890090431658,0.122922848315,0.380999527605,4.4233569648741963e-05,0,2.2116784824370982e-05,16,1,1,1,0
75,15,-3.3213047490949337,6.2831853071795862,-2.823964803993122,5.1606710801259918,0.048088139597092419,-6.0853769885667734,307.389674942,33.9991031041,0.44660757149046698,0.0075689999999999993,0.22353085574523349,60,0,0,0,1
76,0,-3.7933019470399412,-2.1789189804311815,1.3395874674580277,-4.0732997125787866,-0.66991730463538579,3.8096792692273134,0.000650226806641,0.568018958497,9.8283451473922192e-05,0,4.9141725736961096e-05,19,1,1,1,0
76,1,-3.2824032960780882,-2.335410590438447,1.5042195117680257,-1.4259099077235833,0.30866644926820069,1.4311277284280777,2.36618687496,0.424070602452,6.0379980818016688e-05,0,3.0189990409008344e-05,36,1,1,1,0
76,2,-3.1365061233691294,3.9939745191662048,1.5459152879726088,3.936015315132503,5.7505852367348025,-3.5279549043560694,0.104376798626,0.559321168313,9.530745970092266e-05,0,4.765372985046133e-05,26,1,1,1,0
76,3,1.5819198728837249,-2.5720655264991561,1.3846577707838807,-1.5142560342080318,3.2504188696799372,-3.3137924866281292,0.446296205884,0.927371198775,0.00026217544348278621,0,0.0001310877217413931,7,1,1,1,0
76,4,-3.2786244787543044,-2.3251971731585255,1.5311656989157763,4.6591922343823251,-5.9476914906918452,-4.6653697409789352,0.399443393854,0.0755420482642,1.897885114309969e-06,0,9.4894255715498451e-07,52,1,1,1,0
76,5,-4.1275001186208735,-6.2831853071795862,-1.8768111927213371,6.2831853071795862,-0.39485822681157906,-6.2414634663670956,837.141221998,56.2121813474,1.6633383912494739,0.017188111699409436,0.83218483897571927,60,0,0,0,1
76,6,-4.6598869101705036,-2.2194407362877144,1.092767530347627,-3.582555057006318,-3.6339343228984524,6.1551406822686863,0.0377985625312,0.732469215967,0.00016343207164357405,0,8.1716035821787026e-05,47,1,1,1,0
76,7,6.2583312447723767,5.4933004135302763,-1.5182010227752942,2.3078508795851835,4.2624551164860307,5.9742159475020262,429.935343443,3.73121463636,0.18908527188585048,0.0038621175592870038,0.094658499469703852,60,0,0,0,1
76,8,1.8758580050662199,4.1823951167628177,0.89325526647419773,1.3545268288301624,-1.8340402705012899,5.3615745597219613,0.484942102685,0.0322081344172,5.5116796444918639e-07,0,2.755839822245932e-07,21,1,1,1,0
76,9,-4.7048396101677934,-1.3152055930223883,-0.87780388728209535,-3.4567776507096126,3.0842189607729846,6.2441825034660949,0.513154989536,0.652185590836,0.00012983114275545257,0.0023037308513656441,0.00013402749691869561,15,1,1,1,1
76,10,1.5852786457431733,-1.4915723985931029,-0.7684448883943612,-4.7929136264967109,3.2603460243829376,-1.6257083954213898,1.17259331481,0.327161778346,3.3979648583286099e-05,0,1.6989824291643049e-05,7,1,1,1,0
76,11,1.6116859915064499,4.8099994190536011,-0.90730462075662976,0.84906170843692375,-2.7169232602267535,-3.0766296533236011,0.0306461969319,0.790555234061,0.00019037999645500167,0,9.5189998227500835e-05,25,1,1,1,0
76,12,3.1693862487658211,-1.0606897705221348,-0.82379872523392317,1.8402330246681777,-0.5894432207164777,-6.2073247791651065,1.40876146549,0.581554690687,0.00010500800476666175,0.00012408783611619071,5.6226637466816597e-05,17,1,1,1,1
76,13,3.0696237008171785,-0.7856733279251199,-1.5674790407951347,5.9943573234102203,-5.8622714417448485,1.781935627222246,2.9931051048,0.179667146229,1.8791814818007747e-05,0,9.3959074090038737e-06,18,1,1,1,0
76,14,5.2999023947917872,4.2337150067188141,0.93377841019082031,-5.9784916616924608,3.752229490251048,2.6485099951015081,318.508630125,47.0029020167,0.77443072679356473,0,0.38721536339678236,60,0,0,0,0
76,15,-3.0778081603313829,5.5256333019158861,-1.5671720235431179,-0.12334797861199634,0.6245759926762624,0.47990927225767721,0.0973512914619,0.725519789151,0.00016035367925461026,0,8.0176839627305128e-05,11,1,1,1,0
77,0,0.90109058389846153,6.2831853071795862,-3.1200711855872267,1.2849314361721311,-4.3529219481963493,-1.2633936540627266,382.115321428,12.1381475182,0.19089281223523605,0.011856438152538937,0.095802099262194199,60,0,0,0,1
77,1,-6.0211722211884648,-3.6938527781215362,-2.4632980391242509,3.5866438323509486,2.0492739136692419,4.7146325314972195,3.23175579614,0.0303482086239,1.072480236307896e-05,0,5.36240118153948e-06,32,1,1,1,0
77,2,5.8644675020732402,0.064350616401506522,2.6344812456049143,4.7714690521744814,4.2990796834838996,-3.4293433438031879,4.8112202112,0.266008763498,4.4702770280054666e-05,0,2.2351385140027333e-05,30,1,1,1,0
77,3,-0.772002434358251,2.6959342738845864,-2.9657597311836623,0.34034453587516955,4.240210387171568,-3.3875476563365301,38.5785674153,0.0532437699068,0.0014891694234435008,0,0.00074458471172175039,60,0,0,0,0
77,4,5.3654063749407488,1.2003125985466978,2.6576655027948441,-4.5531258653589433,2.5573427825670283,-5.9701314129862437,3.20619206448,0.840519868379,0.00022548384770282475,0,0.00011274192385141237,57,1,1,1,0
77,5,-5.9167878680896449,-6.0740264453584967,2.5112004965172834,6.2831853071795862,1.2682385672073753,-6.1704282477052717,133.319763977,21.2877708437,0.15581738808854084,0.0075689999999999993,0.078135764044270417,60,0,0,0,1
77,6,0.13020250738169847,-4.0582695919098475,-2.5799988798815821,-4.7498366126524587,-1.9552613684483058,-4.0266025611864853,0.68702455449,0.00513626278539,4.800389101455827e-07,0,2.4001945507279135e-07,29,1,1,1,0
77,7,-0.8326021842372362,-5.6226908734175272,2.4696894534216751,5.7962026529192805,3.8453564405628038,-2.8249159015129268,0.343186137985,0.839360452958,0.0002147286598763946,0,0.0001073643299381973,41,1,1,1,0
77,8,-1.2790147803197296,-2.8074360239285396,-2.5047850875023059,3.8603401393628305,-3.4804809701257278,-5.9331853071795866,35.0060298015,2.22894429197,0.0027388201505470114,0,0.0013694100752735057,60,0,0,0,0
77,9,-6.2831853071795862,6.2831853071795862,2.5046338625483604,-5.7537724336794014,1.3514714166590809,0.051743041829687635,69.9958772383,9.46485919278,0.032188135592466659,0.015137999999999999,0.016548207796233328,60,0,0,0,1
77,10,-0.50826467191322489,2.2699688660786674,-2.8835026961884402,0.88857993637948218,-1.5789581456120867,-2.9132959152695466,53.4403246176,1.3625024265,0.0034213639913755508,0,0.0017106819956877754,60,0,0,0,0
77,11,-0.91901944862177365,-3.5386293505823105,-2.5888212884142172,-4.628822194042467,-2.5910157843985004,-3.1003086974718719,0.479006616566,0.148033477384,6.9048061902258513e-06,0,3.4524030951129257e-06,7,1,1,1,0
77,12,-0.035579148254291336,-5.55354771326438,2.5192581380958878,6.2814323517484896,-1.6969071996321357,3.1246914875593554,26.5463134868,0.324363097912,0.00073675599081472678,0.0072670586077325915,0.00058638975363934113,60,1,0,0,1
77,13,-0.71191087372854811,3.3661528231255393,-2.5293433574210744,-2.1431203773447058,2.2800995993177131,-6.0615919401953349,3.29264289723,10.00166841,0.030482748858935687,0,0.015241374429467843,60,0,0,0,0
77,14,-6.2831853071795862,-0.10460849096916663,2.6094555322234987,-1.4010677136147884,-1.9295010290553212,2.3749612307154706,1.17000480985,0.191903105278,1.2586996603061533e-05,0.0075689999999999993,0.00023336349830153076,18,1,1,1,1
77,15,6.2831853071795862,0.091798261717817603,2.4026763140741592,0.291631304043385,-6.2831853071795862,3.8991456187251359,168.558062068,34.7991726285,0.39729815914421712,0.015137999999999999,0.19910321957210855,60,0,0,0,1
78,0,2.0036368600275347,3.3235175869559841,-1.8926377080925878,-1.6777762547265627,1.2516674816040032,-3.1911587379466595,3.33157708889,0.524215597609,9.4808879891121055e-05,0,4.7404439945560527e-05,26,1,1,1,0
78,1,4.4493880756412851,-6.0693244958325412,1.5950584889328763,-4.557743735700881,2.1562373974232258,-5.4512390389165111,0.0995274098501,0.296991191562,2.6878309887883291e-05,0,1.3439154943941645e-05,23,1,1,1,0
78,2,-1.7430604612742178,6.2352365755915455,1.7016123677896056,-0.35774863053920203,-2.8363232778765726,-2.1453144030096132,4.97100705935,0.0418600891464,2.5244682255760992e-05,0.0015250015645828902,5.8372388065367204e-05,52,1,1,1,1
78,3,1.8352434212855706,-4.7974783402754211,1.5601220711418085,-6.1744425217061822,4.2397465358007889,-0.23153415304875175,0.308441583001,0.966020697914,0.00028436289047286772,0,0.00014218144523643386,25,1,1,1,0
78,4,1.7962554361028464,3.1639114827636168,-2.2465735401147833,0.3944675087799332,-3.9762484257964532,-3.4835637379994089,81.1514941655,50.6126107471,0.78690462544240569,0,0.39345231272120285,60,0,0,0,0
78,5,-4.1787052256991082,3.3078101211169955,-1.95744039808911,-1.6506766455456254,0.72490107410538751,2.9608380600464366,0.0520963881866,0.489007434464,7.2845350931937126e-05,0,3.6422675465968563e-05,11,1,1,1,0
78,6,-4.1785357000053329,1.4346507784678391,1.9897800425345622,-3.6035678463687066,-5.5592347157166841,2.7845066403048708,0.103092650954,0.590253562628,0.00010613911422798572,0,5.3069557113992861e-05,34,1,1,1,0
78,7,4.4877131319476122,-0.037917579413208821,2.1238310041458295,-3.5854032377417182,3.9513276698865831,-6.2108282563745174,4.16777769994,0.496518972116,9.246803538903206e-05,0.00021441596112533543,5.2666496528276096e-05,20,1,1,1,1
78,8,0.90004821308208172,2.9165135321682212,-3.0655853834256135,-2.7363573648653579,-2.0325375525308891,6.2831853071795862,833.838354565,1.73695282928,0.69620543386201661,0.0076898401092433339,0.34833341213428559,60,0,0,0,1
78,9,4.4063202598545583,6.2831853071795862,1.5961850641698361,-4.8065890815944288,-4.3553880637166626,-5.115228395509007,113.171602702,8.92490670337,0.037071795326642745,0.0075689999999999993,0.018762967663321372,60,0,0,0,1
78,10,-1.7507692545667244,-4.6931009290246699,-1.804829956095136,1.0152316941248611,-2.8212362434775549,3.592579563418794,0.0542073738784,0.147365572539,6.6181967441069147e-06,0,3.3090983720534573e-06,51,1,1,1,0
78,11,-1.8810494253528247,0.078909592243526616,1.5592207175404382,6.2831853071795862,2.5350626052573459,0.18227347318767687,124.853254256,55.9732781881,0.96995710896992904,0.0075689999999999993,0.48520562448496452,60,0,0,0,1
78,12,-5.3495933909139701,2.5828085502130671,-3.0079103229532507,0.63572127212286555,6.0405057444761194,-6.1522023437729771,704.349880543,51.0399951416,1.2896618384729117,0,0.64483091923645586,60,0,0,0,0
78,13,2.0515000919057864,-3.3672443477459035,-1.6363607691348809,1.5150211660107016,5.263890279451954,0.002982505056033969,0.106362140799,0.270412076117,2.2285758337844618e-05,0,1.1142879168922309e-05,15,1,1,1,0
78,14,-4.3356052401192411,-2.9650815899576415,-1.8559820633282254,4.5349259534629205,-4.7764144478911348,-2.76964596026983,3.78932776239,0.822450992744,0.00022041003664407253,0,0.00011020501832203626,24,1,1,1,0
78,15,6.2831853071795862,-5.8106965589674973,2.0023804890364114,6.2831853071795862,-4.4362662971377329,0.77161171352841951,592.771596568,57.267886052,1.3504047372329406,0.015137999999999999,0.67565650861647031,60,0,0,0,1
79,0,-2.3745556049536285,0.45539373167860131,-1.3438114634703802,2.5322677148344184,5.4648289626855187,-2.2162297844175125,0.127259658258,0.652069625594,0.00012953793687439573,0,6.4768968437197867e-05,13,1,1,1,0
79,1,-2.4100908487991743,-1.1762486972356734,1.5325520609793855,-0.6390256038711527,6.14175473230683,-0.60022341678813362,0.0119429411349,4.19415007197,0.0053584931363339266,0,0.0026792465681669633,60,1,1,0,0
79,2,1.219259291346801,4.2777215475868617,-1.8508820719126313,-1.0146642473186296,-1.7755563504676255,-5.9698661319863904,0.411167642589,0.0911538760942,2.7001338439100872e-06,0,1.3500669219550436e-06,29,1,1,1,0
79,3,-2.38377248112899,6.2831853071795862,-2.3695621421681321,-6.2831853071795862,0.71046013032629451,-5.8042962263532774,621.634800395,16.9410879806,0.47385516526474486,0.015137999999999999,0.23738172263237242,60,0,0,0,1
79,4,-5.1191949852702177,-3.6600053464501028,1.4182711698398407,6.2831853071795862,2.4664014014307707,2.6659858130228433,15.6637362522,7.0646276095,0.01544849224613735,0.0075689999999999993,0.007951316123068675,60,1,0,0,1
79,5,1.2822083971533391,2.5550349852449918,1.8750921398064211,-3.221425968744617,-1.2087564211673361,0.82911550288737323,0.129478380894,0.715637775263,0.00015602274574739815,0,7.8011372873699076e-05,14,1,1,1,0
79,6,-5.027838177471879,4.0251339795617893,-1.5853443836659351,-4.827917731080098,-4.8311029098402614,-1.6914531205685579,0.0179907363491,0.829075557023,0.00020938406610114961,0,0.0001046920330505748,39,1,1,1,0
79,7,5.6894524453823223,-2.6782388924584262,2.8764927059626313,-5.9818066675630197,3.7643732133862553,-0.34261831498912365,944.629245398,55.3376597757,1.8251411122635433,0,0.91257055613177163,60,0,0,0,0
79,8,-5.0355582481851977,2.8328334291848942,1.1559214483782629,1.3437736113227401,-4.7626013368715956,2.7409926877620623,0.0536454357247,0.98693121378,0.00029671036431891217,0,0.00014835518215945608,19,1,1,1,0
79,9,3.9784178530209995,0.68854734208939083,-1.8762701768538299,-6.2831853071795862,1.4384334837917632,6.2831853071795862,68.8451665049,32.6791676322,0.33004912795633007,0.015137999999999999,0.16547870397816503,60,0,0,0,1
79,10,1.16515902573805,4.3301001041072746,-1.8066074095455107,4.9458984039728513,3.8852030104866131,6.2396227586598139,4.85415346592,0.341177864197,5.9020984821020456e-05,0.0018868121910971289,8.6114858143424087e-05,20,1,1,1,1
79,11,3.9416917897817836,-5.6880504281866706,-1.8863090118998656,-6.2831853071795862,-5.1353538299645187,-5.2239460965754478,9.56190087432,0.486301692704,0.00016346871976910692,0.0075689999999999993,0.00030880435988455345,60,1,1,0,1
79,12,3.9804016584300781,-0.78955327553845289,1.2084553821927924,0.81653761274805325,-1.5158492194663948,-2.9698379201905043,0.0368648300615,0.357374277409,3.8905991374900189e-05,0,1.9452995687450095e-05,20,1,1,1,0
79,13,-5.1120070430201912,-3.7227604185881753,1.826337979812422,-3.0559729066749917,4.0728374690988138,-6.2192755485754105,3.01947586911,0.461869060446,7.4099145198531485e-05,0.00053315924771743821,5.3044350030788888e-05,20,1,1,1,1
79,14,2.3267716825652105,-6.2831853071795862,3.1415926535897931,-2.8572980500719014,4.7824849017472308,-1.2543762983370494,727.946213978,6.00452397482,0.54088846076995933,0.015137999999999999,0.27089837038497966,60,0,0,0,1
79,15,-5.0338610312040739,-2.3431474085174346,-1.3330545085813215,1.9994528050202403,-4.7799453363515099,-2.7627055898079096,0.327840387108,0.0105922445238,1.4165606702200098e-07,0,7.0828033511000489e-08,13,1,1,1,0
80,0,-2.2121135422432214,0.28447640439273136,2.0697502514384749,1.3076143135646272,-3.4806691205937708,4.2113195156890697,0.12945264805,0.956010706062,0.0002784238197090324,0,0.0001392119098545162,14,1,1,1,0
80,1,-2.3021733663661825,2.3968126562885104,-2.4880090514954665,6.1479734111640818,2.3996948601554364,5.372442748972154,0.0436419856685,0.46593237102,6.6132206327610172e-05,0,3.3066103163805086e-05,9,1,1,1,0
80,2,-3.8435404928224455,3.1718371674020496,-2.4806496872798025,-0.69786940177143186,-5.2286537317978281,6.2831853071795862,0.0599273543258,0.796048244938,0.00019303745947985031,0.0075689999999999993,0.00032358872973992515,25,1,1,1,1
80,3,3.7701780365734665,2.4297461092675654,-2.5384300897105994,-6.0765826075151166,1.8666309502434442,-1.7718668852077295,0.00507582556489,0.911598436264,0.00025314066837209032,0,0.00012657033418604516,11,1,1,1,0
80,4,2.7567668927560147,-5.9952326936470106,2.5558942442330714,4.4273932567667371,0.81476025898491022,-0.99452803313408011,0.255244363423,0.580459535727,0.00010270089382971931,0,5.1350446914859654e-05,9,1,1,1,0
80,5,-3.4426274154935004,2.9781659467115076,-2.4683076837024469,4.3684137145386668,5.529114195553702,-4.3594807881811839,3.54104186533,0.867886770763,0.00024198517886856295,0,0.00012099258943428148,32,1,1,1,0
80,6,3.7005145568554356,0.45193289007719811,2.198432292335021,-5.4295862474746448,-1.7263218534552294,-1.570077028795317,0.313233194328,0.0358804930995,4.902824809620333e-07,0,2.4514124048101665e-07,12,1,1,1,0
80,7,3.8135733631513369,-3.7096676490290679,-2.4086052047922877,-2.1073622318114422,-1.9543552214310533,-4.9764273864718014,0.781412850636,5.95764333849,0.010812553305168154,0,0.0054062766525840768,60,1,0,0,0
80,8,2.4959175528960169,3.0897454255279215,-2.5357615289449362,5.9452949277459917,-5.3678573266497072,6.2506607075965528,6.02536627403,0.18793184582,4.7063632118715241e-05,0.0029675692505888394,0.0001125588935770228,60,1,1,0,1
80,9,2.2142860498903532,0.5653626272746568,2.5586646954838153,-1.894769255869871,1.3511313443085704,-3.4982643279572549,0.02387679722,0.648199236883,0.00012798931080015271,0,6.3994655400076357e-05,11,1,1,1,0
80,10,-4.1557071287767773,3.5811395880333889,-2.3757358088406271,3.6091274409466592,6.2713764630854349,5.9331853071795866,211.498341742,13.453784071,0.09986861317158352,0.0056537099264576474,0.050103917883585487,60,0,0,0,1
80,11,-3.359264828297913,-5.753279315515929,2.550766441613892,3.2226346358566476,0.76785476411171583,-3.1457855140212279,3.19974725447,0.0611292727475,1.1376673207299843e-05,0,5.6883366036499217e-06,6,1,1,1,0
80,12,-4.0878464596898816,-5.1945515626334702,2.2829559893608535,-3.9490885222956313,-5.0658646272402956,-6.2831853071795862,14.4050902455,0.539148043921,0.0002960530033767615,0.0075689999999999993,0.00037509650168838073,60,1,0,0,1
80,13,4.009335266255647,6.2831853071795862,2.5287871826139314,-3.8480912152920155,-3.0256919459439695,6.0136187010236481,104.538363665,5.48698115675,0.020099374625095777,0.0075689999999999993,0.010276757312547888,60,0,0,0,1
80,14,-3.8054862500390416,-5.5564150837410571,2.5590447903424334,3.3962113181310016,1.0164213921349825,0.92362064875779537,0.206428569366,0.0117126607749,8.44021282801318e-08,0,4.22010641400659e-08,17,1,1,1,0
80,15,3.2962261374918778,-3.6170582607746327,-2.2177144540485756,-3.1353123622478161,5.1630911428887529,4.0144935602210028,2.67690890908,0.443488616144,6.7078651165730058e-05,0,3.3539325582865029e-05,10,1,1,1,0
81,0,2.7173741780337144,5.0276731140479631,2.2942747012038689,-4.0310672500382658,0.51792542403272102,-4.2513114258487095,0.00912489610214,0.602473703798,0.00011056845832706941,0,5.5284229163534707e-05,18,1,1,1,0
81,1,0.29924371032208219,-3.7663840678301148,1.9517645728982804,-5.4863284310585012,1.2811374334323133,-6.2831853071795862,74.6815853953,11.9114309888,0.048797125280486339,0.0075689999999999993,0.024625632640243169,60,0,0,0,1
81,2,2.8612625047432281,-1.3507168460347423,1.9345206782598399,6.0924968897434226,-1.4320349315616687,-0.82669894972227165,0.0551768860712,0.00433231077645,8.761827722802786e-09,0,4.380913861401393e-09,37,1,1,1,0
81,3,0.35541196252083701,-4.0707770504563943,2.247784190994957,-1.8718296423616674,4.498772504314263,2.1575528520410927,0.194863941225,0.150349809279,6.9238685757217635e-06,0,3.4619342878608817e-06,19,1,1,1,0
81,4,-3.3408726936212076,0.52837113572394312,-1.9143577716216482,1.9972547044896816,4.4164383152046049,-0.61401874519998989,0.126823334808,0.0600085655005,1.1130199959118426e-06,0,5.565099979559213e-07,13,1,1,1,0
81,5,-3.4807152886910044,0.4660387157612943,-1.970956629845422,1.8042243623624545,-1.1124404087982342,-0.65839448382195775,0.0371649412216,0.115465436416,4.0626220083256394e-06,0,2.0313110041628197e-06,12,1,1,1,0
81,6,-5.7840211576003444,-1.8941574016361715,-2.1280675945441794,1.7782381621943575,-6.2831853071795862,0.80801486467096462,42.7005393793,1.78461103936,0.0027934927591763484,0.0075689999999999993,0.0016238163795881742,60,0,0,0,1
81,7,0.26596594128679374,4.5293395672989689,-1.9371850109565081,-2.8708026495778856,-3.9413190525218647,4.5240095287369151,0.025790636878,0.223017665853,1.5151384992241786e-05,0,7.5756924961208928e-06,14,1,1,1,0
81,8,6.2831853071795862,2.7828842343264748,2.309061124163283,-5.0076955502766936,4.6323374280268554,5.1588697293066819,199.303343883,11.9499590503,0.083221653844409757,0.0075689999999999993,0.041837896922204881,60,0,0,0,1
81,9,-5.8585232102914846,-1.9692033143349477,-2.21865119172148,0.66891881773887119,-1.4166508117026486,1.9287379477668825,0.0134026439334,0.351437680766,3.7623003000087804e-05,0,1.8811501500043902e-05,15,1,1,1,0
81,10,-5.9435766944989545,-1.8349515539825882,-1.9168493841528425,3.2136282601553727,1.8801396124713108,-0.98314590192518647,1.95654855786,0.697151424115,0.00015187827356687972,0,7.5939136783439859e-05,21,1,1,1,0
81,11,0.25941768249261227,2.2493780808398935,2.2197743286651588,4.5903536713032871,-2.3930995420583772,1.5929902909710369,0.33523972059,0.301992391952,2.7893313045658706e-05,0,1.3946656522829353e-05,40,1,1,1,0
81,12,-3.4731353667228442,4.882161397239944,1.9634270251751933,-0.27612161863367096,-1.1553036228194131,-0.87407154614260363,1.54223151763,0.786186643871,0.00019065928816011305,0,9.5329644080056523e-05,24,1,1,1,0
81,13,5.0140493906658081,-6.2831853071795862,-2.9091789884368078,4.9358065271400546,-6.2831853071795862,-2.8674619970661679,759.923898486,28.4819098378,0.82459582742184312,0.015137999999999999,0.41275205371092155,60,0,0,0,1
81,14,-1.0551543263878667,6.2831853071795862,-3.118235576721653,5.0470459905849294,3.0276398377273277,-1.8542337954745738,580.605626656,56.8910339599,1.3230245107422633,0.01161942166476782,0.66186083802107476,60,0,0,0,1
81,15,0.26678537638324468,-3.8908495304282886,1.9987158033666594,-6.2831853071795862,3.5041293115819241,-4.1472191392574178,81.4325540981,33.6218957921,0.35098050237852513,0.0075689999999999993,0.17571732118926256,60,0,0,0,1
82,0,-1.3423898200065167,1.3661634516732126,-2.2895721803514744,-6.2831853071795862,2.7442793880290028,-6.2831853071795862,41.9977566225,5.63894475535,0.011449944267184748,0.015137999999999999,0.0061791121335923738,60,0,0,0,1
82,1,-1.3401372274417085,-4.7638258947488499,-2.2416045155777793,-0.62762878212646978,-4.1975982248206538,-6.0940545088383482,0.538976051429,0.120117798976,4.6856023247892145e-06,0,2.3428011623946073e-06,48,1,1,1,0
82,2,-1.2915314762492995,-0.59246535241407583,1.7734840622685675,-6.2243286102739246,3.7104846101853322,2.9337348921359685,4.68655165718,0.156940391575,2.9466580760013944e-05,0.00079204550905979465,3.8494655651800811e-05,28,1,1,1,1
82,3,2.3417803962361039,1.5600578562988501,2.2155812195261193,-2.1473911174550135,-1.139656947363433,-0.34135959506753466,4.26450752712,0.277009932811,4.1560690723514553e-05,0,2.0780345361757277e-05,26,1,1,1,0
82,4,-4.0429421479679828,-4.6790707480477947,2.264635198567472,-2.611678992269844,4.5759316694846675,-6.2660677720026481,7.28353811846,0.21388655278,6.698539997632979e-05,0.0048835588897464767,0.00017999946668055918,60,1,1,0,1
82,5,-4.0325181093192342,-2.587505898433891,-2.2436867982698399,6.1959335469509256,4.6216457781566866,-6.2469665640336887,5.36848296417,0.148405015515,3.5529518203571218e-05,0.0025787360476823245,9.5126840532255339e-05,60,1,1,0,1
82,6,2.331594619973576,-4.3933763463025679,1.8114737632417945,-5.3734469905987829,1.2021184857102589,-3.4317607861943982,0.19731840038,0.0039449559812,4.3675213852650745e-08,0,2.1837606926325373e-08,14,1,1,1,0
82,7,-4.0030273200324347,3.6237768885575043,-2.1693635199272716,0.23352075620579302,4.8170977849481913,-6.2552600522859905,6.18636128804,0.16123605095,4.6190224582283851e-05,0.0034898255093866308,0.00012778987757274083,60,1,1,0,1
82,8,2.3430867712822678,1.5689418512557627,2.2125304803592378,-2.1485598908290844,5.1562096124019456,-0.34717709112860357,0.0624423876231,0.0108864426999,4.0000673988612797e-08,0,2.0000336994306399e-08,24,1,1,1,0
82,9,-1.2997677599739639,5.791550520018478,2.1043779182957794,-3.6056779694429477,-3.8610994336498838,0.037467584280252077,0.0190218786014,0.345465922653,3.6355446777460819e-05,0,1.8177723388730409e-05,12,1,1,1,0
82,10,-1.3074357222571462,-0.56693381332797954,1.7618382648215769,0.037980531336440124,-2.3493623558730077,-2.9764412313788795,0.0653030059252,0.652377836811,0.00012964847635042777,0,6.4824238175213887e-05,13,1,1,1,0
82,11,2.2832203151829829,3.6926378925682766,-2.2439998521596252,6.2204604496445874,-1.5530210903345814,6.2380360777589354,4.94954258449,0.0896740167719,2.6947531235568411e-05,0.0023407695397814243,8.3696851811226934e-05,48,1,1,1,1
82,12,4.9375999419160124,-0.44544459500472494,1.8000230507912371,-5.7425175098724424,-2.0455143798428277,3.3121738380391985,0.710605743041,0.225453836128,1.5988491015600097e-05,0,7.9942455078000485e-06,17,1,1,1,0
82,13,4.1132772039418812,6.2070248000115313,-3.1415926535897931,3.0617668534794649,-3.8858323977644607,1.290300377152666,469.283269183,8.46264108409,0.24204235746442634,0.007686494604853788,0.12125177357035878,60,0,0,0,1
82,14,-3.9117943519225875,3.642668193883932,-2.2098387389642822,0.30371747897923351,5.34398668279783,-0.56740579859124818,2.68653162237,0.252755190466,2.6677992773658013e-05,0,1.3338996386829006e-05,10,1,1,1,0
82,15,4.7848660156202092,-4.7941800026728165,-2.3446671486224209,6.2220319579229271,-5.2187385416267835,-6.0227337989546301,4.54134130342,0.0696594215529,2.2101917066899441e-05,0.00066804935464824121,3.1092439172896955e-05,28,1,1,1,1
83,0,-5.755461569647931,0.17392962155611671,0.25702144471152999,-3.2586619577741951,-4.5446057833082349,-1.1055296267408645,149.065482942,18.7301596686,0.12908606061221584,0,0.064543030306107918,60,0,0,0,0
83,1,-2.2830647234665244,-3.4117895688893172,0.30648487207840514,2.729456746959793,-5.9051280536316444,6.240842922661999,110.431846577,0.362569540112,0.012235236730422015,0.0019943026205750344,0.006177447443828258,60,0,0,0,1
83,2,-2.3453017252214359,2.8572611325743336,0.030404254498519578,1.6340544473271243,1.4184176749793045,-5.3168941758883825,172.045222386,0.18210847597,0.029609660724844673,0,0.014804830362422337,60,0,0,0,0
83,3,6.2831853071795862,0.84103114193732487,-1.2722803274665815,-0.33680038565011217,1.1953733316469122,-6.2831853071795862,551.627079825,56.6341303781,1.2813298786867389,0.015137999999999999,0.64111907934336942,60,0,0,0,1
83,4,0.49577532489932563,6.1760576659267068,0.75223510793910209,-1.753036618501292,-4.9803742535944497,-2.0956486971545898,0.0372881753922,0.154763817246,7.2975378425253373e-06,0,3.6487689212626687e-06,15,1,1,1,0
83,5,3.6831761927165938,-3.0380522715893892,-0.65163819355532093,4.5943029127716821,4.0326694803475291,-6.2831853071795862,239.323781822,50.859695739,0.84523238744974138,0.0075689999999999993,0.42284326372487069,60,0,0,0,1
83,6,-2.3914526167833299,2.5699508179536457,0.75342134468090682,-2.5335840061675299,4.2393989653812598,3.7671263820745682,0.0125492232359,0.410741356006,5.1391693731444865e-05,0,2.5695846865722432e-05,14,1,1,1,0
83,7,-2.3205789017129965,-3.4725880040974699,0.19822573894285533,-4.4592640660549154,-5.1999914333397754,0.96055034852534815,189.416511176,1.87724558962,0.03695210203008386,0,0.01847605101504193,60,0,0,0,0
83,8,-5.6936882143616527,6.2831853071795862,0.12357649135167154,6.2831853071795862,-2.9714293208287343,4.846304588251483,98.0094993087,7.55458484287,0.026990911836793152,0.015137999999999999,0.013949595918396576,60,0,0,0,1
83,9,0.58230170030075334,-6.2146341053047314,0.085436966992474828,6.1083530762400029,-2.5443180844270978,-6.2831853071795862,94.3426615644,25.5082496361,0.20710619786425863,0.0079093581522623572,0.10379037967669719,60,0,0,0,1
83,10,0.5021619748820324,-6.1248589522814543,0.23675637066798233,1.4014457285066266,4.8960931782368382,1.284971352437055,176.85374819,1.36264881529,0.031842865466622773,0,0.015921432733311387,60,0,0,0,0
83,11,-2.2780946323238367,-3.2094674376833767,-0.49307102223998495,-6.1187815040648745,-0.24402690245138778,-3.9996709199435947,79.3971590868,1.46957091326,0.0069617724301045099,0,0.003480886215052255,60,0,0,0,0
83,12,3.9006238665474293,2.7547357217561919,0.14196174171017234,0.73979854229806652,1.9160190098100007,0.38748399894901348,76.9021934174,0.0268221673465,0.0059141665029021273,0,0.0029570832514510636,60,0,0,0,0
83,13,3.9943876541346599,-3.2685394486232422,-0.42482619523220427,-6.2831853071795862,5.6044918755751718,1.9824483995404374,93.4276434334,26.1263836525,0.2166568963661038,0.0075689999999999993,0.1085555181830519,60,0,0,0,1
83,14,6.2831853071795862,0.01731139988780947,0.6935906457914145,2.0311927141133284,-0.70652808087407071,-6.2831853071795862,513.346177222,22.7909676919,0.42175117825618108,0.015137999999999999,0.21132972912809053,60,0,0,0,1
83,15,-2.5554486205163585,3.2637176587629817,-0.65176650803567682,4.5227873015242981,-2.1942877967079011,-6.2831853071795862,190.014555459,50.0558299563,0.7993507079628398,0.0075689999999999993,0.3999024239814199,60,0,0,0,1
84,0,-1.7748789672749958,-0.2896451172807345,-2.2668697042239052,-2.5093220387890165,-6.2831853071795862,-3.1123034201750088,88.4840107242,1.37476085412,0.0084051371485511662,0.0075689999999999993,0.0044296385742755833,60,0,0,0,1
84,1,-2.5106622889756283,-2.7789177379186136,2.0747149680262567,-5.8920209340797935,-0.4491797931543654,5.9842737976801681,125.51674827,5.93635625249,0.02648927113984598,0,0.01324463556992299,60,0,0,0,0
84,2,-1.8662704992318369,5.5242686464439013,-2.5417529346029397,-6.0549080950783614,-1.1321627539286439,2.2509638503631479,41.0704378706,0.102862628916,0.0016900039386398111,0,0.00084500196931990555,60,0,0,0,0
84,3,6.2831853071795862,-1.9782549872974688,-3.1415926535897931,-3.1674888436116286,2.6697590115907381,-4.0309257054313834,361.281301103,36.0777899036,0.52701632139177113,0.015137999999999999,0.26396230069588555,60,0,0,0,1
84,4,-2.6024395147839439,-3.0409730607206398,2.2016380163609113,6.2831853071795862,3.0429872846262884,-1.6510619827944106,56.2437446144,12.1189198346,0.047901976410879073,0.0075689999999999993,0.024178058205439536,60,0,0,0,1
84,5,-1.2055732502401317,1.8826463616328957,-3.1415926535897931,4.3480388336366858,-1.2825839280197855,0.69998574890697962,373.73226186,33.9400729413,0.49057330661908471,0.0075689999999999993,0.24551372330954235,60,0,0,0,1
84,6,-2.5159955833076117,3.5512649801190097,2.5230264867146444,3.0847800631375226,2.0119468522403636,2.1766245910124611,0.10579610045,0.825017208112,0.00020735007336685336,0,0.00010367503668342668,28,1,1,1,0
84,7,-2.3615618704337011,-0.4513040157955186,-2.2980041123412258,-2.3012602405950369,-6.2831853071795862,3.8019111875710614,116.065840271,3.4062134004,0.017005538838705071,0.0075689999999999993,0.008729839419352535,60,0,0,0,1
84,8,2.2231462147784384,1.7704692425861763,-3.1177490267912153,-1.1647221434503776,-0.045015380894907239,0.81750647621857286,580.820603649,44.5309654061,0.94141101282769823,0.003988727475957324,0.47082516823812781,60,0,0,0,1
84,9,5.3946976250016689,-0.36241253458183292,-2.5054785089611205,1.212569371251236,-4.0204386185871295,-2.6875164930165689,0.103450869739,0.627738189097,0.00012004679073243298,0,6.0023395366216489e-05,27,1,1,1,0
84,10,4.1347826215649368,3.6127220755092826,2.6255065950582348,3.0848452147912524,-5.7068335212993677,-3.9185332949032969,96.3803736029,7.45235374662,0.026206889629249126,0,0.013103444814624563,60,0,0,0,0
84,11,4.8228888430837786,-2.6931037435901546,2.1689178843394452,0.36577566317378596,1.6198795787019509,5.2169257032387701,0.407383531386,0.237871666459,1.7402107392012391e-05,0,8.7010536960061954e-06,54,1,1,1,0
84,12,-0.77499276459480171,6.148431590376414,-2.6535273202604897,-0.48823095055779675,4.6792199971452471,-4.6390286975649619,84.3048985144,3.81793109191,0.011547601531502801,0,0.0057738007657514006,60,0,0,0,0
84,13,-5.9331853071795866,-2.6261993363427329,2.7291251013427447,-3.158480237777757,4.0818571680003304,-2.6217892339369944,223.739412412,18.8187144512,0.15793776032079457,0,0.078968880160397284,60,0,0,0,0
84,14,4.9940248948796837,6.2831853071795862,3.1415926535897931,5.9278257072968596,6.2831853071795862,2.4038541251235261,369.169101795,12.418485347,0.18326355205295397,0.022706999999999998,0.092312986026476987,60,0,0,0,1
84,15,4.6734357659533483,-5.9615104657922711,3.1415926535897931,-0.74730575075875949,5.1548588285452057,1.357848236667796,329.318364368,17.7529786749,0.20445632478176612,0.0075689999999999993,0.10245523239088306,60,0,0,0,1
85,0,2.825626386504883,-1.3466880433215613,-0.0062926049240988879,1.4462088333174763,-0.94134139737400857,-3.3755966635461103,77.5490239268,0.650980517773,0.006142940552354423,0,0.0030714702761772115,60,0,0,0,0
85,1,3.3676253303989072,-1.5470433475481602,0.26855934178674173,0.91405672313896402,-3.7369008238678041,5.3980635854695542,53.2002666621,0.000313911593335,0.0028302684029377742,0,0.0014151342014688871,60,0,0,0,0
85,2,-4.7929435723326419,-1.6731080218438796,-0.13835274551318394,1.0087423704474663,5.6425571312885259,4.1226933092733642,79.2505625389,0.000696257213362,0.006280651810395636,0,0.003140325905197818,60,0,0,0,0
85,3,1.3624154320577249,4.650680089572842,-0.49326673020105066,-6.2831853071795862,-1.1790985245844352,-6.2831853071795862,40.0771068419,6.48433236191,0.01441429099337594,0.015137999999999999,0.0076612854966879697,60,0,0,0,1
85,4,1.2933907240436102,-1.8055682620997215,0.087635050415288851,-4.1844018491360657,-5.1184924840574331,-5.0969780109237712,102.241929938,0.00435347271022,0.010453418010827177,0,0.0052267090054135884,60,0,0,0,0
85,5,-2.3662989998875998,-5.9658812033956217,3.1415926535897931,-6.2548826410125553,-2.4194572737582263,2.4564579328384673,1070.07335724,28.4310680951,1.3912870585630768,0.011014376999099015,0.6959739605915114,60,0,0,0,1
85,6,-4.8925113724225708,-2.0064469402578986,0.3375870303805667,-0.22525768041177874,5.3617267491594056,-1.9115765697989762,32.4207887887,0.00738725760728,0.0010511241691306414,0,0.00052556208456532071,60,0,0,0,0
85,7,-3.4389864621420076,-1.9350076804683423,1.1336969479628434,-1.635812396653717,-5.2904714671457844,-0.56937863753004114,1.64830664781,0.241102524617,2.0424455603723513e-05,0,1.0212227801861757e-05,10,1,1,1,0
85,8,6.2831853071795862,3.9502225700643234,1.5844976832106896,4.1719542369422991,2.9798736780328881,5.4634214510603591,386.934967093,51.1389251192,0.94635099595528216,0.0075689999999999993,0.47340256797764108,60,0,0,0,1
85,9,1.159617104359834,5.0786184561075673,-1.1222870566239427,-1.915769165071046,4.785200802983228,-2.1564654278717561,0.68421253615,0.446735576723,6.1261460268500527e-05,0,3.0630730134250263e-05,10,1,1,1,0
85,10,-0.55580685638434446,5.2001811541302372,-0.94932225342181042,2.0430857415575581,-1.6885177662936799,4.7134287814235245,456.22339969,4.77034784259,0.21507173100004262,0,0.10753586550002131,60,0,0,0,0
85,11,1.4169709324049908,4.8710140425083308,-0.88566333425105737,5.7325919049467338,-0.84633773181062821,2.7392105401086249,0.0118795748652,0.375625182458,4.2979915942997036e-05,0,2.1489957971498518e-05,8,1,1,1,0
85,12,0.7864003145312316,-1.7520524062085943,-0.24450299903711536,-5.0130978179332804,-3.3147900207599905,-4.1587753132287029,79.0460471954,0.00129380983349,0.0062482780871296797,0,0.0031241390435648398,60,0,0,0,0
85,13,-4.0367672773003962,-2.0429979821003235,0.78824065657259945,5.9091161179016094,0.026134050653799222,5.3073093513341894,48.2286800176,0.838769850794,0.0025403145508110236,0,0.0012701572754055118,60,0,0,0,0
85,14,2.7114598905883782,-1.9837873402964763,1.1128382786476116,-2.384293902219321,5.6211607328389279,0.81686388466159865,3.57959009609,0.0244280390342,1.2995239332082964e-05,0,6.497619666041482e-06,57,1,1,1,0
85,15,3.4183360273004313,-6.2831853071795862,-1.5502755215473261,6.2831853071795862,2.5363016608376436,-1.2580945458978872,679.324345,0.813906498888,0.46168335762749818,0.015137999999999999,0.23129581881374908,60,0,0,0,1
86,0,-0.21303891714483852,5.4219301515502449,-0.87079806334674925,0.76792333446515848,1.7474513966121981,5.1893897430245639,0.0508884959,0.0208619481172,1.3516550028808236e-07,0,6.7582750144041179e-08,29,1,1,1,0
86,1,3.1929544771137284,4.8374806983721657,-0.92153799773307321,-2.7616352965985227,5.1740995963693734,-6.2831853071795862,229.119991356,54.7312867551,0.96498163985977592,0.0075689999999999993,0.48271788992988796,60,0,0,0,1
86,2,3.6271702503382084,-2.1514957545625784,0.17430052923997108,1.3492676165407611,1.4108417778324811,-5.7281872859564134,46.2092899741,0.00028217893002,0.0021352985041686837,0,0.0010676492520843418,60,0,0,0,0
86,3,-2.6497758984022184,-2.3480337598594869,1.004111970567257,6.2831853071795862,3.5511212354332917,0.81963235333045448,285.903089989,46.3845185615,0.73713213298644475,0.0075689999999999993,0.36879313649322237,60,0,0,0,1
86,4,-6.2831853071795862,-5.9598723854855713,3.1415926535897931,-6.2314906553802825,-0.96640108702779481,3.4495111236975493,1036.89842816,55.6048204166,2.0170037484033316,0.016384467611572404,1.0089934082300129,60,0,0,0,1
86,5,3.7259543888936846,4.3334470850321578,-0.16265245833410913,-4.6912276239838828,-5.3853916933105195,-0.047195125505165872,48.3139599748,0.375892118044,0.0023772796115674962,0,0.0011886398057837481,60,0,0,0,0
86,6,-2.8047431382164412,4.3856196134331364,0.02402692500602302,-4.2496543617379015,-2.22360243664476,4.8363602923035831,16.0659022279,12.1758166113,0.045417801098877941,0,0.022708900549438971,60,0,0,0,0
86,7,6.1188429486904132,-0.56151382735501032,-1.0656370863466877,-1.0670476081067863,-4.2821345448255981,-2.1480847550188353,0.00806259052848,0.712369347379,0.00015458429355218344,0,7.7292146776091719e-05,13,1,1,1,0
86,8,-6.2831853071795862,4.7124600738873292,1.004243422230793,3.4601913332337348,6.2831853071795862,-0.11141515327982526,208.724560539,53.5390310307,0.916729795928095,0.015137999999999999,0.45881903796404749,60,0,0,0,1
86,9,-0.093073597872599625,-6.2831853071795862,-1.5814057908526953,0.20487096615552991,-3.4376376916632849,-6.2831853071795862,528.298521154,56.5241009595,1.2523440603530949,0.015137999999999999,0.62662617017654743,60,0,0,0,1
86,10,-6.2831853071795862,-0.73267414647550799,-1.0332388582660286,-6.0314159801781893,-4.066378794493577,4.7044341432447672,60.940887975,4.65498031771,0.010314498493358904,0.0075689999999999993,0.0053843192466794523,60,0,0,0,1
86,11,3.5677570779646617,-2.5839793909021038,1.1512392941498357,3.8258886973023456,4.5833106719859824,-2.0480915752580295,0.14388821519,0.965213144986,0.00028381338481238384,0,0.00014190669240619192,11,1,1,1,0
86,12,3.5904936741409466,4.3410113164255177,-0.060004201511847322,-3.9541105922331434,1.6072998657196067,6.2831853071795862,94.5472656989,19.7152378258,0.12734111388818312,0.0075689999999999993,0.063897626944091554,60,0,0,0,1
86,13,-0.056141834990734683,-0.98959315419194915,-0.54702205654594294,0.6719115179427545,-3.5069509356618433,4.6667462258728136,8.05520816833,4.08735779434,0.0051539753950710799,0,0.0025769876975355399,60,1,1,0,0
86,14,-6.2831853071795862,4.5691592960354175,0.85834277175224361,6.2831853071795862,1.0821105687015737,5.6169002250688518,165.89194467,16.2680005855,0.10813648040817646,0.015137999999999999,0.054522380204088228,60,0,0,0,1
86,15,-2.6476743585142346,-1.4724129952411653,-1.1539121004290298,5.084405273575511,-1.370176119841457,-2.5567145877960269,0.0174201891926,0.489217328077,7.2905485363313838e-05,0,3.6452742681656919e-05,11,1,1,1,0
87,0,2.7199295740891221,-1.9311466429190454,0.97380813589413173,6.2266913684497665,-5.0491031738414094,2.738039230088793,4.55944539616,0.460882860636,8.5493245729956527e-05,0.00093061977421998916,7.0665216091577942e-05,18,1,1,1,1
87,1,0.80174321392533088,4.3951995047439256,0.19322214601442345,1.4234116415913405,-6.2831853071795862,-6.0561919912020867,93.7315987341,45.5826459179,0.64171286670653105,0.0075689999999999993,0.32108350335326552,60,0,0,0,1
87,2,2.2743744920599656,5.3863930849544399,-1.2733628703054474,0.2964336562711572,6.2831853071795862,-4.5789466290051895,81.833685629,49.8096198155,0.76245203025376196,0.0075689999999999993,0.38145308512688098,60,0,0,0,1
87,3,-4.2941003940042553,-6.2831853071795862,3.1415926535897931,-4.0530904335946358,5.406186373548997,0.75671052950249362,1188.17463737,53.7751470217,2.2926413996149559,0.015137999999999999,1.146774839807478,60,0,0,0,1
87,4,6.0362855730139184,-0.073553970401459112,-2.8777072534445365,5.4870085468895526,0.10113632731227118,-2.8700880587335114,945.979150903,57.2886884448,1.8946290442838427,0,0.94731452214192136,60,0,0,0,0
87,5,-3.3744448884504235,-1.4356592445367822,0.52961319684875985,-4.4679398197809022,4.5035873245374942,4.919956601940318,0.229889934221,0.377979082597,4.3572987839165226e-05,0,2.1786493919582613e-05,19,1,1,1,0
87,6,6.2831853071795862,4.8344459294544935,-0.94493104732505284,-5.8039174108907536,1.1175479556817605,-6.2831853071795862,288.702634007,46.2563701405,0.73512441491322988,0.015137999999999999,0.36801634745661493,60,0,0,0,1
87,7,-5.2956434178710978,4.4592182532817652,-0.087618134715754553,-4.7641955109166618,0.8958981383560406,-3.5402699972067739,4.84799717107,0.904235430356,0.00027257098565034886,0,0.00013628549282517443,22,1,1,1,0
87,8,0.86288110196918977,-1.2246366619411664,-1.2894071462997625,-1.3156035790297853,-1.2776104139440125,0.015489013943222,0.0170248248246,0.51490005418,8.0761089455402905e-05,0,4.0380544727701453e-05,20,1,1,1,0
87,9,-3.3551993532376447,-0.7812634310565949,-1.2283666409943601,0.29832936079010453,1.8227944622855143,-4.2420485910495271,4.349994687,0.838510601537,0.00023309897042945259,0,0.00011654948521472629,59,1,1,1,0
87,10,2.8570716613463922,-6.2831853071795862,-1.6545539661899304,6.2831853071795862,-4.6923641892430217,-3.8445802192502332,548.801335536,0.00608817973531,0.30118291717683537,0.015137999999999999,0.15104559858841768,60,0,0,0,1
87,11,-3.1474522647822676,-6.2831853071795862,-1.4579022889459963,6.2831853071795862,3.2855043339689183,3.2371420471751726,701.028083607,56.6259557881,1.4681957860040853,0.015137999999999999,0.73455203300204264,60,0,0,0,1
87,12,0.93409223402743335,-2.3880262055445005,0.95858356253984822,6.2223292730432798,1.0266398855589709,4.0903410833639331,4.72991219809,0.104515325821,2.5699543570647338e-05,0.00068350695108197225,3.3354980317782835e-05,49,1,1,1,1
87,13,-3.3248774020140814,-1.9411944894490258,1.2522091192996634,-1.2629858924632582,1.9434014368773354,-4.6575812232758453,0.0940979963235,0.173611648955,9.190329500031977e-06,0,4.5951647500159885e-06,16,1,1,1,0
87,14,-4.2610784586776376,-6.2831853071795862,3.1415926535897931,-6.2831853071795862,6.2831853071795862,2.735857302305281,943.827848282,39.7480175834,1.3720775618905676,0.030275999999999997,0.68694706094528379,60,0,0,0,1
87,15,6.1988121675746291,5.2095167163715335,-1.2398673589238416,4.458802044251974,-2.9688186436772686,-6.2831853071795862,214.06914769,43.9298284903,0.63368538379664308,0.0075759003955350431,0.31706996891018757,60,0,0,0,1
88,0,3.9849916272831627,-4.5722082161326574,-0.43318846673837019,-5.1655599956118143,3.1349129297321623,-2.5901788842927997,214.363888849,51.3190010413,0.84820445804198685,0,0.42410222902099343,60,0,0,0,0
88,1,3.5297251947769159,-4.4408247896295761,-1.028900748398232,-5.8366748910735557,-6.2831853071795862,5.5379583857664159,189.470885788,19.8306568652,0.15569152526831159,0.0075689999999999993,0.078072832634155792,60,0,0,0,1
88,2,-4.2488152317249339,1.7133478147331618,-0.19005948177520615,-4.1922964175005673,1.43865436384781,2.9077384020280928,114.438317118,0.495663333096,0.0131709674843376,0,0.0065854837421688,60,0,0,0,0
88,3,-2.7149555022514917,-4.7666874791681986,0.02265219584443446,-3.0570284505064977,6.2831853071795862,-5.7132448344752387,162.041183395,27.4532816261,0.25584221601149765,0.0075689999999999993,0.12814817800574882,60,0,0,0,1
88,4,-3.1531196088139359,6.2831853071795862,1.3614149592715568,-6.2831853071795862,-0.92370061614695798,3.2903934259103012,805.599788903,0.704132386636,0.64914204993445457,0.015137999999999999,0.32502516496722728,60,0,0,0,1
88,5,2.2299122547856887,1.0955695595245707,0.85118860265600582,4.7505062051449922,4.9949093424333268,-6.1898855377095936,2.6745905047,0.833064231768,0.00021855670957112339,0,0.00010927835478556169,55,1,1,1,0
88,6,-4.339267427439955,6.2831853071795862,1.7537945043175085,-6.2831853071795862,-4.6769751956715506,-5.5277454171599398,707.883765445,39.0246998498,0.96500957907131169,0.015137999999999999,0.48295892953565583,60,0,0,0,1
88,7,6.2831853071795862,-5.3545777473106062,1.3346566958409791,-2.2587064073206551,0.83337938774222908,4.4408132113706946,438.464680399,49.9341861223,0.95179133950274841,0.0075689999999999993,0.4761227397513742,60,0,0,0,1
88,8,1.9191050796671274,1.4856804391794747,0.33403056423510663,1.8547318718242236,-4.7650341654338568,-3.7257737436212648,129.393280847,1.26796706726,0.01723236688624118,0,0.00861618344312059,60,0,0,0,0
88,9,1.9741272302616109,1.9606013090992802,-0.85285725482773989,-0.68976422521340708,4.9050144413849655,0.067666354761524453,15.6633988242,0.537415590042,0.00033332030013286795,0,0.00016666015006643398,60,1,0,0,0
88,10,-4.7047708997764026,-4.5104695302828839,-0.18811537503636161,-4.1609334497243733,1.997364470447329,2.5390723258902019,120.279283104,0.520306899355,0.014549571749309183,0,0.0072747858746545916,60,0,0,0,0
88,11,3.1604000218428165,1.2890588101450957,0.65047168506891029,3.5357341563432301,-5.2869732117725148,6.2831853071795862,57.4839618153,12.0548615073,0.0475713136477579,0.0075689999999999993,0.024012726823878949,60,0,0,0,1
88,12,-3.1496145637965265,1.9455620246501015,-0.71766661719081859,4.2837797015101717,-5.5131550255829103,6.2831853071795862,70.5296099745,18.7414378834,0.11196870348799702,0.0075689999999999993,0.056211421743998513,60,0,0,0,1
88,13,-4.059260732993228,1.8914520575365448,-0.8042736409046356,5.6924282510900186,5.001686981037091,-0.31862476124753181,3.58882366945,0.0637558177562,1.4117865527493121e-05,0,7.0589327637465603e-06,14,1,1,1,0
88,14,2.4870936405380468,1.6558550977272428,-0.079549916199110393,2.5282308631269514,1.055347514496586,-5.1745822892598294,97.9439836749,3.62405627689,0.013593803301178391,0,0.0067969016505891955,60,0,0,0,0
88,15,-4.3850371273452513,-4.2585498590895785,-0.9315669391403486,5.4512480841331845,-1.3822978533613108,0.56431258649608718,24.2732236034,1.75709491897,0.0015296598916749828,0,0.00076482994583749141,60,1,0,0,0
89,0,-5.2210445618266439,-4.7757894009883852,2.5531773337967993,0.74534599818728731,6.2831853071795862,4.8624438041376221,636.933355605,54.3189522855,1.3044725940848247,0.0075689999999999993,0.65246336704241237,60,0,0,0,1
89,1,4.8882050594345863,0.59315853039441113,3.1415926535897931,1.6984278426557577,6.2831853071795862,-2.7000451760209185,259.759359157,47.1340122264,0.74421758679737959,0.015137999999999999,0.37256293339868979,60,0,0,0,1
89,2,2.7109258337068494,3.7117851276656895,-2.3917929844843684,1.2754388049699366,-1.1865888225970203,-1.6912032074513945,0.0223290870357,0.692314786429,0.00014600355585253887,0,7.3001777926269437e-05,12,1,1,1,0
89,3,-2.2127362729404321,-5.9078892644664629,3.1415926535897931,2.9105479008248731,-1.8778902457578099,3.285472092960775,319.379901939,7.95007518946,0.12125646841225356,0.0075689999999999993,0.060855304206126781,60,0,0,0,1
89,4,-1.2819454345685315,1.6290173272646726,-2.3649818250692962,4.5207924250084508,-4.4507444772085059,5.433947228706681,0.0405295737234,0.813429500764,0.00020155710531019952,0,0.00010077855265509976,29,1,1,1,0
89,5,4.9323745666359056,1.7546651076006099,-2.5051789591752551,-1.2296245241656709,1.5969341354468485,-6.2307657376678618,4.82301529532,0.0592127725738,2.4329511647257992e-05,0.0011958061727544574,4.8038941006262715e-05,42,1,1,1,1
89,6,-1.2852292727167227,5.6874829333064918,2.5714892333650532,-3.6563726665935161,1.8160988705919312,6.2563546649596562,0.35382469661,0.0316861325043,4.3103115407946436e-07,0.0036203516156660654,0.00010882606404702169,34,1,1,1,1
89,7,4.8762233288920225,5.7407547446691813,2.4505979124302875,-4.1797773993739513,1.320484630493995,-5.9219671942304641,0.892694119216,0.748787617968,0.0001715906801390776,0,8.5795340069538801e-05,11,1,1,1,0
89,8,4.9479137093484766,1.1067918878547947,-2.2381504949443589,-4.6085101345118469,-1.608208265539715,2.4507404292536967,0.0343616271772,0.985214898015,0.00029567759040862633,0,0.00014783879520431317,22,1,1,1,0
89,9,4.9133242228425082,-0.58179447954890828,2.6023681060824906,-3.6488489523434633,-4.8160414690522648,-5.894961899129382,0.173204605865,0.279623615438,2.3847842855767823e-05,0,1.1923921427883911e-05,20,1,1,1,0
89,10,-3.7171185336495625,-4.4153446274906898,2.1970148747015505,-5.3024560042633979,-4.5120803919220549,-3.8547136499272812,1.30679677188,0.132596425261,7.0634440071592711e-06,0,3.5317220035796355e-06,15,1,1,1,0
89,11,-1.3636873786932462,-4.8797465886351397,-2.246982380009503,-3.8227374523055939,4.7835634272112157,-2.7643904581847347,3.56529776714,0.232936106478,2.9239654719580653e-05,0,1.4619827359790327e-05,23,1,1,1,0
89,12,2.5995519654013073,-2.5660865878385888,-2.5894943070215701,0.51372726802422486,4.639780537592995,-0.53685619252502725,4.49393508606,0.856340105434,0.00024357700419031357,0,0.00012178850209515679,20,1,1,1,0
89,13,5.2173995294750286,5.539360888623639,2.2414956513267259,-5.905930271967069,-6.2831853071795862,0.40198839718796886,207.983295628,32.1857295989,0.35881669120438875,0.0075689999999999993,0.17963541560219437,60,0,0,0,1
89,14,-3.6347329328339608,-2.599798641180906,-2.5354669257624112,0.7525499637316545,-1.444338305512628,5.382018655396192,2.95230401799,0.0114356733726,8.755935243621266e-06,0,4.377967621810633e-06,60,1,1,1,0
89,15,-1.3330271694815363,1.6661781859423761,-2.394425625662342,-1.6720825393295478,1.6173893176021392,5.9176744543509594,0.0360353169101,0.49511600635,7.4675170106054079e-05,0,3.7337585053027039e-05,24,1,1,1,0
90,0,5.3635516564797214,-2.9396510280179755,2.1720911249096209,3.1221132917642311,-1.0387753896975671,1.7572343217404602,0.0357710165037,0.943933791503,0.00027141875222231639,0,0.00013570937611115819,19,1,1,1,0
90,1,4.7062806524084166,-5.9608085189499986,3.1415926535897931,-6.2831853071795862,-5.123168157862354,3.1607978682125708,630.556022059,38.4535801736,0.84803192166750885,0.015137999999999999,0.42447010083375442,60,0,0,0,1
90,2,1.0299224798681212,-1.8236309298129787,1.7333009643530131,-5.1506215942435327,4.2800871424516052,6.2215471665305468,4.80987295509,0.0307084400129,2.3422134595618312e-05,0.000643223909737908,3.1007784589946394e-05,39,1,1,1,1
90,3,-1.1863211195578141,-2.8849057693583267,2.1444804966054059,-3.7333320451911844,4.5371895579557799,-3.4614571890127501,1.78351343217,0.504212191821,8.0623786806490488e-05,0,4.0311893403245244e-05,11,1,1,1,0
90,4,0.8566205833244056,-6.2831853071795862,-1.9461398394975817,3.5772494895861109,-1.2811068711563316,1.2633758001473869,57.3975728813,5.12304007399,0.011289329926452254,0.0075689999999999993,0.0058717349632261273,60,0,0,0,1
90,5,5.104605574186456,-1.1547434033918049,-2.0470420230474407,1.1752615027460502,-4.5587949296132937,0.17887566351871687,0.866797774702,0.173297016139,9.899564808263774e-06,0,4.949782404131887e-06,4,1,1,1,0
90,6,5.0767701290600593,-1.2103695835946486,-1.9847164027007864,-4.8939552054278748,1.6839640172401682,-6.2416229928575477,11.8251825784,0.124771254158,0.00014457718614261367,0.0020645832797692274,0.00013422609146438366,60,1,0,0,1
90,7,0.8516440005678293,6.1742325521602703,-1.864525689486747,-2.9713545333463403,4.7481342149757229,-5.3160914392245084,2.39104714983,0.973832482765,0.0002946009465092719,0,0.00014730047325463595,45,1,1,1,0
90,8,-5.2897342300026757,4.1391495481129859,2.1389265514336206,2.716266190627358,-1.9424858151642301,-5.5342222833012436,0.0340338659511,0.775712948979,0.00018329877475103858,0,9.1649387375519292e-05,20,1,1,1,0
90,9,-1.3741399935794885,3.3815955846112327,1.6549852009145982,0.39633665661276746,2.4061375937565752,0.66610816840300158,0.0157275379356,0.747869933034,0.00017037564483626041,0,8.5187822418130203e-05,34,1,1,1,0
90,10,-5.5014343524537859,-0.16927253942094089,-2.1729511695748891,-6.227729562196135,-4.9220201508835268,4.6558955664137418,4.57881609248,0.0709746527462,2.2500037005071179e-05,0.00099504002454906481,4.1101219239007535e-05,36,1,1,1,1
90,11,0.99001410940543544,4.448561535132356,1.7571545714416148,1.1802334657413398,4.2942456987751969,-6.2205121698790959,4.86689428135,0.0303395152017,2.3967056071769321e-05,0.0005917962488007966,2.9737415499908558e-05,40,1,1,1,1
90,12,-5.3542918393878107,-1.8068185494427145,1.6441663991920006,6.2831853071795862,-2.6052156992376712,6.2831853071795862,173.394005645,48.7911513735,0.75523053771470439,0.015137999999999999,0.37806940885735218,60,0,0,0,1
90,13,-5.3694022070973881,-0.049879936458221245,-2.0313922254027656,4.0388984101722523,-1.7058271065435973,0.73227162467247076,0.00440031724424,0.177049247913,9.5486898734214274e-06,0,4.7743449367107137e-06,19,1,1,1,0
90,14,-5.3456721413746511,6.1936831307845717,-1.8784324030065114,3.4075907324928072,4.5249751582084841,0.57579023618911662,1.90552530101,0.285327054026,2.8430396199688895e-05,0,1.4215198099844448e-05,28,1,1,1,0
90,15,-1.0887109542815554,5.0576286610903445,-1.9298754048264919,1.6083108619444406,1.4871835182985675,-0.3641445603332788,1.68168003171,0.335300510491,3.7075097462828281e-05,0,1.853754873141414e-05,36,1,1,1,0
91,0,0.29762590325031091,-4.487980619666966,-2.0114202141676283,-4.6780201492663105,-1.8611469562241527,1.6547201096997022,0.043147323324,0.0379720042485,4.4108135691595774e-07,0,2.2054067845797887e-07,12,1,1,1,0
91,1,4.3327042781330141,3.0415170081363008,-2.4161218565014537,0.20625292685811455,4.4741319404104472,3.9238433397036885,0.0535333571721,0.823995758879,0.00020682865395968644,0,0.00010341432697984322,8,1,1,1,0
91,2,-1.8202167761782286,-3.0764904237601618,-2.0268752088020117,-2.6694680170217158,1.4104569949836587,0.48424600009355501,0.0913033542915,0.0167106664923,9.3399612625116904e-08,0,4.6699806312558452e-08,10,1,1,1,0
91,3,5.519630742452768,-3.3869855517781744,3.1415926535897931,6.1026679169574933,6.2831853071795862,-6.2831853071795862,300.703233341,52.8708604333,0.94192800170552138,0.022706999999999998,0.47164521085276068,60,0,0,0,1
91,4,0.25949522001014053,-0.00095542000810173078,1.9893751112395259,-0.19054078093150309,-1.7376635279992048,1.4611945688343966,0.0394330520938,0.0179367529444,9.9558646559485628e-08,0,4.9779323279742814e-08,25,1,1,1,0
91,5,-5.9568451404565108,-4.1223750640982164,-2.1130146497317388,-2.0787805592782016,1.9577627916172844,4.9407362644568806,0.112943200883,0.95630264441,0.0002785898789696155,0,0.00013929493948480775,23,1,1,1,0
91,6,-1.6685868313229464,-5.1783305339002403,2.0601089191736075,0.98103130071379052,-5.3313214107410456,0.21530686268937782,0.0516336051536,0.551681706948,9.2713801969382726e-05,0,4.6356900984691363e-05,31,1,1,1,0
91,7,4.4528426363738216,1.129393018410783,2.0179299970029985,5.8772820877381271,4.8432852268939719,3.4933360984990274,0.00517113597198,0.602245765997,0.0001104847535231745,0,5.5242376761587251e-05,26,1,1,1,0
91,8,-5.5883093842784328,2.6832307614464672,-2.468031132079501,3.0221730189267033,0.98447414478820405,-1.9298025123401734,450.30538318,51.7782720719,1.0194510295221284,0,0.5097255147610642,60,0,0,0,0
91,9,-1.8172496379179996,-4.8927412778632799,2.2070589752336325,-4.1021425273657393,1.3494690939175127,-6.2470853002117988,4.66373416788,0.0518126246143,2.2568176494895628e-05,0.0025908092906792826,8.9008366967826283e-05,24,1,1,1,1
91,10,0.32641238844066972,2.3223871438469392,-2.3918119240890938,-0.86311235739637293,-4.3245408816557216,4.2348817556666338,0.0945576506239,0.741693020689,0.00016758158427434294,0,8.3790792137171472e-05,7,1,1,1,0
91,11,0.43864696685848703,-4.5726924632609585,-2.159579115110736,-5.1446755475378874,3.8681868764122278,1.0629772008816749,0.015820499824,0.95523565674,0.00027795607911893432,0,0.00013897803955946716,20,1,1,1,0
91,12,-5.9672940268036729,6.2831853071795862,1.9831151769290514,-6.2831853071795862,-1.8728390836775417,1.2361037995715916,20.0021808175,0.0922977321981,0.00040268223407343264,0.015137999999999999,0.00065548111703671633,60,1,0,0,1
91,13,-5.9915742014332487,0.18980969285550003,2.2327068252942257,-3.9475693088109485,1.8439491394258654,-1.6403160137998336,2.46750021639,0.088144869123,8.455287829620477e-06,0,4.2276439148102385e-06,7,1,1,1,0
91,14,3.9780214720787899,5.9505177616109126,-3.1415926535897931,3.7707636323873759,-0.83922517735637958,-1.9332829555943016,462.733444141,25.9586389414,0.41938897367827044,0.0075689999999999993,0.20992155683913521,60,0,0,0,1
91,15,6.2831853071795862,-0.29370632828133325,2.430772638783167,4.02090839839867,-6.2831853071795862,-3.0451834690375468,67.146910136,32.6479772383,0.32919749637218454,0.015137999999999999,0.16505288818609226,60,0,0,0,1
92,0,-0.72361818855614313,-4.7160722045979666,0.59893434405919965,-1.9347479578965492,2.0747639116147809,0.013836388381309093,0.0981822511001,0.776205203441,0.00018353996521711154,0,9.1769982608555769e-05,7,1,1,1,0
92,1,-4.9536463689315458,1.2509571423442303,0.20441366990541898,-4.4688792284745178,-4.8963831573410577,2.7607710521299329,199.399805605,5.38438040648,0.048591614351395085,0,0.024295807175697542,60,0,0,0,0
92,2,5.4222428592871514,-4.3445206143324206,-0.30559204487913688,2.0940561233180848,2.6521105025479157,-2.2542864786708288,202.166070607,3.71068438789,0.045065451770561392,0,0.022532725885280696,60,0,0,0,0
92,3,5.3959084588872273,1.871022177989812,-0.30133261305288045,-0.71109491628327415,3.382094397431386,1.3834007831894011,1.19004420363,0.0169089657802,1.5032993246430051e-06,0,7.5164966232150255e-07,27,1,1,1,0
92,4,1.35314448595653,1.2564792439307972,-0.0064271654536424694,6.2831853071795862,0.55073763616066451,2.8885284625265282,79.5395340511,55.7842661457,0.95426071867107576,0.0075689999999999993,0.47735742933553788,60,0,0,0,1
92,5,6.0143153192753953,6.1155251832341495,-3.1415926535897931,5.9628256277655742,-6.2831853071795862,6.2831853071795862,1337.38334276,55.2673142095,2.7190408094957079,0.022706999999999998,1.3602016147478539,60,0,0,0,1
92,6,-4.9147351574527622,-4.7880762850447933,-0.45228566934765285,5.3032031240571724,-1.4884918070956437,0.51415058004226177,2.85923964375,0.406323658851,5.8467257063298831e-05,0,2.9233628531649415e-05,9,1,1,1,0
92,7,5.3919182300152624,-4.229293970289282,-0.3919020108870418,4.2864007231667687,2.9586140365144575,0.44055260472903796,1.45521682011,0.0538123549078,2.9997578393252294e-06,0,1.4998789196626147e-06,20,1,1,1,0
92,8,-0.72104068695202694,1.5544035356690442,0.26097106051222196,-0.36000063182558645,-2.0666420645744945,-6.0734727334736407,117.903074115,1.80668452991,0.014895439344469038,0,0.0074477196722345191,60,0,0,0,0
92,9,-0.82632082827721187,1.4843832404993678,0.50504878869371617,4.6946243365931632,-2.4767606447964083,0.87286409597274695,0.192346377704,0.27402993774,2.2911452327201534e-05,0,1.1455726163600767e-05,7,1,1,1,0
92,10,2.0279935161460987,1.4358030309445311,-0.011209814564282099,-2.6216587350536904,-5.9414480622348584,6.2831853071795862,261.865008123,39.4233057544,0.54200877361002031,0.0075689999999999993,0.27123145680501015,60,0,0,0,1
92,11,-4.5871776731837484,1.3339113304835661,-0.15097885019543117,-5.2074462621123336,2.5635128384225179,-3.7288311265212224,133.164918044,2.41088550519,0.019503444220783671,0,0.0097517221103918354,60,0,0,0,0
92,12,-0.88604933018324694,-4.4406969723791683,-0.28333024308560478,6.2025927479056273,-2.9553911650840945,1.9496059437167956,62.1518106077,0.00448195146773,0.0038628536809405555,4.105529665772978e-05,0.0019326584993700096,60,0,0,0,1
92,13,-5.1783519006906253,1.2819156666924576,0.28767448454619593,1.9433283660553382,0.80675390101295297,3.2712323560255911,192.232335329,2.34402472614,0.038626976511889927,0,0.019313488255944963,60,0,0,0,0
92,14,1.4466532250310513,6.2831853071795862,1.2239316759363137,-6.2831853071795862,6.0080649322334798,5.3008074786975152,802.180911986,13.0757547319,0.69557628911577751,0.015137999999999999,0.34824228455788875,60,0,0,0,1
92,15,-4.6671443925565512,-5.2960508947620015,0.68028402220946271,-2.1552738507622449,-2.2153032948736775,-0.32811660473458915,0.0247177812595,0.673477551145,0.00013816654692018739,0,6.9083273460093697e-05,13,1,1,1,0
93,0,6.2831853071795862,-0.66923627000585484,1.6193775034994684,2.2156533970864083,-3.0507854766238087,4.0059127390344136,1009.05958204,7.83008879183,1.0368774226112372,0.0075689999999999993,0.51866578130561858,60,0,0,0,1
93,1,-5.4111085325602604,0.11494816471885752,-0.045177193862889209,3.9614551755783527,-4.6877760885253839,-3.3130304152640839,54.189741249,3.3940859192,0.0064456656659585077,0,0.0032228328329792538,60,0,0,0,0
93,2,0.9225433318785754,6.1400614692766959,0.4156736891709566,-2.263235736222831,2.4525700263039458,2.9649553088712155,33.2009959668,0.235135108996,0.001119147979335247,0,0.00055957398966762352,60,0,0,0,0
93,3,-1.985155293602975,-3.3163574180138182,0.25343834573794449,0.084388737255340796,5.1082872096548728,3.9390633437379274,188.953808832,1.5586545741,0.036443580675084533,0,0.018221790337542267,60,0,0,0,0
93,4,-2.0116052328763807,-3.1085283974176359,0.094436556699507901,-3.5905515686038729,1.6579262723662154,5.2553424585060631,209.373252287,45.5630720322,0.67622095229275647,0,0.33811047614637824,60,0,0,0,0
93,5,-1.9468498581016354,-3.069984679489123,-0.29628137552057854,-6.1010856660989816,5.8884343543096014,2.8287092919700121,112.855037668,3.83130281393,0.017207702459305529,0,0.0086038512296527647,60,0,0,0,0
93,6,6.2831853071795862,6.2831853071795862,-2.1451656454183046,-5.331415070367524,0.7267260867215849,-6.2831853071795862,994.024150415,57.2941874177,1.9880284377689954,0.022706999999999998,0.99469542888449769,60,0,0,0,1
93,7,0.93941701162007829,-6.1533902341356761,-0.18413501871029644,-1.998589639859875,2.8449829834351754,-3.1262315702450074,4.35336955696,0.325082283503,5.1143335769364381e-05,0,2.557166788468219e-05,22,1,1,1,0
93,8,4.3250300523217753,3.2786024645842962,-0.21890555692888275,2.2562299735756284,0.71247583269477444,-0.73521219865973231,206.340968193,2.45694664257,0.04441544465142884,0,0.02220772232571442,60,0,0,0,0
93,9,-1.998405002703199,3.0093253228478822,0.081139029034494436,-0.72960815887903496,4.9209375823963875,2.9237768066759937,66.4823021686,0.000337491060111,0.0044198965363285133,0,0.0022099482681642566,60,0,0,0,0
93,10,0.91363506799482341,6.1158736181314044,0.30385120977606112,3.3985986668268056,2.1888369965692869,-2.9518825119158278,180.556121283,3.11333291512,0.03555312140456153,0,0.017776560702280765,60,0,0,0,0
93,11,-2.0004065145757286,-3.0941956297803777,-0.29058704601081797,-0.45121761650587089,-1.3902357379330983,3.014011302853874,91.4062060948,0.000565669734977,0.0083550946101216203,0,0.0041775473050608102,60,0,0,0,0
93,12,-1.9743388973465228,-3.0093179933201268,-0.11172432954877343,-3.5380724115943627,-5.2760628569342227,-6.1924011030544666,193.745827453,0.721144847867,0.037695861911623038,0,0.018847930955811519,60,0,0,0,0
93,13,0.93995070887443133,-0.13054389123652102,0.047809498973599707,6.1442167319244723,-2.7556196692661135,6.14069486816717,106.513371667,9.63250652911,0.039609081089331977,0,0.019804540544665988,60,0,0,0,0
93,14,-5.3395660018741689,-6.2831853071795862,0.11409231025645256,6.186872344188024,-3.4887907816867862,-3.9900688466923873,220.031043067,5.94707752395,0.059187286896998328,0.0075689999999999993,0.029820713448499164,60,0,0,0,1
93,15,4.2445612262001973,3.2909683585400478,-0.43515749084992184,-6.1726082229261419,-4.3634573965935024,6.2831853071795862,8.34633673581,55.511768009,0.93876541701923288,0.0075689999999999993,0.46960977850961644,60,0,0,0,1
94,0,-4.5160792757767068,-3.6386270011000077,1.2555570701016223,0.90301406023150832,0.59126126781959398,-2.8792504599561819,0.178419537667,0.557415796224,9.4680233940232659e-05,0,4.7340116970116329e-05,31,1,1,1,0
94,1,-1.7517064389821002,5.6140145169559856,1.2722679238195664,1.3830870251608531,-2.6353532263340931,3.6117007749439929,0.0134782552046,0.161654758224,7.9605235386072031e-06,0,3.9802617693036015e-06,15,1,1,1,0
94,2,4.5270289841178286,5.6204582969453165,1.2447935868067905,-5.0181665402268498,3.7286012589944368,-1.7818344879332964,0.0552364718154,0.80175744368,0.00019581569730976883,0,9.7907848654884414e-05,20,1,1,1,0
94,3,4.5224030922025715,0.60782398018735284,-1.7573853067976664,0.26746204762549208,2.4797529545299204,-6.0574185348721645,1.07409255191,0.772999020647,0.0001831709558228029,0,9.1585477911401451e-05,14,1,1,1,0
94,4,-4.5499063805968198,2.5600846379688331,1.7918290339770822,-3.7946413226983289,5.2645243476680719,0.18577035222435209,0.0937570741491,0.319134372043,3.1033083801448791e-05,0,1.5516541900724396e-05,31,1,1,1,0
94,5,-1.7870989922565808,0.67013486205132811,-1.4133566684915473,-3.3045347729200167,-2.1462226453136961,3.945733766202185,4.03282517257,0.0234046283084,1.6430541175050448e-05,0,8.215270587525224e-06,32,1,1,1,0
94,6,4.4884009569588388,0.6372607787936837,-1.8001987592157034,-5.9467772980800397,2.0629051265632019,0.73215896240936895,0.124109331557,0.00420023373406,2.0777175556633946e-08,0,1.0388587778316973e-08,19,1,1,1,0
94,7,4.5017921707917354,0.62684032844412529,-1.3538153731028035,2.8040582657212285,4.0577458554525387,-2.0669756052612467,3.53706808868,0.535288846176,9.9794143764559895e-05,0,4.9897071882279948e-05,30,1,1,1,0
94,8,-4.5674128234782874,2.3528351286469955,1.8122824667911395,4.980953091807014,1.2130617304272726,-6.2831853071795862,1.67687763835,57.2918053928,0.99986409376375995,0.0075689999999999993,0.50015911688187997,60,0,0,0,1
94,9,-1.8450643267878006,5.3753587790206998,1.7844413699272845,2.4214711785440977,-1.5623285102008571,-6.2831853071795862,1.30673446217,57.0791807741,0.99245527638416065,0.0075689999999999993,0.49645470819208032,60,0,0,0,1
94,10,1.7528521228083545,-3.7571421503332956,1.3668111679631683,0.42056925077444141,-5.4914631777868284,3.4892239000487866,0.0590694387419,0.0044478398169,9.5155300083961145e-09,0,4.7577650041980573e-09,19,1,1,1,0
94,11,-1.7883121668595829,-5.628631658149696,-1.802304686318795,-6.0649234975043225,-4.1508394787411946,-5.4259956721026539,0.083006584142,0.00128174924166,7.3905432182595304e-09,0,3.6952716091297652e-09,11,1,1,1,0
94,12,-1.7436298959243339,-0.67972328072184629,1.1745831785463727,-5.1985987949316419,-2.8246206943093055,2.9685211361046644,0.0133487043111,0.469249356728,6.7075398384520486e-05,0,3.3537699192260243e-05,53,1,1,1,0
94,13,4.4978006585522161,6.2831853071795862,-2.1851055513182049,-5.2406524566406905,2.1960564922331929,-5.2642054139004015,560.557780593,3.4370713802,0.31782361098755318,0.0075689999999999993,0.15913887549377659,60,0,0,0,1
94,14,1.7573292677225829,-2.0631214589906874,-1.8417763853144309,-1.3041514466672466,5.5497283146015226,-6.1157410217536778,1.90261169218,0.070296239221,5.125216888501108e-06,0,2.562608444250554e-06,34,1,1,1,0
94,15,-4.5381716274069586,-2.4215356087160167,-1.472621909699134,1.598729978439845,-5.3957602820397712,3.387113373807936,0.0408744364129,0.0657788398609,1.319706361047592e-06,0,6.5985318052379598e-07,14,1,1,1,0
95,0,-3.4871329417728796,-2.841735185399398,1.2268274756546993,-0.25144503342407915,1.101007277140704,2.1042126100502774,1.12767445811,0.385447045666,4.6528484590125554e-05,0,2.3264242295062777e-05,21,1,1,1,0
95,1,-6.2831853071795862,5.6860210081584981,-1.6638839597256134,-0.53310858928821958,-0.82886667055450647,-3.5837787113816355,623.444004621,11.834008179,0.43134219255209627,0.0075689999999999993,0.21589816627604813,60,0,0,0,1
95,2,-5.9278534510563601,-2.3807350864233898,1.920297084833904,3.5074902525300193,-1.8950399140076848,2.1544120044754744,644.730314654,18.501206769,0.51994609230585742,0,0.25997304615292871,60,0,0,0,0
95,3,2.7845434091881223,4.5736751515397005,-1.1408937534646337,1.1846747259499641,-5.1170276261237317,-4.8782584157769211,0.0525382244557,0.0831096955411,2.1068202541007591e-06,0,1.0534101270503796e-06,49,1,1,1,0
95,4,-3.4964311185637902,-1.6141816965856584,-1.3085596193059419,-5.4398099404635305,-5.1300947402663013,-4.7554443796972867,0.218151919158,0.741568372665,0.00016756391400976639,0,8.3781957004883193e-05,25,1,1,1,0
95,5,-0.97283386964653695,-6.2831853071795862,-1.4643190302300482,1.323521600470267,-4.4176382316567357,-6.2831853071795862,461.289185761,41.1605186934,0.72886698120809068,0.015137999999999999,0.36488763060404533,60,0,0,0,1
95,6,3.1413931353253997,3.5679892643763536,1.150572165926413,-6.0196116480427158,6.2831853071795862,-5.609078262534549,136.777692193,46.4110854186,0.67485066273686956,0.0075689999999999993,0.33765240136843477,60,0,0,0,1
95,7,-1.3687130681891084,-1.5724596775815756,1.8266474801748598,6.2831853071795862,-0.95434354585731374,2.8920123376313236,505.77181995,56.873037026,1.2411030758286554,0.0075689999999999993,0.62077860791432771,60,0,0,0,1
95,8,-0.89318629927306936,-1.7220982880807458,1.2704536477117074,-0.69699892377169248,2.3842617995067465,1.0932370743237989,0.843416271831,7.86668185442,0.018851863932206225,0,0.0094259319661031127,60,1,0,0,0
95,9,5.2912320994551765,4.5155602337096212,1.320316673688394,5.6995235345875175,1.7684689787287002,-6.2386854141853387,4.75143359806,0.0107932222829,2.2611607230995471e-05,0.001806259095500412,6.5493576480510102e-05,43,1,1,1,1
95,10,2.7965713135294208,4.9394158671075923,-1.3908209994554688,-2.2921385982239748,-1.094620111573035,5.3826746221096045,0.880919184214,0.58174106181,0.00010386545700816358,0,5.193272850408179e-05,24,1,1,1,0
95,11,4.2689949038251607,-6.2831853071795862,3.1357268408972789,4.1427527095437267,-5.1721982578527355,5.3665258842209145,1069.41211128,57.2137381898,2.1407805316363104,0.014151756350046191,1.0708148185086566,60,0,0,0,1
95,12,-5.9331853071795866,-0.81452895678422998,-1.5206301986387507,-3.9743299339428471,0.94654999164684206,-0.25382460457034733,741.090676428,24.5998532331,0.73355546883242206,0,0.36677773441621103,60,0,0,0,0
95,13,-0.94096857313509086,-0.28537892163176753,-1.4554691398482598,5.92687846173654,-4.2494588828962669,-1.546490384381898,0.0167646949617,0.772183433536,0.00018163367378458357,0,9.0816836892291787e-05,16,1,1,1,0
95,14,2.7244350536922055,-2.5596565756875824,1.1986995503939628,-4.2302485742087326,4.7596124605254264,5.9964529531129855,0.00375386709526,0.612045131548,0.00011410946896393035,0,5.7054734481965177e-05,16,1,1,1,0
95,15,2.5414566186926351,4.7378011478077626,-1.380313638600438,-0.01405061954468817,3.0179935535047311,6.1663873672236971,31.6550616767,56.6362809742,0.97811369088736999,0,0.489056845443685,60,0,0,0,0
96,0,6.1715387244294826,-0.40547523761023102,-2.5288808294055105,2.9038243265568493,6.0773606453724742,-0.78025053130388022,347.662808279,0.0723957600499,0.12087102480507321,0,0.060435512402536605,60,0,0,0,0
96,1,6.2831853071795862,3.5783696548828359,2.7929342967319792,-3.3977604119224751,0.92388201186638885,1.6415885092943521,269.76569517,9.36102662273,0.099466795164543209,0.0075689999999999993,0.049960467582271607,60,0,0,0,1
96,2,-5.5016816814187637,-1.0549256370094022,-2.616858453979833,1.20117951900313,3.0119240586796354,-1.3169016998942025,4.58600191103,0.0311829101776,2.1327615552579314e-05,0,1.0663807776289657e-05,8,1,1,1,0
96,3,0.72192647258246734,-5.9590761783321105,3.1415926535897931,4.8140585989545635,1.7927605499700678,-2.578560764811519,399.55698834,0.0882053155056,0.15964815690877054,0.0075689999999999993,0.080051148454385268,60,0,0,0,1
96,4,0.84267126618574884,5.7505591937436797,-2.4027040133344131,-2.786120295709857,-2.8062207394766592,-4.3883266926987652,3.98645236939,0.927681691636,0.00027804351942130979,0,0.0001390217597106549,21,1,1,1,0
96,5,0.84193538345838648,2.8629445725777485,2.5631817905616505,-1.7370500617364784,-2.7218978560633431,4.175263999349097,3.55589400336,0.578648478398,0.00011464067004984275,0,5.7320335024921373e-05,4,1,1,1,0
96,6,-4.3642476567181525,-0.027622542276028575,-2.7681906046129119,-0.13782388528204548,1.7755577359619998,4.5281711224747418,0.850375035056,0.0063721351936,7.3550641853013143e-07,0,3.6775320926506571e-07,18,1,1,1,0
96,7,-4.9815411486810177,-2.903958633297572,2.2801578451441422,-0.32486509726112411,-1.8227097871422764,-6.2413696946552371,21.9891041298,4.48785893077,0.0066187829227736753,0.0020416288715497505,0.0033706403275333302,60,1,0,0,1
96,8,1.3180999210547044,6.041686126599159,-2.7496687621702018,-0.56671180714969505,-5.6852949629927485,-5.0552149298916209,118.951677059,1.00342876704,0.014456211400462897,0,0.0072281057002314486,60,0,0,0,0
96,9,6.2434312272446544,-2.5002131550608055,2.9823230112511383,2.6306439105481845,0.71498759085714625,2.1453757147538273,320.922461427,8.68759477217,0.12598201366588715,0.0022321769627948085,0.063057972141827415,60,0,0,0,1
96,10,-5.6163247322113117,-6.2831853071795862,-2.8477793358632022,6.2831853071795862,-4.5775638953406768,-6.256977046715015,179.196524692,0.553845485847,0.032204834278036637,0.018833635595743407,0.016667426206890622,60,0,0,0,1
96,11,-3.885097895069999,-0.60148268226198132,-2.6206106655386034,0.68844327369227176,4.5431563918364741,2.3164210237564005,24.2672941484,0.163314808001,0.0005970262377979807,0,0.00029851311889899035,60,1,0,0,0
96,12,-5.0872120203059668,-2.7217934993661914,2.4005132487069001,-5.9510479451805889,4.9029106638531728,-3.4218225478871829,74.8796442283,0.165605252569,0.0056153152828518236,0,0.0028076576414259118,60,0,0,0,0
96,13,6.2831853071795862,-2.7018702603805647,2.8628240503294777,-3.4335102385046921,-4.1563428148429953,6.2831853071795862,180.431710033,10.5495210597,0.066457204067016537,0.015137999999999999,0.033682742033508267,60,0,0,0,1
96,14,1.6837524456158377,3.6635915137470993,2.3174558462209158,6.159403357645461,-1.2643430954746266,2.3451244716414061,50.6159543249,0.347309698729,0.0025987190120357584,0,0.0012993595060178792,60,0,0,0,0
96,15,-5.2082547418033123,5.7824612716720969,-2.3553986287606499,2.8927337337392491,4.5275228722796079,-3.8034607021227784,44.3680399448,0.227700693085,0.0019843166523910148,0,0.00099215832619550738,60,0,0,0,0
97,0,-5.2070210236373065,-6.2831853071795862,2.5660424209221713,5.5532371758586514,3.2914109513215899,5.881266472099778,166.89483746,12.9492834235,0.07893333627310499,0.0075689999999999993,0.039693738136552498,60,0,0,0,1
97,1,2.8324035446839235,2.6797831294286767,-2.2155095170667578,-3.5695801506799567,0.63898158623809409,2.201415484783618,407.470444373,37.3622221751,0.5912584776674642,0,0.2956292388337321,60,0,0,0,0
97,2,1.4697641914210815,-3.2095290510955787,-2.7177417500472028,4.533185307179588,-3.1295184459253829,-0.71370231199278322,184.608716927,1.23285331594,0.034543374697265448,0,0.017271687348632724,60,0,0,0,0
97,3,5.6291746906188829,2.6871775134340727,-2.3853728193255623,2.1896241721276675,4.6535292322665871,-4.3458424902886765,0.722637491637,0.906091046915,0.00025061340672857211,0,0.00012530670336428605,26,1,1,1,0
97,4,0.19975813623721075,0.32476280890760434,2.439943681099884,1.49436443295014,2.2070509040294568,-2.3174136582637321,4.94295415063,0.852697503498,0.00024591799923148825,0,0.00012295899961574413,9,1,1,1,0
97,5,0.12690864504460583,-3.5033976630449679,-2.5499570011923782,-1.6337800946688112,-4.1283052225759649,4.1458358759767959,0.235525548513,0.0277740017477,2.9045269126185275e-07,0,1.4522634563092637e-07,18,1,1,1,0
97,6,-1.191534830837027,-5.6660523035029131,2.3823174115690513,-0.60596170179617181,4.4115240191100193,2.7140500355247177,0.01804381751,0.133499324714,5.4292384663515492e-06,0,2.7146192331757746e-06,29,1,1,1,0
97,7,0.1478558196339177,1.9326424872118724,-2.6598042581232808,-5.3576716911873126,4.0971525834988594,-5.5916196186318778,0.0214058568955,0.899440443065,0.00024643385219302074,0,0.00012321692609651037,36,1,1,1,0
97,8,-1.6617048309446445,0.76158414135900321,2.3973765462100034,5.7092321216877675,-2.5874854891696919,4.7065931928210363,14.767354152,56.0992918242,0.95888886054315503,0,0.47944443027157752,60,0,0,0,0
97,9,-0.84089899116615696,0.77397760574036434,2.4939805630564318,-4.8297110173577611,-5.5713483852992027,5.5908910113333983,79.2673439804,46.1152092273,0.65408653118205562,0,0.32704326559102781,60,0,0,0,0
97,10,0.018587870188579863,-3.4707868637755155,-2.535779305614406,-1.683787411748404,2.0127051460266836,-2.2003164133876174,0.258554729325,0.126884291467,4.9710762941277338e-06,0,2.4855381470638669e-06,19,1,1,1,0
97,11,-6.104576888707828,2.8316678273610392,-2.6611827925913061,5.1526407631269358,2.2332359064351857,4.4111796608734233,0.0858578586416,0.13985252654,5.9653011888763191e-06,0,2.9826505944381595e-06,46,1,1,1,0
97,12,0.52839771673071123,-3.3434490286470337,-2.5976914809402207,4.0479951195108193,2.8355639714189622,3.7228855722517191,114.630748165,19.8168437254,0.1327656914313376,0,0.066382845715668798,60,0,0,0,0
97,13,-6.088025524845313,5.9797944061296313,2.4668649241120635,-1.2232374793974532,-1.9390637275999436,6.2831853071795862,25.5701390599,29.4441112205,0.26474363601771173,0.0075689999999999993,0.13259888800885586,60,0,0,0,1
97,14,4.8834051238273224,6.0673159986475111,2.508458521549723,-6.2831853071795862,-4.9590135482797937,5.4617915769011924,194.673767721,56.1615335364,0.99869711675317308,0.0075689999999999993,0.49957562837658653,60,0,0,0,1
97,15,-1.0809799089224106,0.26780613492977434,2.7773795439619846,4.0335210215329464,-6.2831853071795862,-0.42254573363290598,111.688692662,5.41008676315,0.021390223142857961,0.0075689999999999993,0.01092218157142898,60,0,0,0,1
98,0,-3.1935418679453278,0.27804742290328749,-0.10589842324792359,2.4611238004392155,-4.9767552542266866,-3.7747469395927622,39.4530735758,0.000125385141267,0.0015565450193668652,0,0.0007782725096834326,60,0,0,0,0
98,1,0.21445587229734633,-3.2494033015481372,-0.3295949549115067,0.65942052081263436,3.8961707435955817,0.78580365242399075,30.1985985665,0.000431242551912,0.0009119554120293297,0,0.00045597770601466485,60,0,0,0,0
98,2,0.28929966369449145,3.4273709246379855,-0.73716899140491732,3.9386361354654507,-4.8485773792060449,-0.95608137250099101,3.29523870413,0.23547604148,2.7749319103801412e-05,0,1.3874659551900706e-05,11,1,1,1,0
98,3,6.2831853071795862,3.7308981164524573,-1.5130879508480788,-6.2831853071795862,2.2111215158956186,4.9579639968642981,276.451732392,57.2957118695,1.0764231991376743,0.015137999999999999,0.53866573956883712,60,0,0,0,1
98,4,0.35216683490501199,2.2779248756720416,1.1800226776713072,-1.6891629147673568,5.734283754160221,-2.4990764810454982,0.0656962359175,0.67505424359,0.00013881793556417063,0,6.9408967782085316e-05,11,1,1,1,0
98,5,-3.1417620276921521,-5.9051309270828982,-0.62759640213795498,6.2430205364171885,-1.9011148398170485,-0.70108752659423434,8.46260467498,0.0971393670842,7.4490065110884945e-05,0.0021935386977387501,0.00010305119348760498,60,1,1,0,1
98,6,-3.1964189426613272,-0.34028629134265009,0.84668430661222271,-1.0016147664776478,5.0112602719066759,5.3690055521465894,1.33490846013,0.0915979007646,4.3377741862972412e-06,0,2.1688870931486206e-06,37,1,1,1,0
98,7,0.22972069409907486,3.2731042445473495,-0.46010901500687984,3.4336183297075067,-4.1281205506349306,-3.8093163130414958,0.0119713196692,0.659527935039,0.00013250174429643754,0,6.6250872148218768e-05,18,1,1,1,0
98,8,-3.1109429017951986,0.097376245907997525,0.056253307115326473,-4.8875953655845334,2.3342561589113617,6.1965010210148632,8.25307035927,0.000569235492598,6.8113269059903308e-05,9.967522578530114e-08,3.4059624786725212e-05,60,1,1,0,1
98,9,6.2831853071795862,2.3314823055707494,0.99729537754523612,5.929605209261001,-6.2831853071795862,-3.882398970412348,393.953443414,1.65307223855e-07,0.15519931557750205,0.015137999999999999,0.078053797788751031,60,0,0,0,1
98,10,6.2831853071795862,2.1549372856362927,2.9934252136066362,-3.3202370962594063,1.6516871663120789,6.2831853071795862,898.203640782,50.1660599519,1.573380205290005,0.015137999999999999,0.78714424264500249,60,0,0,0,1
98,11,6.0632883750076951,-6.2653615756351551,3.1044968144931877,-2.4997286034612767,-1.2191322522134245,-1.1079692361826841,1080.01463484,10.4335765573,1.199592117511729,0.0072757813929088221,0.60001433219765177,60,0,0,0,1
98,12,-3.2460707271981586,-5.6396015356962454,-1.1257218624045826,-0.29759921768843883,-0.53499541626271119,5.5489907139714445,0.812515756468,0.188671409752,1.1503617946218623e-05,0,5.7518089731093113e-06,18,1,1,1,0
98,13,-3.2065922640858857,1.0444541773830975,3.1089919182659735,5.220333737788418,-5.1133334609196934,-3.540991970040571,1175.8007855,26.4116665095,1.5950013273400294,0.0029592799973091307,0.79758944206993398,60,0,0,0,1
98,14,-3.2483583103307749,0.2712921431456134,-0.086194230660628396,-4.1054347416009627,0.48083869219939912,-3.9295554202957996,4.29592771718,0.664279488353,0.00015287268262396866,0,7.6436341311984329e-05,10,1,1,1,0
98,15,0.20884853264792819,-3.3848559336689927,0.14397741522907787,-5.010067009689199,3.7958342319535654,3.2919220538368053,34.9187894582,5.12094933028e-05,0.0012193218580249961,0,0.00060966092901249805,60,0,0,0,0
99,0,-6.0808657090078198,-6.2831853071795862,3.1233068711059677,-5.9331853071795866,-1.9773993396516913,-3.2960693658432709,441.366025264,29.8654370016,0.46650574783117249,0.012290643688860155,0.23362159322625206,60,0,0,0,1
99,1,0.99813782683165997,0.27358304705959713,-2.2792186400300132,-5.5926441035407812,2.3261264630266654,-1.4957197696293487,3.78553720426,0.0339904949505,1.4682232802203634e-05,0,7.3411164011018172e-06,20,1,1,1,0
99,2,-1.5875456150661578,-3.6987811773168451,2.1514376232078347,-0.61685107780985704,-4.7585267654253434,-4.9729133508150847,0.00300906696794,0.19957627567,1.2133131012764369e-05,0,6.0665655063821843e-06,19,1,1,1,0
99,3,4.8172728381862315,-3.210922183418349,2.1822642814502555,1.606033239835333,-0.87626607088018993,-1.9333858235650605,0.0264239780725,0.344134435702,3.6076085321971322e-05,0,1.8038042660985661e-05,13,1,1,1,0
99,4,-5.3580195161302937,0.1761709335329763,-2.2500385751554077,-5.1000871917962964,-4.3939483456809638,-1.3838107079347464,0.739055336088,0.332675745325,3.4259172647851112e-05,0,1.7129586323925556e-05,25,1,1,1,0
99,5,-5.3160138384366933,0.4608256177077199,-2.3090660934357548,6.2469033395588518,2.1167964104273609,-1.30745994469462,0.895051128966,0.618692670962,0.00011740276166782062,0.0025723188084242296,0.00013587094508663719,14,1,1,1,1
99,6,4.8866913998880683,5.0421471366994712,-2.3496275361586325,5.468068286747191,-0.27296545523725052,-2.9801738488695433,1.13960525437,0.500130140136,7.7492703194068983e-05,0,3.8746351597034491e-05,17,1,1,1,0
99,7,4.8696208935418319,4.7157084977660073,-1.8985777950290539,2.5495758285533299,-5.8552315568047471,-6.2629262806998174,2.27789626093,0.0577193948357,6.2036530034061399e-06,0.0044543575464281952,0.00013673255289454892,15,1,1,1,1
99,8,-5.2914374569129796,-5.7453068259924924,-2.1233379795214606,3.9061975355088303,4.0018493356542502,-4.5974219566495389,0.87123631536,0.444866010551,6.104459692622753e-05,0,3.0522298463113765e-05,16,1,1,1,0
99,9,0.99879116964276293,4.8387390144362969,2.0860173122032184,-4.7302068804569792,-2.3305867459212073,1.6836303516967124,3.11617703126,0.914434033547,0.00026442847821514325,0,0.00013221423910757162,11,1,1,1,0
99,10,-5.2407354880119339,4.8374302422706634,1.8333035113287002,-5.4248133357263786,-2.7252545373365056,-5.1132419097790995,0.422200903872,0.90979627176,0.00025231900388121564,0,0.00012615950194060782,35,1,1,1,0
99,11,4.8037773985899186,-3.6030461309448798,2.0362394909358503,-1.2889697742226631,5.3257623184649168,2.3135866826176006,0.0258292747942,0.879748587966,0.00023576162759484208,0,0.00011788081379742104,7,1,1,1,0
99,12,1.0540846936566646,-5.818520278793657,-2.0098406753275011,-2.4443489035698778,3.3195459286093256,1.5870092118466279,2.97319047747,0.65150130471,0.00013813592869448842,0,6.9067964347244211e-05,17,1,1,1,0
99,13,1.0125025104821233,-1.8879273973054636,2.121832918284833,-0.8559597390385576,2.4351472264121776,4.8310744631449598,0.334692360289,0.443695119209,6.0080636622063233e-05,0,3.0040318311031617e-05,12,1,1,1,0
99,14,0.91154075482159902,0.4236239751489656,-1.9231707821386379,-3.3702859690701255,4.4714110537177838,-4.2592076943377721,0.011501867406,0.270141058583,2.2229951463409836e-05,0,1.1114975731704918e-05,29,1,1,1,0
99,15,-1.4352755520088756,3.0622669672003653,2.1981144445304679,1.7332565017898751,-0.66848573342122974,-2.0135865690326904,0.0543944610226,0.0179439625671,1.0104123874302073e-07,0,5.0520619371510365e-08,6,1,1,1,0
