target_id,best_seed_id,q0,q1,q2,q3,q4,q5,pos_err_mm,rot_err_deg,pose_cost,limit_score,total_loss,iters,success_loose,success_medium,success_strict,near_limit,success_rank
0,3,4.3430945490920081,1.2256163254360963,-0.96215346463226381,-4.7799596884574331,-0.54330728763696678,3.5540098882470761,0.397761034418,0.0172998668225,2.493813844154863e-07,0,1.2469069220774315e-07,23,1,1,1,0,0
1,2,-4.6562138758360456,3.063122424139435,-1.5470255947674261,-0.59410012997594841,3.885243232534175,6.0943898015046623,0.267985029988,0.00866148745721,9.4668790923949486e-08,0,4.7334395461974743e-08,33,1,1,1,0,0
2,1,4.2136740711053253,1.2611586104151147,-0.94392812890001709,1.616051078684404,-0.58694716464279428,3.562355782577034,0.0783189868407,0.0236276654772,1.761915876050241e-07,0,8.8095793802512049e-08,11,1,1,1,0,0
3,2,1.5959870420885129,-4.7369021398971034,1.6329410789020697,3.9421407637892214,-2.2779374581440641,6.042011799385568,0.0221128542358,0.000459481978872,5.5329027582425771e-10,0,2.7664513791212886e-10,21,1,1,1,0,0
4,3,-2.048077186815545,-6.1085141392925983,1.5431561059924794,2.9730955683273077,-5.7356481531874257,-5.9006530326915829,0.325434327513,0.0405251461328,6.061768729041672e-07,0,3.030884364520836e-07,10,1,1,1,0,0
5,14,-4.640062826031321,1.9481346597287517,1.0433727251351781,-4.2856642540489176,2.4398921726584981,4.0572694459843266,0.00699818736185,0.287430495296,2.5166409952882997e-05,0,1.2583204976441498e-05,9,1,1,1,0,0
6,14,1.665624798166859,1.8232065368828416,1.011217385409664,1.182693180942662,-3.8969940389305306,2.5842956257392982,0.0380069920434,0.0107690343052,3.6771653273095206e-08,0,1.8385826636547603e-08,14,1,1,1,0,0
7,6,1.7232512993129683,-4.8250150108769194,1.635139581363237,4.0242530937966343,-2.151132573281048,-0.27733135745340848,0.0538014739755,0.000435635674323,2.952408420882041e-09,0,1.4762042104410205e-09,21,1,1,1,0,0
8,8,-4.5000693003940144,-4.4869776582826892,1.0234543897935007,1.1271545450599159,-4.284568007465916,2.9719218684734523,0.168924730223,0.0313183251477,3.2731574993130164e-07,0,1.6365787496565082e-07,21,1,1,1,0,0
9,15,-1.88916813312762,1.2625177879683405,-1.0667356613804537,1.4713613531015166,-0.76080455890004428,3.5801159511797032,0.0620656015124,0.0106286512769,3.8264229012049885e-08,0,1.9132114506024943e-08,14,1,1,1,0,0
10,10,-4.6081108649959708,1.5420446360533739,1.5925772979635264,4.3255703307320692,3.954533084128157,6.1750905493395205,0.121047466294,0.00253020761163,1.6602634756766531e-08,0,8.3013173783832655e-09,13,1,1,1,0,0
11,3,-4.6543484757092415,-4.7603451913479242,1.5489757910877249,4.3599366662004888,-2.3510949435119324,6.1914279085388104,0.434638564361,0.0457334045488,8.2603150711482829e-07,0,4.1301575355741415e-07,20,1,1,1,0,0
12,2,-4.667842126046799,-3.2309837619203452,-1.5754456183037922,-0.47989593488743476,-2.1925947635791019,-0.092443052234619405,0.0827555902156,0.000820310578137,7.0534676506975735e-09,0,3.5267338253487868e-09,29,1,1,1,0,0
13,6,1.5523106186938764,-3.1988096428195338,-1.6108950444137822,-0.54816739863192709,4.060505341838069,-0.18730520060744998,0.0389815113353,0.000441005024981,1.578801876481162e-09,0,7.8940093824058098e-10,20,1,1,1,0,0
14,7,1.6061442831337016,3.0899593973369965,-1.6122593029160821,-0.59050748668571196,4.1593415383263892,6.1881545872496106,0.0641999163899,8.2611172428e-05,4.1237081582806767e-09,0,2.0618540791403383e-09,15,1,1,1,0,0
15,14,1.5803961992535758,3.0839177923235108,-1.5866676598975022,5.8184229509117174,3.9927714978166646,-0.071935810985206003,0.469209541816,0.00452193421991,2.2638637734574365e-07,0,1.1319318867287182e-07,38,1,1,1,0,0
16,1,-4.7432499529764325,1.5431273399692256,1.5525828699071778,4.2670657578365523,-2.3615824130373744,-0.25514185215872953,0.336032015709,0.00613282599492,1.2437465032318722e-07,0,6.2187325161593611e-08,18,1,1,1,0,0
17,11,4.2080197973998583,0.22973145547485857,1.0163212488167046,-5.7168383719300069,-0.69865804256654618,-3.2035303344355368,0.174706746909,0.0172983268002,1.2167376070736329e-07,0,6.0836880353681643e-08,39,1,1,1,0,0
18,6,-2.0957924810603528,1.1844049170613749,-1.0356440373668847,1.5078026362990848,-0.70626626136962478,3.7290505143127439,0.394911721021,0.0349568986806,5.2819311364434716e-07,0,2.6409655682217358e-07,21,1,1,1,0,0
19,4,1.5680326129622273,-3.2568795350750954,-1.571927993317161,5.9015961804969042,-2.3985822678488335,6.1797593375707969,0.0471982591716,0.00373598624882,6.4794017115097446e-09,0,3.2397008557548723e-09,14,1,1,1,0,0
20,7,-2.0856250854490526,1.62950743470194,-1.5859834898536362,-1.3882397230769781,0.65400359290424515,0.48207258644710516,0.0492096031623,5.27184687187e-06,2.4215935094284788e-09,0,1.2107967547142394e-09,25,1,1,1,0,0
21,11,4.2031009327074589,-5.0701683756146618,-1.0497127418159125,1.4762818877844217,-0.56439494334791396,3.4061037668941836,0.0426318039622,0.00406124062599,6.8417315589804565e-09,0,3.4208657794902282e-09,15,1,1,1,0,0
22,13,-2.0805908325814029,1.3334293777466502,-1.0076854277842109,1.7784828262223713,-0.61981711659218985,2.7856348764141905,0.0415465522661,0.0305225691715,2.855159986549854e-07,0,1.427579993274927e-07,12,1,1,1,0,0
23,9,4.2382892351002832,0.01401298916855594,1.7240006619397716,-2.2555345578482133,-5.3556636627363829,-0.11100537840125216,0.023565330224,0.00300694591514,3.309591343632273e-09,0,1.6547956718161365e-09,17,1,1,1,0,0
24,11,-4.7018898777870364,3.0791333090820232,-1.6202520669394684,-0.74451669543424359,-2.1446386744019614,-0.036212882395716836,0.119316421095,0.067977830288,1.4218690610125268e-06,0,7.1093453050626338e-07,46,1,1,1,0,0
25,9,1.5764889685497645,1.8209353259804091,0.97039510922011751,0.92733845836621154,2.0798880063874927,2.484369745878213,0.118515461802,0.0142119998371,7.5572827283113674e-08,0,3.7786413641556837e-08,17,1,1,1,0,0
26,5,-4.6285124189330729,-3.2524288047079235,-1.5675226822177213,-0.65270118360025597,3.8517929293451854,-0.48733215604400482,0.0802707361034,0.00495789165175,1.3931097326388028e-08,0,6.965548663194014e-09,16,1,1,1,0,0
27,12,1.6495508731516284,-4.7855747746143864,1.5784722978358541,3.8749879625116872,3.9980829395589139,-0.52018173424858871,0.0270908173345,0.000359806960674,7.7334847454700514e-10,0,3.8667423727350257e-10,29,1,1,1,0,0
28,11,1.6053355629194566,3.0166853088614163,-1.5623392149119286,5.5809597373036031,3.837326590324782,5.4578490204110501,0.185880683619,0.0921816943248,2.6230274210810356e-06,0,1.3115137105405178e-06,10,1,1,1,0,0
29,9,1.6390950005629541,2.8684343989687791,-1.4399753446303107,6.129161701415013,-2.6858566480608834,-6.1299824412795623,0.0776877126377,0.0257034407962,2.0728601759623232e-07,0,1.0364300879811616e-07,55,1,1,1,0,0
30,11,4.2885799768245843,0.25284254219823216,1.515220742898719,-2.9905312831894491,-5.7473566816648063,0.21675174463256819,0.0394739060763,0.000248219877852,1.5769576868286852e-09,0,7.8847884341434261e-10,57,1,1,1,0,0
31,14,1.6252316211911895,2.9440626526776446,-1.5216156974690638,5.8728371312708632,-2.6305512083665588,5.7482971419113262,0.209348004128,0.0130973901,9.6081154766479996e-08,0,4.8040577383239998e-08,16,1,1,1,0,0
32,5,4.2558118794050257,0.15736357078590799,1.5817239010099988,3.4763246091978903,0.71212458357455,-0.013499661982924255,0.144080280278,0.00363175023679,2.4776912065032294e-08,0,1.2388456032516147e-08,46,1,1,1,0,0
33,2,1.7052341364141863,-4.4746470755964181,0.90324011954704764,-5.209346091489599,-4.4342785745577142,-3.8552625656069379,0.0942008867755,0.00611141131691,2.0251069174409744e-08,0,1.0125534587204872e-08,14,1,1,1,0,0
34,0,1.6901691940121744,1.5178124772960806,1.5268610673118468,3.9770230568222034,-2.2645363192596113,5.5856828887965895,0.0619143231106,0.00918210731535,2.9516011548589539e-08,0,1.4758005774294769e-08,14,1,1,1,0,0
35,6,1.5878702378688918,-4.6875257741525456,1.4963401775769403,-2.1235772932141446,-2.5202734969792902,5.7899980126545589,0.0378772611631,0.00732662636906,1.7786383671571933e-08,0,8.8931918357859663e-09,21,1,1,1,0,0
36,7,-4.6559374497473103,-4.6864101857554017,1.4985861562167806,3.9745728630481771,4.0007234792374167,-0.30531295498664146,0.0204324301533,0.000570778263382,5.1672484890611366e-10,0,2.5836242445305683e-10,9,1,1,1,0,0
37,5,1.6375402842330793,-4.6655511721002494,1.5219903204021437,4.0466833522561192,3.9314472925472441,-0.4870500079734314,0.533478653388,0.0191967463311,3.9685558330531322e-07,0,1.9842779165265661e-07,15,1,1,1,0,0
38,2,-4.5687116754382222,1.9698353946155178,0.83394034829580344,1.1999044024762167,-3.9417426042708108,-3.4192696482235472,0.0984451900216,0.00247218177775,1.1553180465891823e-08,0,5.7765902329459117e-09,38,1,1,1,0,0
39,15,4.3982208797473534,0.19075731502697235,1.4648181401850495,-3.1119836214413175,-5.7164389996059963,0.093798312878353038,0.149046979503,0.0147738284422,8.8702629929210338e-08,0,4.4351314964605169e-08,19,1,1,1,0,0
40,13,-4.6043527199568111,2.744728242551302,-0.85627549785642565,-4.2119109630652645,2.3909406427678266,2.5223538016824287,0.0251701458021,0.0146912585249,6.6380051273989353e-08,0,3.3190025636994676e-08,25,1,1,1,0,0
41,5,1.6837410979692757,-4.4519215935102254,0.95687511576095741,0.94277076723746633,2.1851291516804583,3.155685579811764,0.355201105264,0.112825811121,4.0038451225287625e-06,0,2.0019225612643813e-06,48,1,1,1,0,0
42,8,1.6782085883412567,-4.7727223480809418,1.5443625368180789,3.9308787520220099,4.1541891909264619,-0.45395176227475287,0.398252961441,0.00650946969086,1.7151303482544629e-07,0,8.5756517412723143e-08,17,1,1,1,0,0
43,5,-4.6294330239681853,1.5372078000224927,1.5122353205599306,-2.1674014918237976,3.9310406350610037,-0.71483655603179685,0.097755423248,0.0013827741748,1.0138570904029368e-08,0,5.0692854520146842e-09,18,1,1,1,0,0
44,0,-4.6312628274075696,-4.7178635669582496,1.5394072072392921,-2.2209832702239716,3.8642664840667691,5.7924336012571107,0.0208802026871,0.00440500357379,6.3467964841386796e-09,0,3.1733982420693398e-09,23,1,1,1,0,0
45,13,1.677984391559654,1.8032752195978636,0.98512545983723654,-5.2910990665154625,1.9444772335664202,2.3562577715832118,0.00976345553968,0.0560057524505,9.5557182081699616e-07,0,4.7778591040849808e-07,12,1,1,1,0,0
46,7,1.6277453787426761,1.5110252489997074,1.636294440945165,3.9851137195510469,3.811400328797502,-6.1721926503882916,0.0642039578633,0.0458456071276,6.4437303991205242e-07,0,3.2218651995602621e-07,17,1,1,1,0,0
47,8,1.6202332721321351,3.0429576287073279,-1.6046324424395417,-0.53021818655685571,3.7245884387778858,-0.62768836484032819,0.0815764917981,0.0151490757548,7.6562745309176459e-08,0,3.828137265458823e-08,15,1,1,1,0,0
48,12,-2.0335360936524598,-5.8812315378047382,1.3329620599292602,2.4599389873747932,-5.7730182972999478,0.87455673745226403,0.0215548825419,0.0119491092194,4.3958257092315403e-08,0,2.1979128546157701e-08,17,1,1,1,0,0
49,0,1.6483777709745724,-4.8341957854610129,1.6284595998879348,3.8749440311607333,-2.2690308073834911,5.6861736754656187,0.0918497106147,0.000374963110851,8.4791977372686783e-09,0,4.2395988686343391e-09,48,1,1,1,0,0
50,4,-3.4828478935230835,-5.0755551979648139,-0.11836956919870879,4.6687278030838906,-4.8688574510019853,-3.9453828088085494,2.15940211556,0.00188530779615,4.6641002244287638e-06,0,2.3320501122143819e-06,35,1,1,1,0,0
51,14,0.22306994991999982,-4.12852456677048,-0.20361417840417331,4.8854570379255033,4.9620963205500237,-4.2873838779840421,1.69715167507,0.00859127942066,2.9028076449368758e-06,0,1.4514038224684379e-06,40,1,1,1,0,0
52,13,-3.4592239564978065,0.94403082799461902,0.27891938458698701,-1.7228523397987789,1.2814645329482666,2.1473777409301689,1.11399508042,0.158503625415,8.8940101010482546e-06,0,4.4470050505241273e-06,13,1,1,1,0,0
53,0,-6.1177281853606571,-4.0484250663935368,-0.32779974982869642,4.8816596997472512,5.0202962432207299,1.8630192625989821,4.11612629216,0.513800777843,9.7358825818529376e-05,0,4.8679412909264688e-05,12,1,1,1,0,0
54,6,-6.1584107362932468,-4.2917588615152198,0.069976372346811117,-1.4221676706020119,-1.0931459176288725,-4.2131399791096822,2.76037674633,0.0016192384212,7.6204784681468717e-06,0,3.8102392340734358e-06,19,1,1,1,0,0
55,9,2.560034940675656,0.93507238422272776,0.27089763552801982,-1.2860516157795825,-0.012454136198759933,1.8391577708990139,0.706554562765,0.0466267977932,1.1614753715822591e-06,0,5.8073768579112953e-07,32,1,1,1,0,0
56,2,0.22180851511151989,-4.3452820429356454,0.031815452392976507,4.9974392743713993,-0.97675194475544302,2.1595438920516936,12.5384215579,8.33969633852e-05,0.00015721201728209256,0,7.8606008641046279e-05,60,1,0,0,0,2
57,2,-3.5872216193943376,-5.1167827469444305,0.050582967816624462,4.5295221433457868,1.2358878647605438,2.3929708950821711,3.82110696847,0.0188798850947,1.4709439362407295e-05,0,7.3547196812036477e-06,23,1,1,1,0,0
58,15,-3.541883180630137,-5.1110907116813928,-0.094324301227190294,4.6358149155051676,1.3988933135464736,2.3717274740024927,3.45985435147,0.0224949292329,1.2124735200980163e-05,0,6.0623676004900814e-06,15,1,1,1,0,0
59,6,2.718091285199165,1.2756634844471777,-0.33026732197938125,-1.3487907285802887,-5.0314662827445229,2.2120724114293187,1.10942096126,0.106822460823,4.7068158634679349e-06,0,2.3534079317339675e-06,43,1,1,1,0,0
60,12,-3.5442583005733086,1.1347879357787034,0.032997668396304913,4.4991132392420763,1.619794254572986,2.6529814675639933,11.5366421559,4.4185124204e-05,0.00013309411282771621,0,6.6547056413858107e-05,60,1,0,0,0,2
61,1,0.096305658200054767,-4.062478538265033,-0.25940393494810932,4.8567089774443417,4.9037245572566128,2.0118217763077735,3.1646509812,0.0325856327674,1.0338465756321713e-05,0,5.1692328781608563e-06,38,1,1,1,0,0
62,5,0.11085988461925135,-4.3171132745174923,0.16880704597792801,4.7341409854188656,5.1412879779381742,1.9157403759128147,2.92520820356,0.0538886225919,9.4414470391999912e-06,0,4.7207235195999956e-06,13,1,1,1,0,0
63,11,2.6609870518850642,-4.9809601551771729,-0.44527728571021519,-1.0729515469621513,-5.0049236433733721,-4.6875011997299429,4.48233800091,0.416136582489,7.2841847532911531e-05,0,3.6420923766455765e-05,6,1,1,1,0,0
64,4,2.7753202017579111,1.138594435649176,0.044940814290657549,4.5544501975836358,-3.713094449302575,1.8767386867766267,10.4607815033,0.000169700593264,0.0001094279584314372,0,5.4713979215718598e-05,60,1,0,0,0,2
65,12,2.6225289445690119,1.3485091569536207,-0.1625220427386376,-1.6384207578373637,1.7002460443321261,2.3901706179869207,13.2667243745,0.035760018478,0.00017639551396544977,0,8.8197756982724885e-05,60,1,0,0,0,2
66,6,2.6824080213909012,-5.0363304459736815,0.057653002749703031,4.5529205326158593,-3.8022943666953433,-4.3966726675141299,8.07234562144,0.000293574205583,6.5162790085746512e-05,0,3.2581395042873256e-05,60,1,1,0,0,1
67,7,0.24843661442929896,-4.5843663713495877,0.23330333466206987,-1.3736763318006993,-1.027176968133338,-4.2828360668852126,24.6903802884,0.0331915256571,0.0006099504689059096,0,0.0003049752344529548,60,1,0,0,0,2
68,3,-6.0219109419940784,1.7836431665757573,-0.0048749592022512278,4.8875477141528876,5.1533964751998385,1.858411868301356,4.63631490015,0.0517284124215,2.2310519873012235e-05,0,1.1155259936506118e-05,24,1,1,1,0,0
69,7,0.27533654484039227,-4.4612421120514751,-0.1041917413307886,4.8542026878668594,-1.2575152524038584,-4.5075397949096727,2.05187218461,0.257273214896,2.4372656332644622e-05,0,1.2186328166322311e-05,26,1,1,1,0,0
70,11,-5.8831610408161374,-4.3719348877041773,-0.30504497066773856,5.2007490831440712,5.5012386227177155,1.8463145523954529,23.7179159161,0.000371745767928,0.00056253957749743413,0,0.00028126978874871706,60,1,0,0,0,2
71,6,2.4785793262559506,1.2901632220622814,0.17478638170009042,4.5337935578850335,1.4382357312118554,2.3549755502382812,0.665374370664,0.00269489806635,4.4493532971179901e-07,0,2.2246766485589951e-07,22,1,1,1,0,0
72,4,-3.5422005078060659,-5.0084204409166171,0.011258001392083522,-1.5917863612258378,-3.8236471498932172,2.4010754892071078,3.41837756279,0.0465820325104,1.2346290161006259e-05,0,6.1731450805031294e-06,23,1,1,1,0,0
73,15,-5.7424814502085679,-4.3752167176961549,-0.29437812844254457,-1.2883856252953356,-0.46208363728289292,1.2265897511309034,1.62938704161,0.0751921055206,4.3771641626431559e-06,0,2.188582081321578e-06,45,1,1,1,0,0
74,14,-5.8470187145045953,1.6199588623172556,0.20466345236591635,4.7258045809113343,5.4402795391199303,-4.5376010048874553,3.53764283039,0.00409216340709,1.2520017858202436e-05,0,6.2600089291012178e-06,37,1,1,1,0,0
75,7,-5.7316880212081491,-4.3013906772431314,-0.33340191346341252,4.2746629347241445,-5.9985856694267294,3.5360617503952509,32.0647021188,0.14695137395,0.0010347232456804215,0,0.00051736162284021076,60,0,0,0,0,3
76,13,2.3777143035449297,-4.8645976649698612,-0.091899997651370718,4.6236096541778542,-5.0896703875561924,2.563151588768759,1.25953367623,0.00344695064323,1.5900443839042085e-06,0,7.9502219195210425e-07,21,1,1,1,0,0
77,4,2.7277737267013169,1.2920937268676242,0.015667035723613609,-1.9853445776785048,2.9427054581556091,1.8460315700834369,21.0493697255,0.00448806884484,0.00044308210167702614,0,0.00022154105083851307,60,1,0,0,0,2
78,6,-4.0274463515727925,1.4493310941498365,-0.14468974511027602,-1.6498744245466639,-5.3074683520548289,2.4909082478445375,2.84576681009,0.0568015440794,9.0812110746827498e-06,0,4.5406055373413749e-06,54,1,1,1,0,0
79,1,-3.9818116968069002,1.2325243229277516,0.25922200576281346,-1.7453074499554777,1.1129602936974556,-3.9517689738658759,0.507719779665,0.00438979365862,2.6364944018297165e-07,0,1.3182472009148583e-07,27,1,1,1,0,0
80,11,-4.0430372690744969,-5.0089754681681535,0.19651238931326326,4.4412292375661186,0.79155723120625754,-3.7402810944485414,1.42296432851,0.0542374914837,2.9209222140572668e-06,0,1.4604611070286334e-06,11,1,1,1,0,0
81,15,0.31443007127462796,-4.6908548401128574,0.31442469374122706,-1.7276056322824382,5.1529817131766933,-4.1165251207827716,1.01462270455,0.00877830839677,1.0529326544426423e-06,0,5.2646632722132113e-07,15,1,1,1,0,0
82,5,-5.7883591666793821,-4.4546556885825801,-0.30017015284395265,5.0339703338163924,5.679408603940451,-4.0611089213637444,0.510154942799,0.0757948076434,2.0102403226656724e-06,0,1.0051201613328362e-06,8,1,1,1,0,0
83,3,2.6011135913761425,1.4303898133393445,-0.2694980660968167,-0.88269939338653391,2.6027970815861292,-2.3413340095783925,2.49292500917,0.0039717992087,6.2194804987161466e-06,0,3.1097402493580733e-06,22,1,1,1,0,0
84,11,2.4974275716413836,1.3036048723909908,0.21450904988839284,-1.6899602089880892,2.0737986678145379,3.3115719066107263,3.22177515654,0.0697072567353,1.1860002163854997e-05,0,5.9300010819274985e-06,11,1,1,1,0,0
85,7,-4.1342808329434675,1.3328997308338582,0.19927475746098047,-1.9040140816157662,-5.6245041522519159,-3.5281175797901674,0.679662710095,0.179616765485,1.0289564172051013e-05,0,5.1447820860255066e-06,16,1,1,1,0,0
86,0,2.4393221455443297,1.5041773722847176,-0.28828760979636409,-1.4620178822782708,1.2484276292833567,2.6575765705260919,0.617040314263,0.0335380958108,7.2337360225780527e-07,0,3.6168680112890263e-07,49,1,1,1,0,0
87,0,2.1135562727935873,1.354693336669301,0.21872438027105073,4.3251915042714799,-5.67335491310644,2.8994384785341754,2.40920870284,0.182581238717,1.5958985077818306e-05,0,7.9794925389091529e-06,6,1,1,1,0,0
88,9,2.6849641040314047,1.3749755508945254,-0.18498017643888198,-1.6796429853410844,3.493945389155261,-3.9739277132785329,0.0457580469426,0.804461911634,0.00019713798860066271,0,9.8568994300331355e-05,29,1,1,1,0,0
89,3,-3.7161109694056114,-4.8173100131905384,-0.37620398505397606,-1.2802703598418368,-4.9733398594268872,2.2889791492412899,0.833710510451,0.147091017856,7.285704896536705e-06,0,3.6428524482683525e-06,20,1,1,1,0,0
90,15,-3.5942681474865292,1.4655810841931114,-0.25121282227887332,-1.3738371972982502,2.3796558456018069,2.4184949619667258,0.832057472492,0.00371515961379,6.9652409234128722e-07,0,3.4826204617064361e-07,13,1,1,1,0,0
91,0,0.6222431425984507,-4.3581406809447003,-0.40798356066604163,-1.2307454233769384,-0.20027341776539437,1.8415648912530551,1.60021714544,0.0870713624958,4.8701281713315439e-06,0,2.435064085665772e-06,12,1,1,1,0,0
92,8,2.4353913754449863,1.5359961743922279,-0.2935725222972887,-1.5092968102839202,-5.0272144079805541,-3.3713261792412297,0.625137272851,0.0672907166439,1.7701166378574901e-06,0,8.8505831892874505e-07,46,1,1,1,0,0
93,11,0.4357169737185303,1.8993150909061911,-0.17657671423681365,-1.2295943101575186,-0.77779700282689279,2.4861950137389153,0.799912521302,0.0232619904969,8.0469468142587522e-07,0,4.0234734071293761e-07,56,1,1,1,0,0
94,9,-5.8042887033841559,1.649771280789686,0.32323444102234922,4.6213608132314352,-0.94137671687525815,-4.0260577544038814,1.84384253447,0.017747987967,3.4957070610057496e-06,0,1.7478535305028748e-06,41,1,1,1,0,0
95,7,0.39294476823418217,-4.5950219314672909,0.37230746317269792,4.5341319205001396,5.5565403724655305,1.9089328969337331,0.569044966571,0.000365636402168,3.2385289827561114e-07,0,1.6192644913780557e-07,39,1,1,1,0,0
96,8,2.831558746922024,1.3486699520592582,-0.20999526634371268,-1.455337166790003,-4.249973079258468,-3.3060630403987865,1.33335530227,0.0211526209225,1.91413236137154e-06,0,9.5706618068576999e-07,7,1,1,1,0,0
97,1,0.48053926542151759,1.8352452464767008,-0.0604286995881054,-1.1125853893317457,-0.39868774841963062,-4.2654515121218868,3.04395976978,0.00353685310163,9.2695016398290162e-06,0,4.6347508199145081e-06,13,1,1,1,0,0
98,4,0.50145746237895861,1.6861532191818573,0.26946827309257215,4.8044587476458425,5.8593908692470302,-4.7002617093878341,0.941506214656,0.0226395586435,1.0425654936444742e-06,0,5.2128274682223709e-07,17,1,1,1,0,0
99,8,-5.7016898477136708,-4.2727394964247489,-0.35526882050076336,4.0745511873928759,5.7964925935325837,-5.2788152930285976,2.63397311503,0.794813297159,0.00019937322175902789,0,9.9686610879513946e-05,10,1,1,1,0,0
100,4,2.324351674074749,1.7116312757263088,-1.279091602438591,-0.15392668826599526,5.0360634427121145,-0.60219247494722872,0.514957714564,0.0267186973615,4.8264440861634012e-07,0,2.4132220430817006e-07,11,1,1,1,0,0
101,15,-0.042123703201878339,-4.8082571974835364,0.78695419158313906,0.076305505810508809,-2.7416695564382008,-4.0510730396193706,0.0743383140951,0.00479283816501,1.2523642369689777e-08,0,6.2618211848448883e-09,26,1,1,1,0,0
102,5,-0.18956483402852764,-4.174202765144428,-0.61564334239976248,1.1135014842500679,3.5802570069786719,-3.8607190126105695,0.359934512611,0.00598466858674,1.4046310949557423e-07,0,7.0231554747787116e-08,20,1,1,1,0,0
103,5,-0.15382061068595404,2.5873553011323494,-1.2284486584661296,-1.8476938238246223,2.6526695841377173,-0.67536789373519179,0.0353305961547,0.000814211143707,1.4501940318935894e-09,0,7.250970159467947e-10,37,1,1,1,0,0
104,13,0.021835346322724998,1.3716184651660444,1.3595438498180337,3.4944430141266829,-4.1667471862632173,5.322640446896675,0.0286149795208,0.176126685779,9.4502368259464549e-06,0,4.7251184129732275e-06,28,1,1,1,0,0
105,1,-0.10656449253457959,2.1349372741471249,-0.60994114602884197,-5.0527993818741122,-2.3203924318577025,-3.7926817435965874,1.43563648714,0.0195725471683,2.1777463664208172e-06,0,1.0888731832104086e-06,56,1,1,1,0,0
106,3,-0.096337900267200904,1.376902995888041,0.87831738272241511,-0.034806008635961158,3.4098997883916358,-4.1713627652884107,0.58223894529,0.0881968915481,2.7085271779080195e-06,0,1.3542635889540098e-06,23,1,1,1,0,0
107,12,2.4465539205787796,0.46604461138130771,1.301731740431685,-1.4508314819488068,-1.7661114847318593,-0.31833132461717795,0.0879089457796,0.00648274246662,2.0529819167230609e-08,0,1.0264909583615305e-08,7,1,1,1,0,0
108,7,-3.8801477950898238,1.726095743487795,-1.3231894650135532,6.1522303417948896,4.9601491374427988,-0.72778032319544217,0.101367558622,0.0184721338223,1.1421685504919798e-07,0,5.7108427524598988e-08,10,1,1,1,0,0
109,14,-3.8934229914715073,1.5690609850904955,-0.6640302154616109,2.5875518327732645,1.2454690325976909,2.6617692470517311,0.215474311543,0.0131609276669,9.9191967410967633e-08,0,4.9595983705483816e-08,12,1,1,1,0,0
110,13,0.012927221202870768,-4.7788236549868621,0.74093682419585805,0.27893222536854112,-2.4318293798700941,2.2679225743901439,0.151441125923,0.00780295293122,4.1481373519682145e-08,0,2.0740686759841072e-08,18,1,1,1,0,0
111,6,6.1869158797986579,-4.0346131508934491,-0.92158117472856049,0.8926933583436234,3.4990724546733065,-3.7797610833591841,0.13312806281,0.215863793542,1.4212035018623494e-05,0,7.1060175093117472e-06,34,1,1,1,0,0
112,11,2.4186566516598114,-5.8168787744944046,1.2651019175554106,-1.4195833925576342,-1.4425847531680656,-0.69330498050919742,0.0392631737301,0.0219383321105,1.4815104143719913e-07,0,7.4075520718599565e-08,11,1,1,1,0,0
113,1,2.3566250365056107,1.5886317688972411,-0.66413205333493175,2.6116304037634674,-5.2169937507989168,-3.4747817790631981,0.263075365659,0.0169198202917,1.5641462003526731e-07,0,7.8207310017633657e-08,11,1,1,1,0,0
114,8,2.2802685546918271,0.5471205004351275,1.2393688118237396,4.8146924001377531,-1.3802285561405099,-0.9036328207301535,0.0953527364319,0.0231977356077,1.7301742044999423e-07,0,8.6508710224997114e-08,28,1,1,1,0,0
115,6,2.3423414927051032,1.010103339860855,0.46689593715722544,1.7066124263282543,-4.641028223256674,-4.7274266361486292,0.300406496644,0.0292346732266,3.5059025107385585e-07,0,1.7529512553692792e-07,18,1,1,1,0,0
116,5,-0.13517388137279723,2.4808233916202309,-1.0318747569958904,-2.5650709981041078,2.8348766863696624,4.7724967619287515,0.993948027081,0.0753045746691,2.7153507373700155e-06,0,1.3576753686850078e-06,12,1,1,1,0,0
117,5,-0.10406015071103224,-4.1378200046628004,-0.70479775930128397,-5.2533991851898163,-2.6312473880646969,-4.1003511767743754,1.74738046997,0.0515505657036,3.8628473663182038e-06,0,1.9314236831591019e-06,20,1,1,1,0,0
118,5,2.1581302052289559,-5.7017860245435452,1.2387319777336703,4.7592683232788477,-1.7072150675588202,5.6776636765452873,0.0693874165422,0.0123612791747,5.1360527814825258e-08,0,2.5680263907412629e-08,24,1,1,1,0,0
119,0,-4.1791267927869331,-4.5144793950089737,-1.2147265322524765,6.093828696013186,-1.9068522666432741,-0.35042252615933045,0.338750932982,0.0649513725491,1.3998358535824995e-06,0,6.9991792679124977e-07,13,1,1,1,0,0
120,8,-0.078858187506732305,1.4034702046651453,1.1423984076698341,3.3736551541623863,-4.2518142697508141,-0.77998390040967991,0.0702459745993,0.00803255182522,2.4588988240975347e-08,0,1.2294494120487673e-08,33,1,1,1,0,0
121,9,1.7497073987800775,-4.4332638109522362,-1.2583647562145115,-0.44231120611651681,4.8738923661559586,0.014668086155142646,0.0375882979439,0.184662847708,1.0388978788058056e-05,0,5.1944893940290281e-06,15,1,1,1,0,0
122,8,2.0388752685679945,-5.6713466068741569,1.2008416529225108,4.7940593280664539,4.7296452579516597,-0.37956427435335377,0.0960617207289,0.00304855110694,1.2058866092243636e-08,0,6.029433046121818e-09,22,1,1,1,0,0
123,3,-0.13618588056038233,-4.870123998687605,1.1632668618469488,-3.1385040475311214,-3.6857556461216596,-0.84243040407309588,0.39018535501,0.0153573262287,2.2408785870187818e-07,0,1.1204392935093909e-07,32,1,1,1,0,0
124,4,-0.030540377179090417,1.6653156732021057,0.36928589550709767,-5.4821676705248494,-2.3939465794461539,-4.2306395772709626,0.0597444222579,0.0490195456863,7.3553942501251074e-07,0,3.6776971250625537e-07,9,1,1,1,0,0
125,0,-0.099971599772111661,1.4158706384380937,1.1546677855714809,3.2790514814127816,2.6774706510314488,5.7326165258983384,0.191398964826,0.000470576061016,3.6701018775097309e-08,0,1.8350509387548655e-08,19,1,1,1,0,0
126,15,-0.029113954883850771,1.3908030595743961,1.1990954062846746,3.4466503409058857,2.3387580611319811,-0.98778146676141332,0.0655393213569,0.0507333288668,7.8834124132052693e-07,0,3.9417062066026347e-07,11,1,1,1,0,0
127,2,-3.962835726913204,1.7463909756438727,-1.2412828520553343,-0.28338641862133451,5.0224593473727221,-0.43511242971493697,0.162760863946,0.00261244185352,2.857006777251418e-08,0,1.428503388625709e-08,17,1,1,1,0,0
128,1,-0.036303802881271545,-3.6743314784244232,-1.2658586397791005,-1.7083650498963652,2.6516176884581899,-0.61398547196030562,1.44506608296,0.000594741112804,2.0883237324674513e-06,0,1.0441618662337257e-06,15,1,1,1,0,0
129,10,-0.031558477518251075,2.3188811092315573,-1.0662130976013364,0.64221991921343224,3.2508088528101045,1.753097932874718,0.0206194003532,0.0100500086652,3.1192333668030152e-08,0,1.5596166834015076e-08,18,1,1,1,0,0
130,5,-3.8924946949598538,1.7545732085459926,-1.3152023595426101,6.0824135144787679,-1.2521596141746456,-0.75184678892502088,0.556466081095,0.0137140902777,3.6694580815273711e-07,0,1.8347290407636856e-07,11,1,1,1,0,0
131,13,-3.851974194008188,0.83099737204146573,0.82850477199394501,-4.6129363898622824,-5.0945599609615497,2.6539176155219408,0.0594527533354,0.00453607964766,9.8024435654138198e-09,0,4.9012217827069099e-09,32,1,1,1,0,0
132,8,2.5223979664808396,1.633282126220309,-0.88112281267903347,-3.7087059624667016,-5.1739701429591074,-3.5522891050787173,0.14948120921,0.0842895291244,2.1865675444138734e-06,0,1.0932837722069367e-06,22,1,1,1,0,0
133,10,-6.1764601703368269,-3.8918290364789354,-1.1188681273356169,0.85006262918669684,-2.9186126867492135,-4.7393435026928055,0.238560623087,0.00975435174679,8.5894719673459196e-08,0,4.2947359836729598e-08,28,1,1,1,0,0
134,15,0.077825197088644299,1.4449649608294772,0.90553011111320603,0.39079234392827855,-2.7249284162312111,-4.1236737496554312,0.0182314620918,0.00980871153942,2.9639878582564512e-08,0,1.4819939291282256e-08,20,1,1,1,0,0
135,12,2.431525490767624,-4.5029977889430066,-1.4251768461331451,-0.10106333070019637,-1.0476322848560604,-0.87184067283040378,0.136575887768,0.0103369588378,5.1202172378376387e-08,0,2.5601086189188193e-08,24,1,1,1,0,0
136,4,0.038330747473946006,2.3793069631512411,-0.97065820596784558,-4.7503479727568516,-2.9244989523790621,-2.9027245698127162,0.0910904794115,0.195940952893,1.1703430519242858e-05,0,5.8517152596214289e-06,19,1,1,1,0,0
137,2,0.086352233504599432,2.3676780363758207,-0.96317890807748086,1.4325368821702662,-2.6537178695908441,2.2754094373784337,0.0836654409488,0.00513897532299,1.5044567970465729e-08,0,7.5222839852328646e-09,29,1,1,1,0,0
138,14,0.094703048515389784,-4.8073288435528987,0.932316191352076,0.53518736389010257,3.5813422850940921,-3.8272801927932334,0.147474076289,0.00872152881951,4.491934699818025e-08,0,2.2459673499090125e-08,12,1,1,1,0,0
139,7,-3.9760991114068283,2.059334472432329,-1.7156777262190914,-0.4271525062249435,0.32460828606832182,6.0146789493890411,0.366187177143,0.0560495775623,1.0910654710657927e-06,0,5.4553273553289634e-07,21,1,1,1,0,0
140,1,0.046165779598053715,1.3390436198553419,1.4996029078330506,-3.0972084850055595,2.8204968202164356,-0.63583505289371733,0.396949053186,0.00233560582934,1.5923025547954506e-07,0,7.9615127739772529e-08,16,1,1,1,0,0
141,0,0.007977733119750554,2.3889070353642703,-0.95671372008433109,1.6058457818757312,3.6501892668731992,2.1029656919020767,0.550088176525,0.000620564556977,3.0271431023351704e-07,0,1.5135715511675852e-07,36,1,1,1,0,0
142,0,0.065195998561019458,-4.7710682557712127,0.8879372775937705,-5.7385849629853869,-2.6030144621737725,-3.7803964620721748,0.168635190545,0.0146603609453,9.390808681468741e-08,0,4.6954043407343705e-08,11,1,1,1,0,0
143,11,-3.8174870300788784,-4.4877120653017952,-1.5144823784692045,6.0547554753836552,4.8499275806544242,-1.2093155052124553,0.532241990794,0.085262868753,2.4977760920013977e-06,0,1.2488880460006989e-06,18,1,1,1,0,0
144,12,-0.021854200895557913,-4.8849845880283134,1.3911403967948748,-3.5612008166004783,3.0643150938604977,-1.2686608095609495,0.333327196432,0.0184554313429,2.1486061048030127e-07,0,1.0743030524015063e-07,31,1,1,1,0,0
145,13,0.02344424790171467,-3.9175794883508259,-0.9673797204314617,-4.9360776388852514,3.3486213983549873,-4.4774408487459638,0.722420057178,0.133500787756,5.9509226194035113e-06,0,2.9754613097017557e-06,33,1,1,1,0,0
146,1,0.035962281741893198,-4.7143327119750458,0.89885089214930636,0.60508853882913427,3.5239188800007391,2.5023892599659336,0.87016847803,0.0890418596168,3.172338004031944e-06,0,1.586169002015972e-06,11,1,1,1,0,0
147,14,-3.8219494145488477,1.6074757690405268,-0.97919884988226691,-3.7050677912062122,1.1495783471976329,-4.3966278840284749,2.61839601773,0.0640226056024,8.1045922284913914e-06,0,4.0522961142456957e-06,55,1,1,1,0,0
148,10,0.0038675379780525225,-3.3459122104336112,-1.6458279868615446,-1.3967383522649586,-3.4815432031389597,-0.34612001719167101,0.039267219837,0.00473193984812,8.362680794208706e-09,0,4.181340397104353e-09,23,1,1,1,0,0
149,2,-0.026345799781498806,1.5132958990961558,1.3361030782385703,-3.9867746472312793,2.9284906539323132,-2.3042362585129763,0.10646669701,0.203995777894,1.2687768965068803e-05,0,6.3438844825344013e-06,15,1,1,1,0,0
150,6,-0.0059184292994761498,-0.081476978268385208,-1.0070537718885784,2.4876453745556413,4.778303808144047,-4.3410615469114839,1.6423661075,0.794807951479,0.0001951301853002811,0,9.7565092650140549e-05,16,1,1,1,0,0
151,14,-2.8331237134214913,3.1954007787209773,0.99890709189698379,0.61263656724740645,2.003794091094782,-4.7781373969938041,0.0571256285457,0.168461025378,8.6480367556009119e-06,0,4.324018377800456e-06,15,1,1,1,0,0
152,1,-2.7289799884310999,-1.7186831756017633,-1.5907531433096953,-1.263005324198865,4.7682949020989636,4.5516319206635831,0.0950689496241,2.33234147182e-05,9.0382708889265182e-09,0,4.5191354444632591e-09,9,1,1,1,0,0
153,15,-0.054902078123620253,0.13310946706454035,-1.6207268163274775,6.0452384116319262,1.2549830706744822,5.1117097699931904,0.0863474420272,0.148796899158,6.75184310265079e-06,0,3.375921551325395e-06,27,1,1,1,0,0
154,8,3.5371989596488502,3.0892652006874894,1.1129646275498715,0.43950487924948645,1.6368818646328844,1.4032417901365237,0.982252463429,0.240800552559,1.8628032388546938e-05,0,9.314016194273469e-06,12,1,1,1,0,0
155,8,-0.040464299953026826,-0.095030153185517607,-0.89083301320885155,1.9858125524743506,-1.1023729516211684,1.8257860881448542,0.0266004694837,0.358043762491,3.9051240022987667e-05,0,1.9525620011493833e-05,13,1,1,1,0,0
156,5,3.5725623600875167,3.0042458562518841,1.6236352309202806,-2.8688072425299369,4.8080085357352269,-1.8898383725674082,0.0384502182993,0.0282310764904,2.4425657761707294e-07,0,1.2212828880853647e-07,32,1,1,1,0,0
157,6,-0.036321008234020465,4.7237038702134324,1.557214837664965,5.1804195204280505,1.6333015533094848,-1.1197331382005651,0.0075958599504,0.175756786727,9.4098262875065082e-06,0,4.7049131437532541e-06,11,1,1,1,0,0
158,11,0.0074918523005352306,-1.1097965653245179,1.1235706051872838,-4.697529921600121,-1.7504583938396903,1.7419699683933405,0.147396018892,0.00343144299368,2.5312395890176731e-08,0,1.2656197945088366e-08,8,1,1,1,0,0
159,3,3.5380452914312834,-1.9599769339605095,-1.115646704974472,1.4349607380113056,1.9276086736711286,1.497506127433611,0.0886502935094,0.142838661865,6.222932548698405e-06,0,3.1114662743492025e-06,16,1,1,1,0,0
160,1,3.5638709570287075,4.6405333193471323,-1.6010571150389348,5.0487143163278727,4.5451256658569861,-1.8923473640924151,0.0240447747016,0.020715028027,1.3129325906129622e-07,0,6.5646629530648112e-08,25,1,1,1,0,0
161,1,-2.7209213862111277,3.1495667766160946,1.5900994742177361,-2.9565229367017984,4.5280551226406622,-1.8911336180606677,0.0174544842541,0.0022013092878,1.7807627147603905e-09,0,8.9038135738019527e-10,13,1,1,1,0,0
162,8,-2.7281476734346168,-3.0773896832404204,1.1132880829726788,0.42597502557354394,-4.3758648228276096,1.3246491201488675,0.0440449039251,0.0894704410181,2.4403901581988749e-06,0,1.2201950790994375e-06,17,1,1,1,0,0
163,9,3.5472099779389468,-3.2108206287882335,1.3633613223928027,-0.16367941541163306,-4.7262176247723486,1.5507806707421943,0.00963491327385,0.152339230592,7.0694227593806732e-06,0,3.5347113796903366e-06,24,1,1,1,0,0
164,10,6.193982018675781,-0.11011104639701998,-1.1444315378903531,2.7030632083907493,4.6474640177167448,1.7392870479947682,0.779508609054,0.0888989346583,3.0150314102182035e-06,0,1.5075157051091017e-06,19,1,1,1,0,0
165,1,-0.044049316991886266,-1.2579574194874201,1.311416074581333,-4.574885633950089,-1.8180437101056448,1.7417940141161601,0.243789084475,0.00596010745973,7.0254006042106508e-08,0,3.5127003021053254e-08,5,1,1,1,0,0
166,5,-0.074192897153063389,4.6831000034285584,1.7217209960318542,4.2357631500244715,1.576429169097455,-1.5034750875698328,0.0421800630183,0.0241306893969,1.7915488710282898e-07,0,8.9577443551414492e-08,23,1,1,1,0,0
167,10,3.6643743599750169,3.3037058230113838,1.1548156077452087,0.73635917370150084,0.8339038424575983,0.8199349271930183,0.0286507907669,0.645183301194,0.00012680132255993903,0,6.3400661279969513e-05,43,1,1,1,0,0
168,2,3.4946406575649549,-3.090910904032746,1.2607225098872787,0.42170003819033314,-4.3273407683781775,-4.9997348613956811,0.0301551177931,0.108030967371,3.5560047789777412e-06,0,1.7780023894888706e-06,15,1,1,1,0,0
169,4,-0.15896948828787993,-1.3276733794185227,1.4149955438306729,-4.5252217498987672,4.7209553093736831,-4.4746418581740759,4.4916762163,0.0667654950193,2.1533027384707324e-05,0,1.0766513692353662e-05,5,1,1,1,0,0
170,0,3.5385753252958905,-1.7371315431838668,-1.4613386776368278,1.1631843886949245,0.91744141430059978,-4.772022972742592,0.244227188437,0.381203418559,4.4325446003516115e-05,0,2.2162723001758058e-05,9,1,1,1,0,0
171,7,-2.8722764811746426,3.2981957126405494,1.6971852430437009,-3.4988435622782577,4.5018184673787944,-1.7689426078482211,0.0708603344109,0.0440809536396,5.9693257822371662e-07,0,2.9846628911185831e-07,21,1,1,1,0,0
172,1,3.463642546796994,-3.0080560609109099,1.7073933501538745,2.8954642319322388,-1.8198487110431076,-1.7998129496170396,0.0476466064909,0.0415025828623,5.269628555111642e-07,0,2.634814277555821e-07,27,1,1,1,0,0
173,8,3.4567584364097343,-2.9978636690818878,1.6999886207079511,3.0053539525304629,4.5403128103843571,-1.8835302713266189,0.314055399991,0.087348184299,2.4227719365837672e-06,0,1.2113859682918836e-06,17,1,1,1,0,0
174,4,5.9955333225635759,-0.17498566530824158,-1.7242623101546866,0.16328284173474483,-4.8107800158106393,4.9799891801012732,0.511888673335,0.0542243480327,1.1576904964409247e-06,0,5.7884524822046234e-07,26,1,1,1,0,0
175,14,3.4407054457087329,-2.8426616474671413,1.2631699655526412,0.22902613439249905,1.6461301351291424,1.2645248651454486,0.41754903254,0.184380544399,1.053017739841969e-05,0,5.2650886992098452e-06,11,1,1,1,0,0
176,11,5.7996944853978132,4.689143582692461,1.3562027776371735,1.6487107404789028,4.7734888271714464,2.1080437670720209,3.04652356201,0.0234926378953,9.4494253970538326e-06,0,4.7247126985269163e-06,20,1,1,1,0,0
177,1,3.3230058760136729,-2.6813203860433434,1.6403195490936473,2.7092985194097192,4.3820274351535256,-1.604833076432741,0.0615239658769,0.0838228924575,2.1441116601922903e-06,0,1.0720558300961452e-06,24,1,1,1,0,0
178,9,-0.49229481520267221,-1.9547489497325345,1.691685110232884,-1.7352052848528361,-4.9605485129119957,5.3200503108044641,0.0594837424042,0.0843309825273,2.1698904715904866e-06,0,1.0849452357952433e-06,19,1,1,1,0,0
179,15,-2.8925907006949458,-1.2143423993854081,-1.6773966394774569,4.5543150903160399,4.4973070551654262,4.4659498928219197,1.1848666806,0.166625473477,9.8613218407492764e-06,0,4.9306609203746382e-06,22,1,1,1,0,0
180,6,-0.47160288374867487,5.889622582937033,-1.649468407582565,0.46590833881000715,-4.8432976902725642,-0.94151337958988934,0.577282422669,0.00878090044421,3.5674228182293626e-07,0,1.7837114091146813e-07,22,1,1,1,0,0
181,4,3.4159361294193249,-1.2231628004814592,-1.6155165561799769,-1.966761601138143,-1.8298672253163324,-1.6650748625140643,0.181223767185,0.201968346188,1.2458556065791008e-05,0,6.2292780328955041e-06,10,1,1,1,0,0
182,4,-2.7923494829218583,4.9895198299506065,-1.704272769933395,-1.3387817345695168,4.7704652692678362,4.3159874534883684,0.0123737020466,0.0657897740071,1.3186269697141498e-06,0,6.5931348485707492e-07,11,1,1,1,0,0
183,10,-0.37074877536988815,4.7242882269148305,1.3474149261703245,1.6738384965902424,-1.4978991173475182,2.1551528805718791,0.0469913615669,0.0195369142243,1.1847792094020007e-07,0,5.9238960470100036e-08,14,1,1,1,0,0
184,8,3.5552016748927024,5.113957403107797,-1.706126144954317,-1.8435279215791578,4.7189464068823144,4.6118473102107558,0.868956082525,0.103432961295,4.013996817907588e-06,0,2.006998408953794e-06,16,1,1,1,0,0
185,12,3.5132236467043367,-2.8621886190733905,1.7327895178957362,-3.5474381878392935,-1.7539164660869486,4.5649362512960572,0.0236036513971,0.0159686054274,7.8233465383069197e-08,0,3.9116732691534599e-08,19,1,1,1,0,0
186,3,-2.6969674470234457,3.3281966883068779,1.3631683838624038,-6.0243507877617395,-4.7383929357739634,-5.0871409477747713,0.0212327395042,0.0247481667351,1.87020395459389e-07,0,9.35101977296945e-08,21,1,1,1,0,0
187,4,-2.6892311027874154,3.3277570551608862,1.7772177875918624,2.8601163538185399,4.755656149824353,-1.8793235833669926,0.208427968841,0.00140449849843,4.404311140122234e-08,0,2.202155570061117e-08,49,1,1,1,0,0
188,2,-2.65512570502626,-1.2561859366272712,-1.7664030976497465,-1.6807119099401744,4.8177408755751623,-1.7582405404152437,0.0877005242713,0.105055952849,3.3696786733762547e-06,0,1.6848393366881274e-06,27,1,1,1,0,0
189,1,-2.6801785688116646,-1.33664921023171,-1.7310188907615514,-1.2503533076788742,4.6646026551049511,4.30223229903351,0.0656685013332,0.0522267265858,8.3519626023872665e-07,0,4.1759813011936333e-07,14,1,1,1,0,0
190,0,-2.6185151614780646,-1.227039247928928,-1.79322368104466,-1.5444341101279393,4.926238264134148,4.4429866023392446,1.03443639031,0.285687603562,2.5932142523499467e-05,0,1.2966071261749734e-05,24,1,1,1,0,0
191,11,-0.1440623057240864,-1.5204707332266196,1.3701951273767909,1.5034637567260616,4.2870159002589192,-4.4978926590191008,0.00917888704336,0.0807842607478,1.98804701576002e-06,0,9.9402350788001002e-07,10,1,1,1,0,0
192,3,5.983117332997927,-2.0103034367264683,1.7523985132651594,-1.2966788300996397,1.6354875559944606,-0.75998782803378695,0.0135443412255,0.0401102596471,4.9026198486742616e-07,0,2.4513099243371308e-07,9,1,1,1,0,0
193,13,-2.7070826955961813,-1.2115355018665073,-1.7658405247036177,-1.4613171025682554,-1.7630845692707011,4.6144792659298384,0.0414544914763,0.0199702471207,1.2320318262294638e-07,0,6.1601591311473189e-08,42,1,1,1,0,0
194,12,-2.6829527201215533,-2.7844884912537262,1.2170838525279859,0.65453498270054178,1.7341587134226857,-5.1087804742958527,0.0138144531831,0.146290908123,6.5193173173915965e-06,0,3.2596586586957982e-06,19,1,1,1,0,0
195,2,-0.26215364611359693,-1.976855477571996,1.7865221663719639,-1.6388587755068464,1.6364475385147617,-0.94384158338138802,0.201727619812,0.0427509356932,5.9742577604295939e-07,0,2.987128880214797e-07,29,1,1,1,0,0
196,4,3.5969534933461871,3.3040006970381941,1.8276616981018818,-3.1331083938766353,-1.5828504037707301,-1.9057648248995513,0.0423449691108,0.055125852524,9.2748267188223611e-07,0,4.6374133594111805e-07,11,1,1,1,0,0
197,9,6.0691062428553053,-1.5174652156858774,1.4097294661909816,-4.9723401384782822,-1.6334844460782045,-4.306292003541051,0.0241581324197,0.00257113931779,2.5973672214335091e-09,0,1.2986836107167545e-09,16,1,1,1,0,0
198,5,-0.27170993042218566,4.3905209907221439,1.9253220631380998,4.3460438818671463,-4.6301908285049462,-1.0445886714746027,0.148161775466,0.0101345896041,5.3239138396929508e-08,0,2.6619569198464754e-08,12,1,1,1,0,0
199,12,-2.6949885768948607,3.2476373614780152,1.9119350433334996,2.9663742574481002,4.9190903320112751,4.5628690939894359,0.697341855591,0.10734039085,3.9960752396937329e-06,0,1.9980376198468665e-06,13,1,1,1,0,0
200,4,-1.3875680455534047,0.64979010334714205,1.0034069989649854,-2.7645736184114131,-4.0757774849167037,0.079551673038163365,0.0685577075091,0.00619127666502,1.6376725786413777e-08,0,8.1883628932068885e-09,15,1,1,1,0,0
201,9,-3.8771111493410277,2.3263190349564793,-0.31186814340720376,-3.5278223964981761,0.83244324346832743,-3.94565547361587,0.470898117653,0.00048541245006,2.2181681276383307e-07,0,1.1090840638191653e-07,25,1,1,1,0,0
202,10,2.3180160189516226,-4.7348251662531302,0.9582724242110251,5.1962186827669194,-0.89829006529915578,-0.31631699694672405,0.440836667567,0.0378958226309,6.3179602528935981e-07,0,3.158980126446799e-07,16,1,1,1,0,0
203,8,-1.4379917780083782,-4.7387398425484815,-1.0668873611826768,-1.6851750076361929,-4.133845017409489,-0.091883136588596523,0.244735542099,0.0216380608204,2.0251909053914891e-07,0,1.0125954526957445e-07,18,1,1,1,0,0
204,11,-4.1443407598885171,2.2466322086634833,0.12894492454224094,2.3562153700733606,0.89692531980961598,-3.6634037311848697,1.48020651964,0.00366228857863,2.1950969785670888e-06,0,1.0975484892835444e-06,32,1,1,1,0,0
205,4,2.1801018520217368,-4.0087004046358361,-0.024023415234392831,2.0641969318896032,1.0337269910259022,2.7004313829520332,1.80798305319,0.010404650421,3.3017796125943012e-06,0,1.6508898062971506e-06,24,1,1,1,0,0
206,11,4.8311091373373625,1.5183190885063784,-1.1509256067996292,-1.4331280912796753,2.0276241080253765,-6.0847127130713181,0.022923019889,0.00154972770773,1.2570510850536874e-09,0,6.2852554252684371e-10,22,1,1,1,0,0
207,13,2.152029829445731,-4.7017163254060268,1.3342803579149276,-2.0049287287944568,5.1416893465986311,-0.41375449672024117,0.0933975202543,0.0450267471526,6.2630687815819326e-07,0,3.1315343907909663e-07,21,1,1,1,0,0
208,10,2.1831806354575733,-4.6846395414893331,1.1244416186570296,4.9709548920895079,5.5153535368896671,-0.56398867255954943,0.0278452829087,0.00137609062616,1.3521910671303918e-09,0,6.7609553356519591e-10,38,1,1,1,0,0
209,11,2.0826401534197942,1.6022917324703603,1.223997078395513,-1.8794645198208764,-1.1165237536973895,-0.10923464463226154,0.0600149855918,0.0262150891848,2.1294430234626796e-07,0,1.0647215117313398e-07,17,1,1,1,0,0
210,5,4.8270578431760223,1.5112733333810067,-1.1662513820815548,-1.3749880616046015,-4.0896370703879432,-6.1224969605623656,0.369856134512,0.00932757573061,1.6329639340219176e-07,0,8.1648196701095881e-08,23,1,1,1,0,0
211,12,-1.4293889136879425,0.38239650501368699,1.1792794035994565,-2.6205324993867869,2.1714991207135728,0.40397034782413355,0.0714126466569,0.0111269338587,4.2814039774675566e-08,0,2.1407019887337783e-08,27,1,1,1,0,0
212,3,4.8944172692304795,-4.76502022629563,-1.1498609132467044,-1.3533188773533522,2.3252304441180969,5.8846788041893445,2.96477867595,0.272442301004,3.140008190447084e-05,0,1.570004095223542e-05,6,1,1,1,0,0
213,8,2.2703670204696547,-3.7244097742589846,-0.89669441695358088,0.040003268585967838,5.6351214367057674,-0.77666609450398583,0.60350288206,0.171954158167,9.3712144237496374e-06,0,4.6856072118748187e-06,19,1,1,1,0,0
214,11,-4.0405427379382655,-3.6584752107976093,-1.0551509162646662,5.9611287547286977,5.531166718689712,-0.16274720108791363,0.48314042772,0.0114114326106,2.7309219523659964e-07,0,1.3654609761829982e-07,16,1,1,1,0,0
215,14,-4.0460323674031278,-4.3806521869115738,0.54353892525042868,6.1280151887856009,5.5676681881964969,-1.4014093676023822,0.947073822158,0.255327757599,2.0755648013531253e-05,0,1.0377824006765626e-05,11,1,1,1,0,0
216,2,-1.349505180125099,1.4766661866411375,-1.2098905089135366,-1.222046981381985,2.2565363925796817,0.0055267949139553851,0.0687892043159,5.06103519833e-05,4.732734879821589e-09,0,2.3663674399107945e-09,30,1,1,1,0,0
217,5,2.2544671454068901,-4.5611751784666232,1.053096529747757,-1.1355618394827884,5.5975280502159279,-0.72134469882255436,0.448473665309,0.107030847101,3.690704622235593e-06,0,1.8453523111177965e-06,21,1,1,1,0,0
218,14,-1.3155730867607172,1.3848471443165773,-1.0100106854373692,-1.8634456570927871,2.5561349279936669,-0.074938682714128818,0.596068372887,0.0301411223188,6.3203854857184996e-07,0,3.1601927428592498e-07,22,1,1,1,0,0
219,0,4.9475377898756703,0.29385623181225062,1.1407296184312523,-2.4380179542108933,-4.0366133336809087,-0.0059533958977779963,3.9394169024,0.000551116716367,1.5519098052226242e-05,0,7.759549026113121e-06,29,1,1,1,0,0
220,13,2.1759557135117187,1.8059977384792412,1.0530334499638185,-1.3663571249096575,-0.80643400131298371,-0.3980280400034984,0.0317512796633,0.00135491582706,1.5673594747117669e-09,0,7.8367973735588347e-10,41,1,1,1,0,0
221,5,-1.49790440698257,0.23904501754243018,1.1720145183241224,-2.3650785859159877,1.5179406710065046,0.82805521005281768,0.0100672230029,0.379245378359,4.381232834983693e-05,0,2.1906164174918465e-05,18,1,1,1,0,0
222,10,-4.2620821437065439,2.9114191200616997,-1.1159485238112095,5.4947016820511339,-1.2417360451578885,-5.9950703440402346,0.0843922243541,0.180617613671,9.9445715617460303e-06,0,4.9722857808730152e-06,19,1,1,1,0,0
223,15,4.7945207391382825,0.21429826162155041,1.0667607855369274,-2.2330765137514024,2.0874492905728874,0.15881655534172726,0.0358422347322,7.25417007002e-05,1.2862687783433157e-09,0,6.4313438917165787e-10,29,1,1,1,0,0
224,7,2.0550656069157847,-3.4665151461569188,-0.92752982064115652,-0.52984490377629734,-0.81070881271961548,-0.25919389341135757,0.133805915995,0.00598578107746,2.8818335876445185e-08,0,1.4409167938222592e-08,32,1,1,1,0,0
225,15,-1.5906538951255063,0.10817917968532806,1.1488723258086055,-1.2730271942913289,-4.9797875011666797,-0.44231337658690872,0.157904728677,0.129568901154,5.1388816530075474e-06,0,2.5694408265037737e-06,38,1,1,1,0,0
226,6,2.0334439052660178,-3.6322962663546741,-0.79153778868739311,6.0703197679121006,-0.71817704724420939,5.5411971532865483,0.0545781721667,0.160083581464,7.8093341698466023e-06,0,3.9046670849233012e-06,15,1,1,1,0,0
227,15,2.0048711976721307,2.7115198784434824,-0.91136674120681938,-0.44299682802495677,-0.88121876939053423,-0.1755801284795192,0.164098235279,0.00151939551914,2.763145924794032e-08,0,1.381572962397016e-08,19,1,1,1,0,0
228,14,-1.5829561575805482,1.2833054213477579,-0.94711622705617682,-1.3853564614075886,-4.2202719666079629,-6.0086896671136723,0.510553305887,0.00484148247968,2.678048960333529e-07,0,1.3390244801667645e-07,26,1,1,1,0,0
229,5,-1.6384908921388106,0.33879492196047351,1.0000394347393495,4.0473825427061403,-4.3267911984974008,-6.1293859905060213,0.0784612747093,0.00894475405086,3.0528192546460198e-08,0,1.5264096273230099e-08,26,1,1,1,0,0
230,9,-1.6541223669477318,-4.912898331284004,-1.101273935842823,5.3403237187533659,-4.8222567200120823,0.36126485189232893,0.171914702395,0.254478535714,1.9756373195918933e-05,0,9.8781865979594665e-06,22,1,1,1,0,0
231,4,-1.5738345293448504,-4.8849423872413649,-1.0301528783895435,5.1482504178754001,1.8318196877269199,-5.9817958784308711,2.45664980797,0.0518506176388,6.8540881148504321e-06,0,3.4270440574252161e-06,11,1,1,1,0,0
232,7,2.0610331211192054,-4.5279015863266752,0.8279722766171177,5.0696954418693281,5.5583089695172729,-0.49345705987718103,0.286593726782,0.000479308187981,8.2205945921424106e-08,0,4.1102972960712053e-08,23,1,1,1,0,0
233,10,4.7173677027645766,1.4027826899706075,-0.90552319668121772,-1.385430910885546,2.1906076381054258,-6.0760095512398919,0.0806070926162,0.000769511435876,6.6778819302204637e-09,0,3.3389409651102319e-09,33,1,1,1,0,0
234,15,2.0243251835038487,-4.3044000566134324,0.42976845591906487,6.1633499756756231,5.9775994772096253,0.37940128517770094,0.70518242281,0.451148344158,6.2497536524431336e-05,0,3.1248768262215668e-05,27,1,1,1,0,0
235,15,2.0651144278737097,-4.5101803096120632,0.72653456319990994,5.2866050130064908,5.5602843560275614,-0.22533400164536002,0.268750057468,0.0102926640927,1.0449743815738247e-07,0,5.2248719078691234e-08,18,1,1,1,0,0
236,12,-1.5732417607624574,1.3543293421379095,-0.76548076228762496,-1.8597506292728245,2.4624425041910003,0.24073716412629165,0.307857223327,0.0504708117594,8.707288883857486e-07,0,4.353644441928743e-07,26,1,1,1,0,0
237,14,2.0472897234345346,-4.5157529147501698,0.66223261512235276,-1.1173409671652235,5.5396352904105628,-0.1199790586119808,0.362016531719,0.00370380573941,1.3523476490649108e-07,0,6.7617382453245542e-08,24,1,1,1,0,0
238,0,-4.2241665044612651,-4.5559908534469438,0.77783205083259976,-1.3565513093444714,-0.76228314815691778,-0.34244320640827908,1.01348643819,0.0100854163283,1.0581391108777454e-06,0,5.2906955543887269e-07,32,1,1,1,0,0
239,11,-4.2577764773939775,-3.8582920881710936,-0.70146008688852157,-0.44833780194701206,5.5577778201573951,-0.33940784633471893,0.0830564393555,0.000411190730098,6.949876166630714e-09,0,3.474938083315357e-09,21,1,1,1,0,0
240,5,2.0799868551428795,-4.4939128373760653,0.64262159058743984,-0.87539975569433948,-0.6611662480444811,5.4604273395196676,0.827496038011,0.0323994244297,1.0045135143188198e-06,0,5.0225675715940989e-07,19,1,1,1,0,0
241,0,2.0947492614140284,2.4790877709989969,-0.72291614303506435,-0.22768633426306659,5.5922520315976234,-0.52165430800062318,1.46357959399,0.118399432276,6.4123218525068413e-06,0,3.2061609262534206e-06,35,1,1,1,0,0
242,3,4.775866004401049,1.4188603075209432,-0.94270308549864668,-1.4827813538014654,-4.1267937532204311,0.14231331050464621,1.54172341289,0.0269450572097,2.5980743277647042e-06,0,1.2990371638823521e-06,18,1,1,1,0,0
243,9,4.7466643900420742,0.52929711620963449,0.97199171495437842,3.8609039270660404,-4.2303669805635247,-6.1044531568058131,3.30348625715,0.118015703006,1.5155643363942902e-05,0,7.5778216819714509e-06,35,1,1,1,0,0
244,2,4.7785656507366365,1.4454678750288297,-0.89057436285018521,-1.6436911366011029,-3.9623588181981813,-0.03490414738300282,0.0823974697529,0.00216888536027,8.2222827703210408e-09,0,4.1111413851605204e-09,29,1,1,1,0,0
245,2,-4.1873631061834233,1.72740775102543,0.72210206656910703,-0.86625569850931528,5.6734576113767563,-0.013488301312742789,0.0214081051419,0.23583232693,1.6942330746398133e-05,0,8.4711653731990663e-06,23,1,1,1,0,0
246,13,-4.2463702391633849,1.6893491766347022,0.95036538321605746,4.8856418723196544,5.3813510528042743,-0.43140267805417787,2.73413498755,0.0529106095875,8.3282805294716436e-06,0,4.1641402647358218e-06,34,1,1,1,0,0
247,9,-4.3062233022223015,-4.5499775988214983,0.93733355578543798,-1.2741015721163307,5.3269741610607397,-0.31007437855188025,0.105202084523,0.000232322300001,1.1083919902415656e-08,0,5.5419599512078282e-09,52,1,1,1,0,0
248,3,-1.653438598786515,-4.8489232476769688,-1.0818482391119884,-1.4853240351564607,-4.3462750276023421,-6.0471164872755976,2.39712086775,0.0525182093263,6.5863727410719498e-06,0,3.2931863705359749e-06,43,1,1,1,0,0
249,3,1.8814155439470022,2.8307201632878733,-1.1113076108290165,-0.44789364769628875,5.0791518239301245,-0.28020069358621852,0.0713072599052,0.000420370169644,5.138554588287015e-09,0,2.5692772941435075e-09,21,1,1,1,0,0
250,6,-2.0700310609595869,-2.6683364416035156,-1.2375339339154503,1.8371883432781702,1.8070099567931068,-5.5002324261455993,0.0907876085343,0.00668509661628,2.1855899770466107e-08,0,1.0927949885233053e-08,21,1,1,1,0,0
251,3,-5.6364033968478982,-0.76901311093407354,1.8057545943447271,4.13547662725016,-5.110766013685522,4.2599988969681899,0.0326526407762,0.000932594384282,1.3311305544023817e-09,0,6.6556527720119084e-10,18,1,1,1,0,0
252,11,4.1662447866870211,2.2542218713045257,1.7888025763839923,-3.0556074910419357,-1.5461038958015381,-2.3316424336898263,0.443775016341,0.0226955403596,3.5384090624745718e-07,0,1.7692045312372859e-07,16,1,1,1,0,0
253,9,-5.6677157194543399,5.8283381713181335,1.2903733260717756,1.2708888495615449,5.0342358532761233,-5.1421099156864436,0.0705329216855,0.0022894167392,6.5715236212145006e-09,0,3.2857618106072503e-09,21,1,1,1,0,0
254,3,4.155072895715425,-4.0325680641766875,1.7894163361879671,-3.1016829831003441,-1.6528874685683224,3.9989319985915133,0.0615861175239,0.00226746387707,5.3590075689706091e-09,0,2.6795037844853046e-09,36,1,1,1,0,0
255,9,-2.1551855422271253,3.9511302953273328,-1.7990634508269654,5.1357866660192171,4.6597505152874206,-2.0734868465325227,0.121667915183,0.0123184824874,6.1027255238323883e-08,0,3.0513627619161942e-08,12,1,1,1,0,0
256,6,4.1162343911872616,-4.0227691653361006,1.8409063872977123,-3.1811395283967805,4.5510436840799748,-2.2706271614224418,0.0424782383268,0.00231455707813,3.4362893951152372e-09,0,1.7181446975576186e-09,20,1,1,1,0,0
257,3,-5.6826678109481188,-5.392506677441399,-1.8935462926604598,0.10890083863503974,1.1783910637660244,-2.0035474288631021,0.150120483378,0.000704434245,2.2687319102582756e-08,0,1.1343659551291378e-08,14,1,1,1,0,0
258,14,-2.0666253697820118,3.6124876913024657,-1.4644385455264524,1.7316487558425322,1.6977466249383852,-5.5326983822018887,0.119237525305,0.000852979382952,1.4439219103057474e-08,0,7.2196095515287372e-09,20,1,1,1,0,0
259,6,-2.0336151058203176,-4.1357728553661,1.8670041642560062,-3.2122699622932958,4.5274763986658719,3.8563246656191894,0.0128893580154,0.000668385998331,3.0222028826757776e-10,0,1.5111014413378888e-10,16,1,1,1,0,0
260,15,-2.0633928032845978,-2.720994361676293,-1.5277470276608958,1.7077215323176635,-4.7246729368316833,-5.8962754367272563,0.0889130341713,0.077590093018,1.8417701826606708e-06,0,9.208850913303354e-07,15,1,1,1,0,0
261,13,-2.119418497669435,2.1062576668610249,1.9323360601431916,-3.3582891103403418,4.6267524249880436,-2.4886883869851073,0.373950979021,0.0128674141825,1.9027494683359574e-07,0,9.513747341679787e-08,10,1,1,1,0,0
262,2,-2.0996380088488311,-2.7413798230751754,-1.469014173140025,1.8587468018940736,-4.5225520357351403,-5.4600629172770505,0.26025441685,0.0270663347893,2.9089096447091896e-07,0,1.4544548223545948e-07,29,1,1,1,0,0
263,0,-2.138454837741155,-2.4423959336803973,-1.871240179193135,-1.0783711767718984,-1.9069863384031858,4.0954538499370621,0.0586890233714,0.019931629976,1.2445972528850008e-07,0,6.2229862644250041e-08,43,1,1,1,0,0
264,0,4.166626742137991,3.5312493685098527,-1.4263366081825606,1.8255995875683568,-4.6242817601236856,-5.4760558602200025,0.11784609976,0.00804265470539,3.3591666183863874e-08,0,1.6795833091931937e-08,45,1,1,1,0,0
265,3,-5.6549315965201119,5.6182590656805873,1.8510554488638116,4.0952149705523793,1.2495979668936477,-1.5110192036121803,0.0276421232557,0.0387611656855,4.5842981718350861e-07,0,2.2921490859175431e-07,15,1,1,1,0,0
266,9,0.56689602794916916,-5.1917324409177859,-1.8422604226157784,-0.48240639907106447,0.91305049383654557,4.6428438029104617,0.0277946023092,0.0673455762287,1.382342499887749e-06,0,6.9117124994387448e-07,16,1,1,1,0,0
267,1,-2.1878990448641629,-2.7203533035519643,-1.4337300099909092,1.7925632283088457,1.6680884187868785,-5.4266953082419827,0.160042325218,0.0137346021316,8.30763613914928e-08,0,4.15381806957464e-08,34,1,1,1,0,0
268,8,4.1009253838029656,-4.0530017698717025,1.8141241764355804,3.1919335144323173,-1.8174633916141909,3.9955966786971171,0.0243625730569,0.0012504448331,1.069838504425722e-09,0,5.3491925221286098e-10,20,1,1,1,0,0
269,0,4.1302349242572394,-2.6301666033807432,-1.471805047479251,-4.5835838544099463,1.613996123923864,-5.8502349641280507,0.022241427993,0.0211946109186,1.3733233893217938e-07,0,6.8666169466089691e-08,12,1,1,1,0,0
270,11,-2.1543251556610161,3.9831520448915558,-1.9012915651258446,5.1966509606870108,4.3195530740096437,3.911997524569637,0.0203009126411,0.0213073341083,1.3870919316127572e-07,0,6.9354596580637861e-08,11,1,1,1,0,0
271,8,-2.1232253796585119,-2.2902001165817585,-1.9136767878903995,5.0827310412060953,4.6385640137153183,-2.364280287158989,0.013268788308,0.00142419625625,7.9392691010731806e-10,0,3.9696345505365903e-10,46,1,1,1,0,0
272,12,0.62079473625813397,0.96312306431871331,-1.9158805198887494,0.03213974972979574,1.3070903319025078,4.2653964774059023,0.0467241377275,0.0024266005175,3.9768512366714845e-09,0,1.9884256183357422e-09,28,1,1,1,0,0
273,0,4.1252658234761661,2.2179704040685171,1.9064786250974879,-3.2440445643614719,-1.6682223724561078,3.9934414211239737,1.08820168728,0.0536096520829,2.0596517915783186e-06,0,1.0298258957891593e-06,29,1,1,1,0,0
274,11,-2.2020563890932614,3.9711550285386741,-1.8998433730045701,-1.1370556126519811,4.5384569301451094,4.0912591493601793,0.504626275372,0.0291986309129,5.1435231958393651e-07,0,2.5717615979196826e-07,25,1,1,1,0,0
275,1,0.4870934336990641,-0.86531633923216689,1.8629382504467904,-2.1271307770583907,-5.0830088654252057,-1.8407837679364645,0.0611225398699,0.000880965311336,3.9723784230203916e-09,0,1.9861892115101958e-09,18,1,1,1,0,0
276,8,-2.2235480783356985,-2.5527039103124443,-1.412060672144547,1.7616408894467452,-4.691816176817607,0.78641833840612718,0.0265024517183,0.00315998269413,3.744134337236509e-09,0,1.8720671686182545e-09,19,1,1,1,0,0
277,3,4.0700452479768376,3.7004941336708885,-1.4011789942216226,1.76919126169705,-4.5255147141875494,-5.5206139390028861,0.136969089785,0.00359687795837,2.2701528882697073e-08,0,1.1350764441348537e-08,22,1,1,1,0,0
278,15,-2.2723246157133921,4.0380997340762974,-1.8446832377058535,5.0954652955028088,-1.7485635250400502,-2.23225721790141,0.779181871385,0.028390056716,8.5264460353641465e-07,0,4.2632230176820732e-07,31,1,1,1,0,0
279,9,0.49679728382296762,-5.5519334051239015,-1.3349111806198453,-3.6752429673773097,5.1361221775203996,1.3039973039104946,0.0964951042996,0.00561137635342,1.8902959739075916e-08,0,9.4514798695379578e-09,45,1,1,1,0,0
280,14,0.51330809605336392,-0.46461822164821259,1.3172279491007812,-5.0018248615897498,-1.3212515861166354,1.3355867805073878,0.180672261368,0.00834693898375,5.3865585204074051e-08,0,2.6932792602037025e-08,7,1,1,1,0,0
281,12,4.0208041727245556,2.3593058646823084,1.2937173769177512,0.48742678427718777,-4.5289603649818257,-5.3225399830472062,0.0425978725463,0.00126578870863,2.3026431891383145e-09,0,1.1513215945691573e-09,30,1,1,1,0,0
282,14,0.45784098229702797,-0.43079048556168076,1.2753542257451786,-5.1337013044281887,5.0942162125755468,-4.8766692531914373,0.128039089038,0.0105822475051,5.0506273962658748e-08,0,2.5253136981329374e-08,23,1,1,1,0,0
283,8,-2.2040105825606031,-4.1490616055594858,1.8951353556461474,-3.1057594276640756,-1.6316933819481143,-1.9653818291661607,0.0239935779004,0.00204838539468,1.8538307499237394e-09,0,9.2691537496186968e-10,32,1,1,1,0,0
284,7,-2.2871602371600011,2.1314932054148512,1.8499242311582909,-3.0378659772515664,4.486110344845966,4.2393888076376856,0.0240788147447,0.00242298512374,2.3681546033361424e-09,0,1.1840773016680712e-09,39,1,1,1,0,0
285,1,-2.2068574528897926,3.5520240878956684,-1.3150536763378253,-4.4131883068313451,-4.7144361272687192,-5.0383843035004565,0.0702256879297,0.00925270893419,3.1010743449146618e-08,0,1.5505371724573309e-08,14,1,1,1,0,0
286,0,-2.1973215528986239,3.9812077039924496,-1.828532164861475,4.9705544552733159,-1.5446650155096944,-2.2407469906615192,0.054486054389,0.00556170093993,1.2391313744092392e-08,0,6.1956568720461959e-09,37,1,1,1,0,0
287,13,4.068355337111706,2.2333993142811903,1.8117912982682207,3.1417097162904457,-1.782612051366262,-2.1494103476305257,0.0305044558946,0.00525203385013,9.3330459572288957e-09,0,4.6665229786144478e-09,30,1,1,1,0,0
288,2,4.0903793822924026,-4.0526872442138773,1.8119694477493915,3.138752114502918,4.7800061307798778,-2.1784573513210654,0.0330381875129,0.0061371985502,1.2564999715168509e-08,0,6.2824998575842546e-09,21,1,1,1,0,0
289,5,4.0452342826197407,-2.3516094575208819,-1.8304204106339783,-1.1080793325238107,-1.707474103049536,-2.0496536115184676,0.132691406635,0.0115254611737,5.8071246727944565e-08,0,2.9035623363972283e-08,48,1,1,1,0,0
290,14,4.0885101354552962,3.9211185920475047,-1.8319354193855659,-1.3327922929389762,4.6125201551884016,-2.2907460961484576,0.797260202897,0.0875937634683,2.9728519769466404e-06,0,1.4864259884733202e-06,9,1,1,1,0,0
291,10,4.1145197304506302,-2.6904679069323447,-1.3421614427198396,1.8080490341187936,-4.5093772748938861,-5.3268089222347115,0.181233977463,0.0239908562276,2.0817171693951899e-07,0,1.0408585846975949e-07,13,1,1,1,0,0
292,6,0.59137960517314236,-0.48356901165750144,1.3094188401364355,-5.0562471637202568,5.1124267361952427,-5.0243010710834124,0.0278567016418,0.0104631726365,3.4124896111032119e-08,0,1.7062448055516059e-08,22,1,1,1,0,0
293,15,-2.1576175191269935,2.2199735427299179,1.8343367149820005,-2.9094006228127278,4.4848450388356751,-1.9939999367562637,0.272782256781,0.033872839631,4.2391882455940742e-07,0,2.1195941227970371e-07,10,1,1,1,0,0
294,7,4.0867297342458508,-4.0457830593474666,1.815566286305387,-2.9014552637902842,4.6498938140542823,4.1604055123512742,0.0411197351762,0.0045289824541,7.9390482884616093e-09,0,3.9695241442308047e-09,16,1,1,1,0,0
295,14,-2.2080530430322103,-2.3293228347397008,-1.8163376879015638,5.3870491597326113,4.5741093856312274,4.1603816507160847,0.0295931463199,0.011920219619,4.4159341769226914e-08,0,2.2079670884613457e-08,29,1,1,1,0,0
296,1,4.0525597846339751,-4.0708566480241046,1.8027002590901924,3.5635792046173531,-2.0181280022052168,4.0859533635579703,0.0455466298262,0.00279181888443,4.4487606301296283e-09,0,2.2243803150648141e-09,6,1,1,1,0,0
297,12,-2.1186682526316205,-4.0785343004420831,1.8524678279268836,-2.9680820226895928,4.8697256498588377,-2.4300435885093807,0.0326070468923,0.00717019506479,1.6724118075404073e-08,0,8.3620590377020367e-09,20,1,1,1,0,0
298,12,4.1329608740509682,-2.3440554501442161,-1.7957549821393901,-0.90137667799198296,4.6720252335115218,3.9679480443150239,0.109582606612,0.00497516353435,1.9548314868917537e-08,0,9.7741574344587686e-09,23,1,1,1,0,0
299,14,-2.2267103008719373,3.9821328886137404,-1.7572048627711054,-0.90902440060059053,-1.6082583633357215,-2.2471568567955087,0.0385606559237,0.00207942503073,2.8040924850087782e-09,0,1.4020462425043891e-09,12,1,1,1,0,0
300,2,-5.0293163564314325,-0.19151116632584297,-1.7186855027959147,-5.7348525606512633,2.429987575518826,3.7983050566990344,0.033840344071,0.0174277500545,9.3665543096786044e-08,0,4.6832771548393022e-08,60,1,1,1,0,0
301,9,4.9827602860846083,-1.2404887500390385,-1.7849896875518745,4.501524574698256,-0.76944817079662708,3.1339491450792689,0.38557757059,0.010519026323,1.8237595448350571e-07,0,9.1187977241752856e-08,19,1,1,1,0,0
302,5,-1.3475971910306137,3.2450688702901487,1.8356697243244122,-3.2205515069612889,5.5411717570672723,2.986776981425928,0.0154289293415,0.0340434964052,3.5327734931607359e-07,0,1.7663867465803679e-07,31,1,1,1,0,0
303,0,1.2235886787511565,-0.053456335770458642,-1.6449676518222525,3.7862994462279835,4.1168414056687439,-5.6027963722945016,0.262280877933,0.0414933611082,5.9325077084938191e-07,0,2.9662538542469096e-07,50,1,1,1,0,0
304,8,-1.1477462200849013,4.7798061907397118,-1.54559174883933,1.5113865656398706,0.82764466187739416,-0.36406810644829218,0.101808987842,0.00497858518374,1.7915411935172943e-08,0,8.9577059675864716e-09,36,1,1,1,0,0
305,3,5.1157197382576189,3.2728044468128004,1.5402280033940743,-0.099430061241971707,-5.5307752724517929,-0.22368243662875853,0.228094424538,0.00528741540149,6.0543183098211171e-08,0,3.0271591549105586e-08,19,1,1,1,0,0
306,1,-1.2039864383122296,-1.267144965164879,-1.8637053093053015,5.280168545195794,5.4605135066211847,2.720094881865573,0.0214880888761,0.103667246303,3.274154064076826e-06,0,1.637077032038413e-06,11,1,1,1,0,0
307,12,1.2104395813797164,4.8066689426767475,1.5635728333003902,2.0411191486278715,3.969938238507897,-5.5857264853361404,0.141361771356,0.00238755825387,2.1719602024393633e-08,0,1.0859801012196817e-08,32,1,1,1,0,0
308,10,1.1733532297952245,-1.5247225754217919,1.6000104777334887,2.0748800202205979,4.0669377699161409,-5.5686500310166096,0.617804276468,0.0877195036559,2.7256252328208502e-06,0,1.3628126164104251e-06,16,1,1,1,0,0
309,13,-5.1857750367631699,4.7242798741607865,1.7169009484176918,2.3356296624886408,4.3212510671190252,0.68177847000759606,0.268359729309,0.13137637399,5.329637955859206e-06,0,2.664818977929603e-06,28,1,1,1,0,0
310,4,-1.4344340704865823,3.2172396999400852,1.7756511797785741,2.7543103490065688,-0.59482007816077753,-3.1800236300454268,0.0999858334009,0.00802398537397,2.9609758796778037e-08,0,1.4804879398389018e-08,27,1,1,1,0,0
311,10,1.1252186649543461,-1.3336807825515236,1.3591659282026405,-4.5681052284042281,3.6856820054557411,0.44622468433556445,0.0314154853188,0.00840261824707,2.2494139015764329e-08,0,1.1247069507882165e-08,29,1,1,1,0,0
312,15,1.1274144669010358,-0.17162594978020482,-1.6097483657558611,-5.4890329181766839,2.4668783395587983,3.8884718436928534,0.0261808757603,0.00616336861271,1.2256974498043354e-08,0,6.1284872490216771e-09,35,1,1,1,0,0
313,3,4.876881612429286,-3.0903002551555359,1.4631134148803273,-0.066440791093976825,0.54342715037325651,-6.1305248037086102,0.0708573783,0.0200145374444,1.2704493470293044e-07,0,6.3522467351465222e-08,23,1,1,1,0,0
314,11,4.8636948820425312,4.581347824085916,-1.418511335854082,-4.7726799908473057,-5.7152895434296518,-0.21544294799066868,0.0508207732632,0.0107426771699,3.7737158679560266e-08,0,1.8868579339780133e-08,34,1,1,1,0,0
315,5,-1.3937962428569091,4.9284187112605311,-1.7588108939284632,4.5947058332301483,5.678378482706095,-3.2867058945106771,0.0250754084591,0.000474596861698,6.9738880143495853e-10,0,3.4869440071747927e-10,23,1,1,1,0,0
316,9,4.9195787615283892,3.2004443550186337,1.7389377738902372,-3.5121481506306043,-0.5713813946051538,2.770192053386102,0.0738056184724,0.0546079093082,9.1382365253066918e-07,0,4.5691182626533459e-07,23,1,1,1,0,0
317,15,-1.2984188147959723,3.2455367444440659,1.7745972692929148,-3.6113617694507201,5.7024026065855598,-3.1391416788335906,0.0315326978749,0.0178421120706,9.7966513839161602e-08,0,4.8983256919580801e-08,30,1,1,1,0,0
318,8,-1.3750586549169239,-3.1276636453051383,1.7762010531737105,-3.3552138846269486,5.7849351569354113,3.0848636700569094,0.0620879767318,0.00914076200287,2.9306777575243584e-08,0,1.4653388787621792e-08,20,1,1,1,0,0
319,15,1.2483314202301692,-1.627163153843197,1.6590483245525212,-1.3002540618958094,2.6737278145094576,3.5650575873596542,0.0527772673597,0.000157106389219,2.7929586442977947e-09,0,1.3964793221488973e-09,23,1,1,1,0,0
320,1,4.8942851391638555,-3.1121690117570013,1.6941036395824862,-3.6374804175804729,5.848055993061684,3.0861416090132554,0.0399860361028,0.00113201088438,1.9892346622343255e-09,0,9.9461733111716276e-10,21,1,1,1,0,0
321,3,4.9135360302426685,-2.9914948356096667,1.155370794952157,1.0097875233472429,-5.8415033958862344,-0.7026883720304542,0.172706413711,0.0725876752279,1.6348477329144455e-06,0,8.1742386645722274e-07,27,1,1,1,0,0
322,10,4.9142938110459529,4.7793525145117339,-1.7457477185035646,-1.3081185636817478,5.8819093951014523,2.6306038099800708,0.317909698624,0.00535977154133,1.0981736708717376e-07,0,5.4908683543586882e-08,16,1,1,1,0,0
323,5,-1.4226864318349755,4.3795782781609454,-1.3427162202394558,-5.0220630893494889,-5.9327519224943925,-0.10125321574076029,0.0258467596123,0.00446034294742,6.7283147381285414e-09,0,3.3641573690642707e-09,20,1,1,1,0,0
324,3,-4.9809661441649018,4.8094235668087775,1.3588149495060922,-0.47051319165561889,2.5635493561207934,-2.4552262972502632,0.270238596073,0.00764698191076,9.0841808284430135e-08,0,4.5420904142215068e-08,14,1,1,1,0,0
325,7,-5.0590275325640404,6.1135428352333596,-1.2927202123671777,-5.0073842415072942,2.0212680296359036,-2.0581097417417045,0.0689243996036,0.0289687126864,2.6038134276643607e-07,0,1.3019067138321804e-07,8,1,1,1,0,0
326,13,1.3027115857535643,-1.5241919352392952,1.5077296076167495,5.1081188231466692,2.7296369711237323,-2.9907840200027023,0.5794031045,0.0193355999535,4.4959387878613104e-07,0,2.2479693939306552e-07,19,1,1,1,0,0
327,10,-1.370358278294177,-1.5334274680325537,-1.5282853966296466,-2.2400208477799382,-0.48113924780970102,-3.027921008313653,0.0596566485112,0.0115054571718,4.388281259051867e-08,0,2.1941406295259335e-08,26,1,1,1,0,0
328,11,-4.919647374702258,5.0376176327064615,1.3182944350190839,1.9984641389620756,3.6361694284781825,0.60431762055815119,0.185070199408,0.00124950327033,3.4726565221123371e-08,0,1.7363282610561686e-08,9,1,1,1,0,0
329,11,-1.2926998887544889,4.8359692548704087,-1.6102147404147378,4.2018562952765057,-0.54917736517585469,2.974951377760243,0.0281078801449,0.00874515527845,2.4086505013337953e-08,0,1.2043252506668977e-08,14,1,1,1,0,0
330,4,1.3511875595330414,-1.6157211678898631,1.5192412633738059,-0.89898328405274952,2.5296154486473243,-2.5703125827683655,0.0425945695333,0.00905217365985,2.6775211654346518e-08,0,1.3387605827173259e-08,14,1,1,1,0,0
331,4,-1.3076872074563977,3.2308045001109038,1.6640280349799657,-3.3830606360364897,5.7110604643552527,2.7442295634939744,0.0302829775436,0.0224076258984,1.5386598256674821e-07,0,7.6932991283374103e-08,31,1,1,1,0,0
332,2,-4.9635579001029306,0.022699297271047754,-1.4543266374714796,-2.5743732589899113,-2.2300753654269987,-5.6583926543500001,0.0312374773158,0.000339427387313,1.0108752517612217e-09,0,5.0543762588061083e-10,14,1,1,1,0,0
333,3,1.2891298980360455,-0.20663812410871546,-1.497783349457912,-5.458636135809309,-4.0159906980039155,-2.6108914824547766,0.0337317627408,0.000509287213725,1.2168414935930428e-09,0,6.0842074679652138e-10,17,1,1,1,0,0
334,6,-5.0223670328322196,6.0576978185895465,-1.4793281750440539,-5.5557545075821588,-4.0116825008755761,-2.4652788021591845,0.196463544126,0.00182924764554,3.9617218820400312e-08,0,1.9808609410200156e-08,12,1,1,1,0,0
335,7,-1.3597264841597003,-3.0296381408221871,1.6240569297071776,2.9747892758476771,-0.60742740078698243,-3.4861888579062157,1.49223474746,0.083158929551,4.3333181504800894e-06,0,2.1666590752400447e-06,14,1,1,1,0,0
336,8,4.8539315823964113,3.1704992442746875,1.6709087840375199,-2.8286227673136808,-0.66216106524854224,-3.7683249466658331,0.078867521496,0.112883575076,3.8878689446562139e-06,0,1.9439344723281069e-06,9,1,1,1,0,0
337,12,-1.4525268433830787,-1.4600620718896518,-1.6723172598444056,4.6737015592892517,-0.64641626196522461,3.0488715979468406,0.145363464939,0.000689303391772,2.127527260581652e-08,0,1.063763630290826e-08,23,1,1,1,0,0
338,3,-5.1707325654031946,-1.3162901765447501,1.414344916831517,-4.073648645968686,4.1055770133768936,0.94754944658379547,0.084845902859,0.00229199068301,8.7990499472008325e-09,0,4.3995249736004163e-09,16,1,1,1,0,0
339,0,1.1515951199508634,-0.17628190467400118,-1.4868531351498229,-5.7994081119862964,-3.6626839615768967,-2.4110015541256304,0.0979410052382,0.0209411352213,1.4317666619680529e-07,0,7.1588333098402646e-08,20,1,1,1,0,0
340,13,-5.1310528156594195,-1.3657532172439009,1.4287148374791552,-4.1572638296814057,4.0182832497091718,0.73707198141680264,0.13973246561,0.00570809267325,2.945030479357101e-08,0,1.4725152396785505e-08,21,1,1,1,0,0
341,14,-1.5211504021251221,-3.0711061650189344,1.6553921895202821,2.9453389029813803,-0.64347477638409101,3.16217473963238,0.0682160931322,0.0108746465974,4.0676863493627343e-08,0,2.0338431746813672e-08,24,1,1,1,0,0
342,5,1.0870618312544833,-0.20949408743040379,-1.4795674712685412,-5.3470678795885309,2.082519460954944,-2.4265261292347393,0.028497253909,0.00258469503986,2.8471353734169863e-09,0,1.4235676867084932e-09,20,1,1,1,0,0
343,8,-1.5986003403336628,4.8125848490853862,-1.55387319535976,-2.2737162431566071,-0.75176617779008936,-3.0556627039590403,0.114310214036,0.0659575688508,1.3382747187879581e-06,0,6.6913735939397903e-07,42,1,1,1,0,0
344,3,4.6795629329678734,4.7455862444641763,-1.6373183876575514,-1.5930239934221906,-0.58054972547738493,-2.976010551389483,0.126350993973,0.0131865867058,6.8933299337894081e-08,0,3.446664966894704e-08,27,1,1,1,0,0
345,2,1.0570103316999746,-1.2089276439724546,1.334287013005524,-4.2373408288494652,3.8998079692403858,0.58510423797470856,0.0315654908564,0.000831633777888,1.207058110752977e-09,0,6.0352905537648848e-10,15,1,1,1,0,0
346,5,-1.5538595402626407,3.2329685660801677,1.5595411482374137,-3.5489835351527286,-0.64534275422979037,2.9711146929008594,0.0862810826615,0.0305552691322,2.9184270285665535e-07,0,1.4592135142832768e-07,18,1,1,1,0,0
347,14,-1.5548162419677678,3.2409026376198269,1.5770516232788603,2.7476883593431602,5.6237662603007479,-3.1472911697485375,0.351709847699,0.0150898418613,1.9306221703749392e-07,0,9.6531108518746959e-08,31,1,1,1,0,0
348,12,-1.4868638159073551,3.2116756202953773,1.5996859308336477,3.090120537691472,5.6965705573727226,3.2331340466960325,0.0530569739432,0.00208412905475,4.1381768555633245e-09,0,2.0690884277816622e-09,8,1,1,1,0,0
349,14,-1.4952067997673042,-3.1228211863970832,1.5935023378520183,-3.299174026994852,5.702959528572948,-3.0826360248069267,0.0390673780514,0.00167731666815,2.383267997601931e-09,0,1.1916339988009655e-09,28,1,1,1,0,0
350,5,-3.1197442022865607,4.4501123612666955,0.43049971370275653,-3.0358386467533993,5.0896212116107913,-0.74011193933111175,1.17695366644,0.377178457707,4.4721187331095685e-05,0,2.2360593665547842e-05,26,1,1,1,0,0
351,1,3.0286466588239778,-1.9253228559647084,0.49944988147995445,3.3511739441317059,4.9561839278235453,-0.67606204017976967,0.101559103218,0.0226224310686,1.6620964486561043e-07,0,8.3104822432805214e-08,15,1,1,1,0,0
352,13,5.0395740499018356,-1.6652293104267981,0.59478382012914677,5.2407960500583028,-4.5309089973300187,0.72452952397000392,0.793569703876,0.41709506884,5.3623526464451628e-05,0,2.6811763232225814e-05,11,1,1,1,0,0
353,15,-1.4406075252270332,4.6915988939973596,0.23226999293662459,-0.20135381141263439,1.8584360163447751,0.76739989791176721,4.08724588383,0.0465607892545,1.7365961180823746e-05,0,8.682980590411873e-06,16,1,1,1,0,0
354,14,3.1329861232085001,-2.0430318773952765,0.55361645741704202,-2.679861702678171,-1.3218555957893015,-0.81692311618190883,0.575926271593,0.00703119377892,3.4675065064721754e-07,0,1.7337532532360877e-07,31,1,1,1,0,0
355,2,5.2877962569634169,-1.4944827743086322,0.20357496590525609,-0.52190787991114573,2.1599159980362099,0.17813659863267783,0.558942096611,0.018256314098,4.1394312241079018e-07,0,2.0697156120539509e-07,21,1,1,1,0,0
356,2,3.0494916205805502,4.3997067804597965,0.36497358546750625,-2.979081586963197,4.8081496438329987,-0.48014852223513926,0.391267468047,0.0986503908321,3.1175963807754307e-06,0,1.5587981903877154e-06,11,1,1,1,0,0
357,8,-2.9948561102280724,-1.574223374510602,-0.42330721752277639,5.0081636073073525,0.28031502623133664,3.5239992441606516,1.00411883797,0.120794600805,5.4530296374767211e-06,0,2.7265148187383606e-06,43,1,1,1,0,0
358,11,-1.1977311034127551,4.6785861952199141,0.46655500229047214,5.4258764125190195,-4.7259397990761691,0.78947968209708008,0.0203537034266,0.344767498884,3.6208650645918046e-05,0,1.8104325322959023e-05,9,1,1,1,0,0
359,14,-3.0479697217944381,4.354900303968253,0.42288303042908093,3.7288751129960684,-0.80835463098604654,-1.3767000730040839,0.221298257743,0.0726333731111,1.6560146773692016e-06,0,8.2800733868460082e-07,21,1,1,1,0,0
360,2,-3.0992155893682165,-1.5723403784730461,-0.48205703263698346,-2.2405083594213635,-1.3597173685781885,-0.84602250716663985,0.544344949017,0.141154707861,6.3657073692597857e-06,0,3.1828536846298928e-06,26,1,1,1,0,0
361,1,-0.83002130446916422,-1.4938809072883701,0.29374697253903048,5.8919681392618086,-4.5626343026959502,0.16000253345387769,0.707403649129,0.680600869478,0.00014160455283420881,0,7.0802276417104406e-05,26,1,1,1,0,0
362,12,-0.67215697733146174,-1.0506716983405009,-0.48484820837260495,-0.22057377129968378,-4.5663247165886043,0.042141789060660975,0.328904734846,0.020358427563,2.3443175799233958e-07,0,1.1721587899616979e-07,30,1,1,1,0,0
363,14,-3.0463664901042011,4.1040126976183204,0.58770022881129413,3.6111953890392208,5.0503176720415919,-1.0957205112017541,0.156031298711,0.0373591472668,4.4950209149668425e-07,0,2.2475104574834212e-07,24,1,1,1,0,0
364,4,-3.2083619404123231,-1.6651267111080033,-0.48720563057278088,4.0183665703819287,4.3030591256279545,5.9001677687831258,0.0927250479512,0.535738963879,8.7438743613642937e-05,0,4.3719371806821468e-05,12,1,1,1,0,0
365,0,3.1408894218935623,4.5053648044827934,-0.34696932605468156,-6.2778005105645107,-4.7914354516445528,2.6852158623153115,3.90769539524,0.0153764659698,1.5342105736618103e-05,0.0066610414235625881,0.00020750229557518667,59,1,1,1,1,0
366,3,5.5917841197791684,-0.98819219449063178,-0.53285096132742238,5.8161683205156471,-4.3208749863284019,-0.27114016836735133,0.496515559586,0.102093688419,3.4215919915558843e-06,0,1.7107959957779421e-06,56,1,1,1,0,0
367,14,3.1751678330234494,-2.1989714575487764,0.63201325487308613,3.6958232231362951,4.8949020554224205,-1.0830379344429431,4.89338630825,0.25519411921,4.3783146129521289e-05,0,2.1891573064760644e-05,10,1,1,1,0,0
368,6,-0.60491253143810464,4.88404909786526,0.19596361585981545,-0.42647914498904665,2.3739368373663385,-0.59282886574002536,3.38319424523,0.0348391271099,1.1815737195782554e-05,0,5.907868597891277e-06,10,1,1,1,0,0
369,9,3.1476548630441865,-2.193591074982526,0.54669216160639456,-2.2882835272485726,-1.7096465376631165,-0.90764445341281119,0.388859505318,0.000101078040637,1.5121482708215018e-07,0,7.560741354107509e-08,14,1,1,1,0,0
370,10,-0.7519030095437742,5.041876075703275,-0.19310565937651641,0.068308188457480878,-4.9231947052257077,-6.1002284497427217,1.87933170523,0.00511021368901,3.5398425240716324e-06,0,1.7699212620358162e-06,54,1,1,1,0,0
371,2,-3.0336631810153194,-1.5710550550751377,-0.55884317413860507,-2.2715649377142717,-1.2694410875750708,-1.1085161666469978,0.720510610609,0.336099186562,3.492953053853604e-05,0,1.746476526926802e-05,24,1,1,1,0,0
372,0,3.2649146837967598,-2.1826233212896753,0.62913645765028181,-2.4124731876113858,5.0283024627254793,-1.4927482924007935,0.76226223811,0.13485651082,6.1209009550504005e-06,0,3.0604504775252002e-06,19,1,1,1,0,0
373,2,-2.950800663076981,-2.1675384693146791,0.65258462144850515,-2.5632620311416767,-1.3518104768386856,-1.3040278619363286,0.277998825914,0.00169765320689,7.8161262658686547e-08,0,3.9080631329343274e-08,24,1,1,1,0,0
374,13,-0.58290593198124996,-1.4790774937315692,0.3144998628943157,6.0346685306282453,1.9575039126453622,-0.30214962860254135,0.0958724778509,0.254808538791,1.9787205986135181e-05,0,9.8936029930675905e-06,22,1,1,1,0,0
375,15,-2.8909280720765764,4.0031021315558801,0.71978867871221641,-2.7719601570145875,4.9313544340302888,-1.2915875566516712,0.0873455096704,0.0107061542716,4.2545016532504435e-08,0,2.1272508266252217e-08,15,1,1,1,0,0
376,13,5.9632212417454395,-0.90940165235411552,-0.63229611518803863,5.9126166682082282,-4.1682396017986347,-0.89881487180374608,0.8993368778,0.00499325239719,8.164017147616335e-07,0,4.0820085738081675e-07,13,1,1,1,0,0
377,6,-2.7592479855086265,4.6712017944619584,-0.69195941371145808,-1.6336862255536184,-1.2498613179565601,-1.6796058328828802,3.42528206519,0.00450916353445,1.1738750876770489e-05,0,5.8693754383852443e-06,49,1,1,1,0,0
378,1,-2.6870439256997489,-2.3043580830859143,0.68085856002483869,3.9316420874644873,-1.2659569134618629,-1.6004755078291797,0.298587646294,0.0577167458423,1.1039030615500479e-06,0,5.5195153077502393e-07,25,1,1,1,0,0
379,9,-0.20606816283442692,4.8053113620219934,0.69512897989826894,4.9518770534743464,-4.4370898038177922,-0.6390389251456472,0.806244326796,0.260949614955,2.1392862200369e-05,0,1.06964311001845e-05,16,1,1,1,0,0
380,3,-2.6710801945341234,4.6197193802454706,-0.78588538221080506,-1.9523822671323015,-1.2290481125088875,4.9048938552529933,1.32093936015,0.234113416873,1.8440684966859114e-05,0,9.2203424834295572e-06,44,1,1,1,0,0
381,2,-0.10419173771002221,-1.4643104626730052,0.71545826100741183,5.2932118340406706,1.9681500848009106,-0.71919347167482428,0.2059724878,0.018491593029,1.4658524551958632e-07,0,7.3292622759793158e-08,33,1,1,1,0,0
382,2,-2.6885938044308255,3.9247064090379449,0.76022056361075196,3.7720171748343359,-1.1709897522635353,4.7012448296133558,1.47516708301,0.0293595120413,2.4386923348687758e-06,0,1.2193461674343879e-06,19,1,1,1,0,0
383,9,3.5416864060493798,4.716542102222772,-0.71901276286965476,-2.0238407755003065,5.0595002064002532,-1.2972608431274957,0.439686309671,0.000847127386188,1.9354265192962483e-07,0,9.6771325964812416e-08,17,1,1,1,0,0
384,0,6.0419946435422363,5.4118478184502603,-0.65444030107285001,6.0480217554339184,1.9527093072408497,-0.57738263802863676,0.17011826786,0.0284009077898,2.7464815823767822e-07,0,1.3732407911883911e-07,14,1,1,1,0,0
385,5,3.5331250907761085,-2.3136529702282442,0.77879059381257443,3.3752618364792171,5.0215245876545662,-1.2718508059452081,1.2721240846,0.0205696196604,1.7471861355361598e-06,0,8.7359306776807988e-07,9,1,1,1,0,0
386,15,3.5008187413307623,-2.4591220467372472,0.78019348565299107,3.947645165757522,-1.3915230767610882,-1.6182802593020205,1.22884769596,0.121425867804,6.0014194232932781e-06,0,3.000709711646639e-06,31,1,1,1,0,0
387,10,-0.14776780761308292,-0.63749556155464149,-0.79733754272101809,-0.86408723905273932,1.9372472214753793,-1.1617109068417433,0.543175747967,0.332955209105,3.4064674605213601e-05,0,1.70323373026068e-05,46,1,1,1,0,0
388,7,-2.7056458236562042,-2.368608801903624,0.79257758013235213,-3.134296106373621,-1.2737912340416937,-1.205646373642518,0.139220006678,0.388110613307,4.5903857900020254e-05,0,2.2951928950010127e-05,14,1,1,1,0,0
389,5,3.5359809959856352,-2.4932523224721317,0.66551320450885187,-1.7591086083479133,-1.7145594800110031,-1.6107067685957122,0.591748456239,0.0544778386846,1.2542204474124461e-06,0,6.2711022370622306e-07,15,1,1,1,0,0
390,0,-2.6631804675303372,3.8033654051901875,0.84366536059397679,3.7877779496365855,-1.1790636246491317,4.6580812542245296,0.372233322812,0.0156996642213,2.1363958273004782e-07,0,1.0681979136502391e-07,25,1,1,1,0,0
391,13,-0.023464497529552195,4.8645943535177159,0.80682052106272473,-1.4051248874967694,-4.0995122244558528,-1.2763859085158886,1.39682397248,0.0626166410312,3.1454745117320615e-06,0,1.5727372558660308e-06,11,1,1,1,0,0
392,0,0.033457117768600955,-1.3820386108021216,0.80462495212090968,4.762277581031058,2.209595317261607,-1.4008537406052388,0.025391150515,0.0587324399384,1.0514223481105592e-06,0,5.2571117405527958e-07,27,1,1,1,0,0
393,1,3.6637082072977445,-1.7420551616415654,-0.80269269864807891,-1.4250909730468277,-0.88309184168395172,4.1906938593587233,0.332165964643,0.328241698077,3.2930610805186904e-05,0,1.6465305402593452e-05,23,1,1,1,0,0
394,2,3.6152743700826839,-1.8195447931448927,-0.81642741330941293,-1.4249479688037874,4.914514391692169,4.7282281040884371,1.79570950354,0.086430065191,5.5001123186856106e-06,0,2.7500561593428053e-06,22,1,1,1,0,0
395,2,-2.6269246779310085,-1.9322289953433411,-0.61037966685528422,-1.1036387801520178,4.9970629691879189,4.2332109835051099,0.12967275893,0.425885599557,5.526787907500971e-05,0,2.7633939537504855e-05,8,1,1,1,0,0
396,11,3.706305614272873,3.7885498525581824,0.72692074496967585,4.2049902957640874,5.0294391160807104,4.4693189724852251,0.211778164053,0.187144910595,1.0713532157069423e-05,0,5.3567660785347117e-06,21,1,1,1,0,0
397,10,0.02592814899802549,-0.96078609253954628,-0.41027247124840577,0.27622348151036097,-4.4636531335923522,-0.36072884721225018,0.388580645456,0.483348406859,7.1317447490686062e-05,0,3.5658723745343031e-05,13,1,1,1,0,0
398,10,-2.5358653377932914,-2.4885453443666044,0.78178314802865922,3.4178107961346975,-1.1244466790514651,-1.3106351061152142,0.00531909376959,0.106517398537,3.4562041927017156e-06,0,1.7281020963508578e-06,15,1,1,1,0,0
399,3,-2.6422823506758171,-2.0072307158750173,-0.54559782417317393,-1.0373115083595073,-1.6771447865224665,4.5624333982005219,0.932280104148,0.0279771364683,1.1075763896576762e-06,0,5.537881948288381e-07,5,1,1,1,0,0
400,9,-1.7545793062302073,-3.2228887859934274,0.19266313938113855,4.9396890260169002,-1.6225107592346053,-3.0763997363158504,2.77979083095,0.013955628077,7.7865642169460637e-06,0,3.8932821084730319e-06,26,1,1,1,0,0
401,1,-1.7849465103446704,-2.7507730139106457,-0.57889083293549937,4.9371407394998492,-1.6025274280050272,3.0807801647764488,0.347733189226,0.159440343187,7.8646657398374756e-06,0,3.9323328699187378e-06,29,1,1,1,0,0
402,2,4.4734733540999603,-3.1177694442849497,0.10906941357621329,4.9931678617572466,4.5522912243390667,3.0930774624477784,3.30610483337,0.0286994073453,1.1181229129279405e-05,0,5.5906145646397024e-06,35,1,1,1,0,0
403,13,1.0787764645879303,0.15238925195905295,-0.65410462250471046,5.5111331924334808,-4.7345459972772899,-2.9699182542648197,0.220468456347,0.0362788406189,4.4952986003955744e-07,0,2.2476493001977872e-07,18,1,1,1,0,0
404,15,-5.1747294476733439,0.17884322111801268,-0.60614862425327642,5.3327919223088625,-4.687147351045013,-2.4214998135830998,0.164280008742,0.0806846960261,2.0100534690757545e-06,0,1.0050267345378773e-06,29,1,1,1,0,0
405,1,1.0976247492079827,-0.46544874140560905,0.65317238195094718,4.7615309179636043,-4.6006464274862289,-3.3948294410635729,0.0228158620549,0.345598045175,3.6383418637409624e-05,0,1.8191709318704812e-05,55,1,1,1,0,0
406,8,-1.7525243202083374,-2.6771880545666491,-0.66099913901772578,-1.5137095339151965,-1.3981885876557065,3.3787637021161054,0.400224505745,0.00369780610904,1.6434492354093551e-07,0,8.2172461770467754e-08,14,1,1,1,0,0
407,8,4.5288465706851895,-2.7812875822909215,-0.56096806090911389,-1.3745069596538797,4.8225542938832549,-3.3958669744439085,0.524911303088,0.192340136303,1.1544770475268718e-05,0,5.7723852376343588e-06,20,1,1,1,0,0
408,13,4.5483180675677577,2.9172862492696203,0.62843021723735271,-2.1466852647225272,-1.4435589373209869,3.1993216535019817,0.144685327641,0.000192684993681,2.0945153719992496e-08,0,1.0472576859996248e-08,10,1,1,1,0,0
409,4,-5.1325279156402646,-0.30486232582118494,0.57587740266035636,-1.8964679879421669,-4.5460146225635691,-2.5076846896606817,0.282583469307,0.00259032208028,8.1897329487266725e-08,0,4.0948664743633363e-08,28,1,1,1,0,0
410,0,-1.7843402394202255,3.4580802031572091,-0.55924091236680962,-1.189401585540073,-1.4748519565274945,-2.702048167320894,0.107802965998,0.0990631876044,3.0009891399595992e-06,0,1.5004945699797996e-06,26,1,1,1,0,0
411,10,-1.7617261309876335,2.8632903182465581,0.62699776464392487,-1.9091571671560967,4.8166497874077647,-2.6855014367499939,1.6911748554,0.017090328805,2.9490448460650406e-06,0,1.4745224230325203e-06,19,1,1,1,0,0
412,10,-1.770722762705685,-3.4154888557114775,0.75204549974826806,-2.3520068358736714,-1.5535967007077636,3.6845673606260823,0.470792476532,0.0310776338684,5.1585094728622455e-07,0,2.5792547364311228e-07,49,1,1,1,0,0
413,13,-5.166591905896663,-0.40284161208414121,0.73314159137184975,4.4904278497814945,1.5499890178453983,3.7512560800548918,3.96697674595,0.206973740917,2.8786144958149395e-05,0,1.4393072479074697e-05,8,1,1,1,0,0
414,14,-1.7095030012187102,-3.3079708610324912,0.5016208668861486,4.6474971178562443,-1.6349806337913295,-3.0515684366507894,0.645306014092,0.0116080681552,4.5746621031351574e-07,0,2.2873310515675787e-07,10,1,1,1,0,0
415,13,-1.7581605100841156,-3.3369183042258408,0.7232056018543721,4.0302953804987744,-1.6565040811299381,-3.2339258891163158,0.0440338118267,0.0527477675429,8.4948424246588166e-07,0,4.2474212123294083e-07,18,1,1,1,0,0
416,6,-5.1547407151578524,-6.0456539135575795,-0.62310267148725706,-1.263252042694577,1.5298715808774868,3.4848396966348609,0.519772494771,0.067079065858,1.6408203162768752e-06,0,8.204101581384376e-07,16,1,1,1,0,0
417,15,1.0206290845900146,-0.34138789901387834,0.68311081114999062,-1.8421146738820331,-4.7331370971424613,3.7074036256944498,2.82076520292,0.191700565523,1.9151134429496574e-05,0,9.5755672147482868e-06,19,1,1,1,0,0
418,2,1.0121565653582358,5.8921899106183826,0.71161317850742201,4.5387636715722808,1.4620752369323522,-2.898518634002512,0.42994224478,0.0321792075664,5.0028209837929084e-07,0,2.5014104918964542e-07,11,1,1,1,0,0
419,3,-1.8651399078207453,3.4231393501129679,-0.57016144668667668,5.0559139123727146,-1.7160634508553818,-3.1291895420124045,0.0277250045822,0.0496217204316,7.5083276009825181e-07,0,3.7541638004912591e-07,15,1,1,1,0,0
420,5,0.96162755902443509,0.29345413694566774,-0.74398056958612724,5.6276751827480025,-4.9632975806152722,-2.649178237864263,0.0108835157895,0.137066741755,5.7230547719645035e-06,0,2.8615273859822518e-06,17,1,1,1,0,0
421,5,-1.8515477129970224,-2.8084918786157371,-0.69913541653747768,-1.3410475402967257,4.7534132232850927,-2.3229184800223326,0.0830628982225,0.359314876249,3.9335195582040277e-05,0,1.9667597791020139e-05,21,1,1,1,0,0
422,8,4.3606305594189712,2.8373710231866558,0.61002134476236125,4.3770563820752857,-1.5380548505482647,3.8799572370491267,0.0195527390017,0.0890953673791,2.4184306627711871e-06,0,1.2092153313855936e-06,24,1,1,1,0,0
423,4,4.4052047803894459,2.862381463023735,0.532948314055256,4.5309000829306472,-1.6717304562283641,3.0516065808777761,0.141959897574,0.10869563777,3.6191287355658705e-06,0,1.8095643677829352e-06,14,1,1,1,0,0
424,3,-1.8618704338878649,3.4289689209688694,-0.6239736729774682,4.9283268561705293,4.7466738741428909,3.6312814492629903,0.80418163643,0.00721724219134,6.6257519468860383e-07,0,3.3128759734430191e-07,12,1,1,1,0,0
425,13,-1.859345632960455,2.8016692167480808,0.70668527031291051,-2.2287041462740547,4.6939343740200306,-2.6811396968126835,0.0324370467859,0.0761713633917,1.7684657655906999e-06,0,8.8423288279534996e-07,50,1,1,1,0,0
426,5,4.3913787977027896,-2.8876790348263852,-0.68010189401109378,-1.2374277835420033,4.7255390340002092,3.3093490021241179,0.163240383228,0.0520101485766,8.5065446624910822e-07,0,4.2532723312455411e-07,40,1,1,1,0,0
427,8,-5.3688747793985234,6.0166515781144039,0.65383470415974232,-1.9233447487168271,1.5868094196082367,3.7944685188056018,1.68709748895,0.116441118273,6.9764635879288531e-06,0,3.4882317939644266e-06,19,1,1,1,0,0
428,7,-1.9865525501792778,3.2211442457707991,-0.35301905206351841,-0.97077309277818769,4.7269219724006133,3.4921065823258535,1.88460175619,0.0171292697799,3.6411021502252224e-06,0,1.8205510751126112e-06,16,1,1,1,0,0
429,2,4.3401066100849937,-2.7654020901638718,-0.76661634220159092,-1.5729455105788337,4.6584672554755029,3.2563943011021137,0.113253769357,0.230886650547,1.6251568430643745e-05,0,8.1257842153218727e-06,10,1,1,1,0,0
430,9,0.94613018817055017,-0.3632038709873095,0.64082770895766528,-1.8376159671755303,1.4377404246909111,3.2336270324331857,0.446790826469,0.0539840203809,1.0873608081019598e-06,0,5.4368040405097989e-07,16,1,1,1,0,0
431,0,0.89935001077167698,0.21624243385028677,-0.47245913806553724,4.703459317923067,1.5100316938568934,-2.8446626345521318,0.163712364463,0.0809251157498,2.0217029480579283e-06,0,1.0108514740289642e-06,22,1,1,1,0,0
432,3,-1.9530125262888056,2.9980738953952328,0.42908713800882747,-1.4790160303853714,-1.6881519645486103,3.2277908736498979,0.0594435964643,0.144900404967,6.3993196829385522e-06,0,3.1996598414692761e-06,53,1,1,1,0,0
433,4,-1.9527268196643153,2.8769693890541848,0.65008123104449522,4.34181098878899,-1.6460376932078029,3.3426926761221134,0.369304030686,0.0902406203462,2.6169976909575919e-06,0,1.308498845478796e-06,17,1,1,1,0,0
434,4,-5.3361555084410854,-0.30096302654702484,0.44824325818604588,-2.016040254669782,-4.6735160214362859,-2.3646594052123957,0.0883952538907,0.0873888067459,2.3341171120476783e-06,0,1.1670585560238391e-06,15,1,1,1,0,0
435,10,-5.3806045731566385,5.85689289523153,0.65403146043752836,-1.7837171353053576,-4.7966866931510443,4.2857329924408836,0.0717441148912,0.252299160502,1.9395528374558068e-05,0,9.6977641872790342e-06,16,1,1,1,0,0
436,10,0.79903496518940187,0.21870905935892201,-0.60654074277391978,-1.3026158058220672,1.4975812619415765,-2.2922806271198586,0.634536982917,0.00494346289541,4.1008137000730198e-07,0,2.0504068500365099e-07,37,1,1,1,0,0
437,12,4.1697133770433608,-2.6651531422015289,-0.73809397797343712,4.7319529764973787,4.5609136744667724,-2.084301564721232,0.120612178163,0.00839707489306,3.6026135820481675e-08,0,1.8013067910240837e-08,7,1,1,1,0,0
438,9,-2.1604653653365804,-2.7428235273441479,-0.62645340638950642,5.0607755726807415,4.5820952682171274,-2.8425471369837054,0.125501762253,0.0138865696001,7.4492145432690449e-08,0,3.7246072716345224e-08,10,1,1,1,0,0
439,2,-5.5436764660232498,5.8084236787131127,0.79789547309560371,4.6173969195739275,1.3659901407491173,-2.2752205209071237,0.10040843578,0.0424128157463,5.5804196728522911e-07,0,2.7902098364261455e-07,17,1,1,1,0,0
440,14,-2.1533887278024944,3.6768372208470956,-0.77751070326428628,4.7459332304671307,4.5461982554814417,-2.2064737393047453,0.777578800117,0.716051394226,0.00015679099633888105,0,7.8395498169440525e-05,22,1,1,1,0,0
441,4,0.71105635457314897,5.7347952754574907,0.76585887433272692,4.688981708171827,1.2091227231084025,4.0818115122323961,0.0290894122044,0.0823579617482,2.0670155441889543e-06,0,1.0335077720944772e-06,42,1,1,1,0,0
442,9,-2.0893983171285528,-3.3190787594228706,0.64651936453202918,-1.9816747334249853,4.4487864913311128,3.4847870466663906,0.103438943336,0.0320692026,3.2397845198961994e-07,0,1.6198922599480997e-07,28,1,1,1,0,0
443,1,4.2009273907717208,2.8862130531753993,0.70280771843200696,4.2603687814695546,-1.7730784025375044,3.6128987259983258,3.50079211927,0.311789154172,4.1868159273462474e-05,0,2.0934079636731237e-05,27,1,1,1,0,0
444,8,-2.081860799913859,3.5209873879712399,-0.65898249438524015,-1.190613485237098,-1.6202385683357043,-2.3902708533696808,0.150816393262,0.00553840751359,3.208940635213088e-08,0,1.604470317606544e-08,9,1,1,1,0,0
445,9,0.72300559270288056,-6.0186552354626661,-0.63728055558538232,-1.3767130553086868,-4.7934512742545783,3.9638757983436705,0.374331888394,0.00103486450131,1.4045059103017917e-07,0,7.0225295515089583e-08,9,1,1,1,0,0
446,7,-2.0681682979799136,-2.8547940958677893,-0.45139101879951288,-0.94295968638955574,4.8451217180542354,4.1376882252062934,0.53788492615,0.225282761233,1.5749361724555065e-05,0,7.8746808622775325e-06,11,1,1,1,0,0
447,13,0.79417811058858645,-0.46327565872275972,0.6879809095389553,-1.8422865127422043,-4.9075126783841094,3.9809143542380556,0.159024427023,5.83013659967e-05,2.5289803799634598e-08,0,1.2644901899817299e-08,16,1,1,1,0,0
448,2,0.77500282359340222,5.7800535583345827,0.7119346940698974,4.6310352474616803,1.1996047575645954,-2.3960854770124822,0.0333551666017,0.0251369563069,1.9359013206592871e-07,0,9.6795066032964354e-08,40,1,1,1,0,0
449,4,-2.106777338199596,-3.3391279985953393,0.63472947304931848,4.2821844544271057,-1.8823305182340662,3.4922438544953387,0.0576158340381,0.0375996465105,4.3396741030174965e-07,0,2.1698370515087483e-07,15,1,1,1,0,0
450,11,3.1984240579926331,-1.4977511627049582,-1.2526534671885801,-1.2055677590464078,-0.94046410928408386,-1.4600321979650168,2.50912615319,0.16341445204,1.4430303878578563e-05,0,7.2151519392892815e-06,21,1,1,1,0,0
451,3,-3.0741233768872083,3.6507710942654468,1.1989104531734796,-2.3276081403655926,5.229392802980855,4.7825564850509652,0.0358167323567,0.0419469429306,5.3727120729718667e-07,0,2.6863560364859334e-07,14,1,1,1,0,0
452,9,-3.0300803825795573,-2.6188506238540974,1.2011346755022556,3.9288729776512845,-1.0601142207402059,4.7663276691622416,0.0395557230377,0.03823101185,4.4679660351498684e-07,0,2.2339830175749342e-07,43,1,1,1,0,0
453,5,-0.47931394244351838,5.0814845375838891,0.43812850408981491,-4.1727056107846234,3.7475264068586904,2.2768705450986335,0.303631819511,0.00201212671437,9.3425572328909473e-08,0,4.6712786164454736e-08,16,1,1,1,0,0
454,1,3.3165871772946693,4.0637888714742205,0.26536094661475007,-5.3489775507787227,0.64837840332005003,1.5332485483439768,2.18750877706,0.0080853236802,4.8051082395168145e-06,0,2.4025541197584072e-06,21,1,1,1,0,0
455,7,5.8087109026413346,-0.78446360502095724,-0.38805278580492503,2.5161147210676682,3.7816500343991279,-3.9342443300943715,0.192823484675,0.00775566726104,5.5503748171505158e-08,0,2.7751874085752579e-08,49,1,1,1,0,0
456,4,-0.54693397810078581,5.6121178492930293,-0.65520332050450125,-3.3518142826176081,3.8785899800234649,-3.5776437833484316,0.179479628715,0.000686988347858,3.2356702225835945e-08,0,1.6178351112917973e-08,7,1,1,1,0,0
457,8,5.7735222327633142,5.1693502411033529,-0.14486573280330037,0.99224855862746963,2.4193281533110214,-0.17070836838854789,0.935415677722,0.262195568362,2.1816388834371116e-05,0,1.0908194417185558e-05,31,1,1,1,0,0
458,9,3.2694942584298059,-2.5706077498042252,1.14070738582209,-2.8504533168165476,5.6244004892583073,-1.5499413956405685,0.0525518577942,0.121553957242,4.5035951146027751e-06,0,2.2517975573013876e-06,37,1,1,1,0,0
459,10,-0.45685482224438961,-0.79175360929225957,-0.84807700862112234,-5.8347259246853103,2.5276443715580612,5.6904454227393382,0.306644485848,0.0186178340304,1.9961847123005205e-07,0,9.9809235615026027e-08,10,1,1,1,0,0
460,9,3.2340171695764171,-1.4981135455941228,-1.2265667015636383,-1.3211859345300512,5.138201503841759,5.3568296683470793,1.24494903715,0.0422232665903,2.0929713331500352e-06,0,1.0464856665750176e-06,26,1,1,1,0,0
461,15,3.2413629013031486,3.5809958523743393,1.2435006391269972,3.7808902366471542,5.2685508532238936,4.639915235544656,0.0246429464534,0.00222377646942,2.113663325916568e-09,0,1.056831662958284e-09,40,1,1,1,0,0
462,7,3.3212905312304577,4.8055644153047226,-1.2073760461432081,-1.5171398733351482,-0.65925695657791805,4.434569475557157,0.0224515553427,0.128128359526,5.0013706372587535e-06,0,2.5006853186293768e-06,23,1,1,1,0,0
463,4,-0.42234429679672486,-1.5945293012138211,1.1461165082399742,4.8765013478482171,2.2795738338042639,-0.72888314789150122,0.11872337134,0.00149585815544,1.4776848288610276e-08,0,7.3884241443051379e-09,8,1,1,1,0,0
464,0,3.2887412712993949,3.5162233874424453,1.2127027949356679,3.914457320634888,5.2233240658660023,4.4895271748279653,0.526979787849,0.0394779776225,7.5245721017374636e-07,0,3.7622860508687318e-07,30,1,1,1,0,0
465,14,-2.9858878075171367,4.2734483485992039,-0.39704151659376646,-4.9437126707166072,-5.3577153828726605,-4.654336638745793,0.665484432148,0.00267188502369,4.4504418392515596e-07,0,2.2252209196257798e-07,30,1,1,1,0,0
466,10,-0.4170963228861046,-1.1939084927545336,0.61671529799805658,2.1453781401203207,-2.2822204441540519,2.5387348197650716,0.0157685497645,0.0281750047097,2.4206336473917295e-07,0,1.2103168236958647e-07,60,1,1,1,0,0
467,15,-0.46385260126387329,5.0596126328835274,0.51411301522985653,-4.062772895006753,-2.4310464000178325,2.4538521943467897,0.593492965948,0.0309686582464,6.4437961113777972e-07,0,3.2218980556888986e-07,12,1,1,1,0,0
468,1,-2.9788733411692405,-1.468693387621989,-1.1557829140155287,4.727872050532171,-0.83541087259047797,4.7528202404469448,0.883146717817,0.0131449214425,8.3258265227228757e-07,0,4.1629132613614379e-07,19,1,1,1,0,0
469,8,-3.0243828531966117,-2.6139654269618515,1.1729379160796829,-2.7669928767428105,-0.87321716926479698,4.7858171188427896,0.137937176816,0.000662158547839,1.9160225456570511e-08,0,9.5801127282852557e-09,57,1,1,1,0,0
470,10,3.2136483388633934,3.6566404355022764,1.1514792096096755,3.6855926031850297,5.2666622156578287,4.9601728715362237,0.0520372648649,0.000312673211755,2.737657715734103e-09,0,1.3688288578670515e-09,12,1,1,1,0,0
471,14,3.2614087318611689,-2.5252677748252821,1.1050395907207466,-2.7002843368405345,-0.99535571016512581,-1.0972210199054573,0.51832647104,0.0186978460769,3.7515945853731093e-07,0,1.8757972926865546e-07,13,1,1,1,0,0
472,13,-0.50542272399355748,-0.68618125449014677,-0.79013488321768088,3.8612657013587737,3.6405315399967986,2.7649646346524159,0.311494896975,0.246735240311,1.8641613283409276e-05,0,9.3208066417046378e-06,12,1,1,1,0,0
473,14,-3.0329979794106929,-2.4677729217126383,1.084786417269008,-2.7518450303330786,-0.99430333797285819,-1.0551507473303954,0.0630052561263,0.0518046717478,8.2147874713685551e-07,0,4.1073937356842776e-07,10,1,1,1,0,0
474,8,5.7015544915158118,-1.4203614845167272,0.74296192209350209,-2.5116163747176778,-4.0627793015305533,4.8719478568995367,1.54889665453,0.00869963010952,2.4221353784165283e-06,0,1.2110676892082642e-06,28,1,1,1,0,0
475,14,-3.0173078054231679,-1.4746462797607105,-1.0275003856916598,-1.6865882742619787,-0.87481729446872469,-1.1771247710848223,0.231350914645,0.00222135283532,5.502635246786678e-08,0,2.751317623393339e-08,15,1,1,1,0,0
476,7,3.3256821404692465,-1.4262773819297103,-0.9785254245309285,-1.8291970147867664,-0.85413633196150829,-1.1692814474777515,0.133074225254,0.00700805233583,3.2669363092505824e-08,0,1.6334681546252912e-08,36,1,1,1,0,0
477,2,3.2769630052135259,-2.4515813512413009,1.034562361100561,3.5803371560449446,5.394832270373545,-1.391908268733538,0.667930772065,0.0458511138638,1.0865362244396436e-06,0,5.4326811221982178e-07,17,1,1,1,0,0
478,6,3.2619497448865711,-1.532197862896215,-1.031431635993497,4.9632379658494115,5.2943345473328236,4.7704532838479281,0.415937151801,0.0464036148104,8.2893502358864121e-07,0,4.1446751179432061e-07,6,1,1,1,0,0
479,3,-0.46916025580684373,-0.76173897759970732,-0.87391705275860188,6.0920364948770382,2.5237552186757863,-0.66942243782752531,0.299649458658,0.099566774981,3.10962759023911e-06,0,1.554813795119555e-06,25,1,1,1,0,0
480,7,-2.9114229692566473,-2.2599483431950715,0.77982204497800534,-3.4954812992400783,5.7076610075031056,-0.84965787254752567,0.119660000932,0.373146447619,4.2428721476286321e-05,0,2.1214360738143161e-05,17,1,1,1,0,0
481,12,-2.9437451093798592,-2.5825875998312222,1.0672987307596307,3.6545195599829308,5.5173933575467169,4.7291587875116257,0.160794843892,0.00433248292279,3.1572775159697585e-08,0,1.5786387579848793e-08,9,1,1,1,0,0
482,1,5.8213672533702896,4.7721654737248977,0.94843939687462986,4.2829422854161034,2.3098673943071777,-1.1595118707748235,0.055520466566,0.304144873959,2.818144411068797e-05,0,1.4090722055343985e-05,12,1,1,1,0,0
483,4,5.8204695623074034,-0.79701750101937319,-0.80539556394010026,-0.092773803294563903,-3.8127468050212854,-0.72070576582260326,1.61383733404,0.0327117492102,2.9304294111266784e-06,0,1.4652147055633392e-06,38,1,1,1,0,0
484,6,3.2492401461458842,-2.5222841316095108,0.98301939547004347,-2.7656717526690469,-1.0207756206574721,-0.99046195767839174,0.452486140997,0.114597853157,4.2051831331209534e-06,0,2.1025915665604767e-06,17,1,1,1,0,0
485,13,-0.32991557814224437,-1.4563247916731035,0.85761621574391245,5.219843046418041,2.3701547761459056,-0.63746729231568255,2.4380497528,0.295882197981,3.2612207024635545e-05,0,1.6306103512317773e-05,15,1,1,1,0,0
486,8,3.3406487042006328,-1.6713046989910496,-0.91669961012576284,-1.8504768333792441,-0.47427975611312279,-1.6219646829717571,0.057431423751,0.22825887641,1.5874510101603699e-05,0,7.9372550508018493e-06,37,1,1,1,0,0
487,10,-3.0247869980962241,4.5468367650371446,-0.9772210183519876,-1.3234522547396175,-1.0267049714318277,-1.3024306307668212,2.35326647259,0.14340511695,1.180232872651505e-05,0,5.9011643632575251e-06,55,1,1,1,0,0
488,11,-3.0625988472109094,4.5203432873093767,-0.93272130769596873,-1.3064335287823583,5.2101483546321692,5.0633370719159601,0.0444215606902,0.0803725228104,1.9697233444084947e-06,0,9.8486167220424735e-07,14,1,1,1,0,0
489,15,-0.32490185342874844,4.8732648850112987,0.77766179973970118,-0.73531937469695308,-3.9555617120482069,-0.44941793823995752,1.40793260932,0.00374037630497,1.9865359564730077e-06,0,9.9326797823650385e-07,19,1,1,1,0,0
490,8,-2.9390870921003329,-2.5664351039460027,0.89223749216574866,-2.1171493587234775,5.4280902168577443,-1.7692014211614571,0.0699766629259,0.0727249089225,1.6159915753528198e-06,0,8.0799578767640991e-07,20,1,1,1,0,0
491,5,-2.9308759421604127,-2.4653960237347476,0.75123940652857479,4.3843722335906063,5.1959306662283131,4.7869580653784265,0.0372589784503,0.147043607613,6.5877720246818319e-06,0,3.2938860123409159e-06,12,1,1,1,0,0
492,7,6.0119058582835931,5.4036850362399615,-0.14567191337671762,-2.9684642976181972,3.5791906408042515,2.6166017462283357,2.72837268938,0.0637425388442,8.6817119999825576e-06,0,4.3408559999912788e-06,12,1,1,1,0,0
493,7,3.3229368955760847,-1.787173467614009,-0.70244527978474369,-1.2321571045254276,-1.0970596667748203,4.9445034580164311,1.3114602477,0.0174401877104,1.8125804605836354e-06,0,9.0629023029181771e-07,30,1,1,1,0,0
494,9,3.3903678369628589,-1.7252070609973684,-0.75433124710853439,-1.4852725614949125,5.8290256286670745,-2.038334576296422,0.238630248245,0.00704012425055,7.2042255006985311e-08,0,3.6021127503492656e-08,10,1,1,1,0,0
495,8,-2.9284187349387061,3.7974445439039828,0.82691171739487435,-2.504463474960934,-0.69721954322464597,-1.50223085788125,0.284590089679,0.0233780718212,2.4747536979045377e-07,0,1.2373768489522688e-07,31,1,1,1,0,0
496,2,6.0609671325619061,5.6519669979937133,-0.69560362736143244,-0.5160112659267766,-3.7991681434924023,-1.0303298899078444,2.70829875657,0.059467448526,8.412124324209783e-06,0,4.2060621621048915e-06,38,1,1,1,0,0
497,4,-2.9310028557437708,4.4968903803606306,-0.72272986198171629,-1.3400284510609428,5.4825801998054304,4.499183322343141,0.156406243954,0.0313017871021,3.2292763245226332e-07,0,1.6146381622613166e-07,23,1,1,1,0,0
498,2,-3.01601483218393,4.5104969030884483,-0.77531422402685501,-1.8954852406095093,-0.93590324884645337,-1.0116468331258175,0.457625784268,0.0104261525078,2.4253469029135038e-07,0,1.2126734514567519e-07,14,1,1,1,0,0
499,0,3.3217517824666096,3.69779180818739,0.82749927850924421,3.6783185603149393,-0.80506457760161954,-1.3925322498872434,0.0720332190502,0.00592219448121,1.5872444824608062e-08,0,7.9362224123040308e-09,26,1,1,1,0,0
500,2,1.5354167901751214,-2.2123000858948494,-0.80632085572014689,-1.0666152750137929,4.0475734150229243,-0.62955503768258148,0.121446390761,0.0120813734078,5.921105752337227e-08,0,2.9605528761686135e-08,12,1,1,1,0,0
501,1,1.5470838279108217,3.357100799248522,0.80375885930512403,-1.9399976959379808,-1.7558326460552953,4.9598005420102202,0.35605115666,0.035381512728,5.0810818265775993e-07,0,2.5405409132887996e-07,8,1,1,1,0,0
502,3,-1.9377663827025138,-0.95765263337220963,0.87354981295974032,4.1166620609082978,1.1469067051959121,5.8732146163251908,0.0191100490695,0.0159525936689,7.7885832609790969e-08,0,3.8942916304895485e-08,24,1,1,1,0,0
503,13,-4.7542990482603456,4.0914379246091439,-0.78878692969842057,-0.85546372436927043,-2.2759678654319,-0.24161897328488077,0.166553827154,0.0714418297592,1.582487699781223e-06,0,7.9124384989061149e-07,57,1,1,1,0,0
504,13,1.5665240659151027,3.3023396604453326,0.83317275758360088,4.313022648011315,3.9770534794531214,-0.53556640467558692,0.0302911351049,0.00670066439802,1.4594540963249142e-08,0,7.2972704816245708e-09,13,1,1,1,0,0
505,2,-4.7386564502177144,3.9671102200481618,-0.66587934308363828,-0.76338679246336927,-2.2928816625216806,-0.048165018414705017,0.028110311813,0.0508712919441,7.8910605969462287e-07,0,3.9455302984731143e-07,28,1,1,1,0,0
506,0,-1.9177637454295653,5.3368251720960291,0.83438632766761134,-2.184948793834367,1.0635493821095776,-0.25412200263168716,0.0497710870542,0.0022247082009,3.98481219878301e-09,0,1.992406099391505e-09,28,1,1,1,0,0
507,11,4.4064549952287537,-0.82509083478532985,0.59656677634080391,3.8884817880198108,1.4580272152581133,-0.38656499670314626,0.103998383445,0.0481194867968,7.1615273293594248e-07,0,3.5807636646797124e-07,18,1,1,1,0,0
508,9,4.3599273060071937,-0.99480394121965365,0.8169985470488792,4.1469186050026243,1.0697857825321122,-0.36465691312523513,0.0399911424352,0.00263047267639,3.7070571357928534e-09,0,1.8535285678964267e-09,31,1,1,1,0,0
509,10,1.5351252106145348,-2.1379375486609753,-0.80512699949348576,-1.0898767363270203,4.0456714396441429,-0.61601839432920313,0.357606419376,0.00294670111365,1.3052735868991558e-07,0,6.5263679344957789e-08,8,1,1,1,0,0
510,4,1.5576225781353903,-2.1188872110021024,-0.84847231815104873,-1.1628442366435368,4.0022981287619697,5.6018454637928494,0.0296912767437,0.0028764934464,3.4020418007884129e-09,0,1.7010209003942064e-09,43,1,1,1,0,0
511,14,-4.7037109688606336,3.307807490570184,0.81205608440129384,4.3961595575945784,3.9152140587052959,-0.48208514955145504,0.085726501995,0.0395156269447,4.8300449568002661e-07,0,2.415022478400133e-07,26,1,1,1,0,0
512,0,1.5367285988618902,-2.1838900916462514,-0.87304972533393022,5.9518090619088024,2.5589078826697205,1.0092237029392088,0.0499169677955,0.253977216565,1.965166367927924e-05,0,9.82583183963962e-06,11,1,1,1,0,0
513,3,-4.7283260625076204,3.9878188140812427,-0.77879082244710462,-0.92766853774741065,-2.080388676186939,5.5161176548428399,0.145395588296,0.00918378633796,4.6831898649590804e-08,0,2.3415949324795402e-08,12,1,1,1,0,0
514,0,-1.9209643932643277,5.5215877995183282,0.83408038614930224,3.9258474399911667,-5.1359290621818623,5.9614761208941225,0.241900482388,0.00745343428846,7.5438462860795524e-08,0,3.7719231430397762e-08,54,1,1,1,0,0
515,4,-1.9199397947818166,5.5613082221389405,0.79429594195452125,3.8364188268996107,1.0951931131405701,-0.026749368320581342,0.450670116739,0.0691643428769,1.6603038320394945e-06,0,8.3015191601974727e-07,33,1,1,1,0,0
516,9,-4.7687538609995572,-2.3602936447373315,-0.82542849143109487,-0.95464004101795963,-2.2480013939678436,-0.42053072611473413,0.103497355135,0.0131796328937,6.3624577874765431e-08,0,3.1812288937382716e-08,32,1,1,1,0,0
517,15,1.4723974044526535,3.1613525788108938,0.78543161463729216,4.802841673682253,-2.7220390792976286,0.43645123822124021,0.0172212994856,0.273737814597,2.2826008220711023e-05,0,1.1413004110355511e-05,42,1,1,1,0,0
518,4,-4.8090435536622387,3.8949166530879804,-0.85286565286502403,-0.92292421682420378,4.0936837869670981,-0.36661912052788342,0.637298718763,0.11196945974,4.2251869615269157e-06,0,2.1125934807634579e-06,6,1,1,1,0,0
519,12,-1.9828815303252407,0.14321554287017366,-0.8648297923552164,-1.6161648880870623,0.95250280970591272,0.26257953906136861,0.130386621031,0.068000310538,1.4255644850273983e-06,0,7.1278224251369916e-07,55,1,1,1,0,0
520,4,-1.9435464250799661,5.6595947365838626,0.87388272249795917,3.7451171366724409,-5.1343679474966342,0.14573112335681132,0.155708265378,0.0037371953443,2.8499542408770672e-08,0,1.4249771204385336e-08,16,1,1,1,0,0
521,11,1.4231742139278569,-3.3010267651115961,0.87538657891972516,-1.6012269558015118,3.7702198696523261,0.27044308005341794,0.0131376311352,0.148668493283,6.732924559715018e-06,0,3.366462279857509e-06,17,1,1,1,0,0
522,15,-4.7655890850013973,-2.4971443487257052,-0.84202234123783837,-0.7197608503488423,-1.8201128135639837,5.6459432781392538,0.0451096474211,0.149341842612,6.795912915407178e-06,0,3.397956457703589e-06,35,1,1,1,0,0
523,4,-4.7698927560360387,3.7818579620542572,-0.84133848287297119,-0.74789487358829665,-1.8191750926939694,-0.7680751959061034,0.41044058835,0.14856861938,6.8921704959520024e-06,0,3.4460852479760012e-06,13,1,1,1,0,0
524,12,-4.8277256710842833,-3.2927880428667797,0.77141267927353518,4.8595040779131766,4.3472943669093942,-0.29348585558411933,0.139549419244,0.00197386028161,2.0660867776585187e-08,0,1.0330433888292593e-08,30,1,1,1,0,0
525,4,-4.78893023208893,-2.3950658910629894,-0.96602701620849196,-0.94894890412624766,-2.0850231520759022,5.7001731680787326,0.0863675053353,0.0249108056123,1.9648914855889459e-07,0,9.8244574279447294e-08,27,1,1,1,0,0
526,15,4.3325129132490954,-0.11091908539840238,-0.32047120178530258,3.7752006632316135,-5.077343134521656,-5.0663262176253774,0.597023770904,0.292534582228,2.642452446320883e-05,0,1.3212262231604415e-05,13,1,1,1,0,0
527,0,1.5328726459657749,3.0901604393676276,0.8035624103499559,-1.6409693938030243,-2.0305829156009003,-0.39435578589232434,0.0684533086892,0.012491827979,5.2220114156027807e-08,0,2.6110057078013903e-08,21,1,1,1,0,0
528,8,-1.929293820892533,-0.64067654225578496,0.59671810964195371,-2.5710416093630282,-5.001320468870885,0.29517510370996636,0.909822246941,0.131666425336,6.1086385982569168e-06,0,3.0543192991284584e-06,15,1,1,1,0,0
529,12,4.318810897788393,-0.79053999686960386,0.88383711580830437,-2.337667139602444,-5.1274951869276428,0.034725145388290191,0.21613826383,0.041134130205,5.6213350064963505e-07,0,2.8106675032481753e-07,29,1,1,1,0,0
530,8,-4.8096830956185421,-3.1837619936627446,0.81409122801714173,-1.5859665230343274,-1.8756815273492391,6.0513637111507856,0.143075095879,0.00293519579792,2.3094876172564467e-08,0,1.1547438086282233e-08,32,1,1,1,0,0
531,11,4.2724974197410797,5.4406957485883529,1.0016215710095262,4.1790217939349805,1.0162427494266795,6.1475933894605053,0.0203162047114,0.0759635226533,1.7581944016291556e-06,0,8.7909720081457781e-07,14,1,1,1,0,0
532,11,-1.9578958903726664,-6.1603008138948256,-0.94884759041422451,-1.248372047277774,1.2328801155390892,-0.18730146990452057,1.73866972192,0.00788920579892,3.0419316585701755e-06,0,1.5209658292850877e-06,18,1,1,1,0,0
533,3,1.452684832083561,3.8312010246426835,-0.92557919072209482,-0.92779406999257019,4.2792390145604893,-0.28848374276093863,0.103143534039,0.0118240082823,5.3226288573781312e-08,0,2.6613144286890656e-08,24,1,1,1,0,0
534,13,-4.9104107280644449,2.8801143503239541,0.9282929785300762,4.4340296291006167,4.2857944598633972,-0.29463417991213853,0.51028253379,0.0547336511055,1.1729527728020701e-06,0,5.8647638640103507e-07,39,1,1,1,0,0
535,2,-2.0957547158646643,5.7411803313277741,0.86004038996314391,-2.4714194904927207,-4.9844449096697243,-6.0978983602179531,0.363558507876,0.0270752504399,3.5548043273108354e-07,0,1.7774021636554177e-07,15,1,1,1,0,0
536,13,1.3156215425884985,-3.5178390882474817,0.86114662197638359,4.8029678451177453,-1.9523568548621546,0.3003356858834359,0.16672840642,0.00864941912588,5.0587537364372799e-08,0,2.52937686821864e-08,16,1,1,1,0,0
537,4,-2.087382095484493,0.38941914271491795,-0.91296209513885007,4.6512789563530035,1.5429431645083829,-5.9416591635273424,0.199192818803,0.0650262165302,1.3277247685608693e-06,0,6.6386238428043464e-07,16,1,1,1,0,0
538,13,-4.9668826044276075,2.708784059123226,1.0328263220065592,4.372639302895081,4.326458483692984,-0.055525826066198887,0.0585542478068,0.0296786736958,2.7174283429285606e-07,0,1.3587141714642803e-07,50,1,1,1,0,0
539,8,4.22159980636635,0.35152162301788281,-0.87144889773783873,-1.7033422025728056,-5.0461747322327399,0.54722651910041653,0.541603710697,0.0107492382039,3.2853194098029446e-07,0,1.6426597049014723e-07,5,1,1,1,0,0
540,3,-4.9045256391438823,-3.5393680988597143,0.95717443119374568,-1.6918387795618055,-1.9040538723070162,0.1015418308611085,0.03775693562,0.000770809346793,1.6065737284837145e-09,0,8.0328686424185724e-10,24,1,1,1,0,0
541,11,4.2941738487324246,-0.32184156669109709,0.68824368548136872,3.5561861751433361,-4.4951733642022953,0.53660045256757471,1.83376799969,0.199501944955,1.548679093413478e-05,0,7.74339546706739e-06,11,1,1,1,0,0
542,13,-4.8231093385455788,-3.5509664976497759,0.85183392410143632,4.7669526422864541,4.3807091693421079,-6.1464016129638308,0.253004528229,0.00448244111116,7.0131749282450321e-08,0,3.5065874641225161e-08,30,1,1,1,0,0
543,4,-4.8797876468905628,2.7130549401639983,0.8700488899864115,4.7013452958604853,4.2637823327832027,-6.1662291986067457,0.105707791557,0.025999012481,2.1707987086359478e-07,0,1.0853993543179739e-07,58,1,1,1,0,0
544,4,4.2183196209953007,-5.8243253049380357,-0.86529222071404444,-1.6436585382384858,-5.056409370819603,0.3332781468200316,0.100638152584,0.000866063707386,1.0356521030282471e-08,0,5.1782605151412355e-09,15,1,1,1,0,0
545,3,1.4555665483064082,2.9044835629553005,0.34424028702727105,5.7052382252448783,-1.23953639704388,0.51163891108362869,0.0194748023515,0.57176924731,9.958592812860872e-05,0,4.979296406430436e-05,24,1,1,1,0,0
546,4,-4.8794625606450674,-2.8336644784512219,-0.81707270462706283,-0.6582231226947064,4.230128976099337,0.17770802516874104,0.0633959204302,0.0521549434884,8.3262050143585797e-07,0,4.1631025071792899e-07,19,1,1,1,0,0
547,12,-1.9660321226234996,-5.7274550123938166,-0.89212465378269401,4.9074045223979308,-5.0886573482354818,6.1622267822277328,0.0810338493146,0.203002499783,1.2559854898528421e-05,0,6.2799274492642105e-06,21,1,1,1,0,0
548,12,-1.9229614511172146,0.49966050051984928,-0.66427774855628841,-1.8542704224488717,-4.8596980824268492,0.20167758248975132,0.292385577648,0.0446346679154,6.9236447109277743e-07,0,3.4618223554638872e-07,13,1,1,1,0,0
549,15,-4.7825044337869027,3.4376459807199047,-0.9354649106540649,-0.88100824415708368,-1.7629840968897477,5.7746832374303603,0.106109140331,0.220590148498,1.4833946943682052e-05,0,7.4169734718410261e-06,39,1,1,1,0,0
550,12,-4.2987871211160096,-0.055902914646548341,0.95617778863160319,4.3594556482655067,-4.7837870596564454,3.0325449741142618,0.125919015383,0.000598504514893,1.5964714726344195e-08,0,7.9823573631720974e-09,14,1,1,1,0,0
551,9,1.9902013962609897,-0.11018189819349826,0.92277584727563067,4.3291922968648962,-4.7625859001840505,-3.2546384879336308,0.1770817516,0.0014325857735,3.1983113689216596e-08,0,1.5991556844608298e-08,35,1,1,1,0,0
552,8,-4.2782774036348279,6.1002074200352308,0.98678680941238517,-1.8991687756534743,-4.8733886234389354,-3.4496130696352396,2.2058365025,0.0404779132098,5.3648185774543796e-06,0,2.6824092887271898e-06,16,1,1,1,0,0
553,14,2.0319536421792117,6.0411312075687471,0.97372187446708813,-1.8716090070177287,-4.5378112617878754,-3.3637874203291478,0.0622593294836,0.0119702185311,4.752367583231102e-08,0,2.376183791615551e-08,14,1,1,1,0,0
554,5,-0.85386273167437132,2.4158470742801597,0.9854173454967684,-2.2577680691960049,-1.4847083890359019,-3.5994703329325519,0.110822120005,4.51025168947e-05,1.2282161946502975e-08,0,6.1410809732514874e-09,12,1,1,1,0,0
555,1,2.0873709395827174,-5.497321655277438,-0.99154363498156473,-0.8205857682959069,1.7529617360908376,-3.2527857169164096,3.24134563066,0.362407087572,5.051443745648385e-05,0,2.5257218728241925e-05,37,1,1,1,0,0
556,2,-0.75651924571713491,3.4344973143887718,-1.0942792863948223,-1.6168694081668893,-1.0089629877583457,1.8855183202405557,2.7131854902,0.365144608441,4.7976194308082946e-05,0,2.3988097154041473e-05,34,1,1,1,0,0
557,4,-0.81984940821744845,2.795838622366424,-0.15608761487472789,0.73655641121201698,2.3385014539874778,-1.2933568827857422,0.0319710616072,0.751177992379,0.00017188699898466355,0,8.5943499492331773e-05,24,1,1,1,0,0
558,4,2.065206161111782,-0.17420212149321396,1.0499777040434801,-1.8620612604967448,1.3955736043036708,-3.3601406457483485,0.360509481854,0.00834621170125,1.511865074335594e-07,0,7.55932537167797e-08,11,1,1,1,0,0
559,14,-4.1227260086107744,6.1521618427814371,1.0326122946310268,-1.8324993335941162,1.4801223474442315,2.880071167612225,0.456243341012,0.00176671465482,2.0910878268270498e-07,0,1.0455439134135249e-07,45,1,1,1,0,0
560,14,-4.1184402593050322,6.1513092014962814,1.0380460345925038,4.3618286513363476,-4.825486428767606,2.9579138910888467,0.243742970606,0.0110994162881,9.693860076016691e-08,0,4.8469300380083455e-08,17,1,1,1,0,0
561,14,5.5758305583455492,2.7485362492051171,-0.0025380470765462848,-5.3688647117721731,1.6914105254151117,-1.1468323886446685,3.7951266362,0.169408220134,2.3145245699700216e-05,0,1.1572622849850108e-05,13,1,1,1,0,0
562,2,5.6055847539864168,2.3253020489241658,1.0721453870612117,3.921907798112354,4.9714967339710485,-3.5760586917625532,0.104504934784,0.0150253079188,7.9691672939069692e-08,0,3.9845836469534846e-08,16,1,1,1,0,0
563,11,-0.71531031431553904,3.4537938003314306,-1.1272154781952721,5.085427889609103,-1.4788335472699015,-3.6546936195827699,0.0769887745974,0.001398809477,6.5233065572213885e-09,0,3.2616532786106943e-09,19,1,1,1,0,0
564,1,-4.1443066118848879,-0.29167295800945098,1.096401393797021,4.4021008514606992,-4.9744185244013179,-3.5212613073168906,0.455232356936,0.00996068000748,2.3745916064387591e-07,0,1.1872958032193796e-07,14,1,1,1,0,0
565,10,5.6008982065110295,3.4207670880069903,-1.0706493715165628,5.0856579620746016,-1.4858818453077576,-3.7042347899455703,0.0856501595424,0.0015218044486,8.0414098942533536e-09,0,4.0207049471266768e-09,23,1,1,1,0,0
566,3,5.62960255882372,-2.7821948899553495,-1.094618437217477,4.9131973487974303,4.8303210564120889,-4.1734476189313252,0.154441654054,0.023027868405,1.8538557942981054e-07,0,9.2692789714905268e-08,28,1,1,1,0,0
567,8,-0.74423162579891722,-2.8220153723352319,-1.0632617786446195,5.1396521648079698,4.7366819717026338,-3.8076906063082072,1.68489014388,0.0362915279833,3.2400587861299259e-06,0,1.6200293930649629e-06,10,1,1,1,0,0
568,6,5.5267083635356373,2.4631880880132364,1.0108823877955058,-2.1217651339623806,-1.6504952440545784,2.6383390003400917,0.584957654979,0.00889785746923,3.6629258812849934e-07,0,1.8314629406424967e-07,16,1,1,1,0,0
569,15,-0.73440517578668441,2.4419163305726115,1.0309040914466654,4.1111899906099145,-1.7413483461286763,-3.6610900250965992,0.225107751598,0.0298829065633,3.2269323217394029e-07,0,1.6134661608697015e-07,20,1,1,1,0,0
570,12,-4.1545987171973806,-0.24838999298512798,0.97666444628069815,4.0210283346702704,-4.9946740490217518,-3.1774774786505642,1.38677453741,0.314261573258,3.200726247720728e-05,0,1.600363123860364e-05,14,1,1,1,0,0
571,12,-4.0984316910725864,0.65049841311554479,-1.0800393379551558,-0.69628262883761061,1.5702276444419989,-3.7921227582931425,0.0761154278321,0.0348372731117,3.7548810273550992e-07,0,1.8774405136775496e-07,18,1,1,1,0,0
572,6,-0.65597611176932069,2.5062467971750046,1.0873873125371802,3.9485820698704832,4.7429261934745917,-3.8779420641103202,0.037117602418,8.04333849767e-05,1.3796871406218761e-09,0,6.8984357031093807e-10,20,1,1,1,0,0
573,7,-4.0714262049144372,-5.6476227314129739,-1.0737556796677505,5.4782571226030816,-4.5111789835605141,2.7271313031612183,0.0755869261078,0.0185825594025,1.1090128579917773e-07,0,5.5450642899588863e-08,11,1,1,1,0,0
574,8,5.646651685766729,3.5754889201532718,-1.134351454032541,-1.3592279525498239,4.7443120403683032,-3.9571307582193085,1.52723451359,0.203154085016,1.4904488157610471e-05,0,7.4522440788052357e-06,31,1,1,1,0,0
575,4,5.6407635507945644,3.5923354370736291,-1.1182516657928778,5.0448105323693957,4.7300410654038378,2.3972369205914275,4.9746309954,0.00394255179058,2.4751688426602939e-05,0,1.237584421330147e-05,25,1,1,1,0,0
576,6,-0.59991339284424705,3.5452570693890442,-1.0850781442685649,-1.2198854951796179,-1.4963819901345405,2.3543128580620336,3.44446961703,0.0653495754293,1.3165260045888682e-05,0,6.5826300229443411e-06,16,1,1,1,0,0
577,15,2.2452456332407746,5.8551992306503555,1.1123901933979825,-2.0145333377702079,-4.8229910572284069,2.5732064032934705,0.813549847166,0.0441354389131,1.2552388869396802e-06,0,6.2761944346984012e-07,21,1,1,1,0,0
578,4,-0.61736170519953304,3.6076597545482865,-1.0874060861290178,-1.2146405454439744,-1.552499934210366,2.2250406576999198,0.55834991836,0.020561253257,4.4053625608414242e-07,0,2.2026812804207121e-07,42,1,1,1,0,0
579,3,-0.57562666600420043,3.5973406870356661,-1.0567925637915141,-1.1354989653827663,4.6400369613151833,2.3143958504759454,0.279724606304,0.00154214826947,7.8970303003557326e-08,0,3.9485151501778663e-08,11,1,1,1,0,0
580,15,-3.9485645430590988,5.8348391669686457,1.0573905023182353,-2.0174895657911023,-4.6207569185581905,2.5474894964582475,1.17025881702,0.0653547566834,2.6706010927450706e-06,0,1.3353005463725353e-06,28,1,1,1,0,0
581,9,-3.9390456112325216,5.8057545470134944,1.0357986449996091,-1.9358473497968072,-4.2983283439883806,-3.7691931287375278,0.246792264016,0.139553300805,5.9933683730719678e-06,0,2.9966841865359839e-06,13,1,1,1,0,0
582,5,5.7925750610852011,2.5455623495123656,1.0636922164575342,-2.1652549866032174,-1.1170548692712208,-4.081871406506747,0.122042344418,0.132683897363,5.3776890717831506e-06,0,2.6888445358915753e-06,31,1,1,1,0,0
583,15,-0.47063727557504825,-2.7431260678691656,-1.0235961439180346,-1.1317975336942219,-1.4186932597251827,-4.0431390539426353,0.515823274759,0.00333025096523,2.6945203205515395e-07,0,1.3472601602757697e-07,19,1,1,1,0,0
584,12,-3.8532240857285389,5.9250585928054802,1.0296662563698187,4.3953774463518176,-4.6321549023851452,2.4772172507212438,0.048719846731,0.00140596968241,2.9757761778599429e-09,0,1.4878880889299715e-09,30,1,1,1,0,0
585,15,2.46104667860167,-0.40227178656958357,0.9961699057251957,-1.967062213555357,-4.5024020698762035,-3.7389421679827679,0.172475562333,0.0217588386143,1.7396804076823125e-07,0,8.6984020384115624e-08,26,1,1,1,0,0
586,7,-0.43154421747674832,-3.7185188291088949,0.95979191812756914,-2.1462597956384131,-1.378435177438077,2.2334423145552642,0.0544908893263,0.000311208013873,2.9987593470211351e-09,0,1.4993796735105676e-09,13,1,1,1,0,0
587,5,-0.40317038862304772,-2.8393236025857491,-0.92836397989856412,-0.9664104139263715,4.9400522955684707,-3.8277580775607634,0.0949908986521,0.0463815487037,6.6433090423142911e-07,0,3.3216545211571456e-07,20,1,1,1,0,0
588,3,2.4746457253369245,5.9478442953746313,0.92996087528437232,-1.8901514351817386,-4.2114185711411549,-3.8584500361770702,0.25931929785,0.0329163266896,3.9729477011635286e-07,0,1.9864738505817643e-07,15,1,1,1,0,0
589,11,5.9146151361734018,3.4026122617169783,-0.9008465005887929,-0.96362626694864162,-0.92544147282497091,-4.1154719908026474,0.0448021063022,0.179735931485,9.8426745183973981e-06,0,4.9213372591986991e-06,22,1,1,1,0,0
590,1,-3.8678924541152089,5.9973413908440287,0.91143044454695021,-2.0364089524236886,1.750677536275407,2.6070458537350425,1.33815133791,0.150971870877,8.7336433092342664e-06,0,4.3668216546171332e-06,20,1,1,1,0,0
591,4,2.3914631865982381,0.62363029778131329,-0.90451691444693794,-1.0166434513083047,-4.6949423428435297,-3.9229154687262362,1.32977144644,0.00753541493453,1.7855890317686214e-06,0,8.9279451588431072e-07,22,1,1,1,0,0
592,0,2.3744137331531685,0.61364635198626538,-0.87326784044288552,-1.150572688413277,1.4924067224332072,2.5246810415160135,0.0559301502001,0.00132561423863,3.6634716095824668e-09,0,1.8317358047912334e-09,21,1,1,1,0,0
593,0,5.8267578961072211,-3.7438498913960179,0.98112896106953307,4.0557713362165853,-1.2206357099297502,1.9334814337280088,0.314652251339,0.0699585402717,1.5898638100738408e-06,0,7.9493190503692038e-07,11,1,1,1,0,0
594,12,5.8358976075795965,2.8983072271504851,0.30249202811138831,6.1869966062779165,-0.19386131814445168,-4.670404636787798,4.90179506196,0.575918982984,0.00012506391546401134,0,6.2531957732005669e-05,30,1,1,1,0,0
595,7,-0.56279154842890555,-2.7313366794131393,-0.97531106103924781,-1.2757003413026842,4.0963330839483323,-4.1173417416251867,0.0010073824806,0.421660505999,5.4160241785164626e-05,0,2.7080120892582313e-05,14,1,1,1,0,0
596,3,-0.48831012895461701,2.6206481749419366,1.0187227836744659,-2.0893909174507499,5.1748657836007457,1.9761585065662288,0.19668154938,0.164348395855,8.266520531259821e-06,0,4.1332602656299105e-06,9,1,1,1,0,0
597,15,5.7838084681164403,2.6319950041756259,0.92273042920717929,-1.9303475173282394,4.5943232516254549,2.4096989190499243,0.446428549395,0.0253555878857,3.9513876695617092e-07,0,1.9756938347808546e-07,51,1,1,1,0,0
598,2,-3.9275719418240929,-0.42780765481682415,0.95888154608257548,4.2992210817608756,1.6484375186804499,2.3083592736252663,0.423276222205,0.0227114737556,3.3628778843209366e-07,0,1.6814389421604683e-07,19,1,1,1,0,0
599,10,5.6938778974245841,2.6555116801882259,0.9141430496139592,4.3720490508114853,4.8185604136076616,2.2035400900467943,0.0981280371411,0.00173021562414,1.0541028425744432e-08,0,5.2705142128722161e-09,19,1,1,1,0,0
600,1,3.269760543809467,-2.478226986563036,-0.60767226069754599,-1.3333300502643479,4.2388375543658574,-2.2829137380646505,0.43603408707,0.487730188393,7.2652741946309195e-05,0,3.6326370973154598e-05,10,1,1,1,0,0
601,8,3.2553278095800007,3.8605890301668255,-0.68699826611773063,-1.6599931489998101,-1.7532609352900401,-1.8564531930063233,1.46445990218,0.119554735283,6.4986415502696911e-06,0,3.2493207751348456e-06,16,1,1,1,0,0
602,3,3.2922949701644244,3.9279479269218993,-0.70690385692522117,4.6209197295954523,4.4664690375575171,-1.9441391728672845,0.148233787738,0.0249116336478,2.1101562532337143e-07,0,1.0550781266168571e-07,12,1,1,1,0,0
603,5,-3.0009303040714062,-3.0910360805945221,0.73162703187338018,4.0691896210585403,-1.9293085548858182,-2.1175808175058948,0.436046505349,0.0258409930119,3.9354694479383044e-07,0,1.9677347239691522e-07,9,1,1,1,0,0
604,0,-0.092615574616798632,5.4594126290044009,0.82448387689389369,-1.5156304442101489,-4.9225077092283431,-1.6265032618675828,1.47358568239,0.123571658683,6.8229490038451952e-06,0,3.4114745019225976e-06,24,1,1,1,0,0
605,9,3.3136552210892369,-2.9941521814517937,0.76649596761318517,3.7619666941967531,4.5043322289409824,-1.8664055449332799,0.189945425129,0.0147569142539,1.024147394471409e-07,0,5.1207369723570449e-08,16,1,1,1,0,0
606,2,-0.13688731559221973,-0.83246878961440041,0.7709934722296985,-1.6090736044267278,1.2785480043707098,-1.5789997852494293,0.0968500532729,0.101647037823,3.1567237589747729e-06,0,1.5783618794873865e-06,13,1,1,1,0,0
607,4,3.260900742101287,3.9384238814979424,-0.69138107462187182,-1.6692610359266724,4.0874432523827444,-1.9194169318464496,0.0409381517408,0.22407408532,1.529627157966743e-05,0,7.6481357898337148e-06,20,1,1,1,0,0
608,1,3.225230588376736,-2.2746675711181585,-0.75833195552293753,4.3311127693904172,-2.0340181791712055,4.6234985500472527,0.199158521375,0.254894102932,1.9830963627646202e-05,0,9.9154818138231011e-06,11,1,1,1,0,0
609,15,-0.1977996569846921,-0.80755661076258078,0.79052209781104277,4.7740179405458871,-4.8600311135162482,-1.533177720110092,1.0648347424,0.0508274584146,1.9208309705239481e-06,0,9.6041548526197406e-07,23,1,1,1,0,0
610,5,-3.0938339176589156,3.5077138864850212,-0.058075425749796433,-5.9503311981819653,1.8803160610891747,2.336326132306739,4.38499911371,0.202140045875,3.1675067205563818e-05,0,1.5837533602781909e-05,60,1,1,1,0,0
611,0,-0.29068495518456255,-0.81401394907176639,0.79885276936893823,-1.2873407927052853,1.513277851331257,-1.3070105294300687,0.148541698137,0.0264271163521,2.3480715094154934e-07,0,1.1740357547077467e-07,11,1,1,1,0,0
612,6,-3.1652979927669973,-2.39592101327016,-0.78373504331844124,-1.6622600160045058,-1.5699613974044047,4.4064253937911202,0.125158906631,0.0106077037956,4.9941333534058913e-08,0,2.4970666767029456e-08,17,1,1,1,0,0
613,14,3.194111247669277,3.8933021327626758,-0.82733668865050414,-1.8735838701016487,4.6533853481537077,-1.7735831611445338,0.0631167712544,0.00218838804727,5.4425525056329783e-09,0,2.7212762528164892e-09,15,1,1,1,0,0
614,10,-3.0555912724179066,-2.3997547734881386,-0.83110484824731867,-1.8828257712074015,-1.6448880966610411,4.4692763902371162,0.371438649374,0.0273271266475,3.6544638461183418e-07,0,1.8272319230591709e-07,32,1,1,1,0,0
615,11,3.2433195672905177,3.0475967132570814,0.84639504231936546,-2.5729630915748696,4.6769769467078843,4.2642655945333017,0.895938087521,0.0503536944047,1.5750608613896044e-06,0,7.8753043069480221e-07,23,1,1,1,0,0
616,14,-3.0860160294070016,3.0670324067980528,0.81815704365606146,-2.4712890240571133,4.4764944894852068,-2.0890621068127468,0.57379546915,0.0183948620656,4.3231492626232363e-07,0,2.1615746313116181e-07,7,1,1,1,0,0
617,9,3.2038368179912906,-2.4056347156905256,-0.80340900359057821,-2.0290133337100733,-1.6317678616097724,4.5809153926343305,0.105515448305,0.020417055953,1.3811516191223184e-07,0,6.9057580956115922e-08,15,1,1,1,0,0
618,7,-3.1065290103510108,3.09911319628364,0.79308844180141103,-2.7789940219660636,4.707796726515415,4.5428209206861663,3.09202918657,0.179118373158,1.9333804458644894e-05,0,9.6669022293224469e-06,11,1,1,1,0,0
619,15,6.0597686935900494,5.6650465681766269,0.73743627038383552,-1.6657673663444115,-4.888432491083373,-1.8564422835248178,0.178063928915,0.0150684842234,1.0087295553797171e-07,0,5.0436477768985855e-08,11,1,1,1,0,0
620,2,3.1725679865628686,-2.517488593080627,-0.80357700717420188,-1.5282551452866828,-1.734393256605169,4.1040839242957077,0.501837620251,0.10389810532,3.5401300821480972e-06,0,1.7700650410740486e-06,12,1,1,1,0,0
621,9,5.9646118545923246,-6.0587480983414208,-0.79013363558694549,5.2760674239039798,-4.8611057437077561,-2.0513058133872484,0.203953288765,0.0969152387759,2.9027354046782526e-06,0,1.4513677023391263e-06,15,1,1,1,0,0
622,8,3.127244684358736,-3.3637478465076791,0.86277760278646998,-3.0029548643413797,4.2887761455746087,4.5008067873404434,0.174128117581,0.0770943456204,1.8408258498712554e-06,0,9.2041292493562771e-07,17,1,1,1,0,0
623,12,-3.1515621846367745,3.7097151962147041,-0.97647271240506728,-1.7401478690345744,4.6691237012719169,4.2462790390473346,0.196176722596,0.0170193549596,1.2672031408847755e-07,0,6.3360157044238777e-08,15,1,1,1,0,0
624,5,6.0512903633511854,-0.42190652018132691,0.86632507591801555,-1.8759578934379562,1.6065781506203254,4.0733754295310538,0.198682485901,0.0963280761541,2.8660496987576869e-06,0,1.4330248493788434e-06,14,1,1,1,0,0
625,15,-3.1691120560440225,3.6601195957881352,-0.85610654096650429,-1.6698964067640441,4.4848453475757566,4.1830014633507622,0.166331121772,0.0169968500864,1.1566785577952388e-07,0,5.7833927889761941e-08,18,1,1,1,0,0
626,10,5.9349349089744994,-6.0708537675732002,-0.82869309447427131,-0.24112051583907362,0.45251129139173241,4.8458942440923654,0.0752745117569,0.0805207842051,1.9806827464614524e-06,0,9.9034137323072618e-07,8,1,1,1,0,0
627,7,5.974936762858853,5.6846813497667146,0.95209565803807927,4.7284403324514237,1.1800303387861304,-1.7235994199551354,1.98571425053,0.25834582833,2.4274009638939835e-05,0,1.2137004819469918e-05,50,1,1,1,0,0
628,7,-3.1593907267296339,3.6935434159258831,-0.89839835411018765,4.718102513859546,-1.7932214388755712,-2.1065537609844487,0.126355953236,0.0168973155695,1.0293997129782428e-07,0,5.1469985648912142e-08,34,1,1,1,0,0
629,0,-3.1710573617583093,-3.4629152534787138,0.83654343162198286,4.2149308474102982,4.4874335246952812,-2.2875893282847701,0.0956417466872,0.0246034886689,1.9354191047414521e-07,0,9.6770955237072606e-08,20,1,1,1,0,0
630,2,3.1301536017695608,-3.4776082055822708,0.86988393554986743,-2.3653500253423663,-1.8492959125434745,-2.0073479968260064,0.563634355326,0.0895134650575,2.7584796312807438e-06,0,1.3792398156403719e-06,19,1,1,1,0,0
631,10,-3.1902034434419821,-3.4143043350852711,0.86885565142176691,3.8967586682063864,4.6891559184928804,-1.9633705015493199,0.0682474191234,0.00191145900896,5.7706834336349215e-09,0,2.8853417168174607e-09,12,1,1,1,0,0
632,7,3.1007689443920712,-3.4002718114564319,0.87827285003001165,-2.4354552345928422,-1.7136740513361122,4.361238765774436,0.130179039607,0.00919645812811,4.2709552532913955e-08,0,2.1354776266456977e-08,28,1,1,1,0,0
633,3,6.0002203992576968,5.7296805212632833,0.85521282156355483,-1.8183050557811586,1.4553363670746455,4.4746366992451252,1.29998897663,0.0861337543048,3.9499351750567964e-06,0,1.9749675875283982e-06,24,1,1,1,0,0
634,13,-0.23338870541342488,-6.1232685147800998,-0.85885515855440486,5.7578375520206464,-4.5859473904734758,-1.6447792305401174,0.0745668617727,0.00148549049129,6.2324106516733973e-09,0,3.1162053258366987e-09,17,1,1,1,0,0
635,3,3.1239680374855365,2.9611920399891307,0.82412723574819902,-2.4816061936162024,-1.8686055826242933,4.3607086117359426,0.0929841473198,0.0413649819325,5.2986526102459591e-07,0,2.6493263051229796e-07,21,1,1,1,0,0
636,14,3.1820354178377128,2.9427500093188073,0.84114597978688066,3.8125125545828511,5.1631618905525416,-1.9227299300542271,0.238007545556,0.0391978965346,5.2468467005753261e-07,0,2.623423350287663e-07,10,1,1,1,0,0
637,12,-3.1793492612759984,3.0355184298923983,0.7801191081874207,-2.397556749311422,-1.7831386665948139,4.3456663898754897,0.117944957605,0.022587894124,1.6933076873251518e-07,0,8.466538436625759e-08,36,1,1,1,0,0
638,10,-0.29204784457021638,-0.71053015669387665,0.75340498756864349,4.7581174338294625,-5.0531794109859236,4.6671868715136959,0.20972848164,0.0441483222098,6.3770803668124031e-07,0,3.1885401834062016e-07,16,1,1,1,0,0
639,15,-3.1738545191140992,-3.1798707433254809,0.76562434016537884,3.8769279369321312,-1.7856430276240545,4.3325197115590424,0.505550375041,0.101819847667,3.4136356855522587e-06,0,1.7068178427761293e-06,26,1,1,1,0,0
640,3,-0.29001123486968466,5.5283248231470905,0.70784232106518274,5.476482804911301,-4.7518254799377617,-1.2769549711045958,0.0727454974765,0.25525036028,1.9851953414862609e-05,0,9.9259767074313047e-06,20,1,1,1,0,0
641,7,-0.29652993449471016,5.5612112188856866,0.79591445566355867,4.8512933263080518,-5.2228516984645728,-1.4841137734763559,0.0642001158413,0.124498875524,4.725682525132694e-06,0,2.362841262566347e-06,39,1,1,1,0,0
642,5,-0.30200608627902142,-6.1260483852362144,-0.82090651891733413,5.5251573754564616,-4.9082539072673415,-1.6222678799304222,2.60092329019,0.0750642157648,8.4812103900011266e-06,0,4.2406051950005633e-06,55,1,1,1,0,0
643,1,-0.31939515644637112,0.16364267860916071,-0.79620430759583083,5.590586464592648,-5.079557353425864,4.7823665498299297,0.454877449813,0.168785329215,8.8850030070220356e-06,0,4.4425015035110178e-06,21,1,1,1,0,0
644,4,-3.1397090578481865,-3.2637486566336178,0.61265341485775071,4.4169357230840181,4.5426226807321264,-2.1379731047466355,0.380598875236,0.15802597101,7.751824923012636e-06,0,3.875912461506318e-06,18,1,1,1,0,0
645,7,-3.1516141745246453,3.6631969653894325,-0.70762858769890835,-1.3928278171712427,-1.4764544453119028,4.1984065993265061,0.141232896559,0.00384948811046,2.4460722190377637e-08,0,1.2230361095188818e-08,11,1,1,1,0,0
646,12,5.9822896584772751,0.068827171297859438,-0.70929143316426913,6.0664178001159312,1.8030809705750697,4.8986347854533925,0.158084225171,0.339977808152,3.5234167683689411e-05,0,1.7617083841844706e-05,13,1,1,1,0,0
647,9,-3.2338653348234372,-2.5924638188540543,-0.73736188534633074,-1.6064123463898135,-1.7649983677088708,-1.9786181478062712,1.04118489827,0.123229703846,5.7098520701556975e-06,0,2.8549260350778488e-06,17,1,1,1,0,0
648,6,-0.38664679638555755,5.7029354034116615,0.81794168571148695,5.0413493053456486,1.1172564104238027,4.7899702468449874,0.0561594278624,0.185014331294,1.0430300394014417e-05,0,5.2151501970072084e-06,41,1,1,1,0,0
649,6,-0.2668218175136759,-6.0668568567034713,-0.79229011840938368,5.7297825129841335,1.7148734652036195,-1.6332982257342206,0.997999294787,0.500610439824,7.7336421654971551e-05,0,3.8668210827485776e-05,37,1,1,1,0,0
650,1,4.0264817950843099,-2.6281363888198999,-0.33022007231451744,3.0751406620321182,-2.2160834796767381,-0.67993628952003904,0.60614929295,0.00223928277327,3.6894443507688456e-07,0,1.8447221753844228e-07,10,1,1,1,0,0
651,11,0.56796456756524638,-6.1147060280063856,-0.84108270213161307,-1.3550757244530893,-0.33656245787139349,-5.7829578058075786,0.573461153705,0.0372761537984,7.5212714595760311e-07,0,3.7606357297880156e-07,24,1,1,1,0,0
652,1,4.054278935930828,3.0848832662921519,0.77307769110895086,-2.0434916318421692,1.2726650520308889,-4.7389773494440872,0.0966292291501,0.0122684861299,5.5186927913256097e-08,0,2.7593463956628049e-08,10,1,1,1,0,0
653,13,-2.3550275021124012,-2.6397877861282644,-0.62463785639414049,4.4932527559003068,3.2775781682322083,-0.4156237918938091,0.120520807126,6.79635995061e-06,1.4525279020830091e-08,0,7.2626395104150455e-09,20,1,1,1,0,0
654,10,-2.3321835654918956,-3.3076720289789421,0.7512282896983552,-2.5428774569249661,-2.461523590704906,-0.20537429188729273,0.515201266166,0.00101336226852,2.6574515722809371e-07,0,1.3287257861404685e-07,24,1,1,1,0,0
655,14,3.9276435907939788,-2.6228606809439481,-0.75016212578153707,5.7558602508457062,2.7514408623686348,0.76002582522582796,0.167920172748,0.00685822325514,4.2524933665111036e-08,0,2.1262466832555518e-08,13,1,1,1,0,0
656,14,0.59220959739125956,-0.38605596886383947,0.67946920221859997,-3.5206107402768687,4.6935830265086684,-2.4548814933737191,0.0973997069691,0.0206783494742,1.3973932563999249e-07,0,6.9869662819996246e-08,14,1,1,1,0,0
657,1,3.9437347922206647,2.8792116797373044,0.94485403297048975,-1.394044413753152,-4.3406152267078619,2.1918014540830413,0.067987846992,0.105054222255,3.3664988751651771e-06,0,1.6832494375825885e-06,12,1,1,1,0,0
658,15,0.503703804626499,-0.62393604770408195,0.88754722595285962,4.1087799599441608,-5.8388978187555374,-5.9139868186702875,0.228515829258,0.000162832696583,5.2227560996102668e-08,0,2.6113780498051334e-08,10,1,1,1,0,0
659,13,-2.2283801227843125,-3.3163819906642287,0.53597347686902463,-0.014152294301755727,1.5581486739639849,3.3447212982414962,3.09582556298,0.547007975914,0.00010073106747765478,0,5.036553373882739e-05,13,1,1,1,0,0
660,5,0.59722570536314312,-0.26659701061039454,0.38786064881327798,-3.5430485774695915,-1.0689970915249756,-3.2409274836805086,0.514701537941,0.0465916362341,9.2617524839272018e-07,0,4.6308762419636009e-07,35,1,1,1,0,0
661,12,-2.3184691081217794,-3.315552405800704,0.51756506776438538,5.8983971088304017,-4.172811405976514,-3.746162882075498,0.190632466609,0.234012882678,1.6717808792623569e-05,0,8.3589043963117843e-06,12,1,1,1,0,0
662,9,3.9527134366042582,3.56070751003397,-0.68185373356169809,-1.4867539937499461,-2.0354131598371898,-0.10825391012977223,1.0814680054,0.00674330678207,1.1834246667864304e-06,0,5.9171233339321518e-07,5,1,1,1,0,0
663,4,-2.2108187049761745,3.2364435054507275,0.2425181542792321,3.2588618245846956,-0.2433072034430297,-5.1395794575690132,0.516816059854,0.0340685925346,6.2065883490305624e-07,0,3.1032941745152812e-07,53,1,1,1,0,0
664,13,0.60515061605893716,0.057799865664141352,-0.50560005279429543,-0.58534073750719751,-3.638454446966001,0.70826512586896062,0.300520689959,0.230663676622,1.6297705397288585e-05,0,8.1488526986442924e-06,16,1,1,1,0,0
665,10,-2.4005436021080433,-2.6846696286645506,-0.49319972558806618,4.2041979884748217,3.4550143351567071,5.6970143427317987,0.341125703265,0.000281706799978,1.1639091947696187e-07,0,5.8195459738480934e-08,28,1,1,1,0,0
666,2,-2.4048887851712357,3.399101885011186,-0.09228342122558264,-2.0382485843782248,2.324177033514403,4.7571287714521739,2.26592569158,0.00938476173696,5.1612480390903413e-06,0,2.5806240195451706e-06,14,1,1,1,0,0
667,13,0.42199171918289957,-0.32727817568641526,0.21801046023221898,6.0148935512812383,0.56616475188737336,-0.37451335159099181,3.48064369008,0.147314508146,1.8725555022845606e-05,0,9.3627775114228031e-06,9,1,1,1,0,0
668,13,-2.3999008434513098,-3.0824527319501649,0.443844474976475,-1.9495310215984607,1.7212719480298821,-4.3037432214638551,4.56389909517,0.0408454345539,2.1337383278198502e-05,0,1.0668691639099251e-05,9,1,1,1,0,0
669,10,0.61859144689008794,-0.35790039325799955,0.4583326647263446,-2.2410167188867733,3.2321676275390852,-0.20588601277811713,0.430617424017,0.0488551742369,9.1250076784777037e-07,0,4.5625038392388519e-07,8,1,1,1,0,0
670,3,3.9316430298001492,-3.3314837356397384,0.54655217299979619,-0.51646275877041359,-4.801215139056632,3.5135981725775829,0.562241578014,0.217294240647,1.4699171424254038e-05,0,7.3495857121270191e-06,20,1,1,1,0,0
671,1,-2.2697415583861447,3.6351510333284605,-0.64940581077652038,-1.7880410657972223,5.6448684451637172,0.30048142709422698,0.662388807547,0.0482229234865,1.1471316176952165e-06,0,5.7356580884760825e-07,19,1,1,1,0,0
672,1,3.8897238686715525,-2.6076722371515504,-0.5023901209775965,3.9167351853118544,-2.3672558017785366,5.885007809690407,0.14693928842,0.00601192371133,3.2601010944734001e-08,0,1.6300505472367e-08,18,1,1,1,0,0
673,13,-2.3664629124648502,-3.2873101200199066,0.66784765354720999,-2.1593223548748606,-1.6914386812057731,-0.066071994158501485,0.1133887934,0.013054306106,6.4768368009567038e-08,0,3.2384184004783519e-08,13,1,1,1,0,0
674,2,-2.4191355699568429,3.5708810621084299,-0.22227340293785741,-2.6131778965368344,3.398977631127329,-0.9868807398005206,2.62148072291,0.151239181324,1.3839763752569654e-05,0,6.919881876284827e-06,16,1,1,1,0,0
675,4,0.44515892744110136,-0.39972600427287708,0.5566290250492012,-2.262703144627038,-5.903688243019551,-5.9663741237435097,0.63172022668,0.0161023530081,4.7805340777174971e-07,0,2.3902670388587486e-07,15,1,1,1,0,0
676,0,3.8450071695179675,-3.2945807088367234,0.68732565334506146,-1.2417355385540021,2.1811054222315263,-4.4243975239417725,0.0415614279767,0.448500254004,6.1276276136162494e-05,0,3.0638138068081247e-05,9,1,1,1,0,0
677,13,-2.4698077643665122,3.0226933057523118,0.69789631026728971,-2.9825538777219185,-1.280424461362264,0.16272267013384739,0.299252570547,0.0102776888885,1.2172910980208966e-07,0,6.086455490104483e-08,19,1,1,1,0,0
678,0,-2.5428211389436006,-3.2962453297415233,0.55728502306399497,-1.8745875629252964,4.0337392281314175,6.1438732653832657,0.356336397744,0.000813302471527,1.2717712087274854e-07,0,6.3588560436374268e-08,42,1,1,1,0,0
679,11,-5.9339845083307781,-0.63345711104838931,0.78294420324862113,5.1430491924387161,1.4199001849577504,0.30490107742066375,1.5241438967,0.0527321217121,3.1700571673680516e-06,0,1.5850285836840258e-06,13,1,1,1,0,0
680,4,-2.4556213473698372,-2.5857833959366578,-0.31175443768037103,-3.2879577704433256,-1.1001753844030937,-5.268177918223973,0.0551115222266,0.606160688739,0.00011192885360799709,0,5.5964426803998544e-05,14,1,1,1,0,0
681,9,3.7290690497997327,-2.7498247441365287,-0.057776716316169735,-2.6170281034722462,2.9314556630971853,4.6676038426465469,3.15169731726,0.00966966896492,9.9616784693017466e-06,0,4.9808392346508733e-06,14,1,1,1,0,0
682,6,0.37414592640434585,-6.0583837448536322,-0.88533197309175982,-0.81448766968600939,1.2484301763153429,0.20024494587027686,0.0043687861413,0.242323996602,1.788743401984173e-05,0,8.9437170099208652e-06,15,1,1,1,0,0
683,14,-5.8981182316089757,-0.62844293165957787,0.85112045826195071,-1.7830990695612849,1.310301856080113,-6.1395017754105918,0.147567131573,0.530577681306,8.577544102816181e-05,0,4.2887720514080905e-05,13,1,1,1,0,0
684,2,3.7696743750750503,-3.0035170521402215,0.42809303010599631,3.0956756133210623,3.6514456242772106,-0.93259037277146561,3.60185198064,0.575009534502,0.00011369081216682352,0,5.6845406083411759e-05,6,1,1,1,0,0
685,2,-5.9137335636864581,5.6180948407680029,0.8737901020790888,-1.4136611797662895,-4.8776154792296724,0.17703694958816771,0.0157584129401,0.411012539404,5.1459667353772751e-05,0,2.5729833676886375e-05,12,1,1,1,0,0
686,11,-2.5340087970754159,3.4861647031469372,0.0071452437909875349,2.8791628663584619,-2.4436620368106379,-1.0765766704144561,1.93653883101,0.32896704126,3.6715670917498868e-05,0,1.8357835458749434e-05,31,1,1,1,0,0
687,5,-5.8552416795803754,-0.21528036349523189,0.14761624312607963,-2.4909985053681019,1.3073001405963136,-0.078354592067614567,3.9377348984,0.0105498890912,1.5539660097597325e-05,0,7.7698300487986626e-06,9,1,1,1,0,0
688,7,-2.4796765461553454,-2.425682955690653,-0.79216957783159936,-2.1555329512499117,-2.3480823995507882,-0.56469246344239143,0.0139009112357,0.182025130837,1.0093127366514538e-05,0,5.0465636832572691e-06,15,1,1,1,0,0
689,9,0.4303426263434697,-0.78221020333220459,0.85242899547253315,5.4178961498098221,-5.5856122382319553,5.9222972418265449,0.128494413658,0.104396004474,3.3363916078457972e-06,0,1.6681958039228986e-06,9,1,1,1,0,0
690,5,3.9137955496740156,-2.9430404578849463,0.5243440553760933,2.9102269621541161,3.688566739229874,-1.1867926231830295,0.389576343835,0.00631436175582,1.6391517889434745e-07,0,8.1957589447173723e-08,27,1,1,1,0,0
691,10,-2.3609269702255755,-2.6945360451152616,-0.2507114305528868,0.40197688513200402,-3.3733572243172345,1.525302759972629,0.819890158062,0.00017094511184,6.7222877288768711e-07,0,3.3611438644384356e-07,34,1,1,1,0,0
692,5,0.62339684281576491,-0.66536381814242296,0.66660444667131746,-2.5851230395330913,-4.5521076694081097,-0.14626177264387305,0.253802203604,0.0266944077892,2.8148331438323207e-07,0,1.4074165719161604e-07,13,1,1,1,0,0
693,11,0.48823815003256515,0.083505303148692894,-1.0342678863866579,-1.3655537847661625,5.9563640050203404,-6.0423904406717766,0.385863895276,0.0281025104916,3.8946288679359743e-07,0,1.9473144339679872e-07,23,1,1,1,0,0
694,14,3.873632982362702,-2.2523570493737513,-0.73219140815374617,4.0158339236946414,-3.0715648427219731,-1.4378644606691986,0.123290252419,0.00575918618697,2.5304105623212121e-08,0,1.265205281160606e-08,14,1,1,1,0,0
695,13,0.40336997568467031,-0.48814262079842818,0.21737531310773145,2.956212437268813,-6.0679802179476487,1.0081834909977647,1.13726770153,0.0261183123067,1.5011775441459497e-06,0,7.5058877207297485e-07,6,1,1,1,0,0
696,7,-2.3881599632963195,-3.2197812528988692,0.90977121180539555,4.1735887568082255,4.4953222115042468,-0.21921439178882998,0.00362166409123,0.284371895814,2.4633624273171351e-05,0,1.2316812136585675e-05,15,1,1,1,0,0
697,1,0.41044299269985129,-0.22747169151816926,-0.25134569151985997,-3.7128533604319607,5.2134445543416552,3.1224379575457628,2.55533614028,0.252379964061,2.5932546205069935e-05,0,1.2966273102534967e-05,12,1,1,1,0,0
698,15,0.3931300284063815,6.1776669883365596,-0.92285639945556242,-0.76755309128474181,5.8350472851204485,5.2725506459415969,1.66482572834,0.0358755900506,3.1637049810935044e-06,0,1.5818524905467522e-06,12,1,1,1,0,0
699,7,0.3717951767204829,-0.075579396464613091,-0.96629303984442461,-0.32342146542358968,-5.8991468138328642,-0.38435149094336823,0.280920173667,0.0194786952328,1.9449395378569337e-07,0,9.7246976892846686e-08,12,1,1,1,0,0
700,8,-3.2791539879770353,4.2196005104888936,1.252713259426341,2.9170874979463148,-0.99256153723654872,4.6118471675764674,57.9152718314,0.0574847689349,0.0033551853191618173,0,0.0016775926595809087,60,0,0,0,0,3
701,12,-3.895487615476751,-2.0807617773848213,1.1866538296136511,4.0532981416873568,1.1834879128336449,2.8247933294169676,0.292445871047,0.216417243514,1.4352715002131865e-05,0,7.1763575010659325e-06,8,1,1,1,0,0
702,10,-3.7677414809455412,-1.2065731581312056,-0.99409168970822204,-5.8499054070141403,0.66343918733015195,-3.7030533640934551,53.88349562,0.0931524110359,0.0029060743787984625,0,0.0014530371893992312,60,0,0,0,0,3
703,3,-3.2306752507583054,5.3465016529763796,-1.2614789969846338,-1.3905943460203156,-1.4488047308052656,-1.8655169945305774,24.1186514427,3.17029406943,0.0036433472922250821,0,0.0018216736461125411,60,1,0,0,0,2
704,10,2.7849845205436212,-2.1402716209651578,1.2317057570671328,3.5335588978948298,5.2025582331308886,-1.9446144135144399,27.6097070254,4.79391376366,0.0077628944109683247,0,0.0038814472054841623,60,1,0,0,0,2
705,6,2.5625285053673825,-1.0794760399512955,-1.1551734148954007,-6.1864899183146695,-5.5211368999980106,2.7689559806289856,44.0386164895,0.483313067659,0.0020105557888323148,0,0.0010052778944161574,60,0,0,0,0,3
706,4,1.9554302314774521,5.0219372473085482,-0.55812473706829768,2.5833047933875335,5.0595990130499269,-5.7865152560055808,0.13797999457,0.275688149139,2.3171167320004008e-05,0,1.1585583660002004e-05,8,1,1,1,0,0
707,13,-4.6204357533121048,-1.1849044132187818,-1.1612194371939166,-0.093220876221294435,1.0459360674316434,-2.8977897034828635,0.145610898054,0.00383957959762,2.5693316795855374e-08,0,1.2846658397927687e-08,26,1,1,1,0,0
708,14,-3.5111504860687441,5.0029100678902418,-0.62057223859645172,0.88694861054564877,0.72241662742366453,-4.483756171199806,0.101943034589,0.00771381815652,2.8518029752702855e-08,0,1.4259014876351428e-08,33,1,1,1,0,0
709,3,-3.8507872523888484,-2.0994145392045285,0.88206061933202351,6.0800893308329789,-5.6260074373468587,-4.8000152524677153,3.61470498309,0.127227658745,1.7996896866493095e-05,0,8.9984484332465475e-06,53,1,1,1,0,0
710,4,2.1685269896245378,4.0644518561111429,1.0441239979787544,5.5633535980781685,-5.537515075692963,2.8167319779617848,0.0960007818986,0.0135587594097,6.5217003397958636e-08,0,3.2608501698979318e-08,42,1,1,1,0,0
711,4,-3.5408813219755206,-1.3440424784481702,-0.63972627582791708,-5.1272384493758336,-5.2014958085973149,1.3734921790839056,0.823827385275,0.460271859859,6.5211948290067249e-05,0,3.2605974145033624e-05,47,1,1,1,0,0
712,7,3.0887958829547957,-2.0943550870330125,1.2231164328512625,-2.7597413878722659,-1.5169082454909462,-1.6704612481178862,4.97850414266,0.877788971929,0.00025949733145572747,0,0.00012974866572786374,39,1,1,1,0,0
713,11,2.7848378603271629,4.2859695856247235,1.1396426891373299,3.0752129042902343,-0.88205233286424634,-1.7393715419745694,0.0848745545862,0.0602135819954,1.1116475926267588e-06,0,5.5582379631337939e-07,16,1,1,1,0,0
714,7,-3.6915118349770117,-1.9580101123374167,1.0601587303869635,-3.4483613259594059,5.5652625216121114,4.9436341027786836,0.291208513254,0.0508960421116,8.7388552599175172e-07,0,4.3694276299587586e-07,18,1,1,1,0,0
715,14,1.9004320033083859,4.3042444274670588,0.86378844712869662,-3.802312296174883,-0.62392504870487764,-6.1934313516024453,0.298638991869,0.133237702447,5.4968406071068262e-06,0,2.7484203035534131e-06,57,1,1,1,0,0
716,2,3.0716086966315439,5.4583450104872027,-1.1723590430405804,-1.7264264308049484,5.130375140773376,-1.4180667832209559,0.169709953001,0.241181773901,1.7747984953245109e-05,0,8.8739924766225543e-06,47,1,1,1,0,0
717,6,3.0158097345453796,4.999081305619538,-0.56162445661994265,-5.2212903587255841,-5.2100627742766861,-4.6637841197048662,0.352726862669,0.1539569605,7.3446854725443466e-06,0,3.6723427362721733e-06,28,1,1,1,0,0
718,7,2.1442004435748303,-2.2193054790597171,0.99437890870614765,-0.56294080399967983,-5.4863882716826762,-3.5253103040965046,0.390541522855,0.00766572046591,1.7042299683893897e-07,0,8.5211498419469484e-08,45,1,1,1,0,0
719,9,2.8161445894181139,-1.652528402281588,0.54529741568053669,-4.1711040381172673,-0.76824859215471009,5.7510226449760546,0.889943043542,0.095611858585,3.5766976030856036e-06,0,1.7883488015428018e-06,23,1,1,1,0,0
720,13,-4.1298769163478779,-2.1213186884686683,1.1282352556499873,3.0713544880626991,5.5205249848801001,-1.1084197081369944,0.0229226111103,0.16620500239,8.4153083708813185e-06,0,4.2076541854406593e-06,15,1,1,1,0,0
721,14,1.7081351326523564,-1.9122918515454577,0.62886399135740467,2.2169123847117662,-0.88874714224859763,0.19439219278459424,0.257551863173,0.0115933929086,1.0727560239266117e-07,0,5.3637801196330584e-08,34,1,1,1,0,0
722,15,1.5766624949784565,4.3724109049641058,0.56691050455789482,-4.1091722584898998,5.4063770501892705,-5.8390493596309652,0.0649532392872,0.0161598250313,8.3766699556001749e-08,0,4.1883349778000874e-08,26,1,1,1,0,0
723,12,3.0390243752280091,4.4727473402239246,0.63299894058545036,-6.0410935778437205,-5.4475115043449476,-4.8074759692314233,0.0579014906598,0.000445184908916,3.4129546261615383e-09,0,1.7064773130807691e-09,15,1,1,1,0,0
724,7,3.0925648154395429,5.147519525356623,-0.64445831143038323,-5.4126957426554227,0.78959260342499182,-4.8020670915110708,0.132226427118,0.00597643108514,2.836407032937893e-08,0,1.4182035164689465e-08,32,1,1,1,0,0
725,7,1.2180694096064784,4.9715471155061941,-1.1043682886061095,-0.1625740298673759,-4.7617900124782313,-2.497990171664604,0.0770327908121,0.0177603969374,1.0202004124292749e-07,0,5.1010020621463744e-08,26,1,1,1,0,0
726,9,-5.223567162810216,-2.4236408181309241,1.0936584803215121,5.0320545073084233,-4.4040281168311548,-2.4637379166374123,0.12220350717,0.0830481286955,2.1158775069637273e-06,0,1.0579387534818636e-06,42,1,1,1,0,0
727,10,3.2085991301919945,4.4698263418273712,1.1047905996117122,3.1920902995053431,5.2163488272220917,-1.5394625338129702,0.0398231094212,0.0221644069429,1.5123251854589814e-07,0,7.5616259272949068e-08,19,1,1,1,0,0
728,7,-4.8814594406625655,-1.9920989350307694,0.62315012356991917,-4.1501937719001338,-1.088092549412975,0.71653529514822734,0.335825345961,0.0834402699617,2.2336100215791362e-06,0,1.1168050107895681e-06,27,1,1,1,0,0
729,0,-2.9250466868538658,-1.7587943542669915,1.1212860300625669,3.2554404679540707,-1.1740089120240553,-2.0701970348343797,0.109921738299,0.00395217076443,1.6840807174347766e-08,0,8.4204035871738829e-09,24,1,1,1,0,0
730,0,-3.1500159906432921,4.4899095614014035,0.69961946538178332,-0.03003901094148111,-5.6621041592836425,-4.586833247378876,0.568144001163,0.0211975591554,4.5966333561295682e-07,0,2.2983166780647841e-07,13,1,1,1,0,0
731,10,1.1676725337385723,-1.3332361251390472,-1.1470126288278397,6.1698660888812551,1.4692347778122403,3.8571603837932704,0.0405018798556,0.00207769438134,2.9553789966209646e-09,0,1.4776894983104823e-09,23,1,1,1,0,0
732,2,-5.1288797534528809,4.9011600978015348,-1.1172789715103373,-0.20826339461511598,1.2969771009464437,-2.5536801976377781,0.15202037868,0.000810642657007,2.331037228732034e-08,0,1.165518614366017e-08,18,1,1,1,0,0
733,11,-3.0823633917426032,4.5453636663093961,1.0251211647347969,3.2258206156957963,5.637499054634481,4.1115590734837832,0.0657091933443,0.0155077966846,7.7575676895523501e-08,0,3.878783844776175e-08,16,1,1,1,0,0
734,6,3.1751371517171134,-1.6612542730404545,0.945655933307462,3.1042911053214355,5.7470250864516208,-1.6386831328431435,0.510206698153,0.0122438489233,3.0597663165677765e-07,0,1.5298831582838882e-07,26,1,1,1,0,0
735,7,-5.2329331643745158,4.8811309751446608,-1.0283544312106481,5.7899067513467815,-4.5893087742630252,-2.7514819257183238,0.103149651589,0.03777140267,4.45231083717149e-07,0,2.226155418585745e-07,15,1,1,1,0,0
736,9,3.2400206224661803,4.5767200419757552,0.95872541778761267,-2.9620702522600859,-0.47832044971035359,3.9895614308131706,0.315211684093,0.000373714200914,9.9400949359285771e-08,0,4.9700474679642886e-08,18,1,1,1,0,0
737,5,3.4860120140532942,-1.6871176882839731,0.97781653782435329,-2.6070116028061987,5.1315151988632968,4.1984412039239691,0.247768839477,0.0084980255508,8.3387782905338389e-08,0,4.1693891452669195e-08,30,1,1,1,0,0
738,2,1.1009006487991073,3.8435811582149331,0.95763897713276014,-1.4765383684668638,-4.7844376856292774,-2.3006124030957853,0.610525878459,0.0373514217579,7.9772235536803475e-07,0,3.9886117768401737e-07,30,1,1,1,0,0
739,7,-4.8383160814485864,3.9443375224446737,0.98078808747292945,4.8044256340457467,-5.3534269009570314,3.6499850131485942,0.523002670448,0.042747800051,8.3018187081122854e-07,0,4.1509093540561427e-07,11,1,1,1,0,0
740,9,3.6060617361663114,-0.73216206910948867,-0.98715387597267212,4.7193393255525073,4.845570798424685,-2.3292108729342793,0.11850943899,0.0269014657017,2.3449271944644877e-07,0,1.1724635972322439e-07,10,1,1,1,0,0
741,15,-4.8435836921680995,-2.3931756771036228,0.91728965669301121,4.5819597578556195,6.1532626841134768,-2.3176346075847918,0.0978871197162,0.0533997995798,8.7821021748607549e-07,0,4.3910510874303774e-07,19,1,1,1,0,0
742,3,-2.6553612689273565,-0.75362458590432824,-1.0145830714012989,-1.7179046815107968,-1.6739186400412285,3.4047791503795941,0.023243988283,0.229218405048,1.6005467656373252e-05,0,8.0027338281866259e-06,30,1,1,1,0,0
743,15,-3.0086131643058973,-0.89754254489606888,-0.81800297349631501,-2.2879903158472565,-0.37986846975331923,-1.9542879794157964,0.0923512350797,0.00373960647193,1.2788720620150318e-08,0,6.394360310075159e-09,22,1,1,1,0,0
744,3,1.7749557484732534,3.9888485726512197,0.98424765299711692,-1.1380890292864463,0.60449428816994688,-2.9212705856670622,0.142284728031,0.00942979405346,4.7331834256195865e-08,0,2.3665917128097932e-08,14,1,1,1,0,0
745,14,1.8549827684154085,4.9132364314918648,-0.94279109675651218,0.029480383669068466,0.56800992828177177,2.6373533134120972,0.0890432425356,0.117095591487,4.1846531487133218e-06,0,2.0923265743566609e-06,19,1,1,1,0,0
746,0,1.8955196563207293,-1.2910748671536583,-1.0204285118960965,6.1521251146896239,0.73396257560332867,3.6707053135228342,0.0642548103203,0.0355554637944,3.892232829028804e-07,0,1.946116414514402e-07,29,1,1,1,0,0
747,3,1.8075567061128963,-1.5507457692437314,-0.20006270000673321,-3.7285365938514805,5.7230981599888393,0.13431374317406813,1.29370948036,0.0534567783625,2.5441672296067028e-06,0,1.2720836148033514e-06,45,1,1,1,0,0
748,8,1.7465610971546202,4.0208878765121661,1.0463640388775,-1.5814851036100648,0.97833103561321511,2.6890909227499145,2.55867626962,0.122812658659,1.1141353298510424e-05,0,5.5706766492552121e-06,24,1,1,1,0,0
749,2,-5.0302943232575714,4.8697992705252089,-1.0150153414576397,-0.41045482155543139,1.6360713222140584,-2.5872518454386046,1.25052993047,0.0849717411698,3.7632228257906277e-06,0,1.8816114128953138e-06,26,1,1,1,0,0
750,9,-0.97673411647266062,6.0533415281292706,1.4186903819363517,-4.8612331550598835,-2.3542825657475319,-4.4739894456910756,0.178817805796,0.00728006366884,4.8120325917704047e-08,0,2.4060162958852024e-08,10,1,1,1,0,0
751,2,5.3092094900813143,6.0061537332131811,1.4775373943649512,1.5376281408790045,-2.3938864869934666,-4.2587949700710688,1.07926530445,0.00184473687742,1.1658502269595774e-06,0,5.8292511347978868e-07,7,1,1,1,0,0
752,1,-1.0006865588884057,-0.24482123142072318,1.3893801909098593,-4.9797249538507335,-2.4058360179052829,1.7102351560081506,0.126906781556,0.0179257054676,1.1398832588979256e-07,0,5.6994162944896281e-08,18,1,1,1,0,0
753,9,5.3041784633778626,1.2425731454857882,-1.6487299606373709,-2.4995789892821754,3.6853503872907338,-2.9662302015544575,0.0525432893683,0.0739224777291,1.6673526528189893e-06,0,8.3367632640949464e-07,9,1,1,1,0,0
754,10,-3.7241121058118445,-2.8161403927073394,-1.5530021070162994,1.6221236648803108,-5.8964461934644188,-4.0721535272363409,0.0249215696939,0.00324922220891,3.8370662801392532e-09,0,1.9185331400696266e-09,10,1,1,1,0,0
755,13,2.5566165422233671,-4.4652926874896934,1.6491824268045023,6.1478578603057281,0.78755507473569497,-4.3635156019816685,0.0464532587889,0.00942976116598,2.9244606740610955e-08,0,1.4622303370305478e-08,10,1,1,1,0,0
756,10,-1.0546664888629522,6.0311229185068225,1.5489825357710707,-4.9233470074490633,-1.9305417411291788,1.4956910200301485,0.0736202314716,0.0241397979004,1.8292959958919055e-07,0,9.1464799794595273e-08,20,1,1,1,0,0
757,5,-3.7402770383721888,-2.483617804664767,-1.9252429873633148,-1.4001732320396629,5.5823943444665236,-1.4745040171640991,0.0504271833924,0.00442239516676,8.5004800804958711e-09,0,4.2502400402479356e-09,26,1,1,1,0,0
758,10,-3.7674597241676806,-4.4729719891484399,1.7991894512494944,-0.83112572245035687,-5.8023869745425518,-3.0530461534169908,0.313105601381,0.0584388155356,1.1383325939490804e-06,0,5.6916629697454022e-07,12,1,1,1,0,0
759,2,5.1203043111086268,-0.29057094446245479,1.6553374515272734,-4.7346857113737268,-1.9853448789813395,2.0455057744270104,0.333286376967,0.0353146648795,4.9097597795357533e-07,0,2.4548798897678767e-07,19,1,1,1,0,0
760,14,-3.8238997653923006,3.4151918195608881,-1.4883505639039678,2.0911870929058471,0.31721100450739037,-4.7271285296973007,0.103863514878,0.050809998849,7.9720501405122691e-07,0,3.9860250702561345e-07,11,1,1,1,0,0
761,11,2.4669534060254246,-2.4730787927452624,-1.9264477736272529,-1.6448128498750374,6.1366991960969299,-0.72218097768266409,0.134757487839,0.00660704674084,3.1457065052947691e-08,0,1.5728532526473846e-08,23,1,1,1,0,0
762,13,-1.1520007266004755,1.3052123186297966,-1.9707758689458792,6.193311974945189,2.4498724943116903,4.8577871747811789,0.222777626969,0.00858014134594,7.2055447754466102e-08,0,3.6027723877233051e-08,7,1,1,1,0,0
763,9,2.4390923897493373,-2.8529167368538082,-1.4941390734191695,2.0627980971412656,-6.1233628942753375,1.7376358642251546,0.126037319442,0.0161664453693,9.5498373582511217e-08,0,4.7749186791255609e-08,5,1,1,1,0,0
764,7,-3.9159020318847997,-4.3435827950603185,1.5418277676540488,0.20151268168955511,0.12753048460957878,-4.1736416387215467,0.0279252034562,0.0538346767351,8.8361362141190986e-07,0,4.4180681070595493e-07,16,1,1,1,0,0
765,8,5.0213747721401649,-0.18300360779041785,1.5193094908261013,-5.0295260491903111,4.3762044352776286,-4.8085608909913562,0.0403599159811,0.072910600911,1.6209616395299704e-06,0,8.104808197649852e-07,10,1,1,1,0,0
766,4,-3.933565479270563,1.8504194237049052,1.9689649603699992,-3.3112550385389019,-0.79382770598701669,-1.6771572463238578,2.72074536882,0.0529346411359,8.2560165938332633e-06,0,4.1280082969166317e-06,8,1,1,1,0,0
767,14,2.3001161464104327,1.8666656275394398,1.535062945483779,0.25885839094466506,1.018523315704341,1.222379492545741,0.104056859413,0.135565288273,5.6090707432707741e-06,0,2.804535371635387e-06,17,1,1,1,0,0
768,4,-3.98524826249787,3.8007029078153969,-1.9101561625819863,-1.9279354959410067,-1.0475599454654529,-1.0994995137176602,1.03621883136,0.0182264600143,1.1749445444623391e-06,0,5.8747227223116957e-07,11,1,1,1,0,0
769,0,2.2275968191414917,-4.4940725996624673,1.6164051578723955,-6.1155236810735936,-4.6657539812206696,0.28969885492098951,0.0911343207919,0.0943707632983,2.7211797603683689e-06,0,1.3605898801841844e-06,11,1,1,1,0,0
770,9,2.3474718420649969,3.8612295180536091,-2.000496451149762,4.9223906962433821,-0.67843525512016478,4.6111729716735468,0.258561790843,0.00446376404266,7.2923759476475552e-08,0,3.6461879738237776e-08,12,1,1,1,0,0
771,5,5.0479246770821984,-5.1020284215689884,-2.0123344817134683,0.72725175368267814,1.8433568411965731,4.9222168313866854,0.067224665334,0.00888025564091,2.8540962534694602e-08,0,1.4270481267347301e-08,10,1,1,1,0,0
772,3,-1.1307824416626651,-5.0163112406952735,-1.6479356456156071,-3.1299656479092928,3.9000971506900073,-4.2437971053811978,0.186037574988,0.098908624465,3.0146566072531815e-06,0,1.5073283036265907e-06,12,1,1,1,0,0
773,0,-1.1127338219758263,1.0890860059200749,-1.9169499848102192,0.42272421734342386,-3.7060388238682331,5.3479506283777525,0.0151044752689,0.111984862211,3.8203162123298715e-06,0,1.9101581061649357e-06,20,1,1,1,0,0
774,8,-3.8376833415480029,3.4692908115319647,-1.697339109875672,-4.6376731956664683,-5.4448060052851988,-4.377402561449709,0.774226106431,0.0184666432172,7.0330575562888726e-07,0,3.5165287781444363e-07,13,1,1,1,0,0
775,10,5.0581530962620622,1.2068237509167239,-1.9820942405645492,0.21029676953131379,-4.4795635691600202,4.6680483073774459,0.0778962958114,0.027053523914,2.2901523769145505e-07,0,1.1450761884572752e-07,12,1,1,1,0,0
776,12,-4.003225193954834,1.8667206014642537,1.8030468842945595,-0.62490408990041746,1.4618594296979641,2.0163136221800215,0.471791573687,0.00648127178982,2.3538331762332657e-07,0,1.1769165881166328e-07,20,1,1,1,0,0
777,8,2.3324616045636106,-4.308392170744594,1.5564496758564912,0.18346309164471059,1.0663062374064725,-4.9199074599777521,0.0580025677006,0.0930946021226,2.6433631343237634e-06,0,1.3216815671618817e-06,17,1,1,1,0,0
778,5,-1.2003083123919884,1.180367266944444,-1.5756257463366761,3.174608663069332,-2.0090190496409939,-4.2046261139247791,0.066814469797,0.0164541699353,8.6936204737701962e-08,0,4.3468102368850981e-08,7,1,1,1,0,0
779,12,-1.2716488133146766,1.1418545473675585,-1.9081618626067838,-5.985137209087025,2.0099769564939627,-1.1657202751799283,0.524412674008,0.0257464966988,4.7693408522735256e-07,0,2.3846704261367628e-07,33,1,1,1,0,0
780,12,2.2675868722979149,-4.2253865992740378,1.9282025528706748,2.5243410684414949,-0.97842245421148843,-0.91926912774691083,0.0416344187772,0.0127103461281,5.0945251987141734e-08,0,2.5472625993570867e-08,30,1,1,1,0,0
781,10,4.9548274681250852,-0.31269556776248303,1.6294056578565093,1.5453891027676239,-2.077537951894028,-4.0748974353955472,0.0369893636135,0.0184140282208,1.0465680185694069e-07,0,5.2328400928470347e-08,27,1,1,1,0,0
782,12,2.2052774520758818,-4.3258228970944179,1.9671263617525105,2.7510317275623852,5.427955950645118,4.8770023724924974,0.133620601856,0.00494449640982,2.5301765549796197e-08,0,1.2650882774898098e-08,6,1,1,1,0,0
783,8,-1.4472882510872536,-0.33795256679198366,1.7393934055794822,-4.568819016849142,-1.1748083043408835,-4.4460153852243787,0.469024873051,0.00123940393571,2.2045226109572183e-07,0,1.1022613054786092e-07,7,1,1,1,0,0
784,3,2.2577353343270561,-2.4375428858732837,-1.9511238476430712,-1.4082523918437122,-0.75959002647662621,5.0031320232441496,0.243161535312,0.0827595027554,2.1454934539921804e-06,0,1.0727467269960902e-06,45,1,1,1,0,0
785,9,-1.3899989482545489,1.1308820975641862,-1.4538705592957082,2.6503052935553337,-2.0863707631703856,1.6089451117135398,0.161361592063,0.0332761028057,3.6334013316991452e-07,0,1.8167006658495726e-07,10,1,1,1,0,0
786,9,-4.1235217084275462,2.0242184327344765,1.9314574370867679,-4.0253587441490231,-1.0995543955369826,-0.62400850792351481,0.818386631242,0.00635507196553,6.8205924355614623e-07,0,3.4102962177807312e-07,14,1,1,1,0,0
787,12,2.1920738472327401,3.7915072809113051,-1.971939669773153,-1.5593149466493164,-1.0005436121213402,4.8431957571891289,0.0176077781615,0.0177025783042,9.5771430353157658e-08,0,4.7885715176578829e-08,17,1,1,1,0,0
788,5,2.0996452827834005,-2.839200264645485,-1.8482423456283923,1.25796605850735,-4.5369107809621827,2.1652949081452899,0.0428913762344,0.0813822411675,2.0193419140575793e-06,0,1.0096709570287896e-06,13,1,1,1,0,0
789,10,-4.1748181113949485,-4.3624890892424357,2.0005335189094402,2.3776441608826828,-1.4392163941337843,-1.2432466625413132,0.316565192515,0.00464247198269,1.0677880209806191e-07,0,5.3389401049030953e-08,10,1,1,1,0,0
790,8,-1.494497584326415,1.2200486250282374,-1.9818145524935473,0.83490256029335486,1.4089963035041175,-0.8870769230085177,0.249275326519,0.00174059351367,6.3061077383919774e-08,0,3.1530538691959887e-08,17,1,1,1,0,0
791,2,-4.1188851392568298,-2.4313690212461654,-2.0008162877511166,4.4983301703181926,5.0996868531256627,-1.0630810305098144,0.107463239188,0.000375201876725,1.1591230735234258e-08,0,5.795615367617129e-09,14,1,1,1,0,0
792,0,2.2245468897079004,1.8789889129058008,1.6357798990446522,-6.196087881899456,-5.5852738231697483,-4.5978592733907799,0.0633174377772,0.0104933832088,3.7550854407929476e-08,0,1.8775427203964738e-08,12,1,1,1,0,0
793,14,-4.142301246462341,1.7176306972907476,1.8310045431904998,-0.51433393527514215,1.4974557436943112,-4.5005858584091447,0.744532745116,0.01346302824,6.0954186915311729e-07,0,3.0477093457655865e-07,11,1,1,1,0,0
794,9,-4.18179189865144,-4.345372373806395,2.0549078009557746,2.5042143789903486,5.1604462321685833,-1.6855439166871002,0.0171212931193,0.0618809506101,1.1667500173779737e-06,0,5.8337500868898684e-07,15,1,1,1,0,0
795,7,4.809663707682633,1.313587570401086,-1.8884330980256829,3.976207870176411,4.2493839997553984,2.6380415008038947,0.35646950733,0.00406351068367,1.3210038876435838e-07,0,6.6050194382179189e-08,19,1,1,1,0,0
796,3,4.7274755597796227,5.4832623663915507,1.928571155732719,5.2265622551001822,-4.8927621669152881,4.8645845836045805,0.0705241078839,0.039575643831,4.8207507389333961e-07,0,2.4103753694666981e-07,9,1,1,1,0,0
797,2,-1.6175573556551965,0.92216892079856772,-1.8474203712156383,-4.9188792499259284,-5.0556318548982926,5.5418692559803544,0.289081515219,0.00792047457717,1.0267796653158516e-07,0,5.1338983265792578e-08,13,1,1,1,0,0
798,6,-1.6909473175835308,-5.0194584311782018,-2.0275966815639754,-1.5070567339360919,5.6073369403639184,-4.5885201763969787,0.293341667403,0.0199380524536,2.0714265864834323e-07,0,1.0357132932417162e-07,6,1,1,1,0,0
799,8,-1.6843123933431534,-0.61561960623164491,1.9943365539154632,2.3744703328443482,-0.91122586172897957,-4.1414183272696068,1.16072543724,0.00827217270776,1.3681281577297683e-06,0,6.8406407886488414e-07,11,1,1,1,0,0
800,11,1.9788171706628077,-4.3700523748186351,0.18201424067340441,4.5385390432649224,-5.6505817100907025,3.5953498296353077,0.0420537523842,0.641369860725,0.00012530775808538351,0,6.2653879042691757e-05,19,1,1,1,0,0
801,10,-2.0372371313399822,-4.9822498602805636,-0.41933697514858503,-6.1024216406038967,1.0570774243975283,3.2984588369105188,48.6346700478,0.0431187356073,0.0023658974830877283,0,0.0011829487415438641,60,0,0,0,0,3
802,4,4.2399791397380922,-5.0538301130822054,-0.20870316525913196,4.9408363631463068,5.5468118959948329,3.7677573958306771,1.99893169647,0.000412885086916,3.9957798565331993e-06,0,1.9978899282665997e-06,15,1,1,1,0,0
803,8,-2.1582018246220009,-5.260503951481347,0.42090598710564342,3.9911454935143156,-0.5574633284857059,-1.6744020127518611,0.696307217913,0.0378723590237,9.2176125225344714e-07,0,4.6088062612672357e-07,9,1,1,1,0,0
804,14,-2.0381184133347956,-5.3568049250100458,0.38019706252070529,-1.2805460046675829,-6.1442550585243207,-2.7795702480344242,0.305990041466,0.0723552797023,1.6883893711943332e-06,0,8.4419468559716658e-07,22,1,1,1,0,0
805,9,1.7599402426130244,2.2082067373777736,-0.098687442128316816,4.6299023634875667,1.9355943491849945,-1.4154636833345735,3.68547049692,0.047184907259,1.4260897720429781e-05,0,7.1304488602148907e-06,37,1,1,1,0,0
806,5,-4.5804469386455589,2.0348273292799033,0.30027044429671346,-2.6386949975529781,3.9258899667711868,-2.8042931419707093,2.1568394935,0.112372613453,8.4985448267489396e-06,0,4.2492724133744698e-06,34,1,1,1,0,0
807,9,-4.5135573150779598,2.2711875258826684,-0.2777105316739209,4.8624832462313803,1.848098148850492,3.6607580164666875,2.59287547458,0.0179324285657,6.8209596578481215e-06,0,3.4104798289240607e-06,8,1,1,1,0,0
808,9,4.3501629855845438,-5.3861052894349219,0.18957673911284817,4.7867598463997778,-1.0559101321144402,3.550748674274145,0.910178658267,0.000149804934257,8.2843202604230454e-07,0,4.1421601302115227e-07,14,1,1,1,0,0
809,3,-4.6292149938313161,-4.3507414885567934,0.32731785234420796,4.7932156973802096,-3.8644725585778477,-1.796596872879759,0.942600755507,0.00490288559609,8.9581866529545675e-07,0,4.4790933264772838e-07,9,1,1,1,0,0
810,9,-4.3923183125185901,-4.1922889038187741,0.078886056060705825,4.4265670964713113,0.97511414890909986,4.0865499083837147,1.98362514703,0.230100590155,2.0063128408996782e-05,0,1.0031564204498391e-05,22,1,1,1,0,0
811,6,4.3579384401752241,0.81639407802366015,0.51853891554242859,4.1226818515563872,-1.0643593288571556,-1.2462188782160915,0.135687957233,0.53311596672,8.6594530452870273e-05,0,4.3297265226435136e-05,16,1,1,1,0,0
812,10,1.8350943031254374,-4.0850530492031645,-0.10362095289871116,4.6609405500376422,-4.526415380097907,4.303290781500043,1.86361228679,0.053792873708,4.3545140381670991e-06,0,2.1772570190835496e-06,9,1,1,1,0,0
813,1,4.3573861394565894,0.82532630840695165,0.40194227087320689,-1.8294485407574532,5.5351226568142762,-2.1119543840089006,1.07945603009,0.00113640468036,1.165618708584835e-06,0,5.8280935429241748e-07,12,1,1,1,0,0
814,4,-4.4925639348457409,2.0590868918768468,0.36461052352897005,4.570895851936621,-4.2355848428513641,5.5831704807917601,1.18595705355,0.0560193193531,2.3624335962919273e-06,0,1.1812167981459636e-06,21,1,1,1,0,0
815,0,1.740692873460284,-3.8572688961756079,-0.46546625973831807,-2.3263438228010633,4.2693915430060017,3.6371670166189523,0.301651982813,0.0430683328857,6.5602307360754719e-07,0,3.280115368037736e-07,20,1,1,1,0,0
816,4,-1.8917941116315666,0.80446099927626724,0.23533212433506018,5.4434838091267785,0.17019600769490506,-3.0982418420236182,0.58262747641,0.111070459219,4.0974123271644992e-06,0,2.0487061635822496e-06,8,1,1,1,0,0
817,9,-1.8039825728483339,-5.6214521113500844,0.4504590530025529,-1.7273393223910321,5.3785941166935256,3.5371313684868331,0.535434258335,0.00173854604932,2.8761056405536949e-07,0,1.4380528202768474e-07,8,1,1,1,0,0
818,10,4.5334790964519653,0.62931141718484851,0.47227541600013734,-1.8454711307777028,-1.3991531541171285,2.9777893321369162,0.457435906017,0.0521507733178,1.037716566582728e-06,0,5.1885828329136398e-07,12,1,1,1,0,0
819,9,-1.8554667809565339,0.66211035314691902,0.55299595901292775,-1.4925316822783725,-5.7095748600589316,-2.5969480877598246,0.290574215429,0.0294460207586,3.4855743380588287e-07,0,1.7427871690294143e-07,17,1,1,1,0,0
820,0,-1.8735044831651602,1.1696227895347457,-0.55090533364054961,4.8737366863188587,-0.77446829364815917,-2.1315840582099046,0.397023364897,0.00804287765078,1.7733260764732679e-07,0,8.8666303823663396e-08,10,1,1,1,0,0
821,10,1.7307312946430942,-4.180308328655526,0.44127899546518107,-3.1889927830205242,-1.9422804003593888,-2.5060380911686435,0.193979291545,0.0192151021488,1.5009885515322143e-07,0,7.5049427576610717e-08,11,1,1,1,0,0
822,8,-1.7945607593261006,0.55781798884650502,0.53867901189597867,4.4715116869308238,-1.4910790617440171,-0.99177927486262774,0.17240125408,0.0219977554556,1.7712694111776793e-07,0,8.8563470558883967e-08,15,1,1,1,0,0
823,10,-4.5344498681846019,-4.314631718911377,0.24575505669394179,6.2716664837231617,1.4806275043323198,-4.9807779312124998,3.24062214676,0.051605024065,1.1312852002104564e-05,0.0056974080124024083,0.00017657866637312453,28,1,1,1,1,0
824,2,-4.6091624938508788,2.5423585352711648,-0.63502418219012235,-1.6705240612060213,-2.0608557096875493,-2.5743267356215123,0.17919329583,0.00208918526314,3.3439799419038024e-08,0,1.6719899709519012e-08,10,1,1,1,0,0
825,12,4.5113884033414404,0.4860709921256916,0.60584126468993416,4.2460185505110193,4.9293000653109003,-4.2990948500610697,0.520803072909,0.291612331846,2.6175216465281978e-05,0,1.3087608232640989e-05,12,1,1,1,0,0
826,14,-1.8014471848180456,-5.572276615971723,0.20886531638692235,5.0790104343466078,-0.75153420862411002,2.7194037605815295,1.31159741869,0.0111503610675,1.7581610406377409e-06,0,8.7908052031887046e-07,9,1,1,1,0,0
827,11,1.7153913277284156,2.0370351386481205,0.47931309883597728,3.7433720781099575,-2.4537690194880128,-2.8097070284591816,0.970298804363,0.000475704211105,9.4154870299379968e-07,0,4.7077435149689984e-07,9,1,1,1,0,0
828,12,1.6995294108917527,-4.1799337341076264,0.3032334313770268,-1.843984458183459,-3.2666932921553582,3.4601373942439353,1.9723155705,0.000583239452827,3.8901323308083062e-06,0,1.9450661654041531e-06,10,1,1,1,0,0
829,6,4.4516250415305381,-5.1241015529021432,-0.37985021336808977,-2.4129634254544725,5.7957918720527912,5.3267002039483469,0.266211041704,0.0053345376097,7.9536905439028061e-08,0,3.9768452719514031e-08,10,1,1,1,0,0
830,8,-1.894210182935389,0.74351542875598919,0.35904428062439953,-1.4896068891266896,-0.52638800303195543,3.4843873331397099,0.507829153091,5.47015077331e-06,2.5789045784362592e-07,0,1.2894522892181296e-07,19,1,1,1,0,0
831,3,-1.9147250740643496,-5.5949697514103773,0.44324040437608286,4.5693989649262283,5.4611962562345706,-2.6624963097371124,1.5760390123,0.000400286445055,2.483947776898578e-06,0,1.241973888449289e-06,46,1,1,1,0,0
832,1,-1.7764050684481969,1.0446635663957313,-0.25290883403648318,4.8300708760152373,-2.4320807513936309,3.7850013204184099,1.27010087536,0.254444774916,2.1334740932577048e-05,0,1.0667370466288524e-05,11,1,1,1,0,0
833,15,1.7381409009477271,-3.7850218621993208,-0.37920300040119237,-1.3163165497045299,1.4529408236148087,-2.7692528636020097,0.28094255504,0.00454269713727,8.5214833940560686e-08,0,4.2607416970280343e-08,9,1,1,1,0,0
834,2,1.6993370044229195,2.1397186206274541,0.19601048640315522,-1.7063202628776897,2.1414269893304447,3.2638750640678551,2.3224637807,0.0466086661506,6.0555790746626595e-06,0,3.0277895373313297e-06,11,1,1,1,0,0
835,3,4.369249816026775,1.0565550041181033,-0.29697979024297522,-1.316836251913142,-1.344208900375409,3.1737791303571914,2.63559049905,0.0256705035947,7.1470724682011011e-06,0,3.5735362341005505e-06,14,1,1,1,0,0
836,11,1.7839297670284162,-3.9188206902576912,-0.4392443214771698,3.9649883050300492,-0.99692766597759541,-2.2464551203737053,0.288550605115,0.0328058616376,4.1109819961540882e-07,0,2.0554909980770441e-07,13,1,1,1,0,0
837,12,1.7978489851413915,-4.2275781378307258,0.24297146521041185,-1.84931601014769,0.61498274478955428,3.7464401849413171,0.749694441438,0.0531613032549,1.4229284062858748e-06,0,7.1146420314293738e-07,10,1,1,1,0,0
838,0,-4.7428686576426395,2.0657872275616564,0.14740443695743144,-2.3196043453337372,-2.6873937758213557,3.2776009355003217,4.20811507661,0.0487379773201,1.8431817802754536e-05,0,9.2159089013772678e-06,7,1,1,1,0,0
839,3,-2.0815425503663825,-5.1803188042088086,-0.1835491432536317,-1.3868091962945741,5.0653583928300545,-2.4576112255663283,1.25091150646,0.000183035562586,1.5647898022818781e-06,0,7.8239490114093903e-07,20,1,1,1,0,0
840,10,4.2113539916216931,-4.9557747507058174,-0.36560983756577725,4.9699932741760309,1.2974361477699901,-2.4251092557683527,0.0218902610549,0.633949451707,0.00012242375502438083,0,6.1211877512190414e-05,15,1,1,1,0,0
841,1,-2.1853495754413155,-5.0815667945657017,-0.26849422654962452,-1.3090462951947646,5.4756771331164211,3.7605923660068772,1.02032975913,0.00551526333812,1.0503387095454799e-06,0,5.2516935477273997e-07,14,1,1,1,0,0
842,3,1.544549188217003,1.9898177403616095,0.13090703432376932,-1.5556882130442367,-3.8158292042896229,-2.2260311471272378,2.33427054405,0.00614227803722,5.4603114507192926e-06,0,2.7301557253596463e-06,47,1,1,1,0,0
843,6,-2.2198070882082948,1.3097958680798623,-0.36975188788733809,-1.4312257131087027,-0.7147294278910592,-2.2272628548952511,0.87927994229,0.0537381391478,1.6528036242336368e-06,0,8.2640181211681839e-07,10,1,1,1,0,0
844,11,-1.9589236762286464,1.1890376701384155,-0.19450235397722737,4.7608544780028872,3.8960063187210952,-2.565526540058463,0.744204028436,0.0854006090762,2.7754949067623499e-06,0,1.3877474533811749e-06,17,1,1,1,0,0
845,10,4.1190734335914581,1.1776829363289925,-0.21622314162772616,-1.3093680466071189,4.9456444281186416,3.3013338778323633,4.67061110352,0.00146254011725,2.1815259664128609e-05,0,1.0907629832064304e-05,12,1,1,1,0,0
846,6,1.4784805322347419,-4.1603865282746666,-0.17857284699532439,-1.4881802528717307,-4.1532035088687396,-2.5063718966459079,1.70055462201,0.00104981421711,2.8922217443156025e-06,0,1.4461108721578012e-06,9,1,1,1,0,0
847,7,-2.2910274327510103,0.96792264027649177,0.34146207653243038,4.7086600979215456,-0.1940896348197316,-2.4734862818710455,0.54620694842,0.0613631878105,1.4453608969205143e-06,0,7.2268044846025716e-07,16,1,1,1,0,0
848,3,1.4168062837760567,-4.3174515972830374,0.039290445072956967,5.0743105130147166,2.8048538590949703,4.3551298907178877,1.95591688234,0.000984544715006,3.8259061249068299e-06,0,1.912953062453415e-06,15,1,1,1,0,0
849,2,-2.0859360137407763,1.2051256146855129,-0.20019374039183616,-1.4841195457079501,-1.9414999909447355,3.3331456015050418,2.6700520405,0.0323493523115,7.4479541176777822e-06,0,3.7239770588388911e-06,14,1,1,1,0,0
850,8,-2.4628687163930594,-3.3726875243972358,0.695609802315582,4.0732787303426905,5.3022647289594849,-4.5233313030269509,1.99198028169,0.925824657924,0.00026507120196854152,0,0.00013253560098427076,12,1,1,1,0,0
851,8,-2.4695951223410555,3.5369234905489115,-0.29925796930771953,4.2693635821325762,-5.5835273638395577,4.5972020977961554,0.0455477653226,0.3476256142,3.6813130373707491e-05,0,1.8406565186853745e-05,21,1,1,1,0,0
852,4,-5.8558526204411336,0.033129340118286228,-0.43756778817797376,-1.0225163137210229,3.6978181348715959,-2.4349641365947954,0.019803432284,0.403972802622,4.9712135074726321e-05,0,2.4856067537363161e-05,19,1,1,1,0,0
853,8,-2.4045507449478638,3.2822425156272077,0.14706280794571785,3.9173718423197319,0.67770440533803189,-1.7300529716500925,0.736485054013,0.464861046611,6.6368953020587196e-05,0,3.3184476510293598e-05,13,1,1,1,0,0
854,0,0.40792099620210748,5.7877287645915256,0.75294244519818221,-1.2517066824635339,1.6256644778233147,1.8962532373951662,3.21682680901,0.328090325812,4.3137987413947228e-05,0,2.1568993706973614e-05,12,1,1,1,0,0
855,0,-5.8416100232108565,5.9488416986929469,0.26913060450790049,5.0296938044773292,-2.4981490135872235,5.4061222346323587,0.133844215454,0.731292603527,0.00016292392058529922,0,8.146196029264961e-05,16,1,1,1,0,0
856,8,0.3119783464875408,-0.30203794540589957,0.57882424885759509,-2.0518865362136869,-5.1424765739637355,2.3506447980520924,0.0663429666245,0.659055982959,0.00013231643638726405,0,6.6158218193632025e-05,11,1,1,1,0,0
857,11,-2.552087992544334,2.8975612832697522,0.68748612946354026,4.0889954753818696,-1.8298129478434877,1.8544034867496371,0.0100287625895,0.509786764887,7.9164851080859978e-05,0,3.9582425540429989e-05,14,1,1,1,0,0
858,5,0.40949162676345469,-0.31818144653977543,0.45310265876476308,3.9541013884774121,-2.9969031508914776,-4.7642779732665854,1.20536673872,0.288076030584,2.6732438300899878e-05,0,1.3366219150449939e-05,53,1,1,1,0,0
859,12,3.8315579156318118,3.2299794954076071,0.10100637196421944,-2.3578888690118616,-5.6917566510891762,-1.9631621607350469,2.42732343506,0.512804742938,8.5996747271113486e-05,0,4.2998373635556743e-05,21,1,1,1,0,0
860,11,-5.9389174037968901,6.0908690138936006,0.53053063332462302,-2.0329763261704961,-5.3847889861842111,2.3460112279788983,0.0497741632519,0.492053380027,7.3755389756905896e-05,0,3.6877694878452948e-05,15,1,1,1,0,0
861,11,0.35356831490550822,0.16517328177025145,-0.51664620520279658,5.9533172983376632,0.4402419819768506,-4.8955328075913984,0.790787494147,0.235751737629,1.7555640427968023e-05,0,8.7778202139840113e-06,28,1,1,1,0,0
862,9,0.36659808116489628,0.29755447991815037,-0.61922629932618756,5.1707697155443562,-5.2691987994850056,-4.1480658053790762,0.0508097788285,0.846284081766,0.00021816858677953553,0,0.00010908429338976776,11,1,1,1,0,0
863,11,-2.4935398853994388,-2.7961153064284017,-0.64709625266291493,4.6565730130263416,-2.0469224897814251,-4.4618258623036997,0.0270912563666,0.90497452719,0.00024947597174879095,0,0.00012473798587439548,10,1,1,1,0,0
864,0,-2.3890050802986007,3.489436310659078,-0.46172976859933063,-1.822082022540124,-5.9061374593657039,1.9971244441779143,0.0107896237408,0.961972806262,0.00028189054226616771,0,0.00014094527113308385,37,1,1,1,0,0
865,14,3.8067611911562302,2.9297555718080481,0.29252423816410594,6.2228625411443339,2.0334918101480084,4.1574463549853773,0.845553805552,0.601099375136,0.00011077946711043196,0.00071167481200988644,7.6739977915512577e-05,15,1,1,1,1,0
866,4,3.8858812343744096,2.7677660796326187,0.67702902287940314,-2.1120400039300957,-1.5793123126153528,-4.3583808127662973,0.0737236334951,0.650279675632,0.00012881707115109937,0,6.4408535575549686e-05,12,1,1,1,0,0
867,15,-5.7545132295209864,-0.18507019824148307,0.48908741684757362,4.3189549315467755,-3.6840594935815396,2.2700077386102651,0.0155568731559,0.53824994925,8.8251870951603243e-05,0,4.4125935475801621e-05,21,1,1,1,0,0
868,5,-5.8312830549497621,6.1184686126275185,0.46991693613675983,4.2076762068879994,-5.205746164303803,2.4363705957079715,0.115984184417,0.864229768188,0.00022753009894005622,0,0.00011376504947002811,15,1,1,1,0,0
869,15,-2.299205741275173,3.1624210111488269,-0.25249341752989557,-0.48204596842093772,5.7629504829136327,-4.5668497451892298,26.5458054722,0.000544489148904,0.00070467987847839056,0,0.00035233993923919528,60,1,0,0,0,2
870,6,3.9987418194480355,-3.4018505406144244,0.72123624409031983,-2.5423930208656804,5.0589837362803891,1.7403177484074812,0.0163746013613,0.798358928677,0.00019415639890128927,0,9.7078199450644634e-05,14,1,1,1,0,0
871,12,4.002758619483803,-3.4125671710251009,0.62642543016158969,-1.970012306984412,-0.80965065643872169,1.8783368837781005,0.0126534903785,0.510544189359,7.9400326156900918e-05,0,3.9700163078450459e-05,11,1,1,1,0,0
872,15,-5.6550364296301741,-6.1890434149536881,-0.44272651417085784,-1.2773295445730293,3.7973647415114469,3.6830808261508405,0.024904742886,0.890712002052,0.00024167429393003151,0,0.00012083714696501575,57,1,1,1,0,0
873,1,-2.2276105661327952,-3.2933512172765358,0.27004551783089892,-0.96842550876057765,4.9785496236418423,2.3439269963326161,58.0300449992,0.075320251684,0.0033692142599728771,0,0.0016846071299864386,60,0,0,0,0,3
874,7,0.7176639850490697,0.1103863543763673,-0.24019422901424775,-1.7074921331645472,-4.1101809424437121,2.4333548303959565,0.854638285936,0.0874926628714,3.0622426084203021e-06,0,1.531121304210151e-06,17,1,1,1,0,0
875,8,-5.6387192957453616,-6.2282402840338769,-0.4843705419288411,-6.2218975708723514,-5.0071519357678564,-4.6345360076916595,4.34245939788,0.113509526686,2.2781770158692155e-05,0.0016886420453353973,6.2050146439407994e-05,38,1,1,1,1,0
876,10,0.75430123688270501,0.1944351922299519,-0.31081825189621243,4.2197899604621103,-3.7866074083746053,2.3322904665366657,41.0869439105,0.000774393270327,0.0016881371425762997,0,0.00084406857128814983,60,0,0,0,0,3
877,15,4.1184751240530204,3.4346105155843292,-0.56448153989037508,4.8957806279647489,4.3596545119623391,2.1629687804561755,0.0145623342642,0.422246159718,5.4311006055294594e-05,0,2.7155503027647297e-05,16,1,1,1,0,0
878,14,0.75493465246447222,-6.2604731438291994,-0.087137098966374976,4.3878846003875296,1.9218201241851816,-3.7832058291553552,5.71403183763,0.0159265859999,3.2727427920873988e-05,0.0041329259410873443,0.00014035149219305732,60,1,1,0,1,1
879,8,4.0623952916324937,-3.2596740367410253,0.26869086242353113,-1.4149904713419246,-2.4930506623848299,-3.7408890293686938,1.12220976979,0.690626680465,0.00014655126690468168,0,7.3275633452340839e-05,19,1,1,1,0,0
880,10,0.68139372732914905,-0.15039538248387641,0.28911538678497989,-2.1028463684449226,0.9037569358427292,-3.5431064546585778,0.566099493593,0.327922537788,3.30769517562708e-05,0,1.65384758781354e-05,17,1,1,1,0,0
881,13,-2.1582934562985518,-3.1668399162786471,-0.041395702408725699,-1.1120097428943545,4.7142111016181412,-3.8582972643943445,11.9939994899,0.00438369071142,0.00014386187751838441,0,7.1930938759192205e-05,60,1,0,0,0,2
882,8,0.78792008484294207,-6.1318734122283844,-0.20476245381824631,4.5191150618028315,2.3084349832421487,2.5000552706543058,3.01108966936,0.792255215084,0.00020026536689250521,0,0.0001001326834462526,43,1,1,1,0,0
883,4,0.80373047610657034,-6.1822556442361325,-0.064860253396680251,-1.9510298643257868,1.7423719097663681,2.5999317159248032,8.1229209444,0.000386861468546,6.5981890258565113e-05,0,3.2990945129282557e-05,60,1,1,0,0,1
884,10,4.1992982888298247,-3.4916883924122999,0.61728557299854014,-2.0929240590099325,4.8143715855790754,-4.1141432020029916,0.0338751870021,0.727313459416,0.0001611391531999086,0,8.05695765999543e-05,45,1,1,1,0,0
885,15,-2.0719371858140407,-3.1744558059106716,-0.26291558096892192,-1.0664276650910454,4.966994323886829,2.3764924459262229,1.25694167369,0.00226035410796,1.5814587225802809e-06,0,7.9072936129014044e-07,8,1,1,1,0,0
886,7,-5.432053006918605,-0.015529668952355663,0.22551717302701657,-2.321754572317821,1.4087560220116584,-3.4392718693660886,37.0450123359,0.000116294405978,0.0013723329430883242,0,0.00068616647154416211,60,0,0,0,0,3
887,10,0.86361712860608297,-0.35048544340351939,0.71358086759391792,-1.2811951438584559,-5.1724081876840424,2.0666665020522044,0.014486592963,0.63472032503,0.00012272139656955327,0,6.1360698284776636e-05,32,1,1,1,0,0
888,7,0.81337117542905613,6.1917661502573491,0.34461194030029502,-2.1647927303703391,0.79144726646448582,-3.6786620247740229,0.756087831253,0.802618838023,0.00019680529652367477,0,9.8402648261837383e-05,31,1,1,1,0,0
889,14,0.81106374833289641,-6.2594759274578617,-0.10947708069068768,4.3701000733462267,-4.8439751641158013,2.4911358396349543,4.89066169317,0.00681773028009,2.3932730855253264e-05,0.0040057026152088586,0.00013213744388389237,59,1,1,1,1,0
890,12,-2.0916851271386143,3.217170271839116,-0.10654668813082724,5.6212333615011367,-2.3560757360991103,2.8320502143190307,68.0197820151,4.99564559298e-05,0.0046266907461445265,0,0.0023133453730722633,60,0,0,0,0,3
891,14,0.802648311613259,0.026024478668559892,-0.15490515571640218,4.1522265645512215,1.2480283158739149,-3.6026229112183663,46.6322280251,8.75050974949e-05,0.0021745646929191439,0,0.0010872823464595719,60,0,0,0,0,3
892,3,-2.0813773683841061,-3.0168759617493,-0.087577841968455361,-5.7707495458218281,1.7010476281026743,-1.735573055478868,63.5849553441,0.117623605406,0.00404726102332133,0,0.002023630511660665,60,0,0,0,0,3
893,10,-5.4052297384828814,-0.091883966930953048,-0.10086088219597268,-1.695304283493313,-3.8470505310937639,2.1736830295290277,1.49907778487,0.0471207037939,2.9235947604349123e-06,0,1.4617973802174562e-06,43,1,1,1,0,0
894,2,-2.0516592745162243,3.4766390795107398,-0.36929973389639542,5.993921050614138,2.1101775258726585,3.6470974390467807,0.0461410925879,0.975344389875,0.00028978366876649173,0,0.00014489183438324586,48,1,1,1,0,0
895,12,-2.014152672114546,-2.9393070960130223,-0.24075274285491477,-5.2020695662347665,-4.7910053992083634,-1.527954785717595,143.010054384,0.22615713887,0.020467455937663255,0,0.010233727968831628,60,0,0,0,0,3
896,15,0.85726649729023074,6.1759823756014569,-0.34647132222932941,-6.2831853071795862,1.6179767452071823,1.6040963946953091,4.95745528755,0.690014960491,0.00016961100552875704,0.0075689999999999993,0.0003118755027643785,43,1,1,1,1,0
897,10,0.82329945459239617,5.8916175499097267,0.49515142842884913,4.7182841271195386,0.6788882807751685,1.9632041803537679,0.510015698844,0.30503957659,2.8604505954270849e-05,0,1.4302252977135425e-05,12,1,1,1,0,0
898,15,0.84133812433146371,5.910708065241475,0.43759522803964584,4.4491520414082846,0.85075501381851193,-4.1977150400899852,0.191563873777,0.460220183832,6.455546359698248e-05,0,3.227773179849124e-05,12,1,1,1,0,0
899,3,0.96538645320286398,-0.31515325748529099,0.046436623454904069,-0.29738455649913559,2.3011912016658234,1.88349340330825,3.77297935421,0.216398797009,2.8500131573807413e-05,0,1.4250065786903707e-05,26,1,1,1,0,0
900,9,-4.8500644543396829,2.1823207729682967,-0.31764550401592795,-1.1923635882073222,4.3738616677194777,0.17120288746572823,25.9382870378,0.000452656704627,0.00067279479687339648,0,0.00033639739843669824,60,1,0,0,0,2
901,10,4.2040203488713273,1.092603429909818,0.016392395461141351,-1.832849303241318,-4.0521166889312088,1.2666944903747897,14.4280129279,0.000466041817994,0.00020816762321017218,0,0.00010408381160508609,60,1,0,0,0,2
902,14,1.441883583394463,1.9270388330050647,0.23541608177003798,5.0348927174860609,4.6656136498909584,0.414841431801378,53.6378205816,0.0018173067079,0.0028770168027759178,0,0.0014385084013879589,60,0,0,0,0,3
903,2,-4.8612240948373948,2.1183596493598396,-0.18730529191255868,-1.5264348291172958,-2.2040108477340157,0.0095348960664425886,0.0158560668004,0.720743834274,0.00015824037259715501,0,7.9120186298577505e-05,14,1,1,1,0,0
904,12,-4.905996362947354,1.8556503544141913,0.21470314011299693,-1.6267155560003501,4.1023090533036504,-6.0056811598620259,0.029880001913,0.811033004902,0.00020037047447978888,0,0.00010018523723989444,52,1,1,1,0,0
905,13,-4.7887416004748182,-4.3880655029017328,-0.057442001649944063,-0.91118034906790046,-1.256620344931821,0.44516203771285046,53.0234126905,0.000519902693843,0.0028114823756862166,0,0.0014057411878431083,60,0,0,0,0,3
906,4,4.2455021754444378,1.1521610297544853,-0.011379534137090141,-1.9763235162219661,3.0214403461285544,-5.1195082248471779,16.1199922837,0.00841079770272,0.00025987570032542495,0,0.00012993785016271247,60,1,0,0,0,2
907,2,4.1358455274422719,-5.0558543126152689,-0.023158705359152154,4.2648928130434332,-4.4122646544833097,-4.9135116098530069,53.7077898251,0.0100028077253,0.0028845571667474408,0,0.0014422785833737204,60,0,0,0,0,3
908,12,4.0122506244208429,1.1448524659444956,0.31049990559468083,3.8736636328106524,1.6543165672065592,1.0691798243695831,93.2509069116,0.00240342318029,0.0086957333994475139,0,0.0043478666997237569,60,0,0,0,0,3
909,2,-4.8410827083848726,-4.3968528770111828,-0.097045449123044469,5.3421858826031414,-1.8807580075175423,6.1568075531665158,64.3683214514,0.000462008559271,0.0041432808714858167,0,0.0020716404357429084,60,0,0,0,0,3
910,1,-2.3351093887199568,1.4695429804815452,-0.33017275181407119,-1.7057622139752879,-4.8109947165762224,1.8192282543493548,44.9866737833,0.235498405211,0.0020406947475321859,0,0.001020347373766093,60,0,0,0,0,3
911,11,-2.3945263072313114,1.4259266367037036,-0.24333855186688275,3.8688571896767727,0.84498534818546067,0.49233865995033232,106.489937233,0.31947284342,0.011371196868503268,0,0.0056855984342516338,60,0,0,0,0,3
912,6,3.6986808553944486,-4.8587239124692418,-0.20123411894175816,3.7020611864976898,-6.0939717073414661,0.49771088036459349,66.9389474756,0.632758228271,0.0046027863180455354,0,0.0023013931590227677,60,0,0,0,0,3
913,2,3.7518448208358923,1.2237756735506486,0.16787382401544759,3.7180286923181924,-5.8138913126587193,-5.8209917098789985,64.9137060382,0.0866756381405,0.0042160777206234432,0,0.0021080388603117216,60,0,0,0,0,3
914,3,3.8483732388273646,1.2500258436607519,0.027775399660425415,3.7365189776458467,-5.7467947467018776,0.88229408431792011,74.5619667118,0.0421717996712,0.0055600286300407174,0,0.0027800143150203587,60,0,0,0,0,3
915,10,-4.7251245156801254,1.8993590767753756,0.10334402017882932,-1.4352092112590016,-6.2831853071795862,1.6074128045897467,9.65232355027,5.77985489805,0.01026943700480544,0.0075689999999999993,0.0053617885024027203,60,1,0,0,1,2
916,13,-2.318181065115767,-4.981891491087608,-0.041350150703218014,-2.2913856052266572,-4.3645282976948039,0.99692803990417078,98.7120827075,0.910224791405,0.0099964535983512286,0,0.0049982267991756143,60,0,0,0,0,3
917,2,-4.921886992660335,1.9471449139190729,-0.074515263710357382,5.1521489778857816,4.0779220448940938,0.89357979985106362,59.9582844987,0.092456779097,0.003597599827718052,0,0.001798799913859026,60,0,0,0,0,3
918,7,-2.2989966502496153,1.2137699400365072,0.06347875449268453,-2.3480589238242602,-5.4841016410265739,0.40171761446645499,76.3504044852,0.131268023748,0.0058346332173852735,0,0.0029173166086926368,60,0,0,0,0,3
919,11,-4.8145411693154658,-4.3402583160667509,-0.079074668128028436,-1.4053151702805919,4.1434736625932027,6.2451844194493216,27.4131147529,0.0247068057794,0.00075166480692719279,0.0024009130032221272,0.0004478597935602602,60,1,0,0,1,2
920,15,-2.4192929011632605,-4.8442210661039153,-0.34870984112380121,-1.7851570358140048,-6.1810235388238608,-0.015238993188303138,31.0947095788,0.326267699137,0.00099930767439697235,0,0.00049965383719848618,60,0,0,0,0,3
921,8,4.0517250774668705,1.0147065924634397,0.25936709010905384,4.8418315338338571,-6.2831853071795862,5.9331853071795866,24.9079874549,4.4527168643,0.0066599622201915214,0.0075689999999999993,0.0035570511100957605,60,1,0,0,1,2
922,13,-4.7494225417053579,2.026612327106954,-0.25036337046748292,5.2591094739753164,4.2849002047917102,-6.1150081080255996,68.5085809157,0.00110695235357,0.0046934260323501873,0,0.0023467130161750937,60,0,0,0,0,3
923,14,-2.1990727587059067,-5.1061573609504123,0.14544646433626934,-2.4167938414501586,1.2432117545263144,-5.4697782439469593,94.9507305006,0.0222475064343,0.0090157919934511759,0,0.004507895996725588,60,0,0,0,0,3
924,3,-2.2132576031291671,1.172032003387435,0.2412624160973702,3.6816482662658583,1.7270647992296968,-5.7776517034242829,128.797819466,0.0145405889201,0.016588942704179838,0,0.0082944713520899192,60,0,0,0,0,3
925,4,3.770273401335829,1.1243159080637073,0.32544696387160293,-1.8689098164595983,-6.2831853071795862,-0.51069405687954705,4.65337141484,0.924956464344,0.00028226761172629288,0.0075689999999999993,0.00036820380586314639,23,1,1,1,1,0
926,5,1.5199977076081148,-4.4155927155673362,0.040832126206796215,4.8168491193448872,-2.24177261320055,6.2235617295722134,12.6913648843,0.169566738827,0.0001698293704128403,0.00074946850301953953,0.00010739874029700633,60,1,0,0,1,2
927,11,-4.4778768458225846,-4.1082988048064113,-0.2248210207526472,3.9909928639577328,-5.8081453530920246,-4.1461106426514389,61.1974365772,0.187685208807,0.0037558566169232986,0,0.0018779283084616493,60,0,0,0,0,3
928,15,4.3024921488352188,1.2118159366662415,0.015911474011146509,4.5141177345234151,2.6020447661362267,1.3095881155331763,15.7586257353,0.00662219783673,0.00024834764360783462,0,0.00012417382180391731,60,1,0,0,0,2
929,8,-2.4838477272311286,-4.9475743504770788,-0.009665051055246697,4.0840916748555438,6.2831853071795862,-0.23315247510631959,1.19973525442,0.871294545262,0.00023269095361491197,0.0075689999999999993,0.00034341547680745595,23,1,1,1,1,0
930,0,4.1696237004337906,1.2757933536905446,0.025078105802540107,4.5997046894108511,-3.9270400947873387,1.5631504409761789,13.3195652013,0.00078432314744,0.00017741100454086864,0,8.8705502270434322e-05,60,1,0,0,0,2
931,5,1.4912199612138277,2.0093724910188056,-0.34748276886761953,5.0231035722423965,-2.1681821158866224,-0.85541017951411369,33.3962726068,0.00879987761932,0.0011153346129478608,0,0.00055766730647393041,60,0,0,0,0,3
932,5,-4.8632474598117987,1.7671397140995819,0.12432745914775922,4.6408168904453797,-2.276642048471972,5.4794709949455616,4.09206458038,0.680529155888,0.00015781939127168648,0,7.890969563584324e-05,16,1,1,1,0,0
933,4,3.7575303971375273,1.2050701387613527,0.26039440458294416,-2.506094061346074,6.2831446005925127,-6.1467441083914158,25.7113834143,0.694042511144,0.00080780792731956457,0.0075619187108754314,0.00063076152498604517,60,1,0,0,1,2
934,12,-4.8290090022948782,-4.5568180228529522,0.26372193056802745,4.8487370174277595,-2.2004011964192056,5.9854187707791473,44.1359798757,0.000333499951288,0.0019479847534697376,0,0.0009739923767348688,60,0,0,0,0,3
935,11,-2.1719429669300743,1.1290055839032895,0.31744638133188108,-2.5621943546940598,-4.8460694050971114,0.59001675537795517,120.415198777,0.0125071704184,0.014499867747683677,0,0.0072499338738418384,60,0,0,0,0,3
936,4,1.4436545663242963,-4.5068057674300839,0.26666671816365545,-1.5134148188903542,4.0760213246934516,-0.63446036564334929,43.9674856792,0.006885324319,0.0019331542381615071,0,0.00096657711908075354,60,0,0,0,0,3
937,15,3.8592001949329036,1.3426506227724926,-0.13503021118206096,-2.1687685337541067,-6.1374177866548232,6.1361489147321722,33.3791983425,0.313621663888,0.0011441326091131735,0,0.00057206630455658674,60,0,0,0,0,3
938,15,-4.8595470197629185,-4.2935134329808378,-0.094296277498859438,4.7393275525159311,3.8941289294200274,5.7128172427332338,22.0713597236,0.00367286831563,0.00048714902932434632,0,0.00024357451466217316,60,1,0,0,0,2
939,0,-4.7594888553448822,-4.1692760110530074,-0.33442681837798133,-0.84025834824905499,-1.9016407486274247,-5.7070178004025358,93.5495261762,0.0340882171684,0.0087518678152354815,0,0.0043759339076177408,60,0,0,0,0,3
940,5,-4.6621011369436918,-4.3326118850434687,0.070686925567240211,-0.81393240989172055,4.9809934240036071,-5.7143526942746785,107.645460365,0.235161419243,0.011604390752468796,0,0.0058021953762343982,60,0,0,0,0,3
941,13,4.1716538062092017,-5.1733660371183294,0.073581956143195237,-2.4991963358885796,0.76785821622391071,0.45590316458502755,96.0688378234,0.0679216537255,0.0092306269078362788,0,0.0046153134539181394,60,0,0,0,0,3
942,8,-2.0074971504948693,-5.1107158648681699,-0.0025930291927674931,3.5802147723587976,-4.3913445721936828,-6.0189122572756464,160.901077309,0.308641918125,0.025918174483791575,0,0.012959087241895787,60,0,0,0,0,3
943,2,4.3964597617204442,1.2449903968994389,-0.2042113943246554,4.1586112500501313,2.133910866114852,1.0614974947466087,93.6334132385,0.0116709969823,0.0087672575672847562,0,0.0043836287836423781,60,0,0,0,0,3
944,10,-4.7066426083324169,-4.1298482148673976,-0.18557168123755158,-1.3967561529566144,3.7454812232915216,6.038613249554257,34.2281901825,0.0177343317266,0.0011716648073340412,0,0.0005858324036670206,60,0,0,0,0,3
945,5,-1.9712139682868932,1.0058543797157615,0.26687655322170278,-2.5400305307495747,-5.1047065204976141,-4.9638372793031946,119.028529124,0.609505526192,0.014280955198835515,0,0.0071404775994177577,60,0,0,0,0,3
946,2,-4.689437352763524,1.9269879361965248,0.21514062564178396,5.2731106881500418,-1.9083879657601039,-5.6604820444894859,104.094297912,0.0679897651646,0.010837030984731313,0,0.0054185154923656565,60,0,0,0,0,3
947,0,1.7816540165933439,-4.2215138395932748,-0.022228272900924856,4.7172245746615928,-6.2831853071795862,-4.4952891008553557,9.88269621222,5.04724473532,0.0078576987986858637,0.0075689999999999993,0.0041559193993429321,60,1,0,0,1,2
948,1,-4.4897113272592799,-4.2656325504778838,0.1205165037195037,-1.5896952461684408,-6.2831853071795862,-4.618079205312025,20.2203353225,9.84859285898,0.029955161973517698,0.0075689999999999993,0.015204650986758848,60,1,0,0,1,2
949,2,-4.6995528729317666,-4.337784117298221,0.15728912072957729,-1.0881669669337328,-2.0523555006957346,-0.25376219852782067,81.5966456821,1.0220546744,0.0069762146509322409,0,0.0034881073254661205,60,0,0,0,0,3
950,9,-4.6702689038542697,4.4648990483847468,0.38124920586529248,6.2339364364818763,-3.5108650418326608,2.0769061307866807,0.662259337455,0.556896883949,9.491084874740768e-05,0.0014251477635982266,9.0209857281650646e-05,52,1,1,1,1,0
951,0,1.3072651270902034,-1.9349991896255421,1.0402102867807945,-3.2054072939216067,-1.6348190388291202,5.9806081648815352,55.4483207038,2.54187657224,0.0050426910009916783,0,0.0025213455004958391,60,0,0,0,0,3
952,1,0.93307583293046747,4.2130009394675048,1.1229986342526197,-2.7158965684662486,-1.5915808679066044,0.40520268003317844,17.0750281909,1.12349314652,0.0006760559202151756,0,0.0003380279601075878,60,1,0,0,0,2
953,6,-6.1102324064459363,4.3428617894316943,0.90018103303605401,2.6869792723518118,-1.1786795760307698,-5.9391121741741379,0.623993998809,0.303023128202,2.8360258790140213e-05,0,1.4180129395070106e-05,17,1,1,1,0,0
954,12,0.69959032951410338,4.6329931036868413,0.025573943832576655,0.8494864814296762,-5.2346368379957022,3.6323700379862816,34.3145254277,0.0415162120196,0.0011780116926523357,0,0.00058900584632616787,60,0,0,0,0,3
955,15,0.80195610181645083,-1.6792793652111331,0.10117225905439746,-5.606208445785998,-5.5160981370851356,-2.346986628036003,90.9157853525,1.63658881598,0.0090815743151883687,0,0.0045407871575941844,60,0,0,0,0,3
956,14,0.81899735443882449,4.8455040159167204,-0.43340182114857873,0.78042380223713415,-5.288888918418956,-2.7987975668355478,85.6829325057,0.641289828603,0.0074668396421600364,0,0.0037334198210800182,60,0,0,0,0,3
957,6,1.9528589836211634,5.1526464334755895,-0.9232712617374188,5.3408773563329568,3.4800463016102885,1.1124390520918184,4.08127512573,3.96715212472,0.0048108159201205401,0,0.00240540796006027,60,1,1,0,0,1
958,3,-4.9718200048329964,4.7285882265812935,-0.19758527063152678,0.83326863001075291,2.3600388166384292,2.8705379492958292,4.21195066675,0.471955754406,8.5591693053357949e-05,0,4.2795846526678975e-05,15,1,1,1,0,0
959,9,1.1815701257980398,-1.0316157814524103,-1.1038532363262441,-1.631263267017683,-1.2977868118629665,0.49180293005166031,92.8706846991,2.48208049748,0.010501627802297275,0,0.0052508139011486375,60,0,0,0,0,3
960,12,1.417216784036224,4.5559850649710114,0.32247751814019482,1.3073712126099473,-4.0931107187652866,3.8186591334626598,90.9604429826,1.93633581347,0.0094159336393929774,0,0.0047079668196964887,60,0,0,0,0,3
961,15,1.5021233752172409,-1.5777375991255729,-0.18201067931842305,1.1629217715609599,-4.499322102499395,3.3756221259440355,60.7627162189,4.0542406411,0.0086990637508301827,0,0.0043495318754150913,60,0,0,0,0,3
962,15,1.516678202713361,4.6905557429511093,0.0051908308590974672,-5.0973690745690643,-4.4062308415138389,-2.7774633056120428,70.172555437,5.32494187762,0.013561616302322202,0,0.0067808081511611011,60,0,0,0,0,3
963,4,-4.9748374857646951,-1.0586142249250179,-1.1253234948346054,5.2110450275051541,4.6412376605806864,-5.2678538742487087,59.4186031353,3.35500385089,0.0069593595622694385,0,0.0034796797811347193,60,0,0,0,0,3
964,13,1.4291541362907978,-2.0402070943354578,1.0799271436406332,3.9419531286225382,3.7741548527706712,0.63293971557259265,0.207221589092,0.903188464665,0.0002485344190312483,0,0.00012426720951562415,25,1,1,1,0,0
965,10,0.96480869662727442,-1.9109835924548857,0.48881566510774799,-5.8217096284803329,-4.0630673918436138,2.7877685920365711,0.0714667464822,0.659142975688,0.00013235207410787977,0,6.6176037053939884e-05,22,1,1,1,0,0
966,15,-0.061692639378996467,-1.3862780651389235,-0.31256612244194348,-4.4615689302475561,4.8564036933408046,1.7413932824951346,69.4035805743,1.99804785979,0.0060329492128761352,0,0.0030164746064380676,60,0,0,0,0,3
967,0,-5.0306509343957204,4.5869460392014609,0.22524513435603788,-5.0779501656244577,-4.0085180886768441,-2.5423294140204087,40.946459143,0.093297660671,0.001679264044511987,0,0.00083963202225599348,60,0,0,0,0,3
968,9,0.89815630513288525,-1.8874673309462291,0.44470898770416861,-5.7044243995624635,-4.0687246804383177,-3.20496495789012,0.0117839783274,0.564549076198,9.7086480685246556e-05,0,4.8543240342623278e-05,31,1,1,1,0,0
969,2,-4.35385690008252,4.9132322195628966,-0.53203934408618736,1.0399652904910066,1.6158272688425055,2.7830433978586617,89.2335808071,1.89207189691,0.0090531428301934905,0,0.0045265714150967452,60,0,0,0,0,3
970,14,-4.0119133568747367,5.1861548128585753,-1.0585315445843635,0.23454499794683176,2.3122385110810626,1.695606431663405,1.33384857189,0.664877547808,0.00013643898462130849,0,6.8219492310654244e-05,6,1,1,1,0,0
971,0,-4.2999585771205213,4.8518442915371356,-0.46173332914274523,0.88808958243576686,2.373082023008902,2.8003255386555272,4.54930601421,0.806594592694,0.00021887870577324298,0,0.00010943935288662149,35,1,1,1,0,0
972,10,-4.5427546754753649,-1.4409008679102584,-0.44952886612250431,0.86574534654206659,2.4758789362790612,-3.4786088104081365,1.02760028093,0.656550004858,0.00013236371031869536,0,6.6181855159347681e-05,17,1,1,1,0,0
973,8,1.8367178769384274,-1.6797654987051232,0.12328284985376022,0.93265774642357968,-4.2826432987814744,-2.8697408898551351,59.7764931316,2.55072054607,0.0055551234649378342,0,0.0027775617324689171,60,0,0,0,0,3
974,11,0.030447221921231671,4.7212298006942675,0.16398724993942199,1.8804559573569384,5.2677578658763577,-4.3352314042493205,71.9167395157,1.96059982791,0.0063429520666929444,0,0.0031714760333464722,60,0,0,0,0,3
975,9,-0.047659715277928477,5.2510882497705591,-1.00536511483583,5.0324610528904463,-4.525868815410333,5.2818007005125081,0.0875570833828,1.70027028429,0.00088063196490531525,0,0.00044031598245265763,60,1,1,0,0,1
976,2,0.47985464497819696,-2.147534060098649,1.1882272344997136,3.6688996926386666,5.0011942855734119,0.77533401360738319,36.2584150393,1.63137953835,0.0021253812179308465,0,0.0010626906089654233,60,0,0,0,0,3
977,15,5.8590907710615729,-2.0507369928011148,1.0488587646161849,4.0218884527100798,-4.4051734963588602,-1.6488562243962326,80.4969602902,8.34360932979,0.027685951059672753,0,0.013842975529836377,60,0,0,0,0,3
978,15,-4.8143577966490447,-2.0341527863081921,0.75099425826513999,6.0987503095271407,-3.8867806673997243,2.2286058746038875,0.774208442067,0.1490582678,7.3675003999394811e-06,0,3.6837501999697406e-06,35,1,1,1,0,0
979,15,1.518649249805375,4.8759642543292792,-0.42445099521631535,1.0392563157277404,1.4142751072914612,-3.1052753649340064,107.561077017,2.15455141269,0.012983447312588386,0,0.0064917236562941931,60,0,0,0,0,3
980,5,-5.6936250683197036,4.1914792026458176,0.79458836045156545,6.2831853071795862,1.9114423289919089,-3.3591135164840376,24.2256956089,9.53706324807,0.02829353702058636,0.0075689999999999993,0.014373838510293179,60,1,0,0,1,2
981,15,5.8802564953418193,4.1144972835970766,1.141870891291042,-1.8460649631547823,1.5465847766605125,-1.0486601477941628,48.9128659213,2.2862964553,0.0039847498497634967,0,0.0019923749248817483,60,0,0,0,0,3
982,2,0.94017748241863619,4.1193049840954163,1.1777206915054879,3.8639565589280798,-1.6175718374912265,0.85177968477475563,47.92470106,3.46676782499,0.0059578150808525807,0,0.0029789075404262903,60,0,0,0,0,3
983,7,-5.3008008255512848,4.2594740028145797,1.1743944813965279,-3.003961212699672,-1.447904846322444,0.40108939185952047,40.9584798231,0.969849443152,0.001964122633858614,0,0.00098206131692930702,60,0,0,0,0,3
984,1,0.70743901785815544,4.7128840199740871,-0.077021015222482225,-4.8661602661883183,1.5269218257426165,4.0158562547625127,49.0528466811,3.16736400468,0.0054621630434507568,0,0.0027310815217253784,60,0,0,0,0,3
985,12,0.42555717481779981,-1.9981131703755293,1.0914592566161407,-3.2719601833028742,5.1369764531708766,0.41083668400727175,1.69129677642,0.105495518001,6.2506647513933933e-06,0,3.1253323756966967e-06,37,1,1,1,0,0
986,2,-0.10344110746091073,4.1387226860763002,1.142690014913067,-1.799962135405403,-4.9868466730064052,-1.1982113288621461,10.4361925345,1.48455364392,0.00078026030038026283,0,0.00039013015019013142,60,1,0,0,0,2
987,11,-6.1608842827601977,4.1089360730735516,1.1339276677189152,3.7599927698071087,4.9383663162163547,0.54651655480523409,2.96086859698,0.724836076882,0.00016880887824516859,0,8.4404439122584297e-05,36,1,1,1,0,0
988,10,0.84324727305184988,-1.3997731295716984,-0.49777401783125758,-5.361566973111997,0.98558531408951799,-2.6787320005684343,87.0381443217,1.02666688839,0.0078967190046609938,0,0.0039483595023304969,60,0,0,0,0,3
989,0,-4.2751755638945763,5.2904610019333962,-1.1241913450653773,-1.793799755965876,-1.6916403268431996,-0.2393537319578099,71.584936982,1.63092235072,0.0059346574274577032,0,0.0029673287137288516,60,0,0,0,0,3
990,9,1.7920408335974902,-2.0564423345636649,1.0718052672367491,3.5817776713225369,3.8466281177769415,-6.070915047380149,4.82843146599,0.0849202862245,2.5510485240588377e-05,0,1.2755242620294188e-05,26,1,1,1,0,0
991,2,2.5413778276044434,4.7709185011580679,-0.26227177406730828,-5.4153557162775616,2.2791214312471197,-3.4804121038822595,4.2271849628,0.250368971389,3.6963920473270594e-05,0,1.8481960236635297e-05,18,1,1,1,0,0
992,4,3.2222200358126862,-0.93426853024400447,-1.0845377061776769,-1.5811516293348191,-2.0601205020800561,-1.7132286783610406,109.545152562,2.70932221692,0.014236162344704683,0,0.0071180811723523417,60,0,0,0,0,3
993,7,2.3948928333019848,-2.029137858435567,1.1178845722235136,3.5238592732516181,-2.2495357798628186,0.022391024738492971,45.7474632866,6.49111331538,0.014927748933528369,0,0.0074638744667641843,60,0,0,0,0,3
994,14,-3.9698291260859171,5.286809630801117,-1.0095714779752065,3.8971127923554656,4.3585324907233476,-1.5293533670254811,4.09183857721,0.0689296156997,1.819046922738757e-05,0,9.0952346136937851e-06,6,1,1,1,0,0
995,8,-2.9364673961795558,4.5118425363174488,0.86433326409916356,-3.6123902006011983,-2.2551150767717187,-1.9105652311716628,0.133829073436,0.0149126172424,8.5652917025746714e-08,0,4.2826458512873357e-08,45,1,1,1,0,0
996,3,1.9096222134377168,4.6613164747223124,-0.33954363124550169,-5.1757150815930579,1.676341649510863,2.7375302703429214,0.169171518388,0.0137753529146,8.6423310195678486e-08,0,4.3211655097839243e-08,11,1,1,1,0,0
997,5,-4.4464890370507968,5.1558111596141281,-1.091331402010884,-1.7686069052225999,-1.7236212394283568,5.7266426589957407,0.328180640406,0.0331017155567,4.4147902028166773e-07,0,2.2073951014083386e-07,9,1,1,1,0,0
998,4,-2.9007130272328663,5.2280414931132633,-0.53517437044716265,-3.4407178492201611,-2.0453938411390591,3.6871638701683098,0.250672665766,0.0267666377836,2.8108081862131331e-07,0,1.4054040931065665e-07,31,1,1,1,0,0
999,3,2.2289000450361827,-1.7123844561932788,0.013007655351116254,-5.3735545572869636,-4.6563126025878461,2.1589143403888498,4.50433805145,9.01449516692e-05,2.0289063757115813e-05,0,1.0144531878557907e-05,25,1,1,1,0,0
